sampleTs,mint,symbol,rejectReason,rejectTs,ageMin,priceUsd,liquidity,volume24h,dexId,pairAddress
2026-04-11T20:26:53.379Z,EamB9vqC1b4aoyPR6t3hn6CWf48yny84xzCuFJMbpump,Peepa,filter_2,2026-04-11T20:21:42.531Z,5,0.0002317,32768,4194304,pumpswap,BoB3Dvi5eLGFr86BexBPNY2ZXwMNjWhx3FVCep3X2Vj6
2026-04-11T20:26:53.542Z,AQGaTfXDcvinz6DuxfZEKKFp7hmiWDLis4FtK3chpump,Ivunka,filter_3,2026-04-11T20:00:43.133Z,26,0.0001058,32768,524288,pumpswap,AHBtpXJ7csokwSXddEDxPFYHcA515g234kXTBMhAVRxe
2026-04-11T20:26:53.705Z,6TRyMNFbS6y444mDECfaENQrVnvZP4XzMr2fa6f8pump,Trump,filter_6,2026-04-11T19:53:33.056Z,33,0.0001544,32768,524288,pumpswap,BJLaR38FZ2accuRrABzAWdiMeZ8mF3Ky5tL6q853bgBh
2026-04-11T20:26:53.869Z,EgiJdQ8dbQHWu1uKS6cQBPaF2sK3a7WFpkjHEgdDpump,Dodger,filter_3,2026-04-11T19:29:11.694Z,58,4.133e-05,16384,1048576,pumpswap,7yrRRCzf429YQ1xQgdZZMy5KQ5jtkkDC7gUZWyPerhXr
2026-04-11T20:26:54.032Z,7bfbBZXpMYbNjhZ6eQ8Ch8VFAbgcz4WsrY7JtQKcpump,BOATGUY,filter_1,2026-04-11T19:27:26.855Z,59,1.229e-05,8192,262144,pumpswap,6gALa6BfE8ce8pLYaEFsTkCtxozfbuBR5bMVK3nKeFD4
2026-04-11T20:26:54.195Z,4juv1Wq63My7Bc7rznMZTyuD4aQfRSZGW9uKqFXSpump,Asset,filter_1,2026-04-11T19:27:24.857Z,59,6.019e-06,8192,32768,pumpswap,6g8ZTMKCKvSsVX92g4SKoBESXgrDL2cR1WLg8i7GZPV9
2026-04-11T20:26:54.357Z,Aq6XmZSohMJeRGU9WswbyQo9paEcKrTEs3xdfDFtpump,Lia,filter_1,2026-04-11T19:25:27.104Z,61,2.342e-06,4096,524288,pumpswap,BsFk4E3Hm12Mg27XmBoDPuk27WAC78BPfN98AHHpDPcM
2026-04-11T20:26:54.519Z,AUZnnRTdybeMiHrxfueNyBgLHnu4H39kngUh84WMpump,MELANIA,filter_3,2026-04-11T19:24:02.559Z,63,0.0004944,65536,262144,pumpswap,DM9Xj9x8A8SEinJdoz4SJH2vdhBdPGSZmhL7DxBgwbBy
2026-04-11T20:26:54.681Z,56MEDV2H1M7DkaikaSg5vpibaSyWhgspCxgPwQJhpump,DNIGGA,filter_1,2026-04-11T19:22:24.852Z,64,2.623e-06,4096,65536,pumpswap,CAhVRREzXYHDvtu6iwACsei9vhv6mexsGm9hpkeVP1Kj
2026-04-11T20:26:54.842Z,A2Px3FMumMJ7W67VEp9ahFXueEyf9aHpei4TTJ5mpump,BABY,filter_3,2026-04-11T19:14:43.120Z,72,3.07e-05,16384,1048576,pumpswap,53UgNjZDC6mXsEDTowHLmKi2Y6jzjH2Ee3ybac7jEQRQ
2026-04-11T20:26:55.007Z,wutj1cNsMWyeu9ub61knDRCwU37aVvYuCBn8ZLPj7JL,ZHONEY,filter_1,2026-04-11T19:04:35.959Z,82,1.794e-05,8192,65536,pumpswap,CtYpMFyZqcJL7mPbDQU9o88g9QpkbzEFSC81J9FzFbF8
2026-04-11T20:26:55.170Z,4oFZFm3s8VKeCnwM2G5X5mZrsPivDyzCLvDYZmVipump,ClawFC,filter_1,2026-04-11T19:00:33.206Z,86,1.365e-05,8192,65536,pumpswap,BnbuPvQe2TNdhS7CSdsCGS1WY7FYu2kZti9adrqkqpZh
2026-04-11T20:26:55.351Z,5rniCpoweGXgsLZZDohw3fZA5yuXgt87df6GHAxWpump,MOTHER,filter_1,2026-04-11T18:17:31.505Z,129,9.476e-06,8192,131072,pumpswap,7dzsEYbuQoK1LLAiae7riygcwphP7BTbK6r7Vv94p28M
2026-04-11T20:26:55.535Z,3i8RByhvAaSWh2VSoVieAPzzmc4DpZC9WHVSsDzBpump,FOOLHOUSE,filter_2,2026-04-11T13:59:09.655Z,388,1.763e-06,4096,524288,pumpswap,G8AJyLtb85QyMbaXZe4k5DdTfLPTD8dEX9xDn2fKqQZD
2026-04-11T20:26:55.721Z,AutFvM5QZqtvjK2SrR8iLwvDEQ7ePnL14Rv7GPFvpump,TripleC,filter_2,2026-04-11T13:57:07.657Z,390,2.595e-05,16384,524288,pumpswap,Cvk9vLXa9wiqWTxb7q5EP3jdPow5ZBrdn1MLRmergW3v
2026-04-11T20:26:55.917Z,Dj2JhqEaKgPDo9se3A1dtSBVV1FFCxAfFa9SBBWmpump,GoldDancer,filter_2,2026-04-11T13:01:12.368Z,446,3.315e-05,16384,524288,pumpswap,9hovxHG2vADjGPe7S6agGTx5o72kgojobbpC5UVzLdt5
2026-04-11T20:26:56.079Z,ACtfUWtgvaXrQGNMiohTusi5jcx5RJf5zwu9aAxkpump,unc,filter_2,2026-04-11T11:21:14.804Z,546,0.0005686,65536,2097152,pumpswap,BWFZkx1pMpvwxammwTrizvoWzZZGiFEYUYW6Ee51SHLy
2026-04-11T20:26:56.241Z,51bywes8qqftjWhEZJZ3GvCM2ogximFejkKqa9kMpump,Marina,filter_2,2026-04-11T10:45:10.038Z,582,5.037e-05,16384,524288,pumpswap,ChmxH4uiGja7C2ht4KurCwXP8LLgtUgibFL1RwLNqeSG
2026-04-11T20:26:56.404Z,22a4gJyiBTjWsTaFAHiHoQTmXsptDy3iBHeqKQADpump,WLFI,filter_2,2026-04-11T08:08:14.642Z,739,3.482e-05,16384,1048576,pumpswap,8JUXPRDDfRbDTN9fsQg1fLKw3u7DM9Cesodu1pcp6WA5
2026-04-11T20:26:56.565Z,J1iyLMzrc4G4WgDVmm33bes1Xwzd1mTcmvP8gubMpump,5,filter_2,2026-04-11T07:45:06.637Z,762,1.956e-06,4096,524288,pumpswap,1HojmJ4JLUiwXz5PxPMAyvaWvk5WZSHGFm1SyQZHTQ2
2026-04-11T20:26:56.728Z,EQUU2gdzvmabX36rCxKSRSNJKtAedRHEiP8pikC8pump,emi,filter_2,2026-04-11T06:50:09.612Z,817,5.983e-05,16384,2097152,pumpswap,A1eSqj58a8SWLfY9ecCZcfaWSgjYvEHXimiyoKHWG2qn
2026-04-11T20:26:56.922Z,5NmLAtsnwiZZbidywsSZYbZS3GtsoAEfa9HNHjGspump,PND,filter_2,2026-04-11T06:08:08.609Z,859,9.831e-06,8192,1048576,pumpswap,G2GWEuB5ZA6p2qFxx4i4VViApW5P7aLrYJUv2vdgR5jm
2026-04-11T20:26:57.107Z,3DiHoTLRFzuMHmTBfo84Q22yX16Bv6XviFzgLaxnUJSe,SDR,filter_2,2026-04-11T05:05:14.827Z,922,0.3448,262144,8388608,raydium,8jJMsUjNZDd32et5q7SXPx6QNQkRbbLK1exbNZfoTKcP
2026-04-11T20:26:57.289Z,8Ct8WT6TYTB9zTYxexAWthmWvYbLML9xmXcRFq2Rpump,METHANE,filter_2,2026-04-11T04:31:08.309Z,956,1.736e-05,8192,131072,pumpswap,GBGkD83YH6d83NGuhhCKcnacPLoFUuexcCimVtPnhi4d
2026-04-11T20:26:57.489Z,BJMoyvAgJzpR1QEEdg8wkBe9PtCuzwCNW2aTzcn6pump,StepSis,filter_2,2026-04-11T02:26:13.472Z,1081,1.647e-06,4096,262144,pumpswap,BdkQUvcHsvnyNJQynnVWQfFusekQt3nVfGCP3WjQdBzB
2026-04-11T20:26:57.651Z,GBjRHbuTzJF2qMkemwY9uWhvs8r9uYqL4bxKheEtpump,TRUE,filter_2,2026-04-11T02:12:09.698Z,1095,4.473e-05,16384,2097152,pumpswap,8ShofcR7qcK368us7RzNYRwbSyyEouzhiSuLuj2kkoG5
2026-04-11T20:26:57.845Z,FFvp48WygUSxCCNP3n9Zu5G7F2yatwXQHbpD2Mkkpump,Skibidi,filter_2,2026-04-11T01:10:07.912Z,1157,0.0001585,32768,1048576,pumpswap,DyBES1yrnSRHS4TKaABfG82LJ2Qifx6jmVUcLYh9XiGa
2026-04-11T20:26:58.008Z,AzB5QtBBZQEUVkWgLVADoXGcDZXqd2HNfaGFQpBBpump,Bro,filter_2,2026-04-11T01:07:09.930Z,1160,4.526e-06,4096,524288,pumpswap,hVcUcM5zBRPai8gd4EeDypNnNPwuihecYaYR9HMBCCj
2026-04-11T20:26:58.198Z,578sfyEs3dVmBDq9D4azot7YZmhUiVPY61q4AJTupump,BOATGUY,filter_2,2026-04-10T23:42:10.113Z,1245,9.253e-05,32768,1048576,pumpswap,EQjeB8b8QWTBzXW6ESCHsEdC1DtZQodGbs5TzymmHo7d
2026-04-11T20:26:58.379Z,76ZufhNoWy3HeoG8TEHV8kYiH3stF6Q7dtNtPuqwWyty,PXLPEPE,filter_2,2026-04-10T21:54:14.836Z,1353,4.969e-10,128,256,meteora,BpLArGNiMkGQcPp8hM4Ebj5jNYZjmWyKBaeK4UCH2N9i
2026-04-11T20:31:58.567Z,EamB9vqC1b4aoyPR6t3hn6CWf48yny84xzCuFJMbpump,Peepa,filter_2,2026-04-11T20:21:42.531Z,10,0.0002372,32768,2097152,pumpswap,BoB3Dvi5eLGFr86BexBPNY2ZXwMNjWhx3FVCep3X2Vj6
2026-04-11T20:31:58.729Z,AQGaTfXDcvinz6DuxfZEKKFp7hmiWDLis4FtK3chpump,Ivunka,filter_3,2026-04-11T20:00:43.133Z,31,0.0001148,32768,524288,pumpswap,AHBtpXJ7csokwSXddEDxPFYHcA515g234kXTBMhAVRxe
2026-04-11T20:31:58.889Z,6TRyMNFbS6y444mDECfaENQrVnvZP4XzMr2fa6f8pump,Trump,filter_6,2026-04-11T19:53:33.056Z,38,0.0001918,32768,524288,pumpswap,BJLaR38FZ2accuRrABzAWdiMeZ8mF3Ky5tL6q853bgBh
2026-04-11T20:31:59.050Z,EgiJdQ8dbQHWu1uKS6cQBPaF2sK3a7WFpkjHEgdDpump,Dodger,filter_3,2026-04-11T19:29:11.694Z,63,5.604e-05,16384,1048576,pumpswap,7yrRRCzf429YQ1xQgdZZMy5KQ5jtkkDC7gUZWyPerhXr
2026-04-11T20:31:59.212Z,7bfbBZXpMYbNjhZ6eQ8Ch8VFAbgcz4WsrY7JtQKcpump,BOATGUY,filter_1,2026-04-11T19:27:26.855Z,65,1.252e-05,8192,262144,pumpswap,6gALa6BfE8ce8pLYaEFsTkCtxozfbuBR5bMVK3nKeFD4
2026-04-11T20:31:59.400Z,4juv1Wq63My7Bc7rznMZTyuD4aQfRSZGW9uKqFXSpump,Asset,filter_1,2026-04-11T19:27:24.857Z,65,6.194e-06,8192,32768,pumpswap,6g8ZTMKCKvSsVX92g4SKoBESXgrDL2cR1WLg8i7GZPV9
2026-04-11T20:31:59.559Z,Aq6XmZSohMJeRGU9WswbyQo9paEcKrTEs3xdfDFtpump,Lia,filter_1,2026-04-11T19:25:27.104Z,67,2.342e-06,4096,524288,pumpswap,BsFk4E3Hm12Mg27XmBoDPuk27WAC78BPfN98AHHpDPcM
2026-04-11T20:31:59.720Z,AUZnnRTdybeMiHrxfueNyBgLHnu4H39kngUh84WMpump,MELANIA,filter_3,2026-04-11T19:24:02.559Z,68,0.000487,65536,262144,pumpswap,DM9Xj9x8A8SEinJdoz4SJH2vdhBdPGSZmhL7DxBgwbBy
2026-04-11T20:31:59.914Z,56MEDV2H1M7DkaikaSg5vpibaSyWhgspCxgPwQJhpump,DNIGGA,filter_1,2026-04-11T19:22:24.852Z,70,2.59e-06,4096,65536,pumpswap,CAhVRREzXYHDvtu6iwACsei9vhv6mexsGm9hpkeVP1Kj
2026-04-11T20:32:00.078Z,A2Px3FMumMJ7W67VEp9ahFXueEyf9aHpei4TTJ5mpump,BABY,filter_3,2026-04-11T19:14:43.120Z,77,2.793e-05,16384,1048576,pumpswap,53UgNjZDC6mXsEDTowHLmKi2Y6jzjH2Ee3ybac7jEQRQ
2026-04-11T20:32:00.245Z,wutj1cNsMWyeu9ub61knDRCwU37aVvYuCBn8ZLPj7JL,ZHONEY,filter_1,2026-04-11T19:04:35.959Z,87,1.45e-05,8192,131072,pumpswap,CtYpMFyZqcJL7mPbDQU9o88g9QpkbzEFSC81J9FzFbF8
2026-04-11T20:32:00.407Z,4oFZFm3s8VKeCnwM2G5X5mZrsPivDyzCLvDYZmVipump,ClawFC,filter_1,2026-04-11T19:00:33.206Z,91,1.187e-05,8192,65536,pumpswap,BnbuPvQe2TNdhS7CSdsCGS1WY7FYu2kZti9adrqkqpZh
2026-04-11T20:32:00.569Z,5rniCpoweGXgsLZZDohw3fZA5yuXgt87df6GHAxWpump,MOTHER,filter_1,2026-04-11T18:17:31.505Z,134,1.159e-05,8192,131072,pumpswap,7dzsEYbuQoK1LLAiae7riygcwphP7BTbK6r7Vv94p28M
2026-04-11T20:32:00.764Z,3i8RByhvAaSWh2VSoVieAPzzmc4DpZC9WHVSsDzBpump,FOOLHOUSE,filter_2,2026-04-11T13:59:09.655Z,393,1.763e-06,4096,524288,pumpswap,G8AJyLtb85QyMbaXZe4k5DdTfLPTD8dEX9xDn2fKqQZD
2026-04-11T20:32:00.956Z,AutFvM5QZqtvjK2SrR8iLwvDEQ7ePnL14Rv7GPFvpump,TripleC,filter_2,2026-04-11T13:57:07.657Z,395,2.621e-05,16384,524288,pumpswap,Cvk9vLXa9wiqWTxb7q5EP3jdPow5ZBrdn1MLRmergW3v
2026-04-11T20:32:01.115Z,Dj2JhqEaKgPDo9se3A1dtSBVV1FFCxAfFa9SBBWmpump,GoldDancer,filter_2,2026-04-11T13:01:12.368Z,451,3.255e-05,16384,524288,pumpswap,9hovxHG2vADjGPe7S6agGTx5o72kgojobbpC5UVzLdt5
2026-04-11T20:32:01.281Z,ACtfUWtgvaXrQGNMiohTusi5jcx5RJf5zwu9aAxkpump,unc,filter_2,2026-04-11T11:21:14.804Z,551,0.0005834,65536,2097152,pumpswap,BWFZkx1pMpvwxammwTrizvoWzZZGiFEYUYW6Ee51SHLy
2026-04-11T20:32:01.444Z,51bywes8qqftjWhEZJZ3GvCM2ogximFejkKqa9kMpump,Marina,filter_2,2026-04-11T10:45:10.038Z,587,5.221e-05,16384,524288,pumpswap,ChmxH4uiGja7C2ht4KurCwXP8LLgtUgibFL1RwLNqeSG
2026-04-11T20:32:01.629Z,22a4gJyiBTjWsTaFAHiHoQTmXsptDy3iBHeqKQADpump,WLFI,filter_2,2026-04-11T08:08:14.642Z,744,3.084e-05,16384,1048576,pumpswap,8JUXPRDDfRbDTN9fsQg1fLKw3u7DM9Cesodu1pcp6WA5
2026-04-11T20:32:01.790Z,J1iyLMzrc4G4WgDVmm33bes1Xwzd1mTcmvP8gubMpump,5,filter_2,2026-04-11T07:45:06.637Z,767,1.956e-06,4096,524288,pumpswap,1HojmJ4JLUiwXz5PxPMAyvaWvk5WZSHGFm1SyQZHTQ2
2026-04-11T20:32:01.952Z,EQUU2gdzvmabX36rCxKSRSNJKtAedRHEiP8pikC8pump,emi,filter_2,2026-04-11T06:50:09.612Z,822,5.366e-05,16384,2097152,pumpswap,A1eSqj58a8SWLfY9ecCZcfaWSgjYvEHXimiyoKHWG2qn
2026-04-11T20:32:02.137Z,5NmLAtsnwiZZbidywsSZYbZS3GtsoAEfa9HNHjGspump,PND,filter_2,2026-04-11T06:08:08.609Z,864,1.053e-05,8192,1048576,pumpswap,G2GWEuB5ZA6p2qFxx4i4VViApW5P7aLrYJUv2vdgR5jm
2026-04-11T20:32:02.331Z,3DiHoTLRFzuMHmTBfo84Q22yX16Bv6XviFzgLaxnUJSe,SDR,filter_2,2026-04-11T05:05:14.827Z,927,0.3463,262144,8388608,raydium,8jJMsUjNZDd32et5q7SXPx6QNQkRbbLK1exbNZfoTKcP
2026-04-11T20:32:02.492Z,8Ct8WT6TYTB9zTYxexAWthmWvYbLML9xmXcRFq2Rpump,METHANE,filter_2,2026-04-11T04:31:08.309Z,961,1.736e-05,8192,131072,pumpswap,GBGkD83YH6d83NGuhhCKcnacPLoFUuexcCimVtPnhi4d
2026-04-11T20:32:02.677Z,BJMoyvAgJzpR1QEEdg8wkBe9PtCuzwCNW2aTzcn6pump,StepSis,filter_2,2026-04-11T02:26:13.472Z,1086,1.647e-06,4096,262144,pumpswap,BdkQUvcHsvnyNJQynnVWQfFusekQt3nVfGCP3WjQdBzB
2026-04-11T20:32:02.840Z,GBjRHbuTzJF2qMkemwY9uWhvs8r9uYqL4bxKheEtpump,TRUE,filter_2,2026-04-11T02:12:09.698Z,1100,4.524e-05,16384,2097152,pumpswap,8ShofcR7qcK368us7RzNYRwbSyyEouzhiSuLuj2kkoG5
2026-04-11T20:32:03.001Z,FFvp48WygUSxCCNP3n9Zu5G7F2yatwXQHbpD2Mkkpump,Skibidi,filter_2,2026-04-11T01:10:07.912Z,1162,0.0001464,32768,1048576,pumpswap,DyBES1yrnSRHS4TKaABfG82LJ2Qifx6jmVUcLYh9XiGa
2026-04-11T20:32:03.163Z,AzB5QtBBZQEUVkWgLVADoXGcDZXqd2HNfaGFQpBBpump,Bro,filter_2,2026-04-11T01:07:09.930Z,1165,4.542e-06,4096,524288,pumpswap,hVcUcM5zBRPai8gd4EeDypNnNPwuihecYaYR9HMBCCj
2026-04-11T20:32:03.326Z,578sfyEs3dVmBDq9D4azot7YZmhUiVPY61q4AJTupump,BOATGUY,filter_2,2026-04-10T23:42:10.113Z,1250,9.981e-05,32768,1048576,pumpswap,EQjeB8b8QWTBzXW6ESCHsEdC1DtZQodGbs5TzymmHo7d
2026-04-11T20:32:03.512Z,76ZufhNoWy3HeoG8TEHV8kYiH3stF6Q7dtNtPuqwWyty,PXLPEPE,filter_2,2026-04-10T21:54:14.836Z,1358,4.969e-10,128,256,meteora,BpLArGNiMkGQcPp8hM4Ebj5jNYZjmWyKBaeK4UCH2N9i
2026-04-11T20:41:58.563Z,AQGaTfXDcvinz6DuxfZEKKFp7hmiWDLis4FtK3chpump,Ivunka,filter_3,2026-04-11T20:41:43.544Z,0,0.0001693,32768,524288,pumpswap,AHBtpXJ7csokwSXddEDxPFYHcA515g234kXTBMhAVRxe
2026-04-11T20:41:58.758Z,BfZ27pSjL3L8Abm8VuRs5MLjjP21Xv5tUL81Rkyepump,WID,filter_4,2026-04-11T20:41:42.289Z,0,1.974e-05,16384,8192,pumpswap,4zmdmfGwoNb2mfF9PJq2N7x38qpQMwBMphD3HMDx6dak
2026-04-11T20:41:58.955Z,EamB9vqC1b4aoyPR6t3hn6CWf48yny84xzCuFJMbpump,Peepa,filter_2,2026-04-11T20:21:42.531Z,20,0.0002325,32768,2097152,pumpswap,BoB3Dvi5eLGFr86BexBPNY2ZXwMNjWhx3FVCep3X2Vj6
2026-04-11T20:41:59.115Z,6TRyMNFbS6y444mDECfaENQrVnvZP4XzMr2fa6f8pump,Trump,filter_6,2026-04-11T19:53:33.056Z,48,0.000229,32768,524288,pumpswap,BJLaR38FZ2accuRrABzAWdiMeZ8mF3Ky5tL6q853bgBh
2026-04-11T20:41:59.275Z,EgiJdQ8dbQHWu1uKS6cQBPaF2sK3a7WFpkjHEgdDpump,Dodger,filter_3,2026-04-11T19:29:11.694Z,73,8e-05,32768,1048576,pumpswap,7yrRRCzf429YQ1xQgdZZMy5KQ5jtkkDC7gUZWyPerhXr
2026-04-11T20:41:59.435Z,7bfbBZXpMYbNjhZ6eQ8Ch8VFAbgcz4WsrY7JtQKcpump,BOATGUY,filter_1,2026-04-11T19:27:26.855Z,75,9.626e-06,8192,262144,pumpswap,6gALa6BfE8ce8pLYaEFsTkCtxozfbuBR5bMVK3nKeFD4
2026-04-11T20:41:59.594Z,4juv1Wq63My7Bc7rznMZTyuD4aQfRSZGW9uKqFXSpump,Asset,filter_1,2026-04-11T19:27:24.857Z,75,6.214e-06,8192,32768,pumpswap,6g8ZTMKCKvSsVX92g4SKoBESXgrDL2cR1WLg8i7GZPV9
2026-04-11T20:41:59.758Z,Aq6XmZSohMJeRGU9WswbyQo9paEcKrTEs3xdfDFtpump,Lia,filter_1,2026-04-11T19:25:27.104Z,77,2.342e-06,4096,524288,pumpswap,BsFk4E3Hm12Mg27XmBoDPuk27WAC78BPfN98AHHpDPcM
2026-04-11T20:41:59.918Z,AUZnnRTdybeMiHrxfueNyBgLHnu4H39kngUh84WMpump,MELANIA,filter_3,2026-04-11T19:24:02.559Z,78,0.0004846,65536,262144,pumpswap,DM9Xj9x8A8SEinJdoz4SJH2vdhBdPGSZmhL7DxBgwbBy
2026-04-11T20:42:00.080Z,56MEDV2H1M7DkaikaSg5vpibaSyWhgspCxgPwQJhpump,DNIGGA,filter_1,2026-04-11T19:22:24.852Z,80,2.548e-06,4096,65536,pumpswap,CAhVRREzXYHDvtu6iwACsei9vhv6mexsGm9hpkeVP1Kj
2026-04-11T20:42:00.272Z,A2Px3FMumMJ7W67VEp9ahFXueEyf9aHpei4TTJ5mpump,BABY,filter_3,2026-04-11T19:14:43.120Z,87,2.689e-05,16384,1048576,pumpswap,53UgNjZDC6mXsEDTowHLmKi2Y6jzjH2Ee3ybac7jEQRQ
2026-04-11T20:42:00.464Z,wutj1cNsMWyeu9ub61knDRCwU37aVvYuCBn8ZLPj7JL,ZHONEY,filter_1,2026-04-11T19:04:35.959Z,97,1.351e-05,8192,131072,pumpswap,CtYpMFyZqcJL7mPbDQU9o88g9QpkbzEFSC81J9FzFbF8
2026-04-11T20:42:00.627Z,4oFZFm3s8VKeCnwM2G5X5mZrsPivDyzCLvDYZmVipump,ClawFC,filter_1,2026-04-11T19:00:33.206Z,101,1.763e-05,8192,65536,pumpswap,BnbuPvQe2TNdhS7CSdsCGS1WY7FYu2kZti9adrqkqpZh
2026-04-11T20:42:00.788Z,5rniCpoweGXgsLZZDohw3fZA5yuXgt87df6GHAxWpump,MOTHER,filter_1,2026-04-11T18:17:31.505Z,144,7.675e-06,8192,131072,pumpswap,7dzsEYbuQoK1LLAiae7riygcwphP7BTbK6r7Vv94p28M
2026-04-11T20:42:00.980Z,3i8RByhvAaSWh2VSoVieAPzzmc4DpZC9WHVSsDzBpump,FOOLHOUSE,filter_2,2026-04-11T13:59:09.655Z,403,1.763e-06,4096,524288,pumpswap,G8AJyLtb85QyMbaXZe4k5DdTfLPTD8dEX9xDn2fKqQZD
2026-04-11T20:42:01.165Z,AutFvM5QZqtvjK2SrR8iLwvDEQ7ePnL14Rv7GPFvpump,TripleC,filter_2,2026-04-11T13:57:07.657Z,405,2.301e-05,16384,524288,pumpswap,Cvk9vLXa9wiqWTxb7q5EP3jdPow5ZBrdn1MLRmergW3v
2026-04-11T20:42:01.349Z,Dj2JhqEaKgPDo9se3A1dtSBVV1FFCxAfFa9SBBWmpump,GoldDancer,filter_2,2026-04-11T13:01:12.368Z,461,3.161e-05,16384,524288,pumpswap,9hovxHG2vADjGPe7S6agGTx5o72kgojobbpC5UVzLdt5
2026-04-11T20:42:01.534Z,ACtfUWtgvaXrQGNMiohTusi5jcx5RJf5zwu9aAxkpump,unc,filter_2,2026-04-11T11:21:14.804Z,561,0.0005576,65536,2097152,pumpswap,BWFZkx1pMpvwxammwTrizvoWzZZGiFEYUYW6Ee51SHLy
2026-04-11T20:42:01.694Z,51bywes8qqftjWhEZJZ3GvCM2ogximFejkKqa9kMpump,Marina,filter_2,2026-04-11T10:45:10.038Z,597,5.037e-05,16384,524288,pumpswap,ChmxH4uiGja7C2ht4KurCwXP8LLgtUgibFL1RwLNqeSG
2026-04-11T20:42:01.855Z,22a4gJyiBTjWsTaFAHiHoQTmXsptDy3iBHeqKQADpump,WLFI,filter_2,2026-04-11T08:08:14.642Z,754,2.938e-05,16384,1048576,pumpswap,8JUXPRDDfRbDTN9fsQg1fLKw3u7DM9Cesodu1pcp6WA5
2026-04-11T20:42:02.013Z,J1iyLMzrc4G4WgDVmm33bes1Xwzd1mTcmvP8gubMpump,5,filter_2,2026-04-11T07:45:06.637Z,777,1.956e-06,4096,524288,pumpswap,1HojmJ4JLUiwXz5PxPMAyvaWvk5WZSHGFm1SyQZHTQ2
2026-04-11T20:42:02.173Z,EQUU2gdzvmabX36rCxKSRSNJKtAedRHEiP8pikC8pump,emi,filter_2,2026-04-11T06:50:09.612Z,832,5.615e-05,16384,2097152,pumpswap,A1eSqj58a8SWLfY9ecCZcfaWSgjYvEHXimiyoKHWG2qn
2026-04-11T20:42:02.334Z,5NmLAtsnwiZZbidywsSZYbZS3GtsoAEfa9HNHjGspump,PND,filter_2,2026-04-11T06:08:08.609Z,874,1.068e-05,8192,1048576,pumpswap,G2GWEuB5ZA6p2qFxx4i4VViApW5P7aLrYJUv2vdgR5jm
2026-04-11T20:42:02.520Z,3DiHoTLRFzuMHmTBfo84Q22yX16Bv6XviFzgLaxnUJSe,SDR,filter_2,2026-04-11T05:05:14.827Z,937,0.3412,262144,8388608,raydium,8jJMsUjNZDd32et5q7SXPx6QNQkRbbLK1exbNZfoTKcP
2026-04-11T20:42:02.681Z,8Ct8WT6TYTB9zTYxexAWthmWvYbLML9xmXcRFq2Rpump,METHANE,filter_2,2026-04-11T04:31:08.309Z,971,1.674e-05,8192,131072,pumpswap,GBGkD83YH6d83NGuhhCKcnacPLoFUuexcCimVtPnhi4d
2026-04-11T20:42:02.861Z,BJMoyvAgJzpR1QEEdg8wkBe9PtCuzwCNW2aTzcn6pump,StepSis,filter_2,2026-04-11T02:26:13.472Z,1096,1.647e-06,4096,262144,pumpswap,BdkQUvcHsvnyNJQynnVWQfFusekQt3nVfGCP3WjQdBzB
2026-04-11T20:42:03.022Z,GBjRHbuTzJF2qMkemwY9uWhvs8r9uYqL4bxKheEtpump,TRUE,filter_2,2026-04-11T02:12:09.698Z,1110,4.612e-05,16384,2097152,pumpswap,8ShofcR7qcK368us7RzNYRwbSyyEouzhiSuLuj2kkoG5
2026-04-11T20:42:03.183Z,FFvp48WygUSxCCNP3n9Zu5G7F2yatwXQHbpD2Mkkpump,Skibidi,filter_2,2026-04-11T01:10:07.912Z,1172,0.0001511,32768,1048576,pumpswap,DyBES1yrnSRHS4TKaABfG82LJ2Qifx6jmVUcLYh9XiGa
2026-04-11T20:42:03.344Z,AzB5QtBBZQEUVkWgLVADoXGcDZXqd2HNfaGFQpBBpump,Bro,filter_2,2026-04-11T01:07:09.930Z,1175,4.342e-06,4096,524288,pumpswap,hVcUcM5zBRPai8gd4EeDypNnNPwuihecYaYR9HMBCCj
2026-04-11T20:42:03.504Z,578sfyEs3dVmBDq9D4azot7YZmhUiVPY61q4AJTupump,BOATGUY,filter_2,2026-04-10T23:42:10.113Z,1260,9.228e-05,32768,1048576,pumpswap,EQjeB8b8QWTBzXW6ESCHsEdC1DtZQodGbs5TzymmHo7d
2026-04-11T20:42:03.686Z,76ZufhNoWy3HeoG8TEHV8kYiH3stF6Q7dtNtPuqwWyty,PXLPEPE,filter_2,2026-04-10T21:54:14.836Z,1368,4.969e-10,128,256,meteora,BpLArGNiMkGQcPp8hM4Ebj5jNYZjmWyKBaeK4UCH2N9i
2026-04-11T20:51:58.562Z,EamB9vqC1b4aoyPR6t3hn6CWf48yny84xzCuFJMbpump,Peepa,filter_2,2026-04-11T20:47:42.794Z,4,0.0002346,32768,2097152,pumpswap,BoB3Dvi5eLGFr86BexBPNY2ZXwMNjWhx3FVCep3X2Vj6
2026-04-11T20:51:58.725Z,6TRyMNFbS6y444mDECfaENQrVnvZP4XzMr2fa6f8pump,Trump,filter_6,2026-04-11T20:43:48.750Z,8,0.0002252,32768,1048576,pumpswap,BJLaR38FZ2accuRrABzAWdiMeZ8mF3Ky5tL6q853bgBh
2026-04-11T20:51:58.886Z,AQGaTfXDcvinz6DuxfZEKKFp7hmiWDLis4FtK3chpump,Ivunka,filter_3,2026-04-11T20:41:43.544Z,10,2.811e-06,4096,524288,pumpswap,AHBtpXJ7csokwSXddEDxPFYHcA515g234kXTBMhAVRxe
2026-04-11T20:51:59.081Z,BfZ27pSjL3L8Abm8VuRs5MLjjP21Xv5tUL81Rkyepump,WID,filter_4,2026-04-11T20:41:42.289Z,10,1.998e-05,16384,8192,pumpswap,4zmdmfGwoNb2mfF9PJq2N7x38qpQMwBMphD3HMDx6dak
2026-04-11T20:51:59.243Z,EgiJdQ8dbQHWu1uKS6cQBPaF2sK3a7WFpkjHEgdDpump,Dodger,filter_3,2026-04-11T19:29:11.694Z,83,8.884e-05,32768,1048576,pumpswap,7yrRRCzf429YQ1xQgdZZMy5KQ5jtkkDC7gUZWyPerhXr
2026-04-11T20:51:59.404Z,7bfbBZXpMYbNjhZ6eQ8Ch8VFAbgcz4WsrY7JtQKcpump,BOATGUY,filter_1,2026-04-11T19:27:26.855Z,85,8.829e-06,8192,262144,pumpswap,6gALa6BfE8ce8pLYaEFsTkCtxozfbuBR5bMVK3nKeFD4
2026-04-11T20:51:59.565Z,4juv1Wq63My7Bc7rznMZTyuD4aQfRSZGW9uKqFXSpump,Asset,filter_1,2026-04-11T19:27:24.857Z,85,6.214e-06,8192,32768,pumpswap,6g8ZTMKCKvSsVX92g4SKoBESXgrDL2cR1WLg8i7GZPV9
2026-04-11T20:51:59.727Z,Aq6XmZSohMJeRGU9WswbyQo9paEcKrTEs3xdfDFtpump,Lia,filter_1,2026-04-11T19:25:27.104Z,87,2.342e-06,4096,524288,pumpswap,BsFk4E3Hm12Mg27XmBoDPuk27WAC78BPfN98AHHpDPcM
2026-04-11T20:51:59.888Z,AUZnnRTdybeMiHrxfueNyBgLHnu4H39kngUh84WMpump,MELANIA,filter_3,2026-04-11T19:24:02.559Z,88,0.0005563,65536,262144,pumpswap,DM9Xj9x8A8SEinJdoz4SJH2vdhBdPGSZmhL7DxBgwbBy
2026-04-11T20:52:00.048Z,56MEDV2H1M7DkaikaSg5vpibaSyWhgspCxgPwQJhpump,DNIGGA,filter_1,2026-04-11T19:22:24.852Z,90,2.514e-06,4096,65536,pumpswap,CAhVRREzXYHDvtu6iwACsei9vhv6mexsGm9hpkeVP1Kj
2026-04-11T20:52:00.211Z,A2Px3FMumMJ7W67VEp9ahFXueEyf9aHpei4TTJ5mpump,BABY,filter_3,2026-04-11T19:14:43.120Z,97,2.462e-05,16384,1048576,pumpswap,53UgNjZDC6mXsEDTowHLmKi2Y6jzjH2Ee3ybac7jEQRQ
2026-04-11T20:52:00.372Z,wutj1cNsMWyeu9ub61knDRCwU37aVvYuCBn8ZLPj7JL,ZHONEY,filter_1,2026-04-11T19:04:35.959Z,107,1.372e-05,8192,65536,pumpswap,CtYpMFyZqcJL7mPbDQU9o88g9QpkbzEFSC81J9FzFbF8
2026-04-11T20:52:00.533Z,4oFZFm3s8VKeCnwM2G5X5mZrsPivDyzCLvDYZmVipump,ClawFC,filter_1,2026-04-11T19:00:33.206Z,111,2.012e-05,8192,65536,pumpswap,BnbuPvQe2TNdhS7CSdsCGS1WY7FYu2kZti9adrqkqpZh
2026-04-11T20:52:00.695Z,5rniCpoweGXgsLZZDohw3fZA5yuXgt87df6GHAxWpump,MOTHER,filter_1,2026-04-11T18:17:31.505Z,154,7.628e-06,8192,131072,pumpswap,7dzsEYbuQoK1LLAiae7riygcwphP7BTbK6r7Vv94p28M
2026-04-11T20:52:00.856Z,3i8RByhvAaSWh2VSoVieAPzzmc4DpZC9WHVSsDzBpump,FOOLHOUSE,filter_2,2026-04-11T13:59:09.655Z,413,1.749e-06,4096,524288,pumpswap,G8AJyLtb85QyMbaXZe4k5DdTfLPTD8dEX9xDn2fKqQZD
2026-04-11T20:52:01.044Z,AutFvM5QZqtvjK2SrR8iLwvDEQ7ePnL14Rv7GPFvpump,TripleC,filter_2,2026-04-11T13:57:07.657Z,415,2.243e-05,16384,524288,pumpswap,Cvk9vLXa9wiqWTxb7q5EP3jdPow5ZBrdn1MLRmergW3v
2026-04-11T20:52:01.208Z,Dj2JhqEaKgPDo9se3A1dtSBVV1FFCxAfFa9SBBWmpump,GoldDancer,filter_2,2026-04-11T13:01:12.368Z,471,3.167e-05,16384,524288,pumpswap,9hovxHG2vADjGPe7S6agGTx5o72kgojobbpC5UVzLdt5
2026-04-11T20:52:01.395Z,ACtfUWtgvaXrQGNMiohTusi5jcx5RJf5zwu9aAxkpump,unc,filter_2,2026-04-11T11:21:14.804Z,571,0.0005683,65536,2097152,pumpswap,BWFZkx1pMpvwxammwTrizvoWzZZGiFEYUYW6Ee51SHLy
2026-04-11T20:52:01.559Z,51bywes8qqftjWhEZJZ3GvCM2ogximFejkKqa9kMpump,Marina,filter_2,2026-04-11T10:45:10.038Z,607,4.758e-05,16384,524288,pumpswap,ChmxH4uiGja7C2ht4KurCwXP8LLgtUgibFL1RwLNqeSG
2026-04-11T20:52:01.721Z,22a4gJyiBTjWsTaFAHiHoQTmXsptDy3iBHeqKQADpump,WLFI,filter_2,2026-04-11T08:08:14.642Z,764,2.645e-05,16384,1048576,pumpswap,8JUXPRDDfRbDTN9fsQg1fLKw3u7DM9Cesodu1pcp6WA5
2026-04-11T20:52:01.916Z,J1iyLMzrc4G4WgDVmm33bes1Xwzd1mTcmvP8gubMpump,5,filter_2,2026-04-11T07:45:06.637Z,787,1.956e-06,4096,524288,pumpswap,1HojmJ4JLUiwXz5PxPMAyvaWvk5WZSHGFm1SyQZHTQ2
2026-04-11T20:52:02.080Z,EQUU2gdzvmabX36rCxKSRSNJKtAedRHEiP8pikC8pump,emi,filter_2,2026-04-11T06:50:09.612Z,842,5.045e-05,16384,2097152,pumpswap,A1eSqj58a8SWLfY9ecCZcfaWSgjYvEHXimiyoKHWG2qn
2026-04-11T20:52:02.264Z,5NmLAtsnwiZZbidywsSZYbZS3GtsoAEfa9HNHjGspump,PND,filter_2,2026-04-11T06:08:08.609Z,884,1.09e-05,8192,1048576,pumpswap,G2GWEuB5ZA6p2qFxx4i4VViApW5P7aLrYJUv2vdgR5jm
2026-04-11T20:52:02.425Z,3DiHoTLRFzuMHmTBfo84Q22yX16Bv6XviFzgLaxnUJSe,SDR,filter_2,2026-04-11T05:05:14.827Z,947,0.3429,262144,8388608,raydium,8jJMsUjNZDd32et5q7SXPx6QNQkRbbLK1exbNZfoTKcP
2026-04-11T20:52:02.588Z,8Ct8WT6TYTB9zTYxexAWthmWvYbLML9xmXcRFq2Rpump,METHANE,filter_2,2026-04-11T04:31:08.309Z,981,1.422e-05,8192,131072,pumpswap,GBGkD83YH6d83NGuhhCKcnacPLoFUuexcCimVtPnhi4d
2026-04-11T20:52:02.795Z,BJMoyvAgJzpR1QEEdg8wkBe9PtCuzwCNW2aTzcn6pump,StepSis,filter_2,2026-04-11T02:26:13.472Z,1106,1.647e-06,4096,262144,pumpswap,BdkQUvcHsvnyNJQynnVWQfFusekQt3nVfGCP3WjQdBzB
2026-04-11T20:52:02.958Z,GBjRHbuTzJF2qMkemwY9uWhvs8r9uYqL4bxKheEtpump,TRUE,filter_2,2026-04-11T02:12:09.698Z,1120,3.597e-05,16384,2097152,pumpswap,8ShofcR7qcK368us7RzNYRwbSyyEouzhiSuLuj2kkoG5
2026-04-11T20:52:03.120Z,FFvp48WygUSxCCNP3n9Zu5G7F2yatwXQHbpD2Mkkpump,Skibidi,filter_2,2026-04-11T01:10:07.912Z,1182,0.0001691,32768,1048576,pumpswap,DyBES1yrnSRHS4TKaABfG82LJ2Qifx6jmVUcLYh9XiGa
2026-04-11T20:52:03.281Z,AzB5QtBBZQEUVkWgLVADoXGcDZXqd2HNfaGFQpBBpump,Bro,filter_2,2026-04-11T01:07:09.930Z,1185,4.134e-06,4096,524288,pumpswap,hVcUcM5zBRPai8gd4EeDypNnNPwuihecYaYR9HMBCCj
2026-04-11T20:52:03.499Z,578sfyEs3dVmBDq9D4azot7YZmhUiVPY61q4AJTupump,BOATGUY,filter_2,2026-04-10T23:42:10.113Z,1270,8.14e-05,32768,1048576,pumpswap,EQjeB8b8QWTBzXW6ESCHsEdC1DtZQodGbs5TzymmHo7d
2026-04-11T20:52:03.694Z,76ZufhNoWy3HeoG8TEHV8kYiH3stF6Q7dtNtPuqwWyty,PXLPEPE,filter_2,2026-04-10T21:54:14.836Z,1378,4.969e-10,128,256,meteora,BpLArGNiMkGQcPp8hM4Ebj5jNYZjmWyKBaeK4UCH2N9i
2026-04-11T21:01:58.571Z,EamB9vqC1b4aoyPR6t3hn6CWf48yny84xzCuFJMbpump,Peepa,filter_2,2026-04-11T20:47:42.794Z,14,0.000234,32768,2097152,pumpswap,BoB3Dvi5eLGFr86BexBPNY2ZXwMNjWhx3FVCep3X2Vj6
2026-04-11T21:01:58.735Z,6TRyMNFbS6y444mDECfaENQrVnvZP4XzMr2fa6f8pump,Trump,filter_6,2026-04-11T20:43:48.750Z,18,0.0001981,32768,1048576,pumpswap,BJLaR38FZ2accuRrABzAWdiMeZ8mF3Ky5tL6q853bgBh
2026-04-11T21:01:58.897Z,AQGaTfXDcvinz6DuxfZEKKFp7hmiWDLis4FtK3chpump,Ivunka,filter_3,2026-04-11T20:41:43.544Z,20,2.379e-06,4096,524288,pumpswap,AHBtpXJ7csokwSXddEDxPFYHcA515g234kXTBMhAVRxe
2026-04-11T21:01:59.063Z,BfZ27pSjL3L8Abm8VuRs5MLjjP21Xv5tUL81Rkyepump,WID,filter_4,2026-04-11T20:41:42.289Z,20,1.927e-05,8192,8192,pumpswap,4zmdmfGwoNb2mfF9PJq2N7x38qpQMwBMphD3HMDx6dak
2026-04-11T21:01:59.226Z,EgiJdQ8dbQHWu1uKS6cQBPaF2sK3a7WFpkjHEgdDpump,Dodger,filter_3,2026-04-11T19:29:11.694Z,93,7.938e-05,32768,1048576,pumpswap,7yrRRCzf429YQ1xQgdZZMy5KQ5jtkkDC7gUZWyPerhXr
2026-04-11T21:01:59.390Z,7bfbBZXpMYbNjhZ6eQ8Ch8VFAbgcz4WsrY7JtQKcpump,BOATGUY,filter_1,2026-04-11T19:27:26.855Z,95,8.922e-06,8192,262144,pumpswap,6gALa6BfE8ce8pLYaEFsTkCtxozfbuBR5bMVK3nKeFD4
2026-04-11T21:01:59.552Z,4juv1Wq63My7Bc7rznMZTyuD4aQfRSZGW9uKqFXSpump,Asset,filter_1,2026-04-11T19:27:24.857Z,95,6.314e-06,8192,32768,pumpswap,6g8ZTMKCKvSsVX92g4SKoBESXgrDL2cR1WLg8i7GZPV9
2026-04-11T21:01:59.714Z,Aq6XmZSohMJeRGU9WswbyQo9paEcKrTEs3xdfDFtpump,Lia,filter_1,2026-04-11T19:25:27.104Z,97,2.355e-06,4096,524288,pumpswap,BsFk4E3Hm12Mg27XmBoDPuk27WAC78BPfN98AHHpDPcM
2026-04-11T21:01:59.874Z,AUZnnRTdybeMiHrxfueNyBgLHnu4H39kngUh84WMpump,MELANIA,filter_3,2026-04-11T19:24:02.559Z,98,0.0005346,65536,262144,pumpswap,DM9Xj9x8A8SEinJdoz4SJH2vdhBdPGSZmhL7DxBgwbBy
2026-04-11T21:02:00.037Z,56MEDV2H1M7DkaikaSg5vpibaSyWhgspCxgPwQJhpump,DNIGGA,filter_1,2026-04-11T19:22:24.852Z,100,2.515e-06,4096,65536,pumpswap,CAhVRREzXYHDvtu6iwACsei9vhv6mexsGm9hpkeVP1Kj
2026-04-11T21:02:00.200Z,A2Px3FMumMJ7W67VEp9ahFXueEyf9aHpei4TTJ5mpump,BABY,filter_3,2026-04-11T19:14:43.120Z,107,2.084e-05,16384,1048576,pumpswap,53UgNjZDC6mXsEDTowHLmKi2Y6jzjH2Ee3ybac7jEQRQ
2026-04-11T21:02:00.371Z,wutj1cNsMWyeu9ub61knDRCwU37aVvYuCBn8ZLPj7JL,ZHONEY,filter_1,2026-04-11T19:04:35.959Z,117,1.328e-05,8192,65536,pumpswap,CtYpMFyZqcJL7mPbDQU9o88g9QpkbzEFSC81J9FzFbF8
2026-04-11T21:02:00.534Z,4oFZFm3s8VKeCnwM2G5X5mZrsPivDyzCLvDYZmVipump,ClawFC,filter_1,2026-04-11T19:00:33.206Z,121,1.865e-05,8192,65536,pumpswap,BnbuPvQe2TNdhS7CSdsCGS1WY7FYu2kZti9adrqkqpZh
2026-04-11T21:02:00.697Z,5rniCpoweGXgsLZZDohw3fZA5yuXgt87df6GHAxWpump,MOTHER,filter_1,2026-04-11T18:17:31.505Z,164,7.168e-06,8192,131072,pumpswap,7dzsEYbuQoK1LLAiae7riygcwphP7BTbK6r7Vv94p28M
2026-04-11T21:02:00.857Z,3i8RByhvAaSWh2VSoVieAPzzmc4DpZC9WHVSsDzBpump,FOOLHOUSE,filter_2,2026-04-11T13:59:09.655Z,423,1.747e-06,4096,524288,pumpswap,G8AJyLtb85QyMbaXZe4k5DdTfLPTD8dEX9xDn2fKqQZD
2026-04-11T21:02:01.020Z,AutFvM5QZqtvjK2SrR8iLwvDEQ7ePnL14Rv7GPFvpump,TripleC,filter_2,2026-04-11T13:57:07.657Z,425,2.12e-05,16384,524288,pumpswap,Cvk9vLXa9wiqWTxb7q5EP3jdPow5ZBrdn1MLRmergW3v
2026-04-11T21:02:01.207Z,Dj2JhqEaKgPDo9se3A1dtSBVV1FFCxAfFa9SBBWmpump,GoldDancer,filter_2,2026-04-11T13:01:12.368Z,481,3.145e-05,16384,524288,pumpswap,9hovxHG2vADjGPe7S6agGTx5o72kgojobbpC5UVzLdt5
2026-04-11T21:02:01.370Z,ACtfUWtgvaXrQGNMiohTusi5jcx5RJf5zwu9aAxkpump,unc,filter_2,2026-04-11T11:21:14.804Z,581,0.0006165,65536,2097152,pumpswap,BWFZkx1pMpvwxammwTrizvoWzZZGiFEYUYW6Ee51SHLy
2026-04-11T21:02:01.533Z,51bywes8qqftjWhEZJZ3GvCM2ogximFejkKqa9kMpump,Marina,filter_2,2026-04-11T10:45:10.038Z,617,5.319e-05,16384,524288,pumpswap,ChmxH4uiGja7C2ht4KurCwXP8LLgtUgibFL1RwLNqeSG
2026-04-11T21:02:01.696Z,22a4gJyiBTjWsTaFAHiHoQTmXsptDy3iBHeqKQADpump,WLFI,filter_2,2026-04-11T08:08:14.642Z,774,2.66e-05,16384,1048576,pumpswap,8JUXPRDDfRbDTN9fsQg1fLKw3u7DM9Cesodu1pcp6WA5
2026-04-11T21:02:01.861Z,J1iyLMzrc4G4WgDVmm33bes1Xwzd1mTcmvP8gubMpump,5,filter_2,2026-04-11T07:45:06.637Z,797,1.956e-06,4096,524288,pumpswap,1HojmJ4JLUiwXz5PxPMAyvaWvk5WZSHGFm1SyQZHTQ2
2026-04-11T21:02:02.025Z,EQUU2gdzvmabX36rCxKSRSNJKtAedRHEiP8pikC8pump,emi,filter_2,2026-04-11T06:50:09.612Z,852,3.103e-05,16384,2097152,pumpswap,A1eSqj58a8SWLfY9ecCZcfaWSgjYvEHXimiyoKHWG2qn
2026-04-11T21:02:02.209Z,5NmLAtsnwiZZbidywsSZYbZS3GtsoAEfa9HNHjGspump,PND,filter_2,2026-04-11T06:08:08.609Z,894,1.081e-05,8192,1048576,pumpswap,G2GWEuB5ZA6p2qFxx4i4VViApW5P7aLrYJUv2vdgR5jm
2026-04-11T21:02:02.404Z,3DiHoTLRFzuMHmTBfo84Q22yX16Bv6XviFzgLaxnUJSe,SDR,filter_2,2026-04-11T05:05:14.827Z,957,0.3429,262144,8388608,raydium,8jJMsUjNZDd32et5q7SXPx6QNQkRbbLK1exbNZfoTKcP
2026-04-11T21:02:02.575Z,8Ct8WT6TYTB9zTYxexAWthmWvYbLML9xmXcRFq2Rpump,METHANE,filter_2,2026-04-11T04:31:08.309Z,991,1.33e-05,8192,131072,pumpswap,GBGkD83YH6d83NGuhhCKcnacPLoFUuexcCimVtPnhi4d
2026-04-11T21:02:02.771Z,BJMoyvAgJzpR1QEEdg8wkBe9PtCuzwCNW2aTzcn6pump,StepSis,filter_2,2026-04-11T02:26:13.472Z,1116,1.647e-06,4096,262144,pumpswap,BdkQUvcHsvnyNJQynnVWQfFusekQt3nVfGCP3WjQdBzB
2026-04-11T21:02:02.933Z,GBjRHbuTzJF2qMkemwY9uWhvs8r9uYqL4bxKheEtpump,TRUE,filter_2,2026-04-11T02:12:09.698Z,1130,3.593e-05,16384,2097152,pumpswap,8ShofcR7qcK368us7RzNYRwbSyyEouzhiSuLuj2kkoG5
2026-04-11T21:02:03.097Z,FFvp48WygUSxCCNP3n9Zu5G7F2yatwXQHbpD2Mkkpump,Skibidi,filter_2,2026-04-11T01:10:07.912Z,1192,0.0001576,32768,1048576,pumpswap,DyBES1yrnSRHS4TKaABfG82LJ2Qifx6jmVUcLYh9XiGa
2026-04-11T21:02:03.283Z,AzB5QtBBZQEUVkWgLVADoXGcDZXqd2HNfaGFQpBBpump,Bro,filter_2,2026-04-11T01:07:09.930Z,1195,4.204e-06,4096,524288,pumpswap,hVcUcM5zBRPai8gd4EeDypNnNPwuihecYaYR9HMBCCj
2026-04-11T21:02:03.445Z,578sfyEs3dVmBDq9D4azot7YZmhUiVPY61q4AJTupump,BOATGUY,filter_2,2026-04-10T23:42:10.113Z,1280,7.635e-05,32768,1048576,pumpswap,EQjeB8b8QWTBzXW6ESCHsEdC1DtZQodGbs5TzymmHo7d
2026-04-11T21:02:03.630Z,76ZufhNoWy3HeoG8TEHV8kYiH3stF6Q7dtNtPuqwWyty,PXLPEPE,filter_2,2026-04-10T21:54:14.836Z,1388,4.969e-10,128,256,meteora,BpLArGNiMkGQcPp8hM4Ebj5jNYZjmWyKBaeK4UCH2N9i
2026-04-11T21:06:58.561Z,2wwDzQLc3pwgcHrkCadio4Hn3bzYyCptRAewJAEXdoge,MARKC,filter_1,2026-04-11T21:02:29.296Z,4,9.672e-06,8192,65536,meteora,2rVNWK9fRajakX19wtrfJKGE3xNWeubnV5VpYxETUvPX
2026-04-11T21:11:58.563Z,6TRyMNFbS6y444mDECfaENQrVnvZP4XzMr2fa6f8pump,Trump,filter_6,2026-04-11T21:07:35.070Z,4,2.24e-06,4096,1048576,pumpswap,BJLaR38FZ2accuRrABzAWdiMeZ8mF3Ky5tL6q853bgBh
2026-04-11T21:11:58.729Z,EamB9vqC1b4aoyPR6t3hn6CWf48yny84xzCuFJMbpump,Peepa,filter_2,2026-04-11T20:47:42.794Z,24,0.0002237,32768,2097152,pumpswap,BoB3Dvi5eLGFr86BexBPNY2ZXwMNjWhx3FVCep3X2Vj6
2026-04-11T21:11:58.890Z,AQGaTfXDcvinz6DuxfZEKKFp7hmiWDLis4FtK3chpump,Ivunka,filter_3,2026-04-11T20:41:43.544Z,30,2.393e-06,4096,524288,pumpswap,AHBtpXJ7csokwSXddEDxPFYHcA515g234kXTBMhAVRxe
2026-04-11T21:11:59.052Z,BfZ27pSjL3L8Abm8VuRs5MLjjP21Xv5tUL81Rkyepump,WID,filter_4,2026-04-11T20:41:42.289Z,30,1.905e-05,8192,8192,pumpswap,4zmdmfGwoNb2mfF9PJq2N7x38qpQMwBMphD3HMDx6dak
2026-04-11T21:11:59.213Z,EgiJdQ8dbQHWu1uKS6cQBPaF2sK3a7WFpkjHEgdDpump,Dodger,filter_3,2026-04-11T19:29:11.694Z,103,7.387e-05,16384,1048576,pumpswap,7yrRRCzf429YQ1xQgdZZMy5KQ5jtkkDC7gUZWyPerhXr
2026-04-11T21:11:59.399Z,7bfbBZXpMYbNjhZ6eQ8Ch8VFAbgcz4WsrY7JtQKcpump,BOATGUY,filter_1,2026-04-11T19:27:26.855Z,105,8.172e-06,8192,262144,pumpswap,6gALa6BfE8ce8pLYaEFsTkCtxozfbuBR5bMVK3nKeFD4
2026-04-11T21:11:59.561Z,4juv1Wq63My7Bc7rznMZTyuD4aQfRSZGW9uKqFXSpump,Asset,filter_1,2026-04-11T19:27:24.857Z,105,6.334e-06,8192,32768,pumpswap,6g8ZTMKCKvSsVX92g4SKoBESXgrDL2cR1WLg8i7GZPV9
2026-04-11T21:11:59.725Z,Aq6XmZSohMJeRGU9WswbyQo9paEcKrTEs3xdfDFtpump,Lia,filter_1,2026-04-11T19:25:27.104Z,107,2.355e-06,4096,524288,pumpswap,BsFk4E3Hm12Mg27XmBoDPuk27WAC78BPfN98AHHpDPcM
2026-04-11T21:11:59.885Z,AUZnnRTdybeMiHrxfueNyBgLHnu4H39kngUh84WMpump,MELANIA,filter_3,2026-04-11T19:24:02.559Z,108,0.0005412,65536,262144,pumpswap,DM9Xj9x8A8SEinJdoz4SJH2vdhBdPGSZmhL7DxBgwbBy
2026-04-11T21:12:00.046Z,56MEDV2H1M7DkaikaSg5vpibaSyWhgspCxgPwQJhpump,DNIGGA,filter_1,2026-04-11T19:22:24.852Z,110,2.479e-06,4096,65536,pumpswap,CAhVRREzXYHDvtu6iwACsei9vhv6mexsGm9hpkeVP1Kj
2026-04-11T21:12:00.207Z,A2Px3FMumMJ7W67VEp9ahFXueEyf9aHpei4TTJ5mpump,BABY,filter_3,2026-04-11T19:14:43.120Z,117,1.726e-05,8192,1048576,pumpswap,53UgNjZDC6mXsEDTowHLmKi2Y6jzjH2Ee3ybac7jEQRQ
2026-04-11T21:12:00.368Z,wutj1cNsMWyeu9ub61knDRCwU37aVvYuCBn8ZLPj7JL,ZHONEY,filter_1,2026-04-11T19:04:35.959Z,127,1.308e-05,8192,65536,pumpswap,CtYpMFyZqcJL7mPbDQU9o88g9QpkbzEFSC81J9FzFbF8
2026-04-11T21:12:00.528Z,4oFZFm3s8VKeCnwM2G5X5mZrsPivDyzCLvDYZmVipump,ClawFC,filter_1,2026-04-11T19:00:33.206Z,131,1.68e-05,8192,65536,pumpswap,BnbuPvQe2TNdhS7CSdsCGS1WY7FYu2kZti9adrqkqpZh
2026-04-11T21:12:00.688Z,5rniCpoweGXgsLZZDohw3fZA5yuXgt87df6GHAxWpump,MOTHER,filter_1,2026-04-11T18:17:31.505Z,174,7.138e-06,8192,131072,pumpswap,7dzsEYbuQoK1LLAiae7riygcwphP7BTbK6r7Vv94p28M
2026-04-11T21:12:00.848Z,3i8RByhvAaSWh2VSoVieAPzzmc4DpZC9WHVSsDzBpump,FOOLHOUSE,filter_2,2026-04-11T13:59:09.655Z,433,1.747e-06,4096,524288,pumpswap,G8AJyLtb85QyMbaXZe4k5DdTfLPTD8dEX9xDn2fKqQZD
2026-04-11T21:12:01.031Z,AutFvM5QZqtvjK2SrR8iLwvDEQ7ePnL14Rv7GPFvpump,TripleC,filter_2,2026-04-11T13:57:07.657Z,435,1.995e-05,8192,524288,pumpswap,Cvk9vLXa9wiqWTxb7q5EP3jdPow5ZBrdn1MLRmergW3v
2026-04-11T21:12:01.192Z,Dj2JhqEaKgPDo9se3A1dtSBVV1FFCxAfFa9SBBWmpump,GoldDancer,filter_2,2026-04-11T13:01:12.368Z,491,2.769e-05,16384,524288,pumpswap,9hovxHG2vADjGPe7S6agGTx5o72kgojobbpC5UVzLdt5
2026-04-11T21:12:01.352Z,ACtfUWtgvaXrQGNMiohTusi5jcx5RJf5zwu9aAxkpump,unc,filter_2,2026-04-11T11:21:14.804Z,591,0.0006179,65536,2097152,pumpswap,BWFZkx1pMpvwxammwTrizvoWzZZGiFEYUYW6Ee51SHLy
2026-04-11T21:12:01.517Z,51bywes8qqftjWhEZJZ3GvCM2ogximFejkKqa9kMpump,Marina,filter_2,2026-04-11T10:45:10.038Z,627,5.218e-05,16384,524288,pumpswap,ChmxH4uiGja7C2ht4KurCwXP8LLgtUgibFL1RwLNqeSG
2026-04-11T21:12:01.719Z,22a4gJyiBTjWsTaFAHiHoQTmXsptDy3iBHeqKQADpump,WLFI,filter_2,2026-04-11T08:08:14.642Z,784,2.619e-05,16384,1048576,pumpswap,8JUXPRDDfRbDTN9fsQg1fLKw3u7DM9Cesodu1pcp6WA5
2026-04-11T21:12:01.880Z,J1iyLMzrc4G4WgDVmm33bes1Xwzd1mTcmvP8gubMpump,5,filter_2,2026-04-11T07:45:06.637Z,807,1.956e-06,4096,524288,pumpswap,1HojmJ4JLUiwXz5PxPMAyvaWvk5WZSHGFm1SyQZHTQ2
2026-04-11T21:12:02.042Z,EQUU2gdzvmabX36rCxKSRSNJKtAedRHEiP8pikC8pump,emi,filter_2,2026-04-11T06:50:09.612Z,862,3.042e-05,16384,2097152,pumpswap,A1eSqj58a8SWLfY9ecCZcfaWSgjYvEHXimiyoKHWG2qn
2026-04-11T21:12:02.227Z,5NmLAtsnwiZZbidywsSZYbZS3GtsoAEfa9HNHjGspump,PND,filter_2,2026-04-11T06:08:08.609Z,904,1.073e-05,8192,1048576,pumpswap,G2GWEuB5ZA6p2qFxx4i4VViApW5P7aLrYJUv2vdgR5jm
2026-04-11T21:12:02.415Z,3DiHoTLRFzuMHmTBfo84Q22yX16Bv6XviFzgLaxnUJSe,SDR,filter_2,2026-04-11T05:05:14.827Z,967,0.3442,262144,8388608,raydium,8jJMsUjNZDd32et5q7SXPx6QNQkRbbLK1exbNZfoTKcP
2026-04-11T21:12:02.574Z,8Ct8WT6TYTB9zTYxexAWthmWvYbLML9xmXcRFq2Rpump,METHANE,filter_2,2026-04-11T04:31:08.309Z,1001,1.331e-05,8192,131072,pumpswap,GBGkD83YH6d83NGuhhCKcnacPLoFUuexcCimVtPnhi4d
2026-04-11T21:12:02.767Z,BJMoyvAgJzpR1QEEdg8wkBe9PtCuzwCNW2aTzcn6pump,StepSis,filter_2,2026-04-11T02:26:13.472Z,1126,1.647e-06,4096,262144,pumpswap,BdkQUvcHsvnyNJQynnVWQfFusekQt3nVfGCP3WjQdBzB
2026-04-11T21:12:02.927Z,GBjRHbuTzJF2qMkemwY9uWhvs8r9uYqL4bxKheEtpump,TRUE,filter_2,2026-04-11T02:12:09.698Z,1140,3.736e-05,16384,2097152,pumpswap,8ShofcR7qcK368us7RzNYRwbSyyEouzhiSuLuj2kkoG5
2026-04-11T21:12:03.089Z,FFvp48WygUSxCCNP3n9Zu5G7F2yatwXQHbpD2Mkkpump,Skibidi,filter_2,2026-04-11T01:10:07.912Z,1202,0.000143,32768,1048576,pumpswap,DyBES1yrnSRHS4TKaABfG82LJ2Qifx6jmVUcLYh9XiGa
2026-04-11T21:12:03.249Z,AzB5QtBBZQEUVkWgLVADoXGcDZXqd2HNfaGFQpBBpump,Bro,filter_2,2026-04-11T01:07:09.930Z,1205,4.663e-06,4096,524288,pumpswap,hVcUcM5zBRPai8gd4EeDypNnNPwuihecYaYR9HMBCCj
2026-04-11T21:12:03.413Z,578sfyEs3dVmBDq9D4azot7YZmhUiVPY61q4AJTupump,BOATGUY,filter_2,2026-04-10T23:42:10.113Z,1290,6.778e-05,16384,1048576,pumpswap,EQjeB8b8QWTBzXW6ESCHsEdC1DtZQodGbs5TzymmHo7d
2026-04-11T21:12:03.597Z,76ZufhNoWy3HeoG8TEHV8kYiH3stF6Q7dtNtPuqwWyty,PXLPEPE,filter_2,2026-04-10T21:54:14.836Z,1398,4.79e-10,128,256,meteora,BpLArGNiMkGQcPp8hM4Ebj5jNYZjmWyKBaeK4UCH2N9i
2026-04-11T21:16:58.559Z,NicGVyEGbJhn52gBtqWM18zKGzRSe9js98AZnRwY8eS,NEGRON,filter_2,2026-04-11T21:12:01.322Z,5,2.498e-07,65536,524288,raydium,2rXfTt3Xh699TtAUruiz6Vs7vdTrsn55bEm2FKt9y8yE
2026-04-11T21:16:58.719Z,2wwDzQLc3pwgcHrkCadio4Hn3bzYyCptRAewJAEXdoge,MARKC,filter_1,2026-04-11T21:02:29.296Z,14,1.819e-05,8192,65536,meteora,2rVNWK9fRajakX19wtrfJKGE3xNWeubnV5VpYxETUvPX
2026-04-11T21:21:58.566Z,6TRyMNFbS6y444mDECfaENQrVnvZP4XzMr2fa6f8pump,Trump,filter_6,2026-04-11T21:07:35.070Z,14,2.664e-06,4096,1048576,pumpswap,BJLaR38FZ2accuRrABzAWdiMeZ8mF3Ky5tL6q853bgBh
2026-04-11T21:21:58.727Z,EamB9vqC1b4aoyPR6t3hn6CWf48yny84xzCuFJMbpump,Peepa,filter_1,2026-04-11T20:47:42.794Z,34,0.0002101,32768,2097152,pumpswap,BoB3Dvi5eLGFr86BexBPNY2ZXwMNjWhx3FVCep3X2Vj6
2026-04-11T21:21:58.889Z,AQGaTfXDcvinz6DuxfZEKKFp7hmiWDLis4FtK3chpump,Ivunka,filter_3,2026-04-11T20:41:43.544Z,40,2.384e-06,4096,524288,pumpswap,AHBtpXJ7csokwSXddEDxPFYHcA515g234kXTBMhAVRxe
2026-04-11T21:21:59.052Z,BfZ27pSjL3L8Abm8VuRs5MLjjP21Xv5tUL81Rkyepump,WID,filter_4,2026-04-11T20:41:42.289Z,40,1.888e-05,8192,8192,pumpswap,4zmdmfGwoNb2mfF9PJq2N7x38qpQMwBMphD3HMDx6dak
2026-04-11T21:21:59.214Z,EgiJdQ8dbQHWu1uKS6cQBPaF2sK3a7WFpkjHEgdDpump,Dodger,filter_3,2026-04-11T19:29:11.694Z,113,5.269e-05,16384,1048576,pumpswap,7yrRRCzf429YQ1xQgdZZMy5KQ5jtkkDC7gUZWyPerhXr
2026-04-11T21:21:59.401Z,7bfbBZXpMYbNjhZ6eQ8Ch8VFAbgcz4WsrY7JtQKcpump,BOATGUY,filter_1,2026-04-11T19:27:26.855Z,115,8.056e-06,8192,262144,pumpswap,6gALa6BfE8ce8pLYaEFsTkCtxozfbuBR5bMVK3nKeFD4
2026-04-11T21:21:59.562Z,4juv1Wq63My7Bc7rznMZTyuD4aQfRSZGW9uKqFXSpump,Asset,filter_1,2026-04-11T19:27:24.857Z,115,5.672e-06,8192,32768,pumpswap,6g8ZTMKCKvSsVX92g4SKoBESXgrDL2cR1WLg8i7GZPV9
2026-04-11T21:21:59.725Z,Aq6XmZSohMJeRGU9WswbyQo9paEcKrTEs3xdfDFtpump,Lia,filter_1,2026-04-11T19:25:27.104Z,117,2.346e-06,4096,524288,pumpswap,BsFk4E3Hm12Mg27XmBoDPuk27WAC78BPfN98AHHpDPcM
2026-04-11T21:21:59.885Z,AUZnnRTdybeMiHrxfueNyBgLHnu4H39kngUh84WMpump,MELANIA,filter_3,2026-04-11T19:24:02.559Z,118,0.000613,65536,262144,pumpswap,DM9Xj9x8A8SEinJdoz4SJH2vdhBdPGSZmhL7DxBgwbBy
2026-04-11T21:22:00.049Z,56MEDV2H1M7DkaikaSg5vpibaSyWhgspCxgPwQJhpump,DNIGGA,filter_1,2026-04-11T19:22:24.852Z,120,2.288e-06,4096,65536,pumpswap,CAhVRREzXYHDvtu6iwACsei9vhv6mexsGm9hpkeVP1Kj
2026-04-11T21:22:00.212Z,A2Px3FMumMJ7W67VEp9ahFXueEyf9aHpei4TTJ5mpump,BABY,filter_3,2026-04-11T19:14:43.120Z,127,1.816e-05,8192,1048576,pumpswap,53UgNjZDC6mXsEDTowHLmKi2Y6jzjH2Ee3ybac7jEQRQ
2026-04-11T21:22:00.376Z,wutj1cNsMWyeu9ub61knDRCwU37aVvYuCBn8ZLPj7JL,ZHONEY,filter_1,2026-04-11T19:04:35.959Z,137,1.305e-05,8192,65536,pumpswap,CtYpMFyZqcJL7mPbDQU9o88g9QpkbzEFSC81J9FzFbF8
2026-04-11T21:22:00.538Z,4oFZFm3s8VKeCnwM2G5X5mZrsPivDyzCLvDYZmVipump,ClawFC,filter_1,2026-04-11T19:00:33.206Z,141,1.816e-05,8192,65536,pumpswap,BnbuPvQe2TNdhS7CSdsCGS1WY7FYu2kZti9adrqkqpZh
2026-04-11T21:22:00.701Z,5rniCpoweGXgsLZZDohw3fZA5yuXgt87df6GHAxWpump,MOTHER,filter_1,2026-04-11T18:17:31.505Z,184,7.213e-06,8192,131072,pumpswap,7dzsEYbuQoK1LLAiae7riygcwphP7BTbK6r7Vv94p28M
2026-04-11T21:22:00.863Z,3i8RByhvAaSWh2VSoVieAPzzmc4DpZC9WHVSsDzBpump,FOOLHOUSE,filter_2,2026-04-11T13:59:09.655Z,443,1.747e-06,4096,524288,pumpswap,G8AJyLtb85QyMbaXZe4k5DdTfLPTD8dEX9xDn2fKqQZD
2026-04-11T21:22:01.025Z,AutFvM5QZqtvjK2SrR8iLwvDEQ7ePnL14Rv7GPFvpump,TripleC,filter_2,2026-04-11T13:57:07.657Z,445,1.47e-05,8192,524288,pumpswap,Cvk9vLXa9wiqWTxb7q5EP3jdPow5ZBrdn1MLRmergW3v
2026-04-11T21:22:01.186Z,Dj2JhqEaKgPDo9se3A1dtSBVV1FFCxAfFa9SBBWmpump,GoldDancer,filter_2,2026-04-11T13:01:12.368Z,501,2.97e-05,16384,524288,pumpswap,9hovxHG2vADjGPe7S6agGTx5o72kgojobbpC5UVzLdt5
2026-04-11T21:22:01.349Z,ACtfUWtgvaXrQGNMiohTusi5jcx5RJf5zwu9aAxkpump,unc,filter_2,2026-04-11T11:21:14.804Z,601,0.0007281,65536,2097152,pumpswap,BWFZkx1pMpvwxammwTrizvoWzZZGiFEYUYW6Ee51SHLy
2026-04-11T21:22:01.538Z,51bywes8qqftjWhEZJZ3GvCM2ogximFejkKqa9kMpump,Marina,filter_2,2026-04-11T10:45:10.038Z,637,5.773e-05,16384,524288,pumpswap,ChmxH4uiGja7C2ht4KurCwXP8LLgtUgibFL1RwLNqeSG
2026-04-11T21:22:01.724Z,22a4gJyiBTjWsTaFAHiHoQTmXsptDy3iBHeqKQADpump,WLFI,filter_2,2026-04-11T08:08:14.642Z,794,3.298e-05,16384,1048576,pumpswap,8JUXPRDDfRbDTN9fsQg1fLKw3u7DM9Cesodu1pcp6WA5
2026-04-11T21:22:01.886Z,J1iyLMzrc4G4WgDVmm33bes1Xwzd1mTcmvP8gubMpump,5,filter_2,2026-04-11T07:45:06.637Z,817,1.956e-06,4096,524288,pumpswap,1HojmJ4JLUiwXz5PxPMAyvaWvk5WZSHGFm1SyQZHTQ2
2026-04-11T21:22:02.051Z,EQUU2gdzvmabX36rCxKSRSNJKtAedRHEiP8pikC8pump,emi,filter_2,2026-04-11T06:50:09.612Z,872,3.126e-05,16384,2097152,pumpswap,A1eSqj58a8SWLfY9ecCZcfaWSgjYvEHXimiyoKHWG2qn
2026-04-11T21:22:02.237Z,5NmLAtsnwiZZbidywsSZYbZS3GtsoAEfa9HNHjGspump,PND,filter_2,2026-04-11T06:08:08.609Z,914,1.068e-05,8192,1048576,pumpswap,G2GWEuB5ZA6p2qFxx4i4VViApW5P7aLrYJUv2vdgR5jm
2026-04-11T21:22:02.400Z,3DiHoTLRFzuMHmTBfo84Q22yX16Bv6XviFzgLaxnUJSe,SDR,filter_2,2026-04-11T05:05:14.827Z,977,0.3397,262144,8388608,raydium,8jJMsUjNZDd32et5q7SXPx6QNQkRbbLK1exbNZfoTKcP
2026-04-11T21:22:02.562Z,8Ct8WT6TYTB9zTYxexAWthmWvYbLML9xmXcRFq2Rpump,METHANE,filter_2,2026-04-11T04:31:08.309Z,1011,1.127e-05,8192,131072,pumpswap,GBGkD83YH6d83NGuhhCKcnacPLoFUuexcCimVtPnhi4d
2026-04-11T21:22:02.749Z,BJMoyvAgJzpR1QEEdg8wkBe9PtCuzwCNW2aTzcn6pump,StepSis,filter_2,2026-04-11T02:26:13.472Z,1136,1.647e-06,4096,262144,pumpswap,BdkQUvcHsvnyNJQynnVWQfFusekQt3nVfGCP3WjQdBzB
2026-04-11T21:22:02.911Z,GBjRHbuTzJF2qMkemwY9uWhvs8r9uYqL4bxKheEtpump,TRUE,filter_2,2026-04-11T02:12:09.698Z,1150,3.626e-05,16384,2097152,pumpswap,8ShofcR7qcK368us7RzNYRwbSyyEouzhiSuLuj2kkoG5
2026-04-11T21:22:03.076Z,FFvp48WygUSxCCNP3n9Zu5G7F2yatwXQHbpD2Mkkpump,Skibidi,filter_2,2026-04-11T01:10:07.912Z,1212,0.0001487,32768,1048576,pumpswap,DyBES1yrnSRHS4TKaABfG82LJ2Qifx6jmVUcLYh9XiGa
2026-04-11T21:22:03.240Z,AzB5QtBBZQEUVkWgLVADoXGcDZXqd2HNfaGFQpBBpump,Bro,filter_2,2026-04-11T01:07:09.930Z,1215,4.712e-06,4096,524288,pumpswap,hVcUcM5zBRPai8gd4EeDypNnNPwuihecYaYR9HMBCCj
2026-04-11T21:22:03.402Z,578sfyEs3dVmBDq9D4azot7YZmhUiVPY61q4AJTupump,BOATGUY,filter_2,2026-04-10T23:42:10.113Z,1300,6.555e-05,16384,1048576,pumpswap,EQjeB8b8QWTBzXW6ESCHsEdC1DtZQodGbs5TzymmHo7d
2026-04-11T21:22:03.606Z,76ZufhNoWy3HeoG8TEHV8kYiH3stF6Q7dtNtPuqwWyty,PXLPEPE,filter_2,2026-04-10T21:54:14.836Z,1408,4.79e-10,128,256,meteora,BpLArGNiMkGQcPp8hM4Ebj5jNYZjmWyKBaeK4UCH2N9i
2026-04-11T21:26:58.604Z,NicGVyEGbJhn52gBtqWM18zKGzRSe9js98AZnRwY8eS,NEGRON,filter_2,2026-04-11T21:18:01.084Z,9,2.453e-07,65536,524288,raydium,2rXfTt3Xh699TtAUruiz6Vs7vdTrsn55bEm2FKt9y8yE
2026-04-11T21:26:58.764Z,2wwDzQLc3pwgcHrkCadio4Hn3bzYyCptRAewJAEXdoge,MARKC,filter_1,2026-04-11T21:02:29.296Z,24,1.801e-05,8192,65536,meteora,2rVNWK9fRajakX19wtrfJKGE3xNWeubnV5VpYxETUvPX
2026-04-11T21:31:58.569Z,6TRyMNFbS6y444mDECfaENQrVnvZP4XzMr2fa6f8pump,Trump,filter_6,2026-04-11T21:07:35.070Z,24,2.068e-06,4096,1048576,pumpswap,BJLaR38FZ2accuRrABzAWdiMeZ8mF3Ky5tL6q853bgBh
2026-04-11T21:31:58.732Z,EamB9vqC1b4aoyPR6t3hn6CWf48yny84xzCuFJMbpump,Peepa,filter_1,2026-04-11T20:47:42.794Z,44,0.0002053,32768,2097152,pumpswap,BoB3Dvi5eLGFr86BexBPNY2ZXwMNjWhx3FVCep3X2Vj6
2026-04-11T21:31:58.894Z,AQGaTfXDcvinz6DuxfZEKKFp7hmiWDLis4FtK3chpump,Ivunka,filter_3,2026-04-11T20:41:43.544Z,50,2.394e-06,4096,524288,pumpswap,AHBtpXJ7csokwSXddEDxPFYHcA515g234kXTBMhAVRxe
2026-04-11T21:31:59.081Z,BfZ27pSjL3L8Abm8VuRs5MLjjP21Xv5tUL81Rkyepump,WID,filter_4,2026-04-11T20:41:42.289Z,50,1.844e-05,8192,8192,pumpswap,4zmdmfGwoNb2mfF9PJq2N7x38qpQMwBMphD3HMDx6dak
2026-04-11T21:31:59.244Z,EgiJdQ8dbQHWu1uKS6cQBPaF2sK3a7WFpkjHEgdDpump,Dodger,filter_3,2026-04-11T19:29:11.694Z,123,6.252e-05,16384,1048576,pumpswap,7yrRRCzf429YQ1xQgdZZMy5KQ5jtkkDC7gUZWyPerhXr
2026-04-11T21:31:59.408Z,7bfbBZXpMYbNjhZ6eQ8Ch8VFAbgcz4WsrY7JtQKcpump,BOATGUY,filter_1,2026-04-11T19:27:26.855Z,125,7.747e-06,8192,262144,pumpswap,6gALa6BfE8ce8pLYaEFsTkCtxozfbuBR5bMVK3nKeFD4
2026-04-11T21:31:59.568Z,4juv1Wq63My7Bc7rznMZTyuD4aQfRSZGW9uKqFXSpump,Asset,filter_1,2026-04-11T19:27:24.857Z,125,5.607e-06,8192,32768,pumpswap,6g8ZTMKCKvSsVX92g4SKoBESXgrDL2cR1WLg8i7GZPV9
2026-04-11T21:31:59.728Z,Aq6XmZSohMJeRGU9WswbyQo9paEcKrTEs3xdfDFtpump,Lia,filter_1,2026-04-11T19:25:27.104Z,127,2.342e-06,4096,524288,pumpswap,BsFk4E3Hm12Mg27XmBoDPuk27WAC78BPfN98AHHpDPcM
2026-04-11T21:31:59.920Z,AUZnnRTdybeMiHrxfueNyBgLHnu4H39kngUh84WMpump,MELANIA,filter_3,2026-04-11T19:24:02.559Z,128,0.000584,65536,262144,pumpswap,DM9Xj9x8A8SEinJdoz4SJH2vdhBdPGSZmhL7DxBgwbBy
2026-04-11T21:32:00.082Z,56MEDV2H1M7DkaikaSg5vpibaSyWhgspCxgPwQJhpump,DNIGGA,filter_1,2026-04-11T19:22:24.852Z,130,2.277e-06,4096,65536,pumpswap,CAhVRREzXYHDvtu6iwACsei9vhv6mexsGm9hpkeVP1Kj
2026-04-11T21:32:00.266Z,A2Px3FMumMJ7W67VEp9ahFXueEyf9aHpei4TTJ5mpump,BABY,filter_3,2026-04-11T19:14:43.120Z,137,1.854e-05,8192,1048576,pumpswap,53UgNjZDC6mXsEDTowHLmKi2Y6jzjH2Ee3ybac7jEQRQ
2026-04-11T21:32:00.473Z,wutj1cNsMWyeu9ub61knDRCwU37aVvYuCBn8ZLPj7JL,ZHONEY,filter_1,2026-04-11T19:04:35.959Z,147,1.233e-05,8192,65536,pumpswap,CtYpMFyZqcJL7mPbDQU9o88g9QpkbzEFSC81J9FzFbF8
2026-04-11T21:32:00.637Z,4oFZFm3s8VKeCnwM2G5X5mZrsPivDyzCLvDYZmVipump,ClawFC,filter_1,2026-04-11T19:00:33.206Z,151,1.875e-05,8192,65536,pumpswap,BnbuPvQe2TNdhS7CSdsCGS1WY7FYu2kZti9adrqkqpZh
2026-04-11T21:32:00.822Z,5rniCpoweGXgsLZZDohw3fZA5yuXgt87df6GHAxWpump,MOTHER,filter_1,2026-04-11T18:17:31.505Z,194,6.872e-06,8192,131072,pumpswap,7dzsEYbuQoK1LLAiae7riygcwphP7BTbK6r7Vv94p28M
2026-04-11T21:32:01.008Z,3i8RByhvAaSWh2VSoVieAPzzmc4DpZC9WHVSsDzBpump,FOOLHOUSE,filter_2,2026-04-11T13:59:09.655Z,453,1.747e-06,4096,524288,pumpswap,G8AJyLtb85QyMbaXZe4k5DdTfLPTD8dEX9xDn2fKqQZD
2026-04-11T21:32:01.172Z,AutFvM5QZqtvjK2SrR8iLwvDEQ7ePnL14Rv7GPFvpump,TripleC,filter_2,2026-04-11T13:57:07.657Z,455,1.543e-05,8192,524288,pumpswap,Cvk9vLXa9wiqWTxb7q5EP3jdPow5ZBrdn1MLRmergW3v
2026-04-11T21:32:01.337Z,Dj2JhqEaKgPDo9se3A1dtSBVV1FFCxAfFa9SBBWmpump,GoldDancer,filter_2,2026-04-11T13:01:12.368Z,511,3.233e-05,16384,524288,pumpswap,9hovxHG2vADjGPe7S6agGTx5o72kgojobbpC5UVzLdt5
2026-04-11T21:32:01.501Z,ACtfUWtgvaXrQGNMiohTusi5jcx5RJf5zwu9aAxkpump,unc,filter_2,2026-04-11T11:21:14.804Z,611,0.000785,65536,2097152,pumpswap,BWFZkx1pMpvwxammwTrizvoWzZZGiFEYUYW6Ee51SHLy
2026-04-11T21:32:01.696Z,51bywes8qqftjWhEZJZ3GvCM2ogximFejkKqa9kMpump,Marina,filter_2,2026-04-11T10:45:10.038Z,647,5.774e-05,16384,524288,pumpswap,ChmxH4uiGja7C2ht4KurCwXP8LLgtUgibFL1RwLNqeSG
2026-04-11T21:32:01.886Z,22a4gJyiBTjWsTaFAHiHoQTmXsptDy3iBHeqKQADpump,WLFI,filter_2,2026-04-11T08:08:14.642Z,804,3.497e-05,16384,1048576,pumpswap,8JUXPRDDfRbDTN9fsQg1fLKw3u7DM9Cesodu1pcp6WA5
2026-04-11T21:32:02.048Z,J1iyLMzrc4G4WgDVmm33bes1Xwzd1mTcmvP8gubMpump,5,filter_2,2026-04-11T07:45:06.637Z,827,1.952e-06,4096,524288,pumpswap,1HojmJ4JLUiwXz5PxPMAyvaWvk5WZSHGFm1SyQZHTQ2
2026-04-11T21:32:02.212Z,EQUU2gdzvmabX36rCxKSRSNJKtAedRHEiP8pikC8pump,emi,filter_2,2026-04-11T06:50:09.612Z,882,2.722e-05,16384,2097152,pumpswap,A1eSqj58a8SWLfY9ecCZcfaWSgjYvEHXimiyoKHWG2qn
2026-04-11T21:32:02.400Z,5NmLAtsnwiZZbidywsSZYbZS3GtsoAEfa9HNHjGspump,PND,filter_2,2026-04-11T06:08:08.609Z,924,9.841e-06,8192,1048576,pumpswap,G2GWEuB5ZA6p2qFxx4i4VViApW5P7aLrYJUv2vdgR5jm
2026-04-11T21:32:02.836Z,3DiHoTLRFzuMHmTBfo84Q22yX16Bv6XviFzgLaxnUJSe,SDR,filter_2,2026-04-11T05:05:14.827Z,987,0.3376,262144,8388608,raydium,8jJMsUjNZDd32et5q7SXPx6QNQkRbbLK1exbNZfoTKcP
2026-04-11T21:32:03.029Z,8Ct8WT6TYTB9zTYxexAWthmWvYbLML9xmXcRFq2Rpump,METHANE,filter_2,2026-04-11T04:31:08.309Z,1021,1.098e-05,8192,131072,pumpswap,GBGkD83YH6d83NGuhhCKcnacPLoFUuexcCimVtPnhi4d
2026-04-11T21:32:03.214Z,BJMoyvAgJzpR1QEEdg8wkBe9PtCuzwCNW2aTzcn6pump,StepSis,filter_2,2026-04-11T02:26:13.472Z,1146,1.647e-06,4096,262144,pumpswap,BdkQUvcHsvnyNJQynnVWQfFusekQt3nVfGCP3WjQdBzB
2026-04-11T21:32:03.378Z,GBjRHbuTzJF2qMkemwY9uWhvs8r9uYqL4bxKheEtpump,TRUE,filter_2,2026-04-11T02:12:09.698Z,1160,3.408e-05,16384,2097152,pumpswap,8ShofcR7qcK368us7RzNYRwbSyyEouzhiSuLuj2kkoG5
2026-04-11T21:32:03.540Z,FFvp48WygUSxCCNP3n9Zu5G7F2yatwXQHbpD2Mkkpump,Skibidi,filter_2,2026-04-11T01:10:07.912Z,1222,0.0001694,32768,1048576,pumpswap,DyBES1yrnSRHS4TKaABfG82LJ2Qifx6jmVUcLYh9XiGa
2026-04-11T21:32:03.703Z,AzB5QtBBZQEUVkWgLVADoXGcDZXqd2HNfaGFQpBBpump,Bro,filter_2,2026-04-11T01:07:09.930Z,1225,4.251e-06,4096,524288,pumpswap,hVcUcM5zBRPai8gd4EeDypNnNPwuihecYaYR9HMBCCj
2026-04-11T21:32:03.864Z,578sfyEs3dVmBDq9D4azot7YZmhUiVPY61q4AJTupump,BOATGUY,filter_2,2026-04-10T23:42:10.113Z,1310,7.143e-05,16384,1048576,pumpswap,EQjeB8b8QWTBzXW6ESCHsEdC1DtZQodGbs5TzymmHo7d
2026-04-11T21:32:04.056Z,76ZufhNoWy3HeoG8TEHV8kYiH3stF6Q7dtNtPuqwWyty,PXLPEPE,filter_2,2026-04-10T21:54:14.836Z,1418,4.79e-10,128,256,meteora,BpLArGNiMkGQcPp8hM4Ebj5jNYZjmWyKBaeK4UCH2N9i
2026-04-11T21:36:58.562Z,NicGVyEGbJhn52gBtqWM18zKGzRSe9js98AZnRwY8eS,NEGRON,filter_2,2026-04-11T21:33:59.338Z,3,2.447e-07,65536,1048576,raydium,2rXfTt3Xh699TtAUruiz6Vs7vdTrsn55bEm2FKt9y8yE
2026-04-11T21:36:58.723Z,2wwDzQLc3pwgcHrkCadio4Hn3bzYyCptRAewJAEXdoge,MARKC,filter_1,2026-04-11T21:02:29.296Z,34,1.761e-05,8192,65536,meteora,2rVNWK9fRajakX19wtrfJKGE3xNWeubnV5VpYxETUvPX
2026-04-11T21:41:58.592Z,6TRyMNFbS6y444mDECfaENQrVnvZP4XzMr2fa6f8pump,Trump,filter_6,2026-04-11T21:07:35.070Z,34,2.068e-06,4096,1048576,pumpswap,BJLaR38FZ2accuRrABzAWdiMeZ8mF3Ky5tL6q853bgBh
2026-04-11T21:41:58.755Z,EamB9vqC1b4aoyPR6t3hn6CWf48yny84xzCuFJMbpump,Peepa,filter_1,2026-04-11T20:47:42.794Z,54,0.0002181,32768,2097152,pumpswap,BoB3Dvi5eLGFr86BexBPNY2ZXwMNjWhx3FVCep3X2Vj6
2026-04-11T21:41:58.914Z,AQGaTfXDcvinz6DuxfZEKKFp7hmiWDLis4FtK3chpump,Ivunka,filter_3,2026-04-11T20:41:43.544Z,60,2.393e-06,4096,524288,pumpswap,AHBtpXJ7csokwSXddEDxPFYHcA515g234kXTBMhAVRxe
2026-04-11T21:41:59.100Z,BfZ27pSjL3L8Abm8VuRs5MLjjP21Xv5tUL81Rkyepump,WID,filter_4,2026-04-11T20:41:42.289Z,60,1.844e-05,8192,8192,pumpswap,4zmdmfGwoNb2mfF9PJq2N7x38qpQMwBMphD3HMDx6dak
2026-04-11T21:41:59.291Z,EgiJdQ8dbQHWu1uKS6cQBPaF2sK3a7WFpkjHEgdDpump,Dodger,filter_3,2026-04-11T19:29:11.694Z,133,6.613e-05,16384,1048576,pumpswap,7yrRRCzf429YQ1xQgdZZMy5KQ5jtkkDC7gUZWyPerhXr
2026-04-11T21:41:59.449Z,7bfbBZXpMYbNjhZ6eQ8Ch8VFAbgcz4WsrY7JtQKcpump,BOATGUY,filter_1,2026-04-11T19:27:26.855Z,135,8.008e-06,8192,262144,pumpswap,6gALa6BfE8ce8pLYaEFsTkCtxozfbuBR5bMVK3nKeFD4
2026-04-11T21:41:59.609Z,4juv1Wq63My7Bc7rznMZTyuD4aQfRSZGW9uKqFXSpump,Asset,filter_1,2026-04-11T19:27:24.857Z,135,6.066e-06,8192,32768,pumpswap,6g8ZTMKCKvSsVX92g4SKoBESXgrDL2cR1WLg8i7GZPV9
2026-04-11T21:41:59.769Z,Aq6XmZSohMJeRGU9WswbyQo9paEcKrTEs3xdfDFtpump,Lia,filter_1,2026-04-11T19:25:27.104Z,137,2.342e-06,4096,524288,pumpswap,BsFk4E3Hm12Mg27XmBoDPuk27WAC78BPfN98AHHpDPcM
2026-04-11T21:41:59.932Z,AUZnnRTdybeMiHrxfueNyBgLHnu4H39kngUh84WMpump,MELANIA,filter_3,2026-04-11T19:24:02.559Z,138,0.0005925,65536,262144,pumpswap,DM9Xj9x8A8SEinJdoz4SJH2vdhBdPGSZmhL7DxBgwbBy
2026-04-11T21:42:00.093Z,56MEDV2H1M7DkaikaSg5vpibaSyWhgspCxgPwQJhpump,DNIGGA,filter_1,2026-04-11T19:22:24.852Z,140,2.309e-06,4096,65536,pumpswap,CAhVRREzXYHDvtu6iwACsei9vhv6mexsGm9hpkeVP1Kj
2026-04-11T21:42:00.254Z,A2Px3FMumMJ7W67VEp9ahFXueEyf9aHpei4TTJ5mpump,BABY,filter_3,2026-04-11T19:14:43.120Z,147,1.831e-05,8192,1048576,pumpswap,53UgNjZDC6mXsEDTowHLmKi2Y6jzjH2Ee3ybac7jEQRQ
2026-04-11T21:42:00.442Z,wutj1cNsMWyeu9ub61knDRCwU37aVvYuCBn8ZLPj7JL,ZHONEY,filter_1,2026-04-11T19:04:35.959Z,157,1.048e-05,8192,65536,pumpswap,CtYpMFyZqcJL7mPbDQU9o88g9QpkbzEFSC81J9FzFbF8
2026-04-11T21:42:00.604Z,4oFZFm3s8VKeCnwM2G5X5mZrsPivDyzCLvDYZmVipump,ClawFC,filter_1,2026-04-11T19:00:33.206Z,161,1.675e-05,8192,65536,pumpswap,BnbuPvQe2TNdhS7CSdsCGS1WY7FYu2kZti9adrqkqpZh
2026-04-11T21:42:00.795Z,5rniCpoweGXgsLZZDohw3fZA5yuXgt87df6GHAxWpump,MOTHER,filter_1,2026-04-11T18:17:31.505Z,204,6.814e-06,8192,131072,pumpswap,7dzsEYbuQoK1LLAiae7riygcwphP7BTbK6r7Vv94p28M
2026-04-11T21:42:00.985Z,3i8RByhvAaSWh2VSoVieAPzzmc4DpZC9WHVSsDzBpump,FOOLHOUSE,filter_2,2026-04-11T13:59:09.655Z,463,1.747e-06,4096,524288,pumpswap,G8AJyLtb85QyMbaXZe4k5DdTfLPTD8dEX9xDn2fKqQZD
2026-04-11T21:42:01.168Z,AutFvM5QZqtvjK2SrR8iLwvDEQ7ePnL14Rv7GPFvpump,TripleC,filter_2,2026-04-11T13:57:07.657Z,465,1.479e-05,8192,524288,pumpswap,Cvk9vLXa9wiqWTxb7q5EP3jdPow5ZBrdn1MLRmergW3v
2026-04-11T21:42:01.328Z,Dj2JhqEaKgPDo9se3A1dtSBVV1FFCxAfFa9SBBWmpump,GoldDancer,filter_2,2026-04-11T13:01:12.368Z,521,3.194e-05,16384,524288,pumpswap,9hovxHG2vADjGPe7S6agGTx5o72kgojobbpC5UVzLdt5
2026-04-11T21:42:01.489Z,ACtfUWtgvaXrQGNMiohTusi5jcx5RJf5zwu9aAxkpump,unc,filter_2,2026-04-11T11:21:14.804Z,621,0.0007413,65536,2097152,pumpswap,BWFZkx1pMpvwxammwTrizvoWzZZGiFEYUYW6Ee51SHLy
2026-04-11T21:42:01.651Z,51bywes8qqftjWhEZJZ3GvCM2ogximFejkKqa9kMpump,Marina,filter_2,2026-04-11T10:45:10.038Z,657,5.746e-05,16384,524288,pumpswap,ChmxH4uiGja7C2ht4KurCwXP8LLgtUgibFL1RwLNqeSG
2026-04-11T21:42:01.836Z,22a4gJyiBTjWsTaFAHiHoQTmXsptDy3iBHeqKQADpump,WLFI,filter_2,2026-04-11T08:08:14.642Z,814,2.89e-05,16384,1048576,pumpswap,8JUXPRDDfRbDTN9fsQg1fLKw3u7DM9Cesodu1pcp6WA5
2026-04-11T21:42:02.019Z,J1iyLMzrc4G4WgDVmm33bes1Xwzd1mTcmvP8gubMpump,5,filter_2,2026-04-11T07:45:06.637Z,837,1.952e-06,4096,524288,pumpswap,1HojmJ4JLUiwXz5PxPMAyvaWvk5WZSHGFm1SyQZHTQ2
2026-04-11T21:42:02.181Z,EQUU2gdzvmabX36rCxKSRSNJKtAedRHEiP8pikC8pump,emi,filter_2,2026-04-11T06:50:09.612Z,892,3.231e-05,16384,2097152,pumpswap,A1eSqj58a8SWLfY9ecCZcfaWSgjYvEHXimiyoKHWG2qn
2026-04-11T21:42:02.342Z,5NmLAtsnwiZZbidywsSZYbZS3GtsoAEfa9HNHjGspump,PND,filter_2,2026-04-11T06:08:08.609Z,934,9.782e-06,8192,1048576,pumpswap,G2GWEuB5ZA6p2qFxx4i4VViApW5P7aLrYJUv2vdgR5jm
2026-04-11T21:42:02.505Z,3DiHoTLRFzuMHmTBfo84Q22yX16Bv6XviFzgLaxnUJSe,SDR,filter_2,2026-04-11T05:05:14.827Z,997,0.3397,262144,8388608,raydium,8jJMsUjNZDd32et5q7SXPx6QNQkRbbLK1exbNZfoTKcP
2026-04-11T21:42:02.688Z,8Ct8WT6TYTB9zTYxexAWthmWvYbLML9xmXcRFq2Rpump,METHANE,filter_2,2026-04-11T04:31:08.309Z,1031,1.098e-05,8192,131072,pumpswap,GBGkD83YH6d83NGuhhCKcnacPLoFUuexcCimVtPnhi4d
2026-04-11T21:42:02.870Z,BJMoyvAgJzpR1QEEdg8wkBe9PtCuzwCNW2aTzcn6pump,StepSis,filter_2,2026-04-11T02:26:13.472Z,1156,1.647e-06,4096,262144,pumpswap,BdkQUvcHsvnyNJQynnVWQfFusekQt3nVfGCP3WjQdBzB
2026-04-11T21:42:03.032Z,GBjRHbuTzJF2qMkemwY9uWhvs8r9uYqL4bxKheEtpump,TRUE,filter_2,2026-04-11T02:12:09.698Z,1170,3.32e-05,16384,2097152,pumpswap,8ShofcR7qcK368us7RzNYRwbSyyEouzhiSuLuj2kkoG5
2026-04-11T21:42:03.217Z,FFvp48WygUSxCCNP3n9Zu5G7F2yatwXQHbpD2Mkkpump,Skibidi,filter_2,2026-04-11T01:10:07.912Z,1232,0.0001796,32768,1048576,pumpswap,DyBES1yrnSRHS4TKaABfG82LJ2Qifx6jmVUcLYh9XiGa
2026-04-11T21:42:03.377Z,AzB5QtBBZQEUVkWgLVADoXGcDZXqd2HNfaGFQpBBpump,Bro,filter_2,2026-04-11T01:07:09.930Z,1235,4.165e-06,4096,524288,pumpswap,hVcUcM5zBRPai8gd4EeDypNnNPwuihecYaYR9HMBCCj
2026-04-11T21:42:03.537Z,578sfyEs3dVmBDq9D4azot7YZmhUiVPY61q4AJTupump,BOATGUY,filter_2,2026-04-10T23:42:10.113Z,1320,7.663e-05,32768,1048576,pumpswap,EQjeB8b8QWTBzXW6ESCHsEdC1DtZQodGbs5TzymmHo7d
2026-04-11T21:42:03.702Z,76ZufhNoWy3HeoG8TEHV8kYiH3stF6Q7dtNtPuqwWyty,PXLPEPE,filter_2,2026-04-10T21:54:14.836Z,1428,4.926e-10,128,256,meteora,BpLArGNiMkGQcPp8hM4Ebj5jNYZjmWyKBaeK4UCH2N9i
2026-04-11T21:46:58.568Z,NicGVyEGbJhn52gBtqWM18zKGzRSe9js98AZnRwY8eS,NEGRON,filter_2,2026-04-11T21:33:59.338Z,13,2.451e-07,65536,1048576,raydium,2rXfTt3Xh699TtAUruiz6Vs7vdTrsn55bEm2FKt9y8yE
2026-04-11T21:46:58.729Z,2wwDzQLc3pwgcHrkCadio4Hn3bzYyCptRAewJAEXdoge,MARKC,filter_1,2026-04-11T21:02:29.296Z,44,1.716e-05,8192,65536,meteora,2rVNWK9fRajakX19wtrfJKGE3xNWeubnV5VpYxETUvPX
2026-04-11T21:51:58.578Z,6TRyMNFbS6y444mDECfaENQrVnvZP4XzMr2fa6f8pump,Trump,filter_6,2026-04-11T21:07:35.070Z,44,2.037e-06,4096,1048576,pumpswap,BJLaR38FZ2accuRrABzAWdiMeZ8mF3Ky5tL6q853bgBh
2026-04-11T21:51:58.742Z,EamB9vqC1b4aoyPR6t3hn6CWf48yny84xzCuFJMbpump,Peepa,filter_1,2026-04-11T20:47:42.794Z,64,0.0002291,32768,2097152,pumpswap,BoB3Dvi5eLGFr86BexBPNY2ZXwMNjWhx3FVCep3X2Vj6
2026-04-11T21:51:58.902Z,AQGaTfXDcvinz6DuxfZEKKFp7hmiWDLis4FtK3chpump,Ivunka,filter_3,2026-04-11T20:41:43.544Z,70,2.234e-06,4096,524288,pumpswap,AHBtpXJ7csokwSXddEDxPFYHcA515g234kXTBMhAVRxe
2026-04-11T21:51:59.061Z,BfZ27pSjL3L8Abm8VuRs5MLjjP21Xv5tUL81Rkyepump,WID,filter_4,2026-04-11T20:41:42.289Z,70,1.844e-05,8192,8192,pumpswap,4zmdmfGwoNb2mfF9PJq2N7x38qpQMwBMphD3HMDx6dak
2026-04-11T21:51:59.253Z,EgiJdQ8dbQHWu1uKS6cQBPaF2sK3a7WFpkjHEgdDpump,Dodger,filter_3,2026-04-11T19:29:11.694Z,143,5.298e-05,16384,1048576,pumpswap,7yrRRCzf429YQ1xQgdZZMy5KQ5jtkkDC7gUZWyPerhXr
2026-04-11T21:51:59.456Z,7bfbBZXpMYbNjhZ6eQ8Ch8VFAbgcz4WsrY7JtQKcpump,BOATGUY,filter_1,2026-04-11T19:27:26.855Z,145,7.677e-06,8192,262144,pumpswap,6gALa6BfE8ce8pLYaEFsTkCtxozfbuBR5bMVK3nKeFD4
2026-04-11T21:51:59.615Z,4juv1Wq63My7Bc7rznMZTyuD4aQfRSZGW9uKqFXSpump,Asset,filter_1,2026-04-11T19:27:24.857Z,145,6.017e-06,8192,32768,pumpswap,6g8ZTMKCKvSsVX92g4SKoBESXgrDL2cR1WLg8i7GZPV9
2026-04-11T21:51:59.775Z,Aq6XmZSohMJeRGU9WswbyQo9paEcKrTEs3xdfDFtpump,Lia,filter_1,2026-04-11T19:25:27.104Z,147,2.342e-06,4096,524288,pumpswap,BsFk4E3Hm12Mg27XmBoDPuk27WAC78BPfN98AHHpDPcM
2026-04-11T21:51:59.934Z,AUZnnRTdybeMiHrxfueNyBgLHnu4H39kngUh84WMpump,MELANIA,filter_3,2026-04-11T19:24:02.559Z,148,0.0006567,65536,262144,pumpswap,DM9Xj9x8A8SEinJdoz4SJH2vdhBdPGSZmhL7DxBgwbBy
2026-04-11T21:52:00.094Z,56MEDV2H1M7DkaikaSg5vpibaSyWhgspCxgPwQJhpump,DNIGGA,filter_1,2026-04-11T19:22:24.852Z,150,2.309e-06,4096,65536,pumpswap,CAhVRREzXYHDvtu6iwACsei9vhv6mexsGm9hpkeVP1Kj
2026-04-11T21:52:00.255Z,A2Px3FMumMJ7W67VEp9ahFXueEyf9aHpei4TTJ5mpump,BABY,filter_3,2026-04-11T19:14:43.120Z,157,2.137e-05,16384,1048576,pumpswap,53UgNjZDC6mXsEDTowHLmKi2Y6jzjH2Ee3ybac7jEQRQ
2026-04-11T21:52:00.415Z,wutj1cNsMWyeu9ub61knDRCwU37aVvYuCBn8ZLPj7JL,ZHONEY,filter_1,2026-04-11T19:04:35.959Z,167,1.134e-05,8192,65536,pumpswap,CtYpMFyZqcJL7mPbDQU9o88g9QpkbzEFSC81J9FzFbF8
2026-04-11T21:52:00.602Z,4oFZFm3s8VKeCnwM2G5X5mZrsPivDyzCLvDYZmVipump,ClawFC,filter_1,2026-04-11T19:00:33.206Z,171,1.479e-05,8192,65536,pumpswap,BnbuPvQe2TNdhS7CSdsCGS1WY7FYu2kZti9adrqkqpZh
2026-04-11T21:52:00.763Z,5rniCpoweGXgsLZZDohw3fZA5yuXgt87df6GHAxWpump,MOTHER,filter_1,2026-04-11T18:17:31.505Z,214,6.901e-06,8192,131072,pumpswap,7dzsEYbuQoK1LLAiae7riygcwphP7BTbK6r7Vv94p28M
2026-04-11T21:52:00.922Z,3i8RByhvAaSWh2VSoVieAPzzmc4DpZC9WHVSsDzBpump,FOOLHOUSE,filter_2,2026-04-11T13:59:09.655Z,473,1.747e-06,4096,524288,pumpswap,G8AJyLtb85QyMbaXZe4k5DdTfLPTD8dEX9xDn2fKqQZD
2026-04-11T21:52:01.084Z,AutFvM5QZqtvjK2SrR8iLwvDEQ7ePnL14Rv7GPFvpump,TripleC,filter_2,2026-04-11T13:57:07.657Z,475,1.487e-05,8192,524288,pumpswap,Cvk9vLXa9wiqWTxb7q5EP3jdPow5ZBrdn1MLRmergW3v
2026-04-11T21:52:01.244Z,Dj2JhqEaKgPDo9se3A1dtSBVV1FFCxAfFa9SBBWmpump,GoldDancer,filter_2,2026-04-11T13:01:12.368Z,531,3.347e-05,16384,524288,pumpswap,9hovxHG2vADjGPe7S6agGTx5o72kgojobbpC5UVzLdt5
2026-04-11T21:52:01.405Z,ACtfUWtgvaXrQGNMiohTusi5jcx5RJf5zwu9aAxkpump,unc,filter_2,2026-04-11T11:21:14.804Z,631,0.0008121,65536,2097152,pumpswap,BWFZkx1pMpvwxammwTrizvoWzZZGiFEYUYW6Ee51SHLy
2026-04-11T21:52:01.564Z,51bywes8qqftjWhEZJZ3GvCM2ogximFejkKqa9kMpump,Marina,filter_2,2026-04-11T10:45:10.038Z,667,6.312e-05,16384,524288,pumpswap,ChmxH4uiGja7C2ht4KurCwXP8LLgtUgibFL1RwLNqeSG
2026-04-11T21:52:01.750Z,22a4gJyiBTjWsTaFAHiHoQTmXsptDy3iBHeqKQADpump,WLFI,filter_2,2026-04-11T08:08:14.642Z,824,2.554e-05,16384,1048576,pumpswap,8JUXPRDDfRbDTN9fsQg1fLKw3u7DM9Cesodu1pcp6WA5
2026-04-11T21:52:01.911Z,J1iyLMzrc4G4WgDVmm33bes1Xwzd1mTcmvP8gubMpump,5,filter_2,2026-04-11T07:45:06.637Z,847,1.952e-06,4096,524288,pumpswap,1HojmJ4JLUiwXz5PxPMAyvaWvk5WZSHGFm1SyQZHTQ2
2026-04-11T21:52:02.073Z,EQUU2gdzvmabX36rCxKSRSNJKtAedRHEiP8pikC8pump,emi,filter_2,2026-04-11T06:50:09.612Z,902,3.364e-05,16384,2097152,pumpswap,A1eSqj58a8SWLfY9ecCZcfaWSgjYvEHXimiyoKHWG2qn
2026-04-11T21:52:02.233Z,5NmLAtsnwiZZbidywsSZYbZS3GtsoAEfa9HNHjGspump,PND,filter_2,2026-04-11T06:08:08.609Z,944,1.001e-05,8192,1048576,pumpswap,G2GWEuB5ZA6p2qFxx4i4VViApW5P7aLrYJUv2vdgR5jm
2026-04-11T21:52:02.426Z,3DiHoTLRFzuMHmTBfo84Q22yX16Bv6XviFzgLaxnUJSe,SDR,filter_2,2026-04-11T05:05:14.827Z,1007,0.3369,262144,8388608,raydium,8jJMsUjNZDd32et5q7SXPx6QNQkRbbLK1exbNZfoTKcP
2026-04-11T21:52:02.586Z,8Ct8WT6TYTB9zTYxexAWthmWvYbLML9xmXcRFq2Rpump,METHANE,filter_2,2026-04-11T04:31:08.309Z,1041,1.243e-05,8192,131072,pumpswap,GBGkD83YH6d83NGuhhCKcnacPLoFUuexcCimVtPnhi4d
2026-04-11T21:52:02.770Z,BJMoyvAgJzpR1QEEdg8wkBe9PtCuzwCNW2aTzcn6pump,StepSis,filter_2,2026-04-11T02:26:13.472Z,1166,1.647e-06,4096,262144,pumpswap,BdkQUvcHsvnyNJQynnVWQfFusekQt3nVfGCP3WjQdBzB
2026-04-11T21:52:02.956Z,GBjRHbuTzJF2qMkemwY9uWhvs8r9uYqL4bxKheEtpump,TRUE,filter_2,2026-04-11T02:12:09.698Z,1180,3.243e-05,16384,2097152,pumpswap,8ShofcR7qcK368us7RzNYRwbSyyEouzhiSuLuj2kkoG5
2026-04-11T21:52:03.119Z,FFvp48WygUSxCCNP3n9Zu5G7F2yatwXQHbpD2Mkkpump,Skibidi,filter_2,2026-04-11T01:10:07.912Z,1242,0.0001936,32768,1048576,pumpswap,DyBES1yrnSRHS4TKaABfG82LJ2Qifx6jmVUcLYh9XiGa
2026-04-11T21:52:03.282Z,AzB5QtBBZQEUVkWgLVADoXGcDZXqd2HNfaGFQpBBpump,Bro,filter_2,2026-04-11T01:07:09.930Z,1245,4.132e-06,4096,524288,pumpswap,hVcUcM5zBRPai8gd4EeDypNnNPwuihecYaYR9HMBCCj
2026-04-11T21:52:03.442Z,578sfyEs3dVmBDq9D4azot7YZmhUiVPY61q4AJTupump,BOATGUY,filter_2,2026-04-10T23:42:10.113Z,1330,7.833e-05,32768,524288,pumpswap,EQjeB8b8QWTBzXW6ESCHsEdC1DtZQodGbs5TzymmHo7d
2026-04-11T21:52:03.636Z,76ZufhNoWy3HeoG8TEHV8kYiH3stF6Q7dtNtPuqwWyty,PXLPEPE,filter_2,2026-04-10T21:54:14.836Z,1438,4.926e-10,128,256,meteora,BpLArGNiMkGQcPp8hM4Ebj5jNYZjmWyKBaeK4UCH2N9i
2026-04-11T21:56:58.567Z,9XhhPHKnvSd9R8Ygr8kHR6n8YNYd7SMzRHHPFeb2pump,doomer,filter_1,2026-04-11T21:54:33.620Z,2,2.129e-06,4096,262144,pumpswap,DqTPbpJo2UfNFy2v4dHjMoFg9S2wid1RZuF8qfwcJrHx
2026-04-11T21:56:58.726Z,NicGVyEGbJhn52gBtqWM18zKGzRSe9js98AZnRwY8eS,NEGRON,filter_2,2026-04-11T21:33:59.338Z,23,2.433e-07,65536,1048576,raydium,2rXfTt3Xh699TtAUruiz6Vs7vdTrsn55bEm2FKt9y8yE
2026-04-11T21:56:58.886Z,2wwDzQLc3pwgcHrkCadio4Hn3bzYyCptRAewJAEXdoge,MARKC,filter_1,2026-04-11T21:02:29.296Z,54,1.511e-05,8192,65536,meteora,2rVNWK9fRajakX19wtrfJKGE3xNWeubnV5VpYxETUvPX
2026-04-11T22:01:58.572Z,6TRyMNFbS6y444mDECfaENQrVnvZP4XzMr2fa6f8pump,Trump,filter_6,2026-04-11T21:07:35.070Z,54,2.075e-06,4096,1048576,pumpswap,BJLaR38FZ2accuRrABzAWdiMeZ8mF3Ky5tL6q853bgBh
2026-04-11T22:01:58.735Z,EamB9vqC1b4aoyPR6t3hn6CWf48yny84xzCuFJMbpump,Peepa,filter_1,2026-04-11T20:47:42.794Z,74,0.0002186,32768,2097152,pumpswap,BoB3Dvi5eLGFr86BexBPNY2ZXwMNjWhx3FVCep3X2Vj6
2026-04-11T22:01:58.895Z,AQGaTfXDcvinz6DuxfZEKKFp7hmiWDLis4FtK3chpump,Ivunka,filter_3,2026-04-11T20:41:43.544Z,80,2.248e-06,4096,524288,pumpswap,AHBtpXJ7csokwSXddEDxPFYHcA515g234kXTBMhAVRxe
2026-04-11T22:01:59.055Z,BfZ27pSjL3L8Abm8VuRs5MLjjP21Xv5tUL81Rkyepump,WID,filter_4,2026-04-11T20:41:42.289Z,80,1.844e-05,8192,8192,pumpswap,4zmdmfGwoNb2mfF9PJq2N7x38qpQMwBMphD3HMDx6dak
2026-04-11T22:01:59.220Z,EgiJdQ8dbQHWu1uKS6cQBPaF2sK3a7WFpkjHEgdDpump,Dodger,filter_3,2026-04-11T19:29:11.694Z,153,4.687e-05,16384,1048576,pumpswap,7yrRRCzf429YQ1xQgdZZMy5KQ5jtkkDC7gUZWyPerhXr
2026-04-11T22:01:59.381Z,7bfbBZXpMYbNjhZ6eQ8Ch8VFAbgcz4WsrY7JtQKcpump,BOATGUY,filter_1,2026-04-11T19:27:26.855Z,155,7.507e-06,8192,262144,pumpswap,6gALa6BfE8ce8pLYaEFsTkCtxozfbuBR5bMVK3nKeFD4
2026-04-11T22:01:59.568Z,4juv1Wq63My7Bc7rznMZTyuD4aQfRSZGW9uKqFXSpump,Asset,filter_1,2026-04-11T19:27:24.857Z,155,6.017e-06,8192,32768,pumpswap,6g8ZTMKCKvSsVX92g4SKoBESXgrDL2cR1WLg8i7GZPV9
2026-04-11T22:01:59.728Z,Aq6XmZSohMJeRGU9WswbyQo9paEcKrTEs3xdfDFtpump,Lia,filter_1,2026-04-11T19:25:27.104Z,157,2.342e-06,4096,524288,pumpswap,BsFk4E3Hm12Mg27XmBoDPuk27WAC78BPfN98AHHpDPcM
2026-04-11T22:01:59.889Z,AUZnnRTdybeMiHrxfueNyBgLHnu4H39kngUh84WMpump,MELANIA,filter_3,2026-04-11T19:24:02.559Z,158,0.0006403,65536,262144,pumpswap,DM9Xj9x8A8SEinJdoz4SJH2vdhBdPGSZmhL7DxBgwbBy
2026-04-11T22:02:00.050Z,56MEDV2H1M7DkaikaSg5vpibaSyWhgspCxgPwQJhpump,DNIGGA,filter_1,2026-04-11T19:22:24.852Z,160,2.457e-06,4096,65536,pumpswap,CAhVRREzXYHDvtu6iwACsei9vhv6mexsGm9hpkeVP1Kj
2026-04-11T22:02:00.220Z,A2Px3FMumMJ7W67VEp9ahFXueEyf9aHpei4TTJ5mpump,BABY,filter_3,2026-04-11T19:14:43.120Z,167,1.919e-05,8192,1048576,pumpswap,53UgNjZDC6mXsEDTowHLmKi2Y6jzjH2Ee3ybac7jEQRQ
2026-04-11T22:02:00.410Z,wutj1cNsMWyeu9ub61knDRCwU37aVvYuCBn8ZLPj7JL,ZHONEY,filter_1,2026-04-11T19:04:35.959Z,177,1.119e-05,8192,65536,pumpswap,CtYpMFyZqcJL7mPbDQU9o88g9QpkbzEFSC81J9FzFbF8
2026-04-11T22:02:00.569Z,4oFZFm3s8VKeCnwM2G5X5mZrsPivDyzCLvDYZmVipump,ClawFC,filter_1,2026-04-11T19:00:33.206Z,181,1.468e-05,8192,65536,pumpswap,BnbuPvQe2TNdhS7CSdsCGS1WY7FYu2kZti9adrqkqpZh
2026-04-11T22:02:00.750Z,5rniCpoweGXgsLZZDohw3fZA5yuXgt87df6GHAxWpump,MOTHER,filter_1,2026-04-11T18:17:31.505Z,224,6.876e-06,8192,131072,pumpswap,7dzsEYbuQoK1LLAiae7riygcwphP7BTbK6r7Vv94p28M
2026-04-11T22:02:00.942Z,3i8RByhvAaSWh2VSoVieAPzzmc4DpZC9WHVSsDzBpump,FOOLHOUSE,filter_2,2026-04-11T13:59:09.655Z,483,1.75e-06,4096,524288,pumpswap,G8AJyLtb85QyMbaXZe4k5DdTfLPTD8dEX9xDn2fKqQZD
2026-04-11T22:02:01.142Z,AutFvM5QZqtvjK2SrR8iLwvDEQ7ePnL14Rv7GPFvpump,TripleC,filter_2,2026-04-11T13:57:07.657Z,485,1.398e-05,8192,524288,pumpswap,Cvk9vLXa9wiqWTxb7q5EP3jdPow5ZBrdn1MLRmergW3v
2026-04-11T22:02:01.305Z,Dj2JhqEaKgPDo9se3A1dtSBVV1FFCxAfFa9SBBWmpump,GoldDancer,filter_2,2026-04-11T13:01:12.368Z,541,3.307e-05,16384,524288,pumpswap,9hovxHG2vADjGPe7S6agGTx5o72kgojobbpC5UVzLdt5
2026-04-11T22:02:01.466Z,ACtfUWtgvaXrQGNMiohTusi5jcx5RJf5zwu9aAxkpump,unc,filter_2,2026-04-11T11:21:14.804Z,641,0.0008029,65536,2097152,pumpswap,BWFZkx1pMpvwxammwTrizvoWzZZGiFEYUYW6Ee51SHLy
2026-04-11T22:02:01.626Z,51bywes8qqftjWhEZJZ3GvCM2ogximFejkKqa9kMpump,Marina,filter_2,2026-04-11T10:45:10.038Z,677,5.699e-05,16384,524288,pumpswap,ChmxH4uiGja7C2ht4KurCwXP8LLgtUgibFL1RwLNqeSG
2026-04-11T22:02:01.822Z,22a4gJyiBTjWsTaFAHiHoQTmXsptDy3iBHeqKQADpump,WLFI,filter_2,2026-04-11T08:08:14.642Z,834,2.369e-05,16384,1048576,pumpswap,8JUXPRDDfRbDTN9fsQg1fLKw3u7DM9Cesodu1pcp6WA5
2026-04-11T22:02:02.043Z,J1iyLMzrc4G4WgDVmm33bes1Xwzd1mTcmvP8gubMpump,5,filter_2,2026-04-11T07:45:06.637Z,857,1.95e-06,4096,524288,pumpswap,1HojmJ4JLUiwXz5PxPMAyvaWvk5WZSHGFm1SyQZHTQ2
2026-04-11T22:02:02.207Z,EQUU2gdzvmabX36rCxKSRSNJKtAedRHEiP8pikC8pump,emi,filter_2,2026-04-11T06:50:09.612Z,912,3.367e-05,16384,2097152,pumpswap,A1eSqj58a8SWLfY9ecCZcfaWSgjYvEHXimiyoKHWG2qn
2026-04-11T22:02:02.521Z,5NmLAtsnwiZZbidywsSZYbZS3GtsoAEfa9HNHjGspump,PND,filter_2,2026-04-11T06:08:08.609Z,954,9.872e-06,8192,1048576,pumpswap,G2GWEuB5ZA6p2qFxx4i4VViApW5P7aLrYJUv2vdgR5jm
2026-04-11T22:02:02.681Z,3DiHoTLRFzuMHmTBfo84Q22yX16Bv6XviFzgLaxnUJSe,SDR,filter_2,2026-04-11T05:05:14.827Z,1017,0.3343,262144,8388608,raydium,8jJMsUjNZDd32et5q7SXPx6QNQkRbbLK1exbNZfoTKcP
2026-04-11T22:02:02.842Z,8Ct8WT6TYTB9zTYxexAWthmWvYbLML9xmXcRFq2Rpump,METHANE,filter_2,2026-04-11T04:31:08.309Z,1051,1.015e-05,8192,131072,pumpswap,GBGkD83YH6d83NGuhhCKcnacPLoFUuexcCimVtPnhi4d
2026-04-11T22:02:03.026Z,BJMoyvAgJzpR1QEEdg8wkBe9PtCuzwCNW2aTzcn6pump,StepSis,filter_2,2026-04-11T02:26:13.472Z,1176,1.647e-06,4096,262144,pumpswap,BdkQUvcHsvnyNJQynnVWQfFusekQt3nVfGCP3WjQdBzB
2026-04-11T22:02:03.188Z,GBjRHbuTzJF2qMkemwY9uWhvs8r9uYqL4bxKheEtpump,TRUE,filter_2,2026-04-11T02:12:09.698Z,1190,3.037e-05,16384,2097152,pumpswap,8ShofcR7qcK368us7RzNYRwbSyyEouzhiSuLuj2kkoG5
2026-04-11T22:02:03.350Z,FFvp48WygUSxCCNP3n9Zu5G7F2yatwXQHbpD2Mkkpump,Skibidi,filter_2,2026-04-11T01:10:07.912Z,1252,0.0001991,32768,1048576,pumpswap,DyBES1yrnSRHS4TKaABfG82LJ2Qifx6jmVUcLYh9XiGa
2026-04-11T22:02:03.510Z,AzB5QtBBZQEUVkWgLVADoXGcDZXqd2HNfaGFQpBBpump,Bro,filter_2,2026-04-11T01:07:09.930Z,1255,4.127e-06,4096,524288,pumpswap,hVcUcM5zBRPai8gd4EeDypNnNPwuihecYaYR9HMBCCj
2026-04-11T22:02:03.669Z,578sfyEs3dVmBDq9D4azot7YZmhUiVPY61q4AJTupump,BOATGUY,filter_2,2026-04-10T23:42:10.113Z,1340,6.482e-05,16384,524288,pumpswap,EQjeB8b8QWTBzXW6ESCHsEdC1DtZQodGbs5TzymmHo7d
2026-04-11T22:06:58.571Z,9XhhPHKnvSd9R8Ygr8kHR6n8YNYd7SMzRHHPFeb2pump,doomer,filter_1,2026-04-11T22:04:34.101Z,2,2.129e-06,4096,262144,pumpswap,DqTPbpJo2UfNFy2v4dHjMoFg9S2wid1RZuF8qfwcJrHx
2026-04-11T22:06:58.731Z,2wwDzQLc3pwgcHrkCadio4Hn3bzYyCptRAewJAEXdoge,MARKC,filter_1,2026-04-11T21:57:35.843Z,9,8.802e-06,8192,65536,meteora,2rVNWK9fRajakX19wtrfJKGE3xNWeubnV5VpYxETUvPX
2026-04-11T22:06:58.891Z,NicGVyEGbJhn52gBtqWM18zKGzRSe9js98AZnRwY8eS,NEGRON,filter_2,2026-04-11T21:33:59.338Z,33,2.436e-07,65536,1048576,raydium,2rXfTt3Xh699TtAUruiz6Vs7vdTrsn55bEm2FKt9y8yE
2026-04-11T22:11:58.572Z,6TRyMNFbS6y444mDECfaENQrVnvZP4XzMr2fa6f8pump,Trump,filter_6,2026-04-11T21:07:35.070Z,64,2.057e-06,4096,1048576,pumpswap,BJLaR38FZ2accuRrABzAWdiMeZ8mF3Ky5tL6q853bgBh
2026-04-11T22:11:58.736Z,EamB9vqC1b4aoyPR6t3hn6CWf48yny84xzCuFJMbpump,Peepa,filter_1,2026-04-11T20:47:42.794Z,84,0.0002207,32768,2097152,pumpswap,BoB3Dvi5eLGFr86BexBPNY2ZXwMNjWhx3FVCep3X2Vj6
2026-04-11T22:11:58.897Z,AQGaTfXDcvinz6DuxfZEKKFp7hmiWDLis4FtK3chpump,Ivunka,filter_3,2026-04-11T20:41:43.544Z,90,2.248e-06,4096,524288,pumpswap,AHBtpXJ7csokwSXddEDxPFYHcA515g234kXTBMhAVRxe
2026-04-11T22:11:59.060Z,BfZ27pSjL3L8Abm8VuRs5MLjjP21Xv5tUL81Rkyepump,WID,filter_4,2026-04-11T20:41:42.289Z,90,1.839e-05,8192,8192,pumpswap,4zmdmfGwoNb2mfF9PJq2N7x38qpQMwBMphD3HMDx6dak
2026-04-11T22:11:59.221Z,EgiJdQ8dbQHWu1uKS6cQBPaF2sK3a7WFpkjHEgdDpump,Dodger,filter_3,2026-04-11T19:29:11.694Z,163,3.595e-05,16384,1048576,pumpswap,7yrRRCzf429YQ1xQgdZZMy5KQ5jtkkDC7gUZWyPerhXr
2026-04-11T22:11:59.384Z,7bfbBZXpMYbNjhZ6eQ8Ch8VFAbgcz4WsrY7JtQKcpump,BOATGUY,filter_1,2026-04-11T19:27:26.855Z,165,8.064e-06,8192,262144,pumpswap,6gALa6BfE8ce8pLYaEFsTkCtxozfbuBR5bMVK3nKeFD4
2026-04-11T22:11:59.569Z,4juv1Wq63My7Bc7rznMZTyuD4aQfRSZGW9uKqFXSpump,Asset,filter_1,2026-04-11T19:27:24.857Z,165,6.029e-06,8192,32768,pumpswap,6g8ZTMKCKvSsVX92g4SKoBESXgrDL2cR1WLg8i7GZPV9
2026-04-11T22:11:59.731Z,Aq6XmZSohMJeRGU9WswbyQo9paEcKrTEs3xdfDFtpump,Lia,filter_1,2026-04-11T19:25:27.104Z,167,2.342e-06,4096,524288,pumpswap,BsFk4E3Hm12Mg27XmBoDPuk27WAC78BPfN98AHHpDPcM
2026-04-11T22:11:59.893Z,AUZnnRTdybeMiHrxfueNyBgLHnu4H39kngUh84WMpump,MELANIA,filter_3,2026-04-11T19:24:02.559Z,168,0.0006513,65536,524288,pumpswap,DM9Xj9x8A8SEinJdoz4SJH2vdhBdPGSZmhL7DxBgwbBy
2026-04-11T22:12:00.056Z,56MEDV2H1M7DkaikaSg5vpibaSyWhgspCxgPwQJhpump,DNIGGA,filter_1,2026-04-11T19:22:24.852Z,170,2.414e-06,4096,65536,pumpswap,CAhVRREzXYHDvtu6iwACsei9vhv6mexsGm9hpkeVP1Kj
2026-04-11T22:12:00.219Z,A2Px3FMumMJ7W67VEp9ahFXueEyf9aHpei4TTJ5mpump,BABY,filter_3,2026-04-11T19:14:43.120Z,177,1.672e-05,8192,1048576,pumpswap,53UgNjZDC6mXsEDTowHLmKi2Y6jzjH2Ee3ybac7jEQRQ
2026-04-11T22:12:00.382Z,wutj1cNsMWyeu9ub61knDRCwU37aVvYuCBn8ZLPj7JL,ZHONEY,filter_1,2026-04-11T19:04:35.959Z,187,1.021e-05,8192,65536,pumpswap,CtYpMFyZqcJL7mPbDQU9o88g9QpkbzEFSC81J9FzFbF8
2026-04-11T22:12:00.544Z,4oFZFm3s8VKeCnwM2G5X5mZrsPivDyzCLvDYZmVipump,ClawFC,filter_1,2026-04-11T19:00:33.206Z,191,1.459e-05,8192,65536,pumpswap,BnbuPvQe2TNdhS7CSdsCGS1WY7FYu2kZti9adrqkqpZh
2026-04-11T22:12:00.707Z,5rniCpoweGXgsLZZDohw3fZA5yuXgt87df6GHAxWpump,MOTHER,filter_1,2026-04-11T18:17:31.505Z,234,7.888e-06,8192,131072,pumpswap,7dzsEYbuQoK1LLAiae7riygcwphP7BTbK6r7Vv94p28M
2026-04-11T22:12:00.867Z,3i8RByhvAaSWh2VSoVieAPzzmc4DpZC9WHVSsDzBpump,FOOLHOUSE,filter_2,2026-04-11T13:59:09.655Z,493,1.75e-06,4096,524288,pumpswap,G8AJyLtb85QyMbaXZe4k5DdTfLPTD8dEX9xDn2fKqQZD
2026-04-11T22:12:01.029Z,AutFvM5QZqtvjK2SrR8iLwvDEQ7ePnL14Rv7GPFvpump,TripleC,filter_2,2026-04-11T13:57:07.657Z,495,1.418e-05,8192,524288,pumpswap,Cvk9vLXa9wiqWTxb7q5EP3jdPow5ZBrdn1MLRmergW3v
2026-04-11T22:12:01.193Z,Dj2JhqEaKgPDo9se3A1dtSBVV1FFCxAfFa9SBBWmpump,GoldDancer,filter_2,2026-04-11T13:01:12.368Z,551,4.338e-05,16384,524288,pumpswap,9hovxHG2vADjGPe7S6agGTx5o72kgojobbpC5UVzLdt5
2026-04-11T22:12:01.384Z,ACtfUWtgvaXrQGNMiohTusi5jcx5RJf5zwu9aAxkpump,unc,filter_2,2026-04-11T11:21:14.804Z,651,0.000743,65536,2097152,pumpswap,BWFZkx1pMpvwxammwTrizvoWzZZGiFEYUYW6Ee51SHLy
2026-04-11T22:12:01.547Z,51bywes8qqftjWhEZJZ3GvCM2ogximFejkKqa9kMpump,Marina,filter_2,2026-04-11T10:45:10.038Z,687,6.629e-05,16384,524288,pumpswap,ChmxH4uiGja7C2ht4KurCwXP8LLgtUgibFL1RwLNqeSG
2026-04-11T22:12:01.711Z,22a4gJyiBTjWsTaFAHiHoQTmXsptDy3iBHeqKQADpump,WLFI,filter_2,2026-04-11T08:08:14.642Z,844,2.514e-05,16384,1048576,pumpswap,8JUXPRDDfRbDTN9fsQg1fLKw3u7DM9Cesodu1pcp6WA5
2026-04-11T22:12:01.872Z,J1iyLMzrc4G4WgDVmm33bes1Xwzd1mTcmvP8gubMpump,5,filter_2,2026-04-11T07:45:06.637Z,867,1.95e-06,4096,524288,pumpswap,1HojmJ4JLUiwXz5PxPMAyvaWvk5WZSHGFm1SyQZHTQ2
2026-04-11T22:12:02.035Z,EQUU2gdzvmabX36rCxKSRSNJKtAedRHEiP8pikC8pump,emi,filter_2,2026-04-11T06:50:09.612Z,922,4.038e-05,16384,2097152,pumpswap,A1eSqj58a8SWLfY9ecCZcfaWSgjYvEHXimiyoKHWG2qn
2026-04-11T22:12:02.197Z,5NmLAtsnwiZZbidywsSZYbZS3GtsoAEfa9HNHjGspump,PND,filter_2,2026-04-11T06:08:08.609Z,964,8.959e-06,8192,1048576,pumpswap,G2GWEuB5ZA6p2qFxx4i4VViApW5P7aLrYJUv2vdgR5jm
2026-04-11T22:12:02.404Z,3DiHoTLRFzuMHmTBfo84Q22yX16Bv6XviFzgLaxnUJSe,SDR,filter_2,2026-04-11T05:05:14.827Z,1027,0.3412,262144,8388608,raydium,8jJMsUjNZDd32et5q7SXPx6QNQkRbbLK1exbNZfoTKcP
2026-04-11T22:12:02.568Z,8Ct8WT6TYTB9zTYxexAWthmWvYbLML9xmXcRFq2Rpump,METHANE,filter_2,2026-04-11T04:31:08.309Z,1061,8.717e-06,8192,131072,pumpswap,GBGkD83YH6d83NGuhhCKcnacPLoFUuexcCimVtPnhi4d
2026-04-11T22:12:02.754Z,BJMoyvAgJzpR1QEEdg8wkBe9PtCuzwCNW2aTzcn6pump,StepSis,filter_2,2026-04-11T02:26:13.472Z,1186,1.647e-06,4096,262144,pumpswap,BdkQUvcHsvnyNJQynnVWQfFusekQt3nVfGCP3WjQdBzB
2026-04-11T22:12:02.916Z,GBjRHbuTzJF2qMkemwY9uWhvs8r9uYqL4bxKheEtpump,TRUE,filter_2,2026-04-11T02:12:09.698Z,1200,3.211e-05,16384,2097152,pumpswap,8ShofcR7qcK368us7RzNYRwbSyyEouzhiSuLuj2kkoG5
2026-04-11T22:12:03.078Z,FFvp48WygUSxCCNP3n9Zu5G7F2yatwXQHbpD2Mkkpump,Skibidi,filter_2,2026-04-11T01:10:07.912Z,1262,0.0001904,32768,1048576,pumpswap,DyBES1yrnSRHS4TKaABfG82LJ2Qifx6jmVUcLYh9XiGa
2026-04-11T22:12:03.242Z,AzB5QtBBZQEUVkWgLVADoXGcDZXqd2HNfaGFQpBBpump,Bro,filter_2,2026-04-11T01:07:09.930Z,1265,3.919e-06,4096,524288,pumpswap,hVcUcM5zBRPai8gd4EeDypNnNPwuihecYaYR9HMBCCj
2026-04-11T22:12:03.404Z,578sfyEs3dVmBDq9D4azot7YZmhUiVPY61q4AJTupump,BOATGUY,filter_2,2026-04-10T23:42:10.113Z,1350,5.723e-05,16384,524288,pumpswap,EQjeB8b8QWTBzXW6ESCHsEdC1DtZQodGbs5TzymmHo7d
2026-04-11T22:16:58.576Z,9oVRwbx3Ray9bK7CKhqwfqY5NaWYjG3xj1DNYg2mpump,brainlet,filter_2,2026-04-11T22:16:55.614Z,0,8.543e-05,32768,262144,pumpswap,2PW331e9D7pmdELA1m1Uyq6pnEuj5BWB8m7dcBGgJ5xo
2026-04-11T22:16:58.738Z,9XhhPHKnvSd9R8Ygr8kHR6n8YNYd7SMzRHHPFeb2pump,doomer,filter_1,2026-04-11T22:10:33.845Z,6,2.071e-06,4096,262144,pumpswap,DqTPbpJo2UfNFy2v4dHjMoFg9S2wid1RZuF8qfwcJrHx
2026-04-11T22:16:58.900Z,2wwDzQLc3pwgcHrkCadio4Hn3bzYyCptRAewJAEXdoge,MARKC,filter_1,2026-04-11T21:57:35.843Z,19,9.647e-06,8192,65536,meteora,2rVNWK9fRajakX19wtrfJKGE3xNWeubnV5VpYxETUvPX
2026-04-11T22:16:59.059Z,NicGVyEGbJhn52gBtqWM18zKGzRSe9js98AZnRwY8eS,NEGRON,filter_2,2026-04-11T21:33:59.338Z,43,2.446e-07,65536,1048576,raydium,2rXfTt3Xh699TtAUruiz6Vs7vdTrsn55bEm2FKt9y8yE
2026-04-11T22:21:58.572Z,6TRyMNFbS6y444mDECfaENQrVnvZP4XzMr2fa6f8pump,Trump,filter_6,2026-04-11T21:07:35.070Z,74,2.008e-06,4096,1048576,pumpswap,BJLaR38FZ2accuRrABzAWdiMeZ8mF3Ky5tL6q853bgBh
2026-04-11T22:21:58.735Z,EamB9vqC1b4aoyPR6t3hn6CWf48yny84xzCuFJMbpump,Peepa,filter_1,2026-04-11T20:47:42.794Z,94,0.000224,32768,2097152,pumpswap,BoB3Dvi5eLGFr86BexBPNY2ZXwMNjWhx3FVCep3X2Vj6
2026-04-11T22:21:58.895Z,AQGaTfXDcvinz6DuxfZEKKFp7hmiWDLis4FtK3chpump,Ivunka,filter_3,2026-04-11T20:41:43.544Z,100,2.239e-06,4096,524288,pumpswap,AHBtpXJ7csokwSXddEDxPFYHcA515g234kXTBMhAVRxe
2026-04-11T22:21:59.054Z,BfZ27pSjL3L8Abm8VuRs5MLjjP21Xv5tUL81Rkyepump,WID,filter_4,2026-04-11T20:41:42.289Z,100,1.862e-05,8192,8192,pumpswap,4zmdmfGwoNb2mfF9PJq2N7x38qpQMwBMphD3HMDx6dak
2026-04-11T22:21:59.215Z,EgiJdQ8dbQHWu1uKS6cQBPaF2sK3a7WFpkjHEgdDpump,Dodger,filter_3,2026-04-11T19:29:11.694Z,173,3.891e-05,16384,1048576,pumpswap,7yrRRCzf429YQ1xQgdZZMy5KQ5jtkkDC7gUZWyPerhXr
2026-04-11T22:21:59.408Z,7bfbBZXpMYbNjhZ6eQ8Ch8VFAbgcz4WsrY7JtQKcpump,BOATGUY,filter_1,2026-04-11T19:27:26.855Z,175,8.093e-06,8192,262144,pumpswap,6gALa6BfE8ce8pLYaEFsTkCtxozfbuBR5bMVK3nKeFD4
2026-04-11T22:21:59.568Z,4juv1Wq63My7Bc7rznMZTyuD4aQfRSZGW9uKqFXSpump,Asset,filter_1,2026-04-11T19:27:24.857Z,175,5.964e-06,8192,32768,pumpswap,6g8ZTMKCKvSsVX92g4SKoBESXgrDL2cR1WLg8i7GZPV9
2026-04-11T22:21:59.753Z,Aq6XmZSohMJeRGU9WswbyQo9paEcKrTEs3xdfDFtpump,Lia,filter_1,2026-04-11T19:25:27.104Z,177,2.342e-06,4096,524288,pumpswap,BsFk4E3Hm12Mg27XmBoDPuk27WAC78BPfN98AHHpDPcM
2026-04-11T22:21:59.913Z,AUZnnRTdybeMiHrxfueNyBgLHnu4H39kngUh84WMpump,MELANIA,filter_3,2026-04-11T19:24:02.559Z,178,0.0007163,65536,524288,pumpswap,DM9Xj9x8A8SEinJdoz4SJH2vdhBdPGSZmhL7DxBgwbBy
2026-04-11T22:22:00.075Z,56MEDV2H1M7DkaikaSg5vpibaSyWhgspCxgPwQJhpump,DNIGGA,filter_1,2026-04-11T19:22:24.852Z,180,2.374e-06,4096,65536,pumpswap,CAhVRREzXYHDvtu6iwACsei9vhv6mexsGm9hpkeVP1Kj
2026-04-11T22:22:00.282Z,A2Px3FMumMJ7W67VEp9ahFXueEyf9aHpei4TTJ5mpump,BABY,filter_3,2026-04-11T19:14:43.120Z,187,1.469e-05,8192,1048576,pumpswap,53UgNjZDC6mXsEDTowHLmKi2Y6jzjH2Ee3ybac7jEQRQ
2026-04-11T22:22:00.479Z,wutj1cNsMWyeu9ub61knDRCwU37aVvYuCBn8ZLPj7JL,ZHONEY,filter_1,2026-04-11T19:04:35.959Z,197,1.054e-05,8192,65536,pumpswap,CtYpMFyZqcJL7mPbDQU9o88g9QpkbzEFSC81J9FzFbF8
2026-04-11T22:22:00.668Z,4oFZFm3s8VKeCnwM2G5X5mZrsPivDyzCLvDYZmVipump,ClawFC,filter_1,2026-04-11T19:00:33.206Z,201,1.554e-05,8192,65536,pumpswap,BnbuPvQe2TNdhS7CSdsCGS1WY7FYu2kZti9adrqkqpZh
2026-04-11T22:22:00.829Z,5rniCpoweGXgsLZZDohw3fZA5yuXgt87df6GHAxWpump,MOTHER,filter_1,2026-04-11T18:17:31.505Z,244,7.223e-06,8192,131072,pumpswap,7dzsEYbuQoK1LLAiae7riygcwphP7BTbK6r7Vv94p28M
2026-04-11T22:22:00.991Z,3i8RByhvAaSWh2VSoVieAPzzmc4DpZC9WHVSsDzBpump,FOOLHOUSE,filter_2,2026-04-11T13:59:09.655Z,503,1.75e-06,4096,524288,pumpswap,G8AJyLtb85QyMbaXZe4k5DdTfLPTD8dEX9xDn2fKqQZD
2026-04-11T22:22:01.153Z,AutFvM5QZqtvjK2SrR8iLwvDEQ7ePnL14Rv7GPFvpump,TripleC,filter_2,2026-04-11T13:57:07.657Z,505,1.422e-05,8192,524288,pumpswap,Cvk9vLXa9wiqWTxb7q5EP3jdPow5ZBrdn1MLRmergW3v
2026-04-11T22:22:01.355Z,Dj2JhqEaKgPDo9se3A1dtSBVV1FFCxAfFa9SBBWmpump,GoldDancer,filter_2,2026-04-11T13:01:12.368Z,561,4.24e-05,16384,524288,pumpswap,9hovxHG2vADjGPe7S6agGTx5o72kgojobbpC5UVzLdt5
2026-04-11T22:22:01.515Z,ACtfUWtgvaXrQGNMiohTusi5jcx5RJf5zwu9aAxkpump,unc,filter_2,2026-04-11T11:21:14.804Z,661,0.0006476,65536,2097152,pumpswap,BWFZkx1pMpvwxammwTrizvoWzZZGiFEYUYW6Ee51SHLy
2026-04-11T22:22:01.678Z,51bywes8qqftjWhEZJZ3GvCM2ogximFejkKqa9kMpump,Marina,filter_2,2026-04-11T10:45:10.038Z,697,6.318e-05,16384,524288,pumpswap,ChmxH4uiGja7C2ht4KurCwXP8LLgtUgibFL1RwLNqeSG
2026-04-11T22:22:01.879Z,22a4gJyiBTjWsTaFAHiHoQTmXsptDy3iBHeqKQADpump,WLFI,filter_2,2026-04-11T08:08:14.642Z,854,2.434e-05,16384,1048576,pumpswap,8JUXPRDDfRbDTN9fsQg1fLKw3u7DM9Cesodu1pcp6WA5
2026-04-11T22:22:02.062Z,J1iyLMzrc4G4WgDVmm33bes1Xwzd1mTcmvP8gubMpump,5,filter_2,2026-04-11T07:45:06.637Z,877,1.95e-06,4096,524288,pumpswap,1HojmJ4JLUiwXz5PxPMAyvaWvk5WZSHGFm1SyQZHTQ2
2026-04-11T22:22:02.222Z,EQUU2gdzvmabX36rCxKSRSNJKtAedRHEiP8pikC8pump,emi,filter_2,2026-04-11T06:50:09.612Z,932,4.615e-05,16384,2097152,pumpswap,A1eSqj58a8SWLfY9ecCZcfaWSgjYvEHXimiyoKHWG2qn
2026-04-11T22:22:02.417Z,5NmLAtsnwiZZbidywsSZYbZS3GtsoAEfa9HNHjGspump,PND,filter_2,2026-04-11T06:08:08.609Z,974,7.734e-06,8192,1048576,pumpswap,G2GWEuB5ZA6p2qFxx4i4VViApW5P7aLrYJUv2vdgR5jm
2026-04-11T22:22:02.601Z,3DiHoTLRFzuMHmTBfo84Q22yX16Bv6XviFzgLaxnUJSe,SDR,filter_2,2026-04-11T05:05:14.827Z,1037,0.3452,262144,8388608,raydium,8jJMsUjNZDd32et5q7SXPx6QNQkRbbLK1exbNZfoTKcP
2026-04-11T22:22:02.792Z,8Ct8WT6TYTB9zTYxexAWthmWvYbLML9xmXcRFq2Rpump,METHANE,filter_2,2026-04-11T04:31:08.309Z,1071,7.666e-06,8192,131072,pumpswap,GBGkD83YH6d83NGuhhCKcnacPLoFUuexcCimVtPnhi4d
2026-04-11T22:22:02.977Z,BJMoyvAgJzpR1QEEdg8wkBe9PtCuzwCNW2aTzcn6pump,StepSis,filter_2,2026-04-11T02:26:13.472Z,1196,1.647e-06,4096,262144,pumpswap,BdkQUvcHsvnyNJQynnVWQfFusekQt3nVfGCP3WjQdBzB
2026-04-11T22:22:03.138Z,GBjRHbuTzJF2qMkemwY9uWhvs8r9uYqL4bxKheEtpump,TRUE,filter_2,2026-04-11T02:12:09.698Z,1210,3.01e-05,16384,2097152,pumpswap,8ShofcR7qcK368us7RzNYRwbSyyEouzhiSuLuj2kkoG5
2026-04-11T22:22:03.299Z,FFvp48WygUSxCCNP3n9Zu5G7F2yatwXQHbpD2Mkkpump,Skibidi,filter_2,2026-04-11T01:10:07.912Z,1272,0.0001789,32768,1048576,pumpswap,DyBES1yrnSRHS4TKaABfG82LJ2Qifx6jmVUcLYh9XiGa
2026-04-11T22:22:03.458Z,AzB5QtBBZQEUVkWgLVADoXGcDZXqd2HNfaGFQpBBpump,Bro,filter_2,2026-04-11T01:07:09.930Z,1275,3.978e-06,4096,524288,pumpswap,hVcUcM5zBRPai8gd4EeDypNnNPwuihecYaYR9HMBCCj
2026-04-11T22:22:03.645Z,578sfyEs3dVmBDq9D4azot7YZmhUiVPY61q4AJTupump,BOATGUY,filter_2,2026-04-10T23:42:10.113Z,1360,7.505e-05,32768,524288,pumpswap,EQjeB8b8QWTBzXW6ESCHsEdC1DtZQodGbs5TzymmHo7d
2026-04-11T22:26:58.598Z,9oVRwbx3Ray9bK7CKhqwfqY5NaWYjG3xj1DNYg2mpump,brainlet,filter_2,2026-04-11T22:21:55.645Z,5,9.567e-05,32768,262144,pumpswap,2PW331e9D7pmdELA1m1Uyq6pnEuj5BWB8m7dcBGgJ5xo
2026-04-11T22:26:58.758Z,9XhhPHKnvSd9R8Ygr8kHR6n8YNYd7SMzRHHPFeb2pump,doomer,filter_1,2026-04-11T22:10:33.845Z,16,2.067e-06,4096,262144,pumpswap,DqTPbpJo2UfNFy2v4dHjMoFg9S2wid1RZuF8qfwcJrHx
2026-04-11T22:26:58.944Z,2wwDzQLc3pwgcHrkCadio4Hn3bzYyCptRAewJAEXdoge,MARKC,filter_1,2026-04-11T21:57:35.843Z,29,9.137e-06,8192,65536,meteora,2rVNWK9fRajakX19wtrfJKGE3xNWeubnV5VpYxETUvPX
2026-04-11T22:26:59.108Z,NicGVyEGbJhn52gBtqWM18zKGzRSe9js98AZnRwY8eS,NEGRON,filter_2,2026-04-11T21:33:59.338Z,53,2.45e-07,65536,1048576,raydium,2rXfTt3Xh699TtAUruiz6Vs7vdTrsn55bEm2FKt9y8yE
2026-04-11T22:31:58.578Z,6TRyMNFbS6y444mDECfaENQrVnvZP4XzMr2fa6f8pump,Trump,filter_6,2026-04-11T21:07:35.070Z,84,1.982e-06,4096,1048576,pumpswap,BJLaR38FZ2accuRrABzAWdiMeZ8mF3Ky5tL6q853bgBh
2026-04-11T22:31:58.741Z,EamB9vqC1b4aoyPR6t3hn6CWf48yny84xzCuFJMbpump,Peepa,filter_1,2026-04-11T20:47:42.794Z,104,0.0001906,32768,2097152,pumpswap,BoB3Dvi5eLGFr86BexBPNY2ZXwMNjWhx3FVCep3X2Vj6
2026-04-11T22:31:58.902Z,AQGaTfXDcvinz6DuxfZEKKFp7hmiWDLis4FtK3chpump,Ivunka,filter_3,2026-04-11T20:41:43.544Z,110,2.232e-06,4096,524288,pumpswap,AHBtpXJ7csokwSXddEDxPFYHcA515g234kXTBMhAVRxe
2026-04-11T22:31:59.064Z,BfZ27pSjL3L8Abm8VuRs5MLjjP21Xv5tUL81Rkyepump,WID,filter_4,2026-04-11T20:41:42.289Z,110,1.862e-05,8192,8192,pumpswap,4zmdmfGwoNb2mfF9PJq2N7x38qpQMwBMphD3HMDx6dak
2026-04-11T22:31:59.225Z,EgiJdQ8dbQHWu1uKS6cQBPaF2sK3a7WFpkjHEgdDpump,Dodger,filter_3,2026-04-11T19:29:11.694Z,183,3.18e-05,16384,1048576,pumpswap,7yrRRCzf429YQ1xQgdZZMy5KQ5jtkkDC7gUZWyPerhXr
2026-04-11T22:31:59.388Z,7bfbBZXpMYbNjhZ6eQ8Ch8VFAbgcz4WsrY7JtQKcpump,BOATGUY,filter_1,2026-04-11T19:27:26.855Z,185,7.706e-06,8192,262144,pumpswap,6gALa6BfE8ce8pLYaEFsTkCtxozfbuBR5bMVK3nKeFD4
2026-04-11T22:31:59.549Z,4juv1Wq63My7Bc7rznMZTyuD4aQfRSZGW9uKqFXSpump,Asset,filter_1,2026-04-11T19:27:24.857Z,185,5.86e-06,8192,32768,pumpswap,6g8ZTMKCKvSsVX92g4SKoBESXgrDL2cR1WLg8i7GZPV9
2026-04-11T22:31:59.745Z,Aq6XmZSohMJeRGU9WswbyQo9paEcKrTEs3xdfDFtpump,Lia,filter_1,2026-04-11T19:25:27.104Z,187,2.353e-06,4096,524288,pumpswap,BsFk4E3Hm12Mg27XmBoDPuk27WAC78BPfN98AHHpDPcM
2026-04-11T22:31:59.934Z,AUZnnRTdybeMiHrxfueNyBgLHnu4H39kngUh84WMpump,MELANIA,filter_3,2026-04-11T19:24:02.559Z,188,0.000693,65536,524288,pumpswap,DM9Xj9x8A8SEinJdoz4SJH2vdhBdPGSZmhL7DxBgwbBy
2026-04-11T22:32:00.099Z,56MEDV2H1M7DkaikaSg5vpibaSyWhgspCxgPwQJhpump,DNIGGA,filter_1,2026-04-11T19:22:24.852Z,190,2.374e-06,4096,65536,pumpswap,CAhVRREzXYHDvtu6iwACsei9vhv6mexsGm9hpkeVP1Kj
2026-04-11T22:32:00.265Z,A2Px3FMumMJ7W67VEp9ahFXueEyf9aHpei4TTJ5mpump,BABY,filter_3,2026-04-11T19:14:43.120Z,197,1.321e-05,8192,1048576,pumpswap,53UgNjZDC6mXsEDTowHLmKi2Y6jzjH2Ee3ybac7jEQRQ
2026-04-11T22:32:00.455Z,wutj1cNsMWyeu9ub61knDRCwU37aVvYuCBn8ZLPj7JL,ZHONEY,filter_1,2026-04-11T19:04:35.959Z,207,1.045e-05,8192,65536,pumpswap,CtYpMFyZqcJL7mPbDQU9o88g9QpkbzEFSC81J9FzFbF8
2026-04-11T22:32:00.619Z,4oFZFm3s8VKeCnwM2G5X5mZrsPivDyzCLvDYZmVipump,ClawFC,filter_1,2026-04-11T19:00:33.206Z,211,1.525e-05,8192,65536,pumpswap,BnbuPvQe2TNdhS7CSdsCGS1WY7FYu2kZti9adrqkqpZh
2026-04-11T22:32:00.804Z,5rniCpoweGXgsLZZDohw3fZA5yuXgt87df6GHAxWpump,MOTHER,filter_1,2026-04-11T18:17:31.505Z,254,6.989e-06,8192,131072,pumpswap,7dzsEYbuQoK1LLAiae7riygcwphP7BTbK6r7Vv94p28M
2026-04-11T22:32:00.966Z,3i8RByhvAaSWh2VSoVieAPzzmc4DpZC9WHVSsDzBpump,FOOLHOUSE,filter_2,2026-04-11T13:59:09.655Z,513,1.75e-06,4096,524288,pumpswap,G8AJyLtb85QyMbaXZe4k5DdTfLPTD8dEX9xDn2fKqQZD
2026-04-11T22:32:01.131Z,AutFvM5QZqtvjK2SrR8iLwvDEQ7ePnL14Rv7GPFvpump,TripleC,filter_2,2026-04-11T13:57:07.657Z,515,1.35e-05,8192,524288,pumpswap,Cvk9vLXa9wiqWTxb7q5EP3jdPow5ZBrdn1MLRmergW3v
2026-04-11T22:32:01.297Z,Dj2JhqEaKgPDo9se3A1dtSBVV1FFCxAfFa9SBBWmpump,GoldDancer,filter_2,2026-04-11T13:01:12.368Z,571,5.397e-05,16384,524288,pumpswap,9hovxHG2vADjGPe7S6agGTx5o72kgojobbpC5UVzLdt5
2026-04-11T22:32:01.461Z,ACtfUWtgvaXrQGNMiohTusi5jcx5RJf5zwu9aAxkpump,unc,filter_2,2026-04-11T11:21:14.804Z,671,0.0006795,65536,2097152,pumpswap,BWFZkx1pMpvwxammwTrizvoWzZZGiFEYUYW6Ee51SHLy
2026-04-11T22:32:01.648Z,51bywes8qqftjWhEZJZ3GvCM2ogximFejkKqa9kMpump,Marina,filter_2,2026-04-11T10:45:10.038Z,707,6.399e-05,16384,524288,pumpswap,ChmxH4uiGja7C2ht4KurCwXP8LLgtUgibFL1RwLNqeSG
2026-04-11T22:32:01.846Z,22a4gJyiBTjWsTaFAHiHoQTmXsptDy3iBHeqKQADpump,WLFI,filter_2,2026-04-11T08:08:14.642Z,864,2.296e-05,16384,1048576,pumpswap,8JUXPRDDfRbDTN9fsQg1fLKw3u7DM9Cesodu1pcp6WA5
2026-04-11T22:32:02.034Z,J1iyLMzrc4G4WgDVmm33bes1Xwzd1mTcmvP8gubMpump,5,filter_2,2026-04-11T07:45:06.637Z,887,1.95e-06,4096,524288,pumpswap,1HojmJ4JLUiwXz5PxPMAyvaWvk5WZSHGFm1SyQZHTQ2
2026-04-11T22:32:02.199Z,EQUU2gdzvmabX36rCxKSRSNJKtAedRHEiP8pikC8pump,emi,filter_2,2026-04-11T06:50:09.612Z,942,4.336e-05,16384,2097152,pumpswap,A1eSqj58a8SWLfY9ecCZcfaWSgjYvEHXimiyoKHWG2qn
2026-04-11T22:32:02.388Z,5NmLAtsnwiZZbidywsSZYbZS3GtsoAEfa9HNHjGspump,PND,filter_2,2026-04-11T06:08:08.609Z,984,7.174e-06,8192,1048576,pumpswap,G2GWEuB5ZA6p2qFxx4i4VViApW5P7aLrYJUv2vdgR5jm
2026-04-11T22:32:02.553Z,3DiHoTLRFzuMHmTBfo84Q22yX16Bv6XviFzgLaxnUJSe,SDR,filter_2,2026-04-11T05:05:14.827Z,1047,0.3462,262144,8388608,raydium,8jJMsUjNZDd32et5q7SXPx6QNQkRbbLK1exbNZfoTKcP
2026-04-11T22:32:02.738Z,8Ct8WT6TYTB9zTYxexAWthmWvYbLML9xmXcRFq2Rpump,METHANE,filter_2,2026-04-11T04:31:08.309Z,1081,7.724e-06,8192,131072,pumpswap,GBGkD83YH6d83NGuhhCKcnacPLoFUuexcCimVtPnhi4d
2026-04-11T22:32:02.923Z,BJMoyvAgJzpR1QEEdg8wkBe9PtCuzwCNW2aTzcn6pump,StepSis,filter_2,2026-04-11T02:26:13.472Z,1206,1.647e-06,4096,262144,pumpswap,BdkQUvcHsvnyNJQynnVWQfFusekQt3nVfGCP3WjQdBzB
2026-04-11T22:32:03.089Z,GBjRHbuTzJF2qMkemwY9uWhvs8r9uYqL4bxKheEtpump,TRUE,filter_2,2026-04-11T02:12:09.698Z,1220,3.04e-05,16384,2097152,pumpswap,8ShofcR7qcK368us7RzNYRwbSyyEouzhiSuLuj2kkoG5
2026-04-11T22:32:03.252Z,FFvp48WygUSxCCNP3n9Zu5G7F2yatwXQHbpD2Mkkpump,Skibidi,filter_2,2026-04-11T01:10:07.912Z,1282,0.000197,32768,1048576,pumpswap,DyBES1yrnSRHS4TKaABfG82LJ2Qifx6jmVUcLYh9XiGa
2026-04-11T22:32:03.415Z,AzB5QtBBZQEUVkWgLVADoXGcDZXqd2HNfaGFQpBBpump,Bro,filter_2,2026-04-11T01:07:09.930Z,1285,3.989e-06,4096,524288,pumpswap,hVcUcM5zBRPai8gd4EeDypNnNPwuihecYaYR9HMBCCj
2026-04-11T22:32:03.606Z,578sfyEs3dVmBDq9D4azot7YZmhUiVPY61q4AJTupump,BOATGUY,filter_2,2026-04-10T23:42:10.113Z,1370,7.593e-05,32768,524288,pumpswap,EQjeB8b8QWTBzXW6ESCHsEdC1DtZQodGbs5TzymmHo7d
2026-04-11T22:36:58.575Z,9oVRwbx3Ray9bK7CKhqwfqY5NaWYjG3xj1DNYg2mpump,brainlet,filter_2,2026-04-11T22:32:55.608Z,4,0.000143,32768,262144,pumpswap,2PW331e9D7pmdELA1m1Uyq6pnEuj5BWB8m7dcBGgJ5xo
2026-04-11T22:36:58.736Z,9XhhPHKnvSd9R8Ygr8kHR6n8YNYd7SMzRHHPFeb2pump,doomer,filter_1,2026-04-11T22:10:33.845Z,26,2.057e-06,4096,262144,pumpswap,DqTPbpJo2UfNFy2v4dHjMoFg9S2wid1RZuF8qfwcJrHx
2026-04-11T22:36:58.896Z,2wwDzQLc3pwgcHrkCadio4Hn3bzYyCptRAewJAEXdoge,MARKC,filter_1,2026-04-11T21:57:35.843Z,39,7.612e-06,8192,65536,meteora,2rVNWK9fRajakX19wtrfJKGE3xNWeubnV5VpYxETUvPX
2026-04-11T22:36:59.056Z,NicGVyEGbJhn52gBtqWM18zKGzRSe9js98AZnRwY8eS,NEGRON,filter_2,2026-04-11T21:33:59.338Z,63,2.443e-07,65536,1048576,raydium,2rXfTt3Xh699TtAUruiz6Vs7vdTrsn55bEm2FKt9y8yE
2026-04-11T22:41:58.578Z,6TRyMNFbS6y444mDECfaENQrVnvZP4XzMr2fa6f8pump,Trump,filter_6,2026-04-11T21:07:35.070Z,94,1.995e-06,4096,1048576,pumpswap,BJLaR38FZ2accuRrABzAWdiMeZ8mF3Ky5tL6q853bgBh
2026-04-11T22:41:58.742Z,EamB9vqC1b4aoyPR6t3hn6CWf48yny84xzCuFJMbpump,Peepa,filter_1,2026-04-11T20:47:42.794Z,114,0.0001877,32768,2097152,pumpswap,BoB3Dvi5eLGFr86BexBPNY2ZXwMNjWhx3FVCep3X2Vj6
2026-04-11T22:41:58.903Z,AQGaTfXDcvinz6DuxfZEKKFp7hmiWDLis4FtK3chpump,Ivunka,filter_3,2026-04-11T20:41:43.544Z,120,2.232e-06,4096,524288,pumpswap,AHBtpXJ7csokwSXddEDxPFYHcA515g234kXTBMhAVRxe
2026-04-11T22:41:59.100Z,BfZ27pSjL3L8Abm8VuRs5MLjjP21Xv5tUL81Rkyepump,WID,filter_4,2026-04-11T20:41:42.289Z,120,1.353e-05,8192,8192,pumpswap,4zmdmfGwoNb2mfF9PJq2N7x38qpQMwBMphD3HMDx6dak
2026-04-11T22:41:59.262Z,EgiJdQ8dbQHWu1uKS6cQBPaF2sK3a7WFpkjHEgdDpump,Dodger,filter_3,2026-04-11T19:29:11.694Z,193,3.863e-05,16384,1048576,pumpswap,7yrRRCzf429YQ1xQgdZZMy5KQ5jtkkDC7gUZWyPerhXr
2026-04-11T22:41:59.423Z,7bfbBZXpMYbNjhZ6eQ8Ch8VFAbgcz4WsrY7JtQKcpump,BOATGUY,filter_1,2026-04-11T19:27:26.855Z,195,7.256e-06,8192,262144,pumpswap,6gALa6BfE8ce8pLYaEFsTkCtxozfbuBR5bMVK3nKeFD4
2026-04-11T22:41:59.607Z,4juv1Wq63My7Bc7rznMZTyuD4aQfRSZGW9uKqFXSpump,Asset,filter_1,2026-04-11T19:27:24.857Z,195,5.86e-06,8192,32768,pumpswap,6g8ZTMKCKvSsVX92g4SKoBESXgrDL2cR1WLg8i7GZPV9
2026-04-11T22:41:59.768Z,Aq6XmZSohMJeRGU9WswbyQo9paEcKrTEs3xdfDFtpump,Lia,filter_1,2026-04-11T19:25:27.104Z,197,2.317e-06,4096,524288,pumpswap,BsFk4E3Hm12Mg27XmBoDPuk27WAC78BPfN98AHHpDPcM
2026-04-11T22:41:59.929Z,AUZnnRTdybeMiHrxfueNyBgLHnu4H39kngUh84WMpump,MELANIA,filter_3,2026-04-11T19:24:02.559Z,198,0.0007012,65536,524288,pumpswap,DM9Xj9x8A8SEinJdoz4SJH2vdhBdPGSZmhL7DxBgwbBy
2026-04-11T22:42:00.092Z,56MEDV2H1M7DkaikaSg5vpibaSyWhgspCxgPwQJhpump,DNIGGA,filter_1,2026-04-11T19:22:24.852Z,200,2.309e-06,4096,65536,pumpswap,CAhVRREzXYHDvtu6iwACsei9vhv6mexsGm9hpkeVP1Kj
2026-04-11T22:42:00.259Z,A2Px3FMumMJ7W67VEp9ahFXueEyf9aHpei4TTJ5mpump,BABY,filter_3,2026-04-11T19:14:43.120Z,207,1.59e-05,8192,1048576,pumpswap,53UgNjZDC6mXsEDTowHLmKi2Y6jzjH2Ee3ybac7jEQRQ
2026-04-11T22:42:00.422Z,wutj1cNsMWyeu9ub61knDRCwU37aVvYuCBn8ZLPj7JL,ZHONEY,filter_1,2026-04-11T19:04:35.959Z,217,1.016e-05,8192,65536,pumpswap,CtYpMFyZqcJL7mPbDQU9o88g9QpkbzEFSC81J9FzFbF8
2026-04-11T22:42:00.585Z,4oFZFm3s8VKeCnwM2G5X5mZrsPivDyzCLvDYZmVipump,ClawFC,filter_1,2026-04-11T19:00:33.206Z,221,1.416e-05,8192,65536,pumpswap,BnbuPvQe2TNdhS7CSdsCGS1WY7FYu2kZti9adrqkqpZh
2026-04-11T22:42:00.747Z,5rniCpoweGXgsLZZDohw3fZA5yuXgt87df6GHAxWpump,MOTHER,filter_1,2026-04-11T18:17:31.505Z,264,6.836e-06,8192,131072,pumpswap,7dzsEYbuQoK1LLAiae7riygcwphP7BTbK6r7Vv94p28M
2026-04-11T22:42:00.907Z,3i8RByhvAaSWh2VSoVieAPzzmc4DpZC9WHVSsDzBpump,FOOLHOUSE,filter_2,2026-04-11T13:59:09.655Z,523,1.75e-06,4096,524288,pumpswap,G8AJyLtb85QyMbaXZe4k5DdTfLPTD8dEX9xDn2fKqQZD
2026-04-11T22:42:01.093Z,AutFvM5QZqtvjK2SrR8iLwvDEQ7ePnL14Rv7GPFvpump,TripleC,filter_2,2026-04-11T13:57:07.657Z,525,1.1e-05,8192,524288,pumpswap,Cvk9vLXa9wiqWTxb7q5EP3jdPow5ZBrdn1MLRmergW3v
2026-04-11T22:42:01.280Z,Dj2JhqEaKgPDo9se3A1dtSBVV1FFCxAfFa9SBBWmpump,GoldDancer,filter_2,2026-04-11T13:01:12.368Z,581,4.704e-05,16384,524288,pumpswap,9hovxHG2vADjGPe7S6agGTx5o72kgojobbpC5UVzLdt5
2026-04-11T22:42:01.444Z,ACtfUWtgvaXrQGNMiohTusi5jcx5RJf5zwu9aAxkpump,unc,filter_2,2026-04-11T11:21:14.804Z,681,0.0006389,65536,2097152,pumpswap,BWFZkx1pMpvwxammwTrizvoWzZZGiFEYUYW6Ee51SHLy
2026-04-11T22:42:01.605Z,51bywes8qqftjWhEZJZ3GvCM2ogximFejkKqa9kMpump,Marina,filter_2,2026-04-11T10:45:10.038Z,717,6.473e-05,16384,524288,pumpswap,ChmxH4uiGja7C2ht4KurCwXP8LLgtUgibFL1RwLNqeSG
2026-04-11T22:42:01.804Z,22a4gJyiBTjWsTaFAHiHoQTmXsptDy3iBHeqKQADpump,WLFI,filter_2,2026-04-11T08:08:14.642Z,874,1.982e-05,8192,1048576,pumpswap,8JUXPRDDfRbDTN9fsQg1fLKw3u7DM9Cesodu1pcp6WA5
2026-04-11T22:42:01.966Z,J1iyLMzrc4G4WgDVmm33bes1Xwzd1mTcmvP8gubMpump,5,filter_2,2026-04-11T07:45:06.637Z,897,1.95e-06,4096,524288,pumpswap,1HojmJ4JLUiwXz5PxPMAyvaWvk5WZSHGFm1SyQZHTQ2
2026-04-11T22:42:02.128Z,EQUU2gdzvmabX36rCxKSRSNJKtAedRHEiP8pikC8pump,emi,filter_2,2026-04-11T06:50:09.612Z,952,5.566e-05,16384,2097152,pumpswap,A1eSqj58a8SWLfY9ecCZcfaWSgjYvEHXimiyoKHWG2qn
2026-04-11T22:42:02.323Z,5NmLAtsnwiZZbidywsSZYbZS3GtsoAEfa9HNHjGspump,PND,filter_2,2026-04-11T06:08:08.609Z,994,7.909e-06,8192,1048576,pumpswap,G2GWEuB5ZA6p2qFxx4i4VViApW5P7aLrYJUv2vdgR5jm
2026-04-11T22:42:02.484Z,3DiHoTLRFzuMHmTBfo84Q22yX16Bv6XviFzgLaxnUJSe,SDR,filter_2,2026-04-11T05:05:14.827Z,1057,0.3386,262144,8388608,raydium,8jJMsUjNZDd32et5q7SXPx6QNQkRbbLK1exbNZfoTKcP
2026-04-11T22:42:02.646Z,8Ct8WT6TYTB9zTYxexAWthmWvYbLML9xmXcRFq2Rpump,METHANE,filter_2,2026-04-11T04:31:08.309Z,1091,7.703e-06,8192,131072,pumpswap,GBGkD83YH6d83NGuhhCKcnacPLoFUuexcCimVtPnhi4d
2026-04-11T22:42:02.881Z,BJMoyvAgJzpR1QEEdg8wkBe9PtCuzwCNW2aTzcn6pump,StepSis,filter_2,2026-04-11T02:26:13.472Z,1216,1.647e-06,4096,262144,pumpswap,BdkQUvcHsvnyNJQynnVWQfFusekQt3nVfGCP3WjQdBzB
2026-04-11T22:42:03.040Z,GBjRHbuTzJF2qMkemwY9uWhvs8r9uYqL4bxKheEtpump,TRUE,filter_2,2026-04-11T02:12:09.698Z,1230,3.004e-05,16384,2097152,pumpswap,8ShofcR7qcK368us7RzNYRwbSyyEouzhiSuLuj2kkoG5
2026-04-11T22:42:03.202Z,FFvp48WygUSxCCNP3n9Zu5G7F2yatwXQHbpD2Mkkpump,Skibidi,filter_2,2026-04-11T01:10:07.912Z,1292,0.0002177,32768,1048576,pumpswap,DyBES1yrnSRHS4TKaABfG82LJ2Qifx6jmVUcLYh9XiGa
2026-04-11T22:42:03.364Z,AzB5QtBBZQEUVkWgLVADoXGcDZXqd2HNfaGFQpBBpump,Bro,filter_2,2026-04-11T01:07:09.930Z,1295,3.96e-06,4096,524288,pumpswap,hVcUcM5zBRPai8gd4EeDypNnNPwuihecYaYR9HMBCCj
2026-04-11T22:42:03.527Z,578sfyEs3dVmBDq9D4azot7YZmhUiVPY61q4AJTupump,BOATGUY,filter_2,2026-04-10T23:42:10.113Z,1380,7.125e-05,16384,524288,pumpswap,EQjeB8b8QWTBzXW6ESCHsEdC1DtZQodGbs5TzymmHo7d
2026-04-11T22:46:58.581Z,9oVRwbx3Ray9bK7CKhqwfqY5NaWYjG3xj1DNYg2mpump,brainlet,filter_2,2026-04-11T22:44:55.606Z,2,0.0001532,32768,524288,pumpswap,2PW331e9D7pmdELA1m1Uyq6pnEuj5BWB8m7dcBGgJ5xo
2026-04-11T22:46:58.742Z,9XhhPHKnvSd9R8Ygr8kHR6n8YNYd7SMzRHHPFeb2pump,doomer,filter_1,2026-04-11T22:10:33.845Z,36,2.047e-06,4096,262144,pumpswap,DqTPbpJo2UfNFy2v4dHjMoFg9S2wid1RZuF8qfwcJrHx
2026-04-11T22:46:58.904Z,2wwDzQLc3pwgcHrkCadio4Hn3bzYyCptRAewJAEXdoge,MARKC,filter_1,2026-04-11T21:57:35.843Z,49,6.317e-06,8192,65536,meteora,2rVNWK9fRajakX19wtrfJKGE3xNWeubnV5VpYxETUvPX
2026-04-11T22:46:59.100Z,NicGVyEGbJhn52gBtqWM18zKGzRSe9js98AZnRwY8eS,NEGRON,filter_2,2026-04-11T21:33:59.338Z,73,2.44e-07,65536,1048576,raydium,2rXfTt3Xh699TtAUruiz6Vs7vdTrsn55bEm2FKt9y8yE
2026-04-11T22:51:58.592Z,6TRyMNFbS6y444mDECfaENQrVnvZP4XzMr2fa6f8pump,Trump,filter_6,2026-04-11T21:07:35.070Z,104,1.994e-06,4096,1048576,pumpswap,BJLaR38FZ2accuRrABzAWdiMeZ8mF3Ky5tL6q853bgBh
2026-04-11T22:51:58.757Z,EamB9vqC1b4aoyPR6t3hn6CWf48yny84xzCuFJMbpump,Peepa,filter_1,2026-04-11T20:47:42.794Z,124,0.0001846,32768,2097152,pumpswap,BoB3Dvi5eLGFr86BexBPNY2ZXwMNjWhx3FVCep3X2Vj6
2026-04-11T22:51:58.920Z,AQGaTfXDcvinz6DuxfZEKKFp7hmiWDLis4FtK3chpump,Ivunka,filter_3,2026-04-11T20:41:43.544Z,130,2.232e-06,4096,524288,pumpswap,AHBtpXJ7csokwSXddEDxPFYHcA515g234kXTBMhAVRxe
2026-04-11T22:51:59.082Z,BfZ27pSjL3L8Abm8VuRs5MLjjP21Xv5tUL81Rkyepump,WID,filter_4,2026-04-11T20:41:42.289Z,130,1.28e-05,8192,8192,pumpswap,4zmdmfGwoNb2mfF9PJq2N7x38qpQMwBMphD3HMDx6dak
2026-04-11T22:51:59.244Z,EgiJdQ8dbQHWu1uKS6cQBPaF2sK3a7WFpkjHEgdDpump,Dodger,filter_3,2026-04-11T19:29:11.694Z,203,3.562e-05,16384,1048576,pumpswap,7yrRRCzf429YQ1xQgdZZMy5KQ5jtkkDC7gUZWyPerhXr
2026-04-11T22:51:59.405Z,7bfbBZXpMYbNjhZ6eQ8Ch8VFAbgcz4WsrY7JtQKcpump,BOATGUY,filter_1,2026-04-11T19:27:26.855Z,205,5.851e-06,8192,262144,pumpswap,6gALa6BfE8ce8pLYaEFsTkCtxozfbuBR5bMVK3nKeFD4
2026-04-11T22:51:59.567Z,4juv1Wq63My7Bc7rznMZTyuD4aQfRSZGW9uKqFXSpump,Asset,filter_1,2026-04-11T19:27:24.857Z,205,5.809e-06,8192,32768,pumpswap,6g8ZTMKCKvSsVX92g4SKoBESXgrDL2cR1WLg8i7GZPV9
2026-04-11T22:51:59.727Z,Aq6XmZSohMJeRGU9WswbyQo9paEcKrTEs3xdfDFtpump,Lia,filter_1,2026-04-11T19:25:27.104Z,207,2.317e-06,4096,524288,pumpswap,BsFk4E3Hm12Mg27XmBoDPuk27WAC78BPfN98AHHpDPcM
2026-04-11T22:51:59.921Z,AUZnnRTdybeMiHrxfueNyBgLHnu4H39kngUh84WMpump,MELANIA,filter_3,2026-04-11T19:24:02.559Z,208,0.0007734,65536,524288,pumpswap,DM9Xj9x8A8SEinJdoz4SJH2vdhBdPGSZmhL7DxBgwbBy
2026-04-11T22:52:00.086Z,56MEDV2H1M7DkaikaSg5vpibaSyWhgspCxgPwQJhpump,DNIGGA,filter_1,2026-04-11T19:22:24.852Z,210,2.309e-06,4096,65536,pumpswap,CAhVRREzXYHDvtu6iwACsei9vhv6mexsGm9hpkeVP1Kj
2026-04-11T22:52:00.250Z,A2Px3FMumMJ7W67VEp9ahFXueEyf9aHpei4TTJ5mpump,BABY,filter_3,2026-04-11T19:14:43.120Z,217,1.508e-05,8192,1048576,pumpswap,53UgNjZDC6mXsEDTowHLmKi2Y6jzjH2Ee3ybac7jEQRQ
2026-04-11T22:52:00.438Z,wutj1cNsMWyeu9ub61knDRCwU37aVvYuCBn8ZLPj7JL,ZHONEY,filter_1,2026-04-11T19:04:35.959Z,227,1.169e-05,8192,65536,pumpswap,CtYpMFyZqcJL7mPbDQU9o88g9QpkbzEFSC81J9FzFbF8
2026-04-11T22:52:00.600Z,4oFZFm3s8VKeCnwM2G5X5mZrsPivDyzCLvDYZmVipump,ClawFC,filter_1,2026-04-11T19:00:33.206Z,231,1.362e-05,8192,65536,pumpswap,BnbuPvQe2TNdhS7CSdsCGS1WY7FYu2kZti9adrqkqpZh
2026-04-11T22:52:00.783Z,5rniCpoweGXgsLZZDohw3fZA5yuXgt87df6GHAxWpump,MOTHER,filter_1,2026-04-11T18:17:31.505Z,274,6.919e-06,8192,131072,pumpswap,7dzsEYbuQoK1LLAiae7riygcwphP7BTbK6r7Vv94p28M
2026-04-11T22:52:00.942Z,3i8RByhvAaSWh2VSoVieAPzzmc4DpZC9WHVSsDzBpump,FOOLHOUSE,filter_2,2026-04-11T13:59:09.655Z,533,1.75e-06,4096,524288,pumpswap,G8AJyLtb85QyMbaXZe4k5DdTfLPTD8dEX9xDn2fKqQZD
2026-04-11T22:52:01.128Z,AutFvM5QZqtvjK2SrR8iLwvDEQ7ePnL14Rv7GPFvpump,TripleC,filter_2,2026-04-11T13:57:07.657Z,535,1.051e-05,8192,524288,pumpswap,Cvk9vLXa9wiqWTxb7q5EP3jdPow5ZBrdn1MLRmergW3v
2026-04-11T22:52:01.290Z,Dj2JhqEaKgPDo9se3A1dtSBVV1FFCxAfFa9SBBWmpump,GoldDancer,filter_2,2026-04-11T13:01:12.368Z,591,4.555e-05,16384,524288,pumpswap,9hovxHG2vADjGPe7S6agGTx5o72kgojobbpC5UVzLdt5
2026-04-11T22:52:01.453Z,ACtfUWtgvaXrQGNMiohTusi5jcx5RJf5zwu9aAxkpump,unc,filter_2,2026-04-11T11:21:14.804Z,691,0.0006109,65536,2097152,pumpswap,BWFZkx1pMpvwxammwTrizvoWzZZGiFEYUYW6Ee51SHLy
2026-04-11T22:52:01.638Z,51bywes8qqftjWhEZJZ3GvCM2ogximFejkKqa9kMpump,Marina,filter_2,2026-04-11T10:45:10.038Z,727,7.004e-05,16384,524288,pumpswap,ChmxH4uiGja7C2ht4KurCwXP8LLgtUgibFL1RwLNqeSG
2026-04-11T22:52:01.826Z,22a4gJyiBTjWsTaFAHiHoQTmXsptDy3iBHeqKQADpump,WLFI,filter_2,2026-04-11T08:08:14.642Z,884,1.936e-05,8192,1048576,pumpswap,8JUXPRDDfRbDTN9fsQg1fLKw3u7DM9Cesodu1pcp6WA5
2026-04-11T22:52:02.011Z,J1iyLMzrc4G4WgDVmm33bes1Xwzd1mTcmvP8gubMpump,5,filter_2,2026-04-11T07:45:06.637Z,907,1.95e-06,4096,524288,pumpswap,1HojmJ4JLUiwXz5PxPMAyvaWvk5WZSHGFm1SyQZHTQ2
2026-04-11T22:52:02.173Z,EQUU2gdzvmabX36rCxKSRSNJKtAedRHEiP8pikC8pump,emi,filter_2,2026-04-11T06:50:09.612Z,962,4.742e-05,16384,2097152,pumpswap,A1eSqj58a8SWLfY9ecCZcfaWSgjYvEHXimiyoKHWG2qn
2026-04-11T22:52:02.361Z,5NmLAtsnwiZZbidywsSZYbZS3GtsoAEfa9HNHjGspump,PND,filter_2,2026-04-11T06:08:08.609Z,1004,7.9e-06,8192,1048576,pumpswap,G2GWEuB5ZA6p2qFxx4i4VViApW5P7aLrYJUv2vdgR5jm
2026-04-11T22:52:02.523Z,3DiHoTLRFzuMHmTBfo84Q22yX16Bv6XviFzgLaxnUJSe,SDR,filter_2,2026-04-11T05:05:14.827Z,1067,0.3335,262144,8388608,raydium,8jJMsUjNZDd32et5q7SXPx6QNQkRbbLK1exbNZfoTKcP
2026-04-11T22:52:02.706Z,8Ct8WT6TYTB9zTYxexAWthmWvYbLML9xmXcRFq2Rpump,METHANE,filter_2,2026-04-11T04:31:08.309Z,1101,7.704e-06,8192,131072,pumpswap,GBGkD83YH6d83NGuhhCKcnacPLoFUuexcCimVtPnhi4d
2026-04-11T22:52:02.903Z,BJMoyvAgJzpR1QEEdg8wkBe9PtCuzwCNW2aTzcn6pump,StepSis,filter_2,2026-04-11T02:26:13.472Z,1226,1.647e-06,4096,262144,pumpswap,BdkQUvcHsvnyNJQynnVWQfFusekQt3nVfGCP3WjQdBzB
2026-04-11T22:52:03.065Z,GBjRHbuTzJF2qMkemwY9uWhvs8r9uYqL4bxKheEtpump,TRUE,filter_2,2026-04-11T02:12:09.698Z,1240,3.233e-05,16384,2097152,pumpswap,8ShofcR7qcK368us7RzNYRwbSyyEouzhiSuLuj2kkoG5
2026-04-11T22:52:03.229Z,FFvp48WygUSxCCNP3n9Zu5G7F2yatwXQHbpD2Mkkpump,Skibidi,filter_2,2026-04-11T01:10:07.912Z,1302,0.0001919,32768,1048576,pumpswap,DyBES1yrnSRHS4TKaABfG82LJ2Qifx6jmVUcLYh9XiGa
2026-04-11T22:52:03.391Z,AzB5QtBBZQEUVkWgLVADoXGcDZXqd2HNfaGFQpBBpump,Bro,filter_2,2026-04-11T01:07:09.930Z,1305,3.941e-06,4096,524288,pumpswap,hVcUcM5zBRPai8gd4EeDypNnNPwuihecYaYR9HMBCCj
2026-04-11T22:52:03.552Z,578sfyEs3dVmBDq9D4azot7YZmhUiVPY61q4AJTupump,BOATGUY,filter_2,2026-04-10T23:42:10.113Z,1390,6.747e-05,16384,524288,pumpswap,EQjeB8b8QWTBzXW6ESCHsEdC1DtZQodGbs5TzymmHo7d
2026-04-11T22:56:58.582Z,yLT7rHdaNkfnqfg5pxXxCTrx1Rsnagod16DnpKBpump,Nilly,filter_1,2026-04-11T22:55:34.858Z,1,3.995e-06,4096,131072,pumpswap,8vjkK4SAhZ6zkX7gox9DQEmpX7MbiKsp2gRjD4dAS21V
2026-04-11T22:56:58.744Z,9oVRwbx3Ray9bK7CKhqwfqY5NaWYjG3xj1DNYg2mpump,brainlet,filter_2,2026-04-11T22:44:55.606Z,12,2.273e-06,4096,524288,pumpswap,2PW331e9D7pmdELA1m1Uyq6pnEuj5BWB8m7dcBGgJ5xo
2026-04-11T22:56:58.930Z,9XhhPHKnvSd9R8Ygr8kHR6n8YNYd7SMzRHHPFeb2pump,doomer,filter_1,2026-04-11T22:10:33.845Z,46,2.047e-06,4096,262144,pumpswap,DqTPbpJo2UfNFy2v4dHjMoFg9S2wid1RZuF8qfwcJrHx
2026-04-11T22:56:59.092Z,2wwDzQLc3pwgcHrkCadio4Hn3bzYyCptRAewJAEXdoge,MARKC,filter_1,2026-04-11T21:57:35.843Z,59,6.449e-06,8192,65536,meteora,2rVNWK9fRajakX19wtrfJKGE3xNWeubnV5VpYxETUvPX
2026-04-11T22:56:59.256Z,NicGVyEGbJhn52gBtqWM18zKGzRSe9js98AZnRwY8eS,NEGRON,filter_2,2026-04-11T21:33:59.338Z,83,2.442e-07,65536,1048576,raydium,2rXfTt3Xh699TtAUruiz6Vs7vdTrsn55bEm2FKt9y8yE
2026-04-11T23:01:58.601Z,6TRyMNFbS6y444mDECfaENQrVnvZP4XzMr2fa6f8pump,Trump,filter_6,2026-04-11T21:07:35.070Z,114,1.995e-06,4096,1048576,pumpswap,BJLaR38FZ2accuRrABzAWdiMeZ8mF3Ky5tL6q853bgBh
2026-04-11T23:01:58.763Z,EamB9vqC1b4aoyPR6t3hn6CWf48yny84xzCuFJMbpump,Peepa,filter_1,2026-04-11T20:47:42.794Z,134,0.0002029,32768,2097152,pumpswap,BoB3Dvi5eLGFr86BexBPNY2ZXwMNjWhx3FVCep3X2Vj6
2026-04-11T23:01:58.923Z,AQGaTfXDcvinz6DuxfZEKKFp7hmiWDLis4FtK3chpump,Ivunka,filter_3,2026-04-11T20:41:43.544Z,140,2.202e-06,4096,524288,pumpswap,AHBtpXJ7csokwSXddEDxPFYHcA515g234kXTBMhAVRxe
2026-04-11T23:01:59.110Z,BfZ27pSjL3L8Abm8VuRs5MLjjP21Xv5tUL81Rkyepump,WID,filter_4,2026-04-11T20:41:42.289Z,140,1.267e-05,8192,8192,pumpswap,4zmdmfGwoNb2mfF9PJq2N7x38qpQMwBMphD3HMDx6dak
2026-04-11T23:01:59.270Z,EgiJdQ8dbQHWu1uKS6cQBPaF2sK3a7WFpkjHEgdDpump,Dodger,filter_3,2026-04-11T19:29:11.694Z,213,3.411e-05,16384,1048576,pumpswap,7yrRRCzf429YQ1xQgdZZMy5KQ5jtkkDC7gUZWyPerhXr
2026-04-11T23:01:59.430Z,7bfbBZXpMYbNjhZ6eQ8Ch8VFAbgcz4WsrY7JtQKcpump,BOATGUY,filter_1,2026-04-11T19:27:26.855Z,215,6.023e-06,8192,262144,pumpswap,6gALa6BfE8ce8pLYaEFsTkCtxozfbuBR5bMVK3nKeFD4
2026-04-11T23:01:59.589Z,4juv1Wq63My7Bc7rznMZTyuD4aQfRSZGW9uKqFXSpump,Asset,filter_1,2026-04-11T19:27:24.857Z,215,5.812e-06,8192,32768,pumpswap,6g8ZTMKCKvSsVX92g4SKoBESXgrDL2cR1WLg8i7GZPV9
2026-04-11T23:01:59.775Z,Aq6XmZSohMJeRGU9WswbyQo9paEcKrTEs3xdfDFtpump,Lia,filter_1,2026-04-11T19:25:27.104Z,217,2.309e-06,4096,524288,pumpswap,BsFk4E3Hm12Mg27XmBoDPuk27WAC78BPfN98AHHpDPcM
2026-04-11T23:01:59.933Z,AUZnnRTdybeMiHrxfueNyBgLHnu4H39kngUh84WMpump,MELANIA,filter_3,2026-04-11T19:24:02.559Z,218,0.0007613,65536,524288,pumpswap,DM9Xj9x8A8SEinJdoz4SJH2vdhBdPGSZmhL7DxBgwbBy
2026-04-11T23:02:00.093Z,56MEDV2H1M7DkaikaSg5vpibaSyWhgspCxgPwQJhpump,DNIGGA,filter_1,2026-04-11T19:22:24.852Z,220,2.302e-06,4096,65536,pumpswap,CAhVRREzXYHDvtu6iwACsei9vhv6mexsGm9hpkeVP1Kj
2026-04-11T23:02:00.253Z,A2Px3FMumMJ7W67VEp9ahFXueEyf9aHpei4TTJ5mpump,BABY,filter_3,2026-04-11T19:14:43.120Z,227,1.51e-05,8192,1048576,pumpswap,53UgNjZDC6mXsEDTowHLmKi2Y6jzjH2Ee3ybac7jEQRQ
2026-04-11T23:02:00.417Z,wutj1cNsMWyeu9ub61knDRCwU37aVvYuCBn8ZLPj7JL,ZHONEY,filter_1,2026-04-11T19:04:35.959Z,237,1.032e-05,8192,65536,pumpswap,CtYpMFyZqcJL7mPbDQU9o88g9QpkbzEFSC81J9FzFbF8
2026-04-11T23:02:00.578Z,4oFZFm3s8VKeCnwM2G5X5mZrsPivDyzCLvDYZmVipump,ClawFC,filter_1,2026-04-11T19:00:33.206Z,241,1.333e-05,8192,65536,pumpswap,BnbuPvQe2TNdhS7CSdsCGS1WY7FYu2kZti9adrqkqpZh
2026-04-11T23:02:00.768Z,5rniCpoweGXgsLZZDohw3fZA5yuXgt87df6GHAxWpump,MOTHER,filter_1,2026-04-11T18:17:31.505Z,284,6.828e-06,8192,131072,pumpswap,7dzsEYbuQoK1LLAiae7riygcwphP7BTbK6r7Vv94p28M
2026-04-11T23:02:00.928Z,3i8RByhvAaSWh2VSoVieAPzzmc4DpZC9WHVSsDzBpump,FOOLHOUSE,filter_2,2026-04-11T13:59:09.655Z,543,1.75e-06,4096,524288,pumpswap,G8AJyLtb85QyMbaXZe4k5DdTfLPTD8dEX9xDn2fKqQZD
2026-04-11T23:02:01.089Z,AutFvM5QZqtvjK2SrR8iLwvDEQ7ePnL14Rv7GPFvpump,TripleC,filter_2,2026-04-11T13:57:07.657Z,545,1.051e-05,8192,524288,pumpswap,Cvk9vLXa9wiqWTxb7q5EP3jdPow5ZBrdn1MLRmergW3v
2026-04-11T23:02:01.248Z,Dj2JhqEaKgPDo9se3A1dtSBVV1FFCxAfFa9SBBWmpump,GoldDancer,filter_2,2026-04-11T13:01:12.368Z,601,5.01e-05,16384,524288,pumpswap,9hovxHG2vADjGPe7S6agGTx5o72kgojobbpC5UVzLdt5
2026-04-11T23:02:01.410Z,ACtfUWtgvaXrQGNMiohTusi5jcx5RJf5zwu9aAxkpump,unc,filter_2,2026-04-11T11:21:14.804Z,701,0.0006574,65536,2097152,pumpswap,BWFZkx1pMpvwxammwTrizvoWzZZGiFEYUYW6Ee51SHLy
2026-04-11T23:02:01.571Z,51bywes8qqftjWhEZJZ3GvCM2ogximFejkKqa9kMpump,Marina,filter_2,2026-04-11T10:45:10.038Z,737,6.7e-05,16384,524288,pumpswap,ChmxH4uiGja7C2ht4KurCwXP8LLgtUgibFL1RwLNqeSG
2026-04-11T23:02:01.757Z,22a4gJyiBTjWsTaFAHiHoQTmXsptDy3iBHeqKQADpump,WLFI,filter_2,2026-04-11T08:08:14.642Z,894,1.9e-05,8192,1048576,pumpswap,8JUXPRDDfRbDTN9fsQg1fLKw3u7DM9Cesodu1pcp6WA5
2026-04-11T23:02:01.919Z,J1iyLMzrc4G4WgDVmm33bes1Xwzd1mTcmvP8gubMpump,5,filter_2,2026-04-11T07:45:06.637Z,917,1.95e-06,4096,524288,pumpswap,1HojmJ4JLUiwXz5PxPMAyvaWvk5WZSHGFm1SyQZHTQ2
2026-04-11T23:02:02.080Z,EQUU2gdzvmabX36rCxKSRSNJKtAedRHEiP8pikC8pump,emi,filter_2,2026-04-11T06:50:09.612Z,972,4.347e-05,16384,2097152,pumpswap,A1eSqj58a8SWLfY9ecCZcfaWSgjYvEHXimiyoKHWG2qn
2026-04-11T23:02:02.239Z,5NmLAtsnwiZZbidywsSZYbZS3GtsoAEfa9HNHjGspump,PND,filter_2,2026-04-11T06:08:08.609Z,1014,7.556e-06,8192,1048576,pumpswap,G2GWEuB5ZA6p2qFxx4i4VViApW5P7aLrYJUv2vdgR5jm
2026-04-11T23:02:02.425Z,3DiHoTLRFzuMHmTBfo84Q22yX16Bv6XviFzgLaxnUJSe,SDR,filter_2,2026-04-11T05:05:14.827Z,1077,0.3376,262144,8388608,raydium,8jJMsUjNZDd32et5q7SXPx6QNQkRbbLK1exbNZfoTKcP
2026-04-11T23:02:02.585Z,8Ct8WT6TYTB9zTYxexAWthmWvYbLML9xmXcRFq2Rpump,METHANE,filter_2,2026-04-11T04:31:08.309Z,1111,3.129e-06,4096,131072,pumpswap,GBGkD83YH6d83NGuhhCKcnacPLoFUuexcCimVtPnhi4d
2026-04-11T23:02:02.769Z,BJMoyvAgJzpR1QEEdg8wkBe9PtCuzwCNW2aTzcn6pump,StepSis,filter_2,2026-04-11T02:26:13.472Z,1236,1.647e-06,4096,262144,pumpswap,BdkQUvcHsvnyNJQynnVWQfFusekQt3nVfGCP3WjQdBzB
2026-04-11T23:02:02.962Z,GBjRHbuTzJF2qMkemwY9uWhvs8r9uYqL4bxKheEtpump,TRUE,filter_2,2026-04-11T02:12:09.698Z,1250,3.575e-05,16384,2097152,pumpswap,8ShofcR7qcK368us7RzNYRwbSyyEouzhiSuLuj2kkoG5
2026-04-11T23:02:03.122Z,FFvp48WygUSxCCNP3n9Zu5G7F2yatwXQHbpD2Mkkpump,Skibidi,filter_2,2026-04-11T01:10:07.912Z,1312,0.0002017,32768,1048576,pumpswap,DyBES1yrnSRHS4TKaABfG82LJ2Qifx6jmVUcLYh9XiGa
2026-04-11T23:02:03.284Z,AzB5QtBBZQEUVkWgLVADoXGcDZXqd2HNfaGFQpBBpump,Bro,filter_2,2026-04-11T01:07:09.930Z,1315,3.916e-06,4096,524288,pumpswap,hVcUcM5zBRPai8gd4EeDypNnNPwuihecYaYR9HMBCCj
2026-04-11T23:02:03.472Z,578sfyEs3dVmBDq9D4azot7YZmhUiVPY61q4AJTupump,BOATGUY,filter_2,2026-04-10T23:42:10.113Z,1400,6.575e-05,16384,524288,pumpswap,EQjeB8b8QWTBzXW6ESCHsEdC1DtZQodGbs5TzymmHo7d
2026-04-11T23:06:58.580Z,yLT7rHdaNkfnqfg5pxXxCTrx1Rsnagod16DnpKBpump,Nilly,filter_1,2026-04-11T23:06:34.118Z,0,3.955e-06,4096,131072,pumpswap,8vjkK4SAhZ6zkX7gox9DQEmpX7MbiKsp2gRjD4dAS21V
2026-04-11T23:06:58.741Z,9oVRwbx3Ray9bK7CKhqwfqY5NaWYjG3xj1DNYg2mpump,brainlet,filter_2,2026-04-11T22:44:55.606Z,22,2.146e-06,4096,524288,pumpswap,2PW331e9D7pmdELA1m1Uyq6pnEuj5BWB8m7dcBGgJ5xo
2026-04-11T23:06:58.901Z,9XhhPHKnvSd9R8Ygr8kHR6n8YNYd7SMzRHHPFeb2pump,doomer,filter_1,2026-04-11T22:10:33.845Z,56,2.047e-06,4096,262144,pumpswap,DqTPbpJo2UfNFy2v4dHjMoFg9S2wid1RZuF8qfwcJrHx
2026-04-11T23:06:59.063Z,2wwDzQLc3pwgcHrkCadio4Hn3bzYyCptRAewJAEXdoge,MARKC,filter_1,2026-04-11T21:57:35.843Z,69,6.283e-06,8192,65536,meteora,2rVNWK9fRajakX19wtrfJKGE3xNWeubnV5VpYxETUvPX
2026-04-11T23:06:59.221Z,NicGVyEGbJhn52gBtqWM18zKGzRSe9js98AZnRwY8eS,NEGRON,filter_2,2026-04-11T21:33:59.338Z,93,2.435e-07,65536,2097152,raydium,2rXfTt3Xh699TtAUruiz6Vs7vdTrsn55bEm2FKt9y8yE
2026-04-11T23:11:58.616Z,6TRyMNFbS6y444mDECfaENQrVnvZP4XzMr2fa6f8pump,Trump,filter_6,2026-04-11T21:07:35.070Z,124,1.98e-06,4096,1048576,pumpswap,BJLaR38FZ2accuRrABzAWdiMeZ8mF3Ky5tL6q853bgBh
2026-04-11T23:11:58.778Z,EamB9vqC1b4aoyPR6t3hn6CWf48yny84xzCuFJMbpump,Peepa,filter_1,2026-04-11T20:47:42.794Z,144,0.0002093,32768,2097152,pumpswap,BoB3Dvi5eLGFr86BexBPNY2ZXwMNjWhx3FVCep3X2Vj6
2026-04-11T23:11:58.940Z,AQGaTfXDcvinz6DuxfZEKKFp7hmiWDLis4FtK3chpump,Ivunka,filter_3,2026-04-11T20:41:43.544Z,150,2.202e-06,4096,524288,pumpswap,AHBtpXJ7csokwSXddEDxPFYHcA515g234kXTBMhAVRxe
2026-04-11T23:11:59.143Z,BfZ27pSjL3L8Abm8VuRs5MLjjP21Xv5tUL81Rkyepump,WID,filter_4,2026-04-11T20:41:42.289Z,150,1.3e-05,8192,8192,pumpswap,4zmdmfGwoNb2mfF9PJq2N7x38qpQMwBMphD3HMDx6dak
2026-04-11T23:11:59.325Z,EgiJdQ8dbQHWu1uKS6cQBPaF2sK3a7WFpkjHEgdDpump,Dodger,filter_3,2026-04-11T19:29:11.694Z,223,3.266e-05,16384,1048576,pumpswap,7yrRRCzf429YQ1xQgdZZMy5KQ5jtkkDC7gUZWyPerhXr
2026-04-11T23:11:59.485Z,7bfbBZXpMYbNjhZ6eQ8Ch8VFAbgcz4WsrY7JtQKcpump,BOATGUY,filter_1,2026-04-11T19:27:26.855Z,225,5.804e-06,8192,262144,pumpswap,6gALa6BfE8ce8pLYaEFsTkCtxozfbuBR5bMVK3nKeFD4
2026-04-11T23:11:59.647Z,4juv1Wq63My7Bc7rznMZTyuD4aQfRSZGW9uKqFXSpump,Asset,filter_1,2026-04-11T19:27:24.857Z,225,5.812e-06,8192,32768,pumpswap,6g8ZTMKCKvSsVX92g4SKoBESXgrDL2cR1WLg8i7GZPV9
2026-04-11T23:11:59.830Z,Aq6XmZSohMJeRGU9WswbyQo9paEcKrTEs3xdfDFtpump,Lia,filter_1,2026-04-11T19:25:27.104Z,227,2.281e-06,4096,524288,pumpswap,BsFk4E3Hm12Mg27XmBoDPuk27WAC78BPfN98AHHpDPcM
2026-04-11T23:11:59.992Z,AUZnnRTdybeMiHrxfueNyBgLHnu4H39kngUh84WMpump,MELANIA,filter_3,2026-04-11T19:24:02.559Z,228,0.0007546,65536,524288,pumpswap,DM9Xj9x8A8SEinJdoz4SJH2vdhBdPGSZmhL7DxBgwbBy
2026-04-11T23:12:00.154Z,56MEDV2H1M7DkaikaSg5vpibaSyWhgspCxgPwQJhpump,DNIGGA,filter_1,2026-04-11T19:22:24.852Z,230,2.287e-06,4096,65536,pumpswap,CAhVRREzXYHDvtu6iwACsei9vhv6mexsGm9hpkeVP1Kj
2026-04-11T23:12:00.322Z,A2Px3FMumMJ7W67VEp9ahFXueEyf9aHpei4TTJ5mpump,BABY,filter_3,2026-04-11T19:14:43.120Z,237,1.553e-05,8192,1048576,pumpswap,53UgNjZDC6mXsEDTowHLmKi2Y6jzjH2Ee3ybac7jEQRQ
2026-04-11T23:12:00.486Z,wutj1cNsMWyeu9ub61knDRCwU37aVvYuCBn8ZLPj7JL,ZHONEY,filter_1,2026-04-11T19:04:35.959Z,247,9.975e-06,8192,65536,pumpswap,CtYpMFyZqcJL7mPbDQU9o88g9QpkbzEFSC81J9FzFbF8
2026-04-11T23:12:00.649Z,4oFZFm3s8VKeCnwM2G5X5mZrsPivDyzCLvDYZmVipump,ClawFC,filter_1,2026-04-11T19:00:33.206Z,251,1.369e-05,8192,65536,pumpswap,BnbuPvQe2TNdhS7CSdsCGS1WY7FYu2kZti9adrqkqpZh
2026-04-11T23:12:00.814Z,5rniCpoweGXgsLZZDohw3fZA5yuXgt87df6GHAxWpump,MOTHER,filter_1,2026-04-11T18:17:31.505Z,294,6.708e-06,8192,131072,pumpswap,7dzsEYbuQoK1LLAiae7riygcwphP7BTbK6r7Vv94p28M
2026-04-11T23:12:01.004Z,3i8RByhvAaSWh2VSoVieAPzzmc4DpZC9WHVSsDzBpump,FOOLHOUSE,filter_2,2026-04-11T13:59:09.655Z,553,1.756e-06,4096,524288,pumpswap,G8AJyLtb85QyMbaXZe4k5DdTfLPTD8dEX9xDn2fKqQZD
2026-04-11T23:12:01.200Z,AutFvM5QZqtvjK2SrR8iLwvDEQ7ePnL14Rv7GPFvpump,TripleC,filter_2,2026-04-11T13:57:07.657Z,555,8.99e-06,8192,524288,pumpswap,Cvk9vLXa9wiqWTxb7q5EP3jdPow5ZBrdn1MLRmergW3v
2026-04-11T23:12:01.361Z,Dj2JhqEaKgPDo9se3A1dtSBVV1FFCxAfFa9SBBWmpump,GoldDancer,filter_2,2026-04-11T13:01:12.368Z,611,5.281e-05,16384,524288,pumpswap,9hovxHG2vADjGPe7S6agGTx5o72kgojobbpC5UVzLdt5
2026-04-11T23:12:01.522Z,ACtfUWtgvaXrQGNMiohTusi5jcx5RJf5zwu9aAxkpump,unc,filter_2,2026-04-11T11:21:14.804Z,711,0.0006113,65536,2097152,pumpswap,BWFZkx1pMpvwxammwTrizvoWzZZGiFEYUYW6Ee51SHLy
2026-04-11T23:12:01.697Z,51bywes8qqftjWhEZJZ3GvCM2ogximFejkKqa9kMpump,Marina,filter_2,2026-04-11T10:45:10.038Z,747,7.773e-05,16384,524288,pumpswap,ChmxH4uiGja7C2ht4KurCwXP8LLgtUgibFL1RwLNqeSG
2026-04-11T23:12:01.890Z,22a4gJyiBTjWsTaFAHiHoQTmXsptDy3iBHeqKQADpump,WLFI,filter_2,2026-04-11T08:08:14.642Z,904,1.771e-05,8192,1048576,pumpswap,8JUXPRDDfRbDTN9fsQg1fLKw3u7DM9Cesodu1pcp6WA5
2026-04-11T23:12:02.051Z,J1iyLMzrc4G4WgDVmm33bes1Xwzd1mTcmvP8gubMpump,5,filter_2,2026-04-11T07:45:06.637Z,927,1.95e-06,4096,524288,pumpswap,1HojmJ4JLUiwXz5PxPMAyvaWvk5WZSHGFm1SyQZHTQ2
2026-04-11T23:12:02.213Z,EQUU2gdzvmabX36rCxKSRSNJKtAedRHEiP8pikC8pump,emi,filter_2,2026-04-11T06:50:09.612Z,982,4.794e-05,16384,2097152,pumpswap,A1eSqj58a8SWLfY9ecCZcfaWSgjYvEHXimiyoKHWG2qn
2026-04-11T23:12:02.398Z,5NmLAtsnwiZZbidywsSZYbZS3GtsoAEfa9HNHjGspump,PND,filter_2,2026-04-11T06:08:08.609Z,1024,7.186e-06,8192,1048576,pumpswap,G2GWEuB5ZA6p2qFxx4i4VViApW5P7aLrYJUv2vdgR5jm
2026-04-11T23:12:02.559Z,3DiHoTLRFzuMHmTBfo84Q22yX16Bv6XviFzgLaxnUJSe,SDR,filter_2,2026-04-11T05:05:14.827Z,1087,0.3367,262144,8388608,raydium,8jJMsUjNZDd32et5q7SXPx6QNQkRbbLK1exbNZfoTKcP
2026-04-11T23:12:02.721Z,8Ct8WT6TYTB9zTYxexAWthmWvYbLML9xmXcRFq2Rpump,METHANE,filter_2,2026-04-11T04:31:08.309Z,1121,1.779e-06,4096,131072,pumpswap,GBGkD83YH6d83NGuhhCKcnacPLoFUuexcCimVtPnhi4d
2026-04-11T23:12:02.917Z,BJMoyvAgJzpR1QEEdg8wkBe9PtCuzwCNW2aTzcn6pump,StepSis,filter_2,2026-04-11T02:26:13.472Z,1246,1.647e-06,4096,262144,pumpswap,BdkQUvcHsvnyNJQynnVWQfFusekQt3nVfGCP3WjQdBzB
2026-04-11T23:12:03.080Z,GBjRHbuTzJF2qMkemwY9uWhvs8r9uYqL4bxKheEtpump,TRUE,filter_2,2026-04-11T02:12:09.698Z,1260,3.321e-05,16384,2097152,pumpswap,8ShofcR7qcK368us7RzNYRwbSyyEouzhiSuLuj2kkoG5
2026-04-11T23:12:03.241Z,FFvp48WygUSxCCNP3n9Zu5G7F2yatwXQHbpD2Mkkpump,Skibidi,filter_2,2026-04-11T01:10:07.912Z,1322,0.0001999,32768,1048576,pumpswap,DyBES1yrnSRHS4TKaABfG82LJ2Qifx6jmVUcLYh9XiGa
2026-04-11T23:12:03.403Z,AzB5QtBBZQEUVkWgLVADoXGcDZXqd2HNfaGFQpBBpump,Bro,filter_2,2026-04-11T01:07:09.930Z,1325,3.894e-06,4096,524288,pumpswap,hVcUcM5zBRPai8gd4EeDypNnNPwuihecYaYR9HMBCCj
2026-04-11T23:12:03.565Z,578sfyEs3dVmBDq9D4azot7YZmhUiVPY61q4AJTupump,BOATGUY,filter_2,2026-04-10T23:42:10.113Z,1410,6.456e-05,16384,524288,pumpswap,EQjeB8b8QWTBzXW6ESCHsEdC1DtZQodGbs5TzymmHo7d
2026-04-11T23:16:58.617Z,yLT7rHdaNkfnqfg5pxXxCTrx1Rsnagod16DnpKBpump,Nilly,filter_1,2026-04-11T23:12:34.125Z,4,3.955e-06,4096,131072,pumpswap,8vjkK4SAhZ6zkX7gox9DQEmpX7MbiKsp2gRjD4dAS21V
2026-04-11T23:16:58.776Z,9oVRwbx3Ray9bK7CKhqwfqY5NaWYjG3xj1DNYg2mpump,brainlet,filter_2,2026-04-11T22:44:55.606Z,32,2.337e-06,4096,524288,pumpswap,2PW331e9D7pmdELA1m1Uyq6pnEuj5BWB8m7dcBGgJ5xo
2026-04-11T23:16:58.936Z,9XhhPHKnvSd9R8Ygr8kHR6n8YNYd7SMzRHHPFeb2pump,doomer,filter_1,2026-04-11T22:10:33.845Z,66,2.047e-06,4096,262144,pumpswap,DqTPbpJo2UfNFy2v4dHjMoFg9S2wid1RZuF8qfwcJrHx
2026-04-11T23:16:59.097Z,2wwDzQLc3pwgcHrkCadio4Hn3bzYyCptRAewJAEXdoge,MARKC,filter_1,2026-04-11T21:57:35.843Z,79,6.779e-06,8192,65536,meteora,2rVNWK9fRajakX19wtrfJKGE3xNWeubnV5VpYxETUvPX
2026-04-11T23:16:59.257Z,NicGVyEGbJhn52gBtqWM18zKGzRSe9js98AZnRwY8eS,NEGRON,filter_2,2026-04-11T21:33:59.338Z,103,2.435e-07,65536,2097152,raydium,2rXfTt3Xh699TtAUruiz6Vs7vdTrsn55bEm2FKt9y8yE
2026-04-11T23:21:58.585Z,3SNNxUYmrXUc1mQbtV2NGQTuGKVji4y3MWhyESTypump,CASSIE,filter_4,2026-04-11T23:18:36.635Z,3,3.477e-05,16384,65536,pumpswap,B6nQAKbBTm8xTFHBs4xGUqMJJu6JF5mBcmpEv8MPEQ1i
2026-04-11T23:21:58.749Z,6TRyMNFbS6y444mDECfaENQrVnvZP4XzMr2fa6f8pump,Trump,filter_6,2026-04-11T21:07:35.070Z,134,1.98e-06,4096,1048576,pumpswap,BJLaR38FZ2accuRrABzAWdiMeZ8mF3Ky5tL6q853bgBh
2026-04-11T23:21:58.909Z,EamB9vqC1b4aoyPR6t3hn6CWf48yny84xzCuFJMbpump,Peepa,filter_1,2026-04-11T20:47:42.794Z,154,0.0002022,32768,2097152,pumpswap,BoB3Dvi5eLGFr86BexBPNY2ZXwMNjWhx3FVCep3X2Vj6
2026-04-11T23:21:59.069Z,AQGaTfXDcvinz6DuxfZEKKFp7hmiWDLis4FtK3chpump,Ivunka,filter_3,2026-04-11T20:41:43.544Z,160,2.53e-06,4096,524288,pumpswap,AHBtpXJ7csokwSXddEDxPFYHcA515g234kXTBMhAVRxe
2026-04-11T23:21:59.228Z,BfZ27pSjL3L8Abm8VuRs5MLjjP21Xv5tUL81Rkyepump,WID,filter_4,2026-04-11T20:41:42.289Z,160,1.293e-05,8192,8192,pumpswap,4zmdmfGwoNb2mfF9PJq2N7x38qpQMwBMphD3HMDx6dak
2026-04-11T23:21:59.387Z,EgiJdQ8dbQHWu1uKS6cQBPaF2sK3a7WFpkjHEgdDpump,Dodger,filter_3,2026-04-11T19:29:11.694Z,233,3.338e-05,16384,1048576,pumpswap,7yrRRCzf429YQ1xQgdZZMy5KQ5jtkkDC7gUZWyPerhXr
2026-04-11T23:21:59.547Z,7bfbBZXpMYbNjhZ6eQ8Ch8VFAbgcz4WsrY7JtQKcpump,BOATGUY,filter_1,2026-04-11T19:27:26.855Z,235,6.028e-06,8192,262144,pumpswap,6gALa6BfE8ce8pLYaEFsTkCtxozfbuBR5bMVK3nKeFD4
2026-04-11T23:21:59.704Z,4juv1Wq63My7Bc7rznMZTyuD4aQfRSZGW9uKqFXSpump,Asset,filter_1,2026-04-11T19:27:24.857Z,235,5.812e-06,8192,32768,pumpswap,6g8ZTMKCKvSsVX92g4SKoBESXgrDL2cR1WLg8i7GZPV9
2026-04-11T23:21:59.863Z,Aq6XmZSohMJeRGU9WswbyQo9paEcKrTEs3xdfDFtpump,Lia,filter_1,2026-04-11T19:25:27.104Z,237,2.281e-06,4096,524288,pumpswap,BsFk4E3Hm12Mg27XmBoDPuk27WAC78BPfN98AHHpDPcM
2026-04-11T23:22:00.022Z,AUZnnRTdybeMiHrxfueNyBgLHnu4H39kngUh84WMpump,MELANIA,filter_3,2026-04-11T19:24:02.559Z,238,0.0008392,65536,524288,pumpswap,DM9Xj9x8A8SEinJdoz4SJH2vdhBdPGSZmhL7DxBgwbBy
2026-04-11T23:22:00.207Z,56MEDV2H1M7DkaikaSg5vpibaSyWhgspCxgPwQJhpump,DNIGGA,filter_1,2026-04-11T19:22:24.852Z,240,2.278e-06,4096,65536,pumpswap,CAhVRREzXYHDvtu6iwACsei9vhv6mexsGm9hpkeVP1Kj
2026-04-11T23:22:00.367Z,A2Px3FMumMJ7W67VEp9ahFXueEyf9aHpei4TTJ5mpump,BABY,filter_3,2026-04-11T19:14:43.120Z,247,1.426e-05,8192,1048576,pumpswap,53UgNjZDC6mXsEDTowHLmKi2Y6jzjH2Ee3ybac7jEQRQ
2026-04-11T23:22:00.552Z,wutj1cNsMWyeu9ub61knDRCwU37aVvYuCBn8ZLPj7JL,ZHONEY,filter_1,2026-04-11T19:04:35.959Z,257,9.569e-06,8192,65536,pumpswap,CtYpMFyZqcJL7mPbDQU9o88g9QpkbzEFSC81J9FzFbF8
2026-04-11T23:22:00.712Z,4oFZFm3s8VKeCnwM2G5X5mZrsPivDyzCLvDYZmVipump,ClawFC,filter_1,2026-04-11T19:00:33.206Z,261,1.225e-05,8192,131072,pumpswap,BnbuPvQe2TNdhS7CSdsCGS1WY7FYu2kZti9adrqkqpZh
2026-04-11T23:22:00.900Z,5rniCpoweGXgsLZZDohw3fZA5yuXgt87df6GHAxWpump,MOTHER,filter_1,2026-04-11T18:17:31.505Z,304,6.435e-06,8192,131072,pumpswap,7dzsEYbuQoK1LLAiae7riygcwphP7BTbK6r7Vv94p28M
2026-04-11T23:22:01.059Z,3i8RByhvAaSWh2VSoVieAPzzmc4DpZC9WHVSsDzBpump,FOOLHOUSE,filter_2,2026-04-11T13:59:09.655Z,563,1.756e-06,4096,524288,pumpswap,G8AJyLtb85QyMbaXZe4k5DdTfLPTD8dEX9xDn2fKqQZD
2026-04-11T23:22:01.246Z,AutFvM5QZqtvjK2SrR8iLwvDEQ7ePnL14Rv7GPFvpump,TripleC,filter_2,2026-04-11T13:57:07.657Z,565,9.39e-06,8192,524288,pumpswap,Cvk9vLXa9wiqWTxb7q5EP3jdPow5ZBrdn1MLRmergW3v
2026-04-11T23:22:01.406Z,Dj2JhqEaKgPDo9se3A1dtSBVV1FFCxAfFa9SBBWmpump,GoldDancer,filter_2,2026-04-11T13:01:12.368Z,621,5.118e-05,16384,524288,pumpswap,9hovxHG2vADjGPe7S6agGTx5o72kgojobbpC5UVzLdt5
2026-04-11T23:22:01.570Z,ACtfUWtgvaXrQGNMiohTusi5jcx5RJf5zwu9aAxkpump,unc,filter_2,2026-04-11T11:21:14.804Z,721,0.0006567,65536,2097152,pumpswap,BWFZkx1pMpvwxammwTrizvoWzZZGiFEYUYW6Ee51SHLy
2026-04-11T23:22:01.729Z,51bywes8qqftjWhEZJZ3GvCM2ogximFejkKqa9kMpump,Marina,filter_2,2026-04-11T10:45:10.038Z,757,9.381e-05,32768,524288,pumpswap,ChmxH4uiGja7C2ht4KurCwXP8LLgtUgibFL1RwLNqeSG
2026-04-11T23:22:01.890Z,22a4gJyiBTjWsTaFAHiHoQTmXsptDy3iBHeqKQADpump,WLFI,filter_2,2026-04-11T08:08:14.642Z,914,1.91e-05,8192,1048576,pumpswap,8JUXPRDDfRbDTN9fsQg1fLKw3u7DM9Cesodu1pcp6WA5
2026-04-11T23:22:02.051Z,J1iyLMzrc4G4WgDVmm33bes1Xwzd1mTcmvP8gubMpump,5,filter_2,2026-04-11T07:45:06.637Z,937,1.95e-06,4096,524288,pumpswap,1HojmJ4JLUiwXz5PxPMAyvaWvk5WZSHGFm1SyQZHTQ2
2026-04-11T23:22:02.212Z,EQUU2gdzvmabX36rCxKSRSNJKtAedRHEiP8pikC8pump,emi,filter_2,2026-04-11T06:50:09.612Z,992,3.958e-05,16384,2097152,pumpswap,A1eSqj58a8SWLfY9ecCZcfaWSgjYvEHXimiyoKHWG2qn
2026-04-11T23:22:02.406Z,5NmLAtsnwiZZbidywsSZYbZS3GtsoAEfa9HNHjGspump,PND,filter_2,2026-04-11T06:08:08.609Z,1034,7.494e-06,8192,1048576,pumpswap,G2GWEuB5ZA6p2qFxx4i4VViApW5P7aLrYJUv2vdgR5jm
2026-04-11T23:22:02.590Z,3DiHoTLRFzuMHmTBfo84Q22yX16Bv6XviFzgLaxnUJSe,SDR,filter_2,2026-04-11T05:05:14.827Z,1097,0.3412,262144,8388608,raydium,8jJMsUjNZDd32et5q7SXPx6QNQkRbbLK1exbNZfoTKcP
2026-04-11T23:22:02.750Z,8Ct8WT6TYTB9zTYxexAWthmWvYbLML9xmXcRFq2Rpump,METHANE,filter_2,2026-04-11T04:31:08.309Z,1131,1.98e-06,4096,131072,pumpswap,GBGkD83YH6d83NGuhhCKcnacPLoFUuexcCimVtPnhi4d
2026-04-11T23:22:02.943Z,BJMoyvAgJzpR1QEEdg8wkBe9PtCuzwCNW2aTzcn6pump,StepSis,filter_2,2026-04-11T02:26:13.472Z,1256,1.647e-06,4096,262144,pumpswap,BdkQUvcHsvnyNJQynnVWQfFusekQt3nVfGCP3WjQdBzB
2026-04-11T23:22:03.103Z,GBjRHbuTzJF2qMkemwY9uWhvs8r9uYqL4bxKheEtpump,TRUE,filter_2,2026-04-11T02:12:09.698Z,1270,3.123e-05,16384,2097152,pumpswap,8ShofcR7qcK368us7RzNYRwbSyyEouzhiSuLuj2kkoG5
2026-04-11T23:22:03.263Z,FFvp48WygUSxCCNP3n9Zu5G7F2yatwXQHbpD2Mkkpump,Skibidi,filter_2,2026-04-11T01:10:07.912Z,1332,0.0002033,32768,1048576,pumpswap,DyBES1yrnSRHS4TKaABfG82LJ2Qifx6jmVUcLYh9XiGa
2026-04-11T23:22:03.423Z,AzB5QtBBZQEUVkWgLVADoXGcDZXqd2HNfaGFQpBBpump,Bro,filter_2,2026-04-11T01:07:09.930Z,1335,3.827e-06,4096,524288,pumpswap,hVcUcM5zBRPai8gd4EeDypNnNPwuihecYaYR9HMBCCj
2026-04-11T23:22:03.583Z,578sfyEs3dVmBDq9D4azot7YZmhUiVPY61q4AJTupump,BOATGUY,filter_2,2026-04-10T23:42:10.113Z,1420,7.835e-05,32768,524288,pumpswap,EQjeB8b8QWTBzXW6ESCHsEdC1DtZQodGbs5TzymmHo7d
2026-04-11T23:26:58.586Z,BRKFJs1jxrYBKR5sxBiuxTTbyipNBmT6GWenb3c9pump,TRUMP47,filter_5,2026-04-11T23:23:56.625Z,3,0.0001331,32768,131072,pumpswap,EgcA2ShdHZK4Sg7N6H7yGzTjxpTpunRrbzw231wLWeDh
2026-04-11T23:26:58.745Z,yLT7rHdaNkfnqfg5pxXxCTrx1Rsnagod16DnpKBpump,Nilly,filter_1,2026-04-11T23:23:33.881Z,3,3.888e-06,4096,131072,pumpswap,8vjkK4SAhZ6zkX7gox9DQEmpX7MbiKsp2gRjD4dAS21V
2026-04-11T23:26:58.906Z,9oVRwbx3Ray9bK7CKhqwfqY5NaWYjG3xj1DNYg2mpump,brainlet,filter_2,2026-04-11T22:44:55.606Z,42,2.424e-06,4096,524288,pumpswap,2PW331e9D7pmdELA1m1Uyq6pnEuj5BWB8m7dcBGgJ5xo
2026-04-11T23:26:59.066Z,9XhhPHKnvSd9R8Ygr8kHR6n8YNYd7SMzRHHPFeb2pump,doomer,filter_1,2026-04-11T22:10:33.845Z,76,2.047e-06,4096,262144,pumpswap,DqTPbpJo2UfNFy2v4dHjMoFg9S2wid1RZuF8qfwcJrHx
2026-04-11T23:26:59.227Z,2wwDzQLc3pwgcHrkCadio4Hn3bzYyCptRAewJAEXdoge,MARKC,filter_1,2026-04-11T21:57:35.843Z,89,6.718e-06,8192,65536,meteora,2rVNWK9fRajakX19wtrfJKGE3xNWeubnV5VpYxETUvPX
2026-04-11T23:26:59.388Z,NicGVyEGbJhn52gBtqWM18zKGzRSe9js98AZnRwY8eS,NEGRON,filter_2,2026-04-11T21:33:59.338Z,113,2.444e-07,65536,2097152,raydium,2rXfTt3Xh699TtAUruiz6Vs7vdTrsn55bEm2FKt9y8yE
2026-04-11T23:31:58.611Z,VXnX59zHN7j8FrA971nJij7q2RvPSPa3TioV236pump,COG,filter_1,2026-04-11T23:29:36.386Z,2,1.116e-05,8192,262144,pumpswap,DsEyaDvzkJHPnSwDU251c5pCP1V466nMpwh8KQzEeUuU
2026-04-11T23:31:58.774Z,3SNNxUYmrXUc1mQbtV2NGQTuGKVji4y3MWhyESTypump,CASSIE,filter_4,2026-04-11T23:18:36.635Z,13,2.991e-05,16384,65536,pumpswap,B6nQAKbBTm8xTFHBs4xGUqMJJu6JF5mBcmpEv8MPEQ1i
2026-04-11T23:31:58.941Z,6TRyMNFbS6y444mDECfaENQrVnvZP4XzMr2fa6f8pump,Trump,filter_6,2026-04-11T21:07:35.070Z,144,1.964e-06,4096,1048576,pumpswap,BJLaR38FZ2accuRrABzAWdiMeZ8mF3Ky5tL6q853bgBh
2026-04-11T23:31:59.105Z,EamB9vqC1b4aoyPR6t3hn6CWf48yny84xzCuFJMbpump,Peepa,filter_1,2026-04-11T20:47:42.794Z,164,0.0002053,32768,2097152,pumpswap,BoB3Dvi5eLGFr86BexBPNY2ZXwMNjWhx3FVCep3X2Vj6
2026-04-11T23:31:59.269Z,AQGaTfXDcvinz6DuxfZEKKFp7hmiWDLis4FtK3chpump,Ivunka,filter_3,2026-04-11T20:41:43.544Z,170,3.053e-06,4096,524288,pumpswap,AHBtpXJ7csokwSXddEDxPFYHcA515g234kXTBMhAVRxe
2026-04-11T23:31:59.433Z,BfZ27pSjL3L8Abm8VuRs5MLjjP21Xv5tUL81Rkyepump,WID,filter_4,2026-04-11T20:41:42.289Z,170,1.295e-05,8192,8192,pumpswap,4zmdmfGwoNb2mfF9PJq2N7x38qpQMwBMphD3HMDx6dak
2026-04-11T23:31:59.597Z,EgiJdQ8dbQHWu1uKS6cQBPaF2sK3a7WFpkjHEgdDpump,Dodger,filter_3,2026-04-11T19:29:11.694Z,243,2.849e-05,16384,1048576,pumpswap,7yrRRCzf429YQ1xQgdZZMy5KQ5jtkkDC7gUZWyPerhXr
2026-04-11T23:31:59.760Z,7bfbBZXpMYbNjhZ6eQ8Ch8VFAbgcz4WsrY7JtQKcpump,BOATGUY,filter_1,2026-04-11T19:27:26.855Z,245,5.386e-06,4096,262144,pumpswap,6gALa6BfE8ce8pLYaEFsTkCtxozfbuBR5bMVK3nKeFD4
2026-04-11T23:31:59.924Z,4juv1Wq63My7Bc7rznMZTyuD4aQfRSZGW9uKqFXSpump,Asset,filter_1,2026-04-11T19:27:24.857Z,245,5.812e-06,8192,32768,pumpswap,6g8ZTMKCKvSsVX92g4SKoBESXgrDL2cR1WLg8i7GZPV9
2026-04-11T23:32:00.090Z,Aq6XmZSohMJeRGU9WswbyQo9paEcKrTEs3xdfDFtpump,Lia,filter_1,2026-04-11T19:25:27.104Z,247,2.288e-06,4096,524288,pumpswap,BsFk4E3Hm12Mg27XmBoDPuk27WAC78BPfN98AHHpDPcM
2026-04-11T23:32:00.256Z,AUZnnRTdybeMiHrxfueNyBgLHnu4H39kngUh84WMpump,MELANIA,filter_3,2026-04-11T19:24:02.559Z,248,0.000817,65536,524288,pumpswap,DM9Xj9x8A8SEinJdoz4SJH2vdhBdPGSZmhL7DxBgwbBy
2026-04-11T23:32:00.423Z,56MEDV2H1M7DkaikaSg5vpibaSyWhgspCxgPwQJhpump,DNIGGA,filter_1,2026-04-11T19:22:24.852Z,250,2.278e-06,4096,65536,pumpswap,CAhVRREzXYHDvtu6iwACsei9vhv6mexsGm9hpkeVP1Kj
2026-04-11T23:32:00.617Z,A2Px3FMumMJ7W67VEp9ahFXueEyf9aHpei4TTJ5mpump,BABY,filter_3,2026-04-11T19:14:43.120Z,257,1.263e-05,8192,1048576,pumpswap,53UgNjZDC6mXsEDTowHLmKi2Y6jzjH2Ee3ybac7jEQRQ
2026-04-11T23:32:00.805Z,wutj1cNsMWyeu9ub61knDRCwU37aVvYuCBn8ZLPj7JL,ZHONEY,filter_1,2026-04-11T19:04:35.959Z,267,9.668e-06,8192,65536,pumpswap,CtYpMFyZqcJL7mPbDQU9o88g9QpkbzEFSC81J9FzFbF8
2026-04-11T23:32:00.970Z,4oFZFm3s8VKeCnwM2G5X5mZrsPivDyzCLvDYZmVipump,ClawFC,filter_1,2026-04-11T19:00:33.206Z,271,1.37e-05,8192,131072,pumpswap,BnbuPvQe2TNdhS7CSdsCGS1WY7FYu2kZti9adrqkqpZh
2026-04-11T23:32:01.134Z,5rniCpoweGXgsLZZDohw3fZA5yuXgt87df6GHAxWpump,MOTHER,filter_1,2026-04-11T18:17:31.505Z,314,6.421e-06,8192,131072,pumpswap,7dzsEYbuQoK1LLAiae7riygcwphP7BTbK6r7Vv94p28M
2026-04-11T23:32:01.329Z,3i8RByhvAaSWh2VSoVieAPzzmc4DpZC9WHVSsDzBpump,FOOLHOUSE,filter_2,2026-04-11T13:59:09.655Z,573,1.756e-06,4096,524288,pumpswap,G8AJyLtb85QyMbaXZe4k5DdTfLPTD8dEX9xDn2fKqQZD
2026-04-11T23:32:01.494Z,AutFvM5QZqtvjK2SrR8iLwvDEQ7ePnL14Rv7GPFvpump,TripleC,filter_2,2026-04-11T13:57:07.657Z,575,1.037e-05,8192,524288,pumpswap,Cvk9vLXa9wiqWTxb7q5EP3jdPow5ZBrdn1MLRmergW3v
2026-04-11T23:32:01.660Z,Dj2JhqEaKgPDo9se3A1dtSBVV1FFCxAfFa9SBBWmpump,GoldDancer,filter_2,2026-04-11T13:01:12.368Z,631,5.06e-05,16384,524288,pumpswap,9hovxHG2vADjGPe7S6agGTx5o72kgojobbpC5UVzLdt5
2026-04-11T23:32:01.831Z,ACtfUWtgvaXrQGNMiohTusi5jcx5RJf5zwu9aAxkpump,unc,filter_2,2026-04-11T11:21:14.804Z,731,0.0005976,65536,2097152,pumpswap,BWFZkx1pMpvwxammwTrizvoWzZZGiFEYUYW6Ee51SHLy
2026-04-11T23:32:01.995Z,51bywes8qqftjWhEZJZ3GvCM2ogximFejkKqa9kMpump,Marina,filter_2,2026-04-11T10:45:10.038Z,767,9.825e-05,32768,524288,pumpswap,ChmxH4uiGja7C2ht4KurCwXP8LLgtUgibFL1RwLNqeSG
2026-04-11T23:32:02.184Z,22a4gJyiBTjWsTaFAHiHoQTmXsptDy3iBHeqKQADpump,WLFI,filter_2,2026-04-11T08:08:14.642Z,924,1.716e-05,8192,1048576,pumpswap,8JUXPRDDfRbDTN9fsQg1fLKw3u7DM9Cesodu1pcp6WA5
2026-04-11T23:32:02.371Z,J1iyLMzrc4G4WgDVmm33bes1Xwzd1mTcmvP8gubMpump,5,filter_2,2026-04-11T07:45:06.637Z,947,1.95e-06,4096,524288,pumpswap,1HojmJ4JLUiwXz5PxPMAyvaWvk5WZSHGFm1SyQZHTQ2
2026-04-11T23:32:02.538Z,EQUU2gdzvmabX36rCxKSRSNJKtAedRHEiP8pikC8pump,emi,filter_2,2026-04-11T06:50:09.612Z,1002,3.723e-05,16384,2097152,pumpswap,A1eSqj58a8SWLfY9ecCZcfaWSgjYvEHXimiyoKHWG2qn
2026-04-11T23:32:02.728Z,5NmLAtsnwiZZbidywsSZYbZS3GtsoAEfa9HNHjGspump,PND,filter_2,2026-04-11T06:08:08.609Z,1044,7.337e-06,8192,1048576,pumpswap,G2GWEuB5ZA6p2qFxx4i4VViApW5P7aLrYJUv2vdgR5jm
2026-04-11T23:32:02.927Z,3DiHoTLRFzuMHmTBfo84Q22yX16Bv6XviFzgLaxnUJSe,SDR,filter_2,2026-04-11T05:05:14.827Z,1107,0.3384,262144,8388608,raydium,8jJMsUjNZDd32et5q7SXPx6QNQkRbbLK1exbNZfoTKcP
2026-04-11T23:32:03.114Z,8Ct8WT6TYTB9zTYxexAWthmWvYbLML9xmXcRFq2Rpump,METHANE,filter_2,2026-04-11T04:31:08.309Z,1141,1.98e-06,4096,131072,pumpswap,GBGkD83YH6d83NGuhhCKcnacPLoFUuexcCimVtPnhi4d
2026-04-11T23:32:03.328Z,BJMoyvAgJzpR1QEEdg8wkBe9PtCuzwCNW2aTzcn6pump,StepSis,filter_2,2026-04-11T02:26:13.472Z,1266,1.647e-06,4096,262144,pumpswap,BdkQUvcHsvnyNJQynnVWQfFusekQt3nVfGCP3WjQdBzB
2026-04-11T23:32:03.493Z,GBjRHbuTzJF2qMkemwY9uWhvs8r9uYqL4bxKheEtpump,TRUE,filter_2,2026-04-11T02:12:09.698Z,1280,3.077e-05,16384,2097152,pumpswap,8ShofcR7qcK368us7RzNYRwbSyyEouzhiSuLuj2kkoG5
2026-04-11T23:32:03.656Z,FFvp48WygUSxCCNP3n9Zu5G7F2yatwXQHbpD2Mkkpump,Skibidi,filter_2,2026-04-11T01:10:07.912Z,1342,0.0002128,32768,1048576,pumpswap,DyBES1yrnSRHS4TKaABfG82LJ2Qifx6jmVUcLYh9XiGa
2026-04-11T23:32:03.822Z,AzB5QtBBZQEUVkWgLVADoXGcDZXqd2HNfaGFQpBBpump,Bro,filter_2,2026-04-11T01:07:09.930Z,1345,3.819e-06,4096,524288,pumpswap,hVcUcM5zBRPai8gd4EeDypNnNPwuihecYaYR9HMBCCj
2026-04-11T23:32:03.986Z,578sfyEs3dVmBDq9D4azot7YZmhUiVPY61q4AJTupump,BOATGUY,filter_2,2026-04-10T23:42:10.113Z,1430,7.113e-05,16384,524288,pumpswap,EQjeB8b8QWTBzXW6ESCHsEdC1DtZQodGbs5TzymmHo7d
2026-04-11T23:36:58.587Z,BRKFJs1jxrYBKR5sxBiuxTTbyipNBmT6GWenb3c9pump,TRUMP47,filter_5,2026-04-11T23:36:00.636Z,1,0.0001353,32768,262144,pumpswap,EgcA2ShdHZK4Sg7N6H7yGzTjxpTpunRrbzw231wLWeDh
2026-04-11T23:36:58.748Z,yLT7rHdaNkfnqfg5pxXxCTrx1Rsnagod16DnpKBpump,Nilly,filter_1,2026-04-11T23:34:33.884Z,2,3.842e-06,4096,131072,pumpswap,8vjkK4SAhZ6zkX7gox9DQEmpX7MbiKsp2gRjD4dAS21V
2026-04-11T23:36:58.909Z,9oVRwbx3Ray9bK7CKhqwfqY5NaWYjG3xj1DNYg2mpump,brainlet,filter_2,2026-04-11T22:44:55.606Z,52,2.261e-06,4096,524288,pumpswap,2PW331e9D7pmdELA1m1Uyq6pnEuj5BWB8m7dcBGgJ5xo
2026-04-11T23:36:59.070Z,9XhhPHKnvSd9R8Ygr8kHR6n8YNYd7SMzRHHPFeb2pump,doomer,filter_1,2026-04-11T22:10:33.845Z,86,2.038e-06,4096,262144,pumpswap,DqTPbpJo2UfNFy2v4dHjMoFg9S2wid1RZuF8qfwcJrHx
2026-04-11T23:36:59.232Z,2wwDzQLc3pwgcHrkCadio4Hn3bzYyCptRAewJAEXdoge,MARKC,filter_1,2026-04-11T21:57:35.843Z,99,7.855e-06,8192,65536,meteora,2rVNWK9fRajakX19wtrfJKGE3xNWeubnV5VpYxETUvPX
2026-04-11T23:36:59.397Z,NicGVyEGbJhn52gBtqWM18zKGzRSe9js98AZnRwY8eS,NEGRON,filter_2,2026-04-11T21:33:59.338Z,123,2.447e-07,65536,2097152,raydium,2rXfTt3Xh699TtAUruiz6Vs7vdTrsn55bEm2FKt9y8yE
2026-04-11T23:41:58.593Z,VXnX59zHN7j8FrA971nJij7q2RvPSPa3TioV236pump,COG,filter_1,2026-04-11T23:29:36.386Z,12,9.576e-06,8192,262144,pumpswap,DsEyaDvzkJHPnSwDU251c5pCP1V466nMpwh8KQzEeUuU
2026-04-11T23:41:58.754Z,3SNNxUYmrXUc1mQbtV2NGQTuGKVji4y3MWhyESTypump,CASSIE,filter_4,2026-04-11T23:18:36.635Z,23,3.21e-05,16384,65536,pumpswap,B6nQAKbBTm8xTFHBs4xGUqMJJu6JF5mBcmpEv8MPEQ1i
2026-04-11T23:41:58.917Z,6TRyMNFbS6y444mDECfaENQrVnvZP4XzMr2fa6f8pump,Trump,filter_6,2026-04-11T21:07:35.070Z,154,1.964e-06,4096,1048576,pumpswap,BJLaR38FZ2accuRrABzAWdiMeZ8mF3Ky5tL6q853bgBh
2026-04-11T23:41:59.081Z,EamB9vqC1b4aoyPR6t3hn6CWf48yny84xzCuFJMbpump,Peepa,filter_1,2026-04-11T20:47:42.794Z,174,0.0001911,32768,2097152,pumpswap,BoB3Dvi5eLGFr86BexBPNY2ZXwMNjWhx3FVCep3X2Vj6
2026-04-11T23:41:59.266Z,AQGaTfXDcvinz6DuxfZEKKFp7hmiWDLis4FtK3chpump,Ivunka,filter_3,2026-04-11T20:41:43.544Z,180,3.062e-06,4096,524288,pumpswap,AHBtpXJ7csokwSXddEDxPFYHcA515g234kXTBMhAVRxe
2026-04-11T23:41:59.428Z,BfZ27pSjL3L8Abm8VuRs5MLjjP21Xv5tUL81Rkyepump,WID,filter_4,2026-04-11T20:41:42.289Z,180,1.282e-05,8192,8192,pumpswap,4zmdmfGwoNb2mfF9PJq2N7x38qpQMwBMphD3HMDx6dak
2026-04-11T23:41:59.592Z,EgiJdQ8dbQHWu1uKS6cQBPaF2sK3a7WFpkjHEgdDpump,Dodger,filter_3,2026-04-11T19:29:11.694Z,253,3.438e-05,16384,1048576,pumpswap,7yrRRCzf429YQ1xQgdZZMy5KQ5jtkkDC7gUZWyPerhXr
2026-04-11T23:41:59.786Z,7bfbBZXpMYbNjhZ6eQ8Ch8VFAbgcz4WsrY7JtQKcpump,BOATGUY,filter_1,2026-04-11T19:27:26.855Z,255,5.287e-06,4096,262144,pumpswap,6gALa6BfE8ce8pLYaEFsTkCtxozfbuBR5bMVK3nKeFD4
2026-04-11T23:41:59.970Z,4juv1Wq63My7Bc7rznMZTyuD4aQfRSZGW9uKqFXSpump,Asset,filter_1,2026-04-11T19:27:24.857Z,255,5.502e-06,8192,32768,pumpswap,6g8ZTMKCKvSsVX92g4SKoBESXgrDL2cR1WLg8i7GZPV9
2026-04-11T23:42:00.134Z,Aq6XmZSohMJeRGU9WswbyQo9paEcKrTEs3xdfDFtpump,Lia,filter_1,2026-04-11T19:25:27.104Z,257,2.288e-06,4096,524288,pumpswap,BsFk4E3Hm12Mg27XmBoDPuk27WAC78BPfN98AHHpDPcM
2026-04-11T23:42:00.338Z,AUZnnRTdybeMiHrxfueNyBgLHnu4H39kngUh84WMpump,MELANIA,filter_3,2026-04-11T19:24:02.559Z,258,0.0008143,65536,524288,pumpswap,DM9Xj9x8A8SEinJdoz4SJH2vdhBdPGSZmhL7DxBgwbBy
2026-04-11T23:42:00.501Z,56MEDV2H1M7DkaikaSg5vpibaSyWhgspCxgPwQJhpump,DNIGGA,filter_1,2026-04-11T19:22:24.852Z,260,2.278e-06,4096,65536,pumpswap,CAhVRREzXYHDvtu6iwACsei9vhv6mexsGm9hpkeVP1Kj
2026-04-11T23:42:00.664Z,A2Px3FMumMJ7W67VEp9ahFXueEyf9aHpei4TTJ5mpump,BABY,filter_3,2026-04-11T19:14:43.120Z,267,1.379e-05,8192,1048576,pumpswap,53UgNjZDC6mXsEDTowHLmKi2Y6jzjH2Ee3ybac7jEQRQ
2026-04-11T23:42:00.850Z,wutj1cNsMWyeu9ub61knDRCwU37aVvYuCBn8ZLPj7JL,ZHONEY,filter_1,2026-04-11T19:04:35.959Z,277,9.947e-06,8192,65536,pumpswap,CtYpMFyZqcJL7mPbDQU9o88g9QpkbzEFSC81J9FzFbF8
2026-04-11T23:42:01.014Z,4oFZFm3s8VKeCnwM2G5X5mZrsPivDyzCLvDYZmVipump,ClawFC,filter_1,2026-04-11T19:00:33.206Z,281,1.233e-05,8192,131072,pumpswap,BnbuPvQe2TNdhS7CSdsCGS1WY7FYu2kZti9adrqkqpZh
2026-04-11T23:42:01.176Z,5rniCpoweGXgsLZZDohw3fZA5yuXgt87df6GHAxWpump,MOTHER,filter_1,2026-04-11T18:17:31.505Z,324,6.367e-06,8192,131072,pumpswap,7dzsEYbuQoK1LLAiae7riygcwphP7BTbK6r7Vv94p28M
2026-04-11T23:42:01.359Z,3i8RByhvAaSWh2VSoVieAPzzmc4DpZC9WHVSsDzBpump,FOOLHOUSE,filter_2,2026-04-11T13:59:09.655Z,583,1.756e-06,4096,524288,pumpswap,G8AJyLtb85QyMbaXZe4k5DdTfLPTD8dEX9xDn2fKqQZD
2026-04-11T23:42:01.522Z,AutFvM5QZqtvjK2SrR8iLwvDEQ7ePnL14Rv7GPFvpump,TripleC,filter_2,2026-04-11T13:57:07.657Z,585,1.058e-05,8192,524288,pumpswap,Cvk9vLXa9wiqWTxb7q5EP3jdPow5ZBrdn1MLRmergW3v
2026-04-11T23:42:01.685Z,Dj2JhqEaKgPDo9se3A1dtSBVV1FFCxAfFa9SBBWmpump,GoldDancer,filter_2,2026-04-11T13:01:12.368Z,641,5.596e-05,16384,524288,pumpswap,9hovxHG2vADjGPe7S6agGTx5o72kgojobbpC5UVzLdt5
2026-04-11T23:42:01.852Z,ACtfUWtgvaXrQGNMiohTusi5jcx5RJf5zwu9aAxkpump,unc,filter_2,2026-04-11T11:21:14.804Z,741,0.0006082,65536,2097152,pumpswap,BWFZkx1pMpvwxammwTrizvoWzZZGiFEYUYW6Ee51SHLy
2026-04-11T23:42:02.014Z,51bywes8qqftjWhEZJZ3GvCM2ogximFejkKqa9kMpump,Marina,filter_2,2026-04-11T10:45:10.038Z,777,9.483e-05,32768,524288,pumpswap,ChmxH4uiGja7C2ht4KurCwXP8LLgtUgibFL1RwLNqeSG
2026-04-11T23:42:02.204Z,22a4gJyiBTjWsTaFAHiHoQTmXsptDy3iBHeqKQADpump,WLFI,filter_2,2026-04-11T08:08:14.642Z,934,1.553e-05,8192,1048576,pumpswap,8JUXPRDDfRbDTN9fsQg1fLKw3u7DM9Cesodu1pcp6WA5
2026-04-11T23:42:02.366Z,J1iyLMzrc4G4WgDVmm33bes1Xwzd1mTcmvP8gubMpump,5,filter_2,2026-04-11T07:45:06.637Z,957,1.99e-06,4096,524288,pumpswap,1HojmJ4JLUiwXz5PxPMAyvaWvk5WZSHGFm1SyQZHTQ2
2026-04-11T23:42:02.527Z,EQUU2gdzvmabX36rCxKSRSNJKtAedRHEiP8pikC8pump,emi,filter_2,2026-04-11T06:50:09.612Z,1012,3.852e-05,16384,2097152,pumpswap,A1eSqj58a8SWLfY9ecCZcfaWSgjYvEHXimiyoKHWG2qn
2026-04-11T23:42:02.716Z,5NmLAtsnwiZZbidywsSZYbZS3GtsoAEfa9HNHjGspump,PND,filter_2,2026-04-11T06:08:08.609Z,1054,7.105e-06,8192,1048576,pumpswap,G2GWEuB5ZA6p2qFxx4i4VViApW5P7aLrYJUv2vdgR5jm
2026-04-11T23:42:02.950Z,3DiHoTLRFzuMHmTBfo84Q22yX16Bv6XviFzgLaxnUJSe,SDR,filter_2,2026-04-11T05:05:14.827Z,1117,0.3376,262144,8388608,raydium,8jJMsUjNZDd32et5q7SXPx6QNQkRbbLK1exbNZfoTKcP
2026-04-11T23:42:03.112Z,8Ct8WT6TYTB9zTYxexAWthmWvYbLML9xmXcRFq2Rpump,METHANE,filter_2,2026-04-11T04:31:08.309Z,1151,1.87e-06,4096,131072,pumpswap,GBGkD83YH6d83NGuhhCKcnacPLoFUuexcCimVtPnhi4d
2026-04-11T23:42:03.300Z,BJMoyvAgJzpR1QEEdg8wkBe9PtCuzwCNW2aTzcn6pump,StepSis,filter_2,2026-04-11T02:26:13.472Z,1276,1.647e-06,4096,262144,pumpswap,BdkQUvcHsvnyNJQynnVWQfFusekQt3nVfGCP3WjQdBzB
2026-04-11T23:42:03.467Z,GBjRHbuTzJF2qMkemwY9uWhvs8r9uYqL4bxKheEtpump,TRUE,filter_2,2026-04-11T02:12:09.698Z,1290,3.414e-05,16384,2097152,pumpswap,8ShofcR7qcK368us7RzNYRwbSyyEouzhiSuLuj2kkoG5
2026-04-11T23:42:03.653Z,FFvp48WygUSxCCNP3n9Zu5G7F2yatwXQHbpD2Mkkpump,Skibidi,filter_2,2026-04-11T01:10:07.912Z,1352,0.0001914,32768,1048576,pumpswap,DyBES1yrnSRHS4TKaABfG82LJ2Qifx6jmVUcLYh9XiGa
2026-04-11T23:42:03.815Z,AzB5QtBBZQEUVkWgLVADoXGcDZXqd2HNfaGFQpBBpump,Bro,filter_2,2026-04-11T01:07:09.930Z,1355,3.813e-06,4096,524288,pumpswap,hVcUcM5zBRPai8gd4EeDypNnNPwuihecYaYR9HMBCCj
2026-04-11T23:42:03.980Z,578sfyEs3dVmBDq9D4azot7YZmhUiVPY61q4AJTupump,BOATGUY,filter_2,2026-04-10T23:42:10.113Z,1440,6.487e-05,16384,524288,pumpswap,EQjeB8b8QWTBzXW6ESCHsEdC1DtZQodGbs5TzymmHo7d
2026-04-11T23:46:58.581Z,yLT7rHdaNkfnqfg5pxXxCTrx1Rsnagod16DnpKBpump,Nilly,filter_1,2026-04-11T23:45:34.391Z,1,3.814e-06,4096,131072,pumpswap,8vjkK4SAhZ6zkX7gox9DQEmpX7MbiKsp2gRjD4dAS21V
2026-04-11T23:46:58.741Z,BRKFJs1jxrYBKR5sxBiuxTTbyipNBmT6GWenb3c9pump,TRUMP47,filter_5,2026-04-11T23:41:59.637Z,5,0.000133,32768,262144,pumpswap,EgcA2ShdHZK4Sg7N6H7yGzTjxpTpunRrbzw231wLWeDh
2026-04-11T23:46:58.902Z,9oVRwbx3Ray9bK7CKhqwfqY5NaWYjG3xj1DNYg2mpump,brainlet,filter_2,2026-04-11T22:44:55.606Z,62,2.25e-06,4096,524288,pumpswap,2PW331e9D7pmdELA1m1Uyq6pnEuj5BWB8m7dcBGgJ5xo
2026-04-11T23:46:59.067Z,9XhhPHKnvSd9R8Ygr8kHR6n8YNYd7SMzRHHPFeb2pump,doomer,filter_1,2026-04-11T22:10:33.845Z,96,2.037e-06,4096,262144,pumpswap,DqTPbpJo2UfNFy2v4dHjMoFg9S2wid1RZuF8qfwcJrHx
2026-04-11T23:46:59.256Z,2wwDzQLc3pwgcHrkCadio4Hn3bzYyCptRAewJAEXdoge,MARKC,filter_1,2026-04-11T21:57:35.843Z,109,7.656e-06,8192,65536,meteora,2rVNWK9fRajakX19wtrfJKGE3xNWeubnV5VpYxETUvPX
2026-04-11T23:46:59.449Z,NicGVyEGbJhn52gBtqWM18zKGzRSe9js98AZnRwY8eS,NEGRON,filter_2,2026-04-11T21:33:59.338Z,133,2.431e-07,65536,2097152,raydium,2rXfTt3Xh699TtAUruiz6Vs7vdTrsn55bEm2FKt9y8yE
2026-04-11T23:51:58.587Z,VXnX59zHN7j8FrA971nJij7q2RvPSPa3TioV236pump,COG,filter_1,2026-04-11T23:47:33.394Z,4,9.034e-06,8192,262144,pumpswap,DsEyaDvzkJHPnSwDU251c5pCP1V466nMpwh8KQzEeUuU
2026-04-11T23:51:58.748Z,3SNNxUYmrXUc1mQbtV2NGQTuGKVji4y3MWhyESTypump,CASSIE,filter_4,2026-04-11T23:18:36.635Z,33,3.255e-05,16384,65536,pumpswap,B6nQAKbBTm8xTFHBs4xGUqMJJu6JF5mBcmpEv8MPEQ1i
2026-04-11T23:51:58.907Z,6TRyMNFbS6y444mDECfaENQrVnvZP4XzMr2fa6f8pump,Trump,filter_6,2026-04-11T21:07:35.070Z,164,1.964e-06,4096,1048576,pumpswap,BJLaR38FZ2accuRrABzAWdiMeZ8mF3Ky5tL6q853bgBh
2026-04-11T23:51:59.067Z,EamB9vqC1b4aoyPR6t3hn6CWf48yny84xzCuFJMbpump,Peepa,filter_1,2026-04-11T20:47:42.794Z,184,0.0001794,32768,2097152,pumpswap,BoB3Dvi5eLGFr86BexBPNY2ZXwMNjWhx3FVCep3X2Vj6
2026-04-11T23:51:59.226Z,AQGaTfXDcvinz6DuxfZEKKFp7hmiWDLis4FtK3chpump,Ivunka,filter_3,2026-04-11T20:41:43.544Z,190,3.02e-06,4096,524288,pumpswap,AHBtpXJ7csokwSXddEDxPFYHcA515g234kXTBMhAVRxe
2026-04-11T23:51:59.413Z,BfZ27pSjL3L8Abm8VuRs5MLjjP21Xv5tUL81Rkyepump,WID,filter_4,2026-04-11T20:41:42.289Z,190,1.294e-05,8192,8192,pumpswap,4zmdmfGwoNb2mfF9PJq2N7x38qpQMwBMphD3HMDx6dak
2026-04-11T23:51:59.572Z,EgiJdQ8dbQHWu1uKS6cQBPaF2sK3a7WFpkjHEgdDpump,Dodger,filter_3,2026-04-11T19:29:11.694Z,263,3.135e-05,16384,1048576,pumpswap,7yrRRCzf429YQ1xQgdZZMy5KQ5jtkkDC7gUZWyPerhXr
2026-04-11T23:51:59.731Z,7bfbBZXpMYbNjhZ6eQ8Ch8VFAbgcz4WsrY7JtQKcpump,BOATGUY,filter_1,2026-04-11T19:27:26.855Z,265,4.942e-06,4096,262144,pumpswap,6gALa6BfE8ce8pLYaEFsTkCtxozfbuBR5bMVK3nKeFD4
2026-04-11T23:51:59.889Z,4juv1Wq63My7Bc7rznMZTyuD4aQfRSZGW9uKqFXSpump,Asset,filter_1,2026-04-11T19:27:24.857Z,265,5.422e-06,8192,32768,pumpswap,6g8ZTMKCKvSsVX92g4SKoBESXgrDL2cR1WLg8i7GZPV9
2026-04-11T23:52:00.083Z,Aq6XmZSohMJeRGU9WswbyQo9paEcKrTEs3xdfDFtpump,Lia,filter_1,2026-04-11T19:25:27.104Z,267,2.288e-06,4096,524288,pumpswap,BsFk4E3Hm12Mg27XmBoDPuk27WAC78BPfN98AHHpDPcM
2026-04-11T23:52:00.277Z,AUZnnRTdybeMiHrxfueNyBgLHnu4H39kngUh84WMpump,MELANIA,filter_3,2026-04-11T19:24:02.559Z,268,0.0009016,65536,524288,pumpswap,DM9Xj9x8A8SEinJdoz4SJH2vdhBdPGSZmhL7DxBgwbBy
2026-04-11T23:52:00.438Z,56MEDV2H1M7DkaikaSg5vpibaSyWhgspCxgPwQJhpump,DNIGGA,filter_1,2026-04-11T19:22:24.852Z,270,2.278e-06,4096,65536,pumpswap,CAhVRREzXYHDvtu6iwACsei9vhv6mexsGm9hpkeVP1Kj
2026-04-11T23:52:00.598Z,A2Px3FMumMJ7W67VEp9ahFXueEyf9aHpei4TTJ5mpump,BABY,filter_3,2026-04-11T19:14:43.120Z,277,1.307e-05,8192,1048576,pumpswap,53UgNjZDC6mXsEDTowHLmKi2Y6jzjH2Ee3ybac7jEQRQ
2026-04-11T23:52:00.780Z,wutj1cNsMWyeu9ub61knDRCwU37aVvYuCBn8ZLPj7JL,ZHONEY,filter_1,2026-04-11T19:04:35.959Z,287,9.457e-06,8192,65536,pumpswap,CtYpMFyZqcJL7mPbDQU9o88g9QpkbzEFSC81J9FzFbF8
2026-04-11T23:52:00.939Z,4oFZFm3s8VKeCnwM2G5X5mZrsPivDyzCLvDYZmVipump,ClawFC,filter_1,2026-04-11T19:00:33.206Z,291,1.231e-05,8192,131072,pumpswap,BnbuPvQe2TNdhS7CSdsCGS1WY7FYu2kZti9adrqkqpZh
2026-04-11T23:52:01.097Z,5rniCpoweGXgsLZZDohw3fZA5yuXgt87df6GHAxWpump,MOTHER,filter_1,2026-04-11T18:17:31.505Z,334,7.196e-06,8192,131072,pumpswap,7dzsEYbuQoK1LLAiae7riygcwphP7BTbK6r7Vv94p28M
2026-04-11T23:52:01.281Z,3i8RByhvAaSWh2VSoVieAPzzmc4DpZC9WHVSsDzBpump,FOOLHOUSE,filter_2,2026-04-11T13:59:09.655Z,593,1.756e-06,4096,524288,pumpswap,G8AJyLtb85QyMbaXZe4k5DdTfLPTD8dEX9xDn2fKqQZD
2026-04-11T23:52:01.469Z,AutFvM5QZqtvjK2SrR8iLwvDEQ7ePnL14Rv7GPFvpump,TripleC,filter_2,2026-04-11T13:57:07.657Z,595,1.073e-05,8192,524288,pumpswap,Cvk9vLXa9wiqWTxb7q5EP3jdPow5ZBrdn1MLRmergW3v
2026-04-11T23:52:01.653Z,Dj2JhqEaKgPDo9se3A1dtSBVV1FFCxAfFa9SBBWmpump,GoldDancer,filter_2,2026-04-11T13:01:12.368Z,651,4.778e-05,16384,524288,pumpswap,9hovxHG2vADjGPe7S6agGTx5o72kgojobbpC5UVzLdt5
2026-04-11T23:52:01.814Z,ACtfUWtgvaXrQGNMiohTusi5jcx5RJf5zwu9aAxkpump,unc,filter_2,2026-04-11T11:21:14.804Z,751,0.0006225,65536,2097152,pumpswap,BWFZkx1pMpvwxammwTrizvoWzZZGiFEYUYW6Ee51SHLy
2026-04-11T23:52:01.975Z,51bywes8qqftjWhEZJZ3GvCM2ogximFejkKqa9kMpump,Marina,filter_2,2026-04-11T10:45:10.038Z,787,0.0001031,32768,524288,pumpswap,ChmxH4uiGja7C2ht4KurCwXP8LLgtUgibFL1RwLNqeSG
2026-04-11T23:52:02.134Z,22a4gJyiBTjWsTaFAHiHoQTmXsptDy3iBHeqKQADpump,WLFI,filter_2,2026-04-11T08:08:14.642Z,944,2.646e-05,16384,1048576,pumpswap,8JUXPRDDfRbDTN9fsQg1fLKw3u7DM9Cesodu1pcp6WA5
2026-04-11T23:52:02.317Z,J1iyLMzrc4G4WgDVmm33bes1Xwzd1mTcmvP8gubMpump,5,filter_2,2026-04-11T07:45:06.637Z,967,1.99e-06,4096,524288,pumpswap,1HojmJ4JLUiwXz5PxPMAyvaWvk5WZSHGFm1SyQZHTQ2
2026-04-11T23:52:02.479Z,EQUU2gdzvmabX36rCxKSRSNJKtAedRHEiP8pikC8pump,emi,filter_2,2026-04-11T06:50:09.612Z,1022,3.916e-05,16384,2097152,pumpswap,A1eSqj58a8SWLfY9ecCZcfaWSgjYvEHXimiyoKHWG2qn
2026-04-11T23:52:02.663Z,5NmLAtsnwiZZbidywsSZYbZS3GtsoAEfa9HNHjGspump,PND,filter_2,2026-04-11T06:08:08.609Z,1064,7.109e-06,8192,1048576,pumpswap,G2GWEuB5ZA6p2qFxx4i4VViApW5P7aLrYJUv2vdgR5jm
2026-04-11T23:52:02.824Z,3DiHoTLRFzuMHmTBfo84Q22yX16Bv6XviFzgLaxnUJSe,SDR,filter_2,2026-04-11T05:05:14.827Z,1127,0.3341,262144,8388608,raydium,8jJMsUjNZDd32et5q7SXPx6QNQkRbbLK1exbNZfoTKcP
2026-04-11T23:52:02.985Z,8Ct8WT6TYTB9zTYxexAWthmWvYbLML9xmXcRFq2Rpump,METHANE,filter_2,2026-04-11T04:31:08.309Z,1161,1.87e-06,4096,131072,pumpswap,GBGkD83YH6d83NGuhhCKcnacPLoFUuexcCimVtPnhi4d
2026-04-11T23:52:03.168Z,BJMoyvAgJzpR1QEEdg8wkBe9PtCuzwCNW2aTzcn6pump,StepSis,filter_2,2026-04-11T02:26:13.472Z,1286,1.647e-06,4096,262144,pumpswap,BdkQUvcHsvnyNJQynnVWQfFusekQt3nVfGCP3WjQdBzB
2026-04-11T23:52:03.329Z,GBjRHbuTzJF2qMkemwY9uWhvs8r9uYqL4bxKheEtpump,TRUE,filter_2,2026-04-11T02:12:09.698Z,1300,3.77e-05,16384,2097152,pumpswap,8ShofcR7qcK368us7RzNYRwbSyyEouzhiSuLuj2kkoG5
2026-04-11T23:52:03.490Z,FFvp48WygUSxCCNP3n9Zu5G7F2yatwXQHbpD2Mkkpump,Skibidi,filter_2,2026-04-11T01:10:07.912Z,1362,0.0001933,32768,1048576,pumpswap,DyBES1yrnSRHS4TKaABfG82LJ2Qifx6jmVUcLYh9XiGa
2026-04-11T23:52:03.677Z,AzB5QtBBZQEUVkWgLVADoXGcDZXqd2HNfaGFQpBBpump,Bro,filter_2,2026-04-11T01:07:09.930Z,1365,3.813e-06,4096,524288,pumpswap,hVcUcM5zBRPai8gd4EeDypNnNPwuihecYaYR9HMBCCj
2026-04-11T23:56:58.588Z,BRKFJs1jxrYBKR5sxBiuxTTbyipNBmT6GWenb3c9pump,TRUMP47,filter_5,2026-04-11T23:53:58.651Z,3,0.0001161,32768,262144,pumpswap,EgcA2ShdHZK4Sg7N6H7yGzTjxpTpunRrbzw231wLWeDh
2026-04-11T23:56:58.751Z,AQiYy4igZ6jeUS5nbTymwLaQfnEg5BAjjZsP1EZkEjBU,Dolores,filter_1,2026-04-11T23:52:34.399Z,4,3.57e-06,4096,65536,pumpswap,9MiNdc2ywiYUm2nr2KTGo8UCmjk3TdKLCZ2B4aAtZ9hq
2026-04-11T23:56:58.913Z,yLT7rHdaNkfnqfg5pxXxCTrx1Rsnagod16DnpKBpump,Nilly,filter_1,2026-04-11T23:45:34.391Z,11,3.982e-06,4096,131072,pumpswap,8vjkK4SAhZ6zkX7gox9DQEmpX7MbiKsp2gRjD4dAS21V
2026-04-11T23:56:59.076Z,9oVRwbx3Ray9bK7CKhqwfqY5NaWYjG3xj1DNYg2mpump,brainlet,filter_2,2026-04-11T22:44:55.606Z,72,2.244e-06,4096,524288,pumpswap,2PW331e9D7pmdELA1m1Uyq6pnEuj5BWB8m7dcBGgJ5xo
2026-04-11T23:56:59.241Z,9XhhPHKnvSd9R8Ygr8kHR6n8YNYd7SMzRHHPFeb2pump,doomer,filter_1,2026-04-11T22:10:33.845Z,106,2.037e-06,4096,262144,pumpswap,DqTPbpJo2UfNFy2v4dHjMoFg9S2wid1RZuF8qfwcJrHx
2026-04-11T23:56:59.403Z,2wwDzQLc3pwgcHrkCadio4Hn3bzYyCptRAewJAEXdoge,MARKC,filter_1,2026-04-11T21:57:35.843Z,119,6.386e-06,8192,65536,meteora,2rVNWK9fRajakX19wtrfJKGE3xNWeubnV5VpYxETUvPX
2026-04-11T23:56:59.565Z,NicGVyEGbJhn52gBtqWM18zKGzRSe9js98AZnRwY8eS,NEGRON,filter_2,2026-04-11T21:33:59.338Z,143,2.438e-07,65536,2097152,raydium,2rXfTt3Xh699TtAUruiz6Vs7vdTrsn55bEm2FKt9y8yE
2026-04-12T00:01:58.594Z,VXnX59zHN7j8FrA971nJij7q2RvPSPa3TioV236pump,COG,filter_1,2026-04-11T23:57:38.153Z,4,7.445e-06,8192,262144,pumpswap,DsEyaDvzkJHPnSwDU251c5pCP1V466nMpwh8KQzEeUuU
2026-04-12T00:01:58.756Z,3SNNxUYmrXUc1mQbtV2NGQTuGKVji4y3MWhyESTypump,CASSIE,filter_4,2026-04-11T23:18:36.635Z,43,3.064e-05,16384,65536,pumpswap,B6nQAKbBTm8xTFHBs4xGUqMJJu6JF5mBcmpEv8MPEQ1i
2026-04-12T00:01:58.918Z,6TRyMNFbS6y444mDECfaENQrVnvZP4XzMr2fa6f8pump,Trump,filter_6,2026-04-11T21:07:35.070Z,174,1.945e-06,4096,1048576,pumpswap,BJLaR38FZ2accuRrABzAWdiMeZ8mF3Ky5tL6q853bgBh
2026-04-12T00:01:59.082Z,EamB9vqC1b4aoyPR6t3hn6CWf48yny84xzCuFJMbpump,Peepa,filter_1,2026-04-11T20:47:42.794Z,194,0.0001573,32768,2097152,pumpswap,BoB3Dvi5eLGFr86BexBPNY2ZXwMNjWhx3FVCep3X2Vj6
2026-04-12T00:01:59.251Z,AQGaTfXDcvinz6DuxfZEKKFp7hmiWDLis4FtK3chpump,Ivunka,filter_3,2026-04-11T20:41:43.544Z,200,2.833e-06,4096,524288,pumpswap,AHBtpXJ7csokwSXddEDxPFYHcA515g234kXTBMhAVRxe
2026-04-12T00:01:59.415Z,BfZ27pSjL3L8Abm8VuRs5MLjjP21Xv5tUL81Rkyepump,WID,filter_4,2026-04-11T20:41:42.289Z,200,1.313e-05,8192,8192,pumpswap,4zmdmfGwoNb2mfF9PJq2N7x38qpQMwBMphD3HMDx6dak
2026-04-12T00:01:59.582Z,EgiJdQ8dbQHWu1uKS6cQBPaF2sK3a7WFpkjHEgdDpump,Dodger,filter_3,2026-04-11T19:29:11.694Z,273,2.968e-05,16384,1048576,pumpswap,7yrRRCzf429YQ1xQgdZZMy5KQ5jtkkDC7gUZWyPerhXr
2026-04-12T00:01:59.769Z,7bfbBZXpMYbNjhZ6eQ8Ch8VFAbgcz4WsrY7JtQKcpump,BOATGUY,filter_1,2026-04-11T19:27:26.855Z,275,5.057e-06,4096,262144,pumpswap,6gALa6BfE8ce8pLYaEFsTkCtxozfbuBR5bMVK3nKeFD4
2026-04-12T00:01:59.932Z,4juv1Wq63My7Bc7rznMZTyuD4aQfRSZGW9uKqFXSpump,Asset,filter_1,2026-04-11T19:27:24.857Z,275,5.375e-06,8192,32768,pumpswap,6g8ZTMKCKvSsVX92g4SKoBESXgrDL2cR1WLg8i7GZPV9
2026-04-12T00:02:00.096Z,Aq6XmZSohMJeRGU9WswbyQo9paEcKrTEs3xdfDFtpump,Lia,filter_1,2026-04-11T19:25:27.104Z,277,2.288e-06,4096,524288,pumpswap,BsFk4E3Hm12Mg27XmBoDPuk27WAC78BPfN98AHHpDPcM
2026-04-12T00:02:00.259Z,AUZnnRTdybeMiHrxfueNyBgLHnu4H39kngUh84WMpump,MELANIA,filter_3,2026-04-11T19:24:02.559Z,278,0.0008757,65536,524288,pumpswap,DM9Xj9x8A8SEinJdoz4SJH2vdhBdPGSZmhL7DxBgwbBy
2026-04-12T00:02:00.426Z,56MEDV2H1M7DkaikaSg5vpibaSyWhgspCxgPwQJhpump,DNIGGA,filter_1,2026-04-11T19:22:24.852Z,280,2.278e-06,4096,65536,pumpswap,CAhVRREzXYHDvtu6iwACsei9vhv6mexsGm9hpkeVP1Kj
2026-04-12T00:02:00.589Z,A2Px3FMumMJ7W67VEp9ahFXueEyf9aHpei4TTJ5mpump,BABY,filter_3,2026-04-11T19:14:43.120Z,287,1.358e-05,8192,1048576,pumpswap,53UgNjZDC6mXsEDTowHLmKi2Y6jzjH2Ee3ybac7jEQRQ
2026-04-12T00:02:00.777Z,wutj1cNsMWyeu9ub61knDRCwU37aVvYuCBn8ZLPj7JL,ZHONEY,filter_1,2026-04-11T19:04:35.959Z,297,9.594e-06,8192,65536,pumpswap,CtYpMFyZqcJL7mPbDQU9o88g9QpkbzEFSC81J9FzFbF8
2026-04-12T00:02:00.941Z,4oFZFm3s8VKeCnwM2G5X5mZrsPivDyzCLvDYZmVipump,ClawFC,filter_1,2026-04-11T19:00:33.206Z,301,1.267e-05,8192,131072,pumpswap,BnbuPvQe2TNdhS7CSdsCGS1WY7FYu2kZti9adrqkqpZh
2026-04-12T00:02:01.107Z,5rniCpoweGXgsLZZDohw3fZA5yuXgt87df6GHAxWpump,MOTHER,filter_1,2026-04-11T18:17:31.505Z,344,7.723e-06,8192,131072,pumpswap,7dzsEYbuQoK1LLAiae7riygcwphP7BTbK6r7Vv94p28M
2026-04-12T00:02:01.273Z,3i8RByhvAaSWh2VSoVieAPzzmc4DpZC9WHVSsDzBpump,FOOLHOUSE,filter_2,2026-04-11T13:59:09.655Z,603,1.756e-06,4096,524288,pumpswap,G8AJyLtb85QyMbaXZe4k5DdTfLPTD8dEX9xDn2fKqQZD
2026-04-12T00:02:01.437Z,AutFvM5QZqtvjK2SrR8iLwvDEQ7ePnL14Rv7GPFvpump,TripleC,filter_2,2026-04-11T13:57:07.657Z,605,1.069e-05,8192,524288,pumpswap,Cvk9vLXa9wiqWTxb7q5EP3jdPow5ZBrdn1MLRmergW3v
2026-04-12T00:02:01.606Z,Dj2JhqEaKgPDo9se3A1dtSBVV1FFCxAfFa9SBBWmpump,GoldDancer,filter_2,2026-04-11T13:01:12.368Z,661,4.574e-05,16384,524288,pumpswap,9hovxHG2vADjGPe7S6agGTx5o72kgojobbpC5UVzLdt5
2026-04-12T00:02:01.795Z,ACtfUWtgvaXrQGNMiohTusi5jcx5RJf5zwu9aAxkpump,unc,filter_2,2026-04-11T11:21:14.804Z,761,0.0006586,65536,2097152,pumpswap,BWFZkx1pMpvwxammwTrizvoWzZZGiFEYUYW6Ee51SHLy
2026-04-12T00:02:01.957Z,51bywes8qqftjWhEZJZ3GvCM2ogximFejkKqa9kMpump,Marina,filter_2,2026-04-11T10:45:10.038Z,797,9.679e-05,32768,524288,pumpswap,ChmxH4uiGja7C2ht4KurCwXP8LLgtUgibFL1RwLNqeSG
2026-04-12T00:02:02.145Z,22a4gJyiBTjWsTaFAHiHoQTmXsptDy3iBHeqKQADpump,WLFI,filter_2,2026-04-11T08:08:14.642Z,954,2.165e-05,16384,1048576,pumpswap,8JUXPRDDfRbDTN9fsQg1fLKw3u7DM9Cesodu1pcp6WA5
2026-04-12T00:02:02.310Z,J1iyLMzrc4G4WgDVmm33bes1Xwzd1mTcmvP8gubMpump,5,filter_2,2026-04-11T07:45:06.637Z,977,1.99e-06,4096,524288,pumpswap,1HojmJ4JLUiwXz5PxPMAyvaWvk5WZSHGFm1SyQZHTQ2
2026-04-12T00:02:02.474Z,EQUU2gdzvmabX36rCxKSRSNJKtAedRHEiP8pikC8pump,emi,filter_2,2026-04-11T06:50:09.612Z,1032,3.902e-05,16384,2097152,pumpswap,A1eSqj58a8SWLfY9ecCZcfaWSgjYvEHXimiyoKHWG2qn
2026-04-12T00:02:02.662Z,5NmLAtsnwiZZbidywsSZYbZS3GtsoAEfa9HNHjGspump,PND,filter_2,2026-04-11T06:08:08.609Z,1074,7.168e-06,8192,1048576,pumpswap,G2GWEuB5ZA6p2qFxx4i4VViApW5P7aLrYJUv2vdgR5jm
2026-04-12T00:02:02.851Z,3DiHoTLRFzuMHmTBfo84Q22yX16Bv6XviFzgLaxnUJSe,SDR,filter_2,2026-04-11T05:05:14.827Z,1137,0.3333,262144,8388608,raydium,8jJMsUjNZDd32et5q7SXPx6QNQkRbbLK1exbNZfoTKcP
2026-04-12T00:02:03.043Z,8Ct8WT6TYTB9zTYxexAWthmWvYbLML9xmXcRFq2Rpump,METHANE,filter_2,2026-04-11T04:31:08.309Z,1171,1.857e-06,4096,131072,pumpswap,GBGkD83YH6d83NGuhhCKcnacPLoFUuexcCimVtPnhi4d
2026-04-12T00:02:03.238Z,BJMoyvAgJzpR1QEEdg8wkBe9PtCuzwCNW2aTzcn6pump,StepSis,filter_2,2026-04-11T02:26:13.472Z,1296,1.647e-06,4096,262144,pumpswap,BdkQUvcHsvnyNJQynnVWQfFusekQt3nVfGCP3WjQdBzB
2026-04-12T00:02:03.401Z,GBjRHbuTzJF2qMkemwY9uWhvs8r9uYqL4bxKheEtpump,TRUE,filter_2,2026-04-11T02:12:09.698Z,1310,5.352e-05,16384,2097152,pumpswap,8ShofcR7qcK368us7RzNYRwbSyyEouzhiSuLuj2kkoG5
2026-04-12T00:02:03.563Z,FFvp48WygUSxCCNP3n9Zu5G7F2yatwXQHbpD2Mkkpump,Skibidi,filter_2,2026-04-11T01:10:07.912Z,1372,0.0001796,32768,1048576,pumpswap,DyBES1yrnSRHS4TKaABfG82LJ2Qifx6jmVUcLYh9XiGa
2026-04-12T00:02:03.726Z,AzB5QtBBZQEUVkWgLVADoXGcDZXqd2HNfaGFQpBBpump,Bro,filter_2,2026-04-11T01:07:09.930Z,1375,3.813e-06,4096,524288,pumpswap,hVcUcM5zBRPai8gd4EeDypNnNPwuihecYaYR9HMBCCj
2026-04-12T00:06:58.589Z,BRKFJs1jxrYBKR5sxBiuxTTbyipNBmT6GWenb3c9pump,TRUMP47,filter_5,2026-04-12T00:04:59.429Z,2,0.0001382,32768,262144,pumpswap,EgcA2ShdHZK4Sg7N6H7yGzTjxpTpunRrbzw231wLWeDh
2026-04-12T00:06:58.750Z,5xjSweEeRNTNHXpEiyp1XBUB2D3MMYCuU8khzgiZpump,FUDGE,filter_2,2026-04-12T00:02:34.174Z,4,4.635e-05,16384,32768,pumpswap,GXBAKvHDgXXwxWWGWmrepfpXstnghwVGEqBmAq2EQgQZ
2026-04-12T00:06:58.911Z,AQiYy4igZ6jeUS5nbTymwLaQfnEg5BAjjZsP1EZkEjBU,Dolores,filter_1,2026-04-11T23:52:34.399Z,14,3.228e-06,4096,65536,pumpswap,9MiNdc2ywiYUm2nr2KTGo8UCmjk3TdKLCZ2B4aAtZ9hq
2026-04-12T00:06:59.093Z,yLT7rHdaNkfnqfg5pxXxCTrx1Rsnagod16DnpKBpump,Nilly,filter_1,2026-04-11T23:45:34.391Z,21,3.931e-06,4096,131072,pumpswap,8vjkK4SAhZ6zkX7gox9DQEmpX7MbiKsp2gRjD4dAS21V
2026-04-12T00:06:59.254Z,9oVRwbx3Ray9bK7CKhqwfqY5NaWYjG3xj1DNYg2mpump,brainlet,filter_2,2026-04-11T22:44:55.606Z,82,2.244e-06,4096,524288,pumpswap,2PW331e9D7pmdELA1m1Uyq6pnEuj5BWB8m7dcBGgJ5xo
2026-04-12T00:06:59.414Z,9XhhPHKnvSd9R8Ygr8kHR6n8YNYd7SMzRHHPFeb2pump,doomer,filter_1,2026-04-11T22:10:33.845Z,116,2.031e-06,4096,262144,pumpswap,DqTPbpJo2UfNFy2v4dHjMoFg9S2wid1RZuF8qfwcJrHx
2026-04-12T00:06:59.574Z,2wwDzQLc3pwgcHrkCadio4Hn3bzYyCptRAewJAEXdoge,MARKC,filter_1,2026-04-11T21:57:35.843Z,129,6.206e-06,8192,65536,meteora,2rVNWK9fRajakX19wtrfJKGE3xNWeubnV5VpYxETUvPX
2026-04-12T00:06:59.732Z,NicGVyEGbJhn52gBtqWM18zKGzRSe9js98AZnRwY8eS,NEGRON,filter_2,2026-04-11T21:33:59.338Z,153,2.442e-07,65536,2097152,raydium,2rXfTt3Xh699TtAUruiz6Vs7vdTrsn55bEm2FKt9y8yE
2026-04-12T00:11:58.592Z,VXnX59zHN7j8FrA971nJij7q2RvPSPa3TioV236pump,COG,filter_1,2026-04-11T23:57:38.153Z,14,8.133e-06,8192,262144,pumpswap,DsEyaDvzkJHPnSwDU251c5pCP1V466nMpwh8KQzEeUuU
2026-04-12T00:11:58.754Z,3SNNxUYmrXUc1mQbtV2NGQTuGKVji4y3MWhyESTypump,CASSIE,filter_4,2026-04-11T23:18:36.635Z,53,3.186e-05,16384,65536,pumpswap,B6nQAKbBTm8xTFHBs4xGUqMJJu6JF5mBcmpEv8MPEQ1i
2026-04-12T00:11:58.917Z,6TRyMNFbS6y444mDECfaENQrVnvZP4XzMr2fa6f8pump,Trump,filter_6,2026-04-11T21:07:35.070Z,184,2.028e-06,4096,1048576,pumpswap,BJLaR38FZ2accuRrABzAWdiMeZ8mF3Ky5tL6q853bgBh
2026-04-12T00:11:59.078Z,EamB9vqC1b4aoyPR6t3hn6CWf48yny84xzCuFJMbpump,Peepa,filter_1,2026-04-11T20:47:42.794Z,204,0.000152,32768,2097152,pumpswap,BoB3Dvi5eLGFr86BexBPNY2ZXwMNjWhx3FVCep3X2Vj6
2026-04-12T00:11:59.239Z,AQGaTfXDcvinz6DuxfZEKKFp7hmiWDLis4FtK3chpump,Ivunka,filter_3,2026-04-11T20:41:43.544Z,210,2.815e-06,4096,524288,pumpswap,AHBtpXJ7csokwSXddEDxPFYHcA515g234kXTBMhAVRxe
2026-04-12T00:11:59.401Z,BfZ27pSjL3L8Abm8VuRs5MLjjP21Xv5tUL81Rkyepump,WID,filter_4,2026-04-11T20:41:42.289Z,210,1.313e-05,8192,8192,pumpswap,4zmdmfGwoNb2mfF9PJq2N7x38qpQMwBMphD3HMDx6dak
2026-04-12T00:11:59.563Z,EgiJdQ8dbQHWu1uKS6cQBPaF2sK3a7WFpkjHEgdDpump,Dodger,filter_3,2026-04-11T19:29:11.694Z,283,2.925e-05,16384,1048576,pumpswap,7yrRRCzf429YQ1xQgdZZMy5KQ5jtkkDC7gUZWyPerhXr
2026-04-12T00:11:59.724Z,7bfbBZXpMYbNjhZ6eQ8Ch8VFAbgcz4WsrY7JtQKcpump,BOATGUY,filter_1,2026-04-11T19:27:26.855Z,285,4.983e-06,4096,262144,pumpswap,6gALa6BfE8ce8pLYaEFsTkCtxozfbuBR5bMVK3nKeFD4
2026-04-12T00:11:59.918Z,4juv1Wq63My7Bc7rznMZTyuD4aQfRSZGW9uKqFXSpump,Asset,filter_1,2026-04-11T19:27:24.857Z,285,5.448e-06,8192,32768,pumpswap,6g8ZTMKCKvSsVX92g4SKoBESXgrDL2cR1WLg8i7GZPV9
2026-04-12T00:12:00.082Z,Aq6XmZSohMJeRGU9WswbyQo9paEcKrTEs3xdfDFtpump,Lia,filter_1,2026-04-11T19:25:27.104Z,287,2.283e-06,4096,524288,pumpswap,BsFk4E3Hm12Mg27XmBoDPuk27WAC78BPfN98AHHpDPcM
2026-04-12T00:12:00.243Z,AUZnnRTdybeMiHrxfueNyBgLHnu4H39kngUh84WMpump,MELANIA,filter_3,2026-04-11T19:24:02.559Z,288,0.000892,65536,524288,pumpswap,DM9Xj9x8A8SEinJdoz4SJH2vdhBdPGSZmhL7DxBgwbBy
2026-04-12T00:12:00.410Z,56MEDV2H1M7DkaikaSg5vpibaSyWhgspCxgPwQJhpump,DNIGGA,filter_1,2026-04-11T19:22:24.852Z,290,2.278e-06,4096,65536,pumpswap,CAhVRREzXYHDvtu6iwACsei9vhv6mexsGm9hpkeVP1Kj
2026-04-12T00:12:00.606Z,A2Px3FMumMJ7W67VEp9ahFXueEyf9aHpei4TTJ5mpump,BABY,filter_3,2026-04-11T19:14:43.120Z,297,1.322e-05,8192,1048576,pumpswap,53UgNjZDC6mXsEDTowHLmKi2Y6jzjH2Ee3ybac7jEQRQ
2026-04-12T00:12:00.800Z,wutj1cNsMWyeu9ub61knDRCwU37aVvYuCBn8ZLPj7JL,ZHONEY,filter_1,2026-04-11T19:04:35.959Z,307,9.627e-06,8192,65536,pumpswap,CtYpMFyZqcJL7mPbDQU9o88g9QpkbzEFSC81J9FzFbF8
2026-04-12T00:12:01.005Z,4oFZFm3s8VKeCnwM2G5X5mZrsPivDyzCLvDYZmVipump,ClawFC,filter_1,2026-04-11T19:00:33.206Z,311,1.249e-05,8192,131072,pumpswap,BnbuPvQe2TNdhS7CSdsCGS1WY7FYu2kZti9adrqkqpZh
2026-04-12T00:12:01.167Z,5rniCpoweGXgsLZZDohw3fZA5yuXgt87df6GHAxWpump,MOTHER,filter_1,2026-04-11T18:17:31.505Z,354,7.748e-06,8192,131072,pumpswap,7dzsEYbuQoK1LLAiae7riygcwphP7BTbK6r7Vv94p28M
2026-04-12T00:12:01.363Z,3i8RByhvAaSWh2VSoVieAPzzmc4DpZC9WHVSsDzBpump,FOOLHOUSE,filter_2,2026-04-11T13:59:09.655Z,613,1.738e-06,4096,524288,pumpswap,G8AJyLtb85QyMbaXZe4k5DdTfLPTD8dEX9xDn2fKqQZD
2026-04-12T00:12:01.562Z,AutFvM5QZqtvjK2SrR8iLwvDEQ7ePnL14Rv7GPFvpump,TripleC,filter_2,2026-04-11T13:57:07.657Z,615,1.098e-05,8192,524288,pumpswap,Cvk9vLXa9wiqWTxb7q5EP3jdPow5ZBrdn1MLRmergW3v
2026-04-12T00:12:01.765Z,Dj2JhqEaKgPDo9se3A1dtSBVV1FFCxAfFa9SBBWmpump,GoldDancer,filter_2,2026-04-11T13:01:12.368Z,671,5.046e-05,16384,524288,pumpswap,9hovxHG2vADjGPe7S6agGTx5o72kgojobbpC5UVzLdt5
2026-04-12T00:12:01.929Z,ACtfUWtgvaXrQGNMiohTusi5jcx5RJf5zwu9aAxkpump,unc,filter_2,2026-04-11T11:21:14.804Z,771,0.0006675,65536,2097152,pumpswap,BWFZkx1pMpvwxammwTrizvoWzZZGiFEYUYW6Ee51SHLy
2026-04-12T00:12:02.090Z,51bywes8qqftjWhEZJZ3GvCM2ogximFejkKqa9kMpump,Marina,filter_2,2026-04-11T10:45:10.038Z,807,9.961e-05,32768,524288,pumpswap,ChmxH4uiGja7C2ht4KurCwXP8LLgtUgibFL1RwLNqeSG
2026-04-12T00:12:02.279Z,22a4gJyiBTjWsTaFAHiHoQTmXsptDy3iBHeqKQADpump,WLFI,filter_2,2026-04-11T08:08:14.642Z,964,2.062e-05,16384,1048576,pumpswap,8JUXPRDDfRbDTN9fsQg1fLKw3u7DM9Cesodu1pcp6WA5
2026-04-12T00:12:02.441Z,J1iyLMzrc4G4WgDVmm33bes1Xwzd1mTcmvP8gubMpump,5,filter_2,2026-04-11T07:45:06.637Z,987,1.99e-06,4096,524288,pumpswap,1HojmJ4JLUiwXz5PxPMAyvaWvk5WZSHGFm1SyQZHTQ2
2026-04-12T00:12:02.603Z,EQUU2gdzvmabX36rCxKSRSNJKtAedRHEiP8pikC8pump,emi,filter_2,2026-04-11T06:50:09.612Z,1042,2.912e-05,16384,2097152,pumpswap,A1eSqj58a8SWLfY9ecCZcfaWSgjYvEHXimiyoKHWG2qn
2026-04-12T00:12:02.798Z,5NmLAtsnwiZZbidywsSZYbZS3GtsoAEfa9HNHjGspump,PND,filter_2,2026-04-11T06:08:08.609Z,1084,7.187e-06,8192,1048576,pumpswap,G2GWEuB5ZA6p2qFxx4i4VViApW5P7aLrYJUv2vdgR5jm
2026-04-12T00:12:02.997Z,3DiHoTLRFzuMHmTBfo84Q22yX16Bv6XviFzgLaxnUJSe,SDR,filter_2,2026-04-11T05:05:14.827Z,1147,0.3353,262144,8388608,raydium,8jJMsUjNZDd32et5q7SXPx6QNQkRbbLK1exbNZfoTKcP
2026-04-12T00:12:03.161Z,8Ct8WT6TYTB9zTYxexAWthmWvYbLML9xmXcRFq2Rpump,METHANE,filter_2,2026-04-11T04:31:08.309Z,1181,1.857e-06,4096,131072,pumpswap,GBGkD83YH6d83NGuhhCKcnacPLoFUuexcCimVtPnhi4d
2026-04-12T00:12:03.345Z,BJMoyvAgJzpR1QEEdg8wkBe9PtCuzwCNW2aTzcn6pump,StepSis,filter_2,2026-04-11T02:26:13.472Z,1306,1.647e-06,4096,262144,pumpswap,BdkQUvcHsvnyNJQynnVWQfFusekQt3nVfGCP3WjQdBzB
2026-04-12T00:12:03.508Z,GBjRHbuTzJF2qMkemwY9uWhvs8r9uYqL4bxKheEtpump,TRUE,filter_2,2026-04-11T02:12:09.698Z,1320,5.393e-05,16384,2097152,pumpswap,8ShofcR7qcK368us7RzNYRwbSyyEouzhiSuLuj2kkoG5
2026-04-12T00:12:03.669Z,FFvp48WygUSxCCNP3n9Zu5G7F2yatwXQHbpD2Mkkpump,Skibidi,filter_2,2026-04-11T01:10:07.912Z,1382,0.0001772,32768,1048576,pumpswap,DyBES1yrnSRHS4TKaABfG82LJ2Qifx6jmVUcLYh9XiGa
2026-04-12T00:12:03.834Z,AzB5QtBBZQEUVkWgLVADoXGcDZXqd2HNfaGFQpBBpump,Bro,filter_2,2026-04-11T01:07:09.930Z,1385,3.753e-06,4096,524288,pumpswap,hVcUcM5zBRPai8gd4EeDypNnNPwuihecYaYR9HMBCCj
2026-04-12T00:16:58.591Z,BRKFJs1jxrYBKR5sxBiuxTTbyipNBmT6GWenb3c9pump,TRUMP47,filter_5,2026-04-12T00:14:37.905Z,2,0.0001464,32768,262144,pumpswap,EgcA2ShdHZK4Sg7N6H7yGzTjxpTpunRrbzw231wLWeDh
2026-04-12T00:16:58.752Z,5xjSweEeRNTNHXpEiyp1XBUB2D3MMYCuU8khzgiZpump,FUDGE,filter_2,2026-04-12T00:02:34.174Z,14,4.04e-05,16384,32768,pumpswap,GXBAKvHDgXXwxWWGWmrepfpXstnghwVGEqBmAq2EQgQZ
2026-04-12T00:16:58.915Z,AQiYy4igZ6jeUS5nbTymwLaQfnEg5BAjjZsP1EZkEjBU,Dolores,filter_1,2026-04-11T23:52:34.399Z,24,5.969e-06,8192,65536,pumpswap,9MiNdc2ywiYUm2nr2KTGo8UCmjk3TdKLCZ2B4aAtZ9hq
2026-04-12T00:16:59.080Z,yLT7rHdaNkfnqfg5pxXxCTrx1Rsnagod16DnpKBpump,Nilly,filter_1,2026-04-11T23:45:34.391Z,31,3.923e-06,4096,131072,pumpswap,8vjkK4SAhZ6zkX7gox9DQEmpX7MbiKsp2gRjD4dAS21V
2026-04-12T00:16:59.244Z,9oVRwbx3Ray9bK7CKhqwfqY5NaWYjG3xj1DNYg2mpump,brainlet,filter_2,2026-04-11T22:44:55.606Z,92,2.241e-06,4096,524288,pumpswap,2PW331e9D7pmdELA1m1Uyq6pnEuj5BWB8m7dcBGgJ5xo
2026-04-12T00:16:59.432Z,9XhhPHKnvSd9R8Ygr8kHR6n8YNYd7SMzRHHPFeb2pump,doomer,filter_1,2026-04-11T22:10:33.845Z,126,2.03e-06,4096,262144,pumpswap,DqTPbpJo2UfNFy2v4dHjMoFg9S2wid1RZuF8qfwcJrHx
2026-04-12T00:16:59.619Z,2wwDzQLc3pwgcHrkCadio4Hn3bzYyCptRAewJAEXdoge,MARKC,filter_1,2026-04-11T21:57:35.843Z,139,4.892e-06,4096,65536,meteora,2rVNWK9fRajakX19wtrfJKGE3xNWeubnV5VpYxETUvPX
2026-04-12T00:16:59.814Z,NicGVyEGbJhn52gBtqWM18zKGzRSe9js98AZnRwY8eS,NEGRON,filter_2,2026-04-11T21:33:59.338Z,163,2.447e-07,65536,2097152,raydium,2rXfTt3Xh699TtAUruiz6Vs7vdTrsn55bEm2FKt9y8yE
2026-04-12T00:21:58.593Z,8yeUyEaxBkBgcG5i22zR6JiLmVPbA3p6FUBHjFLFpump,MOG,filter_1,2026-04-12T00:19:38.418Z,2,4.817e-06,4096,262144,pumpswap,8jL5pBxjqyhXzGwYDYZhvdifvuSiP7KWzU8ZCGgssRzk
2026-04-12T00:21:58.754Z,AdD5EMoGMDiGXcgepXQXneB4fEZuS1QvKqDrN876pump,CRAFT,filter_1,2026-04-12T00:19:36.698Z,2,1.663e-05,8192,65536,pumpswap,Fq6wzHyzh8YXvGS7EYBSNPLs7cr3WSLBw4WCpp5Bbk9n
2026-04-12T00:21:58.916Z,VXnX59zHN7j8FrA971nJij7q2RvPSPa3TioV236pump,COG,filter_1,2026-04-11T23:57:38.153Z,24,9.623e-06,8192,262144,pumpswap,DsEyaDvzkJHPnSwDU251c5pCP1V466nMpwh8KQzEeUuU
2026-04-12T00:21:59.077Z,3SNNxUYmrXUc1mQbtV2NGQTuGKVji4y3MWhyESTypump,CASSIE,filter_4,2026-04-11T23:18:36.635Z,63,3.6e-05,16384,65536,pumpswap,B6nQAKbBTm8xTFHBs4xGUqMJJu6JF5mBcmpEv8MPEQ1i
2026-04-12T00:21:59.238Z,6TRyMNFbS6y444mDECfaENQrVnvZP4XzMr2fa6f8pump,Trump,filter_6,2026-04-11T21:07:35.070Z,194,2.028e-06,4096,1048576,pumpswap,BJLaR38FZ2accuRrABzAWdiMeZ8mF3Ky5tL6q853bgBh
2026-04-12T00:21:59.402Z,EamB9vqC1b4aoyPR6t3hn6CWf48yny84xzCuFJMbpump,Peepa,filter_1,2026-04-11T20:47:42.794Z,214,0.0001511,32768,2097152,pumpswap,BoB3Dvi5eLGFr86BexBPNY2ZXwMNjWhx3FVCep3X2Vj6
2026-04-12T00:21:59.563Z,AQGaTfXDcvinz6DuxfZEKKFp7hmiWDLis4FtK3chpump,Ivunka,filter_3,2026-04-11T20:41:43.544Z,220,2.815e-06,4096,524288,pumpswap,AHBtpXJ7csokwSXddEDxPFYHcA515g234kXTBMhAVRxe
2026-04-12T00:21:59.725Z,BfZ27pSjL3L8Abm8VuRs5MLjjP21Xv5tUL81Rkyepump,WID,filter_4,2026-04-11T20:41:42.289Z,220,1.313e-05,8192,8192,pumpswap,4zmdmfGwoNb2mfF9PJq2N7x38qpQMwBMphD3HMDx6dak
2026-04-12T00:21:59.887Z,EgiJdQ8dbQHWu1uKS6cQBPaF2sK3a7WFpkjHEgdDpump,Dodger,filter_3,2026-04-11T19:29:11.694Z,293,2.977e-05,16384,1048576,pumpswap,7yrRRCzf429YQ1xQgdZZMy5KQ5jtkkDC7gUZWyPerhXr
2026-04-12T00:22:00.050Z,7bfbBZXpMYbNjhZ6eQ8Ch8VFAbgcz4WsrY7JtQKcpump,BOATGUY,filter_1,2026-04-11T19:27:26.855Z,295,4.825e-06,4096,262144,pumpswap,6gALa6BfE8ce8pLYaEFsTkCtxozfbuBR5bMVK3nKeFD4
2026-04-12T00:22:00.241Z,4juv1Wq63My7Bc7rznMZTyuD4aQfRSZGW9uKqFXSpump,Asset,filter_1,2026-04-11T19:27:24.857Z,295,5.48e-06,8192,32768,pumpswap,6g8ZTMKCKvSsVX92g4SKoBESXgrDL2cR1WLg8i7GZPV9
2026-04-12T00:22:00.436Z,Aq6XmZSohMJeRGU9WswbyQo9paEcKrTEs3xdfDFtpump,Lia,filter_1,2026-04-11T19:25:27.104Z,297,2.279e-06,4096,524288,pumpswap,BsFk4E3Hm12Mg27XmBoDPuk27WAC78BPfN98AHHpDPcM
2026-04-12T00:22:00.601Z,AUZnnRTdybeMiHrxfueNyBgLHnu4H39kngUh84WMpump,MELANIA,filter_3,2026-04-11T19:24:02.559Z,298,0.0009601,65536,524288,pumpswap,DM9Xj9x8A8SEinJdoz4SJH2vdhBdPGSZmhL7DxBgwbBy
2026-04-12T00:22:00.764Z,56MEDV2H1M7DkaikaSg5vpibaSyWhgspCxgPwQJhpump,DNIGGA,filter_1,2026-04-11T19:22:24.852Z,300,2.278e-06,4096,65536,pumpswap,CAhVRREzXYHDvtu6iwACsei9vhv6mexsGm9hpkeVP1Kj
2026-04-12T00:22:00.926Z,A2Px3FMumMJ7W67VEp9ahFXueEyf9aHpei4TTJ5mpump,BABY,filter_3,2026-04-11T19:14:43.120Z,307,1.28e-05,8192,1048576,pumpswap,53UgNjZDC6mXsEDTowHLmKi2Y6jzjH2Ee3ybac7jEQRQ
2026-04-12T00:22:01.111Z,wutj1cNsMWyeu9ub61knDRCwU37aVvYuCBn8ZLPj7JL,ZHONEY,filter_1,2026-04-11T19:04:35.959Z,317,9.457e-06,8192,65536,pumpswap,CtYpMFyZqcJL7mPbDQU9o88g9QpkbzEFSC81J9FzFbF8
2026-04-12T00:22:01.273Z,4oFZFm3s8VKeCnwM2G5X5mZrsPivDyzCLvDYZmVipump,ClawFC,filter_1,2026-04-11T19:00:33.206Z,321,1.273e-05,8192,131072,pumpswap,BnbuPvQe2TNdhS7CSdsCGS1WY7FYu2kZti9adrqkqpZh
2026-04-12T00:22:01.465Z,5rniCpoweGXgsLZZDohw3fZA5yuXgt87df6GHAxWpump,MOTHER,filter_1,2026-04-11T18:17:31.505Z,364,8.13e-06,8192,131072,pumpswap,7dzsEYbuQoK1LLAiae7riygcwphP7BTbK6r7Vv94p28M
2026-04-12T00:22:01.632Z,3i8RByhvAaSWh2VSoVieAPzzmc4DpZC9WHVSsDzBpump,FOOLHOUSE,filter_2,2026-04-11T13:59:09.655Z,623,1.738e-06,4096,524288,pumpswap,G8AJyLtb85QyMbaXZe4k5DdTfLPTD8dEX9xDn2fKqQZD
2026-04-12T00:22:01.817Z,AutFvM5QZqtvjK2SrR8iLwvDEQ7ePnL14Rv7GPFvpump,TripleC,filter_2,2026-04-11T13:57:07.657Z,625,1.038e-05,8192,524288,pumpswap,Cvk9vLXa9wiqWTxb7q5EP3jdPow5ZBrdn1MLRmergW3v
2026-04-12T00:22:01.978Z,Dj2JhqEaKgPDo9se3A1dtSBVV1FFCxAfFa9SBBWmpump,GoldDancer,filter_2,2026-04-11T13:01:12.368Z,681,4.903e-05,16384,524288,pumpswap,9hovxHG2vADjGPe7S6agGTx5o72kgojobbpC5UVzLdt5
2026-04-12T00:22:02.141Z,ACtfUWtgvaXrQGNMiohTusi5jcx5RJf5zwu9aAxkpump,unc,filter_2,2026-04-11T11:21:14.804Z,781,0.0006587,65536,2097152,pumpswap,BWFZkx1pMpvwxammwTrizvoWzZZGiFEYUYW6Ee51SHLy
2026-04-12T00:22:02.325Z,51bywes8qqftjWhEZJZ3GvCM2ogximFejkKqa9kMpump,Marina,filter_2,2026-04-11T10:45:10.038Z,817,8.023e-05,16384,524288,pumpswap,ChmxH4uiGja7C2ht4KurCwXP8LLgtUgibFL1RwLNqeSG
2026-04-12T00:22:02.520Z,22a4gJyiBTjWsTaFAHiHoQTmXsptDy3iBHeqKQADpump,WLFI,filter_2,2026-04-11T08:08:14.642Z,974,2.219e-05,16384,1048576,pumpswap,8JUXPRDDfRbDTN9fsQg1fLKw3u7DM9Cesodu1pcp6WA5
2026-04-12T00:22:02.757Z,J1iyLMzrc4G4WgDVmm33bes1Xwzd1mTcmvP8gubMpump,5,filter_2,2026-04-11T07:45:06.637Z,997,1.96e-06,4096,524288,pumpswap,1HojmJ4JLUiwXz5PxPMAyvaWvk5WZSHGFm1SyQZHTQ2
2026-04-12T00:22:02.920Z,EQUU2gdzvmabX36rCxKSRSNJKtAedRHEiP8pikC8pump,emi,filter_2,2026-04-11T06:50:09.612Z,1052,3.303e-05,16384,2097152,pumpswap,A1eSqj58a8SWLfY9ecCZcfaWSgjYvEHXimiyoKHWG2qn
2026-04-12T00:22:03.116Z,5NmLAtsnwiZZbidywsSZYbZS3GtsoAEfa9HNHjGspump,PND,filter_2,2026-04-11T06:08:08.609Z,1094,7.442e-06,8192,1048576,pumpswap,G2GWEuB5ZA6p2qFxx4i4VViApW5P7aLrYJUv2vdgR5jm
2026-04-12T00:22:03.276Z,3DiHoTLRFzuMHmTBfo84Q22yX16Bv6XviFzgLaxnUJSe,SDR,filter_2,2026-04-11T05:05:14.827Z,1157,0.334,262144,8388608,raydium,8jJMsUjNZDd32et5q7SXPx6QNQkRbbLK1exbNZfoTKcP
2026-04-12T00:22:03.460Z,8Ct8WT6TYTB9zTYxexAWthmWvYbLML9xmXcRFq2Rpump,METHANE,filter_2,2026-04-11T04:31:08.309Z,1191,1.879e-06,4096,131072,pumpswap,GBGkD83YH6d83NGuhhCKcnacPLoFUuexcCimVtPnhi4d
2026-04-12T00:22:03.657Z,BJMoyvAgJzpR1QEEdg8wkBe9PtCuzwCNW2aTzcn6pump,StepSis,filter_2,2026-04-11T02:26:13.472Z,1316,1.647e-06,4096,262144,pumpswap,BdkQUvcHsvnyNJQynnVWQfFusekQt3nVfGCP3WjQdBzB
2026-04-12T00:22:03.826Z,GBjRHbuTzJF2qMkemwY9uWhvs8r9uYqL4bxKheEtpump,TRUE,filter_2,2026-04-11T02:12:09.698Z,1330,6.448e-05,16384,2097152,pumpswap,8ShofcR7qcK368us7RzNYRwbSyyEouzhiSuLuj2kkoG5
2026-04-12T00:22:03.987Z,FFvp48WygUSxCCNP3n9Zu5G7F2yatwXQHbpD2Mkkpump,Skibidi,filter_2,2026-04-11T01:10:07.912Z,1392,0.0001423,32768,1048576,pumpswap,DyBES1yrnSRHS4TKaABfG82LJ2Qifx6jmVUcLYh9XiGa
2026-04-12T00:22:04.150Z,AzB5QtBBZQEUVkWgLVADoXGcDZXqd2HNfaGFQpBBpump,Bro,filter_2,2026-04-11T01:07:09.930Z,1395,4.066e-06,4096,524288,pumpswap,hVcUcM5zBRPai8gd4EeDypNnNPwuihecYaYR9HMBCCj
2026-04-12T00:26:58.597Z,BRKFJs1jxrYBKR5sxBiuxTTbyipNBmT6GWenb3c9pump,TRUMP47,filter_5,2026-04-12T00:22:00.670Z,5,0.0001794,32768,262144,pumpswap,EgcA2ShdHZK4Sg7N6H7yGzTjxpTpunRrbzw231wLWeDh
2026-04-12T00:26:58.758Z,5xjSweEeRNTNHXpEiyp1XBUB2D3MMYCuU8khzgiZpump,FUDGE,filter_2,2026-04-12T00:02:34.174Z,24,3.901e-05,16384,32768,pumpswap,GXBAKvHDgXXwxWWGWmrepfpXstnghwVGEqBmAq2EQgQZ
2026-04-12T00:26:58.919Z,AQiYy4igZ6jeUS5nbTymwLaQfnEg5BAjjZsP1EZkEjBU,Dolores,filter_1,2026-04-11T23:52:34.399Z,34,7.475e-06,8192,65536,pumpswap,9MiNdc2ywiYUm2nr2KTGo8UCmjk3TdKLCZ2B4aAtZ9hq
2026-04-12T00:26:59.078Z,yLT7rHdaNkfnqfg5pxXxCTrx1Rsnagod16DnpKBpump,Nilly,filter_1,2026-04-11T23:45:34.391Z,41,3.916e-06,4096,131072,pumpswap,8vjkK4SAhZ6zkX7gox9DQEmpX7MbiKsp2gRjD4dAS21V
2026-04-12T00:26:59.238Z,9oVRwbx3Ray9bK7CKhqwfqY5NaWYjG3xj1DNYg2mpump,brainlet,filter_2,2026-04-11T22:44:55.606Z,102,2.321e-06,4096,524288,pumpswap,2PW331e9D7pmdELA1m1Uyq6pnEuj5BWB8m7dcBGgJ5xo
2026-04-12T00:26:59.398Z,9XhhPHKnvSd9R8Ygr8kHR6n8YNYd7SMzRHHPFeb2pump,doomer,filter_1,2026-04-11T22:10:33.845Z,136,2.03e-06,4096,262144,pumpswap,DqTPbpJo2UfNFy2v4dHjMoFg9S2wid1RZuF8qfwcJrHx
2026-04-12T00:26:59.558Z,2wwDzQLc3pwgcHrkCadio4Hn3bzYyCptRAewJAEXdoge,MARKC,filter_1,2026-04-11T21:57:35.843Z,149,4.882e-06,4096,65536,meteora,2rVNWK9fRajakX19wtrfJKGE3xNWeubnV5VpYxETUvPX
2026-04-12T00:26:59.720Z,NicGVyEGbJhn52gBtqWM18zKGzRSe9js98AZnRwY8eS,NEGRON,filter_2,2026-04-11T21:33:59.338Z,173,2.454e-07,65536,2097152,raydium,2rXfTt3Xh699TtAUruiz6Vs7vdTrsn55bEm2FKt9y8yE
2026-04-12T00:31:58.595Z,8yeUyEaxBkBgcG5i22zR6JiLmVPbA3p6FUBHjFLFpump,MOG,filter_1,2026-04-12T00:30:38.169Z,1,5.594e-06,8192,262144,pumpswap,8jL5pBxjqyhXzGwYDYZhvdifvuSiP7KWzU8ZCGgssRzk
2026-04-12T00:31:58.754Z,AdD5EMoGMDiGXcgepXQXneB4fEZuS1QvKqDrN876pump,CRAFT,filter_1,2026-04-12T00:30:36.449Z,1,1.714e-05,8192,65536,pumpswap,Fq6wzHyzh8YXvGS7EYBSNPLs7cr3WSLBw4WCpp5Bbk9n
2026-04-12T00:31:58.915Z,VXnX59zHN7j8FrA971nJij7q2RvPSPa3TioV236pump,COG,filter_1,2026-04-11T23:57:38.153Z,34,9.024e-06,8192,262144,pumpswap,DsEyaDvzkJHPnSwDU251c5pCP1V466nMpwh8KQzEeUuU
2026-04-12T00:31:59.076Z,3SNNxUYmrXUc1mQbtV2NGQTuGKVji4y3MWhyESTypump,CASSIE,filter_4,2026-04-11T23:18:36.635Z,73,3.178e-05,16384,131072,pumpswap,B6nQAKbBTm8xTFHBs4xGUqMJJu6JF5mBcmpEv8MPEQ1i
2026-04-12T00:31:59.236Z,6TRyMNFbS6y444mDECfaENQrVnvZP4XzMr2fa6f8pump,Trump,filter_6,2026-04-11T21:07:35.070Z,204,2.028e-06,4096,1048576,pumpswap,BJLaR38FZ2accuRrABzAWdiMeZ8mF3Ky5tL6q853bgBh
2026-04-12T00:31:59.397Z,EamB9vqC1b4aoyPR6t3hn6CWf48yny84xzCuFJMbpump,Peepa,filter_1,2026-04-11T20:47:42.794Z,224,0.0001464,32768,2097152,pumpswap,BoB3Dvi5eLGFr86BexBPNY2ZXwMNjWhx3FVCep3X2Vj6
2026-04-12T00:31:59.556Z,AQGaTfXDcvinz6DuxfZEKKFp7hmiWDLis4FtK3chpump,Ivunka,filter_3,2026-04-11T20:41:43.544Z,230,2.815e-06,4096,524288,pumpswap,AHBtpXJ7csokwSXddEDxPFYHcA515g234kXTBMhAVRxe
2026-04-12T00:31:59.752Z,BfZ27pSjL3L8Abm8VuRs5MLjjP21Xv5tUL81Rkyepump,WID,filter_4,2026-04-11T20:41:42.289Z,230,1.298e-05,8192,8192,pumpswap,4zmdmfGwoNb2mfF9PJq2N7x38qpQMwBMphD3HMDx6dak
2026-04-12T00:31:59.913Z,EgiJdQ8dbQHWu1uKS6cQBPaF2sK3a7WFpkjHEgdDpump,Dodger,filter_3,2026-04-11T19:29:11.694Z,303,2.684e-05,16384,1048576,pumpswap,7yrRRCzf429YQ1xQgdZZMy5KQ5jtkkDC7gUZWyPerhXr
2026-04-12T00:32:00.081Z,7bfbBZXpMYbNjhZ6eQ8Ch8VFAbgcz4WsrY7JtQKcpump,BOATGUY,filter_1,2026-04-11T19:27:26.855Z,305,4.549e-06,4096,262144,pumpswap,6gALa6BfE8ce8pLYaEFsTkCtxozfbuBR5bMVK3nKeFD4
2026-04-12T00:32:00.265Z,4juv1Wq63My7Bc7rznMZTyuD4aQfRSZGW9uKqFXSpump,Asset,filter_1,2026-04-11T19:27:24.857Z,305,5.53e-06,8192,32768,pumpswap,6g8ZTMKCKvSsVX92g4SKoBESXgrDL2cR1WLg8i7GZPV9
2026-04-12T00:32:00.427Z,Aq6XmZSohMJeRGU9WswbyQo9paEcKrTEs3xdfDFtpump,Lia,filter_1,2026-04-11T19:25:27.104Z,307,2.275e-06,4096,524288,pumpswap,BsFk4E3Hm12Mg27XmBoDPuk27WAC78BPfN98AHHpDPcM
2026-04-12T00:32:00.588Z,AUZnnRTdybeMiHrxfueNyBgLHnu4H39kngUh84WMpump,MELANIA,filter_3,2026-04-11T19:24:02.559Z,308,0.0009448,65536,524288,pumpswap,DM9Xj9x8A8SEinJdoz4SJH2vdhBdPGSZmhL7DxBgwbBy
2026-04-12T00:32:00.750Z,56MEDV2H1M7DkaikaSg5vpibaSyWhgspCxgPwQJhpump,DNIGGA,filter_1,2026-04-11T19:22:24.852Z,310,2.278e-06,4096,65536,pumpswap,CAhVRREzXYHDvtu6iwACsei9vhv6mexsGm9hpkeVP1Kj
2026-04-12T00:32:00.910Z,A2Px3FMumMJ7W67VEp9ahFXueEyf9aHpei4TTJ5mpump,BABY,filter_3,2026-04-11T19:14:43.120Z,317,1.115e-05,8192,1048576,pumpswap,53UgNjZDC6mXsEDTowHLmKi2Y6jzjH2Ee3ybac7jEQRQ
2026-04-12T00:32:01.071Z,wutj1cNsMWyeu9ub61knDRCwU37aVvYuCBn8ZLPj7JL,ZHONEY,filter_1,2026-04-11T19:04:35.959Z,327,7.223e-06,8192,65536,pumpswap,CtYpMFyZqcJL7mPbDQU9o88g9QpkbzEFSC81J9FzFbF8
2026-04-12T00:32:01.230Z,4oFZFm3s8VKeCnwM2G5X5mZrsPivDyzCLvDYZmVipump,ClawFC,filter_1,2026-04-11T19:00:33.206Z,331,1.24e-05,8192,131072,pumpswap,BnbuPvQe2TNdhS7CSdsCGS1WY7FYu2kZti9adrqkqpZh
2026-04-12T00:32:01.422Z,5rniCpoweGXgsLZZDohw3fZA5yuXgt87df6GHAxWpump,MOTHER,filter_1,2026-04-11T18:17:31.505Z,374,7.386e-06,8192,131072,pumpswap,7dzsEYbuQoK1LLAiae7riygcwphP7BTbK6r7Vv94p28M
2026-04-12T00:32:01.603Z,3i8RByhvAaSWh2VSoVieAPzzmc4DpZC9WHVSsDzBpump,FOOLHOUSE,filter_2,2026-04-11T13:59:09.655Z,633,1.738e-06,4096,524288,pumpswap,G8AJyLtb85QyMbaXZe4k5DdTfLPTD8dEX9xDn2fKqQZD
2026-04-12T00:32:01.799Z,AutFvM5QZqtvjK2SrR8iLwvDEQ7ePnL14Rv7GPFvpump,TripleC,filter_2,2026-04-11T13:57:07.657Z,635,9.911e-06,8192,524288,pumpswap,Cvk9vLXa9wiqWTxb7q5EP3jdPow5ZBrdn1MLRmergW3v
2026-04-12T00:32:01.961Z,Dj2JhqEaKgPDo9se3A1dtSBVV1FFCxAfFa9SBBWmpump,GoldDancer,filter_2,2026-04-11T13:01:12.368Z,691,3.021e-05,16384,524288,pumpswap,9hovxHG2vADjGPe7S6agGTx5o72kgojobbpC5UVzLdt5
2026-04-12T00:32:02.123Z,ACtfUWtgvaXrQGNMiohTusi5jcx5RJf5zwu9aAxkpump,unc,filter_2,2026-04-11T11:21:14.804Z,791,0.0006717,65536,2097152,pumpswap,BWFZkx1pMpvwxammwTrizvoWzZZGiFEYUYW6Ee51SHLy
2026-04-12T00:32:02.285Z,51bywes8qqftjWhEZJZ3GvCM2ogximFejkKqa9kMpump,Marina,filter_2,2026-04-11T10:45:10.038Z,827,8.119e-05,32768,524288,pumpswap,ChmxH4uiGja7C2ht4KurCwXP8LLgtUgibFL1RwLNqeSG
2026-04-12T00:32:02.468Z,22a4gJyiBTjWsTaFAHiHoQTmXsptDy3iBHeqKQADpump,WLFI,filter_2,2026-04-11T08:08:14.642Z,984,2.601e-05,16384,1048576,pumpswap,8JUXPRDDfRbDTN9fsQg1fLKw3u7DM9Cesodu1pcp6WA5
2026-04-12T00:32:02.652Z,J1iyLMzrc4G4WgDVmm33bes1Xwzd1mTcmvP8gubMpump,5,filter_2,2026-04-11T07:45:06.637Z,1007,1.96e-06,4096,524288,pumpswap,1HojmJ4JLUiwXz5PxPMAyvaWvk5WZSHGFm1SyQZHTQ2
2026-04-12T00:32:02.812Z,EQUU2gdzvmabX36rCxKSRSNJKtAedRHEiP8pikC8pump,emi,filter_2,2026-04-11T06:50:09.612Z,1062,3.299e-05,16384,2097152,pumpswap,A1eSqj58a8SWLfY9ecCZcfaWSgjYvEHXimiyoKHWG2qn
2026-04-12T00:32:03.006Z,5NmLAtsnwiZZbidywsSZYbZS3GtsoAEfa9HNHjGspump,PND,filter_2,2026-04-11T06:08:08.609Z,1104,6.692e-06,8192,1048576,pumpswap,G2GWEuB5ZA6p2qFxx4i4VViApW5P7aLrYJUv2vdgR5jm
2026-04-12T00:32:03.201Z,3DiHoTLRFzuMHmTBfo84Q22yX16Bv6XviFzgLaxnUJSe,SDR,filter_2,2026-04-11T05:05:14.827Z,1167,0.3337,262144,8388608,raydium,8jJMsUjNZDd32et5q7SXPx6QNQkRbbLK1exbNZfoTKcP
2026-04-12T00:32:03.384Z,8Ct8WT6TYTB9zTYxexAWthmWvYbLML9xmXcRFq2Rpump,METHANE,filter_2,2026-04-11T04:31:08.309Z,1201,1.832e-06,4096,131072,pumpswap,GBGkD83YH6d83NGuhhCKcnacPLoFUuexcCimVtPnhi4d
2026-04-12T00:32:03.578Z,BJMoyvAgJzpR1QEEdg8wkBe9PtCuzwCNW2aTzcn6pump,StepSis,filter_2,2026-04-11T02:26:13.472Z,1326,1.647e-06,4096,262144,pumpswap,BdkQUvcHsvnyNJQynnVWQfFusekQt3nVfGCP3WjQdBzB
2026-04-12T00:32:03.738Z,GBjRHbuTzJF2qMkemwY9uWhvs8r9uYqL4bxKheEtpump,TRUE,filter_2,2026-04-11T02:12:09.698Z,1340,6.231e-05,16384,2097152,pumpswap,8ShofcR7qcK368us7RzNYRwbSyyEouzhiSuLuj2kkoG5
2026-04-12T00:32:03.900Z,FFvp48WygUSxCCNP3n9Zu5G7F2yatwXQHbpD2Mkkpump,Skibidi,filter_2,2026-04-11T01:10:07.912Z,1402,0.0001529,32768,1048576,pumpswap,DyBES1yrnSRHS4TKaABfG82LJ2Qifx6jmVUcLYh9XiGa
2026-04-12T00:32:04.061Z,AzB5QtBBZQEUVkWgLVADoXGcDZXqd2HNfaGFQpBBpump,Bro,filter_2,2026-04-11T01:07:09.930Z,1405,4.111e-06,4096,524288,pumpswap,hVcUcM5zBRPai8gd4EeDypNnNPwuihecYaYR9HMBCCj
2026-04-12T00:36:58.597Z,BRKFJs1jxrYBKR5sxBiuxTTbyipNBmT6GWenb3c9pump,TRUMP47,filter_5,2026-04-12T00:36:38.672Z,0,0.0001611,32768,262144,pumpswap,EgcA2ShdHZK4Sg7N6H7yGzTjxpTpunRrbzw231wLWeDh
2026-04-12T00:36:58.760Z,5xjSweEeRNTNHXpEiyp1XBUB2D3MMYCuU8khzgiZpump,FUDGE,filter_2,2026-04-12T00:02:34.174Z,34,4.131e-05,16384,32768,pumpswap,GXBAKvHDgXXwxWWGWmrepfpXstnghwVGEqBmAq2EQgQZ
2026-04-12T00:36:58.922Z,AQiYy4igZ6jeUS5nbTymwLaQfnEg5BAjjZsP1EZkEjBU,Dolores,filter_1,2026-04-11T23:52:34.399Z,44,7.445e-06,8192,65536,pumpswap,9MiNdc2ywiYUm2nr2KTGo8UCmjk3TdKLCZ2B4aAtZ9hq
2026-04-12T00:36:59.085Z,yLT7rHdaNkfnqfg5pxXxCTrx1Rsnagod16DnpKBpump,Nilly,filter_1,2026-04-11T23:45:34.391Z,51,3.912e-06,4096,131072,pumpswap,8vjkK4SAhZ6zkX7gox9DQEmpX7MbiKsp2gRjD4dAS21V
2026-04-12T00:36:59.247Z,9oVRwbx3Ray9bK7CKhqwfqY5NaWYjG3xj1DNYg2mpump,brainlet,filter_2,2026-04-11T22:44:55.606Z,112,2.321e-06,4096,524288,pumpswap,2PW331e9D7pmdELA1m1Uyq6pnEuj5BWB8m7dcBGgJ5xo
2026-04-12T00:36:59.409Z,9XhhPHKnvSd9R8Ygr8kHR6n8YNYd7SMzRHHPFeb2pump,doomer,filter_1,2026-04-11T22:10:33.845Z,146,2.03e-06,4096,262144,pumpswap,DqTPbpJo2UfNFy2v4dHjMoFg9S2wid1RZuF8qfwcJrHx
2026-04-12T00:36:59.571Z,2wwDzQLc3pwgcHrkCadio4Hn3bzYyCptRAewJAEXdoge,MARKC,filter_1,2026-04-11T21:57:35.843Z,159,4.932e-06,4096,65536,meteora,2rVNWK9fRajakX19wtrfJKGE3xNWeubnV5VpYxETUvPX
2026-04-12T00:36:59.735Z,NicGVyEGbJhn52gBtqWM18zKGzRSe9js98AZnRwY8eS,NEGRON,filter_2,2026-04-11T21:33:59.338Z,183,2.457e-07,65536,2097152,raydium,2rXfTt3Xh699TtAUruiz6Vs7vdTrsn55bEm2FKt9y8yE
2026-04-12T00:41:58.598Z,8yeUyEaxBkBgcG5i22zR6JiLmVPbA3p6FUBHjFLFpump,MOG,filter_1,2026-04-12T00:30:38.169Z,11,6.082e-06,8192,262144,pumpswap,8jL5pBxjqyhXzGwYDYZhvdifvuSiP7KWzU8ZCGgssRzk
2026-04-12T00:41:58.757Z,AdD5EMoGMDiGXcgepXQXneB4fEZuS1QvKqDrN876pump,CRAFT,filter_1,2026-04-12T00:30:36.449Z,11,1.567e-05,8192,65536,pumpswap,Fq6wzHyzh8YXvGS7EYBSNPLs7cr3WSLBw4WCpp5Bbk9n
2026-04-12T00:41:58.918Z,VXnX59zHN7j8FrA971nJij7q2RvPSPa3TioV236pump,COG,filter_1,2026-04-11T23:57:38.153Z,44,8.888e-06,8192,262144,pumpswap,DsEyaDvzkJHPnSwDU251c5pCP1V466nMpwh8KQzEeUuU
2026-04-12T00:41:59.078Z,3SNNxUYmrXUc1mQbtV2NGQTuGKVji4y3MWhyESTypump,CASSIE,filter_4,2026-04-11T23:18:36.635Z,83,3.217e-05,16384,131072,pumpswap,B6nQAKbBTm8xTFHBs4xGUqMJJu6JF5mBcmpEv8MPEQ1i
2026-04-12T00:41:59.262Z,6TRyMNFbS6y444mDECfaENQrVnvZP4XzMr2fa6f8pump,Trump,filter_6,2026-04-11T21:07:35.070Z,214,2.06e-06,4096,1048576,pumpswap,BJLaR38FZ2accuRrABzAWdiMeZ8mF3Ky5tL6q853bgBh
2026-04-12T00:41:59.421Z,EamB9vqC1b4aoyPR6t3hn6CWf48yny84xzCuFJMbpump,Peepa,filter_1,2026-04-11T20:47:42.794Z,234,0.0001005,32768,2097152,pumpswap,BoB3Dvi5eLGFr86BexBPNY2ZXwMNjWhx3FVCep3X2Vj6
2026-04-12T00:41:59.581Z,AQGaTfXDcvinz6DuxfZEKKFp7hmiWDLis4FtK3chpump,Ivunka,filter_3,2026-04-11T20:41:43.544Z,240,2.757e-06,4096,524288,pumpswap,AHBtpXJ7csokwSXddEDxPFYHcA515g234kXTBMhAVRxe
2026-04-12T00:41:59.741Z,BfZ27pSjL3L8Abm8VuRs5MLjjP21Xv5tUL81Rkyepump,WID,filter_4,2026-04-11T20:41:42.289Z,240,1.318e-05,8192,8192,pumpswap,4zmdmfGwoNb2mfF9PJq2N7x38qpQMwBMphD3HMDx6dak
2026-04-12T00:41:59.901Z,EgiJdQ8dbQHWu1uKS6cQBPaF2sK3a7WFpkjHEgdDpump,Dodger,filter_3,2026-04-11T19:29:11.694Z,313,2.003e-05,16384,1048576,pumpswap,7yrRRCzf429YQ1xQgdZZMy5KQ5jtkkDC7gUZWyPerhXr
2026-04-12T00:42:00.063Z,7bfbBZXpMYbNjhZ6eQ8Ch8VFAbgcz4WsrY7JtQKcpump,BOATGUY,filter_1,2026-04-11T19:27:26.855Z,315,4.707e-06,4096,262144,pumpswap,6gALa6BfE8ce8pLYaEFsTkCtxozfbuBR5bMVK3nKeFD4
2026-04-12T00:42:00.257Z,4juv1Wq63My7Bc7rznMZTyuD4aQfRSZGW9uKqFXSpump,Asset,filter_1,2026-04-11T19:27:24.857Z,315,5.486e-06,8192,32768,pumpswap,6g8ZTMKCKvSsVX92g4SKoBESXgrDL2cR1WLg8i7GZPV9
2026-04-12T00:42:00.419Z,Aq6XmZSohMJeRGU9WswbyQo9paEcKrTEs3xdfDFtpump,Lia,filter_1,2026-04-11T19:25:27.104Z,317,2.275e-06,4096,524288,pumpswap,BsFk4E3Hm12Mg27XmBoDPuk27WAC78BPfN98AHHpDPcM
2026-04-12T00:42:00.580Z,AUZnnRTdybeMiHrxfueNyBgLHnu4H39kngUh84WMpump,MELANIA,filter_3,2026-04-11T19:24:02.559Z,318,0.0009522,65536,524288,pumpswap,DM9Xj9x8A8SEinJdoz4SJH2vdhBdPGSZmhL7DxBgwbBy
2026-04-12T00:42:00.741Z,56MEDV2H1M7DkaikaSg5vpibaSyWhgspCxgPwQJhpump,DNIGGA,filter_1,2026-04-11T19:22:24.852Z,320,2.268e-06,4096,65536,pumpswap,CAhVRREzXYHDvtu6iwACsei9vhv6mexsGm9hpkeVP1Kj
2026-04-12T00:42:00.902Z,A2Px3FMumMJ7W67VEp9ahFXueEyf9aHpei4TTJ5mpump,BABY,filter_3,2026-04-11T19:14:43.120Z,327,1.115e-05,8192,1048576,pumpswap,53UgNjZDC6mXsEDTowHLmKi2Y6jzjH2Ee3ybac7jEQRQ
2026-04-12T00:42:01.091Z,wutj1cNsMWyeu9ub61knDRCwU37aVvYuCBn8ZLPj7JL,ZHONEY,filter_1,2026-04-11T19:04:35.959Z,337,8.283e-06,8192,65536,pumpswap,CtYpMFyZqcJL7mPbDQU9o88g9QpkbzEFSC81J9FzFbF8
2026-04-12T00:42:01.252Z,4oFZFm3s8VKeCnwM2G5X5mZrsPivDyzCLvDYZmVipump,ClawFC,filter_1,2026-04-11T19:00:33.206Z,341,1.193e-05,8192,131072,pumpswap,BnbuPvQe2TNdhS7CSdsCGS1WY7FYu2kZti9adrqkqpZh
2026-04-12T00:42:01.433Z,5rniCpoweGXgsLZZDohw3fZA5yuXgt87df6GHAxWpump,MOTHER,filter_1,2026-04-11T18:17:31.505Z,384,7.627e-06,8192,131072,pumpswap,7dzsEYbuQoK1LLAiae7riygcwphP7BTbK6r7Vv94p28M
2026-04-12T00:42:01.617Z,3i8RByhvAaSWh2VSoVieAPzzmc4DpZC9WHVSsDzBpump,FOOLHOUSE,filter_2,2026-04-11T13:59:09.655Z,643,1.738e-06,4096,524288,pumpswap,G8AJyLtb85QyMbaXZe4k5DdTfLPTD8dEX9xDn2fKqQZD
2026-04-12T00:42:01.777Z,AutFvM5QZqtvjK2SrR8iLwvDEQ7ePnL14Rv7GPFvpump,TripleC,filter_2,2026-04-11T13:57:07.657Z,645,7.03e-06,8192,524288,pumpswap,Cvk9vLXa9wiqWTxb7q5EP3jdPow5ZBrdn1MLRmergW3v
2026-04-12T00:42:01.966Z,Dj2JhqEaKgPDo9se3A1dtSBVV1FFCxAfFa9SBBWmpump,GoldDancer,filter_2,2026-04-11T13:01:12.368Z,701,2.903e-05,16384,524288,pumpswap,9hovxHG2vADjGPe7S6agGTx5o72kgojobbpC5UVzLdt5
2026-04-12T00:42:02.128Z,ACtfUWtgvaXrQGNMiohTusi5jcx5RJf5zwu9aAxkpump,unc,filter_2,2026-04-11T11:21:14.804Z,801,0.000554,65536,2097152,pumpswap,BWFZkx1pMpvwxammwTrizvoWzZZGiFEYUYW6Ee51SHLy
2026-04-12T00:42:02.288Z,51bywes8qqftjWhEZJZ3GvCM2ogximFejkKqa9kMpump,Marina,filter_2,2026-04-11T10:45:10.038Z,837,7.119e-05,16384,524288,pumpswap,ChmxH4uiGja7C2ht4KurCwXP8LLgtUgibFL1RwLNqeSG
2026-04-12T00:42:02.449Z,22a4gJyiBTjWsTaFAHiHoQTmXsptDy3iBHeqKQADpump,WLFI,filter_2,2026-04-11T08:08:14.642Z,994,2.693e-05,16384,1048576,pumpswap,8JUXPRDDfRbDTN9fsQg1fLKw3u7DM9Cesodu1pcp6WA5
2026-04-12T00:42:02.632Z,J1iyLMzrc4G4WgDVmm33bes1Xwzd1mTcmvP8gubMpump,5,filter_2,2026-04-11T07:45:06.637Z,1017,1.96e-06,4096,524288,pumpswap,1HojmJ4JLUiwXz5PxPMAyvaWvk5WZSHGFm1SyQZHTQ2
2026-04-12T00:42:02.794Z,EQUU2gdzvmabX36rCxKSRSNJKtAedRHEiP8pikC8pump,emi,filter_2,2026-04-11T06:50:09.612Z,1072,3.044e-05,16384,2097152,pumpswap,A1eSqj58a8SWLfY9ecCZcfaWSgjYvEHXimiyoKHWG2qn
2026-04-12T00:42:02.977Z,5NmLAtsnwiZZbidywsSZYbZS3GtsoAEfa9HNHjGspump,PND,filter_2,2026-04-11T06:08:08.609Z,1114,6.603e-06,8192,1048576,pumpswap,G2GWEuB5ZA6p2qFxx4i4VViApW5P7aLrYJUv2vdgR5jm
2026-04-12T00:42:03.136Z,3DiHoTLRFzuMHmTBfo84Q22yX16Bv6XviFzgLaxnUJSe,SDR,filter_2,2026-04-11T05:05:14.827Z,1177,0.3322,262144,8388608,raydium,8jJMsUjNZDd32et5q7SXPx6QNQkRbbLK1exbNZfoTKcP
2026-04-12T00:42:03.298Z,8Ct8WT6TYTB9zTYxexAWthmWvYbLML9xmXcRFq2Rpump,METHANE,filter_2,2026-04-11T04:31:08.309Z,1211,1.832e-06,4096,131072,pumpswap,GBGkD83YH6d83NGuhhCKcnacPLoFUuexcCimVtPnhi4d
2026-04-12T00:42:03.480Z,BJMoyvAgJzpR1QEEdg8wkBe9PtCuzwCNW2aTzcn6pump,StepSis,filter_2,2026-04-11T02:26:13.472Z,1336,1.647e-06,4096,262144,pumpswap,BdkQUvcHsvnyNJQynnVWQfFusekQt3nVfGCP3WjQdBzB
2026-04-12T00:42:03.644Z,GBjRHbuTzJF2qMkemwY9uWhvs8r9uYqL4bxKheEtpump,TRUE,filter_2,2026-04-11T02:12:09.698Z,1350,5.965e-05,16384,2097152,pumpswap,8ShofcR7qcK368us7RzNYRwbSyyEouzhiSuLuj2kkoG5
2026-04-12T00:42:03.805Z,FFvp48WygUSxCCNP3n9Zu5G7F2yatwXQHbpD2Mkkpump,Skibidi,filter_2,2026-04-11T01:10:07.912Z,1412,0.0001538,32768,1048576,pumpswap,DyBES1yrnSRHS4TKaABfG82LJ2Qifx6jmVUcLYh9XiGa
2026-04-12T00:42:03.964Z,AzB5QtBBZQEUVkWgLVADoXGcDZXqd2HNfaGFQpBBpump,Bro,filter_2,2026-04-11T01:07:09.930Z,1415,4.014e-06,4096,524288,pumpswap,hVcUcM5zBRPai8gd4EeDypNnNPwuihecYaYR9HMBCCj
2026-04-12T00:46:58.596Z,7Y445U5CAiLL4icyyPDonXy7zvGGML2TGjyMmwpDpump,WLFI,filter_1,2026-04-12T00:42:34.178Z,4,1.652e-05,8192,131072,pumpswap,EjzyuTwozXjagMTqqN6hjNpEyW3Q7rX3avE2otRRS8hv
2026-04-12T00:46:58.759Z,BRKFJs1jxrYBKR5sxBiuxTTbyipNBmT6GWenb3c9pump,TRUMP47,filter_5,2026-04-12T00:39:59.430Z,7,0.0001676,32768,262144,pumpswap,EgcA2ShdHZK4Sg7N6H7yGzTjxpTpunRrbzw231wLWeDh
2026-04-12T00:46:58.918Z,5xjSweEeRNTNHXpEiyp1XBUB2D3MMYCuU8khzgiZpump,FUDGE,filter_2,2026-04-12T00:02:34.174Z,44,3.726e-05,16384,32768,pumpswap,GXBAKvHDgXXwxWWGWmrepfpXstnghwVGEqBmAq2EQgQZ
2026-04-12T00:46:59.078Z,AQiYy4igZ6jeUS5nbTymwLaQfnEg5BAjjZsP1EZkEjBU,Dolores,filter_1,2026-04-11T23:52:34.399Z,54,9.845e-06,8192,65536,pumpswap,9MiNdc2ywiYUm2nr2KTGo8UCmjk3TdKLCZ2B4aAtZ9hq
2026-04-12T00:46:59.239Z,yLT7rHdaNkfnqfg5pxXxCTrx1Rsnagod16DnpKBpump,Nilly,filter_1,2026-04-11T23:45:34.391Z,61,3.978e-06,4096,131072,pumpswap,8vjkK4SAhZ6zkX7gox9DQEmpX7MbiKsp2gRjD4dAS21V
2026-04-12T00:46:59.397Z,9oVRwbx3Ray9bK7CKhqwfqY5NaWYjG3xj1DNYg2mpump,brainlet,filter_2,2026-04-11T22:44:55.606Z,122,2.321e-06,4096,524288,pumpswap,2PW331e9D7pmdELA1m1Uyq6pnEuj5BWB8m7dcBGgJ5xo
2026-04-12T00:46:59.556Z,9XhhPHKnvSd9R8Ygr8kHR6n8YNYd7SMzRHHPFeb2pump,doomer,filter_1,2026-04-11T22:10:33.845Z,156,2.03e-06,4096,262144,pumpswap,DqTPbpJo2UfNFy2v4dHjMoFg9S2wid1RZuF8qfwcJrHx
2026-04-12T00:46:59.715Z,2wwDzQLc3pwgcHrkCadio4Hn3bzYyCptRAewJAEXdoge,MARKC,filter_1,2026-04-11T21:57:35.843Z,169,4.536e-06,4096,65536,meteora,2rVNWK9fRajakX19wtrfJKGE3xNWeubnV5VpYxETUvPX
2026-04-12T00:46:59.874Z,NicGVyEGbJhn52gBtqWM18zKGzRSe9js98AZnRwY8eS,NEGRON,filter_2,2026-04-11T21:33:59.338Z,193,2.43e-07,65536,2097152,raydium,2rXfTt3Xh699TtAUruiz6Vs7vdTrsn55bEm2FKt9y8yE
2026-04-12T00:51:58.595Z,AdD5EMoGMDiGXcgepXQXneB4fEZuS1QvKqDrN876pump,CRAFT,filter_1,2026-04-12T00:47:37.970Z,4,1.815e-05,8192,65536,pumpswap,Fq6wzHyzh8YXvGS7EYBSNPLs7cr3WSLBw4WCpp5Bbk9n
2026-04-12T00:51:58.756Z,8yeUyEaxBkBgcG5i22zR6JiLmVPbA3p6FUBHjFLFpump,MOG,filter_1,2026-04-12T00:30:38.169Z,21,5.875e-06,8192,262144,pumpswap,8jL5pBxjqyhXzGwYDYZhvdifvuSiP7KWzU8ZCGgssRzk
2026-04-12T00:51:58.916Z,VXnX59zHN7j8FrA971nJij7q2RvPSPa3TioV236pump,COG,filter_1,2026-04-11T23:57:38.153Z,54,8.888e-06,8192,262144,pumpswap,DsEyaDvzkJHPnSwDU251c5pCP1V466nMpwh8KQzEeUuU
2026-04-12T00:51:59.076Z,3SNNxUYmrXUc1mQbtV2NGQTuGKVji4y3MWhyESTypump,CASSIE,filter_4,2026-04-11T23:18:36.635Z,93,3.153e-05,16384,131072,pumpswap,B6nQAKbBTm8xTFHBs4xGUqMJJu6JF5mBcmpEv8MPEQ1i
2026-04-12T00:51:59.236Z,6TRyMNFbS6y444mDECfaENQrVnvZP4XzMr2fa6f8pump,Trump,filter_6,2026-04-11T21:07:35.070Z,224,2.071e-06,4096,1048576,pumpswap,BJLaR38FZ2accuRrABzAWdiMeZ8mF3Ky5tL6q853bgBh
2026-04-12T00:51:59.563Z,EamB9vqC1b4aoyPR6t3hn6CWf48yny84xzCuFJMbpump,Peepa,filter_1,2026-04-11T20:47:42.794Z,244,0.0001045,32768,2097152,pumpswap,BoB3Dvi5eLGFr86BexBPNY2ZXwMNjWhx3FVCep3X2Vj6
2026-04-12T00:51:59.722Z,AQGaTfXDcvinz6DuxfZEKKFp7hmiWDLis4FtK3chpump,Ivunka,filter_3,2026-04-11T20:41:43.544Z,250,2.771e-06,4096,524288,pumpswap,AHBtpXJ7csokwSXddEDxPFYHcA515g234kXTBMhAVRxe
2026-04-12T00:51:59.909Z,BfZ27pSjL3L8Abm8VuRs5MLjjP21Xv5tUL81Rkyepump,WID,filter_4,2026-04-11T20:41:42.289Z,250,1.318e-05,8192,8192,pumpswap,4zmdmfGwoNb2mfF9PJq2N7x38qpQMwBMphD3HMDx6dak
2026-04-12T00:52:00.070Z,EgiJdQ8dbQHWu1uKS6cQBPaF2sK3a7WFpkjHEgdDpump,Dodger,filter_3,2026-04-11T19:29:11.694Z,323,1.975e-05,16384,1048576,pumpswap,7yrRRCzf429YQ1xQgdZZMy5KQ5jtkkDC7gUZWyPerhXr
2026-04-12T00:52:00.231Z,7bfbBZXpMYbNjhZ6eQ8Ch8VFAbgcz4WsrY7JtQKcpump,BOATGUY,filter_1,2026-04-11T19:27:26.855Z,325,4.683e-06,4096,262144,pumpswap,6gALa6BfE8ce8pLYaEFsTkCtxozfbuBR5bMVK3nKeFD4
2026-04-12T00:52:00.392Z,4juv1Wq63My7Bc7rznMZTyuD4aQfRSZGW9uKqFXSpump,Asset,filter_1,2026-04-11T19:27:24.857Z,325,5.523e-06,8192,32768,pumpswap,6g8ZTMKCKvSsVX92g4SKoBESXgrDL2cR1WLg8i7GZPV9
2026-04-12T00:52:00.553Z,Aq6XmZSohMJeRGU9WswbyQo9paEcKrTEs3xdfDFtpump,Lia,filter_1,2026-04-11T19:25:27.104Z,327,2.275e-06,4096,524288,pumpswap,BsFk4E3Hm12Mg27XmBoDPuk27WAC78BPfN98AHHpDPcM
2026-04-12T00:52:00.745Z,AUZnnRTdybeMiHrxfueNyBgLHnu4H39kngUh84WMpump,MELANIA,filter_3,2026-04-11T19:24:02.559Z,328,0.00103,65536,524288,pumpswap,DM9Xj9x8A8SEinJdoz4SJH2vdhBdPGSZmhL7DxBgwbBy
2026-04-12T00:52:00.905Z,56MEDV2H1M7DkaikaSg5vpibaSyWhgspCxgPwQJhpump,DNIGGA,filter_1,2026-04-11T19:22:24.852Z,330,2.263e-06,4096,65536,pumpswap,CAhVRREzXYHDvtu6iwACsei9vhv6mexsGm9hpkeVP1Kj
2026-04-12T00:52:01.065Z,A2Px3FMumMJ7W67VEp9ahFXueEyf9aHpei4TTJ5mpump,BABY,filter_3,2026-04-11T19:14:43.120Z,337,1.041e-05,8192,1048576,pumpswap,53UgNjZDC6mXsEDTowHLmKi2Y6jzjH2Ee3ybac7jEQRQ
2026-04-12T00:52:01.250Z,wutj1cNsMWyeu9ub61knDRCwU37aVvYuCBn8ZLPj7JL,ZHONEY,filter_1,2026-04-11T19:04:35.959Z,347,8.283e-06,8192,65536,pumpswap,CtYpMFyZqcJL7mPbDQU9o88g9QpkbzEFSC81J9FzFbF8
2026-04-12T00:52:01.409Z,4oFZFm3s8VKeCnwM2G5X5mZrsPivDyzCLvDYZmVipump,ClawFC,filter_1,2026-04-11T19:00:33.206Z,351,7.705e-06,8192,131072,pumpswap,BnbuPvQe2TNdhS7CSdsCGS1WY7FYu2kZti9adrqkqpZh
2026-04-12T00:52:01.593Z,5rniCpoweGXgsLZZDohw3fZA5yuXgt87df6GHAxWpump,MOTHER,filter_1,2026-04-11T18:17:31.505Z,394,8.125e-06,8192,131072,pumpswap,7dzsEYbuQoK1LLAiae7riygcwphP7BTbK6r7Vv94p28M
2026-04-12T00:52:01.784Z,3i8RByhvAaSWh2VSoVieAPzzmc4DpZC9WHVSsDzBpump,FOOLHOUSE,filter_2,2026-04-11T13:59:09.655Z,653,1.737e-06,4096,524288,pumpswap,G8AJyLtb85QyMbaXZe4k5DdTfLPTD8dEX9xDn2fKqQZD
2026-04-12T00:52:01.973Z,AutFvM5QZqtvjK2SrR8iLwvDEQ7ePnL14Rv7GPFvpump,TripleC,filter_2,2026-04-11T13:57:07.657Z,655,7.5e-06,8192,524288,pumpswap,Cvk9vLXa9wiqWTxb7q5EP3jdPow5ZBrdn1MLRmergW3v
2026-04-12T00:52:02.169Z,Dj2JhqEaKgPDo9se3A1dtSBVV1FFCxAfFa9SBBWmpump,GoldDancer,filter_2,2026-04-11T13:01:12.368Z,711,2.774e-05,16384,524288,pumpswap,9hovxHG2vADjGPe7S6agGTx5o72kgojobbpC5UVzLdt5
2026-04-12T00:52:02.329Z,ACtfUWtgvaXrQGNMiohTusi5jcx5RJf5zwu9aAxkpump,unc,filter_2,2026-04-11T11:21:14.804Z,811,0.0005755,65536,2097152,pumpswap,BWFZkx1pMpvwxammwTrizvoWzZZGiFEYUYW6Ee51SHLy
2026-04-12T00:52:02.489Z,51bywes8qqftjWhEZJZ3GvCM2ogximFejkKqa9kMpump,Marina,filter_2,2026-04-11T10:45:10.038Z,847,6.683e-05,16384,524288,pumpswap,ChmxH4uiGja7C2ht4KurCwXP8LLgtUgibFL1RwLNqeSG
2026-04-12T00:52:02.691Z,22a4gJyiBTjWsTaFAHiHoQTmXsptDy3iBHeqKQADpump,WLFI,filter_2,2026-04-11T08:08:14.642Z,1004,2.293e-05,16384,1048576,pumpswap,8JUXPRDDfRbDTN9fsQg1fLKw3u7DM9Cesodu1pcp6WA5
2026-04-12T00:52:02.871Z,J1iyLMzrc4G4WgDVmm33bes1Xwzd1mTcmvP8gubMpump,5,filter_2,2026-04-11T07:45:06.637Z,1027,1.96e-06,4096,524288,pumpswap,1HojmJ4JLUiwXz5PxPMAyvaWvk5WZSHGFm1SyQZHTQ2
2026-04-12T00:52:03.030Z,EQUU2gdzvmabX36rCxKSRSNJKtAedRHEiP8pikC8pump,emi,filter_2,2026-04-11T06:50:09.612Z,1082,2.923e-05,16384,2097152,pumpswap,A1eSqj58a8SWLfY9ecCZcfaWSgjYvEHXimiyoKHWG2qn
2026-04-12T00:52:03.222Z,5NmLAtsnwiZZbidywsSZYbZS3GtsoAEfa9HNHjGspump,PND,filter_2,2026-04-11T06:08:08.609Z,1124,6.92e-06,8192,1048576,pumpswap,G2GWEuB5ZA6p2qFxx4i4VViApW5P7aLrYJUv2vdgR5jm
2026-04-12T00:52:03.384Z,3DiHoTLRFzuMHmTBfo84Q22yX16Bv6XviFzgLaxnUJSe,SDR,filter_2,2026-04-11T05:05:14.827Z,1187,0.334,262144,8388608,raydium,8jJMsUjNZDd32et5q7SXPx6QNQkRbbLK1exbNZfoTKcP
2026-04-12T00:52:03.575Z,8Ct8WT6TYTB9zTYxexAWthmWvYbLML9xmXcRFq2Rpump,METHANE,filter_2,2026-04-11T04:31:08.309Z,1221,1.832e-06,4096,131072,pumpswap,GBGkD83YH6d83NGuhhCKcnacPLoFUuexcCimVtPnhi4d
2026-04-12T00:52:03.758Z,BJMoyvAgJzpR1QEEdg8wkBe9PtCuzwCNW2aTzcn6pump,StepSis,filter_2,2026-04-11T02:26:13.472Z,1346,1.647e-06,4096,262144,pumpswap,BdkQUvcHsvnyNJQynnVWQfFusekQt3nVfGCP3WjQdBzB
2026-04-12T00:52:03.919Z,GBjRHbuTzJF2qMkemwY9uWhvs8r9uYqL4bxKheEtpump,TRUE,filter_2,2026-04-11T02:12:09.698Z,1360,5.694e-05,16384,2097152,pumpswap,8ShofcR7qcK368us7RzNYRwbSyyEouzhiSuLuj2kkoG5
2026-04-12T00:52:04.080Z,FFvp48WygUSxCCNP3n9Zu5G7F2yatwXQHbpD2Mkkpump,Skibidi,filter_2,2026-04-11T01:10:07.912Z,1422,0.0001633,32768,1048576,pumpswap,DyBES1yrnSRHS4TKaABfG82LJ2Qifx6jmVUcLYh9XiGa
2026-04-12T00:52:04.286Z,AzB5QtBBZQEUVkWgLVADoXGcDZXqd2HNfaGFQpBBpump,Bro,filter_2,2026-04-11T01:07:09.930Z,1425,3.818e-06,4096,524288,pumpswap,hVcUcM5zBRPai8gd4EeDypNnNPwuihecYaYR9HMBCCj
2026-04-12T00:56:58.596Z,7Y445U5CAiLL4icyyPDonXy7zvGGML2TGjyMmwpDpump,WLFI,filter_1,2026-04-12T00:47:34.430Z,9,1.664e-05,8192,131072,pumpswap,EjzyuTwozXjagMTqqN6hjNpEyW3Q7rX3avE2otRRS8hv
2026-04-12T00:56:58.755Z,BRKFJs1jxrYBKR5sxBiuxTTbyipNBmT6GWenb3c9pump,TRUMP47,filter_5,2026-04-12T00:39:59.430Z,17,0.0001878,32768,262144,pumpswap,EgcA2ShdHZK4Sg7N6H7yGzTjxpTpunRrbzw231wLWeDh
2026-04-12T00:56:58.919Z,5xjSweEeRNTNHXpEiyp1XBUB2D3MMYCuU8khzgiZpump,FUDGE,filter_2,2026-04-12T00:02:34.174Z,54,4.618e-05,16384,32768,pumpswap,GXBAKvHDgXXwxWWGWmrepfpXstnghwVGEqBmAq2EQgQZ
2026-04-12T00:56:59.078Z,AQiYy4igZ6jeUS5nbTymwLaQfnEg5BAjjZsP1EZkEjBU,Dolores,filter_1,2026-04-11T23:52:34.399Z,64,3.281e-06,4096,65536,pumpswap,9MiNdc2ywiYUm2nr2KTGo8UCmjk3TdKLCZ2B4aAtZ9hq
2026-04-12T00:56:59.259Z,yLT7rHdaNkfnqfg5pxXxCTrx1Rsnagod16DnpKBpump,Nilly,filter_1,2026-04-11T23:45:34.391Z,71,3.975e-06,4096,131072,pumpswap,8vjkK4SAhZ6zkX7gox9DQEmpX7MbiKsp2gRjD4dAS21V
2026-04-12T00:56:59.420Z,9oVRwbx3Ray9bK7CKhqwfqY5NaWYjG3xj1DNYg2mpump,brainlet,filter_2,2026-04-11T22:44:55.606Z,132,2.316e-06,4096,524288,pumpswap,2PW331e9D7pmdELA1m1Uyq6pnEuj5BWB8m7dcBGgJ5xo
2026-04-12T00:56:59.581Z,9XhhPHKnvSd9R8Ygr8kHR6n8YNYd7SMzRHHPFeb2pump,doomer,filter_1,2026-04-11T22:10:33.845Z,166,2.028e-06,4096,262144,pumpswap,DqTPbpJo2UfNFy2v4dHjMoFg9S2wid1RZuF8qfwcJrHx
2026-04-12T00:56:59.741Z,2wwDzQLc3pwgcHrkCadio4Hn3bzYyCptRAewJAEXdoge,MARKC,filter_1,2026-04-11T21:57:35.843Z,179,4.565e-06,4096,65536,meteora,2rVNWK9fRajakX19wtrfJKGE3xNWeubnV5VpYxETUvPX
2026-04-12T00:56:59.901Z,NicGVyEGbJhn52gBtqWM18zKGzRSe9js98AZnRwY8eS,NEGRON,filter_2,2026-04-11T21:33:59.338Z,203,2.438e-07,65536,2097152,raydium,2rXfTt3Xh699TtAUruiz6Vs7vdTrsn55bEm2FKt9y8yE
2026-04-12T01:01:58.611Z,AdD5EMoGMDiGXcgepXQXneB4fEZuS1QvKqDrN876pump,CRAFT,filter_1,2026-04-12T00:59:36.192Z,2,2.355e-05,16384,65536,pumpswap,Fq6wzHyzh8YXvGS7EYBSNPLs7cr3WSLBw4WCpp5Bbk9n
2026-04-12T01:01:58.773Z,8yeUyEaxBkBgcG5i22zR6JiLmVPbA3p6FUBHjFLFpump,MOG,filter_1,2026-04-12T00:53:40.689Z,8,5.7e-06,8192,262144,pumpswap,8jL5pBxjqyhXzGwYDYZhvdifvuSiP7KWzU8ZCGgssRzk
2026-04-12T01:01:58.935Z,VXnX59zHN7j8FrA971nJij7q2RvPSPa3TioV236pump,COG,filter_1,2026-04-11T23:57:38.153Z,64,9.005e-06,8192,262144,pumpswap,DsEyaDvzkJHPnSwDU251c5pCP1V466nMpwh8KQzEeUuU
2026-04-12T01:01:59.099Z,3SNNxUYmrXUc1mQbtV2NGQTuGKVji4y3MWhyESTypump,CASSIE,filter_4,2026-04-11T23:18:36.635Z,103,3.102e-05,16384,131072,pumpswap,B6nQAKbBTm8xTFHBs4xGUqMJJu6JF5mBcmpEv8MPEQ1i
2026-04-12T01:01:59.263Z,6TRyMNFbS6y444mDECfaENQrVnvZP4XzMr2fa6f8pump,Trump,filter_6,2026-04-11T21:07:35.070Z,234,2.071e-06,4096,1048576,pumpswap,BJLaR38FZ2accuRrABzAWdiMeZ8mF3Ky5tL6q853bgBh
2026-04-12T01:01:59.426Z,EamB9vqC1b4aoyPR6t3hn6CWf48yny84xzCuFJMbpump,Peepa,filter_1,2026-04-11T20:47:42.794Z,254,8.475e-05,32768,2097152,pumpswap,BoB3Dvi5eLGFr86BexBPNY2ZXwMNjWhx3FVCep3X2Vj6
2026-04-12T01:01:59.587Z,AQGaTfXDcvinz6DuxfZEKKFp7hmiWDLis4FtK3chpump,Ivunka,filter_3,2026-04-11T20:41:43.544Z,260,2.736e-06,4096,524288,pumpswap,AHBtpXJ7csokwSXddEDxPFYHcA515g234kXTBMhAVRxe
2026-04-12T01:01:59.750Z,BfZ27pSjL3L8Abm8VuRs5MLjjP21Xv5tUL81Rkyepump,WID,filter_4,2026-04-11T20:41:42.289Z,260,1.305e-05,8192,8192,pumpswap,4zmdmfGwoNb2mfF9PJq2N7x38qpQMwBMphD3HMDx6dak
2026-04-12T01:01:59.962Z,EgiJdQ8dbQHWu1uKS6cQBPaF2sK3a7WFpkjHEgdDpump,Dodger,filter_3,2026-04-11T19:29:11.694Z,333,2.037e-05,16384,1048576,pumpswap,7yrRRCzf429YQ1xQgdZZMy5KQ5jtkkDC7gUZWyPerhXr
2026-04-12T01:02:00.161Z,7bfbBZXpMYbNjhZ6eQ8Ch8VFAbgcz4WsrY7JtQKcpump,BOATGUY,filter_1,2026-04-11T19:27:26.855Z,335,4.46e-06,4096,262144,pumpswap,6gALa6BfE8ce8pLYaEFsTkCtxozfbuBR5bMVK3nKeFD4
2026-04-12T01:02:00.358Z,4juv1Wq63My7Bc7rznMZTyuD4aQfRSZGW9uKqFXSpump,Asset,filter_1,2026-04-11T19:27:24.857Z,335,5.514e-06,8192,32768,pumpswap,6g8ZTMKCKvSsVX92g4SKoBESXgrDL2cR1WLg8i7GZPV9
2026-04-12T01:02:00.520Z,Aq6XmZSohMJeRGU9WswbyQo9paEcKrTEs3xdfDFtpump,Lia,filter_1,2026-04-11T19:25:27.104Z,337,2.222e-06,4096,524288,pumpswap,BsFk4E3Hm12Mg27XmBoDPuk27WAC78BPfN98AHHpDPcM
2026-04-12T01:02:00.717Z,AUZnnRTdybeMiHrxfueNyBgLHnu4H39kngUh84WMpump,MELANIA,filter_3,2026-04-11T19:24:02.559Z,338,0.001129,65536,524288,pumpswap,DM9Xj9x8A8SEinJdoz4SJH2vdhBdPGSZmhL7DxBgwbBy
2026-04-12T01:02:00.881Z,56MEDV2H1M7DkaikaSg5vpibaSyWhgspCxgPwQJhpump,DNIGGA,filter_1,2026-04-11T19:22:24.852Z,340,2.263e-06,4096,65536,pumpswap,CAhVRREzXYHDvtu6iwACsei9vhv6mexsGm9hpkeVP1Kj
2026-04-12T01:02:01.044Z,A2Px3FMumMJ7W67VEp9ahFXueEyf9aHpei4TTJ5mpump,BABY,filter_3,2026-04-11T19:14:43.120Z,347,8.21e-06,8192,1048576,pumpswap,53UgNjZDC6mXsEDTowHLmKi2Y6jzjH2Ee3ybac7jEQRQ
2026-04-12T01:02:01.237Z,wutj1cNsMWyeu9ub61knDRCwU37aVvYuCBn8ZLPj7JL,ZHONEY,filter_1,2026-04-11T19:04:35.959Z,357,8.283e-06,8192,65536,pumpswap,CtYpMFyZqcJL7mPbDQU9o88g9QpkbzEFSC81J9FzFbF8
2026-04-12T01:02:01.400Z,4oFZFm3s8VKeCnwM2G5X5mZrsPivDyzCLvDYZmVipump,ClawFC,filter_1,2026-04-11T19:00:33.206Z,361,8.607e-06,8192,131072,pumpswap,BnbuPvQe2TNdhS7CSdsCGS1WY7FYu2kZti9adrqkqpZh
2026-04-12T01:02:01.598Z,5rniCpoweGXgsLZZDohw3fZA5yuXgt87df6GHAxWpump,MOTHER,filter_1,2026-04-11T18:17:31.505Z,404,7.896e-06,8192,131072,pumpswap,7dzsEYbuQoK1LLAiae7riygcwphP7BTbK6r7Vv94p28M
2026-04-12T01:02:01.795Z,3i8RByhvAaSWh2VSoVieAPzzmc4DpZC9WHVSsDzBpump,FOOLHOUSE,filter_2,2026-04-11T13:59:09.655Z,663,1.737e-06,4096,524288,pumpswap,G8AJyLtb85QyMbaXZe4k5DdTfLPTD8dEX9xDn2fKqQZD
2026-04-12T01:02:01.963Z,AutFvM5QZqtvjK2SrR8iLwvDEQ7ePnL14Rv7GPFvpump,TripleC,filter_2,2026-04-11T13:57:07.657Z,665,7.502e-06,8192,524288,pumpswap,Cvk9vLXa9wiqWTxb7q5EP3jdPow5ZBrdn1MLRmergW3v
2026-04-12T01:02:02.124Z,Dj2JhqEaKgPDo9se3A1dtSBVV1FFCxAfFa9SBBWmpump,GoldDancer,filter_2,2026-04-11T13:01:12.368Z,721,2.725e-05,16384,524288,pumpswap,9hovxHG2vADjGPe7S6agGTx5o72kgojobbpC5UVzLdt5
2026-04-12T01:02:02.288Z,ACtfUWtgvaXrQGNMiohTusi5jcx5RJf5zwu9aAxkpump,unc,filter_2,2026-04-11T11:21:14.804Z,821,0.0005856,65536,2097152,pumpswap,BWFZkx1pMpvwxammwTrizvoWzZZGiFEYUYW6Ee51SHLy
2026-04-12T01:02:02.450Z,51bywes8qqftjWhEZJZ3GvCM2ogximFejkKqa9kMpump,Marina,filter_2,2026-04-11T10:45:10.038Z,857,6.97e-05,16384,524288,pumpswap,ChmxH4uiGja7C2ht4KurCwXP8LLgtUgibFL1RwLNqeSG
2026-04-12T01:02:02.615Z,22a4gJyiBTjWsTaFAHiHoQTmXsptDy3iBHeqKQADpump,WLFI,filter_2,2026-04-11T08:08:14.642Z,1014,2.064e-05,16384,1048576,pumpswap,8JUXPRDDfRbDTN9fsQg1fLKw3u7DM9Cesodu1pcp6WA5
2026-04-12T01:02:02.812Z,J1iyLMzrc4G4WgDVmm33bes1Xwzd1mTcmvP8gubMpump,5,filter_2,2026-04-11T07:45:06.637Z,1037,1.96e-06,4096,524288,pumpswap,1HojmJ4JLUiwXz5PxPMAyvaWvk5WZSHGFm1SyQZHTQ2
2026-04-12T01:02:02.979Z,EQUU2gdzvmabX36rCxKSRSNJKtAedRHEiP8pikC8pump,emi,filter_2,2026-04-11T06:50:09.612Z,1092,3.402e-05,16384,2097152,pumpswap,A1eSqj58a8SWLfY9ecCZcfaWSgjYvEHXimiyoKHWG2qn
2026-04-12T01:02:03.167Z,5NmLAtsnwiZZbidywsSZYbZS3GtsoAEfa9HNHjGspump,PND,filter_2,2026-04-11T06:08:08.609Z,1134,6.807e-06,8192,1048576,pumpswap,G2GWEuB5ZA6p2qFxx4i4VViApW5P7aLrYJUv2vdgR5jm
2026-04-12T01:02:03.358Z,3DiHoTLRFzuMHmTBfo84Q22yX16Bv6XviFzgLaxnUJSe,SDR,filter_2,2026-04-11T05:05:14.827Z,1197,0.3332,262144,8388608,raydium,8jJMsUjNZDd32et5q7SXPx6QNQkRbbLK1exbNZfoTKcP
2026-04-12T01:02:03.572Z,8Ct8WT6TYTB9zTYxexAWthmWvYbLML9xmXcRFq2Rpump,METHANE,filter_2,2026-04-11T04:31:08.309Z,1231,1.832e-06,4096,131072,pumpswap,GBGkD83YH6d83NGuhhCKcnacPLoFUuexcCimVtPnhi4d
2026-04-12T01:02:03.805Z,BJMoyvAgJzpR1QEEdg8wkBe9PtCuzwCNW2aTzcn6pump,StepSis,filter_2,2026-04-11T02:26:13.472Z,1356,1.647e-06,4096,262144,pumpswap,BdkQUvcHsvnyNJQynnVWQfFusekQt3nVfGCP3WjQdBzB
2026-04-12T01:02:04.040Z,GBjRHbuTzJF2qMkemwY9uWhvs8r9uYqL4bxKheEtpump,TRUE,filter_2,2026-04-11T02:12:09.698Z,1370,5.058e-05,16384,2097152,pumpswap,8ShofcR7qcK368us7RzNYRwbSyyEouzhiSuLuj2kkoG5
2026-04-12T01:02:04.205Z,FFvp48WygUSxCCNP3n9Zu5G7F2yatwXQHbpD2Mkkpump,Skibidi,filter_2,2026-04-11T01:10:07.912Z,1432,0.000155,32768,1048576,pumpswap,DyBES1yrnSRHS4TKaABfG82LJ2Qifx6jmVUcLYh9XiGa
2026-04-12T01:02:04.368Z,AzB5QtBBZQEUVkWgLVADoXGcDZXqd2HNfaGFQpBBpump,Bro,filter_2,2026-04-11T01:07:09.930Z,1435,3.815e-06,4096,524288,pumpswap,hVcUcM5zBRPai8gd4EeDypNnNPwuihecYaYR9HMBCCj
2026-04-12T01:06:58.601Z,7Y445U5CAiLL4icyyPDonXy7zvGGML2TGjyMmwpDpump,WLFI,filter_1,2026-04-12T01:04:33.693Z,2,1.567e-05,8192,131072,pumpswap,EjzyuTwozXjagMTqqN6hjNpEyW3Q7rX3avE2otRRS8hv
2026-04-12T01:06:58.762Z,BRKFJs1jxrYBKR5sxBiuxTTbyipNBmT6GWenb3c9pump,TRUMP47,filter_5,2026-04-12T00:39:59.430Z,27,0.0001827,32768,262144,pumpswap,EgcA2ShdHZK4Sg7N6H7yGzTjxpTpunRrbzw231wLWeDh
2026-04-12T01:06:58.924Z,5xjSweEeRNTNHXpEiyp1XBUB2D3MMYCuU8khzgiZpump,FUDGE,filter_2,2026-04-12T00:02:34.174Z,64,3.808e-05,16384,32768,pumpswap,GXBAKvHDgXXwxWWGWmrepfpXstnghwVGEqBmAq2EQgQZ
2026-04-12T01:06:59.085Z,AQiYy4igZ6jeUS5nbTymwLaQfnEg5BAjjZsP1EZkEjBU,Dolores,filter_1,2026-04-11T23:52:34.399Z,74,3.037e-06,4096,65536,pumpswap,9MiNdc2ywiYUm2nr2KTGo8UCmjk3TdKLCZ2B4aAtZ9hq
2026-04-12T01:06:59.247Z,yLT7rHdaNkfnqfg5pxXxCTrx1Rsnagod16DnpKBpump,Nilly,filter_1,2026-04-11T23:45:34.391Z,81,3.922e-06,4096,131072,pumpswap,8vjkK4SAhZ6zkX7gox9DQEmpX7MbiKsp2gRjD4dAS21V
2026-04-12T01:06:59.445Z,9oVRwbx3Ray9bK7CKhqwfqY5NaWYjG3xj1DNYg2mpump,brainlet,filter_2,2026-04-11T22:44:55.606Z,142,2.308e-06,4096,524288,pumpswap,2PW331e9D7pmdELA1m1Uyq6pnEuj5BWB8m7dcBGgJ5xo
2026-04-12T01:06:59.607Z,9XhhPHKnvSd9R8Ygr8kHR6n8YNYd7SMzRHHPFeb2pump,doomer,filter_1,2026-04-11T22:10:33.845Z,176,2.028e-06,4096,262144,pumpswap,DqTPbpJo2UfNFy2v4dHjMoFg9S2wid1RZuF8qfwcJrHx
2026-04-12T01:06:59.771Z,2wwDzQLc3pwgcHrkCadio4Hn3bzYyCptRAewJAEXdoge,MARKC,filter_1,2026-04-11T21:57:35.843Z,189,4.554e-06,4096,65536,meteora,2rVNWK9fRajakX19wtrfJKGE3xNWeubnV5VpYxETUvPX
2026-04-12T01:06:59.962Z,NicGVyEGbJhn52gBtqWM18zKGzRSe9js98AZnRwY8eS,NEGRON,filter_2,2026-04-11T21:33:59.338Z,213,2.431e-07,65536,2097152,raydium,2rXfTt3Xh699TtAUruiz6Vs7vdTrsn55bEm2FKt9y8yE
2026-04-12T01:11:58.609Z,AdD5EMoGMDiGXcgepXQXneB4fEZuS1QvKqDrN876pump,CRAFT,filter_1,2026-04-12T01:04:37.460Z,7,2.535e-05,16384,65536,pumpswap,Fq6wzHyzh8YXvGS7EYBSNPLs7cr3WSLBw4WCpp5Bbk9n
2026-04-12T01:11:58.775Z,8yeUyEaxBkBgcG5i22zR6JiLmVPbA3p6FUBHjFLFpump,MOG,filter_1,2026-04-12T00:53:40.689Z,18,5.621e-06,8192,262144,pumpswap,8jL5pBxjqyhXzGwYDYZhvdifvuSiP7KWzU8ZCGgssRzk
2026-04-12T01:11:58.939Z,VXnX59zHN7j8FrA971nJij7q2RvPSPa3TioV236pump,COG,filter_1,2026-04-11T23:57:38.153Z,74,9.538e-06,8192,262144,pumpswap,DsEyaDvzkJHPnSwDU251c5pCP1V466nMpwh8KQzEeUuU
2026-04-12T01:11:59.102Z,3SNNxUYmrXUc1mQbtV2NGQTuGKVji4y3MWhyESTypump,CASSIE,filter_4,2026-04-11T23:18:36.635Z,113,3.507e-05,16384,131072,pumpswap,B6nQAKbBTm8xTFHBs4xGUqMJJu6JF5mBcmpEv8MPEQ1i
2026-04-12T01:11:59.266Z,6TRyMNFbS6y444mDECfaENQrVnvZP4XzMr2fa6f8pump,Trump,filter_6,2026-04-11T21:07:35.070Z,244,2.103e-06,4096,1048576,pumpswap,BJLaR38FZ2accuRrABzAWdiMeZ8mF3Ky5tL6q853bgBh
2026-04-12T01:11:59.429Z,EamB9vqC1b4aoyPR6t3hn6CWf48yny84xzCuFJMbpump,Peepa,filter_1,2026-04-11T20:47:42.794Z,264,8.455e-05,32768,2097152,pumpswap,BoB3Dvi5eLGFr86BexBPNY2ZXwMNjWhx3FVCep3X2Vj6
2026-04-12T01:11:59.592Z,AQGaTfXDcvinz6DuxfZEKKFp7hmiWDLis4FtK3chpump,Ivunka,filter_3,2026-04-11T20:41:43.544Z,270,2.736e-06,4096,524288,pumpswap,AHBtpXJ7csokwSXddEDxPFYHcA515g234kXTBMhAVRxe
2026-04-12T01:11:59.754Z,BfZ27pSjL3L8Abm8VuRs5MLjjP21Xv5tUL81Rkyepump,WID,filter_4,2026-04-11T20:41:42.289Z,270,1.306e-05,8192,8192,pumpswap,4zmdmfGwoNb2mfF9PJq2N7x38qpQMwBMphD3HMDx6dak
2026-04-12T01:11:59.939Z,EgiJdQ8dbQHWu1uKS6cQBPaF2sK3a7WFpkjHEgdDpump,Dodger,filter_3,2026-04-11T19:29:11.694Z,343,1.925e-05,16384,1048576,pumpswap,7yrRRCzf429YQ1xQgdZZMy5KQ5jtkkDC7gUZWyPerhXr
2026-04-12T01:12:00.103Z,7bfbBZXpMYbNjhZ6eQ8Ch8VFAbgcz4WsrY7JtQKcpump,BOATGUY,filter_1,2026-04-11T19:27:26.855Z,345,4.502e-06,4096,262144,pumpswap,6gALa6BfE8ce8pLYaEFsTkCtxozfbuBR5bMVK3nKeFD4
2026-04-12T01:12:00.269Z,4juv1Wq63My7Bc7rznMZTyuD4aQfRSZGW9uKqFXSpump,Asset,filter_1,2026-04-11T19:27:24.857Z,345,5.514e-06,8192,32768,pumpswap,6g8ZTMKCKvSsVX92g4SKoBESXgrDL2cR1WLg8i7GZPV9
2026-04-12T01:12:00.432Z,Aq6XmZSohMJeRGU9WswbyQo9paEcKrTEs3xdfDFtpump,Lia,filter_1,2026-04-11T19:25:27.104Z,347,2.222e-06,4096,524288,pumpswap,BsFk4E3Hm12Mg27XmBoDPuk27WAC78BPfN98AHHpDPcM
2026-04-12T01:12:00.633Z,AUZnnRTdybeMiHrxfueNyBgLHnu4H39kngUh84WMpump,MELANIA,filter_3,2026-04-11T19:24:02.559Z,348,0.001185,65536,524288,pumpswap,DM9Xj9x8A8SEinJdoz4SJH2vdhBdPGSZmhL7DxBgwbBy
2026-04-12T01:12:00.796Z,56MEDV2H1M7DkaikaSg5vpibaSyWhgspCxgPwQJhpump,DNIGGA,filter_1,2026-04-11T19:22:24.852Z,350,2.263e-06,4096,65536,pumpswap,CAhVRREzXYHDvtu6iwACsei9vhv6mexsGm9hpkeVP1Kj
2026-04-12T01:12:00.958Z,A2Px3FMumMJ7W67VEp9ahFXueEyf9aHpei4TTJ5mpump,BABY,filter_3,2026-04-11T19:14:43.120Z,357,7.976e-06,8192,1048576,pumpswap,53UgNjZDC6mXsEDTowHLmKi2Y6jzjH2Ee3ybac7jEQRQ
2026-04-12T01:12:01.146Z,wutj1cNsMWyeu9ub61knDRCwU37aVvYuCBn8ZLPj7JL,ZHONEY,filter_1,2026-04-11T19:04:35.959Z,367,8.283e-06,8192,65536,pumpswap,CtYpMFyZqcJL7mPbDQU9o88g9QpkbzEFSC81J9FzFbF8
2026-04-12T01:12:01.309Z,4oFZFm3s8VKeCnwM2G5X5mZrsPivDyzCLvDYZmVipump,ClawFC,filter_1,2026-04-11T19:00:33.206Z,371,8.58e-06,8192,131072,pumpswap,BnbuPvQe2TNdhS7CSdsCGS1WY7FYu2kZti9adrqkqpZh
2026-04-12T01:12:01.471Z,5rniCpoweGXgsLZZDohw3fZA5yuXgt87df6GHAxWpump,MOTHER,filter_1,2026-04-11T18:17:31.505Z,414,7.392e-06,8192,131072,pumpswap,7dzsEYbuQoK1LLAiae7riygcwphP7BTbK6r7Vv94p28M
2026-04-12T01:12:01.655Z,3i8RByhvAaSWh2VSoVieAPzzmc4DpZC9WHVSsDzBpump,FOOLHOUSE,filter_2,2026-04-11T13:59:09.655Z,673,1.737e-06,4096,524288,pumpswap,G8AJyLtb85QyMbaXZe4k5DdTfLPTD8dEX9xDn2fKqQZD
2026-04-12T01:12:01.828Z,AutFvM5QZqtvjK2SrR8iLwvDEQ7ePnL14Rv7GPFvpump,TripleC,filter_2,2026-04-11T13:57:07.657Z,675,6.636e-06,8192,524288,pumpswap,Cvk9vLXa9wiqWTxb7q5EP3jdPow5ZBrdn1MLRmergW3v
2026-04-12T01:12:01.993Z,Dj2JhqEaKgPDo9se3A1dtSBVV1FFCxAfFa9SBBWmpump,GoldDancer,filter_2,2026-04-11T13:01:12.368Z,731,2.629e-05,16384,524288,pumpswap,9hovxHG2vADjGPe7S6agGTx5o72kgojobbpC5UVzLdt5
2026-04-12T01:12:02.155Z,ACtfUWtgvaXrQGNMiohTusi5jcx5RJf5zwu9aAxkpump,unc,filter_2,2026-04-11T11:21:14.804Z,831,0.0006109,65536,2097152,pumpswap,BWFZkx1pMpvwxammwTrizvoWzZZGiFEYUYW6Ee51SHLy
2026-04-12T01:12:02.318Z,51bywes8qqftjWhEZJZ3GvCM2ogximFejkKqa9kMpump,Marina,filter_2,2026-04-11T10:45:10.038Z,867,6.081e-05,16384,524288,pumpswap,ChmxH4uiGja7C2ht4KurCwXP8LLgtUgibFL1RwLNqeSG
2026-04-12T01:12:02.510Z,22a4gJyiBTjWsTaFAHiHoQTmXsptDy3iBHeqKQADpump,WLFI,filter_2,2026-04-11T08:08:14.642Z,1024,1.998e-05,16384,1048576,pumpswap,8JUXPRDDfRbDTN9fsQg1fLKw3u7DM9Cesodu1pcp6WA5
2026-04-12T01:12:02.673Z,J1iyLMzrc4G4WgDVmm33bes1Xwzd1mTcmvP8gubMpump,5,filter_2,2026-04-11T07:45:06.637Z,1047,1.96e-06,4096,524288,pumpswap,1HojmJ4JLUiwXz5PxPMAyvaWvk5WZSHGFm1SyQZHTQ2
2026-04-12T01:12:02.835Z,EQUU2gdzvmabX36rCxKSRSNJKtAedRHEiP8pikC8pump,emi,filter_2,2026-04-11T06:50:09.612Z,1102,3.695e-05,16384,2097152,pumpswap,A1eSqj58a8SWLfY9ecCZcfaWSgjYvEHXimiyoKHWG2qn
2026-04-12T01:12:03.031Z,5NmLAtsnwiZZbidywsSZYbZS3GtsoAEfa9HNHjGspump,PND,filter_2,2026-04-11T06:08:08.609Z,1144,6.769e-06,8192,1048576,pumpswap,G2GWEuB5ZA6p2qFxx4i4VViApW5P7aLrYJUv2vdgR5jm
2026-04-12T01:12:03.194Z,3DiHoTLRFzuMHmTBfo84Q22yX16Bv6XviFzgLaxnUJSe,SDR,filter_2,2026-04-11T05:05:14.827Z,1207,0.3337,262144,8388608,raydium,8jJMsUjNZDd32et5q7SXPx6QNQkRbbLK1exbNZfoTKcP
2026-04-12T01:12:03.355Z,8Ct8WT6TYTB9zTYxexAWthmWvYbLML9xmXcRFq2Rpump,METHANE,filter_2,2026-04-11T04:31:08.309Z,1241,1.832e-06,4096,131072,pumpswap,GBGkD83YH6d83NGuhhCKcnacPLoFUuexcCimVtPnhi4d
2026-04-12T01:12:03.542Z,BJMoyvAgJzpR1QEEdg8wkBe9PtCuzwCNW2aTzcn6pump,StepSis,filter_2,2026-04-11T02:26:13.472Z,1366,1.647e-06,4096,262144,pumpswap,BdkQUvcHsvnyNJQynnVWQfFusekQt3nVfGCP3WjQdBzB
2026-04-12T01:12:03.705Z,GBjRHbuTzJF2qMkemwY9uWhvs8r9uYqL4bxKheEtpump,TRUE,filter_2,2026-04-11T02:12:09.698Z,1380,4.045e-05,16384,2097152,pumpswap,8ShofcR7qcK368us7RzNYRwbSyyEouzhiSuLuj2kkoG5
2026-04-12T01:16:58.638Z,7Y445U5CAiLL4icyyPDonXy7zvGGML2TGjyMmwpDpump,WLFI,filter_1,2026-04-12T01:15:34.203Z,1,1.644e-05,8192,131072,pumpswap,EjzyuTwozXjagMTqqN6hjNpEyW3Q7rX3avE2otRRS8hv
2026-04-12T01:16:58.800Z,BRKFJs1jxrYBKR5sxBiuxTTbyipNBmT6GWenb3c9pump,TRUMP47,filter_5,2026-04-12T00:39:59.430Z,37,0.0001877,32768,262144,pumpswap,EgcA2ShdHZK4Sg7N6H7yGzTjxpTpunRrbzw231wLWeDh
2026-04-12T01:16:58.962Z,5xjSweEeRNTNHXpEiyp1XBUB2D3MMYCuU8khzgiZpump,FUDGE,filter_2,2026-04-12T00:02:34.174Z,74,3.501e-05,16384,32768,pumpswap,GXBAKvHDgXXwxWWGWmrepfpXstnghwVGEqBmAq2EQgQZ
2026-04-12T01:16:59.161Z,AQiYy4igZ6jeUS5nbTymwLaQfnEg5BAjjZsP1EZkEjBU,Dolores,filter_1,2026-04-11T23:52:34.399Z,84,2.917e-06,4096,65536,pumpswap,9MiNdc2ywiYUm2nr2KTGo8UCmjk3TdKLCZ2B4aAtZ9hq
2026-04-12T01:16:59.323Z,yLT7rHdaNkfnqfg5pxXxCTrx1Rsnagod16DnpKBpump,Nilly,filter_1,2026-04-11T23:45:34.391Z,91,3.857e-06,4096,131072,pumpswap,8vjkK4SAhZ6zkX7gox9DQEmpX7MbiKsp2gRjD4dAS21V
2026-04-12T01:16:59.486Z,9oVRwbx3Ray9bK7CKhqwfqY5NaWYjG3xj1DNYg2mpump,brainlet,filter_2,2026-04-11T22:44:55.606Z,152,2.308e-06,4096,524288,pumpswap,2PW331e9D7pmdELA1m1Uyq6pnEuj5BWB8m7dcBGgJ5xo
2026-04-12T01:16:59.673Z,9XhhPHKnvSd9R8Ygr8kHR6n8YNYd7SMzRHHPFeb2pump,doomer,filter_1,2026-04-11T22:10:33.845Z,186,2.028e-06,4096,262144,pumpswap,DqTPbpJo2UfNFy2v4dHjMoFg9S2wid1RZuF8qfwcJrHx
2026-04-12T01:16:59.888Z,2wwDzQLc3pwgcHrkCadio4Hn3bzYyCptRAewJAEXdoge,MARKC,filter_1,2026-04-11T21:57:35.843Z,199,4.554e-06,4096,65536,meteora,2rVNWK9fRajakX19wtrfJKGE3xNWeubnV5VpYxETUvPX
2026-04-12T01:17:00.055Z,NicGVyEGbJhn52gBtqWM18zKGzRSe9js98AZnRwY8eS,NEGRON,filter_2,2026-04-11T21:33:59.338Z,223,2.421e-07,65536,2097152,raydium,2rXfTt3Xh699TtAUruiz6Vs7vdTrsn55bEm2FKt9y8yE
2026-04-12T01:21:58.634Z,AdD5EMoGMDiGXcgepXQXneB4fEZuS1QvKqDrN876pump,CRAFT,filter_1,2026-04-12T01:21:35.956Z,0,2.028e-05,8192,65536,pumpswap,Fq6wzHyzh8YXvGS7EYBSNPLs7cr3WSLBw4WCpp5Bbk9n
2026-04-12T01:21:58.796Z,8yeUyEaxBkBgcG5i22zR6JiLmVPbA3p6FUBHjFLFpump,MOG,filter_1,2026-04-12T00:53:40.689Z,28,5.685e-06,8192,262144,pumpswap,8jL5pBxjqyhXzGwYDYZhvdifvuSiP7KWzU8ZCGgssRzk
2026-04-12T01:21:58.956Z,VXnX59zHN7j8FrA971nJij7q2RvPSPa3TioV236pump,COG,filter_1,2026-04-11T23:57:38.153Z,84,9.154e-06,8192,262144,pumpswap,DsEyaDvzkJHPnSwDU251c5pCP1V466nMpwh8KQzEeUuU
2026-04-12T01:21:59.118Z,3SNNxUYmrXUc1mQbtV2NGQTuGKVji4y3MWhyESTypump,CASSIE,filter_4,2026-04-11T23:18:36.635Z,123,3.702e-05,16384,131072,pumpswap,B6nQAKbBTm8xTFHBs4xGUqMJJu6JF5mBcmpEv8MPEQ1i
2026-04-12T01:21:59.279Z,6TRyMNFbS6y444mDECfaENQrVnvZP4XzMr2fa6f8pump,Trump,filter_6,2026-04-11T21:07:35.070Z,254,2.088e-06,4096,1048576,pumpswap,BJLaR38FZ2accuRrABzAWdiMeZ8mF3Ky5tL6q853bgBh
2026-04-12T01:21:59.440Z,EamB9vqC1b4aoyPR6t3hn6CWf48yny84xzCuFJMbpump,Peepa,filter_1,2026-04-11T20:47:42.794Z,274,8.189e-05,32768,2097152,pumpswap,BoB3Dvi5eLGFr86BexBPNY2ZXwMNjWhx3FVCep3X2Vj6
2026-04-12T01:21:59.620Z,AQGaTfXDcvinz6DuxfZEKKFp7hmiWDLis4FtK3chpump,Ivunka,filter_3,2026-04-11T20:41:43.544Z,280,2.736e-06,4096,524288,pumpswap,AHBtpXJ7csokwSXddEDxPFYHcA515g234kXTBMhAVRxe
2026-04-12T01:21:59.782Z,BfZ27pSjL3L8Abm8VuRs5MLjjP21Xv5tUL81Rkyepump,WID,filter_4,2026-04-11T20:41:42.289Z,280,1.306e-05,8192,8192,pumpswap,4zmdmfGwoNb2mfF9PJq2N7x38qpQMwBMphD3HMDx6dak
2026-04-12T01:21:59.942Z,EgiJdQ8dbQHWu1uKS6cQBPaF2sK3a7WFpkjHEgdDpump,Dodger,filter_3,2026-04-11T19:29:11.694Z,353,2.323e-05,16384,1048576,pumpswap,7yrRRCzf429YQ1xQgdZZMy5KQ5jtkkDC7gUZWyPerhXr
2026-04-12T01:22:00.102Z,7bfbBZXpMYbNjhZ6eQ8Ch8VFAbgcz4WsrY7JtQKcpump,BOATGUY,filter_1,2026-04-11T19:27:26.855Z,355,4.464e-06,4096,262144,pumpswap,6gALa6BfE8ce8pLYaEFsTkCtxozfbuBR5bMVK3nKeFD4
2026-04-12T01:22:00.291Z,4juv1Wq63My7Bc7rznMZTyuD4aQfRSZGW9uKqFXSpump,Asset,filter_1,2026-04-11T19:27:24.857Z,355,5.514e-06,8192,32768,pumpswap,6g8ZTMKCKvSsVX92g4SKoBESXgrDL2cR1WLg8i7GZPV9
2026-04-12T01:22:00.452Z,Aq6XmZSohMJeRGU9WswbyQo9paEcKrTEs3xdfDFtpump,Lia,filter_1,2026-04-11T19:25:27.104Z,357,2.222e-06,4096,524288,pumpswap,BsFk4E3Hm12Mg27XmBoDPuk27WAC78BPfN98AHHpDPcM
2026-04-12T01:22:00.613Z,AUZnnRTdybeMiHrxfueNyBgLHnu4H39kngUh84WMpump,MELANIA,filter_3,2026-04-11T19:24:02.559Z,358,0.001444,131072,524288,pumpswap,DM9Xj9x8A8SEinJdoz4SJH2vdhBdPGSZmhL7DxBgwbBy
2026-04-12T01:22:00.774Z,56MEDV2H1M7DkaikaSg5vpibaSyWhgspCxgPwQJhpump,DNIGGA,filter_1,2026-04-11T19:22:24.852Z,360,2.263e-06,4096,65536,pumpswap,CAhVRREzXYHDvtu6iwACsei9vhv6mexsGm9hpkeVP1Kj
2026-04-12T01:22:00.936Z,A2Px3FMumMJ7W67VEp9ahFXueEyf9aHpei4TTJ5mpump,BABY,filter_3,2026-04-11T19:14:43.120Z,367,7.376e-06,8192,1048576,pumpswap,53UgNjZDC6mXsEDTowHLmKi2Y6jzjH2Ee3ybac7jEQRQ
2026-04-12T01:22:01.098Z,wutj1cNsMWyeu9ub61knDRCwU37aVvYuCBn8ZLPj7JL,ZHONEY,filter_1,2026-04-11T19:04:35.959Z,377,8.27e-06,8192,65536,pumpswap,CtYpMFyZqcJL7mPbDQU9o88g9QpkbzEFSC81J9FzFbF8
2026-04-12T01:22:01.259Z,4oFZFm3s8VKeCnwM2G5X5mZrsPivDyzCLvDYZmVipump,ClawFC,filter_1,2026-04-11T19:00:33.206Z,381,9.412e-06,8192,131072,pumpswap,BnbuPvQe2TNdhS7CSdsCGS1WY7FYu2kZti9adrqkqpZh
2026-04-12T01:22:01.440Z,5rniCpoweGXgsLZZDohw3fZA5yuXgt87df6GHAxWpump,MOTHER,filter_1,2026-04-11T18:17:31.505Z,424,7.392e-06,8192,131072,pumpswap,7dzsEYbuQoK1LLAiae7riygcwphP7BTbK6r7Vv94p28M
2026-04-12T01:22:01.636Z,3i8RByhvAaSWh2VSoVieAPzzmc4DpZC9WHVSsDzBpump,FOOLHOUSE,filter_2,2026-04-11T13:59:09.655Z,683,1.734e-06,4096,524288,pumpswap,G8AJyLtb85QyMbaXZe4k5DdTfLPTD8dEX9xDn2fKqQZD
2026-04-12T01:22:01.835Z,AutFvM5QZqtvjK2SrR8iLwvDEQ7ePnL14Rv7GPFvpump,TripleC,filter_2,2026-04-11T13:57:07.657Z,685,5.943e-06,8192,524288,pumpswap,Cvk9vLXa9wiqWTxb7q5EP3jdPow5ZBrdn1MLRmergW3v
2026-04-12T01:22:02.020Z,Dj2JhqEaKgPDo9se3A1dtSBVV1FFCxAfFa9SBBWmpump,GoldDancer,filter_2,2026-04-11T13:01:12.368Z,741,2.833e-05,16384,524288,pumpswap,9hovxHG2vADjGPe7S6agGTx5o72kgojobbpC5UVzLdt5
2026-04-12T01:22:02.182Z,ACtfUWtgvaXrQGNMiohTusi5jcx5RJf5zwu9aAxkpump,unc,filter_2,2026-04-11T11:21:14.804Z,841,0.000675,65536,2097152,pumpswap,BWFZkx1pMpvwxammwTrizvoWzZZGiFEYUYW6Ee51SHLy
2026-04-12T01:22:02.354Z,51bywes8qqftjWhEZJZ3GvCM2ogximFejkKqa9kMpump,Marina,filter_2,2026-04-11T10:45:10.038Z,877,6.201e-05,16384,524288,pumpswap,ChmxH4uiGja7C2ht4KurCwXP8LLgtUgibFL1RwLNqeSG
2026-04-12T01:22:02.544Z,22a4gJyiBTjWsTaFAHiHoQTmXsptDy3iBHeqKQADpump,WLFI,filter_2,2026-04-11T08:08:14.642Z,1034,2.029e-05,16384,1048576,pumpswap,8JUXPRDDfRbDTN9fsQg1fLKw3u7DM9Cesodu1pcp6WA5
2026-04-12T01:22:02.714Z,J1iyLMzrc4G4WgDVmm33bes1Xwzd1mTcmvP8gubMpump,5,filter_2,2026-04-11T07:45:06.637Z,1057,1.96e-06,4096,524288,pumpswap,1HojmJ4JLUiwXz5PxPMAyvaWvk5WZSHGFm1SyQZHTQ2
2026-04-12T01:22:02.875Z,EQUU2gdzvmabX36rCxKSRSNJKtAedRHEiP8pikC8pump,emi,filter_2,2026-04-11T06:50:09.612Z,1112,3.848e-05,16384,2097152,pumpswap,A1eSqj58a8SWLfY9ecCZcfaWSgjYvEHXimiyoKHWG2qn
2026-04-12T01:22:03.065Z,5NmLAtsnwiZZbidywsSZYbZS3GtsoAEfa9HNHjGspump,PND,filter_2,2026-04-11T06:08:08.609Z,1154,7.932e-06,8192,1048576,pumpswap,G2GWEuB5ZA6p2qFxx4i4VViApW5P7aLrYJUv2vdgR5jm
2026-04-12T01:22:03.250Z,3DiHoTLRFzuMHmTBfo84Q22yX16Bv6XviFzgLaxnUJSe,SDR,filter_2,2026-04-11T05:05:14.827Z,1217,0.3373,262144,8388608,raydium,8jJMsUjNZDd32et5q7SXPx6QNQkRbbLK1exbNZfoTKcP
2026-04-12T01:22:03.431Z,8Ct8WT6TYTB9zTYxexAWthmWvYbLML9xmXcRFq2Rpump,METHANE,filter_2,2026-04-11T04:31:08.309Z,1251,1.832e-06,4096,131072,pumpswap,GBGkD83YH6d83NGuhhCKcnacPLoFUuexcCimVtPnhi4d
2026-04-12T01:22:03.615Z,BJMoyvAgJzpR1QEEdg8wkBe9PtCuzwCNW2aTzcn6pump,StepSis,filter_2,2026-04-11T02:26:13.472Z,1376,1.647e-06,4096,131072,pumpswap,BdkQUvcHsvnyNJQynnVWQfFusekQt3nVfGCP3WjQdBzB
2026-04-12T01:22:03.776Z,GBjRHbuTzJF2qMkemwY9uWhvs8r9uYqL4bxKheEtpump,TRUE,filter_2,2026-04-11T02:12:09.698Z,1390,3.635e-05,16384,2097152,pumpswap,8ShofcR7qcK368us7RzNYRwbSyyEouzhiSuLuj2kkoG5
2026-04-12T01:26:58.600Z,7Y445U5CAiLL4icyyPDonXy7zvGGML2TGjyMmwpDpump,WLFI,filter_1,2026-04-12T01:15:34.203Z,11,1.918e-05,8192,131072,pumpswap,EjzyuTwozXjagMTqqN6hjNpEyW3Q7rX3avE2otRRS8hv
2026-04-12T01:26:58.760Z,BRKFJs1jxrYBKR5sxBiuxTTbyipNBmT6GWenb3c9pump,TRUMP47,filter_5,2026-04-12T00:39:59.430Z,47,0.0001947,32768,524288,pumpswap,EgcA2ShdHZK4Sg7N6H7yGzTjxpTpunRrbzw231wLWeDh
2026-04-12T01:26:58.921Z,5xjSweEeRNTNHXpEiyp1XBUB2D3MMYCuU8khzgiZpump,FUDGE,filter_2,2026-04-12T00:02:34.174Z,84,3.445e-05,16384,32768,pumpswap,GXBAKvHDgXXwxWWGWmrepfpXstnghwVGEqBmAq2EQgQZ
2026-04-12T01:26:59.082Z,AQiYy4igZ6jeUS5nbTymwLaQfnEg5BAjjZsP1EZkEjBU,Dolores,filter_1,2026-04-11T23:52:34.399Z,94,3.673e-06,4096,65536,pumpswap,9MiNdc2ywiYUm2nr2KTGo8UCmjk3TdKLCZ2B4aAtZ9hq
2026-04-12T01:26:59.311Z,yLT7rHdaNkfnqfg5pxXxCTrx1Rsnagod16DnpKBpump,Nilly,filter_1,2026-04-11T23:45:34.391Z,101,4.11e-06,4096,131072,pumpswap,8vjkK4SAhZ6zkX7gox9DQEmpX7MbiKsp2gRjD4dAS21V
2026-04-12T01:26:59.471Z,9oVRwbx3Ray9bK7CKhqwfqY5NaWYjG3xj1DNYg2mpump,brainlet,filter_2,2026-04-11T22:44:55.606Z,162,2.308e-06,4096,524288,pumpswap,2PW331e9D7pmdELA1m1Uyq6pnEuj5BWB8m7dcBGgJ5xo
2026-04-12T01:26:59.633Z,9XhhPHKnvSd9R8Ygr8kHR6n8YNYd7SMzRHHPFeb2pump,doomer,filter_1,2026-04-11T22:10:33.845Z,196,2.028e-06,4096,262144,pumpswap,DqTPbpJo2UfNFy2v4dHjMoFg9S2wid1RZuF8qfwcJrHx
2026-04-12T01:26:59.825Z,2wwDzQLc3pwgcHrkCadio4Hn3bzYyCptRAewJAEXdoge,MARKC,filter_1,2026-04-11T21:57:35.843Z,209,3.882e-06,4096,65536,meteora,2rVNWK9fRajakX19wtrfJKGE3xNWeubnV5VpYxETUvPX
2026-04-12T01:26:59.985Z,NicGVyEGbJhn52gBtqWM18zKGzRSe9js98AZnRwY8eS,NEGRON,filter_2,2026-04-11T21:33:59.338Z,233,2.414e-07,65536,2097152,raydium,2rXfTt3Xh699TtAUruiz6Vs7vdTrsn55bEm2FKt9y8yE
2026-04-12T01:31:58.603Z,BvHneYfnCYjfZE52iUhK4bqkcqJjYjMQUJb5FPhCpump,ALONSHOUSE,filter_2,2026-04-12T01:29:56.222Z,2,0.0002447,32768,524288,pumpswap,6KuCNvUu9NsgTFyo1vQGfeFqsoKq7Jq19LhZeQwtMMVr
2026-04-12T01:31:58.762Z,AdD5EMoGMDiGXcgepXQXneB4fEZuS1QvKqDrN876pump,CRAFT,filter_1,2026-04-12T01:26:36.947Z,5,2.203e-05,8192,65536,pumpswap,Fq6wzHyzh8YXvGS7EYBSNPLs7cr3WSLBw4WCpp5Bbk9n
2026-04-12T01:31:58.923Z,8yeUyEaxBkBgcG5i22zR6JiLmVPbA3p6FUBHjFLFpump,MOG,filter_1,2026-04-12T00:53:40.689Z,38,5.733e-06,8192,262144,pumpswap,8jL5pBxjqyhXzGwYDYZhvdifvuSiP7KWzU8ZCGgssRzk
2026-04-12T01:31:59.115Z,VXnX59zHN7j8FrA971nJij7q2RvPSPa3TioV236pump,COG,filter_1,2026-04-11T23:57:38.153Z,94,8.356e-06,8192,262144,pumpswap,DsEyaDvzkJHPnSwDU251c5pCP1V466nMpwh8KQzEeUuU
2026-04-12T01:31:59.277Z,3SNNxUYmrXUc1mQbtV2NGQTuGKVji4y3MWhyESTypump,CASSIE,filter_4,2026-04-11T23:18:36.635Z,133,3.699e-05,16384,131072,pumpswap,B6nQAKbBTm8xTFHBs4xGUqMJJu6JF5mBcmpEv8MPEQ1i
2026-04-12T01:31:59.436Z,6TRyMNFbS6y444mDECfaENQrVnvZP4XzMr2fa6f8pump,Trump,filter_6,2026-04-11T21:07:35.070Z,264,2.088e-06,4096,1048576,pumpswap,BJLaR38FZ2accuRrABzAWdiMeZ8mF3Ky5tL6q853bgBh
2026-04-12T01:31:59.600Z,EamB9vqC1b4aoyPR6t3hn6CWf48yny84xzCuFJMbpump,Peepa,filter_1,2026-04-11T20:47:42.794Z,284,7.857e-05,32768,2097152,pumpswap,BoB3Dvi5eLGFr86BexBPNY2ZXwMNjWhx3FVCep3X2Vj6
2026-04-12T01:31:59.761Z,AQGaTfXDcvinz6DuxfZEKKFp7hmiWDLis4FtK3chpump,Ivunka,filter_3,2026-04-11T20:41:43.544Z,290,2.708e-06,4096,524288,pumpswap,AHBtpXJ7csokwSXddEDxPFYHcA515g234kXTBMhAVRxe
2026-04-12T01:31:59.975Z,BfZ27pSjL3L8Abm8VuRs5MLjjP21Xv5tUL81Rkyepump,WID,filter_4,2026-04-11T20:41:42.289Z,290,1.306e-05,8192,8192,pumpswap,4zmdmfGwoNb2mfF9PJq2N7x38qpQMwBMphD3HMDx6dak
2026-04-12T01:32:00.137Z,EgiJdQ8dbQHWu1uKS6cQBPaF2sK3a7WFpkjHEgdDpump,Dodger,filter_3,2026-04-11T19:29:11.694Z,363,2.508e-05,16384,1048576,pumpswap,7yrRRCzf429YQ1xQgdZZMy5KQ5jtkkDC7gUZWyPerhXr
2026-04-12T01:32:00.301Z,7bfbBZXpMYbNjhZ6eQ8Ch8VFAbgcz4WsrY7JtQKcpump,BOATGUY,filter_1,2026-04-11T19:27:26.855Z,365,4.491e-06,4096,262144,pumpswap,6gALa6BfE8ce8pLYaEFsTkCtxozfbuBR5bMVK3nKeFD4
2026-04-12T01:32:00.487Z,4juv1Wq63My7Bc7rznMZTyuD4aQfRSZGW9uKqFXSpump,Asset,filter_1,2026-04-11T19:27:24.857Z,365,5.514e-06,8192,32768,pumpswap,6g8ZTMKCKvSsVX92g4SKoBESXgrDL2cR1WLg8i7GZPV9
2026-04-12T01:32:00.647Z,Aq6XmZSohMJeRGU9WswbyQo9paEcKrTEs3xdfDFtpump,Lia,filter_1,2026-04-11T19:25:27.104Z,367,2.222e-06,4096,524288,pumpswap,BsFk4E3Hm12Mg27XmBoDPuk27WAC78BPfN98AHHpDPcM
2026-04-12T01:32:00.808Z,AUZnnRTdybeMiHrxfueNyBgLHnu4H39kngUh84WMpump,MELANIA,filter_3,2026-04-11T19:24:02.559Z,368,0.0003913,65536,524288,pumpswap,DM9Xj9x8A8SEinJdoz4SJH2vdhBdPGSZmhL7DxBgwbBy
2026-04-12T01:32:00.972Z,56MEDV2H1M7DkaikaSg5vpibaSyWhgspCxgPwQJhpump,DNIGGA,filter_1,2026-04-11T19:22:24.852Z,370,2.263e-06,4096,65536,pumpswap,CAhVRREzXYHDvtu6iwACsei9vhv6mexsGm9hpkeVP1Kj
2026-04-12T01:32:01.139Z,A2Px3FMumMJ7W67VEp9ahFXueEyf9aHpei4TTJ5mpump,BABY,filter_3,2026-04-11T19:14:43.120Z,377,6.707e-06,8192,1048576,pumpswap,53UgNjZDC6mXsEDTowHLmKi2Y6jzjH2Ee3ybac7jEQRQ
2026-04-12T01:32:01.325Z,wutj1cNsMWyeu9ub61knDRCwU37aVvYuCBn8ZLPj7JL,ZHONEY,filter_1,2026-04-11T19:04:35.959Z,387,8.27e-06,8192,65536,pumpswap,CtYpMFyZqcJL7mPbDQU9o88g9QpkbzEFSC81J9FzFbF8
2026-04-12T01:32:01.492Z,4oFZFm3s8VKeCnwM2G5X5mZrsPivDyzCLvDYZmVipump,ClawFC,filter_1,2026-04-11T19:00:33.206Z,391,9.382e-06,8192,131072,pumpswap,BnbuPvQe2TNdhS7CSdsCGS1WY7FYu2kZti9adrqkqpZh
2026-04-12T01:32:01.654Z,5rniCpoweGXgsLZZDohw3fZA5yuXgt87df6GHAxWpump,MOTHER,filter_1,2026-04-11T18:17:31.505Z,434,7.392e-06,8192,131072,pumpswap,7dzsEYbuQoK1LLAiae7riygcwphP7BTbK6r7Vv94p28M
2026-04-12T01:32:02.182Z,3i8RByhvAaSWh2VSoVieAPzzmc4DpZC9WHVSsDzBpump,FOOLHOUSE,filter_2,2026-04-11T13:59:09.655Z,693,1.734e-06,4096,524288,pumpswap,G8AJyLtb85QyMbaXZe4k5DdTfLPTD8dEX9xDn2fKqQZD
2026-04-12T01:32:02.344Z,AutFvM5QZqtvjK2SrR8iLwvDEQ7ePnL14Rv7GPFvpump,TripleC,filter_2,2026-04-11T13:57:07.657Z,695,6.404e-06,8192,524288,pumpswap,Cvk9vLXa9wiqWTxb7q5EP3jdPow5ZBrdn1MLRmergW3v
2026-04-12T01:32:02.542Z,Dj2JhqEaKgPDo9se3A1dtSBVV1FFCxAfFa9SBBWmpump,GoldDancer,filter_2,2026-04-11T13:01:12.368Z,751,3.41e-05,16384,524288,pumpswap,9hovxHG2vADjGPe7S6agGTx5o72kgojobbpC5UVzLdt5
2026-04-12T01:32:02.706Z,ACtfUWtgvaXrQGNMiohTusi5jcx5RJf5zwu9aAxkpump,unc,filter_2,2026-04-11T11:21:14.804Z,851,0.0006297,65536,2097152,pumpswap,BWFZkx1pMpvwxammwTrizvoWzZZGiFEYUYW6Ee51SHLy
2026-04-12T01:32:02.867Z,51bywes8qqftjWhEZJZ3GvCM2ogximFejkKqa9kMpump,Marina,filter_2,2026-04-11T10:45:10.038Z,887,7.182e-05,16384,524288,pumpswap,ChmxH4uiGja7C2ht4KurCwXP8LLgtUgibFL1RwLNqeSG
2026-04-12T01:32:03.029Z,22a4gJyiBTjWsTaFAHiHoQTmXsptDy3iBHeqKQADpump,WLFI,filter_2,2026-04-11T08:08:14.642Z,1044,2.176e-05,16384,1048576,pumpswap,8JUXPRDDfRbDTN9fsQg1fLKw3u7DM9Cesodu1pcp6WA5
2026-04-12T01:32:03.189Z,J1iyLMzrc4G4WgDVmm33bes1Xwzd1mTcmvP8gubMpump,5,filter_2,2026-04-11T07:45:06.637Z,1067,1.96e-06,4096,524288,pumpswap,1HojmJ4JLUiwXz5PxPMAyvaWvk5WZSHGFm1SyQZHTQ2
2026-04-12T01:32:03.351Z,EQUU2gdzvmabX36rCxKSRSNJKtAedRHEiP8pikC8pump,emi,filter_2,2026-04-11T06:50:09.612Z,1122,5.136e-05,16384,2097152,pumpswap,A1eSqj58a8SWLfY9ecCZcfaWSgjYvEHXimiyoKHWG2qn
2026-04-12T01:32:03.512Z,5NmLAtsnwiZZbidywsSZYbZS3GtsoAEfa9HNHjGspump,PND,filter_2,2026-04-11T06:08:08.609Z,1164,7.88e-06,8192,1048576,pumpswap,G2GWEuB5ZA6p2qFxx4i4VViApW5P7aLrYJUv2vdgR5jm
2026-04-12T01:32:03.675Z,3DiHoTLRFzuMHmTBfo84Q22yX16Bv6XviFzgLaxnUJSe,SDR,filter_2,2026-04-11T05:05:14.827Z,1227,0.3386,262144,8388608,raydium,8jJMsUjNZDd32et5q7SXPx6QNQkRbbLK1exbNZfoTKcP
2026-04-12T01:32:03.836Z,8Ct8WT6TYTB9zTYxexAWthmWvYbLML9xmXcRFq2Rpump,METHANE,filter_2,2026-04-11T04:31:08.309Z,1261,1.832e-06,4096,131072,pumpswap,GBGkD83YH6d83NGuhhCKcnacPLoFUuexcCimVtPnhi4d
2026-04-12T01:32:04.049Z,BJMoyvAgJzpR1QEEdg8wkBe9PtCuzwCNW2aTzcn6pump,StepSis,filter_2,2026-04-11T02:26:13.472Z,1386,1.647e-06,4096,131072,pumpswap,BdkQUvcHsvnyNJQynnVWQfFusekQt3nVfGCP3WjQdBzB
2026-04-12T01:32:04.211Z,GBjRHbuTzJF2qMkemwY9uWhvs8r9uYqL4bxKheEtpump,TRUE,filter_2,2026-04-11T02:12:09.698Z,1400,3.611e-05,16384,2097152,pumpswap,8ShofcR7qcK368us7RzNYRwbSyyEouzhiSuLuj2kkoG5
2026-04-12T01:36:58.619Z,7Y445U5CAiLL4icyyPDonXy7zvGGML2TGjyMmwpDpump,WLFI,filter_1,2026-04-12T01:30:34.989Z,6,2.168e-05,8192,131072,pumpswap,EjzyuTwozXjagMTqqN6hjNpEyW3Q7rX3avE2otRRS8hv
2026-04-12T01:36:58.779Z,BRKFJs1jxrYBKR5sxBiuxTTbyipNBmT6GWenb3c9pump,TRUMP47,filter_5,2026-04-12T00:39:59.430Z,57,0.0002107,32768,524288,pumpswap,EgcA2ShdHZK4Sg7N6H7yGzTjxpTpunRrbzw231wLWeDh
2026-04-12T01:36:58.938Z,5xjSweEeRNTNHXpEiyp1XBUB2D3MMYCuU8khzgiZpump,FUDGE,filter_2,2026-04-12T00:02:34.174Z,94,3.371e-05,16384,32768,pumpswap,GXBAKvHDgXXwxWWGWmrepfpXstnghwVGEqBmAq2EQgQZ
2026-04-12T01:36:59.122Z,AQiYy4igZ6jeUS5nbTymwLaQfnEg5BAjjZsP1EZkEjBU,Dolores,filter_1,2026-04-11T23:52:34.399Z,104,2.916e-06,4096,65536,pumpswap,9MiNdc2ywiYUm2nr2KTGo8UCmjk3TdKLCZ2B4aAtZ9hq
2026-04-12T01:36:59.282Z,yLT7rHdaNkfnqfg5pxXxCTrx1Rsnagod16DnpKBpump,Nilly,filter_1,2026-04-11T23:45:34.391Z,111,4.11e-06,4096,131072,pumpswap,8vjkK4SAhZ6zkX7gox9DQEmpX7MbiKsp2gRjD4dAS21V
2026-04-12T01:36:59.441Z,9oVRwbx3Ray9bK7CKhqwfqY5NaWYjG3xj1DNYg2mpump,brainlet,filter_2,2026-04-11T22:44:55.606Z,172,2.295e-06,4096,524288,pumpswap,2PW331e9D7pmdELA1m1Uyq6pnEuj5BWB8m7dcBGgJ5xo
2026-04-12T01:36:59.601Z,9XhhPHKnvSd9R8Ygr8kHR6n8YNYd7SMzRHHPFeb2pump,doomer,filter_1,2026-04-11T22:10:33.845Z,206,2.028e-06,4096,262144,pumpswap,DqTPbpJo2UfNFy2v4dHjMoFg9S2wid1RZuF8qfwcJrHx
2026-04-12T01:36:59.809Z,2wwDzQLc3pwgcHrkCadio4Hn3bzYyCptRAewJAEXdoge,MARKC,filter_1,2026-04-11T21:57:35.843Z,219,4.192e-06,4096,65536,meteora,2rVNWK9fRajakX19wtrfJKGE3xNWeubnV5VpYxETUvPX
2026-04-12T01:36:59.968Z,NicGVyEGbJhn52gBtqWM18zKGzRSe9js98AZnRwY8eS,NEGRON,filter_2,2026-04-11T21:33:59.338Z,243,2.393e-07,65536,2097152,raydium,2rXfTt3Xh699TtAUruiz6Vs7vdTrsn55bEm2FKt9y8yE
2026-04-12T01:41:58.615Z,BvHneYfnCYjfZE52iUhK4bqkcqJjYjMQUJb5FPhCpump,ALONSHOUSE,filter_2,2026-04-12T01:35:56.468Z,6,0.0001908,32768,524288,pumpswap,6KuCNvUu9NsgTFyo1vQGfeFqsoKq7Jq19LhZeQwtMMVr
2026-04-12T01:41:58.779Z,AdD5EMoGMDiGXcgepXQXneB4fEZuS1QvKqDrN876pump,CRAFT,filter_1,2026-04-12T01:32:35.709Z,9,2.357e-05,16384,65536,pumpswap,Fq6wzHyzh8YXvGS7EYBSNPLs7cr3WSLBw4WCpp5Bbk9n
2026-04-12T01:41:58.942Z,8yeUyEaxBkBgcG5i22zR6JiLmVPbA3p6FUBHjFLFpump,MOG,filter_1,2026-04-12T00:53:40.689Z,48,5.411e-06,4096,262144,pumpswap,8jL5pBxjqyhXzGwYDYZhvdifvuSiP7KWzU8ZCGgssRzk
2026-04-12T01:41:59.125Z,VXnX59zHN7j8FrA971nJij7q2RvPSPa3TioV236pump,COG,filter_1,2026-04-11T23:57:38.153Z,104,6.979e-06,8192,262144,pumpswap,DsEyaDvzkJHPnSwDU251c5pCP1V466nMpwh8KQzEeUuU
2026-04-12T01:41:59.289Z,3SNNxUYmrXUc1mQbtV2NGQTuGKVji4y3MWhyESTypump,CASSIE,filter_4,2026-04-11T23:18:36.635Z,143,3.638e-05,16384,131072,pumpswap,B6nQAKbBTm8xTFHBs4xGUqMJJu6JF5mBcmpEv8MPEQ1i
2026-04-12T01:41:59.453Z,6TRyMNFbS6y444mDECfaENQrVnvZP4XzMr2fa6f8pump,Trump,filter_6,2026-04-11T21:07:35.070Z,274,2.079e-06,4096,1048576,pumpswap,BJLaR38FZ2accuRrABzAWdiMeZ8mF3Ky5tL6q853bgBh
2026-04-12T01:41:59.617Z,EamB9vqC1b4aoyPR6t3hn6CWf48yny84xzCuFJMbpump,Peepa,filter_1,2026-04-11T20:47:42.794Z,294,8.231e-05,32768,1048576,pumpswap,BoB3Dvi5eLGFr86BexBPNY2ZXwMNjWhx3FVCep3X2Vj6
2026-04-12T01:41:59.779Z,AQGaTfXDcvinz6DuxfZEKKFp7hmiWDLis4FtK3chpump,Ivunka,filter_3,2026-04-11T20:41:43.544Z,300,2.708e-06,4096,524288,pumpswap,AHBtpXJ7csokwSXddEDxPFYHcA515g234kXTBMhAVRxe
2026-04-12T01:41:59.982Z,BfZ27pSjL3L8Abm8VuRs5MLjjP21Xv5tUL81Rkyepump,WID,filter_4,2026-04-11T20:41:42.289Z,300,1.403e-05,8192,8192,pumpswap,4zmdmfGwoNb2mfF9PJq2N7x38qpQMwBMphD3HMDx6dak
2026-04-12T01:42:00.145Z,EgiJdQ8dbQHWu1uKS6cQBPaF2sK3a7WFpkjHEgdDpump,Dodger,filter_3,2026-04-11T19:29:11.694Z,373,2.725e-05,16384,1048576,pumpswap,7yrRRCzf429YQ1xQgdZZMy5KQ5jtkkDC7gUZWyPerhXr
2026-04-12T01:42:00.346Z,7bfbBZXpMYbNjhZ6eQ8Ch8VFAbgcz4WsrY7JtQKcpump,BOATGUY,filter_1,2026-04-11T19:27:26.855Z,375,4.491e-06,4096,262144,pumpswap,6gALa6BfE8ce8pLYaEFsTkCtxozfbuBR5bMVK3nKeFD4
2026-04-12T01:42:00.511Z,4juv1Wq63My7Bc7rznMZTyuD4aQfRSZGW9uKqFXSpump,Asset,filter_1,2026-04-11T19:27:24.857Z,375,5.238e-06,8192,32768,pumpswap,6g8ZTMKCKvSsVX92g4SKoBESXgrDL2cR1WLg8i7GZPV9
2026-04-12T01:42:00.674Z,Aq6XmZSohMJeRGU9WswbyQo9paEcKrTEs3xdfDFtpump,Lia,filter_1,2026-04-11T19:25:27.104Z,377,2.222e-06,4096,524288,pumpswap,BsFk4E3Hm12Mg27XmBoDPuk27WAC78BPfN98AHHpDPcM
2026-04-12T01:42:00.841Z,AUZnnRTdybeMiHrxfueNyBgLHnu4H39kngUh84WMpump,MELANIA,filter_3,2026-04-11T19:24:02.559Z,378,0.0004063,65536,524288,pumpswap,DM9Xj9x8A8SEinJdoz4SJH2vdhBdPGSZmhL7DxBgwbBy
2026-04-12T01:42:01.004Z,56MEDV2H1M7DkaikaSg5vpibaSyWhgspCxgPwQJhpump,DNIGGA,filter_1,2026-04-11T19:22:24.852Z,380,2.216e-06,4096,65536,pumpswap,CAhVRREzXYHDvtu6iwACsei9vhv6mexsGm9hpkeVP1Kj
2026-04-12T01:42:01.170Z,A2Px3FMumMJ7W67VEp9ahFXueEyf9aHpei4TTJ5mpump,BABY,filter_3,2026-04-11T19:14:43.120Z,387,7.074e-06,8192,1048576,pumpswap,53UgNjZDC6mXsEDTowHLmKi2Y6jzjH2Ee3ybac7jEQRQ
2026-04-12T01:42:01.357Z,wutj1cNsMWyeu9ub61knDRCwU37aVvYuCBn8ZLPj7JL,ZHONEY,filter_1,2026-04-11T19:04:35.959Z,397,8.27e-06,8192,65536,pumpswap,CtYpMFyZqcJL7mPbDQU9o88g9QpkbzEFSC81J9FzFbF8
2026-04-12T01:42:01.543Z,4oFZFm3s8VKeCnwM2G5X5mZrsPivDyzCLvDYZmVipump,ClawFC,filter_1,2026-04-11T19:00:33.206Z,401,8.407e-06,8192,131072,pumpswap,BnbuPvQe2TNdhS7CSdsCGS1WY7FYu2kZti9adrqkqpZh
2026-04-12T01:42:01.709Z,5rniCpoweGXgsLZZDohw3fZA5yuXgt87df6GHAxWpump,MOTHER,filter_1,2026-04-11T18:17:31.505Z,444,7.392e-06,8192,131072,pumpswap,7dzsEYbuQoK1LLAiae7riygcwphP7BTbK6r7Vv94p28M
2026-04-12T01:42:01.875Z,3i8RByhvAaSWh2VSoVieAPzzmc4DpZC9WHVSsDzBpump,FOOLHOUSE,filter_2,2026-04-11T13:59:09.655Z,703,1.734e-06,4096,524288,pumpswap,G8AJyLtb85QyMbaXZe4k5DdTfLPTD8dEX9xDn2fKqQZD
2026-04-12T01:42:02.061Z,AutFvM5QZqtvjK2SrR8iLwvDEQ7ePnL14Rv7GPFvpump,TripleC,filter_2,2026-04-11T13:57:07.657Z,705,7.406e-06,8192,524288,pumpswap,Cvk9vLXa9wiqWTxb7q5EP3jdPow5ZBrdn1MLRmergW3v
2026-04-12T01:42:02.227Z,Dj2JhqEaKgPDo9se3A1dtSBVV1FFCxAfFa9SBBWmpump,GoldDancer,filter_2,2026-04-11T13:01:12.368Z,761,3.533e-05,16384,524288,pumpswap,9hovxHG2vADjGPe7S6agGTx5o72kgojobbpC5UVzLdt5
2026-04-12T01:42:02.392Z,ACtfUWtgvaXrQGNMiohTusi5jcx5RJf5zwu9aAxkpump,unc,filter_2,2026-04-11T11:21:14.804Z,861,0.0006028,65536,2097152,pumpswap,BWFZkx1pMpvwxammwTrizvoWzZZGiFEYUYW6Ee51SHLy
2026-04-12T01:42:02.556Z,51bywes8qqftjWhEZJZ3GvCM2ogximFejkKqa9kMpump,Marina,filter_2,2026-04-11T10:45:10.038Z,897,7.606e-05,16384,524288,pumpswap,ChmxH4uiGja7C2ht4KurCwXP8LLgtUgibFL1RwLNqeSG
2026-04-12T01:42:02.721Z,22a4gJyiBTjWsTaFAHiHoQTmXsptDy3iBHeqKQADpump,WLFI,filter_2,2026-04-11T08:08:14.642Z,1054,3.711e-05,16384,1048576,pumpswap,8JUXPRDDfRbDTN9fsQg1fLKw3u7DM9Cesodu1pcp6WA5
2026-04-12T01:42:02.882Z,J1iyLMzrc4G4WgDVmm33bes1Xwzd1mTcmvP8gubMpump,5,filter_2,2026-04-11T07:45:06.637Z,1077,1.96e-06,4096,524288,pumpswap,1HojmJ4JLUiwXz5PxPMAyvaWvk5WZSHGFm1SyQZHTQ2
2026-04-12T01:42:03.044Z,EQUU2gdzvmabX36rCxKSRSNJKtAedRHEiP8pikC8pump,emi,filter_2,2026-04-11T06:50:09.612Z,1132,5.875e-05,16384,2097152,pumpswap,A1eSqj58a8SWLfY9ecCZcfaWSgjYvEHXimiyoKHWG2qn
2026-04-12T01:42:03.206Z,5NmLAtsnwiZZbidywsSZYbZS3GtsoAEfa9HNHjGspump,PND,filter_2,2026-04-11T06:08:08.609Z,1174,1.15e-05,8192,1048576,pumpswap,G2GWEuB5ZA6p2qFxx4i4VViApW5P7aLrYJUv2vdgR5jm
2026-04-12T01:42:03.404Z,3DiHoTLRFzuMHmTBfo84Q22yX16Bv6XviFzgLaxnUJSe,SDR,filter_2,2026-04-11T05:05:14.827Z,1237,0.00819,65536,8388608,raydium,8jJMsUjNZDd32et5q7SXPx6QNQkRbbLK1exbNZfoTKcP
2026-04-12T01:42:03.567Z,8Ct8WT6TYTB9zTYxexAWthmWvYbLML9xmXcRFq2Rpump,METHANE,filter_2,2026-04-11T04:31:08.309Z,1271,1.832e-06,4096,131072,pumpswap,GBGkD83YH6d83NGuhhCKcnacPLoFUuexcCimVtPnhi4d
2026-04-12T01:42:03.762Z,BJMoyvAgJzpR1QEEdg8wkBe9PtCuzwCNW2aTzcn6pump,StepSis,filter_2,2026-04-11T02:26:13.472Z,1396,1.647e-06,4096,131072,pumpswap,BdkQUvcHsvnyNJQynnVWQfFusekQt3nVfGCP3WjQdBzB
2026-04-12T01:42:03.925Z,GBjRHbuTzJF2qMkemwY9uWhvs8r9uYqL4bxKheEtpump,TRUE,filter_2,2026-04-11T02:12:09.698Z,1410,3.75e-05,16384,2097152,pumpswap,8ShofcR7qcK368us7RzNYRwbSyyEouzhiSuLuj2kkoG5
2026-04-12T01:46:58.614Z,7Y445U5CAiLL4icyyPDonXy7zvGGML2TGjyMmwpDpump,WLFI,filter_1,2026-04-12T01:46:34.470Z,0,1.997e-05,8192,131072,pumpswap,EjzyuTwozXjagMTqqN6hjNpEyW3Q7rX3avE2otRRS8hv
2026-04-12T01:46:58.800Z,BRKFJs1jxrYBKR5sxBiuxTTbyipNBmT6GWenb3c9pump,TRUMP47,filter_5,2026-04-12T00:39:59.430Z,67,0.0001755,32768,524288,pumpswap,EgcA2ShdHZK4Sg7N6H7yGzTjxpTpunRrbzw231wLWeDh
2026-04-12T01:46:58.964Z,5xjSweEeRNTNHXpEiyp1XBUB2D3MMYCuU8khzgiZpump,FUDGE,filter_2,2026-04-12T00:02:34.174Z,104,3.359e-05,16384,32768,pumpswap,GXBAKvHDgXXwxWWGWmrepfpXstnghwVGEqBmAq2EQgQZ
2026-04-12T01:46:59.126Z,AQiYy4igZ6jeUS5nbTymwLaQfnEg5BAjjZsP1EZkEjBU,Dolores,filter_1,2026-04-11T23:52:34.399Z,114,2.726e-06,4096,65536,pumpswap,9MiNdc2ywiYUm2nr2KTGo8UCmjk3TdKLCZ2B4aAtZ9hq
2026-04-12T01:46:59.290Z,yLT7rHdaNkfnqfg5pxXxCTrx1Rsnagod16DnpKBpump,Nilly,filter_1,2026-04-11T23:45:34.391Z,121,3.758e-06,4096,131072,pumpswap,8vjkK4SAhZ6zkX7gox9DQEmpX7MbiKsp2gRjD4dAS21V
2026-04-12T01:46:59.452Z,9oVRwbx3Ray9bK7CKhqwfqY5NaWYjG3xj1DNYg2mpump,brainlet,filter_2,2026-04-11T22:44:55.606Z,182,2.295e-06,4096,524288,pumpswap,2PW331e9D7pmdELA1m1Uyq6pnEuj5BWB8m7dcBGgJ5xo
2026-04-12T01:46:59.618Z,9XhhPHKnvSd9R8Ygr8kHR6n8YNYd7SMzRHHPFeb2pump,doomer,filter_1,2026-04-11T22:10:33.845Z,216,2.028e-06,4096,262144,pumpswap,DqTPbpJo2UfNFy2v4dHjMoFg9S2wid1RZuF8qfwcJrHx
2026-04-12T01:46:59.781Z,2wwDzQLc3pwgcHrkCadio4Hn3bzYyCptRAewJAEXdoge,MARKC,filter_1,2026-04-11T21:57:35.843Z,229,4.082e-06,4096,65536,meteora,2rVNWK9fRajakX19wtrfJKGE3xNWeubnV5VpYxETUvPX
2026-04-12T01:46:59.979Z,NicGVyEGbJhn52gBtqWM18zKGzRSe9js98AZnRwY8eS,NEGRON,filter_2,2026-04-11T21:33:59.338Z,253,2.352e-07,65536,2097152,raydium,2rXfTt3Xh699TtAUruiz6Vs7vdTrsn55bEm2FKt9y8yE
2026-04-12T01:51:58.626Z,AdD5EMoGMDiGXcgepXQXneB4fEZuS1QvKqDrN876pump,CRAFT,filter_1,2026-04-12T01:50:34.468Z,1,2.377e-05,16384,65536,pumpswap,Fq6wzHyzh8YXvGS7EYBSNPLs7cr3WSLBw4WCpp5Bbk9n
2026-04-12T01:51:58.786Z,BvHneYfnCYjfZE52iUhK4bqkcqJjYjMQUJb5FPhCpump,ALONSHOUSE,filter_2,2026-04-12T01:35:56.468Z,16,0.0001718,32768,524288,pumpswap,6KuCNvUu9NsgTFyo1vQGfeFqsoKq7Jq19LhZeQwtMMVr
2026-04-12T01:51:58.946Z,8yeUyEaxBkBgcG5i22zR6JiLmVPbA3p6FUBHjFLFpump,MOG,filter_1,2026-04-12T00:53:40.689Z,58,3.445e-06,4096,262144,pumpswap,8jL5pBxjqyhXzGwYDYZhvdifvuSiP7KWzU8ZCGgssRzk
2026-04-12T01:51:59.106Z,VXnX59zHN7j8FrA971nJij7q2RvPSPa3TioV236pump,COG,filter_1,2026-04-11T23:57:38.153Z,114,6.959e-06,8192,262144,pumpswap,DsEyaDvzkJHPnSwDU251c5pCP1V466nMpwh8KQzEeUuU
2026-04-12T01:51:59.289Z,3SNNxUYmrXUc1mQbtV2NGQTuGKVji4y3MWhyESTypump,CASSIE,filter_4,2026-04-11T23:18:36.635Z,153,3.357e-05,16384,131072,pumpswap,B6nQAKbBTm8xTFHBs4xGUqMJJu6JF5mBcmpEv8MPEQ1i
2026-04-12T01:51:59.449Z,6TRyMNFbS6y444mDECfaENQrVnvZP4XzMr2fa6f8pump,Trump,filter_6,2026-04-11T21:07:35.070Z,284,2.037e-06,4096,1048576,pumpswap,BJLaR38FZ2accuRrABzAWdiMeZ8mF3Ky5tL6q853bgBh
2026-04-12T01:51:59.612Z,EamB9vqC1b4aoyPR6t3hn6CWf48yny84xzCuFJMbpump,Peepa,filter_1,2026-04-11T20:47:42.794Z,304,8.309e-05,32768,1048576,pumpswap,BoB3Dvi5eLGFr86BexBPNY2ZXwMNjWhx3FVCep3X2Vj6
2026-04-12T01:51:59.772Z,AQGaTfXDcvinz6DuxfZEKKFp7hmiWDLis4FtK3chpump,Ivunka,filter_3,2026-04-11T20:41:43.544Z,310,2.617e-06,4096,524288,pumpswap,AHBtpXJ7csokwSXddEDxPFYHcA515g234kXTBMhAVRxe
2026-04-12T01:51:59.961Z,BfZ27pSjL3L8Abm8VuRs5MLjjP21Xv5tUL81Rkyepump,WID,filter_4,2026-04-11T20:41:42.289Z,310,1.188e-05,8192,16384,pumpswap,4zmdmfGwoNb2mfF9PJq2N7x38qpQMwBMphD3HMDx6dak
2026-04-12T01:52:00.123Z,EgiJdQ8dbQHWu1uKS6cQBPaF2sK3a7WFpkjHEgdDpump,Dodger,filter_3,2026-04-11T19:29:11.694Z,383,2.558e-05,16384,1048576,pumpswap,7yrRRCzf429YQ1xQgdZZMy5KQ5jtkkDC7gUZWyPerhXr
2026-04-12T01:52:00.283Z,7bfbBZXpMYbNjhZ6eQ8Ch8VFAbgcz4WsrY7JtQKcpump,BOATGUY,filter_1,2026-04-11T19:27:26.855Z,385,4.423e-06,4096,262144,pumpswap,6gALa6BfE8ce8pLYaEFsTkCtxozfbuBR5bMVK3nKeFD4
2026-04-12T01:52:00.478Z,4juv1Wq63My7Bc7rznMZTyuD4aQfRSZGW9uKqFXSpump,Asset,filter_1,2026-04-11T19:27:24.857Z,385,4.998e-06,8192,32768,pumpswap,6g8ZTMKCKvSsVX92g4SKoBESXgrDL2cR1WLg8i7GZPV9
2026-04-12T01:52:00.638Z,Aq6XmZSohMJeRGU9WswbyQo9paEcKrTEs3xdfDFtpump,Lia,filter_1,2026-04-11T19:25:27.104Z,387,2.047e-06,4096,524288,pumpswap,BsFk4E3Hm12Mg27XmBoDPuk27WAC78BPfN98AHHpDPcM
2026-04-12T01:52:00.797Z,AUZnnRTdybeMiHrxfueNyBgLHnu4H39kngUh84WMpump,MELANIA,filter_3,2026-04-11T19:24:02.559Z,388,0.0003871,65536,524288,pumpswap,DM9Xj9x8A8SEinJdoz4SJH2vdhBdPGSZmhL7DxBgwbBy
2026-04-12T01:52:00.958Z,56MEDV2H1M7DkaikaSg5vpibaSyWhgspCxgPwQJhpump,DNIGGA,filter_1,2026-04-11T19:22:24.852Z,390,2.03e-06,4096,65536,pumpswap,CAhVRREzXYHDvtu6iwACsei9vhv6mexsGm9hpkeVP1Kj
2026-04-12T01:52:01.120Z,A2Px3FMumMJ7W67VEp9ahFXueEyf9aHpei4TTJ5mpump,BABY,filter_3,2026-04-11T19:14:43.120Z,397,7.485e-06,8192,1048576,pumpswap,53UgNjZDC6mXsEDTowHLmKi2Y6jzjH2Ee3ybac7jEQRQ
2026-04-12T01:52:01.284Z,wutj1cNsMWyeu9ub61knDRCwU37aVvYuCBn8ZLPj7JL,ZHONEY,filter_1,2026-04-11T19:04:35.959Z,407,8.2e-06,8192,65536,pumpswap,CtYpMFyZqcJL7mPbDQU9o88g9QpkbzEFSC81J9FzFbF8
2026-04-12T01:52:01.446Z,4oFZFm3s8VKeCnwM2G5X5mZrsPivDyzCLvDYZmVipump,ClawFC,filter_1,2026-04-11T19:00:33.206Z,411,7.315e-06,8192,131072,pumpswap,BnbuPvQe2TNdhS7CSdsCGS1WY7FYu2kZti9adrqkqpZh
2026-04-12T01:52:01.608Z,5rniCpoweGXgsLZZDohw3fZA5yuXgt87df6GHAxWpump,MOTHER,filter_1,2026-04-11T18:17:31.505Z,454,7.15e-06,8192,131072,pumpswap,7dzsEYbuQoK1LLAiae7riygcwphP7BTbK6r7Vv94p28M
2026-04-12T01:52:01.766Z,3i8RByhvAaSWh2VSoVieAPzzmc4DpZC9WHVSsDzBpump,FOOLHOUSE,filter_2,2026-04-11T13:59:09.655Z,713,1.734e-06,4096,524288,pumpswap,G8AJyLtb85QyMbaXZe4k5DdTfLPTD8dEX9xDn2fKqQZD
2026-04-12T01:52:01.953Z,AutFvM5QZqtvjK2SrR8iLwvDEQ7ePnL14Rv7GPFvpump,TripleC,filter_2,2026-04-11T13:57:07.657Z,715,7.363e-06,8192,524288,pumpswap,Cvk9vLXa9wiqWTxb7q5EP3jdPow5ZBrdn1MLRmergW3v
2026-04-12T01:52:02.113Z,Dj2JhqEaKgPDo9se3A1dtSBVV1FFCxAfFa9SBBWmpump,GoldDancer,filter_2,2026-04-11T13:01:12.368Z,771,4.061e-05,16384,524288,pumpswap,9hovxHG2vADjGPe7S6agGTx5o72kgojobbpC5UVzLdt5
2026-04-12T01:52:02.273Z,ACtfUWtgvaXrQGNMiohTusi5jcx5RJf5zwu9aAxkpump,unc,filter_2,2026-04-11T11:21:14.804Z,871,0.0006009,65536,2097152,pumpswap,BWFZkx1pMpvwxammwTrizvoWzZZGiFEYUYW6Ee51SHLy
2026-04-12T01:52:02.435Z,51bywes8qqftjWhEZJZ3GvCM2ogximFejkKqa9kMpump,Marina,filter_2,2026-04-11T10:45:10.038Z,907,6.845e-05,16384,524288,pumpswap,ChmxH4uiGja7C2ht4KurCwXP8LLgtUgibFL1RwLNqeSG
2026-04-12T01:52:02.595Z,22a4gJyiBTjWsTaFAHiHoQTmXsptDy3iBHeqKQADpump,WLFI,filter_2,2026-04-11T08:08:14.642Z,1064,3.665e-05,16384,1048576,pumpswap,8JUXPRDDfRbDTN9fsQg1fLKw3u7DM9Cesodu1pcp6WA5
2026-04-12T01:52:02.779Z,J1iyLMzrc4G4WgDVmm33bes1Xwzd1mTcmvP8gubMpump,5,filter_2,2026-04-11T07:45:06.637Z,1087,1.96e-06,4096,524288,pumpswap,1HojmJ4JLUiwXz5PxPMAyvaWvk5WZSHGFm1SyQZHTQ2
2026-04-12T01:52:02.939Z,EQUU2gdzvmabX36rCxKSRSNJKtAedRHEiP8pikC8pump,emi,filter_2,2026-04-11T06:50:09.612Z,1142,6.519e-05,16384,2097152,pumpswap,A1eSqj58a8SWLfY9ecCZcfaWSgjYvEHXimiyoKHWG2qn
2026-04-12T01:52:03.097Z,5NmLAtsnwiZZbidywsSZYbZS3GtsoAEfa9HNHjGspump,PND,filter_2,2026-04-11T06:08:08.609Z,1184,1.11e-05,8192,1048576,pumpswap,G2GWEuB5ZA6p2qFxx4i4VViApW5P7aLrYJUv2vdgR5jm
2026-04-12T01:52:03.292Z,3DiHoTLRFzuMHmTBfo84Q22yX16Bv6XviFzgLaxnUJSe,SDR,filter_2,2026-04-11T05:05:14.827Z,1247,0.008963,65536,8388608,raydium,8jJMsUjNZDd32et5q7SXPx6QNQkRbbLK1exbNZfoTKcP
2026-04-12T01:52:03.451Z,8Ct8WT6TYTB9zTYxexAWthmWvYbLML9xmXcRFq2Rpump,METHANE,filter_2,2026-04-11T04:31:08.309Z,1281,1.832e-06,4096,131072,pumpswap,GBGkD83YH6d83NGuhhCKcnacPLoFUuexcCimVtPnhi4d
2026-04-12T01:52:03.652Z,BJMoyvAgJzpR1QEEdg8wkBe9PtCuzwCNW2aTzcn6pump,StepSis,filter_2,2026-04-11T02:26:13.472Z,1406,1.647e-06,4096,131072,pumpswap,BdkQUvcHsvnyNJQynnVWQfFusekQt3nVfGCP3WjQdBzB
2026-04-12T01:52:03.813Z,GBjRHbuTzJF2qMkemwY9uWhvs8r9uYqL4bxKheEtpump,TRUE,filter_2,2026-04-11T02:12:09.698Z,1420,3.441e-05,16384,2097152,pumpswap,8ShofcR7qcK368us7RzNYRwbSyyEouzhiSuLuj2kkoG5
2026-04-12T01:56:58.606Z,7Y445U5CAiLL4icyyPDonXy7zvGGML2TGjyMmwpDpump,WLFI,filter_1,2026-04-12T01:51:35.220Z,5,1.659e-05,8192,131072,pumpswap,EjzyuTwozXjagMTqqN6hjNpEyW3Q7rX3avE2otRRS8hv
2026-04-12T01:56:58.769Z,BRKFJs1jxrYBKR5sxBiuxTTbyipNBmT6GWenb3c9pump,TRUMP47,filter_5,2026-04-12T00:39:59.430Z,77,0.0001995,32768,524288,pumpswap,EgcA2ShdHZK4Sg7N6H7yGzTjxpTpunRrbzw231wLWeDh
2026-04-12T01:56:58.931Z,5xjSweEeRNTNHXpEiyp1XBUB2D3MMYCuU8khzgiZpump,FUDGE,filter_2,2026-04-12T00:02:34.174Z,114,3.279e-05,16384,32768,pumpswap,GXBAKvHDgXXwxWWGWmrepfpXstnghwVGEqBmAq2EQgQZ
2026-04-12T01:56:59.117Z,AQiYy4igZ6jeUS5nbTymwLaQfnEg5BAjjZsP1EZkEjBU,Dolores,filter_1,2026-04-11T23:52:34.399Z,124,3.141e-06,4096,65536,pumpswap,9MiNdc2ywiYUm2nr2KTGo8UCmjk3TdKLCZ2B4aAtZ9hq
2026-04-12T01:56:59.279Z,yLT7rHdaNkfnqfg5pxXxCTrx1Rsnagod16DnpKBpump,Nilly,filter_1,2026-04-11T23:45:34.391Z,131,3.758e-06,4096,131072,pumpswap,8vjkK4SAhZ6zkX7gox9DQEmpX7MbiKsp2gRjD4dAS21V
2026-04-12T01:56:59.442Z,9oVRwbx3Ray9bK7CKhqwfqY5NaWYjG3xj1DNYg2mpump,brainlet,filter_2,2026-04-11T22:44:55.606Z,192,2.5e-06,4096,524288,pumpswap,2PW331e9D7pmdELA1m1Uyq6pnEuj5BWB8m7dcBGgJ5xo
2026-04-12T01:56:59.603Z,9XhhPHKnvSd9R8Ygr8kHR6n8YNYd7SMzRHHPFeb2pump,doomer,filter_1,2026-04-11T22:10:33.845Z,226,2.028e-06,4096,262144,pumpswap,DqTPbpJo2UfNFy2v4dHjMoFg9S2wid1RZuF8qfwcJrHx
2026-04-12T01:56:59.764Z,2wwDzQLc3pwgcHrkCadio4Hn3bzYyCptRAewJAEXdoge,MARKC,filter_1,2026-04-11T21:57:35.843Z,239,4.032e-06,4096,65536,meteora,2rVNWK9fRajakX19wtrfJKGE3xNWeubnV5VpYxETUvPX
2026-04-12T01:56:59.926Z,NicGVyEGbJhn52gBtqWM18zKGzRSe9js98AZnRwY8eS,NEGRON,filter_2,2026-04-11T21:33:59.338Z,263,2.343e-07,65536,2097152,raydium,2rXfTt3Xh699TtAUruiz6Vs7vdTrsn55bEm2FKt9y8yE
2026-04-12T02:01:58.612Z,AdD5EMoGMDiGXcgepXQXneB4fEZuS1QvKqDrN876pump,CRAFT,filter_1,2026-04-12T02:01:34.474Z,0,2.964e-05,16384,65536,pumpswap,Fq6wzHyzh8YXvGS7EYBSNPLs7cr3WSLBw4WCpp5Bbk9n
2026-04-12T02:01:58.775Z,BvHneYfnCYjfZE52iUhK4bqkcqJjYjMQUJb5FPhCpump,ALONSHOUSE,filter_2,2026-04-12T01:35:56.468Z,26,0.0001353,32768,524288,pumpswap,6KuCNvUu9NsgTFyo1vQGfeFqsoKq7Jq19LhZeQwtMMVr
2026-04-12T02:01:58.936Z,8yeUyEaxBkBgcG5i22zR6JiLmVPbA3p6FUBHjFLFpump,MOG,filter_1,2026-04-12T00:53:40.689Z,68,3.76e-06,4096,262144,pumpswap,8jL5pBxjqyhXzGwYDYZhvdifvuSiP7KWzU8ZCGgssRzk
2026-04-12T02:01:59.131Z,VXnX59zHN7j8FrA971nJij7q2RvPSPa3TioV236pump,COG,filter_1,2026-04-11T23:57:38.153Z,124,6.959e-06,8192,262144,pumpswap,DsEyaDvzkJHPnSwDU251c5pCP1V466nMpwh8KQzEeUuU
2026-04-12T02:01:59.292Z,3SNNxUYmrXUc1mQbtV2NGQTuGKVji4y3MWhyESTypump,CASSIE,filter_4,2026-04-11T23:18:36.635Z,163,3.34e-05,16384,131072,pumpswap,B6nQAKbBTm8xTFHBs4xGUqMJJu6JF5mBcmpEv8MPEQ1i
2026-04-12T02:01:59.455Z,6TRyMNFbS6y444mDECfaENQrVnvZP4XzMr2fa6f8pump,Trump,filter_6,2026-04-11T21:07:35.070Z,294,2.037e-06,4096,1048576,pumpswap,BJLaR38FZ2accuRrABzAWdiMeZ8mF3Ky5tL6q853bgBh
2026-04-12T02:01:59.617Z,EamB9vqC1b4aoyPR6t3hn6CWf48yny84xzCuFJMbpump,Peepa,filter_1,2026-04-11T20:47:42.794Z,314,8.358e-05,32768,1048576,pumpswap,BoB3Dvi5eLGFr86BexBPNY2ZXwMNjWhx3FVCep3X2Vj6
2026-04-12T02:01:59.781Z,AQGaTfXDcvinz6DuxfZEKKFp7hmiWDLis4FtK3chpump,Ivunka,filter_3,2026-04-11T20:41:43.544Z,320,2.607e-06,4096,524288,pumpswap,AHBtpXJ7csokwSXddEDxPFYHcA515g234kXTBMhAVRxe
2026-04-12T02:01:59.996Z,BfZ27pSjL3L8Abm8VuRs5MLjjP21Xv5tUL81Rkyepump,WID,filter_4,2026-04-11T20:41:42.289Z,320,1.182e-05,8192,16384,pumpswap,4zmdmfGwoNb2mfF9PJq2N7x38qpQMwBMphD3HMDx6dak
2026-04-12T02:02:00.158Z,EgiJdQ8dbQHWu1uKS6cQBPaF2sK3a7WFpkjHEgdDpump,Dodger,filter_3,2026-04-11T19:29:11.694Z,393,2.019e-05,16384,1048576,pumpswap,7yrRRCzf429YQ1xQgdZZMy5KQ5jtkkDC7gUZWyPerhXr
2026-04-12T02:02:00.321Z,7bfbBZXpMYbNjhZ6eQ8Ch8VFAbgcz4WsrY7JtQKcpump,BOATGUY,filter_1,2026-04-11T19:27:26.855Z,395,4.393e-06,4096,262144,pumpswap,6gALa6BfE8ce8pLYaEFsTkCtxozfbuBR5bMVK3nKeFD4
2026-04-12T02:02:00.482Z,4juv1Wq63My7Bc7rznMZTyuD4aQfRSZGW9uKqFXSpump,Asset,filter_1,2026-04-11T19:27:24.857Z,395,5.055e-06,8192,32768,pumpswap,6g8ZTMKCKvSsVX92g4SKoBESXgrDL2cR1WLg8i7GZPV9
2026-04-12T02:02:00.646Z,Aq6XmZSohMJeRGU9WswbyQo9paEcKrTEs3xdfDFtpump,Lia,filter_1,2026-04-11T19:25:27.104Z,397,2.047e-06,4096,524288,pumpswap,BsFk4E3Hm12Mg27XmBoDPuk27WAC78BPfN98AHHpDPcM
2026-04-12T02:02:00.832Z,AUZnnRTdybeMiHrxfueNyBgLHnu4H39kngUh84WMpump,MELANIA,filter_3,2026-04-11T19:24:02.559Z,398,0.0004273,65536,524288,pumpswap,DM9Xj9x8A8SEinJdoz4SJH2vdhBdPGSZmhL7DxBgwbBy
2026-04-12T02:02:00.994Z,56MEDV2H1M7DkaikaSg5vpibaSyWhgspCxgPwQJhpump,DNIGGA,filter_1,2026-04-11T19:22:24.852Z,400,2.03e-06,4096,65536,pumpswap,CAhVRREzXYHDvtu6iwACsei9vhv6mexsGm9hpkeVP1Kj
2026-04-12T02:02:01.163Z,A2Px3FMumMJ7W67VEp9ahFXueEyf9aHpei4TTJ5mpump,BABY,filter_3,2026-04-11T19:14:43.120Z,407,8.75e-06,8192,1048576,pumpswap,53UgNjZDC6mXsEDTowHLmKi2Y6jzjH2Ee3ybac7jEQRQ
2026-04-12T02:02:01.352Z,wutj1cNsMWyeu9ub61knDRCwU37aVvYuCBn8ZLPj7JL,ZHONEY,filter_1,2026-04-11T19:04:35.959Z,417,7.262e-06,8192,65536,pumpswap,CtYpMFyZqcJL7mPbDQU9o88g9QpkbzEFSC81J9FzFbF8
2026-04-12T02:02:01.516Z,4oFZFm3s8VKeCnwM2G5X5mZrsPivDyzCLvDYZmVipump,ClawFC,filter_1,2026-04-11T19:00:33.206Z,421,7.068e-06,8192,131072,pumpswap,BnbuPvQe2TNdhS7CSdsCGS1WY7FYu2kZti9adrqkqpZh
2026-04-12T02:02:01.679Z,5rniCpoweGXgsLZZDohw3fZA5yuXgt87df6GHAxWpump,MOTHER,filter_1,2026-04-11T18:17:31.505Z,464,7.192e-06,8192,131072,pumpswap,7dzsEYbuQoK1LLAiae7riygcwphP7BTbK6r7Vv94p28M
2026-04-12T02:02:01.841Z,3i8RByhvAaSWh2VSoVieAPzzmc4DpZC9WHVSsDzBpump,FOOLHOUSE,filter_2,2026-04-11T13:59:09.655Z,723,1.734e-06,4096,524288,pumpswap,G8AJyLtb85QyMbaXZe4k5DdTfLPTD8dEX9xDn2fKqQZD
2026-04-12T02:02:02.040Z,AutFvM5QZqtvjK2SrR8iLwvDEQ7ePnL14Rv7GPFvpump,TripleC,filter_2,2026-04-11T13:57:07.657Z,725,6.758e-06,8192,524288,pumpswap,Cvk9vLXa9wiqWTxb7q5EP3jdPow5ZBrdn1MLRmergW3v
2026-04-12T02:02:02.204Z,Dj2JhqEaKgPDo9se3A1dtSBVV1FFCxAfFa9SBBWmpump,GoldDancer,filter_2,2026-04-11T13:01:12.368Z,781,4.205e-05,16384,524288,pumpswap,9hovxHG2vADjGPe7S6agGTx5o72kgojobbpC5UVzLdt5
2026-04-12T02:02:02.366Z,ACtfUWtgvaXrQGNMiohTusi5jcx5RJf5zwu9aAxkpump,unc,filter_2,2026-04-11T11:21:14.804Z,881,0.0006243,65536,2097152,pumpswap,BWFZkx1pMpvwxammwTrizvoWzZZGiFEYUYW6Ee51SHLy
2026-04-12T02:02:02.552Z,51bywes8qqftjWhEZJZ3GvCM2ogximFejkKqa9kMpump,Marina,filter_2,2026-04-11T10:45:10.038Z,917,5.924e-05,16384,524288,pumpswap,ChmxH4uiGja7C2ht4KurCwXP8LLgtUgibFL1RwLNqeSG
2026-04-12T02:02:02.715Z,22a4gJyiBTjWsTaFAHiHoQTmXsptDy3iBHeqKQADpump,WLFI,filter_2,2026-04-11T08:08:14.642Z,1074,3.776e-05,16384,1048576,pumpswap,8JUXPRDDfRbDTN9fsQg1fLKw3u7DM9Cesodu1pcp6WA5
2026-04-12T02:02:02.878Z,J1iyLMzrc4G4WgDVmm33bes1Xwzd1mTcmvP8gubMpump,5,filter_2,2026-04-11T07:45:06.637Z,1097,1.96e-06,4096,524288,pumpswap,1HojmJ4JLUiwXz5PxPMAyvaWvk5WZSHGFm1SyQZHTQ2
2026-04-12T02:02:03.040Z,EQUU2gdzvmabX36rCxKSRSNJKtAedRHEiP8pikC8pump,emi,filter_2,2026-04-11T06:50:09.612Z,1152,6.599e-05,16384,2097152,pumpswap,A1eSqj58a8SWLfY9ecCZcfaWSgjYvEHXimiyoKHWG2qn
2026-04-12T02:02:03.204Z,5NmLAtsnwiZZbidywsSZYbZS3GtsoAEfa9HNHjGspump,PND,filter_2,2026-04-11T06:08:08.609Z,1194,9.616e-06,8192,1048576,pumpswap,G2GWEuB5ZA6p2qFxx4i4VViApW5P7aLrYJUv2vdgR5jm
2026-04-12T02:02:03.367Z,3DiHoTLRFzuMHmTBfo84Q22yX16Bv6XviFzgLaxnUJSe,SDR,filter_2,2026-04-11T05:05:14.827Z,1257,0.01711,65536,8388608,raydium,8jJMsUjNZDd32et5q7SXPx6QNQkRbbLK1exbNZfoTKcP
2026-04-12T02:02:03.572Z,8Ct8WT6TYTB9zTYxexAWthmWvYbLML9xmXcRFq2Rpump,METHANE,filter_2,2026-04-11T04:31:08.309Z,1291,1.744e-06,4096,131072,pumpswap,GBGkD83YH6d83NGuhhCKcnacPLoFUuexcCimVtPnhi4d
2026-04-12T02:02:03.786Z,BJMoyvAgJzpR1QEEdg8wkBe9PtCuzwCNW2aTzcn6pump,StepSis,filter_2,2026-04-11T02:26:13.472Z,1416,1.647e-06,4096,131072,pumpswap,BdkQUvcHsvnyNJQynnVWQfFusekQt3nVfGCP3WjQdBzB
2026-04-12T02:02:03.949Z,GBjRHbuTzJF2qMkemwY9uWhvs8r9uYqL4bxKheEtpump,TRUE,filter_2,2026-04-11T02:12:09.698Z,1430,3.01e-05,16384,1048576,pumpswap,8ShofcR7qcK368us7RzNYRwbSyyEouzhiSuLuj2kkoG5
2026-04-12T02:06:58.618Z,7Y445U5CAiLL4icyyPDonXy7zvGGML2TGjyMmwpDpump,WLFI,filter_1,2026-04-12T02:03:35.233Z,3,1.774e-05,8192,131072,pumpswap,EjzyuTwozXjagMTqqN6hjNpEyW3Q7rX3avE2otRRS8hv
2026-04-12T02:06:58.801Z,BRKFJs1jxrYBKR5sxBiuxTTbyipNBmT6GWenb3c9pump,TRUMP47,filter_5,2026-04-12T00:39:59.430Z,87,0.00021,32768,524288,pumpswap,EgcA2ShdHZK4Sg7N6H7yGzTjxpTpunRrbzw231wLWeDh
2026-04-12T02:06:58.962Z,5xjSweEeRNTNHXpEiyp1XBUB2D3MMYCuU8khzgiZpump,FUDGE,filter_2,2026-04-12T00:02:34.174Z,124,3.033e-05,16384,32768,pumpswap,GXBAKvHDgXXwxWWGWmrepfpXstnghwVGEqBmAq2EQgQZ
2026-04-12T02:06:59.149Z,AQiYy4igZ6jeUS5nbTymwLaQfnEg5BAjjZsP1EZkEjBU,Dolores,filter_1,2026-04-11T23:52:34.399Z,134,2.687e-06,4096,65536,pumpswap,9MiNdc2ywiYUm2nr2KTGo8UCmjk3TdKLCZ2B4aAtZ9hq
2026-04-12T02:06:59.308Z,yLT7rHdaNkfnqfg5pxXxCTrx1Rsnagod16DnpKBpump,Nilly,filter_1,2026-04-11T23:45:34.391Z,141,3.569e-06,4096,131072,pumpswap,8vjkK4SAhZ6zkX7gox9DQEmpX7MbiKsp2gRjD4dAS21V
2026-04-12T02:06:59.468Z,9oVRwbx3Ray9bK7CKhqwfqY5NaWYjG3xj1DNYg2mpump,brainlet,filter_2,2026-04-11T22:44:55.606Z,202,2.342e-06,4096,524288,pumpswap,2PW331e9D7pmdELA1m1Uyq6pnEuj5BWB8m7dcBGgJ5xo
2026-04-12T02:06:59.629Z,9XhhPHKnvSd9R8Ygr8kHR6n8YNYd7SMzRHHPFeb2pump,doomer,filter_1,2026-04-11T22:10:33.845Z,236,2.028e-06,4096,262144,pumpswap,DqTPbpJo2UfNFy2v4dHjMoFg9S2wid1RZuF8qfwcJrHx
2026-04-12T02:06:59.790Z,2wwDzQLc3pwgcHrkCadio4Hn3bzYyCptRAewJAEXdoge,MARKC,filter_1,2026-04-11T21:57:35.843Z,249,4.042e-06,4096,65536,meteora,2rVNWK9fRajakX19wtrfJKGE3xNWeubnV5VpYxETUvPX
2026-04-12T02:06:59.952Z,NicGVyEGbJhn52gBtqWM18zKGzRSe9js98AZnRwY8eS,NEGRON,filter_2,2026-04-11T21:33:59.338Z,273,2.344e-07,65536,2097152,raydium,2rXfTt3Xh699TtAUruiz6Vs7vdTrsn55bEm2FKt9y8yE
2026-04-12T02:11:58.615Z,AdD5EMoGMDiGXcgepXQXneB4fEZuS1QvKqDrN876pump,CRAFT,filter_1,2026-04-12T02:06:34.477Z,5,2.684e-05,16384,65536,pumpswap,Fq6wzHyzh8YXvGS7EYBSNPLs7cr3WSLBw4WCpp5Bbk9n
2026-04-12T02:11:58.776Z,BvHneYfnCYjfZE52iUhK4bqkcqJjYjMQUJb5FPhCpump,ALONSHOUSE,filter_2,2026-04-12T01:35:56.468Z,36,0.0001358,32768,1048576,pumpswap,6KuCNvUu9NsgTFyo1vQGfeFqsoKq7Jq19LhZeQwtMMVr
2026-04-12T02:11:58.937Z,8yeUyEaxBkBgcG5i22zR6JiLmVPbA3p6FUBHjFLFpump,MOG,filter_1,2026-04-12T00:53:40.689Z,78,3.922e-06,4096,262144,pumpswap,8jL5pBxjqyhXzGwYDYZhvdifvuSiP7KWzU8ZCGgssRzk
2026-04-12T02:11:59.098Z,VXnX59zHN7j8FrA971nJij7q2RvPSPa3TioV236pump,COG,filter_1,2026-04-11T23:57:38.153Z,134,7.003e-06,8192,262144,pumpswap,DsEyaDvzkJHPnSwDU251c5pCP1V466nMpwh8KQzEeUuU
2026-04-12T02:11:59.260Z,3SNNxUYmrXUc1mQbtV2NGQTuGKVji4y3MWhyESTypump,CASSIE,filter_4,2026-04-11T23:18:36.635Z,173,3.622e-05,16384,131072,pumpswap,B6nQAKbBTm8xTFHBs4xGUqMJJu6JF5mBcmpEv8MPEQ1i
2026-04-12T02:11:59.423Z,6TRyMNFbS6y444mDECfaENQrVnvZP4XzMr2fa6f8pump,Trump,filter_6,2026-04-11T21:07:35.070Z,304,2.037e-06,4096,1048576,pumpswap,BJLaR38FZ2accuRrABzAWdiMeZ8mF3Ky5tL6q853bgBh
2026-04-12T02:11:59.584Z,EamB9vqC1b4aoyPR6t3hn6CWf48yny84xzCuFJMbpump,Peepa,filter_1,2026-04-11T20:47:42.794Z,324,9.285e-05,32768,1048576,pumpswap,BoB3Dvi5eLGFr86BexBPNY2ZXwMNjWhx3FVCep3X2Vj6
2026-04-12T02:11:59.746Z,AQGaTfXDcvinz6DuxfZEKKFp7hmiWDLis4FtK3chpump,Ivunka,filter_3,2026-04-11T20:41:43.544Z,330,2.607e-06,4096,524288,pumpswap,AHBtpXJ7csokwSXddEDxPFYHcA515g234kXTBMhAVRxe
2026-04-12T02:11:59.947Z,BfZ27pSjL3L8Abm8VuRs5MLjjP21Xv5tUL81Rkyepump,WID,filter_4,2026-04-11T20:41:42.289Z,330,1.168e-05,8192,16384,pumpswap,4zmdmfGwoNb2mfF9PJq2N7x38qpQMwBMphD3HMDx6dak
2026-04-12T02:12:00.114Z,EgiJdQ8dbQHWu1uKS6cQBPaF2sK3a7WFpkjHEgdDpump,Dodger,filter_3,2026-04-11T19:29:11.694Z,403,2.489e-05,16384,1048576,pumpswap,7yrRRCzf429YQ1xQgdZZMy5KQ5jtkkDC7gUZWyPerhXr
2026-04-12T02:12:00.279Z,7bfbBZXpMYbNjhZ6eQ8Ch8VFAbgcz4WsrY7JtQKcpump,BOATGUY,filter_1,2026-04-11T19:27:26.855Z,405,4.816e-06,4096,262144,pumpswap,6gALa6BfE8ce8pLYaEFsTkCtxozfbuBR5bMVK3nKeFD4
2026-04-12T02:12:00.464Z,4juv1Wq63My7Bc7rznMZTyuD4aQfRSZGW9uKqFXSpump,Asset,filter_1,2026-04-11T19:27:24.857Z,405,4.959e-06,8192,32768,pumpswap,6g8ZTMKCKvSsVX92g4SKoBESXgrDL2cR1WLg8i7GZPV9
2026-04-12T02:12:00.682Z,Aq6XmZSohMJeRGU9WswbyQo9paEcKrTEs3xdfDFtpump,Lia,filter_1,2026-04-11T19:25:27.104Z,407,2.047e-06,4096,524288,pumpswap,BsFk4E3Hm12Mg27XmBoDPuk27WAC78BPfN98AHHpDPcM
2026-04-12T02:12:00.843Z,AUZnnRTdybeMiHrxfueNyBgLHnu4H39kngUh84WMpump,MELANIA,filter_3,2026-04-11T19:24:02.559Z,408,0.000454,65536,524288,pumpswap,DM9Xj9x8A8SEinJdoz4SJH2vdhBdPGSZmhL7DxBgwbBy
2026-04-12T02:12:01.006Z,56MEDV2H1M7DkaikaSg5vpibaSyWhgspCxgPwQJhpump,DNIGGA,filter_1,2026-04-11T19:22:24.852Z,410,2.022e-06,4096,65536,pumpswap,CAhVRREzXYHDvtu6iwACsei9vhv6mexsGm9hpkeVP1Kj
2026-04-12T02:12:01.169Z,A2Px3FMumMJ7W67VEp9ahFXueEyf9aHpei4TTJ5mpump,BABY,filter_3,2026-04-11T19:14:43.120Z,417,9.5e-06,8192,1048576,pumpswap,53UgNjZDC6mXsEDTowHLmKi2Y6jzjH2Ee3ybac7jEQRQ
2026-04-12T02:12:01.345Z,wutj1cNsMWyeu9ub61knDRCwU37aVvYuCBn8ZLPj7JL,ZHONEY,filter_1,2026-04-11T19:04:35.959Z,427,7.577e-06,8192,65536,pumpswap,CtYpMFyZqcJL7mPbDQU9o88g9QpkbzEFSC81J9FzFbF8
2026-04-12T02:12:01.506Z,4oFZFm3s8VKeCnwM2G5X5mZrsPivDyzCLvDYZmVipump,ClawFC,filter_1,2026-04-11T19:00:33.206Z,431,7.531e-06,8192,131072,pumpswap,BnbuPvQe2TNdhS7CSdsCGS1WY7FYu2kZti9adrqkqpZh
2026-04-12T02:12:01.667Z,5rniCpoweGXgsLZZDohw3fZA5yuXgt87df6GHAxWpump,MOTHER,filter_1,2026-04-11T18:17:31.505Z,474,7.068e-06,8192,65536,pumpswap,7dzsEYbuQoK1LLAiae7riygcwphP7BTbK6r7Vv94p28M
2026-04-12T02:12:01.828Z,3i8RByhvAaSWh2VSoVieAPzzmc4DpZC9WHVSsDzBpump,FOOLHOUSE,filter_2,2026-04-11T13:59:09.655Z,733,1.683e-06,4096,524288,pumpswap,G8AJyLtb85QyMbaXZe4k5DdTfLPTD8dEX9xDn2fKqQZD
2026-04-12T02:12:02.018Z,AutFvM5QZqtvjK2SrR8iLwvDEQ7ePnL14Rv7GPFvpump,TripleC,filter_2,2026-04-11T13:57:07.657Z,735,7.253e-06,8192,524288,pumpswap,Cvk9vLXa9wiqWTxb7q5EP3jdPow5ZBrdn1MLRmergW3v
2026-04-12T02:12:02.188Z,Dj2JhqEaKgPDo9se3A1dtSBVV1FFCxAfFa9SBBWmpump,GoldDancer,filter_2,2026-04-11T13:01:12.368Z,791,3.937e-05,16384,524288,pumpswap,9hovxHG2vADjGPe7S6agGTx5o72kgojobbpC5UVzLdt5
2026-04-12T02:12:02.348Z,ACtfUWtgvaXrQGNMiohTusi5jcx5RJf5zwu9aAxkpump,unc,filter_2,2026-04-11T11:21:14.804Z,891,0.0004914,65536,2097152,pumpswap,BWFZkx1pMpvwxammwTrizvoWzZZGiFEYUYW6Ee51SHLy
2026-04-12T02:12:02.510Z,51bywes8qqftjWhEZJZ3GvCM2ogximFejkKqa9kMpump,Marina,filter_2,2026-04-11T10:45:10.038Z,927,6.335e-05,16384,524288,pumpswap,ChmxH4uiGja7C2ht4KurCwXP8LLgtUgibFL1RwLNqeSG
2026-04-12T02:12:02.693Z,22a4gJyiBTjWsTaFAHiHoQTmXsptDy3iBHeqKQADpump,WLFI,filter_2,2026-04-11T08:08:14.642Z,1084,3.273e-05,16384,1048576,pumpswap,8JUXPRDDfRbDTN9fsQg1fLKw3u7DM9Cesodu1pcp6WA5
2026-04-12T02:12:02.887Z,J1iyLMzrc4G4WgDVmm33bes1Xwzd1mTcmvP8gubMpump,5,filter_2,2026-04-11T07:45:06.637Z,1107,1.96e-06,4096,524288,pumpswap,1HojmJ4JLUiwXz5PxPMAyvaWvk5WZSHGFm1SyQZHTQ2
2026-04-12T02:12:03.046Z,EQUU2gdzvmabX36rCxKSRSNJKtAedRHEiP8pikC8pump,emi,filter_2,2026-04-11T06:50:09.612Z,1162,9.283e-05,32768,2097152,pumpswap,A1eSqj58a8SWLfY9ecCZcfaWSgjYvEHXimiyoKHWG2qn
2026-04-12T02:12:03.208Z,5NmLAtsnwiZZbidywsSZYbZS3GtsoAEfa9HNHjGspump,PND,filter_2,2026-04-11T06:08:08.609Z,1204,9.837e-06,8192,1048576,pumpswap,G2GWEuB5ZA6p2qFxx4i4VViApW5P7aLrYJUv2vdgR5jm
2026-04-12T02:12:03.406Z,3DiHoTLRFzuMHmTBfo84Q22yX16Bv6XviFzgLaxnUJSe,SDR,filter_2,2026-04-11T05:05:14.827Z,1267,0.0004795,16384,8388608,raydium,8jJMsUjNZDd32et5q7SXPx6QNQkRbbLK1exbNZfoTKcP
2026-04-12T02:12:03.567Z,8Ct8WT6TYTB9zTYxexAWthmWvYbLML9xmXcRFq2Rpump,METHANE,filter_2,2026-04-11T04:31:08.309Z,1301,1.744e-06,4096,131072,pumpswap,GBGkD83YH6d83NGuhhCKcnacPLoFUuexcCimVtPnhi4d
2026-04-12T02:12:03.727Z,BJMoyvAgJzpR1QEEdg8wkBe9PtCuzwCNW2aTzcn6pump,StepSis,filter_2,2026-04-11T02:26:13.472Z,1426,1.647e-06,4096,131072,pumpswap,BdkQUvcHsvnyNJQynnVWQfFusekQt3nVfGCP3WjQdBzB
2026-04-12T02:12:03.889Z,GBjRHbuTzJF2qMkemwY9uWhvs8r9uYqL4bxKheEtpump,TRUE,filter_2,2026-04-11T02:12:09.698Z,1440,2.463e-05,16384,1048576,pumpswap,8ShofcR7qcK368us7RzNYRwbSyyEouzhiSuLuj2kkoG5
2026-04-12T02:16:58.611Z,7Y445U5CAiLL4icyyPDonXy7zvGGML2TGjyMmwpDpump,WLFI,filter_1,2026-04-12T02:03:35.233Z,13,1.651e-05,8192,131072,pumpswap,EjzyuTwozXjagMTqqN6hjNpEyW3Q7rX3avE2otRRS8hv
2026-04-12T02:16:58.772Z,BRKFJs1jxrYBKR5sxBiuxTTbyipNBmT6GWenb3c9pump,TRUMP47,filter_5,2026-04-12T00:39:59.430Z,97,0.0002131,32768,524288,pumpswap,EgcA2ShdHZK4Sg7N6H7yGzTjxpTpunRrbzw231wLWeDh
2026-04-12T02:16:58.934Z,5xjSweEeRNTNHXpEiyp1XBUB2D3MMYCuU8khzgiZpump,FUDGE,filter_2,2026-04-12T00:02:34.174Z,134,2.897e-05,16384,32768,pumpswap,GXBAKvHDgXXwxWWGWmrepfpXstnghwVGEqBmAq2EQgQZ
2026-04-12T02:16:59.118Z,AQiYy4igZ6jeUS5nbTymwLaQfnEg5BAjjZsP1EZkEjBU,Dolores,filter_1,2026-04-11T23:52:34.399Z,144,3.015e-06,4096,65536,pumpswap,9MiNdc2ywiYUm2nr2KTGo8UCmjk3TdKLCZ2B4aAtZ9hq
2026-04-12T02:16:59.280Z,yLT7rHdaNkfnqfg5pxXxCTrx1Rsnagod16DnpKBpump,Nilly,filter_1,2026-04-11T23:45:34.391Z,151,3.492e-06,4096,131072,pumpswap,8vjkK4SAhZ6zkX7gox9DQEmpX7MbiKsp2gRjD4dAS21V
2026-04-12T02:16:59.438Z,9oVRwbx3Ray9bK7CKhqwfqY5NaWYjG3xj1DNYg2mpump,brainlet,filter_2,2026-04-11T22:44:55.606Z,212,1.893e-06,4096,524288,pumpswap,2PW331e9D7pmdELA1m1Uyq6pnEuj5BWB8m7dcBGgJ5xo
2026-04-12T02:16:59.597Z,9XhhPHKnvSd9R8Ygr8kHR6n8YNYd7SMzRHHPFeb2pump,doomer,filter_1,2026-04-11T22:10:33.845Z,246,2.028e-06,4096,262144,pumpswap,DqTPbpJo2UfNFy2v4dHjMoFg9S2wid1RZuF8qfwcJrHx
2026-04-12T02:16:59.783Z,2wwDzQLc3pwgcHrkCadio4Hn3bzYyCptRAewJAEXdoge,MARKC,filter_1,2026-04-11T21:57:35.843Z,259,4.893e-06,4096,65536,meteora,2rVNWK9fRajakX19wtrfJKGE3xNWeubnV5VpYxETUvPX
2026-04-12T02:16:59.942Z,NicGVyEGbJhn52gBtqWM18zKGzRSe9js98AZnRwY8eS,NEGRON,filter_2,2026-04-11T21:33:59.338Z,283,2.365e-07,65536,4194304,raydium,2rXfTt3Xh699TtAUruiz6Vs7vdTrsn55bEm2FKt9y8yE
2026-04-12T02:21:58.616Z,Hy58kFcGQuZ9qqbiJL5Ka8FPPmqfU6w4zSqNAyzbpump,Zoomer,filter_5,2026-04-12T02:21:55.989Z,0,0.0001046,32768,524288,pumpswap,EvDD7gjtfLETpF8m8boLppTCHosWoyoy43AKSttyRia9
2026-04-12T02:21:58.776Z,AdD5EMoGMDiGXcgepXQXneB4fEZuS1QvKqDrN876pump,CRAFT,filter_1,2026-04-12T02:18:34.482Z,3,2.47e-05,16384,65536,pumpswap,Fq6wzHyzh8YXvGS7EYBSNPLs7cr3WSLBw4WCpp5Bbk9n
2026-04-12T02:21:58.936Z,9AEtb967xTMosjp9XFhvHLhscPNYgDWc15jFAZR8pump,RƎ́V,filter_1,2026-04-12T02:18:33.271Z,3,0.0001434,32768,32768,pumpswap,EMm9RL2tHvUvygLCu9WkUMBgnu29K2kePzUuWhiSjdMU
2026-04-12T02:21:59.095Z,BvHneYfnCYjfZE52iUhK4bqkcqJjYjMQUJb5FPhCpump,ALONSHOUSE,filter_2,2026-04-12T01:35:56.468Z,46,0.0001181,32768,1048576,pumpswap,6KuCNvUu9NsgTFyo1vQGfeFqsoKq7Jq19LhZeQwtMMVr
2026-04-12T02:21:59.257Z,8yeUyEaxBkBgcG5i22zR6JiLmVPbA3p6FUBHjFLFpump,MOG,filter_1,2026-04-12T00:53:40.689Z,88,3.906e-06,4096,262144,pumpswap,8jL5pBxjqyhXzGwYDYZhvdifvuSiP7KWzU8ZCGgssRzk
2026-04-12T02:21:59.418Z,VXnX59zHN7j8FrA971nJij7q2RvPSPa3TioV236pump,COG,filter_1,2026-04-11T23:57:38.153Z,144,5.137e-06,4096,262144,pumpswap,DsEyaDvzkJHPnSwDU251c5pCP1V466nMpwh8KQzEeUuU
2026-04-12T02:21:59.579Z,3SNNxUYmrXUc1mQbtV2NGQTuGKVji4y3MWhyESTypump,CASSIE,filter_4,2026-04-11T23:18:36.635Z,183,3.514e-05,16384,131072,pumpswap,B6nQAKbBTm8xTFHBs4xGUqMJJu6JF5mBcmpEv8MPEQ1i
2026-04-12T02:21:59.742Z,6TRyMNFbS6y444mDECfaENQrVnvZP4XzMr2fa6f8pump,Trump,filter_6,2026-04-11T21:07:35.070Z,314,2.037e-06,4096,1048576,pumpswap,BJLaR38FZ2accuRrABzAWdiMeZ8mF3Ky5tL6q853bgBh
2026-04-12T02:21:59.904Z,EamB9vqC1b4aoyPR6t3hn6CWf48yny84xzCuFJMbpump,Peepa,filter_1,2026-04-11T20:47:42.794Z,334,9.929e-05,32768,1048576,pumpswap,BoB3Dvi5eLGFr86BexBPNY2ZXwMNjWhx3FVCep3X2Vj6
2026-04-12T02:22:00.073Z,AQGaTfXDcvinz6DuxfZEKKFp7hmiWDLis4FtK3chpump,Ivunka,filter_3,2026-04-11T20:41:43.544Z,340,2.613e-06,4096,524288,pumpswap,AHBtpXJ7csokwSXddEDxPFYHcA515g234kXTBMhAVRxe
2026-04-12T02:22:00.275Z,BfZ27pSjL3L8Abm8VuRs5MLjjP21Xv5tUL81Rkyepump,WID,filter_4,2026-04-11T20:41:42.289Z,340,1.177e-05,8192,16384,pumpswap,4zmdmfGwoNb2mfF9PJq2N7x38qpQMwBMphD3HMDx6dak
2026-04-12T02:22:00.436Z,EgiJdQ8dbQHWu1uKS6cQBPaF2sK3a7WFpkjHEgdDpump,Dodger,filter_3,2026-04-11T19:29:11.694Z,413,2.955e-05,16384,1048576,pumpswap,7yrRRCzf429YQ1xQgdZZMy5KQ5jtkkDC7gUZWyPerhXr
2026-04-12T02:22:00.598Z,7bfbBZXpMYbNjhZ6eQ8Ch8VFAbgcz4WsrY7JtQKcpump,BOATGUY,filter_1,2026-04-11T19:27:26.855Z,415,4.923e-06,4096,262144,pumpswap,6gALa6BfE8ce8pLYaEFsTkCtxozfbuBR5bMVK3nKeFD4
2026-04-12T02:22:00.758Z,4juv1Wq63My7Bc7rznMZTyuD4aQfRSZGW9uKqFXSpump,Asset,filter_1,2026-04-11T19:27:24.857Z,415,4.971e-06,8192,32768,pumpswap,6g8ZTMKCKvSsVX92g4SKoBESXgrDL2cR1WLg8i7GZPV9
2026-04-12T02:22:00.919Z,Aq6XmZSohMJeRGU9WswbyQo9paEcKrTEs3xdfDFtpump,Lia,filter_1,2026-04-11T19:25:27.104Z,417,2.047e-06,4096,524288,pumpswap,BsFk4E3Hm12Mg27XmBoDPuk27WAC78BPfN98AHHpDPcM
2026-04-12T02:22:01.080Z,AUZnnRTdybeMiHrxfueNyBgLHnu4H39kngUh84WMpump,MELANIA,filter_3,2026-04-11T19:24:02.559Z,418,0.0004341,65536,524288,pumpswap,DM9Xj9x8A8SEinJdoz4SJH2vdhBdPGSZmhL7DxBgwbBy
2026-04-12T02:22:01.241Z,56MEDV2H1M7DkaikaSg5vpibaSyWhgspCxgPwQJhpump,DNIGGA,filter_1,2026-04-11T19:22:24.852Z,420,2.022e-06,4096,65536,pumpswap,CAhVRREzXYHDvtu6iwACsei9vhv6mexsGm9hpkeVP1Kj
2026-04-12T02:22:01.403Z,A2Px3FMumMJ7W67VEp9ahFXueEyf9aHpei4TTJ5mpump,BABY,filter_3,2026-04-11T19:14:43.120Z,427,9.357e-06,8192,1048576,pumpswap,53UgNjZDC6mXsEDTowHLmKi2Y6jzjH2Ee3ybac7jEQRQ
2026-04-12T02:22:01.563Z,wutj1cNsMWyeu9ub61knDRCwU37aVvYuCBn8ZLPj7JL,ZHONEY,filter_1,2026-04-11T19:04:35.959Z,437,7.705e-06,8192,65536,pumpswap,CtYpMFyZqcJL7mPbDQU9o88g9QpkbzEFSC81J9FzFbF8
2026-04-12T02:22:01.761Z,4oFZFm3s8VKeCnwM2G5X5mZrsPivDyzCLvDYZmVipump,ClawFC,filter_1,2026-04-11T19:00:33.206Z,441,7.088e-06,8192,131072,pumpswap,BnbuPvQe2TNdhS7CSdsCGS1WY7FYu2kZti9adrqkqpZh
2026-04-12T02:22:01.922Z,5rniCpoweGXgsLZZDohw3fZA5yuXgt87df6GHAxWpump,MOTHER,filter_1,2026-04-11T18:17:31.505Z,484,7.068e-06,8192,65536,pumpswap,7dzsEYbuQoK1LLAiae7riygcwphP7BTbK6r7Vv94p28M
2026-04-12T02:22:02.082Z,3i8RByhvAaSWh2VSoVieAPzzmc4DpZC9WHVSsDzBpump,FOOLHOUSE,filter_2,2026-04-11T13:59:09.655Z,743,1.683e-06,4096,524288,pumpswap,G8AJyLtb85QyMbaXZe4k5DdTfLPTD8dEX9xDn2fKqQZD
2026-04-12T02:22:02.271Z,AutFvM5QZqtvjK2SrR8iLwvDEQ7ePnL14Rv7GPFvpump,TripleC,filter_2,2026-04-11T13:57:07.657Z,745,7.135e-06,8192,524288,pumpswap,Cvk9vLXa9wiqWTxb7q5EP3jdPow5ZBrdn1MLRmergW3v
2026-04-12T02:22:02.430Z,Dj2JhqEaKgPDo9se3A1dtSBVV1FFCxAfFa9SBBWmpump,GoldDancer,filter_2,2026-04-11T13:01:12.368Z,801,3.447e-05,16384,524288,pumpswap,9hovxHG2vADjGPe7S6agGTx5o72kgojobbpC5UVzLdt5
2026-04-12T02:22:02.589Z,ACtfUWtgvaXrQGNMiohTusi5jcx5RJf5zwu9aAxkpump,unc,filter_2,2026-04-11T11:21:14.804Z,901,0.0005297,65536,2097152,pumpswap,BWFZkx1pMpvwxammwTrizvoWzZZGiFEYUYW6Ee51SHLy
2026-04-12T02:22:02.754Z,51bywes8qqftjWhEZJZ3GvCM2ogximFejkKqa9kMpump,Marina,filter_2,2026-04-11T10:45:10.038Z,937,6.478e-05,16384,524288,pumpswap,ChmxH4uiGja7C2ht4KurCwXP8LLgtUgibFL1RwLNqeSG
2026-04-12T02:22:02.917Z,22a4gJyiBTjWsTaFAHiHoQTmXsptDy3iBHeqKQADpump,WLFI,filter_2,2026-04-11T08:08:14.642Z,1094,3.106e-05,16384,1048576,pumpswap,8JUXPRDDfRbDTN9fsQg1fLKw3u7DM9Cesodu1pcp6WA5
2026-04-12T02:22:03.077Z,J1iyLMzrc4G4WgDVmm33bes1Xwzd1mTcmvP8gubMpump,5,filter_2,2026-04-11T07:45:06.637Z,1117,1.96e-06,4096,524288,pumpswap,1HojmJ4JLUiwXz5PxPMAyvaWvk5WZSHGFm1SyQZHTQ2
2026-04-12T02:22:03.238Z,EQUU2gdzvmabX36rCxKSRSNJKtAedRHEiP8pikC8pump,emi,filter_2,2026-04-11T06:50:09.612Z,1172,9.232e-05,32768,2097152,pumpswap,A1eSqj58a8SWLfY9ecCZcfaWSgjYvEHXimiyoKHWG2qn
2026-04-12T02:22:03.399Z,5NmLAtsnwiZZbidywsSZYbZS3GtsoAEfa9HNHjGspump,PND,filter_2,2026-04-11T06:08:08.609Z,1214,1.016e-05,8192,1048576,pumpswap,G2GWEuB5ZA6p2qFxx4i4VViApW5P7aLrYJUv2vdgR5jm
2026-04-12T02:22:03.558Z,3DiHoTLRFzuMHmTBfo84Q22yX16Bv6XviFzgLaxnUJSe,SDR,filter_2,2026-04-11T05:05:14.827Z,1277,0.0002794,64,8388608,raydium,8jJMsUjNZDd32et5q7SXPx6QNQkRbbLK1exbNZfoTKcP
2026-04-12T02:22:03.784Z,8Ct8WT6TYTB9zTYxexAWthmWvYbLML9xmXcRFq2Rpump,METHANE,filter_2,2026-04-11T04:31:08.309Z,1311,1.744e-06,4096,131072,pumpswap,GBGkD83YH6d83NGuhhCKcnacPLoFUuexcCimVtPnhi4d
2026-04-12T02:22:03.996Z,BJMoyvAgJzpR1QEEdg8wkBe9PtCuzwCNW2aTzcn6pump,StepSis,filter_2,2026-04-11T02:26:13.472Z,1436,1.647e-06,4096,65536,pumpswap,BdkQUvcHsvnyNJQynnVWQfFusekQt3nVfGCP3WjQdBzB
2026-04-12T02:26:58.610Z,7Y445U5CAiLL4icyyPDonXy7zvGGML2TGjyMmwpDpump,WLFI,filter_1,2026-04-12T02:03:35.233Z,23,1.38e-05,8192,131072,pumpswap,EjzyuTwozXjagMTqqN6hjNpEyW3Q7rX3avE2otRRS8hv
2026-04-12T02:26:58.771Z,BRKFJs1jxrYBKR5sxBiuxTTbyipNBmT6GWenb3c9pump,TRUMP47,filter_5,2026-04-12T00:39:59.430Z,107,0.0002504,32768,524288,pumpswap,EgcA2ShdHZK4Sg7N6H7yGzTjxpTpunRrbzw231wLWeDh
2026-04-12T02:26:58.933Z,5xjSweEeRNTNHXpEiyp1XBUB2D3MMYCuU8khzgiZpump,FUDGE,filter_2,2026-04-12T00:02:34.174Z,144,2.784e-05,16384,32768,pumpswap,GXBAKvHDgXXwxWWGWmrepfpXstnghwVGEqBmAq2EQgQZ
2026-04-12T02:26:59.119Z,AQiYy4igZ6jeUS5nbTymwLaQfnEg5BAjjZsP1EZkEjBU,Dolores,filter_1,2026-04-11T23:52:34.399Z,154,3.854e-06,4096,65536,pumpswap,9MiNdc2ywiYUm2nr2KTGo8UCmjk3TdKLCZ2B4aAtZ9hq
2026-04-12T02:26:59.343Z,yLT7rHdaNkfnqfg5pxXxCTrx1Rsnagod16DnpKBpump,Nilly,filter_1,2026-04-11T23:45:34.391Z,161,3.437e-06,4096,131072,pumpswap,8vjkK4SAhZ6zkX7gox9DQEmpX7MbiKsp2gRjD4dAS21V
2026-04-12T02:26:59.504Z,9oVRwbx3Ray9bK7CKhqwfqY5NaWYjG3xj1DNYg2mpump,brainlet,filter_2,2026-04-11T22:44:55.606Z,222,1.893e-06,4096,524288,pumpswap,2PW331e9D7pmdELA1m1Uyq6pnEuj5BWB8m7dcBGgJ5xo
2026-04-12T02:26:59.667Z,9XhhPHKnvSd9R8Ygr8kHR6n8YNYd7SMzRHHPFeb2pump,doomer,filter_1,2026-04-11T22:10:33.845Z,256,1.978e-06,4096,262144,pumpswap,DqTPbpJo2UfNFy2v4dHjMoFg9S2wid1RZuF8qfwcJrHx
2026-04-12T02:26:59.830Z,2wwDzQLc3pwgcHrkCadio4Hn3bzYyCptRAewJAEXdoge,MARKC,filter_1,2026-04-11T21:57:35.843Z,269,4.978e-06,4096,65536,meteora,2rVNWK9fRajakX19wtrfJKGE3xNWeubnV5VpYxETUvPX
2026-04-12T02:26:59.993Z,NicGVyEGbJhn52gBtqWM18zKGzRSe9js98AZnRwY8eS,NEGRON,filter_2,2026-04-11T21:33:59.338Z,293,2.373e-07,65536,4194304,raydium,2rXfTt3Xh699TtAUruiz6Vs7vdTrsn55bEm2FKt9y8yE
2026-04-12T02:31:58.623Z,Hy58kFcGQuZ9qqbiJL5Ka8FPPmqfU6w4zSqNAyzbpump,Zoomer,filter_5,2026-04-12T02:21:55.989Z,10,7.092e-05,16384,524288,pumpswap,EvDD7gjtfLETpF8m8boLppTCHosWoyoy43AKSttyRia9
2026-04-12T02:31:58.786Z,AdD5EMoGMDiGXcgepXQXneB4fEZuS1QvKqDrN876pump,CRAFT,filter_1,2026-04-12T02:18:34.482Z,13,2.376e-05,16384,65536,pumpswap,Fq6wzHyzh8YXvGS7EYBSNPLs7cr3WSLBw4WCpp5Bbk9n
2026-04-12T02:31:58.947Z,9AEtb967xTMosjp9XFhvHLhscPNYgDWc15jFAZR8pump,RƎ́V,filter_1,2026-04-12T02:18:33.271Z,13,0.0001436,32768,32768,pumpswap,EMm9RL2tHvUvygLCu9WkUMBgnu29K2kePzUuWhiSjdMU
2026-04-12T02:31:59.109Z,BvHneYfnCYjfZE52iUhK4bqkcqJjYjMQUJb5FPhCpump,ALONSHOUSE,filter_2,2026-04-12T01:35:56.468Z,56,9.668e-05,32768,1048576,pumpswap,6KuCNvUu9NsgTFyo1vQGfeFqsoKq7Jq19LhZeQwtMMVr
2026-04-12T02:31:59.271Z,8yeUyEaxBkBgcG5i22zR6JiLmVPbA3p6FUBHjFLFpump,MOG,filter_1,2026-04-12T00:53:40.689Z,98,3.897e-06,4096,262144,pumpswap,8jL5pBxjqyhXzGwYDYZhvdifvuSiP7KWzU8ZCGgssRzk
2026-04-12T02:31:59.433Z,VXnX59zHN7j8FrA971nJij7q2RvPSPa3TioV236pump,COG,filter_1,2026-04-11T23:57:38.153Z,154,5.036e-06,4096,262144,pumpswap,DsEyaDvzkJHPnSwDU251c5pCP1V466nMpwh8KQzEeUuU
2026-04-12T02:31:59.595Z,3SNNxUYmrXUc1mQbtV2NGQTuGKVji4y3MWhyESTypump,CASSIE,filter_4,2026-04-11T23:18:36.635Z,193,3.631e-05,16384,131072,pumpswap,B6nQAKbBTm8xTFHBs4xGUqMJJu6JF5mBcmpEv8MPEQ1i
2026-04-12T02:31:59.756Z,6TRyMNFbS6y444mDECfaENQrVnvZP4XzMr2fa6f8pump,Trump,filter_6,2026-04-11T21:07:35.070Z,324,2.037e-06,4096,1048576,pumpswap,BJLaR38FZ2accuRrABzAWdiMeZ8mF3Ky5tL6q853bgBh
2026-04-12T02:31:59.916Z,EamB9vqC1b4aoyPR6t3hn6CWf48yny84xzCuFJMbpump,Peepa,filter_1,2026-04-11T20:47:42.794Z,344,9.104e-05,32768,1048576,pumpswap,BoB3Dvi5eLGFr86BexBPNY2ZXwMNjWhx3FVCep3X2Vj6
2026-04-12T02:32:00.076Z,AQGaTfXDcvinz6DuxfZEKKFp7hmiWDLis4FtK3chpump,Ivunka,filter_3,2026-04-11T20:41:43.544Z,350,2.613e-06,4096,524288,pumpswap,AHBtpXJ7csokwSXddEDxPFYHcA515g234kXTBMhAVRxe
2026-04-12T02:32:00.273Z,BfZ27pSjL3L8Abm8VuRs5MLjjP21Xv5tUL81Rkyepump,WID,filter_4,2026-04-11T20:41:42.289Z,350,1.177e-05,8192,16384,pumpswap,4zmdmfGwoNb2mfF9PJq2N7x38qpQMwBMphD3HMDx6dak
2026-04-12T02:32:00.436Z,EgiJdQ8dbQHWu1uKS6cQBPaF2sK3a7WFpkjHEgdDpump,Dodger,filter_3,2026-04-11T19:29:11.694Z,423,2.749e-05,16384,1048576,pumpswap,7yrRRCzf429YQ1xQgdZZMy5KQ5jtkkDC7gUZWyPerhXr
2026-04-12T02:32:00.602Z,7bfbBZXpMYbNjhZ6eQ8Ch8VFAbgcz4WsrY7JtQKcpump,BOATGUY,filter_1,2026-04-11T19:27:26.855Z,425,5.546e-06,4096,262144,pumpswap,6gALa6BfE8ce8pLYaEFsTkCtxozfbuBR5bMVK3nKeFD4
2026-04-12T02:32:00.787Z,4juv1Wq63My7Bc7rznMZTyuD4aQfRSZGW9uKqFXSpump,Asset,filter_1,2026-04-11T19:27:24.857Z,425,5.105e-06,8192,32768,pumpswap,6g8ZTMKCKvSsVX92g4SKoBESXgrDL2cR1WLg8i7GZPV9
2026-04-12T02:32:00.948Z,Aq6XmZSohMJeRGU9WswbyQo9paEcKrTEs3xdfDFtpump,Lia,filter_1,2026-04-11T19:25:27.104Z,427,2.047e-06,4096,524288,pumpswap,BsFk4E3Hm12Mg27XmBoDPuk27WAC78BPfN98AHHpDPcM
2026-04-12T02:32:01.133Z,AUZnnRTdybeMiHrxfueNyBgLHnu4H39kngUh84WMpump,MELANIA,filter_3,2026-04-11T19:24:02.559Z,428,0.0004723,65536,524288,pumpswap,DM9Xj9x8A8SEinJdoz4SJH2vdhBdPGSZmhL7DxBgwbBy
2026-04-12T02:32:01.295Z,56MEDV2H1M7DkaikaSg5vpibaSyWhgspCxgPwQJhpump,DNIGGA,filter_1,2026-04-11T19:22:24.852Z,430,2.018e-06,4096,65536,pumpswap,CAhVRREzXYHDvtu6iwACsei9vhv6mexsGm9hpkeVP1Kj
2026-04-12T02:32:01.484Z,A2Px3FMumMJ7W67VEp9ahFXueEyf9aHpei4TTJ5mpump,BABY,filter_3,2026-04-11T19:14:43.120Z,437,8.716e-06,8192,1048576,pumpswap,53UgNjZDC6mXsEDTowHLmKi2Y6jzjH2Ee3ybac7jEQRQ
2026-04-12T02:32:01.649Z,wutj1cNsMWyeu9ub61knDRCwU37aVvYuCBn8ZLPj7JL,ZHONEY,filter_1,2026-04-11T19:04:35.959Z,447,8.582e-06,8192,65536,pumpswap,CtYpMFyZqcJL7mPbDQU9o88g9QpkbzEFSC81J9FzFbF8
2026-04-12T02:32:01.810Z,4oFZFm3s8VKeCnwM2G5X5mZrsPivDyzCLvDYZmVipump,ClawFC,filter_1,2026-04-11T19:00:33.206Z,451,8.355e-06,8192,131072,pumpswap,BnbuPvQe2TNdhS7CSdsCGS1WY7FYu2kZti9adrqkqpZh
2026-04-12T02:32:02.000Z,5rniCpoweGXgsLZZDohw3fZA5yuXgt87df6GHAxWpump,MOTHER,filter_1,2026-04-11T18:17:31.505Z,494,7.05e-06,8192,65536,pumpswap,7dzsEYbuQoK1LLAiae7riygcwphP7BTbK6r7Vv94p28M
2026-04-12T02:32:02.162Z,3i8RByhvAaSWh2VSoVieAPzzmc4DpZC9WHVSsDzBpump,FOOLHOUSE,filter_2,2026-04-11T13:59:09.655Z,753,1.683e-06,4096,524288,pumpswap,G8AJyLtb85QyMbaXZe4k5DdTfLPTD8dEX9xDn2fKqQZD
2026-04-12T02:32:02.326Z,AutFvM5QZqtvjK2SrR8iLwvDEQ7ePnL14Rv7GPFvpump,TripleC,filter_2,2026-04-11T13:57:07.657Z,755,7.021e-06,8192,524288,pumpswap,Cvk9vLXa9wiqWTxb7q5EP3jdPow5ZBrdn1MLRmergW3v
2026-04-12T02:32:02.490Z,Dj2JhqEaKgPDo9se3A1dtSBVV1FFCxAfFa9SBBWmpump,GoldDancer,filter_2,2026-04-11T13:01:12.368Z,811,3.473e-05,16384,524288,pumpswap,9hovxHG2vADjGPe7S6agGTx5o72kgojobbpC5UVzLdt5
2026-04-12T02:32:02.656Z,ACtfUWtgvaXrQGNMiohTusi5jcx5RJf5zwu9aAxkpump,unc,filter_2,2026-04-11T11:21:14.804Z,911,0.0004967,65536,2097152,pumpswap,BWFZkx1pMpvwxammwTrizvoWzZZGiFEYUYW6Ee51SHLy
2026-04-12T02:32:02.818Z,51bywes8qqftjWhEZJZ3GvCM2ogximFejkKqa9kMpump,Marina,filter_2,2026-04-11T10:45:10.038Z,947,6.366e-05,16384,524288,pumpswap,ChmxH4uiGja7C2ht4KurCwXP8LLgtUgibFL1RwLNqeSG
2026-04-12T02:32:02.980Z,22a4gJyiBTjWsTaFAHiHoQTmXsptDy3iBHeqKQADpump,WLFI,filter_2,2026-04-11T08:08:14.642Z,1104,3.001e-05,16384,1048576,pumpswap,8JUXPRDDfRbDTN9fsQg1fLKw3u7DM9Cesodu1pcp6WA5
2026-04-12T02:32:03.165Z,J1iyLMzrc4G4WgDVmm33bes1Xwzd1mTcmvP8gubMpump,5,filter_2,2026-04-11T07:45:06.637Z,1127,1.681e-06,4096,524288,pumpswap,1HojmJ4JLUiwXz5PxPMAyvaWvk5WZSHGFm1SyQZHTQ2
2026-04-12T02:32:03.326Z,EQUU2gdzvmabX36rCxKSRSNJKtAedRHEiP8pikC8pump,emi,filter_2,2026-04-11T06:50:09.612Z,1182,8.51e-05,32768,2097152,pumpswap,A1eSqj58a8SWLfY9ecCZcfaWSgjYvEHXimiyoKHWG2qn
2026-04-12T02:32:03.512Z,5NmLAtsnwiZZbidywsSZYbZS3GtsoAEfa9HNHjGspump,PND,filter_2,2026-04-11T06:08:08.609Z,1224,8.759e-06,8192,1048576,pumpswap,G2GWEuB5ZA6p2qFxx4i4VViApW5P7aLrYJUv2vdgR5jm
2026-04-12T02:32:03.698Z,3DiHoTLRFzuMHmTBfo84Q22yX16Bv6XviFzgLaxnUJSe,SDR,filter_2,2026-04-11T05:05:14.827Z,1287,0.0002794,64,8388608,raydium,8jJMsUjNZDd32et5q7SXPx6QNQkRbbLK1exbNZfoTKcP
2026-04-12T02:32:03.891Z,8Ct8WT6TYTB9zTYxexAWthmWvYbLML9xmXcRFq2Rpump,METHANE,filter_2,2026-04-11T04:31:08.309Z,1321,1.744e-06,4096,131072,pumpswap,GBGkD83YH6d83NGuhhCKcnacPLoFUuexcCimVtPnhi4d
2026-04-12T02:36:58.612Z,7Y445U5CAiLL4icyyPDonXy7zvGGML2TGjyMmwpDpump,WLFI,filter_1,2026-04-12T02:03:35.233Z,33,1.337e-05,8192,131072,pumpswap,EjzyuTwozXjagMTqqN6hjNpEyW3Q7rX3avE2otRRS8hv
2026-04-12T02:36:58.773Z,BRKFJs1jxrYBKR5sxBiuxTTbyipNBmT6GWenb3c9pump,TRUMP47,filter_5,2026-04-12T00:39:59.430Z,117,0.0002062,32768,524288,pumpswap,EgcA2ShdHZK4Sg7N6H7yGzTjxpTpunRrbzw231wLWeDh
2026-04-12T02:36:58.934Z,5xjSweEeRNTNHXpEiyp1XBUB2D3MMYCuU8khzgiZpump,FUDGE,filter_2,2026-04-12T00:02:34.174Z,154,3.147e-05,16384,32768,pumpswap,GXBAKvHDgXXwxWWGWmrepfpXstnghwVGEqBmAq2EQgQZ
2026-04-12T02:36:59.135Z,AQiYy4igZ6jeUS5nbTymwLaQfnEg5BAjjZsP1EZkEjBU,Dolores,filter_1,2026-04-11T23:52:34.399Z,164,4.642e-06,4096,65536,pumpswap,9MiNdc2ywiYUm2nr2KTGo8UCmjk3TdKLCZ2B4aAtZ9hq
2026-04-12T02:36:59.296Z,yLT7rHdaNkfnqfg5pxXxCTrx1Rsnagod16DnpKBpump,Nilly,filter_1,2026-04-11T23:45:34.391Z,171,3.397e-06,4096,131072,pumpswap,8vjkK4SAhZ6zkX7gox9DQEmpX7MbiKsp2gRjD4dAS21V
2026-04-12T02:36:59.456Z,9oVRwbx3Ray9bK7CKhqwfqY5NaWYjG3xj1DNYg2mpump,brainlet,filter_2,2026-04-11T22:44:55.606Z,232,1.872e-06,4096,524288,pumpswap,2PW331e9D7pmdELA1m1Uyq6pnEuj5BWB8m7dcBGgJ5xo
2026-04-12T02:36:59.616Z,9XhhPHKnvSd9R8Ygr8kHR6n8YNYd7SMzRHHPFeb2pump,doomer,filter_1,2026-04-11T22:10:33.845Z,266,1.894e-06,4096,262144,pumpswap,DqTPbpJo2UfNFy2v4dHjMoFg9S2wid1RZuF8qfwcJrHx
2026-04-12T02:36:59.801Z,2wwDzQLc3pwgcHrkCadio4Hn3bzYyCptRAewJAEXdoge,MARKC,filter_1,2026-04-11T21:57:35.843Z,279,5.026e-06,4096,65536,meteora,2rVNWK9fRajakX19wtrfJKGE3xNWeubnV5VpYxETUvPX
2026-04-12T02:36:59.960Z,NicGVyEGbJhn52gBtqWM18zKGzRSe9js98AZnRwY8eS,NEGRON,filter_2,2026-04-11T21:33:59.338Z,303,2.378e-07,65536,4194304,raydium,2rXfTt3Xh699TtAUruiz6Vs7vdTrsn55bEm2FKt9y8yE
2026-04-12T02:41:58.616Z,Hy58kFcGQuZ9qqbiJL5Ka8FPPmqfU6w4zSqNAyzbpump,Zoomer,filter_5,2026-04-12T02:21:55.989Z,20,4.849e-05,16384,524288,pumpswap,EvDD7gjtfLETpF8m8boLppTCHosWoyoy43AKSttyRia9
2026-04-12T02:41:58.776Z,AdD5EMoGMDiGXcgepXQXneB4fEZuS1QvKqDrN876pump,CRAFT,filter_1,2026-04-12T02:18:34.482Z,23,2.701e-05,16384,65536,pumpswap,Fq6wzHyzh8YXvGS7EYBSNPLs7cr3WSLBw4WCpp5Bbk9n
2026-04-12T02:41:58.968Z,9AEtb967xTMosjp9XFhvHLhscPNYgDWc15jFAZR8pump,RƎ́V,filter_1,2026-04-12T02:18:33.271Z,23,0.0001423,32768,32768,pumpswap,EMm9RL2tHvUvygLCu9WkUMBgnu29K2kePzUuWhiSjdMU
2026-04-12T02:41:59.130Z,BvHneYfnCYjfZE52iUhK4bqkcqJjYjMQUJb5FPhCpump,ALONSHOUSE,filter_2,2026-04-12T01:35:56.468Z,66,0.0001217,32768,1048576,pumpswap,6KuCNvUu9NsgTFyo1vQGfeFqsoKq7Jq19LhZeQwtMMVr
2026-04-12T02:41:59.289Z,8yeUyEaxBkBgcG5i22zR6JiLmVPbA3p6FUBHjFLFpump,MOG,filter_1,2026-04-12T00:53:40.689Z,108,3.486e-06,4096,262144,pumpswap,8jL5pBxjqyhXzGwYDYZhvdifvuSiP7KWzU8ZCGgssRzk
2026-04-12T02:41:59.447Z,VXnX59zHN7j8FrA971nJij7q2RvPSPa3TioV236pump,COG,filter_1,2026-04-11T23:57:38.153Z,164,4.805e-06,4096,262144,pumpswap,DsEyaDvzkJHPnSwDU251c5pCP1V466nMpwh8KQzEeUuU
2026-04-12T02:41:59.608Z,3SNNxUYmrXUc1mQbtV2NGQTuGKVji4y3MWhyESTypump,CASSIE,filter_4,2026-04-11T23:18:36.635Z,203,4.099e-05,16384,131072,pumpswap,B6nQAKbBTm8xTFHBs4xGUqMJJu6JF5mBcmpEv8MPEQ1i
2026-04-12T02:41:59.767Z,6TRyMNFbS6y444mDECfaENQrVnvZP4XzMr2fa6f8pump,Trump,filter_6,2026-04-11T21:07:35.070Z,334,2.037e-06,4096,1048576,pumpswap,BJLaR38FZ2accuRrABzAWdiMeZ8mF3Ky5tL6q853bgBh
2026-04-12T02:41:59.927Z,EamB9vqC1b4aoyPR6t3hn6CWf48yny84xzCuFJMbpump,Peepa,filter_1,2026-04-11T20:47:42.794Z,354,9.2e-05,32768,1048576,pumpswap,BoB3Dvi5eLGFr86BexBPNY2ZXwMNjWhx3FVCep3X2Vj6
2026-04-12T02:42:00.086Z,AQGaTfXDcvinz6DuxfZEKKFp7hmiWDLis4FtK3chpump,Ivunka,filter_3,2026-04-11T20:41:43.544Z,360,2.612e-06,4096,524288,pumpswap,AHBtpXJ7csokwSXddEDxPFYHcA515g234kXTBMhAVRxe
2026-04-12T02:42:00.281Z,BfZ27pSjL3L8Abm8VuRs5MLjjP21Xv5tUL81Rkyepump,WID,filter_4,2026-04-11T20:41:42.289Z,360,1.175e-05,8192,16384,pumpswap,4zmdmfGwoNb2mfF9PJq2N7x38qpQMwBMphD3HMDx6dak
2026-04-12T02:42:00.442Z,EgiJdQ8dbQHWu1uKS6cQBPaF2sK3a7WFpkjHEgdDpump,Dodger,filter_3,2026-04-11T19:29:11.694Z,433,2.726e-05,16384,1048576,pumpswap,7yrRRCzf429YQ1xQgdZZMy5KQ5jtkkDC7gUZWyPerhXr
2026-04-12T02:42:00.601Z,7bfbBZXpMYbNjhZ6eQ8Ch8VFAbgcz4WsrY7JtQKcpump,BOATGUY,filter_1,2026-04-11T19:27:26.855Z,435,5.391e-06,4096,262144,pumpswap,6gALa6BfE8ce8pLYaEFsTkCtxozfbuBR5bMVK3nKeFD4
2026-04-12T02:42:00.783Z,4juv1Wq63My7Bc7rznMZTyuD4aQfRSZGW9uKqFXSpump,Asset,filter_1,2026-04-11T19:27:24.857Z,435,5.184e-06,8192,32768,pumpswap,6g8ZTMKCKvSsVX92g4SKoBESXgrDL2cR1WLg8i7GZPV9
2026-04-12T02:42:00.942Z,Aq6XmZSohMJeRGU9WswbyQo9paEcKrTEs3xdfDFtpump,Lia,filter_1,2026-04-11T19:25:27.104Z,437,1.938e-06,4096,524288,pumpswap,BsFk4E3Hm12Mg27XmBoDPuk27WAC78BPfN98AHHpDPcM
2026-04-12T02:42:01.131Z,AUZnnRTdybeMiHrxfueNyBgLHnu4H39kngUh84WMpump,MELANIA,filter_3,2026-04-11T19:24:02.559Z,438,0.0004956,65536,524288,pumpswap,DM9Xj9x8A8SEinJdoz4SJH2vdhBdPGSZmhL7DxBgwbBy
2026-04-12T02:42:01.290Z,56MEDV2H1M7DkaikaSg5vpibaSyWhgspCxgPwQJhpump,DNIGGA,filter_1,2026-04-11T19:22:24.852Z,440,2.018e-06,4096,65536,pumpswap,CAhVRREzXYHDvtu6iwACsei9vhv6mexsGm9hpkeVP1Kj
2026-04-12T02:42:01.450Z,A2Px3FMumMJ7W67VEp9ahFXueEyf9aHpei4TTJ5mpump,BABY,filter_3,2026-04-11T19:14:43.120Z,447,7.776e-06,8192,1048576,pumpswap,53UgNjZDC6mXsEDTowHLmKi2Y6jzjH2Ee3ybac7jEQRQ
2026-04-12T02:42:01.610Z,wutj1cNsMWyeu9ub61knDRCwU37aVvYuCBn8ZLPj7JL,ZHONEY,filter_1,2026-04-11T19:04:35.959Z,457,9.234e-06,8192,65536,pumpswap,CtYpMFyZqcJL7mPbDQU9o88g9QpkbzEFSC81J9FzFbF8
2026-04-12T02:42:01.769Z,4oFZFm3s8VKeCnwM2G5X5mZrsPivDyzCLvDYZmVipump,ClawFC,filter_1,2026-04-11T19:00:33.206Z,461,9.033e-06,8192,131072,pumpswap,BnbuPvQe2TNdhS7CSdsCGS1WY7FYu2kZti9adrqkqpZh
2026-04-12T02:42:01.930Z,5rniCpoweGXgsLZZDohw3fZA5yuXgt87df6GHAxWpump,MOTHER,filter_1,2026-04-11T18:17:31.505Z,504,7.05e-06,8192,65536,pumpswap,7dzsEYbuQoK1LLAiae7riygcwphP7BTbK6r7Vv94p28M
2026-04-12T02:42:02.088Z,3i8RByhvAaSWh2VSoVieAPzzmc4DpZC9WHVSsDzBpump,FOOLHOUSE,filter_2,2026-04-11T13:59:09.655Z,763,1.683e-06,4096,524288,pumpswap,G8AJyLtb85QyMbaXZe4k5DdTfLPTD8dEX9xDn2fKqQZD
2026-04-12T02:42:02.280Z,AutFvM5QZqtvjK2SrR8iLwvDEQ7ePnL14Rv7GPFvpump,TripleC,filter_2,2026-04-11T13:57:07.657Z,765,6.743e-06,8192,524288,pumpswap,Cvk9vLXa9wiqWTxb7q5EP3jdPow5ZBrdn1MLRmergW3v
2026-04-12T02:42:02.444Z,Dj2JhqEaKgPDo9se3A1dtSBVV1FFCxAfFa9SBBWmpump,GoldDancer,filter_2,2026-04-11T13:01:12.368Z,821,3.009e-05,16384,524288,pumpswap,9hovxHG2vADjGPe7S6agGTx5o72kgojobbpC5UVzLdt5
2026-04-12T02:42:02.607Z,ACtfUWtgvaXrQGNMiohTusi5jcx5RJf5zwu9aAxkpump,unc,filter_2,2026-04-11T11:21:14.804Z,921,0.0005316,65536,2097152,pumpswap,BWFZkx1pMpvwxammwTrizvoWzZZGiFEYUYW6Ee51SHLy
2026-04-12T02:42:02.768Z,51bywes8qqftjWhEZJZ3GvCM2ogximFejkKqa9kMpump,Marina,filter_2,2026-04-11T10:45:10.038Z,957,6.381e-05,16384,524288,pumpswap,ChmxH4uiGja7C2ht4KurCwXP8LLgtUgibFL1RwLNqeSG
2026-04-12T02:42:02.928Z,22a4gJyiBTjWsTaFAHiHoQTmXsptDy3iBHeqKQADpump,WLFI,filter_2,2026-04-11T08:08:14.642Z,1114,2.738e-05,16384,1048576,pumpswap,8JUXPRDDfRbDTN9fsQg1fLKw3u7DM9Cesodu1pcp6WA5
2026-04-12T02:42:03.087Z,J1iyLMzrc4G4WgDVmm33bes1Xwzd1mTcmvP8gubMpump,5,filter_2,2026-04-11T07:45:06.637Z,1137,1.681e-06,4096,524288,pumpswap,1HojmJ4JLUiwXz5PxPMAyvaWvk5WZSHGFm1SyQZHTQ2
2026-04-12T02:42:03.246Z,EQUU2gdzvmabX36rCxKSRSNJKtAedRHEiP8pikC8pump,emi,filter_2,2026-04-11T06:50:09.612Z,1192,8.2e-05,32768,2097152,pumpswap,A1eSqj58a8SWLfY9ecCZcfaWSgjYvEHXimiyoKHWG2qn
2026-04-12T02:42:03.429Z,5NmLAtsnwiZZbidywsSZYbZS3GtsoAEfa9HNHjGspump,PND,filter_2,2026-04-11T06:08:08.609Z,1234,8.574e-06,8192,1048576,pumpswap,G2GWEuB5ZA6p2qFxx4i4VViApW5P7aLrYJUv2vdgR5jm
2026-04-12T02:42:03.589Z,3DiHoTLRFzuMHmTBfo84Q22yX16Bv6XviFzgLaxnUJSe,SDR,filter_2,2026-04-11T05:05:14.827Z,1297,0.0002794,64,8388608,raydium,8jJMsUjNZDd32et5q7SXPx6QNQkRbbLK1exbNZfoTKcP
2026-04-12T02:42:03.749Z,8Ct8WT6TYTB9zTYxexAWthmWvYbLML9xmXcRFq2Rpump,METHANE,filter_2,2026-04-11T04:31:08.309Z,1331,1.744e-06,4096,131072,pumpswap,GBGkD83YH6d83NGuhhCKcnacPLoFUuexcCimVtPnhi4d
2026-04-12T02:46:58.616Z,7Y445U5CAiLL4icyyPDonXy7zvGGML2TGjyMmwpDpump,WLFI,filter_1,2026-04-12T02:03:35.233Z,43,1.157e-05,8192,131072,pumpswap,EjzyuTwozXjagMTqqN6hjNpEyW3Q7rX3avE2otRRS8hv
2026-04-12T02:46:58.778Z,BRKFJs1jxrYBKR5sxBiuxTTbyipNBmT6GWenb3c9pump,TRUMP47,filter_5,2026-04-12T00:39:59.430Z,127,0.0002239,32768,524288,pumpswap,EgcA2ShdHZK4Sg7N6H7yGzTjxpTpunRrbzw231wLWeDh
2026-04-12T02:46:58.938Z,5xjSweEeRNTNHXpEiyp1XBUB2D3MMYCuU8khzgiZpump,FUDGE,filter_2,2026-04-12T00:02:34.174Z,164,3.147e-05,16384,32768,pumpswap,GXBAKvHDgXXwxWWGWmrepfpXstnghwVGEqBmAq2EQgQZ
2026-04-12T02:46:59.125Z,AQiYy4igZ6jeUS5nbTymwLaQfnEg5BAjjZsP1EZkEjBU,Dolores,filter_1,2026-04-11T23:52:34.399Z,174,3.412e-06,4096,65536,pumpswap,9MiNdc2ywiYUm2nr2KTGo8UCmjk3TdKLCZ2B4aAtZ9hq
2026-04-12T02:46:59.287Z,yLT7rHdaNkfnqfg5pxXxCTrx1Rsnagod16DnpKBpump,Nilly,filter_1,2026-04-11T23:45:34.391Z,181,3.358e-06,4096,131072,pumpswap,8vjkK4SAhZ6zkX7gox9DQEmpX7MbiKsp2gRjD4dAS21V
2026-04-12T02:46:59.445Z,9oVRwbx3Ray9bK7CKhqwfqY5NaWYjG3xj1DNYg2mpump,brainlet,filter_2,2026-04-11T22:44:55.606Z,242,1.872e-06,4096,524288,pumpswap,2PW331e9D7pmdELA1m1Uyq6pnEuj5BWB8m7dcBGgJ5xo
2026-04-12T02:46:59.606Z,9XhhPHKnvSd9R8Ygr8kHR6n8YNYd7SMzRHHPFeb2pump,doomer,filter_1,2026-04-11T22:10:33.845Z,276,1.813e-06,4096,262144,pumpswap,DqTPbpJo2UfNFy2v4dHjMoFg9S2wid1RZuF8qfwcJrHx
2026-04-12T02:46:59.801Z,2wwDzQLc3pwgcHrkCadio4Hn3bzYyCptRAewJAEXdoge,MARKC,filter_1,2026-04-11T21:57:35.843Z,289,4.971e-06,4096,65536,meteora,2rVNWK9fRajakX19wtrfJKGE3xNWeubnV5VpYxETUvPX
2026-04-12T02:46:59.991Z,NicGVyEGbJhn52gBtqWM18zKGzRSe9js98AZnRwY8eS,NEGRON,filter_2,2026-04-11T21:33:59.338Z,313,2.394e-07,65536,4194304,raydium,2rXfTt3Xh699TtAUruiz6Vs7vdTrsn55bEm2FKt9y8yE
2026-04-12T02:51:58.621Z,9AEtb967xTMosjp9XFhvHLhscPNYgDWc15jFAZR8pump,RƎ́V,filter_1,2026-04-12T02:44:33.253Z,7,0.0001403,32768,32768,pumpswap,EMm9RL2tHvUvygLCu9WkUMBgnu29K2kePzUuWhiSjdMU
2026-04-12T02:51:58.781Z,Hy58kFcGQuZ9qqbiJL5Ka8FPPmqfU6w4zSqNAyzbpump,Zoomer,filter_5,2026-04-12T02:21:55.989Z,30,2.871e-05,16384,524288,pumpswap,EvDD7gjtfLETpF8m8boLppTCHosWoyoy43AKSttyRia9
2026-04-12T02:51:58.941Z,AdD5EMoGMDiGXcgepXQXneB4fEZuS1QvKqDrN876pump,CRAFT,filter_1,2026-04-12T02:18:34.482Z,33,2.8e-05,16384,65536,pumpswap,Fq6wzHyzh8YXvGS7EYBSNPLs7cr3WSLBw4WCpp5Bbk9n
2026-04-12T02:51:59.100Z,BvHneYfnCYjfZE52iUhK4bqkcqJjYjMQUJb5FPhCpump,ALONSHOUSE,filter_2,2026-04-12T01:35:56.468Z,76,9.991e-05,32768,1048576,pumpswap,6KuCNvUu9NsgTFyo1vQGfeFqsoKq7Jq19LhZeQwtMMVr
2026-04-12T02:51:59.261Z,8yeUyEaxBkBgcG5i22zR6JiLmVPbA3p6FUBHjFLFpump,MOG,filter_1,2026-04-12T00:53:40.689Z,118,3.205e-06,4096,262144,pumpswap,8jL5pBxjqyhXzGwYDYZhvdifvuSiP7KWzU8ZCGgssRzk
2026-04-12T02:51:59.421Z,VXnX59zHN7j8FrA971nJij7q2RvPSPa3TioV236pump,COG,filter_1,2026-04-11T23:57:38.153Z,174,4.805e-06,4096,262144,pumpswap,DsEyaDvzkJHPnSwDU251c5pCP1V466nMpwh8KQzEeUuU
2026-04-12T02:51:59.581Z,3SNNxUYmrXUc1mQbtV2NGQTuGKVji4y3MWhyESTypump,CASSIE,filter_4,2026-04-11T23:18:36.635Z,213,3.84e-05,16384,131072,pumpswap,B6nQAKbBTm8xTFHBs4xGUqMJJu6JF5mBcmpEv8MPEQ1i
2026-04-12T02:51:59.740Z,6TRyMNFbS6y444mDECfaENQrVnvZP4XzMr2fa6f8pump,Trump,filter_6,2026-04-11T21:07:35.070Z,344,2.037e-06,4096,1048576,pumpswap,BJLaR38FZ2accuRrABzAWdiMeZ8mF3Ky5tL6q853bgBh
2026-04-12T02:51:59.901Z,EamB9vqC1b4aoyPR6t3hn6CWf48yny84xzCuFJMbpump,Peepa,filter_1,2026-04-11T20:47:42.794Z,364,9.335e-05,32768,1048576,pumpswap,BoB3Dvi5eLGFr86BexBPNY2ZXwMNjWhx3FVCep3X2Vj6
2026-04-12T02:52:00.062Z,AQGaTfXDcvinz6DuxfZEKKFp7hmiWDLis4FtK3chpump,Ivunka,filter_3,2026-04-11T20:41:43.544Z,370,2.612e-06,4096,524288,pumpswap,AHBtpXJ7csokwSXddEDxPFYHcA515g234kXTBMhAVRxe
2026-04-12T02:52:00.276Z,BfZ27pSjL3L8Abm8VuRs5MLjjP21Xv5tUL81Rkyepump,WID,filter_4,2026-04-11T20:41:42.289Z,370,1.175e-05,8192,16384,pumpswap,4zmdmfGwoNb2mfF9PJq2N7x38qpQMwBMphD3HMDx6dak
2026-04-12T02:52:00.436Z,EgiJdQ8dbQHWu1uKS6cQBPaF2sK3a7WFpkjHEgdDpump,Dodger,filter_3,2026-04-11T19:29:11.694Z,443,2.527e-05,16384,1048576,pumpswap,7yrRRCzf429YQ1xQgdZZMy5KQ5jtkkDC7gUZWyPerhXr
2026-04-12T02:52:00.597Z,7bfbBZXpMYbNjhZ6eQ8Ch8VFAbgcz4WsrY7JtQKcpump,BOATGUY,filter_1,2026-04-11T19:27:26.855Z,445,5.187e-06,4096,262144,pumpswap,6gALa6BfE8ce8pLYaEFsTkCtxozfbuBR5bMVK3nKeFD4
2026-04-12T02:52:00.781Z,4juv1Wq63My7Bc7rznMZTyuD4aQfRSZGW9uKqFXSpump,Asset,filter_1,2026-04-11T19:27:24.857Z,445,5.144e-06,8192,32768,pumpswap,6g8ZTMKCKvSsVX92g4SKoBESXgrDL2cR1WLg8i7GZPV9
2026-04-12T02:52:00.940Z,Aq6XmZSohMJeRGU9WswbyQo9paEcKrTEs3xdfDFtpump,Lia,filter_1,2026-04-11T19:25:27.104Z,447,1.938e-06,4096,524288,pumpswap,BsFk4E3Hm12Mg27XmBoDPuk27WAC78BPfN98AHHpDPcM
2026-04-12T02:52:01.098Z,AUZnnRTdybeMiHrxfueNyBgLHnu4H39kngUh84WMpump,MELANIA,filter_3,2026-04-11T19:24:02.559Z,448,0.0004826,65536,524288,pumpswap,DM9Xj9x8A8SEinJdoz4SJH2vdhBdPGSZmhL7DxBgwbBy
2026-04-12T02:52:01.260Z,56MEDV2H1M7DkaikaSg5vpibaSyWhgspCxgPwQJhpump,DNIGGA,filter_1,2026-04-11T19:22:24.852Z,450,2.007e-06,4096,65536,pumpswap,CAhVRREzXYHDvtu6iwACsei9vhv6mexsGm9hpkeVP1Kj
2026-04-12T02:52:01.421Z,A2Px3FMumMJ7W67VEp9ahFXueEyf9aHpei4TTJ5mpump,BABY,filter_3,2026-04-11T19:14:43.120Z,457,7.074e-06,8192,1048576,pumpswap,53UgNjZDC6mXsEDTowHLmKi2Y6jzjH2Ee3ybac7jEQRQ
2026-04-12T02:52:01.582Z,wutj1cNsMWyeu9ub61knDRCwU37aVvYuCBn8ZLPj7JL,ZHONEY,filter_1,2026-04-11T19:04:35.959Z,467,9.234e-06,8192,65536,pumpswap,CtYpMFyZqcJL7mPbDQU9o88g9QpkbzEFSC81J9FzFbF8
2026-04-12T02:52:01.739Z,4oFZFm3s8VKeCnwM2G5X5mZrsPivDyzCLvDYZmVipump,ClawFC,filter_1,2026-04-11T19:00:33.206Z,471,9.036e-06,8192,131072,pumpswap,BnbuPvQe2TNdhS7CSdsCGS1WY7FYu2kZti9adrqkqpZh
2026-04-12T02:52:01.904Z,5rniCpoweGXgsLZZDohw3fZA5yuXgt87df6GHAxWpump,MOTHER,filter_1,2026-04-11T18:17:31.505Z,514,6.722e-06,8192,65536,pumpswap,7dzsEYbuQoK1LLAiae7riygcwphP7BTbK6r7Vv94p28M
2026-04-12T02:52:02.065Z,3i8RByhvAaSWh2VSoVieAPzzmc4DpZC9WHVSsDzBpump,FOOLHOUSE,filter_2,2026-04-11T13:59:09.655Z,773,1.683e-06,4096,524288,pumpswap,G8AJyLtb85QyMbaXZe4k5DdTfLPTD8dEX9xDn2fKqQZD
2026-04-12T02:52:02.248Z,AutFvM5QZqtvjK2SrR8iLwvDEQ7ePnL14Rv7GPFvpump,TripleC,filter_2,2026-04-11T13:57:07.657Z,775,6.611e-06,8192,524288,pumpswap,Cvk9vLXa9wiqWTxb7q5EP3jdPow5ZBrdn1MLRmergW3v
2026-04-12T02:52:02.408Z,Dj2JhqEaKgPDo9se3A1dtSBVV1FFCxAfFa9SBBWmpump,GoldDancer,filter_2,2026-04-11T13:01:12.368Z,831,2.977e-05,16384,524288,pumpswap,9hovxHG2vADjGPe7S6agGTx5o72kgojobbpC5UVzLdt5
2026-04-12T02:52:02.566Z,ACtfUWtgvaXrQGNMiohTusi5jcx5RJf5zwu9aAxkpump,unc,filter_2,2026-04-11T11:21:14.804Z,931,0.0005602,65536,2097152,pumpswap,BWFZkx1pMpvwxammwTrizvoWzZZGiFEYUYW6Ee51SHLy
2026-04-12T02:52:02.727Z,51bywes8qqftjWhEZJZ3GvCM2ogximFejkKqa9kMpump,Marina,filter_2,2026-04-11T10:45:10.038Z,967,6.278e-05,16384,524288,pumpswap,ChmxH4uiGja7C2ht4KurCwXP8LLgtUgibFL1RwLNqeSG
2026-04-12T02:52:02.908Z,22a4gJyiBTjWsTaFAHiHoQTmXsptDy3iBHeqKQADpump,WLFI,filter_2,2026-04-11T08:08:14.642Z,1124,2.702e-05,16384,1048576,pumpswap,8JUXPRDDfRbDTN9fsQg1fLKw3u7DM9Cesodu1pcp6WA5
2026-04-12T02:52:03.068Z,J1iyLMzrc4G4WgDVmm33bes1Xwzd1mTcmvP8gubMpump,5,filter_2,2026-04-11T07:45:06.637Z,1147,1.681e-06,4096,524288,pumpswap,1HojmJ4JLUiwXz5PxPMAyvaWvk5WZSHGFm1SyQZHTQ2
2026-04-12T02:52:03.227Z,EQUU2gdzvmabX36rCxKSRSNJKtAedRHEiP8pikC8pump,emi,filter_2,2026-04-11T06:50:09.612Z,1202,8.08e-05,32768,2097152,pumpswap,A1eSqj58a8SWLfY9ecCZcfaWSgjYvEHXimiyoKHWG2qn
2026-04-12T02:52:03.413Z,5NmLAtsnwiZZbidywsSZYbZS3GtsoAEfa9HNHjGspump,PND,filter_2,2026-04-11T06:08:08.609Z,1244,8.05e-06,8192,1048576,pumpswap,G2GWEuB5ZA6p2qFxx4i4VViApW5P7aLrYJUv2vdgR5jm
2026-04-12T02:52:03.608Z,3DiHoTLRFzuMHmTBfo84Q22yX16Bv6XviFzgLaxnUJSe,SDR,filter_2,2026-04-11T05:05:14.827Z,1307,0.0002794,64,8388608,raydium,8jJMsUjNZDd32et5q7SXPx6QNQkRbbLK1exbNZfoTKcP
2026-04-12T02:52:03.808Z,8Ct8WT6TYTB9zTYxexAWthmWvYbLML9xmXcRFq2Rpump,METHANE,filter_2,2026-04-11T04:31:08.309Z,1341,1.744e-06,4096,131072,pumpswap,GBGkD83YH6d83NGuhhCKcnacPLoFUuexcCimVtPnhi4d
2026-04-12T02:56:58.621Z,ApvxrH4oet42G4mgHZTtYZ9h2yMwhNZqs7Tqu1Ebpump,NIKUTA,filter_1,2026-04-12T02:54:37.749Z,2,8.28e-06,8192,131072,pumpswap,BLzb2UKri4YMnAeqc8VgWioAz8zN62LrcDsaJB3VcK22
2026-04-12T02:56:58.806Z,7Y445U5CAiLL4icyyPDonXy7zvGGML2TGjyMmwpDpump,WLFI,filter_1,2026-04-12T02:03:35.233Z,53,1.698e-05,8192,131072,pumpswap,EjzyuTwozXjagMTqqN6hjNpEyW3Q7rX3avE2otRRS8hv
2026-04-12T02:56:58.969Z,BRKFJs1jxrYBKR5sxBiuxTTbyipNBmT6GWenb3c9pump,TRUMP47,filter_5,2026-04-12T00:39:59.430Z,137,0.0002389,32768,524288,pumpswap,EgcA2ShdHZK4Sg7N6H7yGzTjxpTpunRrbzw231wLWeDh
2026-04-12T02:56:59.129Z,5xjSweEeRNTNHXpEiyp1XBUB2D3MMYCuU8khzgiZpump,FUDGE,filter_2,2026-04-12T00:02:34.174Z,174,3.109e-05,16384,32768,pumpswap,GXBAKvHDgXXwxWWGWmrepfpXstnghwVGEqBmAq2EQgQZ
2026-04-12T02:56:59.315Z,AQiYy4igZ6jeUS5nbTymwLaQfnEg5BAjjZsP1EZkEjBU,Dolores,filter_1,2026-04-11T23:52:34.399Z,184,3.47e-06,4096,65536,pumpswap,9MiNdc2ywiYUm2nr2KTGo8UCmjk3TdKLCZ2B4aAtZ9hq
2026-04-12T02:56:59.475Z,yLT7rHdaNkfnqfg5pxXxCTrx1Rsnagod16DnpKBpump,Nilly,filter_1,2026-04-11T23:45:34.391Z,191,3.358e-06,4096,131072,pumpswap,8vjkK4SAhZ6zkX7gox9DQEmpX7MbiKsp2gRjD4dAS21V
2026-04-12T02:56:59.634Z,9oVRwbx3Ray9bK7CKhqwfqY5NaWYjG3xj1DNYg2mpump,brainlet,filter_2,2026-04-11T22:44:55.606Z,252,1.872e-06,4096,524288,pumpswap,2PW331e9D7pmdELA1m1Uyq6pnEuj5BWB8m7dcBGgJ5xo
2026-04-12T02:56:59.793Z,9XhhPHKnvSd9R8Ygr8kHR6n8YNYd7SMzRHHPFeb2pump,doomer,filter_1,2026-04-11T22:10:33.845Z,286,1.813e-06,4096,262144,pumpswap,DqTPbpJo2UfNFy2v4dHjMoFg9S2wid1RZuF8qfwcJrHx
2026-04-12T02:56:59.979Z,2wwDzQLc3pwgcHrkCadio4Hn3bzYyCptRAewJAEXdoge,MARKC,filter_1,2026-04-11T21:57:35.843Z,299,4.971e-06,4096,65536,meteora,2rVNWK9fRajakX19wtrfJKGE3xNWeubnV5VpYxETUvPX
2026-04-12T02:57:00.140Z,NicGVyEGbJhn52gBtqWM18zKGzRSe9js98AZnRwY8eS,NEGRON,filter_2,2026-04-11T21:33:59.338Z,323,2.393e-07,65536,4194304,raydium,2rXfTt3Xh699TtAUruiz6Vs7vdTrsn55bEm2FKt9y8yE
2026-04-12T03:01:58.619Z,9AEtb967xTMosjp9XFhvHLhscPNYgDWc15jFAZR8pump,RƎ́V,filter_1,2026-04-12T02:44:33.253Z,17,0.00014,32768,32768,pumpswap,EMm9RL2tHvUvygLCu9WkUMBgnu29K2kePzUuWhiSjdMU
2026-04-12T03:01:58.778Z,Hy58kFcGQuZ9qqbiJL5Ka8FPPmqfU6w4zSqNAyzbpump,Zoomer,filter_5,2026-04-12T02:21:55.989Z,40,2.5e-05,16384,524288,pumpswap,EvDD7gjtfLETpF8m8boLppTCHosWoyoy43AKSttyRia9
2026-04-12T03:01:58.937Z,AdD5EMoGMDiGXcgepXQXneB4fEZuS1QvKqDrN876pump,CRAFT,filter_1,2026-04-12T02:18:34.482Z,43,2.971e-05,16384,65536,pumpswap,Fq6wzHyzh8YXvGS7EYBSNPLs7cr3WSLBw4WCpp5Bbk9n
2026-04-12T03:01:59.096Z,BvHneYfnCYjfZE52iUhK4bqkcqJjYjMQUJb5FPhCpump,ALONSHOUSE,filter_2,2026-04-12T01:35:56.468Z,86,0.0001195,32768,1048576,pumpswap,6KuCNvUu9NsgTFyo1vQGfeFqsoKq7Jq19LhZeQwtMMVr
2026-04-12T03:01:59.256Z,8yeUyEaxBkBgcG5i22zR6JiLmVPbA3p6FUBHjFLFpump,MOG,filter_1,2026-04-12T00:53:40.689Z,128,3.092e-06,4096,262144,pumpswap,8jL5pBxjqyhXzGwYDYZhvdifvuSiP7KWzU8ZCGgssRzk
2026-04-12T03:01:59.415Z,VXnX59zHN7j8FrA971nJij7q2RvPSPa3TioV236pump,COG,filter_1,2026-04-11T23:57:38.153Z,184,4.346e-06,4096,262144,pumpswap,DsEyaDvzkJHPnSwDU251c5pCP1V466nMpwh8KQzEeUuU
2026-04-12T03:01:59.597Z,3SNNxUYmrXUc1mQbtV2NGQTuGKVji4y3MWhyESTypump,CASSIE,filter_4,2026-04-11T23:18:36.635Z,223,3.659e-05,16384,131072,pumpswap,B6nQAKbBTm8xTFHBs4xGUqMJJu6JF5mBcmpEv8MPEQ1i
2026-04-12T03:01:59.755Z,6TRyMNFbS6y444mDECfaENQrVnvZP4XzMr2fa6f8pump,Trump,filter_6,2026-04-11T21:07:35.070Z,354,2.052e-06,4096,1048576,pumpswap,BJLaR38FZ2accuRrABzAWdiMeZ8mF3Ky5tL6q853bgBh
2026-04-12T03:01:59.915Z,EamB9vqC1b4aoyPR6t3hn6CWf48yny84xzCuFJMbpump,Peepa,filter_1,2026-04-11T20:47:42.794Z,374,8.817e-05,32768,1048576,pumpswap,BoB3Dvi5eLGFr86BexBPNY2ZXwMNjWhx3FVCep3X2Vj6
2026-04-12T03:02:00.074Z,AQGaTfXDcvinz6DuxfZEKKFp7hmiWDLis4FtK3chpump,Ivunka,filter_3,2026-04-11T20:41:43.544Z,380,2.612e-06,4096,524288,pumpswap,AHBtpXJ7csokwSXddEDxPFYHcA515g234kXTBMhAVRxe
2026-04-12T03:02:00.269Z,BfZ27pSjL3L8Abm8VuRs5MLjjP21Xv5tUL81Rkyepump,WID,filter_4,2026-04-11T20:41:42.289Z,380,1.174e-05,8192,16384,pumpswap,4zmdmfGwoNb2mfF9PJq2N7x38qpQMwBMphD3HMDx6dak
2026-04-12T03:02:00.432Z,EgiJdQ8dbQHWu1uKS6cQBPaF2sK3a7WFpkjHEgdDpump,Dodger,filter_3,2026-04-11T19:29:11.694Z,453,2.662e-05,16384,1048576,pumpswap,7yrRRCzf429YQ1xQgdZZMy5KQ5jtkkDC7gUZWyPerhXr
2026-04-12T03:02:00.618Z,7bfbBZXpMYbNjhZ6eQ8Ch8VFAbgcz4WsrY7JtQKcpump,BOATGUY,filter_1,2026-04-11T19:27:26.855Z,455,5.253e-06,4096,262144,pumpswap,6gALa6BfE8ce8pLYaEFsTkCtxozfbuBR5bMVK3nKeFD4
2026-04-12T03:02:00.800Z,4juv1Wq63My7Bc7rznMZTyuD4aQfRSZGW9uKqFXSpump,Asset,filter_1,2026-04-11T19:27:24.857Z,455,5.221e-06,8192,32768,pumpswap,6g8ZTMKCKvSsVX92g4SKoBESXgrDL2cR1WLg8i7GZPV9
2026-04-12T03:02:00.959Z,Aq6XmZSohMJeRGU9WswbyQo9paEcKrTEs3xdfDFtpump,Lia,filter_1,2026-04-11T19:25:27.104Z,457,1.938e-06,4096,524288,pumpswap,BsFk4E3Hm12Mg27XmBoDPuk27WAC78BPfN98AHHpDPcM
2026-04-12T03:02:01.117Z,AUZnnRTdybeMiHrxfueNyBgLHnu4H39kngUh84WMpump,MELANIA,filter_3,2026-04-11T19:24:02.559Z,458,0.0005268,65536,1048576,pumpswap,DM9Xj9x8A8SEinJdoz4SJH2vdhBdPGSZmhL7DxBgwbBy
2026-04-12T03:02:01.299Z,56MEDV2H1M7DkaikaSg5vpibaSyWhgspCxgPwQJhpump,DNIGGA,filter_1,2026-04-11T19:22:24.852Z,460,2.007e-06,4096,65536,pumpswap,CAhVRREzXYHDvtu6iwACsei9vhv6mexsGm9hpkeVP1Kj
2026-04-12T03:02:01.459Z,A2Px3FMumMJ7W67VEp9ahFXueEyf9aHpei4TTJ5mpump,BABY,filter_3,2026-04-11T19:14:43.120Z,467,7.166e-06,8192,1048576,pumpswap,53UgNjZDC6mXsEDTowHLmKi2Y6jzjH2Ee3ybac7jEQRQ
2026-04-12T03:02:01.655Z,wutj1cNsMWyeu9ub61knDRCwU37aVvYuCBn8ZLPj7JL,ZHONEY,filter_1,2026-04-11T19:04:35.959Z,477,8.996e-06,8192,65536,pumpswap,CtYpMFyZqcJL7mPbDQU9o88g9QpkbzEFSC81J9FzFbF8
2026-04-12T03:02:01.814Z,4oFZFm3s8VKeCnwM2G5X5mZrsPivDyzCLvDYZmVipump,ClawFC,filter_1,2026-04-11T19:00:33.206Z,481,1.014e-05,8192,131072,pumpswap,BnbuPvQe2TNdhS7CSdsCGS1WY7FYu2kZti9adrqkqpZh
2026-04-12T03:02:02.114Z,5rniCpoweGXgsLZZDohw3fZA5yuXgt87df6GHAxWpump,MOTHER,filter_1,2026-04-11T18:17:31.505Z,524,6.635e-06,8192,65536,pumpswap,7dzsEYbuQoK1LLAiae7riygcwphP7BTbK6r7Vv94p28M
2026-04-12T03:02:02.304Z,3i8RByhvAaSWh2VSoVieAPzzmc4DpZC9WHVSsDzBpump,FOOLHOUSE,filter_2,2026-04-11T13:59:09.655Z,783,1.692e-06,4096,524288,pumpswap,G8AJyLtb85QyMbaXZe4k5DdTfLPTD8dEX9xDn2fKqQZD
2026-04-12T03:02:02.489Z,AutFvM5QZqtvjK2SrR8iLwvDEQ7ePnL14Rv7GPFvpump,TripleC,filter_2,2026-04-11T13:57:07.657Z,785,6.593e-06,8192,524288,pumpswap,Cvk9vLXa9wiqWTxb7q5EP3jdPow5ZBrdn1MLRmergW3v
2026-04-12T03:02:02.674Z,Dj2JhqEaKgPDo9se3A1dtSBVV1FFCxAfFa9SBBWmpump,GoldDancer,filter_2,2026-04-11T13:01:12.368Z,841,2.839e-05,16384,524288,pumpswap,9hovxHG2vADjGPe7S6agGTx5o72kgojobbpC5UVzLdt5
2026-04-12T03:02:02.833Z,ACtfUWtgvaXrQGNMiohTusi5jcx5RJf5zwu9aAxkpump,unc,filter_2,2026-04-11T11:21:14.804Z,941,0.0004872,65536,2097152,pumpswap,BWFZkx1pMpvwxammwTrizvoWzZZGiFEYUYW6Ee51SHLy
2026-04-12T03:02:02.990Z,51bywes8qqftjWhEZJZ3GvCM2ogximFejkKqa9kMpump,Marina,filter_2,2026-04-11T10:45:10.038Z,977,6.745e-05,16384,524288,pumpswap,ChmxH4uiGja7C2ht4KurCwXP8LLgtUgibFL1RwLNqeSG
2026-04-12T03:02:03.187Z,22a4gJyiBTjWsTaFAHiHoQTmXsptDy3iBHeqKQADpump,WLFI,filter_2,2026-04-11T08:08:14.642Z,1134,2.735e-05,16384,1048576,pumpswap,8JUXPRDDfRbDTN9fsQg1fLKw3u7DM9Cesodu1pcp6WA5
2026-04-12T03:02:03.368Z,J1iyLMzrc4G4WgDVmm33bes1Xwzd1mTcmvP8gubMpump,5,filter_2,2026-04-11T07:45:06.637Z,1157,1.681e-06,4096,524288,pumpswap,1HojmJ4JLUiwXz5PxPMAyvaWvk5WZSHGFm1SyQZHTQ2
2026-04-12T03:02:03.526Z,EQUU2gdzvmabX36rCxKSRSNJKtAedRHEiP8pikC8pump,emi,filter_2,2026-04-11T06:50:09.612Z,1212,7.361e-05,16384,2097152,pumpswap,A1eSqj58a8SWLfY9ecCZcfaWSgjYvEHXimiyoKHWG2qn
2026-04-12T03:02:03.710Z,5NmLAtsnwiZZbidywsSZYbZS3GtsoAEfa9HNHjGspump,PND,filter_2,2026-04-11T06:08:08.609Z,1254,7.672e-06,8192,1048576,pumpswap,G2GWEuB5ZA6p2qFxx4i4VViApW5P7aLrYJUv2vdgR5jm
2026-04-12T03:02:03.868Z,3DiHoTLRFzuMHmTBfo84Q22yX16Bv6XviFzgLaxnUJSe,SDR,filter_2,2026-04-11T05:05:14.827Z,1317,0.0002794,64,8388608,raydium,8jJMsUjNZDd32et5q7SXPx6QNQkRbbLK1exbNZfoTKcP
2026-04-12T03:02:04.058Z,8Ct8WT6TYTB9zTYxexAWthmWvYbLML9xmXcRFq2Rpump,METHANE,filter_2,2026-04-11T04:31:08.309Z,1351,1.743e-06,4096,65536,pumpswap,GBGkD83YH6d83NGuhhCKcnacPLoFUuexcCimVtPnhi4d
2026-04-12T03:06:58.627Z,D6HZ5Se3X2wEWWYsHp8Ma3wh3yWwFSSdCAFjGC4spump,Cat,filter_4,2026-04-12T03:06:34.258Z,0,3.237e-05,16384,262144,pumpswap,5g91GWPaRMg4DdCUyds858fyAzhaiTVbi563jVKhqLuT
2026-04-12T03:06:58.787Z,ApvxrH4oet42G4mgHZTtYZ9h2yMwhNZqs7Tqu1Ebpump,NIKUTA,filter_1,2026-04-12T02:54:37.749Z,12,8.265e-06,8192,131072,pumpswap,BLzb2UKri4YMnAeqc8VgWioAz8zN62LrcDsaJB3VcK22
2026-04-12T03:06:58.949Z,7Y445U5CAiLL4icyyPDonXy7zvGGML2TGjyMmwpDpump,WLFI,filter_1,2026-04-12T02:03:35.233Z,63,1.545e-05,8192,131072,pumpswap,EjzyuTwozXjagMTqqN6hjNpEyW3Q7rX3avE2otRRS8hv
2026-04-12T03:06:59.110Z,BRKFJs1jxrYBKR5sxBiuxTTbyipNBmT6GWenb3c9pump,TRUMP47,filter_5,2026-04-12T00:39:59.430Z,147,1.682e-06,4096,524288,pumpswap,EgcA2ShdHZK4Sg7N6H7yGzTjxpTpunRrbzw231wLWeDh
2026-04-12T03:06:59.268Z,5xjSweEeRNTNHXpEiyp1XBUB2D3MMYCuU8khzgiZpump,FUDGE,filter_2,2026-04-12T00:02:34.174Z,184,2.903e-05,16384,32768,pumpswap,GXBAKvHDgXXwxWWGWmrepfpXstnghwVGEqBmAq2EQgQZ
2026-04-12T03:06:59.454Z,AQiYy4igZ6jeUS5nbTymwLaQfnEg5BAjjZsP1EZkEjBU,Dolores,filter_1,2026-04-11T23:52:34.399Z,194,3.44e-06,4096,65536,pumpswap,9MiNdc2ywiYUm2nr2KTGo8UCmjk3TdKLCZ2B4aAtZ9hq
2026-04-12T03:06:59.656Z,yLT7rHdaNkfnqfg5pxXxCTrx1Rsnagod16DnpKBpump,Nilly,filter_1,2026-04-11T23:45:34.391Z,201,3.358e-06,4096,131072,pumpswap,8vjkK4SAhZ6zkX7gox9DQEmpX7MbiKsp2gRjD4dAS21V
2026-04-12T03:06:59.815Z,9oVRwbx3Ray9bK7CKhqwfqY5NaWYjG3xj1DNYg2mpump,brainlet,filter_2,2026-04-11T22:44:55.606Z,262,1.872e-06,4096,524288,pumpswap,2PW331e9D7pmdELA1m1Uyq6pnEuj5BWB8m7dcBGgJ5xo
2026-04-12T03:06:59.976Z,9XhhPHKnvSd9R8Ygr8kHR6n8YNYd7SMzRHHPFeb2pump,doomer,filter_1,2026-04-11T22:10:33.845Z,296,1.769e-06,4096,262144,pumpswap,DqTPbpJo2UfNFy2v4dHjMoFg9S2wid1RZuF8qfwcJrHx
2026-04-12T03:07:00.137Z,2wwDzQLc3pwgcHrkCadio4Hn3bzYyCptRAewJAEXdoge,MARKC,filter_1,2026-04-11T21:57:35.843Z,309,4.913e-06,4096,65536,meteora,2rVNWK9fRajakX19wtrfJKGE3xNWeubnV5VpYxETUvPX
2026-04-12T03:07:00.296Z,NicGVyEGbJhn52gBtqWM18zKGzRSe9js98AZnRwY8eS,NEGRON,filter_2,2026-04-11T21:33:59.338Z,333,2.393e-07,65536,4194304,raydium,2rXfTt3Xh699TtAUruiz6Vs7vdTrsn55bEm2FKt9y8yE
2026-04-12T03:11:58.622Z,BvHneYfnCYjfZE52iUhK4bqkcqJjYjMQUJb5FPhCpump,ALONSHOUSE,filter_2,2026-04-12T03:08:33.509Z,3,0.0001416,32768,1048576,pumpswap,6KuCNvUu9NsgTFyo1vQGfeFqsoKq7Jq19LhZeQwtMMVr
2026-04-12T03:11:58.780Z,9AEtb967xTMosjp9XFhvHLhscPNYgDWc15jFAZR8pump,RƎ́V,filter_1,2026-04-12T02:44:33.253Z,27,0.0001428,32768,32768,pumpswap,EMm9RL2tHvUvygLCu9WkUMBgnu29K2kePzUuWhiSjdMU
2026-04-12T03:11:58.940Z,Hy58kFcGQuZ9qqbiJL5Ka8FPPmqfU6w4zSqNAyzbpump,Zoomer,filter_5,2026-04-12T02:21:55.989Z,50,2.643e-05,16384,524288,pumpswap,EvDD7gjtfLETpF8m8boLppTCHosWoyoy43AKSttyRia9
2026-04-12T03:11:59.098Z,AdD5EMoGMDiGXcgepXQXneB4fEZuS1QvKqDrN876pump,CRAFT,filter_1,2026-04-12T02:18:34.482Z,53,3.039e-05,16384,65536,pumpswap,Fq6wzHyzh8YXvGS7EYBSNPLs7cr3WSLBw4WCpp5Bbk9n
2026-04-12T03:11:59.257Z,8yeUyEaxBkBgcG5i22zR6JiLmVPbA3p6FUBHjFLFpump,MOG,filter_1,2026-04-12T00:53:40.689Z,138,3.101e-06,4096,262144,pumpswap,8jL5pBxjqyhXzGwYDYZhvdifvuSiP7KWzU8ZCGgssRzk
2026-04-12T03:11:59.438Z,VXnX59zHN7j8FrA971nJij7q2RvPSPa3TioV236pump,COG,filter_1,2026-04-11T23:57:38.153Z,194,3.961e-06,4096,262144,pumpswap,DsEyaDvzkJHPnSwDU251c5pCP1V466nMpwh8KQzEeUuU
2026-04-12T03:11:59.621Z,3SNNxUYmrXUc1mQbtV2NGQTuGKVji4y3MWhyESTypump,CASSIE,filter_4,2026-04-11T23:18:36.635Z,233,3.335e-05,16384,131072,pumpswap,B6nQAKbBTm8xTFHBs4xGUqMJJu6JF5mBcmpEv8MPEQ1i
2026-04-12T03:11:59.782Z,6TRyMNFbS6y444mDECfaENQrVnvZP4XzMr2fa6f8pump,Trump,filter_6,2026-04-11T21:07:35.070Z,364,2.052e-06,4096,1048576,pumpswap,BJLaR38FZ2accuRrABzAWdiMeZ8mF3Ky5tL6q853bgBh
2026-04-12T03:11:59.942Z,EamB9vqC1b4aoyPR6t3hn6CWf48yny84xzCuFJMbpump,Peepa,filter_1,2026-04-11T20:47:42.794Z,384,7.855e-05,32768,1048576,pumpswap,BoB3Dvi5eLGFr86BexBPNY2ZXwMNjWhx3FVCep3X2Vj6
2026-04-12T03:12:00.102Z,AQGaTfXDcvinz6DuxfZEKKFp7hmiWDLis4FtK3chpump,Ivunka,filter_3,2026-04-11T20:41:43.544Z,390,2.612e-06,4096,524288,pumpswap,AHBtpXJ7csokwSXddEDxPFYHcA515g234kXTBMhAVRxe
2026-04-12T03:12:00.289Z,BfZ27pSjL3L8Abm8VuRs5MLjjP21Xv5tUL81Rkyepump,WID,filter_4,2026-04-11T20:41:42.289Z,390,1.173e-05,8192,16384,pumpswap,4zmdmfGwoNb2mfF9PJq2N7x38qpQMwBMphD3HMDx6dak
2026-04-12T03:12:00.449Z,EgiJdQ8dbQHWu1uKS6cQBPaF2sK3a7WFpkjHEgdDpump,Dodger,filter_3,2026-04-11T19:29:11.694Z,463,3.239e-05,16384,1048576,pumpswap,7yrRRCzf429YQ1xQgdZZMy5KQ5jtkkDC7gUZWyPerhXr
2026-04-12T03:12:00.609Z,7bfbBZXpMYbNjhZ6eQ8Ch8VFAbgcz4WsrY7JtQKcpump,BOATGUY,filter_1,2026-04-11T19:27:26.855Z,465,4.952e-06,4096,262144,pumpswap,6gALa6BfE8ce8pLYaEFsTkCtxozfbuBR5bMVK3nKeFD4
2026-04-12T03:12:00.802Z,4juv1Wq63My7Bc7rznMZTyuD4aQfRSZGW9uKqFXSpump,Asset,filter_1,2026-04-11T19:27:24.857Z,465,5.151e-06,8192,32768,pumpswap,6g8ZTMKCKvSsVX92g4SKoBESXgrDL2cR1WLg8i7GZPV9
2026-04-12T03:12:00.961Z,Aq6XmZSohMJeRGU9WswbyQo9paEcKrTEs3xdfDFtpump,Lia,filter_1,2026-04-11T19:25:27.104Z,467,1.938e-06,4096,524288,pumpswap,BsFk4E3Hm12Mg27XmBoDPuk27WAC78BPfN98AHHpDPcM
2026-04-12T03:12:01.119Z,AUZnnRTdybeMiHrxfueNyBgLHnu4H39kngUh84WMpump,MELANIA,filter_3,2026-04-11T19:24:02.559Z,468,0.000541,65536,1048576,pumpswap,DM9Xj9x8A8SEinJdoz4SJH2vdhBdPGSZmhL7DxBgwbBy
2026-04-12T03:12:01.278Z,56MEDV2H1M7DkaikaSg5vpibaSyWhgspCxgPwQJhpump,DNIGGA,filter_1,2026-04-11T19:22:24.852Z,470,2.157e-06,4096,65536,pumpswap,CAhVRREzXYHDvtu6iwACsei9vhv6mexsGm9hpkeVP1Kj
2026-04-12T03:12:01.466Z,A2Px3FMumMJ7W67VEp9ahFXueEyf9aHpei4TTJ5mpump,BABY,filter_3,2026-04-11T19:14:43.120Z,477,6.589e-06,8192,1048576,pumpswap,53UgNjZDC6mXsEDTowHLmKi2Y6jzjH2Ee3ybac7jEQRQ
2026-04-12T03:12:01.661Z,wutj1cNsMWyeu9ub61knDRCwU37aVvYuCBn8ZLPj7JL,ZHONEY,filter_1,2026-04-11T19:04:35.959Z,487,8.898e-06,8192,65536,pumpswap,CtYpMFyZqcJL7mPbDQU9o88g9QpkbzEFSC81J9FzFbF8
2026-04-12T03:12:01.846Z,4oFZFm3s8VKeCnwM2G5X5mZrsPivDyzCLvDYZmVipump,ClawFC,filter_1,2026-04-11T19:00:33.206Z,491,9.709e-06,8192,131072,pumpswap,BnbuPvQe2TNdhS7CSdsCGS1WY7FYu2kZti9adrqkqpZh
2026-04-12T03:12:02.037Z,5rniCpoweGXgsLZZDohw3fZA5yuXgt87df6GHAxWpump,MOTHER,filter_1,2026-04-11T18:17:31.505Z,534,6.433e-06,8192,65536,pumpswap,7dzsEYbuQoK1LLAiae7riygcwphP7BTbK6r7Vv94p28M
2026-04-12T03:12:02.197Z,3i8RByhvAaSWh2VSoVieAPzzmc4DpZC9WHVSsDzBpump,FOOLHOUSE,filter_2,2026-04-11T13:59:09.655Z,793,1.692e-06,4096,524288,pumpswap,G8AJyLtb85QyMbaXZe4k5DdTfLPTD8dEX9xDn2fKqQZD
2026-04-12T03:12:02.355Z,AutFvM5QZqtvjK2SrR8iLwvDEQ7ePnL14Rv7GPFvpump,TripleC,filter_2,2026-04-11T13:57:07.657Z,795,5.857e-06,8192,524288,pumpswap,Cvk9vLXa9wiqWTxb7q5EP3jdPow5ZBrdn1MLRmergW3v
2026-04-12T03:12:02.515Z,Dj2JhqEaKgPDo9se3A1dtSBVV1FFCxAfFa9SBBWmpump,GoldDancer,filter_2,2026-04-11T13:01:12.368Z,851,2.94e-05,16384,524288,pumpswap,9hovxHG2vADjGPe7S6agGTx5o72kgojobbpC5UVzLdt5
2026-04-12T03:12:02.673Z,ACtfUWtgvaXrQGNMiohTusi5jcx5RJf5zwu9aAxkpump,unc,filter_2,2026-04-11T11:21:14.804Z,951,0.0004754,65536,2097152,pumpswap,BWFZkx1pMpvwxammwTrizvoWzZZGiFEYUYW6Ee51SHLy
2026-04-12T03:12:02.832Z,51bywes8qqftjWhEZJZ3GvCM2ogximFejkKqa9kMpump,Marina,filter_2,2026-04-11T10:45:10.038Z,987,6.576e-05,16384,524288,pumpswap,ChmxH4uiGja7C2ht4KurCwXP8LLgtUgibFL1RwLNqeSG
2026-04-12T03:12:02.991Z,22a4gJyiBTjWsTaFAHiHoQTmXsptDy3iBHeqKQADpump,WLFI,filter_2,2026-04-11T08:08:14.642Z,1144,2.774e-05,16384,1048576,pumpswap,8JUXPRDDfRbDTN9fsQg1fLKw3u7DM9Cesodu1pcp6WA5
2026-04-12T03:12:03.181Z,J1iyLMzrc4G4WgDVmm33bes1Xwzd1mTcmvP8gubMpump,5,filter_2,2026-04-11T07:45:06.637Z,1167,1.68e-06,4096,524288,pumpswap,1HojmJ4JLUiwXz5PxPMAyvaWvk5WZSHGFm1SyQZHTQ2
2026-04-12T03:12:03.340Z,EQUU2gdzvmabX36rCxKSRSNJKtAedRHEiP8pikC8pump,emi,filter_2,2026-04-11T06:50:09.612Z,1222,6.973e-05,16384,2097152,pumpswap,A1eSqj58a8SWLfY9ecCZcfaWSgjYvEHXimiyoKHWG2qn
2026-04-12T03:12:03.522Z,5NmLAtsnwiZZbidywsSZYbZS3GtsoAEfa9HNHjGspump,PND,filter_2,2026-04-11T06:08:08.609Z,1264,7.528e-06,8192,1048576,pumpswap,G2GWEuB5ZA6p2qFxx4i4VViApW5P7aLrYJUv2vdgR5jm
2026-04-12T03:12:03.707Z,3DiHoTLRFzuMHmTBfo84Q22yX16Bv6XviFzgLaxnUJSe,SDR,filter_2,2026-04-11T05:05:14.827Z,1327,0.0002794,64,8388608,raydium,8jJMsUjNZDd32et5q7SXPx6QNQkRbbLK1exbNZfoTKcP
2026-04-12T03:12:03.889Z,8Ct8WT6TYTB9zTYxexAWthmWvYbLML9xmXcRFq2Rpump,METHANE,filter_2,2026-04-11T04:31:08.309Z,1361,1.724e-06,4096,65536,pumpswap,GBGkD83YH6d83NGuhhCKcnacPLoFUuexcCimVtPnhi4d
2026-04-12T03:16:58.621Z,ApvxrH4oet42G4mgHZTtYZ9h2yMwhNZqs7Tqu1Ebpump,NIKUTA,filter_1,2026-04-12T03:12:36.786Z,4,8.208e-06,8192,131072,pumpswap,BLzb2UKri4YMnAeqc8VgWioAz8zN62LrcDsaJB3VcK22
2026-04-12T03:16:58.782Z,D6HZ5Se3X2wEWWYsHp8Ma3wh3yWwFSSdCAFjGC4spump,Cat,filter_4,2026-04-12T03:06:34.258Z,10,3.619e-05,16384,262144,pumpswap,5g91GWPaRMg4DdCUyds858fyAzhaiTVbi563jVKhqLuT
2026-04-12T03:16:58.942Z,7Y445U5CAiLL4icyyPDonXy7zvGGML2TGjyMmwpDpump,WLFI,filter_1,2026-04-12T02:03:35.233Z,73,1.547e-05,8192,131072,pumpswap,EjzyuTwozXjagMTqqN6hjNpEyW3Q7rX3avE2otRRS8hv
2026-04-12T03:16:59.135Z,BRKFJs1jxrYBKR5sxBiuxTTbyipNBmT6GWenb3c9pump,TRUMP47,filter_5,2026-04-12T00:39:59.430Z,157,1.881e-06,4096,524288,pumpswap,EgcA2ShdHZK4Sg7N6H7yGzTjxpTpunRrbzw231wLWeDh
2026-04-12T03:16:59.295Z,5xjSweEeRNTNHXpEiyp1XBUB2D3MMYCuU8khzgiZpump,FUDGE,filter_2,2026-04-12T00:02:34.174Z,194,2.894e-05,16384,32768,pumpswap,GXBAKvHDgXXwxWWGWmrepfpXstnghwVGEqBmAq2EQgQZ
2026-04-12T03:16:59.481Z,AQiYy4igZ6jeUS5nbTymwLaQfnEg5BAjjZsP1EZkEjBU,Dolores,filter_1,2026-04-11T23:52:34.399Z,204,3.44e-06,4096,65536,pumpswap,9MiNdc2ywiYUm2nr2KTGo8UCmjk3TdKLCZ2B4aAtZ9hq
2026-04-12T03:16:59.673Z,yLT7rHdaNkfnqfg5pxXxCTrx1Rsnagod16DnpKBpump,Nilly,filter_1,2026-04-11T23:45:34.391Z,211,2.944e-06,4096,131072,pumpswap,8vjkK4SAhZ6zkX7gox9DQEmpX7MbiKsp2gRjD4dAS21V
2026-04-12T03:16:59.833Z,9oVRwbx3Ray9bK7CKhqwfqY5NaWYjG3xj1DNYg2mpump,brainlet,filter_2,2026-04-11T22:44:55.606Z,272,1.872e-06,4096,524288,pumpswap,2PW331e9D7pmdELA1m1Uyq6pnEuj5BWB8m7dcBGgJ5xo
2026-04-12T03:16:59.993Z,9XhhPHKnvSd9R8Ygr8kHR6n8YNYd7SMzRHHPFeb2pump,doomer,filter_1,2026-04-11T22:10:33.845Z,306,1.769e-06,4096,262144,pumpswap,DqTPbpJo2UfNFy2v4dHjMoFg9S2wid1RZuF8qfwcJrHx
2026-04-12T03:17:00.157Z,2wwDzQLc3pwgcHrkCadio4Hn3bzYyCptRAewJAEXdoge,MARKC,filter_1,2026-04-11T21:57:35.843Z,319,4.376e-06,4096,65536,meteora,2rVNWK9fRajakX19wtrfJKGE3xNWeubnV5VpYxETUvPX
2026-04-12T03:17:00.344Z,NicGVyEGbJhn52gBtqWM18zKGzRSe9js98AZnRwY8eS,NEGRON,filter_2,2026-04-11T21:33:59.338Z,343,2.373e-07,65536,4194304,raydium,2rXfTt3Xh699TtAUruiz6Vs7vdTrsn55bEm2FKt9y8yE
2026-04-12T03:21:58.628Z,BvHneYfnCYjfZE52iUhK4bqkcqJjYjMQUJb5FPhCpump,ALONSHOUSE,filter_2,2026-04-12T03:21:57.270Z,0,0.0001304,32768,1048576,pumpswap,6KuCNvUu9NsgTFyo1vQGfeFqsoKq7Jq19LhZeQwtMMVr
2026-04-12T03:21:58.787Z,9AEtb967xTMosjp9XFhvHLhscPNYgDWc15jFAZR8pump,RƎ́V,filter_1,2026-04-12T02:44:33.253Z,37,0.0001412,32768,32768,pumpswap,EMm9RL2tHvUvygLCu9WkUMBgnu29K2kePzUuWhiSjdMU
2026-04-12T03:21:58.946Z,Hy58kFcGQuZ9qqbiJL5Ka8FPPmqfU6w4zSqNAyzbpump,Zoomer,filter_5,2026-04-12T02:21:55.989Z,60,2.927e-05,16384,524288,pumpswap,EvDD7gjtfLETpF8m8boLppTCHosWoyoy43AKSttyRia9
2026-04-12T03:21:59.106Z,AdD5EMoGMDiGXcgepXQXneB4fEZuS1QvKqDrN876pump,CRAFT,filter_1,2026-04-12T02:18:34.482Z,63,2.769e-05,16384,65536,pumpswap,Fq6wzHyzh8YXvGS7EYBSNPLs7cr3WSLBw4WCpp5Bbk9n
2026-04-12T03:21:59.266Z,8yeUyEaxBkBgcG5i22zR6JiLmVPbA3p6FUBHjFLFpump,MOG,filter_1,2026-04-12T00:53:40.689Z,148,3.101e-06,4096,262144,pumpswap,8jL5pBxjqyhXzGwYDYZhvdifvuSiP7KWzU8ZCGgssRzk
2026-04-12T03:21:59.426Z,VXnX59zHN7j8FrA971nJij7q2RvPSPa3TioV236pump,COG,filter_1,2026-04-11T23:57:38.153Z,204,3.88e-06,4096,262144,pumpswap,DsEyaDvzkJHPnSwDU251c5pCP1V466nMpwh8KQzEeUuU
2026-04-12T03:21:59.611Z,3SNNxUYmrXUc1mQbtV2NGQTuGKVji4y3MWhyESTypump,CASSIE,filter_4,2026-04-11T23:18:36.635Z,243,3.933e-05,16384,131072,pumpswap,B6nQAKbBTm8xTFHBs4xGUqMJJu6JF5mBcmpEv8MPEQ1i
2026-04-12T03:21:59.776Z,6TRyMNFbS6y444mDECfaENQrVnvZP4XzMr2fa6f8pump,Trump,filter_6,2026-04-11T21:07:35.070Z,374,2.039e-06,4096,1048576,pumpswap,BJLaR38FZ2accuRrABzAWdiMeZ8mF3Ky5tL6q853bgBh
2026-04-12T03:21:59.942Z,EamB9vqC1b4aoyPR6t3hn6CWf48yny84xzCuFJMbpump,Peepa,filter_1,2026-04-11T20:47:42.794Z,394,8.533e-05,32768,1048576,pumpswap,BoB3Dvi5eLGFr86BexBPNY2ZXwMNjWhx3FVCep3X2Vj6
2026-04-12T03:22:00.105Z,AQGaTfXDcvinz6DuxfZEKKFp7hmiWDLis4FtK3chpump,Ivunka,filter_3,2026-04-11T20:41:43.544Z,400,2.612e-06,4096,524288,pumpswap,AHBtpXJ7csokwSXddEDxPFYHcA515g234kXTBMhAVRxe
2026-04-12T03:22:00.290Z,BfZ27pSjL3L8Abm8VuRs5MLjjP21Xv5tUL81Rkyepump,WID,filter_4,2026-04-11T20:41:42.289Z,400,1.178e-05,8192,16384,pumpswap,4zmdmfGwoNb2mfF9PJq2N7x38qpQMwBMphD3HMDx6dak
2026-04-12T03:22:00.451Z,EgiJdQ8dbQHWu1uKS6cQBPaF2sK3a7WFpkjHEgdDpump,Dodger,filter_3,2026-04-11T19:29:11.694Z,473,3.161e-05,16384,1048576,pumpswap,7yrRRCzf429YQ1xQgdZZMy5KQ5jtkkDC7gUZWyPerhXr
2026-04-12T03:22:00.611Z,7bfbBZXpMYbNjhZ6eQ8Ch8VFAbgcz4WsrY7JtQKcpump,BOATGUY,filter_1,2026-04-11T19:27:26.855Z,475,4.528e-06,4096,262144,pumpswap,6gALa6BfE8ce8pLYaEFsTkCtxozfbuBR5bMVK3nKeFD4
2026-04-12T03:22:00.776Z,4juv1Wq63My7Bc7rznMZTyuD4aQfRSZGW9uKqFXSpump,Asset,filter_1,2026-04-11T19:27:24.857Z,475,5.879e-06,8192,32768,pumpswap,6g8ZTMKCKvSsVX92g4SKoBESXgrDL2cR1WLg8i7GZPV9
2026-04-12T03:22:00.960Z,Aq6XmZSohMJeRGU9WswbyQo9paEcKrTEs3xdfDFtpump,Lia,filter_1,2026-04-11T19:25:27.104Z,477,1.938e-06,4096,524288,pumpswap,BsFk4E3Hm12Mg27XmBoDPuk27WAC78BPfN98AHHpDPcM
2026-04-12T03:22:01.126Z,AUZnnRTdybeMiHrxfueNyBgLHnu4H39kngUh84WMpump,MELANIA,filter_3,2026-04-11T19:24:02.559Z,478,0.0005286,65536,1048576,pumpswap,DM9Xj9x8A8SEinJdoz4SJH2vdhBdPGSZmhL7DxBgwbBy
2026-04-12T03:22:01.287Z,56MEDV2H1M7DkaikaSg5vpibaSyWhgspCxgPwQJhpump,DNIGGA,filter_1,2026-04-11T19:22:24.852Z,480,2.126e-06,4096,65536,pumpswap,CAhVRREzXYHDvtu6iwACsei9vhv6mexsGm9hpkeVP1Kj
2026-04-12T03:22:01.448Z,A2Px3FMumMJ7W67VEp9ahFXueEyf9aHpei4TTJ5mpump,BABY,filter_3,2026-04-11T19:14:43.120Z,487,6.537e-06,8192,1048576,pumpswap,53UgNjZDC6mXsEDTowHLmKi2Y6jzjH2Ee3ybac7jEQRQ
2026-04-12T03:22:01.612Z,wutj1cNsMWyeu9ub61knDRCwU37aVvYuCBn8ZLPj7JL,ZHONEY,filter_1,2026-04-11T19:04:35.959Z,497,8.898e-06,8192,65536,pumpswap,CtYpMFyZqcJL7mPbDQU9o88g9QpkbzEFSC81J9FzFbF8
2026-04-12T03:22:01.780Z,4oFZFm3s8VKeCnwM2G5X5mZrsPivDyzCLvDYZmVipump,ClawFC,filter_1,2026-04-11T19:00:33.206Z,501,9.442e-06,8192,131072,pumpswap,BnbuPvQe2TNdhS7CSdsCGS1WY7FYu2kZti9adrqkqpZh
2026-04-12T03:22:01.962Z,5rniCpoweGXgsLZZDohw3fZA5yuXgt87df6GHAxWpump,MOTHER,filter_1,2026-04-11T18:17:31.505Z,544,5.538e-06,4096,65536,pumpswap,7dzsEYbuQoK1LLAiae7riygcwphP7BTbK6r7Vv94p28M
2026-04-12T03:22:02.143Z,3i8RByhvAaSWh2VSoVieAPzzmc4DpZC9WHVSsDzBpump,FOOLHOUSE,filter_2,2026-04-11T13:59:09.655Z,803,1.692e-06,4096,524288,pumpswap,G8AJyLtb85QyMbaXZe4k5DdTfLPTD8dEX9xDn2fKqQZD
2026-04-12T03:22:02.328Z,AutFvM5QZqtvjK2SrR8iLwvDEQ7ePnL14Rv7GPFvpump,TripleC,filter_2,2026-04-11T13:57:07.657Z,805,6.708e-06,8192,524288,pumpswap,Cvk9vLXa9wiqWTxb7q5EP3jdPow5ZBrdn1MLRmergW3v
2026-04-12T03:22:02.488Z,Dj2JhqEaKgPDo9se3A1dtSBVV1FFCxAfFa9SBBWmpump,GoldDancer,filter_2,2026-04-11T13:01:12.368Z,861,3.241e-05,16384,524288,pumpswap,9hovxHG2vADjGPe7S6agGTx5o72kgojobbpC5UVzLdt5
2026-04-12T03:22:02.651Z,ACtfUWtgvaXrQGNMiohTusi5jcx5RJf5zwu9aAxkpump,unc,filter_2,2026-04-11T11:21:14.804Z,961,0.0004393,65536,2097152,pumpswap,BWFZkx1pMpvwxammwTrizvoWzZZGiFEYUYW6Ee51SHLy
2026-04-12T03:22:02.818Z,51bywes8qqftjWhEZJZ3GvCM2ogximFejkKqa9kMpump,Marina,filter_2,2026-04-11T10:45:10.038Z,997,6.027e-05,16384,524288,pumpswap,ChmxH4uiGja7C2ht4KurCwXP8LLgtUgibFL1RwLNqeSG
2026-04-12T03:22:03.013Z,22a4gJyiBTjWsTaFAHiHoQTmXsptDy3iBHeqKQADpump,WLFI,filter_2,2026-04-11T08:08:14.642Z,1154,2.892e-05,16384,1048576,pumpswap,8JUXPRDDfRbDTN9fsQg1fLKw3u7DM9Cesodu1pcp6WA5
2026-04-12T03:22:03.205Z,J1iyLMzrc4G4WgDVmm33bes1Xwzd1mTcmvP8gubMpump,5,filter_2,2026-04-11T07:45:06.637Z,1177,1.68e-06,4096,524288,pumpswap,1HojmJ4JLUiwXz5PxPMAyvaWvk5WZSHGFm1SyQZHTQ2
2026-04-12T03:22:03.366Z,EQUU2gdzvmabX36rCxKSRSNJKtAedRHEiP8pikC8pump,emi,filter_2,2026-04-11T06:50:09.612Z,1232,6.091e-05,16384,2097152,pumpswap,A1eSqj58a8SWLfY9ecCZcfaWSgjYvEHXimiyoKHWG2qn
2026-04-12T03:22:03.550Z,5NmLAtsnwiZZbidywsSZYbZS3GtsoAEfa9HNHjGspump,PND,filter_2,2026-04-11T06:08:08.609Z,1274,7.248e-06,8192,1048576,pumpswap,G2GWEuB5ZA6p2qFxx4i4VViApW5P7aLrYJUv2vdgR5jm
2026-04-12T03:22:03.710Z,3DiHoTLRFzuMHmTBfo84Q22yX16Bv6XviFzgLaxnUJSe,SDR,filter_2,2026-04-11T05:05:14.827Z,1337,0.0002794,64,8388608,raydium,8jJMsUjNZDd32et5q7SXPx6QNQkRbbLK1exbNZfoTKcP
2026-04-12T03:22:03.909Z,8Ct8WT6TYTB9zTYxexAWthmWvYbLML9xmXcRFq2Rpump,METHANE,filter_2,2026-04-11T04:31:08.309Z,1371,1.724e-06,4096,65536,pumpswap,GBGkD83YH6d83NGuhhCKcnacPLoFUuexcCimVtPnhi4d
2026-04-12T03:26:58.632Z,4CkWXDBNqfqBT5xCon4hrGU3mwqhQ3GSwdQQ1SDnpump,STC,filter_2,2026-04-12T03:26:55.769Z,0,0.0001718,32768,262144,pumpswap,BfcxnfNQF3cbZmdKbTNvL1fLD4dEjGhXCG9r6JS6EqB4
2026-04-12T03:26:58.793Z,ApvxrH4oet42G4mgHZTtYZ9h2yMwhNZqs7Tqu1Ebpump,NIKUTA,filter_1,2026-04-12T03:23:38.029Z,3,8.953e-06,8192,131072,pumpswap,BLzb2UKri4YMnAeqc8VgWioAz8zN62LrcDsaJB3VcK22
2026-04-12T03:26:58.975Z,D6HZ5Se3X2wEWWYsHp8Ma3wh3yWwFSSdCAFjGC4spump,Cat,filter_4,2026-04-12T03:06:34.258Z,20,3.182e-05,16384,262144,pumpswap,5g91GWPaRMg4DdCUyds858fyAzhaiTVbi563jVKhqLuT
2026-04-12T03:26:59.134Z,7Y445U5CAiLL4icyyPDonXy7zvGGML2TGjyMmwpDpump,WLFI,filter_1,2026-04-12T02:03:35.233Z,83,1.66e-05,8192,131072,pumpswap,EjzyuTwozXjagMTqqN6hjNpEyW3Q7rX3avE2otRRS8hv
2026-04-12T03:26:59.293Z,BRKFJs1jxrYBKR5sxBiuxTTbyipNBmT6GWenb3c9pump,TRUMP47,filter_5,2026-04-12T00:39:59.430Z,167,1.956e-06,4096,524288,pumpswap,EgcA2ShdHZK4Sg7N6H7yGzTjxpTpunRrbzw231wLWeDh
2026-04-12T03:26:59.454Z,5xjSweEeRNTNHXpEiyp1XBUB2D3MMYCuU8khzgiZpump,FUDGE,filter_2,2026-04-12T00:02:34.174Z,204,2.809e-05,16384,32768,pumpswap,GXBAKvHDgXXwxWWGWmrepfpXstnghwVGEqBmAq2EQgQZ
2026-04-12T03:26:59.638Z,AQiYy4igZ6jeUS5nbTymwLaQfnEg5BAjjZsP1EZkEjBU,Dolores,filter_1,2026-04-11T23:52:34.399Z,214,3.44e-06,4096,65536,pumpswap,9MiNdc2ywiYUm2nr2KTGo8UCmjk3TdKLCZ2B4aAtZ9hq
2026-04-12T03:26:59.799Z,yLT7rHdaNkfnqfg5pxXxCTrx1Rsnagod16DnpKBpump,Nilly,filter_1,2026-04-11T23:45:34.391Z,221,2.911e-06,4096,131072,pumpswap,8vjkK4SAhZ6zkX7gox9DQEmpX7MbiKsp2gRjD4dAS21V
2026-04-12T03:26:59.960Z,9oVRwbx3Ray9bK7CKhqwfqY5NaWYjG3xj1DNYg2mpump,brainlet,filter_2,2026-04-11T22:44:55.606Z,282,1.839e-06,4096,524288,pumpswap,2PW331e9D7pmdELA1m1Uyq6pnEuj5BWB8m7dcBGgJ5xo
2026-04-12T03:27:00.123Z,9XhhPHKnvSd9R8Ygr8kHR6n8YNYd7SMzRHHPFeb2pump,doomer,filter_1,2026-04-11T22:10:33.845Z,316,1.769e-06,4096,262144,pumpswap,DqTPbpJo2UfNFy2v4dHjMoFg9S2wid1RZuF8qfwcJrHx
2026-04-12T03:27:00.308Z,2wwDzQLc3pwgcHrkCadio4Hn3bzYyCptRAewJAEXdoge,MARKC,filter_1,2026-04-11T21:57:35.843Z,329,4.383e-06,4096,65536,meteora,2rVNWK9fRajakX19wtrfJKGE3xNWeubnV5VpYxETUvPX
2026-04-12T03:27:00.469Z,NicGVyEGbJhn52gBtqWM18zKGzRSe9js98AZnRwY8eS,NEGRON,filter_2,2026-04-11T21:33:59.338Z,353,2.369e-07,65536,4194304,raydium,2rXfTt3Xh699TtAUruiz6Vs7vdTrsn55bEm2FKt9y8yE
2026-04-12T03:31:58.632Z,BvHneYfnCYjfZE52iUhK4bqkcqJjYjMQUJb5FPhCpump,ALONSHOUSE,filter_2,2026-04-12T03:28:34.523Z,3,0.0001116,32768,1048576,pumpswap,6KuCNvUu9NsgTFyo1vQGfeFqsoKq7Jq19LhZeQwtMMVr
2026-04-12T03:31:58.794Z,9AEtb967xTMosjp9XFhvHLhscPNYgDWc15jFAZR8pump,RƎ́V,filter_1,2026-04-12T02:44:33.253Z,47,0.0001428,32768,32768,pumpswap,EMm9RL2tHvUvygLCu9WkUMBgnu29K2kePzUuWhiSjdMU
2026-04-12T03:31:58.960Z,Hy58kFcGQuZ9qqbiJL5Ka8FPPmqfU6w4zSqNAyzbpump,Zoomer,filter_5,2026-04-12T02:21:55.989Z,70,2.587e-05,16384,524288,pumpswap,EvDD7gjtfLETpF8m8boLppTCHosWoyoy43AKSttyRia9
2026-04-12T03:31:59.151Z,AdD5EMoGMDiGXcgepXQXneB4fEZuS1QvKqDrN876pump,CRAFT,filter_1,2026-04-12T02:18:34.482Z,73,2.248e-05,8192,65536,pumpswap,Fq6wzHyzh8YXvGS7EYBSNPLs7cr3WSLBw4WCpp5Bbk9n
2026-04-12T03:31:59.311Z,8yeUyEaxBkBgcG5i22zR6JiLmVPbA3p6FUBHjFLFpump,MOG,filter_1,2026-04-12T00:53:40.689Z,158,3.101e-06,4096,262144,pumpswap,8jL5pBxjqyhXzGwYDYZhvdifvuSiP7KWzU8ZCGgssRzk
2026-04-12T03:31:59.496Z,VXnX59zHN7j8FrA971nJij7q2RvPSPa3TioV236pump,COG,filter_1,2026-04-11T23:57:38.153Z,214,3.933e-06,4096,262144,pumpswap,DsEyaDvzkJHPnSwDU251c5pCP1V466nMpwh8KQzEeUuU
2026-04-12T03:31:59.656Z,3SNNxUYmrXUc1mQbtV2NGQTuGKVji4y3MWhyESTypump,CASSIE,filter_4,2026-04-11T23:18:36.635Z,253,3.594e-05,16384,131072,pumpswap,B6nQAKbBTm8xTFHBs4xGUqMJJu6JF5mBcmpEv8MPEQ1i
2026-04-12T03:31:59.816Z,6TRyMNFbS6y444mDECfaENQrVnvZP4XzMr2fa6f8pump,Trump,filter_6,2026-04-11T21:07:35.070Z,384,2.039e-06,4096,1048576,pumpswap,BJLaR38FZ2accuRrABzAWdiMeZ8mF3Ky5tL6q853bgBh
2026-04-12T03:31:59.975Z,EamB9vqC1b4aoyPR6t3hn6CWf48yny84xzCuFJMbpump,Peepa,filter_1,2026-04-11T20:47:42.794Z,404,7.931e-05,32768,1048576,pumpswap,BoB3Dvi5eLGFr86BexBPNY2ZXwMNjWhx3FVCep3X2Vj6
2026-04-12T03:32:00.137Z,AQGaTfXDcvinz6DuxfZEKKFp7hmiWDLis4FtK3chpump,Ivunka,filter_3,2026-04-11T20:41:43.544Z,410,2.612e-06,4096,524288,pumpswap,AHBtpXJ7csokwSXddEDxPFYHcA515g234kXTBMhAVRxe
2026-04-12T03:32:00.325Z,BfZ27pSjL3L8Abm8VuRs5MLjjP21Xv5tUL81Rkyepump,WID,filter_4,2026-04-11T20:41:42.289Z,410,1.175e-05,8192,16384,pumpswap,4zmdmfGwoNb2mfF9PJq2N7x38qpQMwBMphD3HMDx6dak
2026-04-12T03:32:00.487Z,EgiJdQ8dbQHWu1uKS6cQBPaF2sK3a7WFpkjHEgdDpump,Dodger,filter_3,2026-04-11T19:29:11.694Z,483,2.481e-05,16384,1048576,pumpswap,7yrRRCzf429YQ1xQgdZZMy5KQ5jtkkDC7gUZWyPerhXr
2026-04-12T03:32:00.647Z,7bfbBZXpMYbNjhZ6eQ8Ch8VFAbgcz4WsrY7JtQKcpump,BOATGUY,filter_1,2026-04-11T19:27:26.855Z,485,4.395e-06,4096,262144,pumpswap,6gALa6BfE8ce8pLYaEFsTkCtxozfbuBR5bMVK3nKeFD4
2026-04-12T03:32:00.843Z,4juv1Wq63My7Bc7rznMZTyuD4aQfRSZGW9uKqFXSpump,Asset,filter_1,2026-04-11T19:27:24.857Z,485,5.803e-06,8192,32768,pumpswap,6g8ZTMKCKvSsVX92g4SKoBESXgrDL2cR1WLg8i7GZPV9
2026-04-12T03:32:01.005Z,Aq6XmZSohMJeRGU9WswbyQo9paEcKrTEs3xdfDFtpump,Lia,filter_1,2026-04-11T19:25:27.104Z,487,1.922e-06,4096,524288,pumpswap,BsFk4E3Hm12Mg27XmBoDPuk27WAC78BPfN98AHHpDPcM
2026-04-12T03:32:01.189Z,AUZnnRTdybeMiHrxfueNyBgLHnu4H39kngUh84WMpump,MELANIA,filter_3,2026-04-11T19:24:02.559Z,488,0.0005731,65536,1048576,pumpswap,DM9Xj9x8A8SEinJdoz4SJH2vdhBdPGSZmhL7DxBgwbBy
2026-04-12T03:32:01.349Z,56MEDV2H1M7DkaikaSg5vpibaSyWhgspCxgPwQJhpump,DNIGGA,filter_1,2026-04-11T19:22:24.852Z,490,2.126e-06,4096,65536,pumpswap,CAhVRREzXYHDvtu6iwACsei9vhv6mexsGm9hpkeVP1Kj
2026-04-12T03:32:01.510Z,A2Px3FMumMJ7W67VEp9ahFXueEyf9aHpei4TTJ5mpump,BABY,filter_3,2026-04-11T19:14:43.120Z,497,7.061e-06,8192,1048576,pumpswap,53UgNjZDC6mXsEDTowHLmKi2Y6jzjH2Ee3ybac7jEQRQ
2026-04-12T03:32:01.697Z,wutj1cNsMWyeu9ub61knDRCwU37aVvYuCBn8ZLPj7JL,ZHONEY,filter_1,2026-04-11T19:04:35.959Z,507,8.823e-06,8192,65536,pumpswap,CtYpMFyZqcJL7mPbDQU9o88g9QpkbzEFSC81J9FzFbF8
2026-04-12T03:32:01.863Z,4oFZFm3s8VKeCnwM2G5X5mZrsPivDyzCLvDYZmVipump,ClawFC,filter_1,2026-04-11T19:00:33.206Z,511,9.448e-06,8192,131072,pumpswap,BnbuPvQe2TNdhS7CSdsCGS1WY7FYu2kZti9adrqkqpZh
2026-04-12T03:32:02.046Z,5rniCpoweGXgsLZZDohw3fZA5yuXgt87df6GHAxWpump,MOTHER,filter_1,2026-04-11T18:17:31.505Z,554,5.612e-06,4096,65536,pumpswap,7dzsEYbuQoK1LLAiae7riygcwphP7BTbK6r7Vv94p28M
2026-04-12T03:32:02.228Z,3i8RByhvAaSWh2VSoVieAPzzmc4DpZC9WHVSsDzBpump,FOOLHOUSE,filter_2,2026-04-11T13:59:09.655Z,813,1.692e-06,4096,524288,pumpswap,G8AJyLtb85QyMbaXZe4k5DdTfLPTD8dEX9xDn2fKqQZD
2026-04-12T03:32:02.413Z,AutFvM5QZqtvjK2SrR8iLwvDEQ7ePnL14Rv7GPFvpump,TripleC,filter_2,2026-04-11T13:57:07.657Z,815,7.12e-06,8192,524288,pumpswap,Cvk9vLXa9wiqWTxb7q5EP3jdPow5ZBrdn1MLRmergW3v
2026-04-12T03:32:02.575Z,Dj2JhqEaKgPDo9se3A1dtSBVV1FFCxAfFa9SBBWmpump,GoldDancer,filter_2,2026-04-11T13:01:12.368Z,871,3.718e-05,16384,524288,pumpswap,9hovxHG2vADjGPe7S6agGTx5o72kgojobbpC5UVzLdt5
2026-04-12T03:32:02.735Z,ACtfUWtgvaXrQGNMiohTusi5jcx5RJf5zwu9aAxkpump,unc,filter_2,2026-04-11T11:21:14.804Z,971,0.0004331,65536,2097152,pumpswap,BWFZkx1pMpvwxammwTrizvoWzZZGiFEYUYW6Ee51SHLy
2026-04-12T03:32:02.895Z,51bywes8qqftjWhEZJZ3GvCM2ogximFejkKqa9kMpump,Marina,filter_2,2026-04-11T10:45:10.038Z,1007,5.634e-05,16384,524288,pumpswap,ChmxH4uiGja7C2ht4KurCwXP8LLgtUgibFL1RwLNqeSG
2026-04-12T03:32:03.056Z,22a4gJyiBTjWsTaFAHiHoQTmXsptDy3iBHeqKQADpump,WLFI,filter_2,2026-04-11T08:08:14.642Z,1164,3.272e-05,16384,1048576,pumpswap,8JUXPRDDfRbDTN9fsQg1fLKw3u7DM9Cesodu1pcp6WA5
2026-04-12T03:32:03.241Z,J1iyLMzrc4G4WgDVmm33bes1Xwzd1mTcmvP8gubMpump,5,filter_2,2026-04-11T07:45:06.637Z,1187,1.68e-06,4096,524288,pumpswap,1HojmJ4JLUiwXz5PxPMAyvaWvk5WZSHGFm1SyQZHTQ2
2026-04-12T03:32:03.402Z,EQUU2gdzvmabX36rCxKSRSNJKtAedRHEiP8pikC8pump,emi,filter_2,2026-04-11T06:50:09.612Z,1242,5.818e-05,16384,1048576,pumpswap,A1eSqj58a8SWLfY9ecCZcfaWSgjYvEHXimiyoKHWG2qn
2026-04-12T03:32:03.586Z,5NmLAtsnwiZZbidywsSZYbZS3GtsoAEfa9HNHjGspump,PND,filter_2,2026-04-11T06:08:08.609Z,1284,7.788e-06,8192,1048576,pumpswap,G2GWEuB5ZA6p2qFxx4i4VViApW5P7aLrYJUv2vdgR5jm
2026-04-12T03:32:03.771Z,3DiHoTLRFzuMHmTBfo84Q22yX16Bv6XviFzgLaxnUJSe,SDR,filter_2,2026-04-11T05:05:14.827Z,1347,0.0002794,64,8388608,raydium,8jJMsUjNZDd32et5q7SXPx6QNQkRbbLK1exbNZfoTKcP
2026-04-12T03:32:03.953Z,8Ct8WT6TYTB9zTYxexAWthmWvYbLML9xmXcRFq2Rpump,METHANE,filter_2,2026-04-11T04:31:08.309Z,1381,1.715e-06,4096,65536,pumpswap,GBGkD83YH6d83NGuhhCKcnacPLoFUuexcCimVtPnhi4d
2026-04-12T03:36:58.638Z,4CkWXDBNqfqBT5xCon4hrGU3mwqhQ3GSwdQQ1SDnpump,STC,filter_2,2026-04-12T03:26:55.769Z,10,0.0001279,32768,524288,pumpswap,BfcxnfNQF3cbZmdKbTNvL1fLD4dEjGhXCG9r6JS6EqB4
2026-04-12T03:36:58.799Z,ApvxrH4oet42G4mgHZTtYZ9h2yMwhNZqs7Tqu1Ebpump,NIKUTA,filter_1,2026-04-12T03:23:38.029Z,13,8.962e-06,8192,131072,pumpswap,BLzb2UKri4YMnAeqc8VgWioAz8zN62LrcDsaJB3VcK22
2026-04-12T03:36:59.009Z,D6HZ5Se3X2wEWWYsHp8Ma3wh3yWwFSSdCAFjGC4spump,Cat,filter_4,2026-04-12T03:06:34.258Z,30,3.162e-05,16384,262144,pumpswap,5g91GWPaRMg4DdCUyds858fyAzhaiTVbi563jVKhqLuT
2026-04-12T03:36:59.171Z,7Y445U5CAiLL4icyyPDonXy7zvGGML2TGjyMmwpDpump,WLFI,filter_1,2026-04-12T02:03:35.233Z,93,1.596e-05,8192,131072,pumpswap,EjzyuTwozXjagMTqqN6hjNpEyW3Q7rX3avE2otRRS8hv
2026-04-12T03:36:59.358Z,BRKFJs1jxrYBKR5sxBiuxTTbyipNBmT6GWenb3c9pump,TRUMP47,filter_5,2026-04-12T00:39:59.430Z,177,1.985e-06,4096,524288,pumpswap,EgcA2ShdHZK4Sg7N6H7yGzTjxpTpunRrbzw231wLWeDh
2026-04-12T03:36:59.522Z,5xjSweEeRNTNHXpEiyp1XBUB2D3MMYCuU8khzgiZpump,FUDGE,filter_2,2026-04-12T00:02:34.174Z,214,2.809e-05,16384,32768,pumpswap,GXBAKvHDgXXwxWWGWmrepfpXstnghwVGEqBmAq2EQgQZ
2026-04-12T03:36:59.713Z,AQiYy4igZ6jeUS5nbTymwLaQfnEg5BAjjZsP1EZkEjBU,Dolores,filter_1,2026-04-11T23:52:34.399Z,224,3.432e-06,4096,65536,pumpswap,9MiNdc2ywiYUm2nr2KTGo8UCmjk3TdKLCZ2B4aAtZ9hq
2026-04-12T03:36:59.874Z,yLT7rHdaNkfnqfg5pxXxCTrx1Rsnagod16DnpKBpump,Nilly,filter_1,2026-04-11T23:45:34.391Z,231,3.032e-06,4096,131072,pumpswap,8vjkK4SAhZ6zkX7gox9DQEmpX7MbiKsp2gRjD4dAS21V
2026-04-12T03:37:00.036Z,9oVRwbx3Ray9bK7CKhqwfqY5NaWYjG3xj1DNYg2mpump,brainlet,filter_2,2026-04-11T22:44:55.606Z,292,1.839e-06,4096,524288,pumpswap,2PW331e9D7pmdELA1m1Uyq6pnEuj5BWB8m7dcBGgJ5xo
2026-04-12T03:37:00.201Z,9XhhPHKnvSd9R8Ygr8kHR6n8YNYd7SMzRHHPFeb2pump,doomer,filter_1,2026-04-11T22:10:33.845Z,326,1.769e-06,4096,262144,pumpswap,DqTPbpJo2UfNFy2v4dHjMoFg9S2wid1RZuF8qfwcJrHx
2026-04-12T03:37:00.474Z,2wwDzQLc3pwgcHrkCadio4Hn3bzYyCptRAewJAEXdoge,MARKC,filter_1,2026-04-11T21:57:35.843Z,339,4.367e-06,4096,65536,meteora,2rVNWK9fRajakX19wtrfJKGE3xNWeubnV5VpYxETUvPX
2026-04-12T03:37:00.639Z,NicGVyEGbJhn52gBtqWM18zKGzRSe9js98AZnRwY8eS,NEGRON,filter_2,2026-04-11T21:33:59.338Z,363,2.363e-07,65536,4194304,raydium,2rXfTt3Xh699TtAUruiz6Vs7vdTrsn55bEm2FKt9y8yE
2026-04-12T03:41:58.629Z,7cFndW3LZJr5hdT138meuoqQRDR6HYqATxKj2CwPpump,AgentCRM,filter_1,2026-04-12T03:39:36.524Z,2,2.437e-05,16384,131072,pumpswap,9UmjwMC9BVfdCYNaa9xCJwWkJjufeVbQg8xcSqMsSSM5
2026-04-12T03:41:58.790Z,BvHneYfnCYjfZE52iUhK4bqkcqJjYjMQUJb5FPhCpump,ALONSHOUSE,filter_2,2026-04-12T03:33:57.255Z,8,9.919e-05,32768,1048576,pumpswap,6KuCNvUu9NsgTFyo1vQGfeFqsoKq7Jq19LhZeQwtMMVr
2026-04-12T03:41:58.950Z,9AEtb967xTMosjp9XFhvHLhscPNYgDWc15jFAZR8pump,RƎ́V,filter_1,2026-04-12T02:44:33.253Z,57,0.0001428,32768,16384,pumpswap,EMm9RL2tHvUvygLCu9WkUMBgnu29K2kePzUuWhiSjdMU
2026-04-12T03:41:59.110Z,Hy58kFcGQuZ9qqbiJL5Ka8FPPmqfU6w4zSqNAyzbpump,Zoomer,filter_5,2026-04-12T02:21:55.989Z,80,2.118e-05,16384,524288,pumpswap,EvDD7gjtfLETpF8m8boLppTCHosWoyoy43AKSttyRia9
2026-04-12T03:41:59.269Z,AdD5EMoGMDiGXcgepXQXneB4fEZuS1QvKqDrN876pump,CRAFT,filter_1,2026-04-12T02:18:34.482Z,83,2.155e-05,8192,65536,pumpswap,Fq6wzHyzh8YXvGS7EYBSNPLs7cr3WSLBw4WCpp5Bbk9n
2026-04-12T03:41:59.429Z,8yeUyEaxBkBgcG5i22zR6JiLmVPbA3p6FUBHjFLFpump,MOG,filter_1,2026-04-12T00:53:40.689Z,168,3.101e-06,4096,262144,pumpswap,8jL5pBxjqyhXzGwYDYZhvdifvuSiP7KWzU8ZCGgssRzk
2026-04-12T03:41:59.588Z,VXnX59zHN7j8FrA971nJij7q2RvPSPa3TioV236pump,COG,filter_1,2026-04-11T23:57:38.153Z,224,4.137e-06,4096,262144,pumpswap,DsEyaDvzkJHPnSwDU251c5pCP1V466nMpwh8KQzEeUuU
2026-04-12T03:41:59.749Z,3SNNxUYmrXUc1mQbtV2NGQTuGKVji4y3MWhyESTypump,CASSIE,filter_4,2026-04-11T23:18:36.635Z,263,4.234e-05,16384,131072,pumpswap,B6nQAKbBTm8xTFHBs4xGUqMJJu6JF5mBcmpEv8MPEQ1i
2026-04-12T03:41:59.908Z,6TRyMNFbS6y444mDECfaENQrVnvZP4XzMr2fa6f8pump,Trump,filter_6,2026-04-11T21:07:35.070Z,394,2.039e-06,4096,1048576,pumpswap,BJLaR38FZ2accuRrABzAWdiMeZ8mF3Ky5tL6q853bgBh
2026-04-12T03:42:00.070Z,EamB9vqC1b4aoyPR6t3hn6CWf48yny84xzCuFJMbpump,Peepa,filter_1,2026-04-11T20:47:42.794Z,414,9.369e-05,32768,1048576,pumpswap,BoB3Dvi5eLGFr86BexBPNY2ZXwMNjWhx3FVCep3X2Vj6
2026-04-12T03:42:00.231Z,AQGaTfXDcvinz6DuxfZEKKFp7hmiWDLis4FtK3chpump,Ivunka,filter_3,2026-04-11T20:41:43.544Z,420,2.612e-06,4096,524288,pumpswap,AHBtpXJ7csokwSXddEDxPFYHcA515g234kXTBMhAVRxe
2026-04-12T03:42:00.425Z,BfZ27pSjL3L8Abm8VuRs5MLjjP21Xv5tUL81Rkyepump,WID,filter_4,2026-04-11T20:41:42.289Z,420,1.175e-05,8192,16384,pumpswap,4zmdmfGwoNb2mfF9PJq2N7x38qpQMwBMphD3HMDx6dak
2026-04-12T03:42:00.585Z,EgiJdQ8dbQHWu1uKS6cQBPaF2sK3a7WFpkjHEgdDpump,Dodger,filter_3,2026-04-11T19:29:11.694Z,493,2.361e-05,16384,1048576,pumpswap,7yrRRCzf429YQ1xQgdZZMy5KQ5jtkkDC7gUZWyPerhXr
2026-04-12T03:42:00.745Z,7bfbBZXpMYbNjhZ6eQ8Ch8VFAbgcz4WsrY7JtQKcpump,BOATGUY,filter_1,2026-04-11T19:27:26.855Z,495,4.8e-06,4096,262144,pumpswap,6gALa6BfE8ce8pLYaEFsTkCtxozfbuBR5bMVK3nKeFD4
2026-04-12T03:42:00.938Z,4juv1Wq63My7Bc7rznMZTyuD4aQfRSZGW9uKqFXSpump,Asset,filter_1,2026-04-11T19:27:24.857Z,495,5.77e-06,8192,32768,pumpswap,6g8ZTMKCKvSsVX92g4SKoBESXgrDL2cR1WLg8i7GZPV9
2026-04-12T03:42:01.099Z,Aq6XmZSohMJeRGU9WswbyQo9paEcKrTEs3xdfDFtpump,Lia,filter_1,2026-04-11T19:25:27.104Z,497,1.922e-06,4096,524288,pumpswap,BsFk4E3Hm12Mg27XmBoDPuk27WAC78BPfN98AHHpDPcM
2026-04-12T03:42:01.261Z,AUZnnRTdybeMiHrxfueNyBgLHnu4H39kngUh84WMpump,MELANIA,filter_3,2026-04-11T19:24:02.559Z,498,0.0005994,65536,1048576,pumpswap,DM9Xj9x8A8SEinJdoz4SJH2vdhBdPGSZmhL7DxBgwbBy
2026-04-12T03:42:01.420Z,56MEDV2H1M7DkaikaSg5vpibaSyWhgspCxgPwQJhpump,DNIGGA,filter_1,2026-04-11T19:22:24.852Z,500,2.116e-06,4096,65536,pumpswap,CAhVRREzXYHDvtu6iwACsei9vhv6mexsGm9hpkeVP1Kj
2026-04-12T03:42:01.584Z,A2Px3FMumMJ7W67VEp9ahFXueEyf9aHpei4TTJ5mpump,BABY,filter_3,2026-04-11T19:14:43.120Z,507,6.506e-06,8192,1048576,pumpswap,53UgNjZDC6mXsEDTowHLmKi2Y6jzjH2Ee3ybac7jEQRQ
2026-04-12T03:42:01.744Z,wutj1cNsMWyeu9ub61knDRCwU37aVvYuCBn8ZLPj7JL,ZHONEY,filter_1,2026-04-11T19:04:35.959Z,517,8.738e-06,8192,65536,pumpswap,CtYpMFyZqcJL7mPbDQU9o88g9QpkbzEFSC81J9FzFbF8
2026-04-12T03:42:01.905Z,4oFZFm3s8VKeCnwM2G5X5mZrsPivDyzCLvDYZmVipump,ClawFC,filter_1,2026-04-11T19:00:33.206Z,521,8.993e-06,8192,131072,pumpswap,BnbuPvQe2TNdhS7CSdsCGS1WY7FYu2kZti9adrqkqpZh
2026-04-12T03:42:02.065Z,5rniCpoweGXgsLZZDohw3fZA5yuXgt87df6GHAxWpump,MOTHER,filter_1,2026-04-11T18:17:31.505Z,564,5.619e-06,4096,65536,pumpswap,7dzsEYbuQoK1LLAiae7riygcwphP7BTbK6r7Vv94p28M
2026-04-12T03:42:02.225Z,3i8RByhvAaSWh2VSoVieAPzzmc4DpZC9WHVSsDzBpump,FOOLHOUSE,filter_2,2026-04-11T13:59:09.655Z,823,1.688e-06,4096,524288,pumpswap,G8AJyLtb85QyMbaXZe4k5DdTfLPTD8dEX9xDn2fKqQZD
2026-04-12T03:42:02.385Z,AutFvM5QZqtvjK2SrR8iLwvDEQ7ePnL14Rv7GPFvpump,TripleC,filter_2,2026-04-11T13:57:07.657Z,825,6.57e-06,8192,524288,pumpswap,Cvk9vLXa9wiqWTxb7q5EP3jdPow5ZBrdn1MLRmergW3v
2026-04-12T03:42:02.547Z,Dj2JhqEaKgPDo9se3A1dtSBVV1FFCxAfFa9SBBWmpump,GoldDancer,filter_2,2026-04-11T13:01:12.368Z,881,3.296e-05,16384,524288,pumpswap,9hovxHG2vADjGPe7S6agGTx5o72kgojobbpC5UVzLdt5
2026-04-12T03:42:02.708Z,ACtfUWtgvaXrQGNMiohTusi5jcx5RJf5zwu9aAxkpump,unc,filter_2,2026-04-11T11:21:14.804Z,981,0.0004896,65536,2097152,pumpswap,BWFZkx1pMpvwxammwTrizvoWzZZGiFEYUYW6Ee51SHLy
2026-04-12T03:42:02.867Z,51bywes8qqftjWhEZJZ3GvCM2ogximFejkKqa9kMpump,Marina,filter_2,2026-04-11T10:45:10.038Z,1017,6.005e-05,16384,524288,pumpswap,ChmxH4uiGja7C2ht4KurCwXP8LLgtUgibFL1RwLNqeSG
2026-04-12T03:42:03.054Z,22a4gJyiBTjWsTaFAHiHoQTmXsptDy3iBHeqKQADpump,WLFI,filter_2,2026-04-11T08:08:14.642Z,1174,4.47e-05,16384,1048576,pumpswap,8JUXPRDDfRbDTN9fsQg1fLKw3u7DM9Cesodu1pcp6WA5
2026-04-12T03:42:03.214Z,J1iyLMzrc4G4WgDVmm33bes1Xwzd1mTcmvP8gubMpump,5,filter_2,2026-04-11T07:45:06.637Z,1197,1.68e-06,4096,524288,pumpswap,1HojmJ4JLUiwXz5PxPMAyvaWvk5WZSHGFm1SyQZHTQ2
2026-04-12T03:42:03.374Z,EQUU2gdzvmabX36rCxKSRSNJKtAedRHEiP8pikC8pump,emi,filter_2,2026-04-11T06:50:09.612Z,1252,5.898e-05,16384,1048576,pumpswap,A1eSqj58a8SWLfY9ecCZcfaWSgjYvEHXimiyoKHWG2qn
2026-04-12T03:42:03.558Z,5NmLAtsnwiZZbidywsSZYbZS3GtsoAEfa9HNHjGspump,PND,filter_2,2026-04-11T06:08:08.609Z,1294,8.131e-06,8192,1048576,pumpswap,G2GWEuB5ZA6p2qFxx4i4VViApW5P7aLrYJUv2vdgR5jm
2026-04-12T03:42:03.755Z,3DiHoTLRFzuMHmTBfo84Q22yX16Bv6XviFzgLaxnUJSe,SDR,filter_2,2026-04-11T05:05:14.827Z,1357,0.001474,64,32,meteora,3AEQuyL1xR4Aq3BVJ9qPBZFcG9ydwCWk5zd3hEQDiW8e
2026-04-12T03:42:03.914Z,8Ct8WT6TYTB9zTYxexAWthmWvYbLML9xmXcRFq2Rpump,METHANE,filter_2,2026-04-11T04:31:08.309Z,1391,1.636e-06,4096,65536,pumpswap,GBGkD83YH6d83NGuhhCKcnacPLoFUuexcCimVtPnhi4d
2026-04-12T03:46:58.628Z,4CkWXDBNqfqBT5xCon4hrGU3mwqhQ3GSwdQQ1SDnpump,STC,filter_2,2026-04-12T03:43:56.274Z,3,0.0001074,32768,524288,pumpswap,BfcxnfNQF3cbZmdKbTNvL1fLD4dEjGhXCG9r6JS6EqB4
2026-04-12T03:46:58.788Z,ApvxrH4oet42G4mgHZTtYZ9h2yMwhNZqs7Tqu1Ebpump,NIKUTA,filter_1,2026-04-12T03:23:38.029Z,23,7.567e-06,8192,131072,pumpswap,BLzb2UKri4YMnAeqc8VgWioAz8zN62LrcDsaJB3VcK22
2026-04-12T03:46:58.950Z,D6HZ5Se3X2wEWWYsHp8Ma3wh3yWwFSSdCAFjGC4spump,Cat,filter_4,2026-04-12T03:06:34.258Z,40,3.993e-05,16384,262144,pumpswap,5g91GWPaRMg4DdCUyds858fyAzhaiTVbi563jVKhqLuT
2026-04-12T03:46:59.111Z,7Y445U5CAiLL4icyyPDonXy7zvGGML2TGjyMmwpDpump,WLFI,filter_1,2026-04-12T02:03:35.233Z,103,1.554e-05,8192,131072,pumpswap,EjzyuTwozXjagMTqqN6hjNpEyW3Q7rX3avE2otRRS8hv
2026-04-12T03:46:59.271Z,BRKFJs1jxrYBKR5sxBiuxTTbyipNBmT6GWenb3c9pump,TRUMP47,filter_5,2026-04-12T00:39:59.430Z,187,1.982e-06,4096,524288,pumpswap,EgcA2ShdHZK4Sg7N6H7yGzTjxpTpunRrbzw231wLWeDh
2026-04-12T03:46:59.431Z,5xjSweEeRNTNHXpEiyp1XBUB2D3MMYCuU8khzgiZpump,FUDGE,filter_2,2026-04-12T00:02:34.174Z,224,2.676e-05,16384,32768,pumpswap,GXBAKvHDgXXwxWWGWmrepfpXstnghwVGEqBmAq2EQgQZ
2026-04-12T03:46:59.617Z,AQiYy4igZ6jeUS5nbTymwLaQfnEg5BAjjZsP1EZkEjBU,Dolores,filter_1,2026-04-11T23:52:34.399Z,234,3.486e-06,4096,65536,pumpswap,9MiNdc2ywiYUm2nr2KTGo8UCmjk3TdKLCZ2B4aAtZ9hq
2026-04-12T03:46:59.777Z,yLT7rHdaNkfnqfg5pxXxCTrx1Rsnagod16DnpKBpump,Nilly,filter_1,2026-04-11T23:45:34.391Z,241,3.032e-06,4096,131072,pumpswap,8vjkK4SAhZ6zkX7gox9DQEmpX7MbiKsp2gRjD4dAS21V
2026-04-12T03:46:59.940Z,9oVRwbx3Ray9bK7CKhqwfqY5NaWYjG3xj1DNYg2mpump,brainlet,filter_2,2026-04-11T22:44:55.606Z,302,1.839e-06,4096,524288,pumpswap,2PW331e9D7pmdELA1m1Uyq6pnEuj5BWB8m7dcBGgJ5xo
2026-04-12T03:47:00.110Z,9XhhPHKnvSd9R8Ygr8kHR6n8YNYd7SMzRHHPFeb2pump,doomer,filter_1,2026-04-11T22:10:33.845Z,336,1.769e-06,4096,262144,pumpswap,DqTPbpJo2UfNFy2v4dHjMoFg9S2wid1RZuF8qfwcJrHx
2026-04-12T03:47:00.297Z,2wwDzQLc3pwgcHrkCadio4Hn3bzYyCptRAewJAEXdoge,MARKC,filter_1,2026-04-11T21:57:35.843Z,349,4.367e-06,4096,65536,meteora,2rVNWK9fRajakX19wtrfJKGE3xNWeubnV5VpYxETUvPX
2026-04-12T03:47:00.504Z,NicGVyEGbJhn52gBtqWM18zKGzRSe9js98AZnRwY8eS,NEGRON,filter_2,2026-04-11T21:33:59.338Z,373,2.387e-07,65536,4194304,raydium,2rXfTt3Xh699TtAUruiz6Vs7vdTrsn55bEm2FKt9y8yE
2026-04-12T03:51:58.645Z,BvHneYfnCYjfZE52iUhK4bqkcqJjYjMQUJb5FPhCpump,ALONSHOUSE,filter_2,2026-04-12T03:51:56.774Z,0,0.0001338,32768,1048576,pumpswap,6KuCNvUu9NsgTFyo1vQGfeFqsoKq7Jq19LhZeQwtMMVr
2026-04-12T03:51:58.805Z,7cFndW3LZJr5hdT138meuoqQRDR6HYqATxKj2CwPpump,AgentCRM,filter_1,2026-04-12T03:39:36.524Z,12,3.526e-05,16384,131072,pumpswap,9UmjwMC9BVfdCYNaa9xCJwWkJjufeVbQg8xcSqMsSSM5
2026-04-12T03:51:58.966Z,9AEtb967xTMosjp9XFhvHLhscPNYgDWc15jFAZR8pump,RƎ́V,filter_1,2026-04-12T02:44:33.253Z,67,0.0001441,32768,16384,pumpswap,EMm9RL2tHvUvygLCu9WkUMBgnu29K2kePzUuWhiSjdMU
2026-04-12T03:51:59.126Z,Hy58kFcGQuZ9qqbiJL5Ka8FPPmqfU6w4zSqNAyzbpump,Zoomer,filter_5,2026-04-12T02:21:55.989Z,90,2.395e-05,16384,524288,pumpswap,EvDD7gjtfLETpF8m8boLppTCHosWoyoy43AKSttyRia9
2026-04-12T03:51:59.287Z,AdD5EMoGMDiGXcgepXQXneB4fEZuS1QvKqDrN876pump,CRAFT,filter_1,2026-04-12T02:18:34.482Z,93,2.108e-05,8192,65536,pumpswap,Fq6wzHyzh8YXvGS7EYBSNPLs7cr3WSLBw4WCpp5Bbk9n
2026-04-12T03:51:59.453Z,8yeUyEaxBkBgcG5i22zR6JiLmVPbA3p6FUBHjFLFpump,MOG,filter_1,2026-04-12T00:53:40.689Z,178,3.101e-06,4096,262144,pumpswap,8jL5pBxjqyhXzGwYDYZhvdifvuSiP7KWzU8ZCGgssRzk
2026-04-12T03:51:59.645Z,VXnX59zHN7j8FrA971nJij7q2RvPSPa3TioV236pump,COG,filter_1,2026-04-11T23:57:38.153Z,234,4.107e-06,4096,262144,pumpswap,DsEyaDvzkJHPnSwDU251c5pCP1V466nMpwh8KQzEeUuU
2026-04-12T03:51:59.805Z,3SNNxUYmrXUc1mQbtV2NGQTuGKVji4y3MWhyESTypump,CASSIE,filter_4,2026-04-11T23:18:36.635Z,273,4.004e-05,16384,131072,pumpswap,B6nQAKbBTm8xTFHBs4xGUqMJJu6JF5mBcmpEv8MPEQ1i
2026-04-12T03:51:59.964Z,6TRyMNFbS6y444mDECfaENQrVnvZP4XzMr2fa6f8pump,Trump,filter_6,2026-04-11T21:07:35.070Z,404,2.027e-06,4096,1048576,pumpswap,BJLaR38FZ2accuRrABzAWdiMeZ8mF3Ky5tL6q853bgBh
2026-04-12T03:52:00.136Z,EamB9vqC1b4aoyPR6t3hn6CWf48yny84xzCuFJMbpump,Peepa,filter_1,2026-04-11T20:47:42.794Z,424,8.821e-05,32768,1048576,pumpswap,BoB3Dvi5eLGFr86BexBPNY2ZXwMNjWhx3FVCep3X2Vj6
2026-04-12T03:52:00.297Z,AQGaTfXDcvinz6DuxfZEKKFp7hmiWDLis4FtK3chpump,Ivunka,filter_3,2026-04-11T20:41:43.544Z,430,2.602e-06,4096,524288,pumpswap,AHBtpXJ7csokwSXddEDxPFYHcA515g234kXTBMhAVRxe
2026-04-12T03:52:00.504Z,BfZ27pSjL3L8Abm8VuRs5MLjjP21Xv5tUL81Rkyepump,WID,filter_4,2026-04-11T20:41:42.289Z,430,1.175e-05,8192,16384,pumpswap,4zmdmfGwoNb2mfF9PJq2N7x38qpQMwBMphD3HMDx6dak
2026-04-12T03:52:00.665Z,EgiJdQ8dbQHWu1uKS6cQBPaF2sK3a7WFpkjHEgdDpump,Dodger,filter_3,2026-04-11T19:29:11.694Z,503,3.38e-05,16384,1048576,pumpswap,7yrRRCzf429YQ1xQgdZZMy5KQ5jtkkDC7gUZWyPerhXr
2026-04-12T03:52:00.825Z,7bfbBZXpMYbNjhZ6eQ8Ch8VFAbgcz4WsrY7JtQKcpump,BOATGUY,filter_1,2026-04-11T19:27:26.855Z,505,4.8e-06,4096,262144,pumpswap,6gALa6BfE8ce8pLYaEFsTkCtxozfbuBR5bMVK3nKeFD4
2026-04-12T03:52:00.985Z,4juv1Wq63My7Bc7rznMZTyuD4aQfRSZGW9uKqFXSpump,Asset,filter_1,2026-04-11T19:27:24.857Z,505,5.77e-06,8192,32768,pumpswap,6g8ZTMKCKvSsVX92g4SKoBESXgrDL2cR1WLg8i7GZPV9
2026-04-12T03:52:01.144Z,Aq6XmZSohMJeRGU9WswbyQo9paEcKrTEs3xdfDFtpump,Lia,filter_1,2026-04-11T19:25:27.104Z,507,1.917e-06,4096,524288,pumpswap,BsFk4E3Hm12Mg27XmBoDPuk27WAC78BPfN98AHHpDPcM
2026-04-12T03:52:01.328Z,AUZnnRTdybeMiHrxfueNyBgLHnu4H39kngUh84WMpump,MELANIA,filter_3,2026-04-11T19:24:02.559Z,508,0.0005785,65536,1048576,pumpswap,DM9Xj9x8A8SEinJdoz4SJH2vdhBdPGSZmhL7DxBgwbBy
2026-04-12T03:52:01.488Z,56MEDV2H1M7DkaikaSg5vpibaSyWhgspCxgPwQJhpump,DNIGGA,filter_1,2026-04-11T19:22:24.852Z,510,2.116e-06,4096,65536,pumpswap,CAhVRREzXYHDvtu6iwACsei9vhv6mexsGm9hpkeVP1Kj
2026-04-12T03:52:01.646Z,A2Px3FMumMJ7W67VEp9ahFXueEyf9aHpei4TTJ5mpump,BABY,filter_3,2026-04-11T19:14:43.120Z,517,6.543e-06,8192,1048576,pumpswap,53UgNjZDC6mXsEDTowHLmKi2Y6jzjH2Ee3ybac7jEQRQ
2026-04-12T03:52:01.830Z,wutj1cNsMWyeu9ub61knDRCwU37aVvYuCBn8ZLPj7JL,ZHONEY,filter_1,2026-04-11T19:04:35.959Z,527,8.738e-06,8192,65536,pumpswap,CtYpMFyZqcJL7mPbDQU9o88g9QpkbzEFSC81J9FzFbF8
2026-04-12T03:52:02.010Z,4oFZFm3s8VKeCnwM2G5X5mZrsPivDyzCLvDYZmVipump,ClawFC,filter_1,2026-04-11T19:00:33.206Z,531,7.067e-06,8192,131072,pumpswap,BnbuPvQe2TNdhS7CSdsCGS1WY7FYu2kZti9adrqkqpZh
2026-04-12T03:52:02.171Z,5rniCpoweGXgsLZZDohw3fZA5yuXgt87df6GHAxWpump,MOTHER,filter_1,2026-04-11T18:17:31.505Z,574,5.563e-06,4096,65536,pumpswap,7dzsEYbuQoK1LLAiae7riygcwphP7BTbK6r7Vv94p28M
2026-04-12T03:52:02.330Z,3i8RByhvAaSWh2VSoVieAPzzmc4DpZC9WHVSsDzBpump,FOOLHOUSE,filter_2,2026-04-11T13:59:09.655Z,833,1.688e-06,4096,524288,pumpswap,G8AJyLtb85QyMbaXZe4k5DdTfLPTD8dEX9xDn2fKqQZD
2026-04-12T03:52:02.514Z,AutFvM5QZqtvjK2SrR8iLwvDEQ7ePnL14Rv7GPFvpump,TripleC,filter_2,2026-04-11T13:57:07.657Z,835,6.066e-06,8192,524288,pumpswap,Cvk9vLXa9wiqWTxb7q5EP3jdPow5ZBrdn1MLRmergW3v
2026-04-12T03:52:02.674Z,Dj2JhqEaKgPDo9se3A1dtSBVV1FFCxAfFa9SBBWmpump,GoldDancer,filter_2,2026-04-11T13:01:12.368Z,891,3.314e-05,16384,524288,pumpswap,9hovxHG2vADjGPe7S6agGTx5o72kgojobbpC5UVzLdt5
2026-04-12T03:52:02.833Z,ACtfUWtgvaXrQGNMiohTusi5jcx5RJf5zwu9aAxkpump,unc,filter_2,2026-04-11T11:21:14.804Z,991,0.0004783,65536,2097152,pumpswap,BWFZkx1pMpvwxammwTrizvoWzZZGiFEYUYW6Ee51SHLy
2026-04-12T03:52:02.994Z,51bywes8qqftjWhEZJZ3GvCM2ogximFejkKqa9kMpump,Marina,filter_2,2026-04-11T10:45:10.038Z,1027,6.377e-05,16384,524288,pumpswap,ChmxH4uiGja7C2ht4KurCwXP8LLgtUgibFL1RwLNqeSG
2026-04-12T03:52:03.194Z,22a4gJyiBTjWsTaFAHiHoQTmXsptDy3iBHeqKQADpump,WLFI,filter_2,2026-04-11T08:08:14.642Z,1184,4.107e-05,16384,1048576,pumpswap,8JUXPRDDfRbDTN9fsQg1fLKw3u7DM9Cesodu1pcp6WA5
2026-04-12T03:52:03.353Z,J1iyLMzrc4G4WgDVmm33bes1Xwzd1mTcmvP8gubMpump,5,filter_2,2026-04-11T07:45:06.637Z,1207,1.68e-06,4096,524288,pumpswap,1HojmJ4JLUiwXz5PxPMAyvaWvk5WZSHGFm1SyQZHTQ2
2026-04-12T03:52:03.512Z,EQUU2gdzvmabX36rCxKSRSNJKtAedRHEiP8pikC8pump,emi,filter_2,2026-04-11T06:50:09.612Z,1262,5.919e-05,16384,1048576,pumpswap,A1eSqj58a8SWLfY9ecCZcfaWSgjYvEHXimiyoKHWG2qn
2026-04-12T03:52:03.697Z,5NmLAtsnwiZZbidywsSZYbZS3GtsoAEfa9HNHjGspump,PND,filter_2,2026-04-11T06:08:08.609Z,1304,8.011e-06,8192,524288,pumpswap,G2GWEuB5ZA6p2qFxx4i4VViApW5P7aLrYJUv2vdgR5jm
2026-04-12T03:52:03.889Z,3DiHoTLRFzuMHmTBfo84Q22yX16Bv6XviFzgLaxnUJSe,SDR,filter_2,2026-04-11T05:05:14.827Z,1367,0.001551,64,32,meteora,3AEQuyL1xR4Aq3BVJ9qPBZFcG9ydwCWk5zd3hEQDiW8e
2026-04-12T03:52:04.089Z,8Ct8WT6TYTB9zTYxexAWthmWvYbLML9xmXcRFq2Rpump,METHANE,filter_2,2026-04-11T04:31:08.309Z,1401,1.636e-06,4096,65536,pumpswap,GBGkD83YH6d83NGuhhCKcnacPLoFUuexcCimVtPnhi4d
2026-04-12T03:56:58.639Z,4CkWXDBNqfqBT5xCon4hrGU3mwqhQ3GSwdQQ1SDnpump,STC,filter_2,2026-04-12T03:49:56.288Z,7,0.000108,32768,524288,pumpswap,BfcxnfNQF3cbZmdKbTNvL1fLD4dEjGhXCG9r6JS6EqB4
2026-04-12T03:56:58.833Z,ApvxrH4oet42G4mgHZTtYZ9h2yMwhNZqs7Tqu1Ebpump,NIKUTA,filter_1,2026-04-12T03:23:38.029Z,33,7.269e-06,8192,131072,pumpswap,BLzb2UKri4YMnAeqc8VgWioAz8zN62LrcDsaJB3VcK22
2026-04-12T03:56:58.994Z,D6HZ5Se3X2wEWWYsHp8Ma3wh3yWwFSSdCAFjGC4spump,Cat,filter_4,2026-04-12T03:06:34.258Z,50,3.752e-05,16384,262144,pumpswap,5g91GWPaRMg4DdCUyds858fyAzhaiTVbi563jVKhqLuT
2026-04-12T03:56:59.157Z,7Y445U5CAiLL4icyyPDonXy7zvGGML2TGjyMmwpDpump,WLFI,filter_1,2026-04-12T02:03:35.233Z,113,1.541e-05,8192,131072,pumpswap,EjzyuTwozXjagMTqqN6hjNpEyW3Q7rX3avE2otRRS8hv
2026-04-12T03:56:59.341Z,BRKFJs1jxrYBKR5sxBiuxTTbyipNBmT6GWenb3c9pump,TRUMP47,filter_5,2026-04-12T00:39:59.430Z,197,1.903e-06,4096,524288,pumpswap,EgcA2ShdHZK4Sg7N6H7yGzTjxpTpunRrbzw231wLWeDh
2026-04-12T03:56:59.502Z,5xjSweEeRNTNHXpEiyp1XBUB2D3MMYCuU8khzgiZpump,FUDGE,filter_2,2026-04-12T00:02:34.174Z,234,2.103e-05,8192,32768,pumpswap,GXBAKvHDgXXwxWWGWmrepfpXstnghwVGEqBmAq2EQgQZ
2026-04-12T03:56:59.688Z,AQiYy4igZ6jeUS5nbTymwLaQfnEg5BAjjZsP1EZkEjBU,Dolores,filter_1,2026-04-11T23:52:34.399Z,244,3.486e-06,4096,65536,pumpswap,9MiNdc2ywiYUm2nr2KTGo8UCmjk3TdKLCZ2B4aAtZ9hq
2026-04-12T03:56:59.916Z,yLT7rHdaNkfnqfg5pxXxCTrx1Rsnagod16DnpKBpump,Nilly,filter_1,2026-04-11T23:45:34.391Z,251,3e-06,4096,131072,pumpswap,8vjkK4SAhZ6zkX7gox9DQEmpX7MbiKsp2gRjD4dAS21V
2026-04-12T03:57:00.077Z,9oVRwbx3Ray9bK7CKhqwfqY5NaWYjG3xj1DNYg2mpump,brainlet,filter_2,2026-04-11T22:44:55.606Z,312,1.839e-06,4096,524288,pumpswap,2PW331e9D7pmdELA1m1Uyq6pnEuj5BWB8m7dcBGgJ5xo
2026-04-12T03:57:00.241Z,9XhhPHKnvSd9R8Ygr8kHR6n8YNYd7SMzRHHPFeb2pump,doomer,filter_1,2026-04-11T22:10:33.845Z,346,1.72e-06,4096,262144,pumpswap,DqTPbpJo2UfNFy2v4dHjMoFg9S2wid1RZuF8qfwcJrHx
2026-04-12T03:57:00.403Z,2wwDzQLc3pwgcHrkCadio4Hn3bzYyCptRAewJAEXdoge,MARKC,filter_1,2026-04-11T21:57:35.843Z,359,4.367e-06,4096,65536,meteora,2rVNWK9fRajakX19wtrfJKGE3xNWeubnV5VpYxETUvPX
2026-04-12T03:57:00.565Z,NicGVyEGbJhn52gBtqWM18zKGzRSe9js98AZnRwY8eS,NEGRON,filter_2,2026-04-11T21:33:59.338Z,383,2.367e-07,65536,4194304,raydium,2rXfTt3Xh699TtAUruiz6Vs7vdTrsn55bEm2FKt9y8yE
2026-04-12T04:01:58.640Z,BvHneYfnCYjfZE52iUhK4bqkcqJjYjMQUJb5FPhCpump,ALONSHOUSE,filter_2,2026-04-12T03:51:56.774Z,10,0.000134,32768,1048576,pumpswap,6KuCNvUu9NsgTFyo1vQGfeFqsoKq7Jq19LhZeQwtMMVr
2026-04-12T04:01:58.802Z,7cFndW3LZJr5hdT138meuoqQRDR6HYqATxKj2CwPpump,AgentCRM,filter_1,2026-04-12T03:39:36.524Z,22,5.71e-05,16384,131072,pumpswap,9UmjwMC9BVfdCYNaa9xCJwWkJjufeVbQg8xcSqMsSSM5
2026-04-12T04:01:58.966Z,9AEtb967xTMosjp9XFhvHLhscPNYgDWc15jFAZR8pump,RƎ́V,filter_1,2026-04-12T02:44:33.253Z,77,0.0001422,32768,16384,pumpswap,EMm9RL2tHvUvygLCu9WkUMBgnu29K2kePzUuWhiSjdMU
2026-04-12T04:01:59.129Z,Hy58kFcGQuZ9qqbiJL5Ka8FPPmqfU6w4zSqNAyzbpump,Zoomer,filter_5,2026-04-12T02:21:55.989Z,100,2.439e-05,16384,524288,pumpswap,EvDD7gjtfLETpF8m8boLppTCHosWoyoy43AKSttyRia9
2026-04-12T04:01:59.293Z,AdD5EMoGMDiGXcgepXQXneB4fEZuS1QvKqDrN876pump,CRAFT,filter_1,2026-04-12T02:18:34.482Z,103,2.051e-05,8192,65536,pumpswap,Fq6wzHyzh8YXvGS7EYBSNPLs7cr3WSLBw4WCpp5Bbk9n
2026-04-12T04:01:59.487Z,8yeUyEaxBkBgcG5i22zR6JiLmVPbA3p6FUBHjFLFpump,MOG,filter_1,2026-04-12T00:53:40.689Z,188,3.064e-06,4096,262144,pumpswap,8jL5pBxjqyhXzGwYDYZhvdifvuSiP7KWzU8ZCGgssRzk
2026-04-12T04:01:59.649Z,VXnX59zHN7j8FrA971nJij7q2RvPSPa3TioV236pump,COG,filter_1,2026-04-11T23:57:38.153Z,244,3.929e-06,4096,262144,pumpswap,DsEyaDvzkJHPnSwDU251c5pCP1V466nMpwh8KQzEeUuU
2026-04-12T04:01:59.813Z,3SNNxUYmrXUc1mQbtV2NGQTuGKVji4y3MWhyESTypump,CASSIE,filter_4,2026-04-11T23:18:36.635Z,283,3.919e-05,16384,131072,pumpswap,B6nQAKbBTm8xTFHBs4xGUqMJJu6JF5mBcmpEv8MPEQ1i
2026-04-12T04:01:59.977Z,6TRyMNFbS6y444mDECfaENQrVnvZP4XzMr2fa6f8pump,Trump,filter_6,2026-04-11T21:07:35.070Z,414,2.027e-06,4096,1048576,pumpswap,BJLaR38FZ2accuRrABzAWdiMeZ8mF3Ky5tL6q853bgBh
2026-04-12T04:02:00.141Z,EamB9vqC1b4aoyPR6t3hn6CWf48yny84xzCuFJMbpump,Peepa,filter_1,2026-04-11T20:47:42.794Z,434,9.267e-05,32768,1048576,pumpswap,BoB3Dvi5eLGFr86BexBPNY2ZXwMNjWhx3FVCep3X2Vj6
2026-04-12T04:02:00.314Z,AQGaTfXDcvinz6DuxfZEKKFp7hmiWDLis4FtK3chpump,Ivunka,filter_3,2026-04-11T20:41:43.544Z,440,2.769e-06,4096,524288,pumpswap,AHBtpXJ7csokwSXddEDxPFYHcA515g234kXTBMhAVRxe
2026-04-12T04:02:00.506Z,BfZ27pSjL3L8Abm8VuRs5MLjjP21Xv5tUL81Rkyepump,WID,filter_4,2026-04-11T20:41:42.289Z,440,1.175e-05,8192,16384,pumpswap,4zmdmfGwoNb2mfF9PJq2N7x38qpQMwBMphD3HMDx6dak
2026-04-12T04:02:00.670Z,EgiJdQ8dbQHWu1uKS6cQBPaF2sK3a7WFpkjHEgdDpump,Dodger,filter_3,2026-04-11T19:29:11.694Z,513,3.061e-05,16384,1048576,pumpswap,7yrRRCzf429YQ1xQgdZZMy5KQ5jtkkDC7gUZWyPerhXr
2026-04-12T04:02:00.832Z,7bfbBZXpMYbNjhZ6eQ8Ch8VFAbgcz4WsrY7JtQKcpump,BOATGUY,filter_1,2026-04-11T19:27:26.855Z,515,4.8e-06,4096,262144,pumpswap,6gALa6BfE8ce8pLYaEFsTkCtxozfbuBR5bMVK3nKeFD4
2026-04-12T04:02:01.020Z,4juv1Wq63My7Bc7rznMZTyuD4aQfRSZGW9uKqFXSpump,Asset,filter_1,2026-04-11T19:27:24.857Z,515,5.77e-06,8192,32768,pumpswap,6g8ZTMKCKvSsVX92g4SKoBESXgrDL2cR1WLg8i7GZPV9
2026-04-12T04:02:01.234Z,Aq6XmZSohMJeRGU9WswbyQo9paEcKrTEs3xdfDFtpump,Lia,filter_1,2026-04-11T19:25:27.104Z,517,1.917e-06,4096,524288,pumpswap,BsFk4E3Hm12Mg27XmBoDPuk27WAC78BPfN98AHHpDPcM
2026-04-12T04:02:01.453Z,AUZnnRTdybeMiHrxfueNyBgLHnu4H39kngUh84WMpump,MELANIA,filter_3,2026-04-11T19:24:02.559Z,518,0.0006218,65536,1048576,pumpswap,DM9Xj9x8A8SEinJdoz4SJH2vdhBdPGSZmhL7DxBgwbBy
2026-04-12T04:02:01.614Z,56MEDV2H1M7DkaikaSg5vpibaSyWhgspCxgPwQJhpump,DNIGGA,filter_1,2026-04-11T19:22:24.852Z,520,2.116e-06,4096,65536,pumpswap,CAhVRREzXYHDvtu6iwACsei9vhv6mexsGm9hpkeVP1Kj
2026-04-12T04:02:01.804Z,A2Px3FMumMJ7W67VEp9ahFXueEyf9aHpei4TTJ5mpump,BABY,filter_3,2026-04-11T19:14:43.120Z,527,6.099e-06,8192,1048576,pumpswap,53UgNjZDC6mXsEDTowHLmKi2Y6jzjH2Ee3ybac7jEQRQ
2026-04-12T04:02:01.990Z,wutj1cNsMWyeu9ub61knDRCwU37aVvYuCBn8ZLPj7JL,ZHONEY,filter_1,2026-04-11T19:04:35.959Z,537,8.738e-06,8192,65536,pumpswap,CtYpMFyZqcJL7mPbDQU9o88g9QpkbzEFSC81J9FzFbF8
2026-04-12T04:02:02.152Z,4oFZFm3s8VKeCnwM2G5X5mZrsPivDyzCLvDYZmVipump,ClawFC,filter_1,2026-04-11T19:00:33.206Z,541,7.011e-06,8192,131072,pumpswap,BnbuPvQe2TNdhS7CSdsCGS1WY7FYu2kZti9adrqkqpZh
2026-04-12T04:02:02.315Z,5rniCpoweGXgsLZZDohw3fZA5yuXgt87df6GHAxWpump,MOTHER,filter_1,2026-04-11T18:17:31.505Z,584,5.962e-06,8192,65536,pumpswap,7dzsEYbuQoK1LLAiae7riygcwphP7BTbK6r7Vv94p28M
2026-04-12T04:02:02.563Z,3i8RByhvAaSWh2VSoVieAPzzmc4DpZC9WHVSsDzBpump,FOOLHOUSE,filter_2,2026-04-11T13:59:09.655Z,843,1.709e-06,4096,524288,pumpswap,G8AJyLtb85QyMbaXZe4k5DdTfLPTD8dEX9xDn2fKqQZD
2026-04-12T04:02:02.750Z,AutFvM5QZqtvjK2SrR8iLwvDEQ7ePnL14Rv7GPFvpump,TripleC,filter_2,2026-04-11T13:57:07.657Z,845,5.974e-06,8192,524288,pumpswap,Cvk9vLXa9wiqWTxb7q5EP3jdPow5ZBrdn1MLRmergW3v
2026-04-12T04:02:02.946Z,Dj2JhqEaKgPDo9se3A1dtSBVV1FFCxAfFa9SBBWmpump,GoldDancer,filter_2,2026-04-11T13:01:12.368Z,901,3.846e-05,16384,524288,pumpswap,9hovxHG2vADjGPe7S6agGTx5o72kgojobbpC5UVzLdt5
2026-04-12T04:02:03.109Z,ACtfUWtgvaXrQGNMiohTusi5jcx5RJf5zwu9aAxkpump,unc,filter_2,2026-04-11T11:21:14.804Z,1001,0.0004816,65536,2097152,pumpswap,BWFZkx1pMpvwxammwTrizvoWzZZGiFEYUYW6Ee51SHLy
2026-04-12T04:02:03.271Z,51bywes8qqftjWhEZJZ3GvCM2ogximFejkKqa9kMpump,Marina,filter_2,2026-04-11T10:45:10.038Z,1037,7.109e-05,16384,524288,pumpswap,ChmxH4uiGja7C2ht4KurCwXP8LLgtUgibFL1RwLNqeSG
2026-04-12T04:02:03.456Z,22a4gJyiBTjWsTaFAHiHoQTmXsptDy3iBHeqKQADpump,WLFI,filter_2,2026-04-11T08:08:14.642Z,1194,5.846e-05,16384,1048576,pumpswap,8JUXPRDDfRbDTN9fsQg1fLKw3u7DM9Cesodu1pcp6WA5
2026-04-12T04:02:03.641Z,J1iyLMzrc4G4WgDVmm33bes1Xwzd1mTcmvP8gubMpump,5,filter_2,2026-04-11T07:45:06.637Z,1217,1.695e-06,4096,524288,pumpswap,1HojmJ4JLUiwXz5PxPMAyvaWvk5WZSHGFm1SyQZHTQ2
2026-04-12T04:02:03.802Z,EQUU2gdzvmabX36rCxKSRSNJKtAedRHEiP8pikC8pump,emi,filter_2,2026-04-11T06:50:09.612Z,1272,6.968e-05,16384,1048576,pumpswap,A1eSqj58a8SWLfY9ecCZcfaWSgjYvEHXimiyoKHWG2qn
2026-04-12T04:02:03.988Z,5NmLAtsnwiZZbidywsSZYbZS3GtsoAEfa9HNHjGspump,PND,filter_2,2026-04-11T06:08:08.609Z,1314,8.011e-06,8192,524288,pumpswap,G2GWEuB5ZA6p2qFxx4i4VViApW5P7aLrYJUv2vdgR5jm
2026-04-12T04:02:04.150Z,3DiHoTLRFzuMHmTBfo84Q22yX16Bv6XviFzgLaxnUJSe,SDR,filter_2,2026-04-11T05:05:14.827Z,1377,0.001551,64,32,meteora,3AEQuyL1xR4Aq3BVJ9qPBZFcG9ydwCWk5zd3hEQDiW8e
2026-04-12T04:02:04.343Z,8Ct8WT6TYTB9zTYxexAWthmWvYbLML9xmXcRFq2Rpump,METHANE,filter_2,2026-04-11T04:31:08.309Z,1411,1.636e-06,4096,65536,pumpswap,GBGkD83YH6d83NGuhhCKcnacPLoFUuexcCimVtPnhi4d
2026-04-12T04:06:58.640Z,4CkWXDBNqfqBT5xCon4hrGU3mwqhQ3GSwdQQ1SDnpump,STC,filter_2,2026-04-12T03:49:56.288Z,17,8.89e-05,32768,524288,pumpswap,BfcxnfNQF3cbZmdKbTNvL1fLD4dEjGhXCG9r6JS6EqB4
2026-04-12T04:06:58.803Z,ApvxrH4oet42G4mgHZTtYZ9h2yMwhNZqs7Tqu1Ebpump,NIKUTA,filter_1,2026-04-12T03:23:38.029Z,43,7.339e-06,8192,131072,pumpswap,BLzb2UKri4YMnAeqc8VgWioAz8zN62LrcDsaJB3VcK22
2026-04-12T04:06:58.965Z,D6HZ5Se3X2wEWWYsHp8Ma3wh3yWwFSSdCAFjGC4spump,Cat,filter_4,2026-04-12T03:06:34.258Z,60,3.302e-05,16384,262144,pumpswap,5g91GWPaRMg4DdCUyds858fyAzhaiTVbi563jVKhqLuT
2026-04-12T04:06:59.128Z,7Y445U5CAiLL4icyyPDonXy7zvGGML2TGjyMmwpDpump,WLFI,filter_1,2026-04-12T02:03:35.233Z,123,1.879e-05,8192,131072,pumpswap,EjzyuTwozXjagMTqqN6hjNpEyW3Q7rX3avE2otRRS8hv
2026-04-12T04:06:59.291Z,BRKFJs1jxrYBKR5sxBiuxTTbyipNBmT6GWenb3c9pump,TRUMP47,filter_5,2026-04-12T00:39:59.430Z,207,1.842e-06,4096,524288,pumpswap,EgcA2ShdHZK4Sg7N6H7yGzTjxpTpunRrbzw231wLWeDh
2026-04-12T04:06:59.453Z,5xjSweEeRNTNHXpEiyp1XBUB2D3MMYCuU8khzgiZpump,FUDGE,filter_2,2026-04-12T00:02:34.174Z,244,1.95e-05,8192,32768,pumpswap,GXBAKvHDgXXwxWWGWmrepfpXstnghwVGEqBmAq2EQgQZ
2026-04-12T04:06:59.642Z,AQiYy4igZ6jeUS5nbTymwLaQfnEg5BAjjZsP1EZkEjBU,Dolores,filter_1,2026-04-11T23:52:34.399Z,254,3.486e-06,4096,65536,pumpswap,9MiNdc2ywiYUm2nr2KTGo8UCmjk3TdKLCZ2B4aAtZ9hq
2026-04-12T04:06:59.803Z,yLT7rHdaNkfnqfg5pxXxCTrx1Rsnagod16DnpKBpump,Nilly,filter_1,2026-04-11T23:45:34.391Z,261,3e-06,4096,131072,pumpswap,8vjkK4SAhZ6zkX7gox9DQEmpX7MbiKsp2gRjD4dAS21V
2026-04-12T04:06:59.964Z,9oVRwbx3Ray9bK7CKhqwfqY5NaWYjG3xj1DNYg2mpump,brainlet,filter_2,2026-04-11T22:44:55.606Z,322,1.839e-06,4096,524288,pumpswap,2PW331e9D7pmdELA1m1Uyq6pnEuj5BWB8m7dcBGgJ5xo
2026-04-12T04:07:00.128Z,9XhhPHKnvSd9R8Ygr8kHR6n8YNYd7SMzRHHPFeb2pump,doomer,filter_1,2026-04-11T22:10:33.845Z,356,1.72e-06,4096,262144,pumpswap,DqTPbpJo2UfNFy2v4dHjMoFg9S2wid1RZuF8qfwcJrHx
2026-04-12T04:07:00.316Z,2wwDzQLc3pwgcHrkCadio4Hn3bzYyCptRAewJAEXdoge,MARKC,filter_1,2026-04-11T21:57:35.843Z,369,4.367e-06,4096,65536,meteora,2rVNWK9fRajakX19wtrfJKGE3xNWeubnV5VpYxETUvPX
2026-04-12T04:07:00.479Z,NicGVyEGbJhn52gBtqWM18zKGzRSe9js98AZnRwY8eS,NEGRON,filter_2,2026-04-11T21:33:59.338Z,393,2.367e-07,65536,4194304,raydium,2rXfTt3Xh699TtAUruiz6Vs7vdTrsn55bEm2FKt9y8yE
2026-04-12T04:11:58.637Z,BvHneYfnCYjfZE52iUhK4bqkcqJjYjMQUJb5FPhCpump,ALONSHOUSE,filter_2,2026-04-12T03:51:56.774Z,20,0.0001338,32768,1048576,pumpswap,6KuCNvUu9NsgTFyo1vQGfeFqsoKq7Jq19LhZeQwtMMVr
2026-04-12T04:11:58.797Z,7cFndW3LZJr5hdT138meuoqQRDR6HYqATxKj2CwPpump,AgentCRM,filter_1,2026-04-12T03:39:36.524Z,32,7.764e-05,16384,131072,pumpswap,9UmjwMC9BVfdCYNaa9xCJwWkJjufeVbQg8xcSqMsSSM5
2026-04-12T04:11:58.956Z,9AEtb967xTMosjp9XFhvHLhscPNYgDWc15jFAZR8pump,RƎ́V,filter_1,2026-04-12T02:44:33.253Z,87,0.0001446,32768,16384,pumpswap,EMm9RL2tHvUvygLCu9WkUMBgnu29K2kePzUuWhiSjdMU
2026-04-12T04:11:59.116Z,Hy58kFcGQuZ9qqbiJL5Ka8FPPmqfU6w4zSqNAyzbpump,Zoomer,filter_5,2026-04-12T02:21:55.989Z,110,2.468e-05,16384,524288,pumpswap,EvDD7gjtfLETpF8m8boLppTCHosWoyoy43AKSttyRia9
2026-04-12T04:11:59.275Z,AdD5EMoGMDiGXcgepXQXneB4fEZuS1QvKqDrN876pump,CRAFT,filter_1,2026-04-12T02:18:34.482Z,113,2.089e-05,8192,65536,pumpswap,Fq6wzHyzh8YXvGS7EYBSNPLs7cr3WSLBw4WCpp5Bbk9n
2026-04-12T04:11:59.435Z,8yeUyEaxBkBgcG5i22zR6JiLmVPbA3p6FUBHjFLFpump,MOG,filter_1,2026-04-12T00:53:40.689Z,198,2.931e-06,4096,262144,pumpswap,8jL5pBxjqyhXzGwYDYZhvdifvuSiP7KWzU8ZCGgssRzk
2026-04-12T04:11:59.594Z,VXnX59zHN7j8FrA971nJij7q2RvPSPa3TioV236pump,COG,filter_1,2026-04-11T23:57:38.153Z,254,3.913e-06,4096,262144,pumpswap,DsEyaDvzkJHPnSwDU251c5pCP1V466nMpwh8KQzEeUuU
2026-04-12T04:11:59.754Z,3SNNxUYmrXUc1mQbtV2NGQTuGKVji4y3MWhyESTypump,CASSIE,filter_4,2026-04-11T23:18:36.635Z,293,3.569e-05,16384,131072,pumpswap,B6nQAKbBTm8xTFHBs4xGUqMJJu6JF5mBcmpEv8MPEQ1i
2026-04-12T04:11:59.946Z,6TRyMNFbS6y444mDECfaENQrVnvZP4XzMr2fa6f8pump,Trump,filter_6,2026-04-11T21:07:35.070Z,424,2.027e-06,4096,1048576,pumpswap,BJLaR38FZ2accuRrABzAWdiMeZ8mF3Ky5tL6q853bgBh
2026-04-12T04:12:00.107Z,EamB9vqC1b4aoyPR6t3hn6CWf48yny84xzCuFJMbpump,Peepa,filter_1,2026-04-11T20:47:42.794Z,444,9.229e-05,32768,1048576,pumpswap,BoB3Dvi5eLGFr86BexBPNY2ZXwMNjWhx3FVCep3X2Vj6
2026-04-12T04:12:00.268Z,AQGaTfXDcvinz6DuxfZEKKFp7hmiWDLis4FtK3chpump,Ivunka,filter_3,2026-04-11T20:41:43.544Z,450,2.769e-06,4096,524288,pumpswap,AHBtpXJ7csokwSXddEDxPFYHcA515g234kXTBMhAVRxe
2026-04-12T04:12:00.453Z,BfZ27pSjL3L8Abm8VuRs5MLjjP21Xv5tUL81Rkyepump,WID,filter_4,2026-04-11T20:41:42.289Z,450,1.158e-05,8192,16384,pumpswap,4zmdmfGwoNb2mfF9PJq2N7x38qpQMwBMphD3HMDx6dak
2026-04-12T04:12:00.613Z,EgiJdQ8dbQHWu1uKS6cQBPaF2sK3a7WFpkjHEgdDpump,Dodger,filter_3,2026-04-11T19:29:11.694Z,523,3.637e-05,16384,1048576,pumpswap,7yrRRCzf429YQ1xQgdZZMy5KQ5jtkkDC7gUZWyPerhXr
2026-04-12T04:12:00.774Z,7bfbBZXpMYbNjhZ6eQ8Ch8VFAbgcz4WsrY7JtQKcpump,BOATGUY,filter_1,2026-04-11T19:27:26.855Z,525,5.116e-06,4096,262144,pumpswap,6gALa6BfE8ce8pLYaEFsTkCtxozfbuBR5bMVK3nKeFD4
2026-04-12T04:12:00.967Z,4juv1Wq63My7Bc7rznMZTyuD4aQfRSZGW9uKqFXSpump,Asset,filter_1,2026-04-11T19:27:24.857Z,525,5.375e-06,8192,32768,pumpswap,6g8ZTMKCKvSsVX92g4SKoBESXgrDL2cR1WLg8i7GZPV9
2026-04-12T04:12:01.125Z,Aq6XmZSohMJeRGU9WswbyQo9paEcKrTEs3xdfDFtpump,Lia,filter_1,2026-04-11T19:25:27.104Z,527,1.917e-06,4096,524288,pumpswap,BsFk4E3Hm12Mg27XmBoDPuk27WAC78BPfN98AHHpDPcM
2026-04-12T04:12:01.284Z,AUZnnRTdybeMiHrxfueNyBgLHnu4H39kngUh84WMpump,MELANIA,filter_3,2026-04-11T19:24:02.559Z,528,0.0006409,65536,1048576,pumpswap,DM9Xj9x8A8SEinJdoz4SJH2vdhBdPGSZmhL7DxBgwbBy
2026-04-12T04:12:01.444Z,56MEDV2H1M7DkaikaSg5vpibaSyWhgspCxgPwQJhpump,DNIGGA,filter_1,2026-04-11T19:22:24.852Z,530,2.116e-06,4096,65536,pumpswap,CAhVRREzXYHDvtu6iwACsei9vhv6mexsGm9hpkeVP1Kj
2026-04-12T04:12:01.603Z,A2Px3FMumMJ7W67VEp9ahFXueEyf9aHpei4TTJ5mpump,BABY,filter_3,2026-04-11T19:14:43.120Z,537,5.641e-06,8192,1048576,pumpswap,53UgNjZDC6mXsEDTowHLmKi2Y6jzjH2Ee3ybac7jEQRQ
2026-04-12T04:12:01.766Z,wutj1cNsMWyeu9ub61knDRCwU37aVvYuCBn8ZLPj7JL,ZHONEY,filter_1,2026-04-11T19:04:35.959Z,547,8.738e-06,8192,65536,pumpswap,CtYpMFyZqcJL7mPbDQU9o88g9QpkbzEFSC81J9FzFbF8
2026-04-12T04:12:01.925Z,4oFZFm3s8VKeCnwM2G5X5mZrsPivDyzCLvDYZmVipump,ClawFC,filter_1,2026-04-11T19:00:33.206Z,551,6.754e-06,8192,131072,pumpswap,BnbuPvQe2TNdhS7CSdsCGS1WY7FYu2kZti9adrqkqpZh
2026-04-12T04:12:02.102Z,5rniCpoweGXgsLZZDohw3fZA5yuXgt87df6GHAxWpump,MOTHER,filter_1,2026-04-11T18:17:31.505Z,594,4.945e-06,4096,65536,pumpswap,7dzsEYbuQoK1LLAiae7riygcwphP7BTbK6r7Vv94p28M
2026-04-12T04:12:02.260Z,3i8RByhvAaSWh2VSoVieAPzzmc4DpZC9WHVSsDzBpump,FOOLHOUSE,filter_2,2026-04-11T13:59:09.655Z,853,1.779e-06,4096,524288,pumpswap,G8AJyLtb85QyMbaXZe4k5DdTfLPTD8dEX9xDn2fKqQZD
2026-04-12T04:12:02.444Z,AutFvM5QZqtvjK2SrR8iLwvDEQ7ePnL14Rv7GPFvpump,TripleC,filter_2,2026-04-11T13:57:07.657Z,855,6.322e-06,8192,524288,pumpswap,Cvk9vLXa9wiqWTxb7q5EP3jdPow5ZBrdn1MLRmergW3v
2026-04-12T04:12:02.603Z,Dj2JhqEaKgPDo9se3A1dtSBVV1FFCxAfFa9SBBWmpump,GoldDancer,filter_2,2026-04-11T13:01:12.368Z,911,3.338e-05,16384,524288,pumpswap,9hovxHG2vADjGPe7S6agGTx5o72kgojobbpC5UVzLdt5
2026-04-12T04:12:02.764Z,ACtfUWtgvaXrQGNMiohTusi5jcx5RJf5zwu9aAxkpump,unc,filter_2,2026-04-11T11:21:14.804Z,1011,0.000462,65536,2097152,pumpswap,BWFZkx1pMpvwxammwTrizvoWzZZGiFEYUYW6Ee51SHLy
2026-04-12T04:12:02.923Z,51bywes8qqftjWhEZJZ3GvCM2ogximFejkKqa9kMpump,Marina,filter_2,2026-04-11T10:45:10.038Z,1047,6.74e-05,16384,524288,pumpswap,ChmxH4uiGja7C2ht4KurCwXP8LLgtUgibFL1RwLNqeSG
2026-04-12T04:12:03.116Z,22a4gJyiBTjWsTaFAHiHoQTmXsptDy3iBHeqKQADpump,WLFI,filter_2,2026-04-11T08:08:14.642Z,1204,5.207e-05,16384,1048576,pumpswap,8JUXPRDDfRbDTN9fsQg1fLKw3u7DM9Cesodu1pcp6WA5
2026-04-12T04:12:03.275Z,J1iyLMzrc4G4WgDVmm33bes1Xwzd1mTcmvP8gubMpump,5,filter_2,2026-04-11T07:45:06.637Z,1227,1.796e-06,4096,524288,pumpswap,1HojmJ4JLUiwXz5PxPMAyvaWvk5WZSHGFm1SyQZHTQ2
2026-04-12T04:12:03.434Z,EQUU2gdzvmabX36rCxKSRSNJKtAedRHEiP8pikC8pump,emi,filter_2,2026-04-11T06:50:09.612Z,1282,6.692e-05,16384,1048576,pumpswap,A1eSqj58a8SWLfY9ecCZcfaWSgjYvEHXimiyoKHWG2qn
2026-04-12T04:12:03.619Z,5NmLAtsnwiZZbidywsSZYbZS3GtsoAEfa9HNHjGspump,PND,filter_2,2026-04-11T06:08:08.609Z,1324,8.47e-06,8192,524288,pumpswap,G2GWEuB5ZA6p2qFxx4i4VViApW5P7aLrYJUv2vdgR5jm
2026-04-12T04:12:03.805Z,3DiHoTLRFzuMHmTBfo84Q22yX16Bv6XviFzgLaxnUJSe,SDR,filter_2,2026-04-11T05:05:14.827Z,1387,0.001614,64,32,meteora,3AEQuyL1xR4Aq3BVJ9qPBZFcG9ydwCWk5zd3hEQDiW8e
2026-04-12T04:12:03.984Z,8Ct8WT6TYTB9zTYxexAWthmWvYbLML9xmXcRFq2Rpump,METHANE,filter_2,2026-04-11T04:31:08.309Z,1421,1.636e-06,4096,65536,pumpswap,GBGkD83YH6d83NGuhhCKcnacPLoFUuexcCimVtPnhi4d
2026-04-12T04:16:58.666Z,4CkWXDBNqfqBT5xCon4hrGU3mwqhQ3GSwdQQ1SDnpump,STC,filter_2,2026-04-12T03:49:56.288Z,27,9.704e-05,32768,524288,pumpswap,BfcxnfNQF3cbZmdKbTNvL1fLD4dEjGhXCG9r6JS6EqB4
2026-04-12T04:16:58.825Z,ApvxrH4oet42G4mgHZTtYZ9h2yMwhNZqs7Tqu1Ebpump,NIKUTA,filter_1,2026-04-12T03:23:38.029Z,53,7.343e-06,8192,131072,pumpswap,BLzb2UKri4YMnAeqc8VgWioAz8zN62LrcDsaJB3VcK22
2026-04-12T04:16:58.985Z,D6HZ5Se3X2wEWWYsHp8Ma3wh3yWwFSSdCAFjGC4spump,Cat,filter_4,2026-04-12T03:06:34.258Z,70,3.201e-05,16384,262144,pumpswap,5g91GWPaRMg4DdCUyds858fyAzhaiTVbi563jVKhqLuT
2026-04-12T04:16:59.143Z,7Y445U5CAiLL4icyyPDonXy7zvGGML2TGjyMmwpDpump,WLFI,filter_1,2026-04-12T02:03:35.233Z,133,1.634e-05,8192,131072,pumpswap,EjzyuTwozXjagMTqqN6hjNpEyW3Q7rX3avE2otRRS8hv
2026-04-12T04:16:59.325Z,BRKFJs1jxrYBKR5sxBiuxTTbyipNBmT6GWenb3c9pump,TRUMP47,filter_5,2026-04-12T00:39:59.430Z,217,1.821e-06,4096,524288,pumpswap,EgcA2ShdHZK4Sg7N6H7yGzTjxpTpunRrbzw231wLWeDh
2026-04-12T04:16:59.485Z,5xjSweEeRNTNHXpEiyp1XBUB2D3MMYCuU8khzgiZpump,FUDGE,filter_2,2026-04-12T00:02:34.174Z,254,2.104e-05,8192,32768,pumpswap,GXBAKvHDgXXwxWWGWmrepfpXstnghwVGEqBmAq2EQgQZ
2026-04-12T04:16:59.679Z,AQiYy4igZ6jeUS5nbTymwLaQfnEg5BAjjZsP1EZkEjBU,Dolores,filter_1,2026-04-11T23:52:34.399Z,264,3.486e-06,4096,65536,pumpswap,9MiNdc2ywiYUm2nr2KTGo8UCmjk3TdKLCZ2B4aAtZ9hq
2026-04-12T04:16:59.860Z,yLT7rHdaNkfnqfg5pxXxCTrx1Rsnagod16DnpKBpump,Nilly,filter_1,2026-04-11T23:45:34.391Z,271,2.992e-06,4096,131072,pumpswap,8vjkK4SAhZ6zkX7gox9DQEmpX7MbiKsp2gRjD4dAS21V
2026-04-12T04:17:00.021Z,9oVRwbx3Ray9bK7CKhqwfqY5NaWYjG3xj1DNYg2mpump,brainlet,filter_2,2026-04-11T22:44:55.606Z,332,1.839e-06,4096,524288,pumpswap,2PW331e9D7pmdELA1m1Uyq6pnEuj5BWB8m7dcBGgJ5xo
2026-04-12T04:17:00.181Z,9XhhPHKnvSd9R8Ygr8kHR6n8YNYd7SMzRHHPFeb2pump,doomer,filter_1,2026-04-11T22:10:33.845Z,366,1.718e-06,4096,262144,pumpswap,DqTPbpJo2UfNFy2v4dHjMoFg9S2wid1RZuF8qfwcJrHx
2026-04-12T04:17:00.365Z,2wwDzQLc3pwgcHrkCadio4Hn3bzYyCptRAewJAEXdoge,MARKC,filter_1,2026-04-11T21:57:35.843Z,379,3.965e-06,4096,65536,meteora,2rVNWK9fRajakX19wtrfJKGE3xNWeubnV5VpYxETUvPX
2026-04-12T04:17:00.525Z,NicGVyEGbJhn52gBtqWM18zKGzRSe9js98AZnRwY8eS,NEGRON,filter_2,2026-04-11T21:33:59.338Z,403,2.363e-07,65536,4194304,raydium,2rXfTt3Xh699TtAUruiz6Vs7vdTrsn55bEm2FKt9y8yE
2026-04-12T04:21:58.644Z,BvHneYfnCYjfZE52iUhK4bqkcqJjYjMQUJb5FPhCpump,ALONSHOUSE,filter_2,2026-04-12T03:51:56.774Z,30,0.0001219,32768,1048576,pumpswap,6KuCNvUu9NsgTFyo1vQGfeFqsoKq7Jq19LhZeQwtMMVr
2026-04-12T04:21:58.804Z,7cFndW3LZJr5hdT138meuoqQRDR6HYqATxKj2CwPpump,AgentCRM,filter_1,2026-04-12T03:39:36.524Z,42,7.865e-05,16384,131072,pumpswap,9UmjwMC9BVfdCYNaa9xCJwWkJjufeVbQg8xcSqMsSSM5
2026-04-12T04:21:58.987Z,9AEtb967xTMosjp9XFhvHLhscPNYgDWc15jFAZR8pump,RƎ́V,filter_1,2026-04-12T02:44:33.253Z,97,0.0001459,32768,16384,pumpswap,EMm9RL2tHvUvygLCu9WkUMBgnu29K2kePzUuWhiSjdMU
2026-04-12T04:21:59.146Z,Hy58kFcGQuZ9qqbiJL5Ka8FPPmqfU6w4zSqNAyzbpump,Zoomer,filter_5,2026-04-12T02:21:55.989Z,120,2.439e-05,16384,524288,pumpswap,EvDD7gjtfLETpF8m8boLppTCHosWoyoy43AKSttyRia9
2026-04-12T04:21:59.304Z,AdD5EMoGMDiGXcgepXQXneB4fEZuS1QvKqDrN876pump,CRAFT,filter_1,2026-04-12T02:18:34.482Z,123,2.015e-05,8192,65536,pumpswap,Fq6wzHyzh8YXvGS7EYBSNPLs7cr3WSLBw4WCpp5Bbk9n
2026-04-12T04:21:59.498Z,8yeUyEaxBkBgcG5i22zR6JiLmVPbA3p6FUBHjFLFpump,MOG,filter_1,2026-04-12T00:53:40.689Z,208,2.904e-06,4096,262144,pumpswap,8jL5pBxjqyhXzGwYDYZhvdifvuSiP7KWzU8ZCGgssRzk
2026-04-12T04:21:59.700Z,VXnX59zHN7j8FrA971nJij7q2RvPSPa3TioV236pump,COG,filter_1,2026-04-11T23:57:38.153Z,264,3.905e-06,4096,262144,pumpswap,DsEyaDvzkJHPnSwDU251c5pCP1V466nMpwh8KQzEeUuU
2026-04-12T04:21:59.882Z,3SNNxUYmrXUc1mQbtV2NGQTuGKVji4y3MWhyESTypump,CASSIE,filter_4,2026-04-11T23:18:36.635Z,303,3.569e-05,16384,131072,pumpswap,B6nQAKbBTm8xTFHBs4xGUqMJJu6JF5mBcmpEv8MPEQ1i
2026-04-12T04:22:00.044Z,6TRyMNFbS6y444mDECfaENQrVnvZP4XzMr2fa6f8pump,Trump,filter_6,2026-04-11T21:07:35.070Z,434,2.027e-06,4096,1048576,pumpswap,BJLaR38FZ2accuRrABzAWdiMeZ8mF3Ky5tL6q853bgBh
2026-04-12T04:22:00.239Z,EamB9vqC1b4aoyPR6t3hn6CWf48yny84xzCuFJMbpump,Peepa,filter_1,2026-04-11T20:47:42.794Z,454,8.965e-05,32768,1048576,pumpswap,BoB3Dvi5eLGFr86BexBPNY2ZXwMNjWhx3FVCep3X2Vj6
2026-04-12T04:22:00.398Z,AQGaTfXDcvinz6DuxfZEKKFp7hmiWDLis4FtK3chpump,Ivunka,filter_3,2026-04-11T20:41:43.544Z,460,2.769e-06,4096,524288,pumpswap,AHBtpXJ7csokwSXddEDxPFYHcA515g234kXTBMhAVRxe
2026-04-12T04:22:00.585Z,BfZ27pSjL3L8Abm8VuRs5MLjjP21Xv5tUL81Rkyepump,WID,filter_4,2026-04-11T20:41:42.289Z,460,1.158e-05,8192,16384,pumpswap,4zmdmfGwoNb2mfF9PJq2N7x38qpQMwBMphD3HMDx6dak
2026-04-12T04:22:00.745Z,EgiJdQ8dbQHWu1uKS6cQBPaF2sK3a7WFpkjHEgdDpump,Dodger,filter_3,2026-04-11T19:29:11.694Z,533,2.524e-05,16384,1048576,pumpswap,7yrRRCzf429YQ1xQgdZZMy5KQ5jtkkDC7gUZWyPerhXr
2026-04-12T04:22:00.906Z,7bfbBZXpMYbNjhZ6eQ8Ch8VFAbgcz4WsrY7JtQKcpump,BOATGUY,filter_1,2026-04-11T19:27:26.855Z,535,4.843e-06,4096,262144,pumpswap,6gALa6BfE8ce8pLYaEFsTkCtxozfbuBR5bMVK3nKeFD4
2026-04-12T04:22:01.087Z,4juv1Wq63My7Bc7rznMZTyuD4aQfRSZGW9uKqFXSpump,Asset,filter_1,2026-04-11T19:27:24.857Z,535,4.994e-06,8192,32768,pumpswap,6g8ZTMKCKvSsVX92g4SKoBESXgrDL2cR1WLg8i7GZPV9
2026-04-12T04:22:01.248Z,Aq6XmZSohMJeRGU9WswbyQo9paEcKrTEs3xdfDFtpump,Lia,filter_1,2026-04-11T19:25:27.104Z,537,1.917e-06,4096,524288,pumpswap,BsFk4E3Hm12Mg27XmBoDPuk27WAC78BPfN98AHHpDPcM
2026-04-12T04:22:01.408Z,AUZnnRTdybeMiHrxfueNyBgLHnu4H39kngUh84WMpump,MELANIA,filter_3,2026-04-11T19:24:02.559Z,538,0.0006282,65536,1048576,pumpswap,DM9Xj9x8A8SEinJdoz4SJH2vdhBdPGSZmhL7DxBgwbBy
2026-04-12T04:22:01.567Z,56MEDV2H1M7DkaikaSg5vpibaSyWhgspCxgPwQJhpump,DNIGGA,filter_1,2026-04-11T19:22:24.852Z,540,2.116e-06,4096,65536,pumpswap,CAhVRREzXYHDvtu6iwACsei9vhv6mexsGm9hpkeVP1Kj
2026-04-12T04:22:01.728Z,A2Px3FMumMJ7W67VEp9ahFXueEyf9aHpei4TTJ5mpump,BABY,filter_3,2026-04-11T19:14:43.120Z,547,5.691e-06,8192,1048576,pumpswap,53UgNjZDC6mXsEDTowHLmKi2Y6jzjH2Ee3ybac7jEQRQ
2026-04-12T04:22:01.888Z,wutj1cNsMWyeu9ub61knDRCwU37aVvYuCBn8ZLPj7JL,ZHONEY,filter_1,2026-04-11T19:04:35.959Z,557,8.474e-06,8192,65536,pumpswap,CtYpMFyZqcJL7mPbDQU9o88g9QpkbzEFSC81J9FzFbF8
2026-04-12T04:22:02.049Z,4oFZFm3s8VKeCnwM2G5X5mZrsPivDyzCLvDYZmVipump,ClawFC,filter_1,2026-04-11T19:00:33.206Z,561,9.469e-06,8192,131072,pumpswap,BnbuPvQe2TNdhS7CSdsCGS1WY7FYu2kZti9adrqkqpZh
2026-04-12T04:22:02.209Z,5rniCpoweGXgsLZZDohw3fZA5yuXgt87df6GHAxWpump,MOTHER,filter_1,2026-04-11T18:17:31.505Z,604,4.772e-06,4096,65536,pumpswap,7dzsEYbuQoK1LLAiae7riygcwphP7BTbK6r7Vv94p28M
2026-04-12T04:22:02.410Z,3i8RByhvAaSWh2VSoVieAPzzmc4DpZC9WHVSsDzBpump,FOOLHOUSE,filter_2,2026-04-11T13:59:09.655Z,863,1.715e-06,4096,524288,pumpswap,G8AJyLtb85QyMbaXZe4k5DdTfLPTD8dEX9xDn2fKqQZD
2026-04-12T04:22:02.597Z,AutFvM5QZqtvjK2SrR8iLwvDEQ7ePnL14Rv7GPFvpump,TripleC,filter_2,2026-04-11T13:57:07.657Z,865,5.755e-06,8192,524288,pumpswap,Cvk9vLXa9wiqWTxb7q5EP3jdPow5ZBrdn1MLRmergW3v
2026-04-12T04:22:02.756Z,Dj2JhqEaKgPDo9se3A1dtSBVV1FFCxAfFa9SBBWmpump,GoldDancer,filter_2,2026-04-11T13:01:12.368Z,921,3.516e-05,16384,524288,pumpswap,9hovxHG2vADjGPe7S6agGTx5o72kgojobbpC5UVzLdt5
2026-04-12T04:22:02.917Z,ACtfUWtgvaXrQGNMiohTusi5jcx5RJf5zwu9aAxkpump,unc,filter_2,2026-04-11T11:21:14.804Z,1021,0.0004676,65536,2097152,pumpswap,BWFZkx1pMpvwxammwTrizvoWzZZGiFEYUYW6Ee51SHLy
2026-04-12T04:22:03.076Z,51bywes8qqftjWhEZJZ3GvCM2ogximFejkKqa9kMpump,Marina,filter_2,2026-04-11T10:45:10.038Z,1057,5.924e-05,16384,524288,pumpswap,ChmxH4uiGja7C2ht4KurCwXP8LLgtUgibFL1RwLNqeSG
2026-04-12T04:22:03.270Z,22a4gJyiBTjWsTaFAHiHoQTmXsptDy3iBHeqKQADpump,WLFI,filter_2,2026-04-11T08:08:14.642Z,1214,4.412e-05,16384,1048576,pumpswap,8JUXPRDDfRbDTN9fsQg1fLKw3u7DM9Cesodu1pcp6WA5
2026-04-12T04:22:03.428Z,J1iyLMzrc4G4WgDVmm33bes1Xwzd1mTcmvP8gubMpump,5,filter_2,2026-04-11T07:45:06.637Z,1237,1.884e-06,4096,524288,pumpswap,1HojmJ4JLUiwXz5PxPMAyvaWvk5WZSHGFm1SyQZHTQ2
2026-04-12T04:22:03.588Z,EQUU2gdzvmabX36rCxKSRSNJKtAedRHEiP8pikC8pump,emi,filter_2,2026-04-11T06:50:09.612Z,1292,7.129e-05,16384,1048576,pumpswap,A1eSqj58a8SWLfY9ecCZcfaWSgjYvEHXimiyoKHWG2qn
2026-04-12T04:22:03.748Z,5NmLAtsnwiZZbidywsSZYbZS3GtsoAEfa9HNHjGspump,PND,filter_2,2026-04-11T06:08:08.609Z,1334,8.304e-06,8192,262144,pumpswap,G2GWEuB5ZA6p2qFxx4i4VViApW5P7aLrYJUv2vdgR5jm
2026-04-12T04:22:03.909Z,3DiHoTLRFzuMHmTBfo84Q22yX16Bv6XviFzgLaxnUJSe,SDR,filter_2,2026-04-11T05:05:14.827Z,1397,0.0002794,64,8388608,raydium,8jJMsUjNZDd32et5q7SXPx6QNQkRbbLK1exbNZfoTKcP
2026-04-12T04:22:04.067Z,8Ct8WT6TYTB9zTYxexAWthmWvYbLML9xmXcRFq2Rpump,METHANE,filter_2,2026-04-11T04:31:08.309Z,1431,1.636e-06,4096,65536,pumpswap,GBGkD83YH6d83NGuhhCKcnacPLoFUuexcCimVtPnhi4d
2026-04-12T04:26:58.642Z,4CkWXDBNqfqBT5xCon4hrGU3mwqhQ3GSwdQQ1SDnpump,STC,filter_2,2026-04-12T03:49:56.288Z,37,8.789e-05,32768,524288,pumpswap,BfcxnfNQF3cbZmdKbTNvL1fLD4dEjGhXCG9r6JS6EqB4
2026-04-12T04:26:58.801Z,ApvxrH4oet42G4mgHZTtYZ9h2yMwhNZqs7Tqu1Ebpump,NIKUTA,filter_1,2026-04-12T03:23:38.029Z,63,7.978e-06,8192,131072,pumpswap,BLzb2UKri4YMnAeqc8VgWioAz8zN62LrcDsaJB3VcK22
2026-04-12T04:26:58.982Z,D6HZ5Se3X2wEWWYsHp8Ma3wh3yWwFSSdCAFjGC4spump,Cat,filter_4,2026-04-12T03:06:34.258Z,80,2.968e-05,16384,262144,pumpswap,5g91GWPaRMg4DdCUyds858fyAzhaiTVbi563jVKhqLuT
2026-04-12T04:26:59.144Z,7Y445U5CAiLL4icyyPDonXy7zvGGML2TGjyMmwpDpump,WLFI,filter_1,2026-04-12T02:03:35.233Z,143,2.053e-05,8192,131072,pumpswap,EjzyuTwozXjagMTqqN6hjNpEyW3Q7rX3avE2otRRS8hv
2026-04-12T04:26:59.328Z,BRKFJs1jxrYBKR5sxBiuxTTbyipNBmT6GWenb3c9pump,TRUMP47,filter_5,2026-04-12T00:39:59.430Z,227,1.784e-06,4096,524288,pumpswap,EgcA2ShdHZK4Sg7N6H7yGzTjxpTpunRrbzw231wLWeDh
2026-04-12T04:26:59.487Z,5xjSweEeRNTNHXpEiyp1XBUB2D3MMYCuU8khzgiZpump,FUDGE,filter_2,2026-04-12T00:02:34.174Z,264,2.11e-05,8192,32768,pumpswap,GXBAKvHDgXXwxWWGWmrepfpXstnghwVGEqBmAq2EQgQZ
2026-04-12T04:26:59.668Z,AQiYy4igZ6jeUS5nbTymwLaQfnEg5BAjjZsP1EZkEjBU,Dolores,filter_1,2026-04-11T23:52:34.399Z,274,3.445e-06,4096,65536,pumpswap,9MiNdc2ywiYUm2nr2KTGo8UCmjk3TdKLCZ2B4aAtZ9hq
2026-04-12T04:26:59.828Z,yLT7rHdaNkfnqfg5pxXxCTrx1Rsnagod16DnpKBpump,Nilly,filter_1,2026-04-11T23:45:34.391Z,281,3.031e-06,4096,131072,pumpswap,8vjkK4SAhZ6zkX7gox9DQEmpX7MbiKsp2gRjD4dAS21V
2026-04-12T04:26:59.987Z,9oVRwbx3Ray9bK7CKhqwfqY5NaWYjG3xj1DNYg2mpump,brainlet,filter_2,2026-04-11T22:44:55.606Z,342,1.839e-06,4096,524288,pumpswap,2PW331e9D7pmdELA1m1Uyq6pnEuj5BWB8m7dcBGgJ5xo
2026-04-12T04:27:00.148Z,9XhhPHKnvSd9R8Ygr8kHR6n8YNYd7SMzRHHPFeb2pump,doomer,filter_1,2026-04-11T22:10:33.845Z,376,1.718e-06,4096,262144,pumpswap,DqTPbpJo2UfNFy2v4dHjMoFg9S2wid1RZuF8qfwcJrHx
2026-04-12T04:27:00.337Z,2wwDzQLc3pwgcHrkCadio4Hn3bzYyCptRAewJAEXdoge,MARKC,filter_1,2026-04-11T21:57:35.843Z,389,4.022e-06,4096,65536,meteora,2rVNWK9fRajakX19wtrfJKGE3xNWeubnV5VpYxETUvPX
2026-04-12T04:27:00.495Z,NicGVyEGbJhn52gBtqWM18zKGzRSe9js98AZnRwY8eS,NEGRON,filter_2,2026-04-11T21:33:59.338Z,413,2.377e-07,65536,4194304,raydium,2rXfTt3Xh699TtAUruiz6Vs7vdTrsn55bEm2FKt9y8yE
2026-04-12T04:31:58.642Z,BvHneYfnCYjfZE52iUhK4bqkcqJjYjMQUJb5FPhCpump,ALONSHOUSE,filter_2,2026-04-12T03:51:56.774Z,40,0.0001247,32768,1048576,pumpswap,6KuCNvUu9NsgTFyo1vQGfeFqsoKq7Jq19LhZeQwtMMVr
2026-04-12T04:31:58.803Z,7cFndW3LZJr5hdT138meuoqQRDR6HYqATxKj2CwPpump,AgentCRM,filter_1,2026-04-12T03:39:36.524Z,52,7.525e-05,16384,131072,pumpswap,9UmjwMC9BVfdCYNaa9xCJwWkJjufeVbQg8xcSqMsSSM5
2026-04-12T04:31:58.962Z,9AEtb967xTMosjp9XFhvHLhscPNYgDWc15jFAZR8pump,RƎ́V,filter_1,2026-04-12T02:44:33.253Z,107,0.0001388,32768,16384,pumpswap,EMm9RL2tHvUvygLCu9WkUMBgnu29K2kePzUuWhiSjdMU
2026-04-12T04:31:59.123Z,Hy58kFcGQuZ9qqbiJL5Ka8FPPmqfU6w4zSqNAyzbpump,Zoomer,filter_5,2026-04-12T02:21:55.989Z,130,2.735e-05,16384,524288,pumpswap,EvDD7gjtfLETpF8m8boLppTCHosWoyoy43AKSttyRia9
2026-04-12T04:31:59.314Z,AdD5EMoGMDiGXcgepXQXneB4fEZuS1QvKqDrN876pump,CRAFT,filter_1,2026-04-12T02:18:34.482Z,133,1.809e-05,8192,65536,pumpswap,Fq6wzHyzh8YXvGS7EYBSNPLs7cr3WSLBw4WCpp5Bbk9n
2026-04-12T04:31:59.497Z,8yeUyEaxBkBgcG5i22zR6JiLmVPbA3p6FUBHjFLFpump,MOG,filter_1,2026-04-12T00:53:40.689Z,218,2.904e-06,4096,262144,pumpswap,8jL5pBxjqyhXzGwYDYZhvdifvuSiP7KWzU8ZCGgssRzk
2026-04-12T04:31:59.677Z,VXnX59zHN7j8FrA971nJij7q2RvPSPa3TioV236pump,COG,filter_1,2026-04-11T23:57:38.153Z,274,3.893e-06,4096,262144,pumpswap,DsEyaDvzkJHPnSwDU251c5pCP1V466nMpwh8KQzEeUuU
2026-04-12T04:31:59.870Z,3SNNxUYmrXUc1mQbtV2NGQTuGKVji4y3MWhyESTypump,CASSIE,filter_4,2026-04-11T23:18:36.635Z,313,3.649e-05,16384,131072,pumpswap,B6nQAKbBTm8xTFHBs4xGUqMJJu6JF5mBcmpEv8MPEQ1i
2026-04-12T04:32:00.040Z,6TRyMNFbS6y444mDECfaENQrVnvZP4XzMr2fa6f8pump,Trump,filter_6,2026-04-11T21:07:35.070Z,444,2.027e-06,4096,1048576,pumpswap,BJLaR38FZ2accuRrABzAWdiMeZ8mF3Ky5tL6q853bgBh
2026-04-12T04:32:00.211Z,EamB9vqC1b4aoyPR6t3hn6CWf48yny84xzCuFJMbpump,Peepa,filter_1,2026-04-11T20:47:42.794Z,464,7.52e-05,32768,1048576,pumpswap,BoB3Dvi5eLGFr86BexBPNY2ZXwMNjWhx3FVCep3X2Vj6
2026-04-12T04:32:00.372Z,AQGaTfXDcvinz6DuxfZEKKFp7hmiWDLis4FtK3chpump,Ivunka,filter_3,2026-04-11T20:41:43.544Z,470,2.861e-06,4096,524288,pumpswap,AHBtpXJ7csokwSXddEDxPFYHcA515g234kXTBMhAVRxe
2026-04-12T04:32:00.566Z,BfZ27pSjL3L8Abm8VuRs5MLjjP21Xv5tUL81Rkyepump,WID,filter_4,2026-04-11T20:41:42.289Z,470,1.158e-05,8192,16384,pumpswap,4zmdmfGwoNb2mfF9PJq2N7x38qpQMwBMphD3HMDx6dak
2026-04-12T04:32:00.725Z,EgiJdQ8dbQHWu1uKS6cQBPaF2sK3a7WFpkjHEgdDpump,Dodger,filter_3,2026-04-11T19:29:11.694Z,543,2.732e-05,16384,1048576,pumpswap,7yrRRCzf429YQ1xQgdZZMy5KQ5jtkkDC7gUZWyPerhXr
2026-04-12T04:32:00.889Z,7bfbBZXpMYbNjhZ6eQ8Ch8VFAbgcz4WsrY7JtQKcpump,BOATGUY,filter_1,2026-04-11T19:27:26.855Z,545,4.824e-06,4096,262144,pumpswap,6gALa6BfE8ce8pLYaEFsTkCtxozfbuBR5bMVK3nKeFD4
2026-04-12T04:32:01.048Z,4juv1Wq63My7Bc7rznMZTyuD4aQfRSZGW9uKqFXSpump,Asset,filter_1,2026-04-11T19:27:24.857Z,545,4.994e-06,8192,16384,pumpswap,6g8ZTMKCKvSsVX92g4SKoBESXgrDL2cR1WLg8i7GZPV9
2026-04-12T04:32:01.231Z,Aq6XmZSohMJeRGU9WswbyQo9paEcKrTEs3xdfDFtpump,Lia,filter_1,2026-04-11T19:25:27.104Z,547,1.917e-06,4096,524288,pumpswap,BsFk4E3Hm12Mg27XmBoDPuk27WAC78BPfN98AHHpDPcM
2026-04-12T04:32:01.391Z,AUZnnRTdybeMiHrxfueNyBgLHnu4H39kngUh84WMpump,MELANIA,filter_3,2026-04-11T19:24:02.559Z,548,0.0006677,65536,1048576,pumpswap,DM9Xj9x8A8SEinJdoz4SJH2vdhBdPGSZmhL7DxBgwbBy
2026-04-12T04:32:01.551Z,56MEDV2H1M7DkaikaSg5vpibaSyWhgspCxgPwQJhpump,DNIGGA,filter_1,2026-04-11T19:22:24.852Z,550,2.116e-06,4096,65536,pumpswap,CAhVRREzXYHDvtu6iwACsei9vhv6mexsGm9hpkeVP1Kj
2026-04-12T04:32:01.737Z,A2Px3FMumMJ7W67VEp9ahFXueEyf9aHpei4TTJ5mpump,BABY,filter_3,2026-04-11T19:14:43.120Z,557,5.495e-06,8192,1048576,pumpswap,53UgNjZDC6mXsEDTowHLmKi2Y6jzjH2Ee3ybac7jEQRQ
2026-04-12T04:32:01.897Z,wutj1cNsMWyeu9ub61knDRCwU37aVvYuCBn8ZLPj7JL,ZHONEY,filter_1,2026-04-11T19:04:35.959Z,567,8.474e-06,8192,65536,pumpswap,CtYpMFyZqcJL7mPbDQU9o88g9QpkbzEFSC81J9FzFbF8
2026-04-12T04:32:02.058Z,4oFZFm3s8VKeCnwM2G5X5mZrsPivDyzCLvDYZmVipump,ClawFC,filter_1,2026-04-11T19:00:33.206Z,571,1.131e-05,8192,131072,pumpswap,BnbuPvQe2TNdhS7CSdsCGS1WY7FYu2kZti9adrqkqpZh
2026-04-12T04:32:02.216Z,5rniCpoweGXgsLZZDohw3fZA5yuXgt87df6GHAxWpump,MOTHER,filter_1,2026-04-11T18:17:31.505Z,614,5.573e-06,4096,65536,pumpswap,7dzsEYbuQoK1LLAiae7riygcwphP7BTbK6r7Vv94p28M
2026-04-12T04:32:02.407Z,3i8RByhvAaSWh2VSoVieAPzzmc4DpZC9WHVSsDzBpump,FOOLHOUSE,filter_2,2026-04-11T13:59:09.655Z,873,1.715e-06,4096,524288,pumpswap,G8AJyLtb85QyMbaXZe4k5DdTfLPTD8dEX9xDn2fKqQZD
2026-04-12T04:32:02.593Z,AutFvM5QZqtvjK2SrR8iLwvDEQ7ePnL14Rv7GPFvpump,TripleC,filter_2,2026-04-11T13:57:07.657Z,875,6.322e-06,8192,524288,pumpswap,Cvk9vLXa9wiqWTxb7q5EP3jdPow5ZBrdn1MLRmergW3v
2026-04-12T04:32:02.753Z,Dj2JhqEaKgPDo9se3A1dtSBVV1FFCxAfFa9SBBWmpump,GoldDancer,filter_2,2026-04-11T13:01:12.368Z,931,3.694e-05,16384,524288,pumpswap,9hovxHG2vADjGPe7S6agGTx5o72kgojobbpC5UVzLdt5
2026-04-12T04:32:02.914Z,ACtfUWtgvaXrQGNMiohTusi5jcx5RJf5zwu9aAxkpump,unc,filter_2,2026-04-11T11:21:14.804Z,1031,0.0004698,65536,2097152,pumpswap,BWFZkx1pMpvwxammwTrizvoWzZZGiFEYUYW6Ee51SHLy
2026-04-12T04:32:03.074Z,51bywes8qqftjWhEZJZ3GvCM2ogximFejkKqa9kMpump,Marina,filter_2,2026-04-11T10:45:10.038Z,1067,5.737e-05,16384,524288,pumpswap,ChmxH4uiGja7C2ht4KurCwXP8LLgtUgibFL1RwLNqeSG
2026-04-12T04:32:03.258Z,22a4gJyiBTjWsTaFAHiHoQTmXsptDy3iBHeqKQADpump,WLFI,filter_2,2026-04-11T08:08:14.642Z,1224,7.149e-05,16384,1048576,pumpswap,8JUXPRDDfRbDTN9fsQg1fLKw3u7DM9Cesodu1pcp6WA5
2026-04-12T04:32:03.417Z,J1iyLMzrc4G4WgDVmm33bes1Xwzd1mTcmvP8gubMpump,5,filter_2,2026-04-11T07:45:06.637Z,1247,1.884e-06,4096,524288,pumpswap,1HojmJ4JLUiwXz5PxPMAyvaWvk5WZSHGFm1SyQZHTQ2
2026-04-12T04:32:03.577Z,EQUU2gdzvmabX36rCxKSRSNJKtAedRHEiP8pikC8pump,emi,filter_2,2026-04-11T06:50:09.612Z,1302,6.739e-05,16384,1048576,pumpswap,A1eSqj58a8SWLfY9ecCZcfaWSgjYvEHXimiyoKHWG2qn
2026-04-12T04:32:03.738Z,5NmLAtsnwiZZbidywsSZYbZS3GtsoAEfa9HNHjGspump,PND,filter_2,2026-04-11T06:08:08.609Z,1344,8.17e-06,8192,262144,pumpswap,G2GWEuB5ZA6p2qFxx4i4VViApW5P7aLrYJUv2vdgR5jm
2026-04-12T04:32:03.898Z,3DiHoTLRFzuMHmTBfo84Q22yX16Bv6XviFzgLaxnUJSe,SDR,filter_2,2026-04-11T05:05:14.827Z,1407,0.0002794,64,8388608,raydium,8jJMsUjNZDd32et5q7SXPx6QNQkRbbLK1exbNZfoTKcP
2026-04-12T04:36:58.645Z,4CkWXDBNqfqBT5xCon4hrGU3mwqhQ3GSwdQQ1SDnpump,STC,filter_2,2026-04-12T03:49:56.288Z,47,9.255e-05,32768,524288,pumpswap,BfcxnfNQF3cbZmdKbTNvL1fLD4dEjGhXCG9r6JS6EqB4
2026-04-12T04:36:58.805Z,ApvxrH4oet42G4mgHZTtYZ9h2yMwhNZqs7Tqu1Ebpump,NIKUTA,filter_1,2026-04-12T03:23:38.029Z,73,8.173e-06,8192,131072,pumpswap,BLzb2UKri4YMnAeqc8VgWioAz8zN62LrcDsaJB3VcK22
2026-04-12T04:36:58.964Z,D6HZ5Se3X2wEWWYsHp8Ma3wh3yWwFSSdCAFjGC4spump,Cat,filter_4,2026-04-12T03:06:34.258Z,90,2.705e-05,16384,262144,pumpswap,5g91GWPaRMg4DdCUyds858fyAzhaiTVbi563jVKhqLuT
2026-04-12T04:36:59.127Z,7Y445U5CAiLL4icyyPDonXy7zvGGML2TGjyMmwpDpump,WLFI,filter_1,2026-04-12T02:03:35.233Z,153,2.711e-05,16384,131072,pumpswap,EjzyuTwozXjagMTqqN6hjNpEyW3Q7rX3avE2otRRS8hv
2026-04-12T04:36:59.318Z,BRKFJs1jxrYBKR5sxBiuxTTbyipNBmT6GWenb3c9pump,TRUMP47,filter_5,2026-04-12T00:39:59.430Z,237,1.783e-06,4096,524288,pumpswap,EgcA2ShdHZK4Sg7N6H7yGzTjxpTpunRrbzw231wLWeDh
2026-04-12T04:36:59.476Z,5xjSweEeRNTNHXpEiyp1XBUB2D3MMYCuU8khzgiZpump,FUDGE,filter_2,2026-04-12T00:02:34.174Z,274,2.094e-05,8192,32768,pumpswap,GXBAKvHDgXXwxWWGWmrepfpXstnghwVGEqBmAq2EQgQZ
2026-04-12T04:36:59.664Z,AQiYy4igZ6jeUS5nbTymwLaQfnEg5BAjjZsP1EZkEjBU,Dolores,filter_1,2026-04-11T23:52:34.399Z,284,3.147e-06,4096,65536,pumpswap,9MiNdc2ywiYUm2nr2KTGo8UCmjk3TdKLCZ2B4aAtZ9hq
2026-04-12T04:36:59.823Z,yLT7rHdaNkfnqfg5pxXxCTrx1Rsnagod16DnpKBpump,Nilly,filter_1,2026-04-11T23:45:34.391Z,291,2.989e-06,4096,131072,pumpswap,8vjkK4SAhZ6zkX7gox9DQEmpX7MbiKsp2gRjD4dAS21V
2026-04-12T04:37:00.020Z,9oVRwbx3Ray9bK7CKhqwfqY5NaWYjG3xj1DNYg2mpump,brainlet,filter_2,2026-04-11T22:44:55.606Z,352,1.829e-06,4096,524288,pumpswap,2PW331e9D7pmdELA1m1Uyq6pnEuj5BWB8m7dcBGgJ5xo
2026-04-12T04:37:00.179Z,9XhhPHKnvSd9R8Ygr8kHR6n8YNYd7SMzRHHPFeb2pump,doomer,filter_1,2026-04-11T22:10:33.845Z,386,1.718e-06,4096,262144,pumpswap,DqTPbpJo2UfNFy2v4dHjMoFg9S2wid1RZuF8qfwcJrHx
2026-04-12T04:37:00.339Z,2wwDzQLc3pwgcHrkCadio4Hn3bzYyCptRAewJAEXdoge,MARKC,filter_1,2026-04-11T21:57:35.843Z,399,4.022e-06,4096,65536,meteora,2rVNWK9fRajakX19wtrfJKGE3xNWeubnV5VpYxETUvPX
2026-04-12T04:37:00.521Z,NicGVyEGbJhn52gBtqWM18zKGzRSe9js98AZnRwY8eS,NEGRON,filter_2,2026-04-11T21:33:59.338Z,423,2.367e-07,65536,4194304,raydium,2rXfTt3Xh699TtAUruiz6Vs7vdTrsn55bEm2FKt9y8yE
2026-04-12T04:41:58.645Z,BvHneYfnCYjfZE52iUhK4bqkcqJjYjMQUJb5FPhCpump,ALONSHOUSE,filter_2,2026-04-12T03:51:56.774Z,50,0.0001144,32768,1048576,pumpswap,6KuCNvUu9NsgTFyo1vQGfeFqsoKq7Jq19LhZeQwtMMVr
2026-04-12T04:41:58.811Z,7cFndW3LZJr5hdT138meuoqQRDR6HYqATxKj2CwPpump,AgentCRM,filter_1,2026-04-12T03:39:36.524Z,62,6.361e-05,16384,262144,pumpswap,9UmjwMC9BVfdCYNaa9xCJwWkJjufeVbQg8xcSqMsSSM5
2026-04-12T04:41:58.972Z,9AEtb967xTMosjp9XFhvHLhscPNYgDWc15jFAZR8pump,RƎ́V,filter_1,2026-04-12T02:44:33.253Z,117,0.0001388,32768,16384,pumpswap,EMm9RL2tHvUvygLCu9WkUMBgnu29K2kePzUuWhiSjdMU
2026-04-12T04:41:59.132Z,Hy58kFcGQuZ9qqbiJL5Ka8FPPmqfU6w4zSqNAyzbpump,Zoomer,filter_5,2026-04-12T02:21:55.989Z,140,2.344e-05,16384,524288,pumpswap,EvDD7gjtfLETpF8m8boLppTCHosWoyoy43AKSttyRia9
2026-04-12T04:41:59.317Z,AdD5EMoGMDiGXcgepXQXneB4fEZuS1QvKqDrN876pump,CRAFT,filter_1,2026-04-12T02:18:34.482Z,143,1.911e-05,8192,65536,pumpswap,Fq6wzHyzh8YXvGS7EYBSNPLs7cr3WSLBw4WCpp5Bbk9n
2026-04-12T04:41:59.503Z,8yeUyEaxBkBgcG5i22zR6JiLmVPbA3p6FUBHjFLFpump,MOG,filter_1,2026-04-12T00:53:40.689Z,228,2.904e-06,4096,262144,pumpswap,8jL5pBxjqyhXzGwYDYZhvdifvuSiP7KWzU8ZCGgssRzk
2026-04-12T04:41:59.687Z,VXnX59zHN7j8FrA971nJij7q2RvPSPa3TioV236pump,COG,filter_1,2026-04-11T23:57:38.153Z,284,3.893e-06,4096,262144,pumpswap,DsEyaDvzkJHPnSwDU251c5pCP1V466nMpwh8KQzEeUuU
2026-04-12T04:41:59.849Z,3SNNxUYmrXUc1mQbtV2NGQTuGKVji4y3MWhyESTypump,CASSIE,filter_4,2026-04-11T23:18:36.635Z,323,3.92e-05,16384,131072,pumpswap,B6nQAKbBTm8xTFHBs4xGUqMJJu6JF5mBcmpEv8MPEQ1i
2026-04-12T04:42:00.011Z,6TRyMNFbS6y444mDECfaENQrVnvZP4XzMr2fa6f8pump,Trump,filter_6,2026-04-11T21:07:35.070Z,454,2.027e-06,4096,1048576,pumpswap,BJLaR38FZ2accuRrABzAWdiMeZ8mF3Ky5tL6q853bgBh
2026-04-12T04:42:00.173Z,EamB9vqC1b4aoyPR6t3hn6CWf48yny84xzCuFJMbpump,Peepa,filter_1,2026-04-11T20:47:42.794Z,474,7.758e-05,32768,1048576,pumpswap,BoB3Dvi5eLGFr86BexBPNY2ZXwMNjWhx3FVCep3X2Vj6
2026-04-12T04:42:00.334Z,AQGaTfXDcvinz6DuxfZEKKFp7hmiWDLis4FtK3chpump,Ivunka,filter_3,2026-04-11T20:41:43.544Z,480,2.861e-06,4096,524288,pumpswap,AHBtpXJ7csokwSXddEDxPFYHcA515g234kXTBMhAVRxe
2026-04-12T04:42:00.527Z,BfZ27pSjL3L8Abm8VuRs5MLjjP21Xv5tUL81Rkyepump,WID,filter_4,2026-04-11T20:41:42.289Z,480,1.215e-05,8192,16384,pumpswap,4zmdmfGwoNb2mfF9PJq2N7x38qpQMwBMphD3HMDx6dak
2026-04-12T04:42:00.687Z,EgiJdQ8dbQHWu1uKS6cQBPaF2sK3a7WFpkjHEgdDpump,Dodger,filter_3,2026-04-11T19:29:11.694Z,553,2.512e-05,16384,1048576,pumpswap,7yrRRCzf429YQ1xQgdZZMy5KQ5jtkkDC7gUZWyPerhXr
2026-04-12T04:42:00.849Z,7bfbBZXpMYbNjhZ6eQ8Ch8VFAbgcz4WsrY7JtQKcpump,BOATGUY,filter_1,2026-04-11T19:27:26.855Z,555,4.824e-06,4096,262144,pumpswap,6gALa6BfE8ce8pLYaEFsTkCtxozfbuBR5bMVK3nKeFD4
2026-04-12T04:42:01.038Z,4juv1Wq63My7Bc7rznMZTyuD4aQfRSZGW9uKqFXSpump,Asset,filter_1,2026-04-11T19:27:24.857Z,555,4.748e-06,4096,16384,pumpswap,6g8ZTMKCKvSsVX92g4SKoBESXgrDL2cR1WLg8i7GZPV9
2026-04-12T04:42:01.224Z,Aq6XmZSohMJeRGU9WswbyQo9paEcKrTEs3xdfDFtpump,Lia,filter_1,2026-04-11T19:25:27.104Z,557,1.917e-06,4096,524288,pumpswap,BsFk4E3Hm12Mg27XmBoDPuk27WAC78BPfN98AHHpDPcM
2026-04-12T04:42:01.385Z,AUZnnRTdybeMiHrxfueNyBgLHnu4H39kngUh84WMpump,MELANIA,filter_3,2026-04-11T19:24:02.559Z,558,0.0007015,65536,1048576,pumpswap,DM9Xj9x8A8SEinJdoz4SJH2vdhBdPGSZmhL7DxBgwbBy
2026-04-12T04:42:01.548Z,56MEDV2H1M7DkaikaSg5vpibaSyWhgspCxgPwQJhpump,DNIGGA,filter_1,2026-04-11T19:22:24.852Z,560,2.105e-06,4096,65536,pumpswap,CAhVRREzXYHDvtu6iwACsei9vhv6mexsGm9hpkeVP1Kj
2026-04-12T04:42:01.707Z,A2Px3FMumMJ7W67VEp9ahFXueEyf9aHpei4TTJ5mpump,BABY,filter_3,2026-04-11T19:14:43.120Z,567,5.952e-06,8192,1048576,pumpswap,53UgNjZDC6mXsEDTowHLmKi2Y6jzjH2Ee3ybac7jEQRQ
2026-04-12T04:42:01.892Z,wutj1cNsMWyeu9ub61knDRCwU37aVvYuCBn8ZLPj7JL,ZHONEY,filter_1,2026-04-11T19:04:35.959Z,577,8.469e-06,8192,65536,pumpswap,CtYpMFyZqcJL7mPbDQU9o88g9QpkbzEFSC81J9FzFbF8
2026-04-12T04:42:02.053Z,4oFZFm3s8VKeCnwM2G5X5mZrsPivDyzCLvDYZmVipump,ClawFC,filter_1,2026-04-11T19:00:33.206Z,581,1.057e-05,8192,131072,pumpswap,BnbuPvQe2TNdhS7CSdsCGS1WY7FYu2kZti9adrqkqpZh
2026-04-12T04:42:02.243Z,5rniCpoweGXgsLZZDohw3fZA5yuXgt87df6GHAxWpump,MOTHER,filter_1,2026-04-11T18:17:31.505Z,624,5.573e-06,4096,65536,pumpswap,7dzsEYbuQoK1LLAiae7riygcwphP7BTbK6r7Vv94p28M
2026-04-12T04:42:02.428Z,3i8RByhvAaSWh2VSoVieAPzzmc4DpZC9WHVSsDzBpump,FOOLHOUSE,filter_2,2026-04-11T13:59:09.655Z,883,1.715e-06,4096,524288,pumpswap,G8AJyLtb85QyMbaXZe4k5DdTfLPTD8dEX9xDn2fKqQZD
2026-04-12T04:42:02.627Z,AutFvM5QZqtvjK2SrR8iLwvDEQ7ePnL14Rv7GPFvpump,TripleC,filter_2,2026-04-11T13:57:07.657Z,885,6.168e-06,8192,524288,pumpswap,Cvk9vLXa9wiqWTxb7q5EP3jdPow5ZBrdn1MLRmergW3v
2026-04-12T04:42:02.813Z,Dj2JhqEaKgPDo9se3A1dtSBVV1FFCxAfFa9SBBWmpump,GoldDancer,filter_2,2026-04-11T13:01:12.368Z,941,3.639e-05,16384,524288,pumpswap,9hovxHG2vADjGPe7S6agGTx5o72kgojobbpC5UVzLdt5
2026-04-12T04:42:02.998Z,ACtfUWtgvaXrQGNMiohTusi5jcx5RJf5zwu9aAxkpump,unc,filter_2,2026-04-11T11:21:14.804Z,1041,0.0004777,65536,2097152,pumpswap,BWFZkx1pMpvwxammwTrizvoWzZZGiFEYUYW6Ee51SHLy
2026-04-12T04:42:03.157Z,51bywes8qqftjWhEZJZ3GvCM2ogximFejkKqa9kMpump,Marina,filter_2,2026-04-11T10:45:10.038Z,1077,5.809e-05,16384,524288,pumpswap,ChmxH4uiGja7C2ht4KurCwXP8LLgtUgibFL1RwLNqeSG
2026-04-12T04:42:03.317Z,22a4gJyiBTjWsTaFAHiHoQTmXsptDy3iBHeqKQADpump,WLFI,filter_2,2026-04-11T08:08:14.642Z,1234,9.705e-05,32768,1048576,pumpswap,8JUXPRDDfRbDTN9fsQg1fLKw3u7DM9Cesodu1pcp6WA5
2026-04-12T04:42:03.510Z,J1iyLMzrc4G4WgDVmm33bes1Xwzd1mTcmvP8gubMpump,5,filter_2,2026-04-11T07:45:06.637Z,1257,1.884e-06,4096,524288,pumpswap,1HojmJ4JLUiwXz5PxPMAyvaWvk5WZSHGFm1SyQZHTQ2
2026-04-12T04:42:03.671Z,EQUU2gdzvmabX36rCxKSRSNJKtAedRHEiP8pikC8pump,emi,filter_2,2026-04-11T06:50:09.612Z,1312,7.911e-05,32768,1048576,pumpswap,A1eSqj58a8SWLfY9ecCZcfaWSgjYvEHXimiyoKHWG2qn
2026-04-12T04:42:03.857Z,5NmLAtsnwiZZbidywsSZYbZS3GtsoAEfa9HNHjGspump,PND,filter_2,2026-04-11T06:08:08.609Z,1354,8.17e-06,8192,262144,pumpswap,G2GWEuB5ZA6p2qFxx4i4VViApW5P7aLrYJUv2vdgR5jm
2026-04-12T04:42:04.053Z,3DiHoTLRFzuMHmTBfo84Q22yX16Bv6XviFzgLaxnUJSe,SDR,filter_2,2026-04-11T05:05:14.827Z,1417,0.0002794,64,8388608,raydium,8jJMsUjNZDd32et5q7SXPx6QNQkRbbLK1exbNZfoTKcP
2026-04-12T04:46:58.645Z,4CkWXDBNqfqBT5xCon4hrGU3mwqhQ3GSwdQQ1SDnpump,STC,filter_2,2026-04-12T03:49:56.288Z,57,8.061e-05,16384,524288,pumpswap,BfcxnfNQF3cbZmdKbTNvL1fLD4dEjGhXCG9r6JS6EqB4
2026-04-12T04:46:58.806Z,ApvxrH4oet42G4mgHZTtYZ9h2yMwhNZqs7Tqu1Ebpump,NIKUTA,filter_1,2026-04-12T03:23:38.029Z,83,8.002e-06,8192,131072,pumpswap,BLzb2UKri4YMnAeqc8VgWioAz8zN62LrcDsaJB3VcK22
2026-04-12T04:46:58.967Z,D6HZ5Se3X2wEWWYsHp8Ma3wh3yWwFSSdCAFjGC4spump,Cat,filter_4,2026-04-12T03:06:34.258Z,100,2.563e-05,16384,262144,pumpswap,5g91GWPaRMg4DdCUyds858fyAzhaiTVbi563jVKhqLuT
2026-04-12T04:46:59.132Z,7Y445U5CAiLL4icyyPDonXy7zvGGML2TGjyMmwpDpump,WLFI,filter_1,2026-04-12T02:03:35.233Z,163,3.373e-05,16384,131072,pumpswap,EjzyuTwozXjagMTqqN6hjNpEyW3Q7rX3avE2otRRS8hv
2026-04-12T04:46:59.319Z,BRKFJs1jxrYBKR5sxBiuxTTbyipNBmT6GWenb3c9pump,TRUMP47,filter_5,2026-04-12T00:39:59.430Z,247,1.691e-06,4096,524288,pumpswap,EgcA2ShdHZK4Sg7N6H7yGzTjxpTpunRrbzw231wLWeDh
2026-04-12T04:46:59.480Z,5xjSweEeRNTNHXpEiyp1XBUB2D3MMYCuU8khzgiZpump,FUDGE,filter_2,2026-04-12T00:02:34.174Z,284,2.092e-05,8192,32768,pumpswap,GXBAKvHDgXXwxWWGWmrepfpXstnghwVGEqBmAq2EQgQZ
2026-04-12T04:46:59.674Z,AQiYy4igZ6jeUS5nbTymwLaQfnEg5BAjjZsP1EZkEjBU,Dolores,filter_1,2026-04-11T23:52:34.399Z,294,3.126e-06,4096,65536,pumpswap,9MiNdc2ywiYUm2nr2KTGo8UCmjk3TdKLCZ2B4aAtZ9hq
2026-04-12T04:46:59.867Z,yLT7rHdaNkfnqfg5pxXxCTrx1Rsnagod16DnpKBpump,Nilly,filter_1,2026-04-11T23:45:34.391Z,301,2.981e-06,4096,131072,pumpswap,8vjkK4SAhZ6zkX7gox9DQEmpX7MbiKsp2gRjD4dAS21V
2026-04-12T04:47:00.030Z,9oVRwbx3Ray9bK7CKhqwfqY5NaWYjG3xj1DNYg2mpump,brainlet,filter_2,2026-04-11T22:44:55.606Z,362,1.827e-06,4096,524288,pumpswap,2PW331e9D7pmdELA1m1Uyq6pnEuj5BWB8m7dcBGgJ5xo
2026-04-12T04:47:00.193Z,9XhhPHKnvSd9R8Ygr8kHR6n8YNYd7SMzRHHPFeb2pump,doomer,filter_1,2026-04-11T22:10:33.845Z,396,1.718e-06,4096,262144,pumpswap,DqTPbpJo2UfNFy2v4dHjMoFg9S2wid1RZuF8qfwcJrHx
2026-04-12T04:47:00.391Z,2wwDzQLc3pwgcHrkCadio4Hn3bzYyCptRAewJAEXdoge,MARKC,filter_1,2026-04-11T21:57:35.843Z,409,4.022e-06,4096,65536,meteora,2rVNWK9fRajakX19wtrfJKGE3xNWeubnV5VpYxETUvPX
2026-04-12T04:47:00.553Z,NicGVyEGbJhn52gBtqWM18zKGzRSe9js98AZnRwY8eS,NEGRON,filter_2,2026-04-11T21:33:59.338Z,433,2.366e-07,65536,4194304,raydium,2rXfTt3Xh699TtAUruiz6Vs7vdTrsn55bEm2FKt9y8yE
2026-04-12T04:51:58.659Z,BvHneYfnCYjfZE52iUhK4bqkcqJjYjMQUJb5FPhCpump,ALONSHOUSE,filter_2,2026-04-12T03:51:56.774Z,60,0.0001074,32768,1048576,pumpswap,6KuCNvUu9NsgTFyo1vQGfeFqsoKq7Jq19LhZeQwtMMVr
2026-04-12T04:51:58.821Z,7cFndW3LZJr5hdT138meuoqQRDR6HYqATxKj2CwPpump,AgentCRM,filter_1,2026-04-12T03:39:36.524Z,72,6.975e-05,16384,262144,pumpswap,9UmjwMC9BVfdCYNaa9xCJwWkJjufeVbQg8xcSqMsSSM5
2026-04-12T04:51:58.980Z,9AEtb967xTMosjp9XFhvHLhscPNYgDWc15jFAZR8pump,RƎ́V,filter_1,2026-04-12T02:44:33.253Z,127,0.0001388,32768,16384,pumpswap,EMm9RL2tHvUvygLCu9WkUMBgnu29K2kePzUuWhiSjdMU
2026-04-12T04:51:59.141Z,Hy58kFcGQuZ9qqbiJL5Ka8FPPmqfU6w4zSqNAyzbpump,Zoomer,filter_5,2026-04-12T02:21:55.989Z,150,2.57e-05,16384,524288,pumpswap,EvDD7gjtfLETpF8m8boLppTCHosWoyoy43AKSttyRia9
2026-04-12T04:51:59.334Z,AdD5EMoGMDiGXcgepXQXneB4fEZuS1QvKqDrN876pump,CRAFT,filter_1,2026-04-12T02:18:34.482Z,153,2.105e-05,8192,65536,pumpswap,Fq6wzHyzh8YXvGS7EYBSNPLs7cr3WSLBw4WCpp5Bbk9n
2026-04-12T04:51:59.517Z,8yeUyEaxBkBgcG5i22zR6JiLmVPbA3p6FUBHjFLFpump,MOG,filter_1,2026-04-12T00:53:40.689Z,238,2.904e-06,4096,262144,pumpswap,8jL5pBxjqyhXzGwYDYZhvdifvuSiP7KWzU8ZCGgssRzk
2026-04-12T04:51:59.708Z,VXnX59zHN7j8FrA971nJij7q2RvPSPa3TioV236pump,COG,filter_1,2026-04-11T23:57:38.153Z,294,3.893e-06,4096,262144,pumpswap,DsEyaDvzkJHPnSwDU251c5pCP1V466nMpwh8KQzEeUuU
2026-04-12T04:51:59.869Z,3SNNxUYmrXUc1mQbtV2NGQTuGKVji4y3MWhyESTypump,CASSIE,filter_4,2026-04-11T23:18:36.635Z,333,4.177e-05,16384,131072,pumpswap,B6nQAKbBTm8xTFHBs4xGUqMJJu6JF5mBcmpEv8MPEQ1i
2026-04-12T04:52:00.031Z,6TRyMNFbS6y444mDECfaENQrVnvZP4XzMr2fa6f8pump,Trump,filter_6,2026-04-11T21:07:35.070Z,464,2.027e-06,4096,1048576,pumpswap,BJLaR38FZ2accuRrABzAWdiMeZ8mF3Ky5tL6q853bgBh
2026-04-12T04:52:00.194Z,EamB9vqC1b4aoyPR6t3hn6CWf48yny84xzCuFJMbpump,Peepa,filter_1,2026-04-11T20:47:42.794Z,484,7.851e-05,32768,1048576,pumpswap,BoB3Dvi5eLGFr86BexBPNY2ZXwMNjWhx3FVCep3X2Vj6
2026-04-12T04:52:00.354Z,AQGaTfXDcvinz6DuxfZEKKFp7hmiWDLis4FtK3chpump,Ivunka,filter_3,2026-04-11T20:41:43.544Z,490,2.861e-06,4096,524288,pumpswap,AHBtpXJ7csokwSXddEDxPFYHcA515g234kXTBMhAVRxe
2026-04-12T04:52:00.548Z,BfZ27pSjL3L8Abm8VuRs5MLjjP21Xv5tUL81Rkyepump,WID,filter_4,2026-04-11T20:41:42.289Z,490,1.202e-05,8192,16384,pumpswap,4zmdmfGwoNb2mfF9PJq2N7x38qpQMwBMphD3HMDx6dak
2026-04-12T04:52:00.709Z,EgiJdQ8dbQHWu1uKS6cQBPaF2sK3a7WFpkjHEgdDpump,Dodger,filter_3,2026-04-11T19:29:11.694Z,563,2.78e-05,16384,1048576,pumpswap,7yrRRCzf429YQ1xQgdZZMy5KQ5jtkkDC7gUZWyPerhXr
2026-04-12T04:52:00.874Z,7bfbBZXpMYbNjhZ6eQ8Ch8VFAbgcz4WsrY7JtQKcpump,BOATGUY,filter_1,2026-04-11T19:27:26.855Z,565,4.804e-06,4096,262144,pumpswap,6gALa6BfE8ce8pLYaEFsTkCtxozfbuBR5bMVK3nKeFD4
2026-04-12T04:52:01.035Z,4juv1Wq63My7Bc7rznMZTyuD4aQfRSZGW9uKqFXSpump,Asset,filter_1,2026-04-11T19:27:24.857Z,565,4.748e-06,4096,16384,pumpswap,6g8ZTMKCKvSsVX92g4SKoBESXgrDL2cR1WLg8i7GZPV9
2026-04-12T04:52:01.229Z,Aq6XmZSohMJeRGU9WswbyQo9paEcKrTEs3xdfDFtpump,Lia,filter_1,2026-04-11T19:25:27.104Z,567,1.917e-06,4096,524288,pumpswap,BsFk4E3Hm12Mg27XmBoDPuk27WAC78BPfN98AHHpDPcM
2026-04-12T04:52:01.413Z,AUZnnRTdybeMiHrxfueNyBgLHnu4H39kngUh84WMpump,MELANIA,filter_3,2026-04-11T19:24:02.559Z,568,0.0006804,65536,1048576,pumpswap,DM9Xj9x8A8SEinJdoz4SJH2vdhBdPGSZmhL7DxBgwbBy
2026-04-12T04:52:01.573Z,56MEDV2H1M7DkaikaSg5vpibaSyWhgspCxgPwQJhpump,DNIGGA,filter_1,2026-04-11T19:22:24.852Z,570,2.105e-06,4096,65536,pumpswap,CAhVRREzXYHDvtu6iwACsei9vhv6mexsGm9hpkeVP1Kj
2026-04-12T04:52:01.734Z,A2Px3FMumMJ7W67VEp9ahFXueEyf9aHpei4TTJ5mpump,BABY,filter_3,2026-04-11T19:14:43.120Z,577,5.978e-06,8192,1048576,pumpswap,53UgNjZDC6mXsEDTowHLmKi2Y6jzjH2Ee3ybac7jEQRQ
2026-04-12T04:52:01.950Z,wutj1cNsMWyeu9ub61knDRCwU37aVvYuCBn8ZLPj7JL,ZHONEY,filter_1,2026-04-11T19:04:35.959Z,587,8.134e-06,8192,65536,pumpswap,CtYpMFyZqcJL7mPbDQU9o88g9QpkbzEFSC81J9FzFbF8
2026-04-12T04:52:02.110Z,4oFZFm3s8VKeCnwM2G5X5mZrsPivDyzCLvDYZmVipump,ClawFC,filter_1,2026-04-11T19:00:33.206Z,591,1.17e-05,8192,131072,pumpswap,BnbuPvQe2TNdhS7CSdsCGS1WY7FYu2kZti9adrqkqpZh
2026-04-12T04:52:02.293Z,5rniCpoweGXgsLZZDohw3fZA5yuXgt87df6GHAxWpump,MOTHER,filter_1,2026-04-11T18:17:31.505Z,634,5.47e-06,4096,65536,pumpswap,7dzsEYbuQoK1LLAiae7riygcwphP7BTbK6r7Vv94p28M
2026-04-12T04:52:02.484Z,3i8RByhvAaSWh2VSoVieAPzzmc4DpZC9WHVSsDzBpump,FOOLHOUSE,filter_2,2026-04-11T13:59:09.655Z,893,1.715e-06,4096,524288,pumpswap,G8AJyLtb85QyMbaXZe4k5DdTfLPTD8dEX9xDn2fKqQZD
2026-04-12T04:52:02.676Z,AutFvM5QZqtvjK2SrR8iLwvDEQ7ePnL14Rv7GPFvpump,TripleC,filter_2,2026-04-11T13:57:07.657Z,895,5.586e-06,8192,524288,pumpswap,Cvk9vLXa9wiqWTxb7q5EP3jdPow5ZBrdn1MLRmergW3v
2026-04-12T04:52:02.869Z,Dj2JhqEaKgPDo9se3A1dtSBVV1FFCxAfFa9SBBWmpump,GoldDancer,filter_2,2026-04-11T13:01:12.368Z,951,3.436e-05,16384,524288,pumpswap,9hovxHG2vADjGPe7S6agGTx5o72kgojobbpC5UVzLdt5
2026-04-12T04:52:03.062Z,ACtfUWtgvaXrQGNMiohTusi5jcx5RJf5zwu9aAxkpump,unc,filter_2,2026-04-11T11:21:14.804Z,1051,0.0005604,65536,2097152,pumpswap,BWFZkx1pMpvwxammwTrizvoWzZZGiFEYUYW6Ee51SHLy
2026-04-12T04:52:03.223Z,51bywes8qqftjWhEZJZ3GvCM2ogximFejkKqa9kMpump,Marina,filter_2,2026-04-11T10:45:10.038Z,1087,5.943e-05,16384,524288,pumpswap,ChmxH4uiGja7C2ht4KurCwXP8LLgtUgibFL1RwLNqeSG
2026-04-12T04:52:03.410Z,22a4gJyiBTjWsTaFAHiHoQTmXsptDy3iBHeqKQADpump,WLFI,filter_2,2026-04-11T08:08:14.642Z,1244,7.765e-05,16384,1048576,pumpswap,8JUXPRDDfRbDTN9fsQg1fLKw3u7DM9Cesodu1pcp6WA5
2026-04-12T04:52:03.603Z,J1iyLMzrc4G4WgDVmm33bes1Xwzd1mTcmvP8gubMpump,5,filter_2,2026-04-11T07:45:06.637Z,1267,1.884e-06,4096,524288,pumpswap,1HojmJ4JLUiwXz5PxPMAyvaWvk5WZSHGFm1SyQZHTQ2
2026-04-12T04:52:03.764Z,EQUU2gdzvmabX36rCxKSRSNJKtAedRHEiP8pikC8pump,emi,filter_2,2026-04-11T06:50:09.612Z,1322,7.72e-05,32768,1048576,pumpswap,A1eSqj58a8SWLfY9ecCZcfaWSgjYvEHXimiyoKHWG2qn
2026-04-12T04:52:03.948Z,5NmLAtsnwiZZbidywsSZYbZS3GtsoAEfa9HNHjGspump,PND,filter_2,2026-04-11T06:08:08.609Z,1364,8.15e-06,8192,262144,pumpswap,G2GWEuB5ZA6p2qFxx4i4VViApW5P7aLrYJUv2vdgR5jm
2026-04-12T04:52:04.110Z,3DiHoTLRFzuMHmTBfo84Q22yX16Bv6XviFzgLaxnUJSe,SDR,filter_2,2026-04-11T05:05:14.827Z,1427,0.0002794,64,8388608,raydium,8jJMsUjNZDd32et5q7SXPx6QNQkRbbLK1exbNZfoTKcP
2026-04-12T04:56:58.637Z,4CkWXDBNqfqBT5xCon4hrGU3mwqhQ3GSwdQQ1SDnpump,STC,filter_2,2026-04-12T03:49:56.288Z,67,5.702e-05,16384,524288,pumpswap,BfcxnfNQF3cbZmdKbTNvL1fLD4dEjGhXCG9r6JS6EqB4
2026-04-12T04:56:58.796Z,ApvxrH4oet42G4mgHZTtYZ9h2yMwhNZqs7Tqu1Ebpump,NIKUTA,filter_1,2026-04-12T03:23:38.029Z,93,7.864e-06,8192,131072,pumpswap,BLzb2UKri4YMnAeqc8VgWioAz8zN62LrcDsaJB3VcK22
2026-04-12T04:56:58.954Z,D6HZ5Se3X2wEWWYsHp8Ma3wh3yWwFSSdCAFjGC4spump,Cat,filter_4,2026-04-12T03:06:34.258Z,110,2.629e-05,16384,262144,pumpswap,5g91GWPaRMg4DdCUyds858fyAzhaiTVbi563jVKhqLuT
2026-04-12T04:56:59.114Z,7Y445U5CAiLL4icyyPDonXy7zvGGML2TGjyMmwpDpump,WLFI,filter_1,2026-04-12T02:03:35.233Z,173,3.241e-05,16384,131072,pumpswap,EjzyuTwozXjagMTqqN6hjNpEyW3Q7rX3avE2otRRS8hv
2026-04-12T04:56:59.273Z,BRKFJs1jxrYBKR5sxBiuxTTbyipNBmT6GWenb3c9pump,TRUMP47,filter_5,2026-04-12T00:39:59.430Z,257,1.661e-06,4096,524288,pumpswap,EgcA2ShdHZK4Sg7N6H7yGzTjxpTpunRrbzw231wLWeDh
2026-04-12T04:56:59.431Z,5xjSweEeRNTNHXpEiyp1XBUB2D3MMYCuU8khzgiZpump,FUDGE,filter_2,2026-04-12T00:02:34.174Z,294,2.14e-05,8192,32768,pumpswap,GXBAKvHDgXXwxWWGWmrepfpXstnghwVGEqBmAq2EQgQZ
2026-04-12T04:56:59.591Z,AQiYy4igZ6jeUS5nbTymwLaQfnEg5BAjjZsP1EZkEjBU,Dolores,filter_1,2026-04-11T23:52:34.399Z,304,3.044e-06,4096,65536,pumpswap,9MiNdc2ywiYUm2nr2KTGo8UCmjk3TdKLCZ2B4aAtZ9hq
2026-04-12T04:56:59.781Z,yLT7rHdaNkfnqfg5pxXxCTrx1Rsnagod16DnpKBpump,Nilly,filter_1,2026-04-11T23:45:34.391Z,311,2.972e-06,4096,131072,pumpswap,8vjkK4SAhZ6zkX7gox9DQEmpX7MbiKsp2gRjD4dAS21V
2026-04-12T04:56:59.941Z,9oVRwbx3Ray9bK7CKhqwfqY5NaWYjG3xj1DNYg2mpump,brainlet,filter_2,2026-04-11T22:44:55.606Z,372,1.827e-06,4096,524288,pumpswap,2PW331e9D7pmdELA1m1Uyq6pnEuj5BWB8m7dcBGgJ5xo
2026-04-12T04:57:00.099Z,9XhhPHKnvSd9R8Ygr8kHR6n8YNYd7SMzRHHPFeb2pump,doomer,filter_1,2026-04-11T22:10:33.845Z,406,1.718e-06,4096,262144,pumpswap,DqTPbpJo2UfNFy2v4dHjMoFg9S2wid1RZuF8qfwcJrHx
2026-04-12T04:57:00.290Z,2wwDzQLc3pwgcHrkCadio4Hn3bzYyCptRAewJAEXdoge,MARKC,filter_1,2026-04-11T21:57:35.843Z,419,3.235e-06,4096,65536,meteora,2rVNWK9fRajakX19wtrfJKGE3xNWeubnV5VpYxETUvPX
2026-04-12T04:57:00.485Z,NicGVyEGbJhn52gBtqWM18zKGzRSe9js98AZnRwY8eS,NEGRON,filter_2,2026-04-11T21:33:59.338Z,443,2.364e-07,65536,4194304,raydium,2rXfTt3Xh699TtAUruiz6Vs7vdTrsn55bEm2FKt9y8yE
2026-04-12T05:01:58.643Z,BvHneYfnCYjfZE52iUhK4bqkcqJjYjMQUJb5FPhCpump,ALONSHOUSE,filter_2,2026-04-12T03:51:56.774Z,70,0.0001122,32768,1048576,pumpswap,6KuCNvUu9NsgTFyo1vQGfeFqsoKq7Jq19LhZeQwtMMVr
2026-04-12T05:01:58.803Z,7cFndW3LZJr5hdT138meuoqQRDR6HYqATxKj2CwPpump,AgentCRM,filter_1,2026-04-12T03:39:36.524Z,82,6.42e-05,16384,262144,pumpswap,9UmjwMC9BVfdCYNaa9xCJwWkJjufeVbQg8xcSqMsSSM5
2026-04-12T05:01:58.961Z,9AEtb967xTMosjp9XFhvHLhscPNYgDWc15jFAZR8pump,RƎ́V,filter_1,2026-04-12T02:44:33.253Z,137,0.0001406,32768,16384,pumpswap,EMm9RL2tHvUvygLCu9WkUMBgnu29K2kePzUuWhiSjdMU
2026-04-12T05:01:59.121Z,Hy58kFcGQuZ9qqbiJL5Ka8FPPmqfU6w4zSqNAyzbpump,Zoomer,filter_5,2026-04-12T02:21:55.989Z,160,2.915e-05,16384,524288,pumpswap,EvDD7gjtfLETpF8m8boLppTCHosWoyoy43AKSttyRia9
2026-04-12T05:01:59.279Z,AdD5EMoGMDiGXcgepXQXneB4fEZuS1QvKqDrN876pump,CRAFT,filter_1,2026-04-12T02:18:34.482Z,163,2.025e-05,8192,65536,pumpswap,Fq6wzHyzh8YXvGS7EYBSNPLs7cr3WSLBw4WCpp5Bbk9n
2026-04-12T05:01:59.439Z,8yeUyEaxBkBgcG5i22zR6JiLmVPbA3p6FUBHjFLFpump,MOG,filter_1,2026-04-12T00:53:40.689Z,248,2.897e-06,4096,262144,pumpswap,8jL5pBxjqyhXzGwYDYZhvdifvuSiP7KWzU8ZCGgssRzk
2026-04-12T05:01:59.627Z,VXnX59zHN7j8FrA971nJij7q2RvPSPa3TioV236pump,COG,filter_1,2026-04-11T23:57:38.153Z,304,4.394e-06,4096,262144,pumpswap,DsEyaDvzkJHPnSwDU251c5pCP1V466nMpwh8KQzEeUuU
2026-04-12T05:01:59.786Z,3SNNxUYmrXUc1mQbtV2NGQTuGKVji4y3MWhyESTypump,CASSIE,filter_4,2026-04-11T23:18:36.635Z,343,3.061e-05,16384,131072,pumpswap,B6nQAKbBTm8xTFHBs4xGUqMJJu6JF5mBcmpEv8MPEQ1i
2026-04-12T05:01:59.945Z,6TRyMNFbS6y444mDECfaENQrVnvZP4XzMr2fa6f8pump,Trump,filter_6,2026-04-11T21:07:35.070Z,474,2.027e-06,4096,1048576,pumpswap,BJLaR38FZ2accuRrABzAWdiMeZ8mF3Ky5tL6q853bgBh
2026-04-12T05:02:00.106Z,EamB9vqC1b4aoyPR6t3hn6CWf48yny84xzCuFJMbpump,Peepa,filter_1,2026-04-11T20:47:42.794Z,494,8.021e-05,32768,1048576,pumpswap,BoB3Dvi5eLGFr86BexBPNY2ZXwMNjWhx3FVCep3X2Vj6
2026-04-12T05:02:00.264Z,AQGaTfXDcvinz6DuxfZEKKFp7hmiWDLis4FtK3chpump,Ivunka,filter_3,2026-04-11T20:41:43.544Z,500,2.861e-06,4096,524288,pumpswap,AHBtpXJ7csokwSXddEDxPFYHcA515g234kXTBMhAVRxe
2026-04-12T05:02:00.483Z,BfZ27pSjL3L8Abm8VuRs5MLjjP21Xv5tUL81Rkyepump,WID,filter_4,2026-04-11T20:41:42.289Z,500,1.197e-05,8192,16384,pumpswap,4zmdmfGwoNb2mfF9PJq2N7x38qpQMwBMphD3HMDx6dak
2026-04-12T05:02:00.644Z,EgiJdQ8dbQHWu1uKS6cQBPaF2sK3a7WFpkjHEgdDpump,Dodger,filter_3,2026-04-11T19:29:11.694Z,573,2.782e-05,16384,1048576,pumpswap,7yrRRCzf429YQ1xQgdZZMy5KQ5jtkkDC7gUZWyPerhXr
2026-04-12T05:02:00.803Z,7bfbBZXpMYbNjhZ6eQ8Ch8VFAbgcz4WsrY7JtQKcpump,BOATGUY,filter_1,2026-04-11T19:27:26.855Z,575,4.804e-06,4096,262144,pumpswap,6gALa6BfE8ce8pLYaEFsTkCtxozfbuBR5bMVK3nKeFD4
2026-04-12T05:02:00.988Z,4juv1Wq63My7Bc7rznMZTyuD4aQfRSZGW9uKqFXSpump,Asset,filter_1,2026-04-11T19:27:24.857Z,575,4.748e-06,4096,16384,pumpswap,6g8ZTMKCKvSsVX92g4SKoBESXgrDL2cR1WLg8i7GZPV9
2026-04-12T05:02:01.170Z,Aq6XmZSohMJeRGU9WswbyQo9paEcKrTEs3xdfDFtpump,Lia,filter_1,2026-04-11T19:25:27.104Z,577,1.917e-06,4096,524288,pumpswap,BsFk4E3Hm12Mg27XmBoDPuk27WAC78BPfN98AHHpDPcM
2026-04-12T05:02:01.329Z,AUZnnRTdybeMiHrxfueNyBgLHnu4H39kngUh84WMpump,MELANIA,filter_3,2026-04-11T19:24:02.559Z,578,0.0007285,65536,1048576,pumpswap,DM9Xj9x8A8SEinJdoz4SJH2vdhBdPGSZmhL7DxBgwbBy
2026-04-12T05:02:01.489Z,56MEDV2H1M7DkaikaSg5vpibaSyWhgspCxgPwQJhpump,DNIGGA,filter_1,2026-04-11T19:22:24.852Z,580,2.105e-06,4096,65536,pumpswap,CAhVRREzXYHDvtu6iwACsei9vhv6mexsGm9hpkeVP1Kj
2026-04-12T05:02:01.676Z,A2Px3FMumMJ7W67VEp9ahFXueEyf9aHpei4TTJ5mpump,BABY,filter_3,2026-04-11T19:14:43.120Z,587,5.847e-06,8192,1048576,pumpswap,53UgNjZDC6mXsEDTowHLmKi2Y6jzjH2Ee3ybac7jEQRQ
2026-04-12T05:02:01.869Z,wutj1cNsMWyeu9ub61knDRCwU37aVvYuCBn8ZLPj7JL,ZHONEY,filter_1,2026-04-11T19:04:35.959Z,597,8.134e-06,8192,65536,pumpswap,CtYpMFyZqcJL7mPbDQU9o88g9QpkbzEFSC81J9FzFbF8
2026-04-12T05:02:02.029Z,4oFZFm3s8VKeCnwM2G5X5mZrsPivDyzCLvDYZmVipump,ClawFC,filter_1,2026-04-11T19:00:33.206Z,601,1.102e-05,8192,131072,pumpswap,BnbuPvQe2TNdhS7CSdsCGS1WY7FYu2kZti9adrqkqpZh
2026-04-12T05:02:02.216Z,5rniCpoweGXgsLZZDohw3fZA5yuXgt87df6GHAxWpump,MOTHER,filter_1,2026-04-11T18:17:31.505Z,644,5.407e-06,4096,65536,pumpswap,7dzsEYbuQoK1LLAiae7riygcwphP7BTbK6r7Vv94p28M
2026-04-12T05:02:02.397Z,3i8RByhvAaSWh2VSoVieAPzzmc4DpZC9WHVSsDzBpump,FOOLHOUSE,filter_2,2026-04-11T13:59:09.655Z,903,1.692e-06,4096,524288,pumpswap,G8AJyLtb85QyMbaXZe4k5DdTfLPTD8dEX9xDn2fKqQZD
2026-04-12T05:02:02.595Z,AutFvM5QZqtvjK2SrR8iLwvDEQ7ePnL14Rv7GPFvpump,TripleC,filter_2,2026-04-11T13:57:07.657Z,905,5.861e-06,8192,524288,pumpswap,Cvk9vLXa9wiqWTxb7q5EP3jdPow5ZBrdn1MLRmergW3v
2026-04-12T05:02:02.755Z,Dj2JhqEaKgPDo9se3A1dtSBVV1FFCxAfFa9SBBWmpump,GoldDancer,filter_2,2026-04-11T13:01:12.368Z,961,3.341e-05,16384,524288,pumpswap,9hovxHG2vADjGPe7S6agGTx5o72kgojobbpC5UVzLdt5
2026-04-12T05:02:02.915Z,ACtfUWtgvaXrQGNMiohTusi5jcx5RJf5zwu9aAxkpump,unc,filter_2,2026-04-11T11:21:14.804Z,1061,0.0005572,65536,2097152,pumpswap,BWFZkx1pMpvwxammwTrizvoWzZZGiFEYUYW6Ee51SHLy
2026-04-12T05:02:03.074Z,51bywes8qqftjWhEZJZ3GvCM2ogximFejkKqa9kMpump,Marina,filter_2,2026-04-11T10:45:10.038Z,1097,5.77e-05,16384,524288,pumpswap,ChmxH4uiGja7C2ht4KurCwXP8LLgtUgibFL1RwLNqeSG
2026-04-12T05:02:03.234Z,22a4gJyiBTjWsTaFAHiHoQTmXsptDy3iBHeqKQADpump,WLFI,filter_2,2026-04-11T08:08:14.642Z,1254,7.114e-05,16384,1048576,pumpswap,8JUXPRDDfRbDTN9fsQg1fLKw3u7DM9Cesodu1pcp6WA5
2026-04-12T05:02:03.426Z,J1iyLMzrc4G4WgDVmm33bes1Xwzd1mTcmvP8gubMpump,5,filter_2,2026-04-11T07:45:06.637Z,1277,1.854e-06,4096,524288,pumpswap,1HojmJ4JLUiwXz5PxPMAyvaWvk5WZSHGFm1SyQZHTQ2
2026-04-12T05:02:03.585Z,EQUU2gdzvmabX36rCxKSRSNJKtAedRHEiP8pikC8pump,emi,filter_2,2026-04-11T06:50:09.612Z,1332,6.927e-05,16384,1048576,pumpswap,A1eSqj58a8SWLfY9ecCZcfaWSgjYvEHXimiyoKHWG2qn
2026-04-12T05:02:03.746Z,5NmLAtsnwiZZbidywsSZYbZS3GtsoAEfa9HNHjGspump,PND,filter_2,2026-04-11T06:08:08.609Z,1374,8.621e-06,8192,131072,pumpswap,G2GWEuB5ZA6p2qFxx4i4VViApW5P7aLrYJUv2vdgR5jm
2026-04-12T05:02:03.905Z,3DiHoTLRFzuMHmTBfo84Q22yX16Bv6XviFzgLaxnUJSe,SDR,filter_2,2026-04-11T05:05:14.827Z,1437,0.0002794,64,8388608,raydium,8jJMsUjNZDd32et5q7SXPx6QNQkRbbLK1exbNZfoTKcP
2026-04-12T05:06:58.640Z,4CkWXDBNqfqBT5xCon4hrGU3mwqhQ3GSwdQQ1SDnpump,STC,filter_2,2026-04-12T03:49:56.288Z,77,3.938e-05,16384,524288,pumpswap,BfcxnfNQF3cbZmdKbTNvL1fLD4dEjGhXCG9r6JS6EqB4
2026-04-12T05:06:58.800Z,ApvxrH4oet42G4mgHZTtYZ9h2yMwhNZqs7Tqu1Ebpump,NIKUTA,filter_1,2026-04-12T03:23:38.029Z,103,7.685e-06,8192,131072,pumpswap,BLzb2UKri4YMnAeqc8VgWioAz8zN62LrcDsaJB3VcK22
2026-04-12T05:06:58.979Z,D6HZ5Se3X2wEWWYsHp8Ma3wh3yWwFSSdCAFjGC4spump,Cat,filter_4,2026-04-12T03:06:34.258Z,120,2.946e-05,16384,262144,pumpswap,5g91GWPaRMg4DdCUyds858fyAzhaiTVbi563jVKhqLuT
2026-04-12T05:06:59.138Z,7Y445U5CAiLL4icyyPDonXy7zvGGML2TGjyMmwpDpump,WLFI,filter_1,2026-04-12T02:03:35.233Z,183,3.264e-05,16384,131072,pumpswap,EjzyuTwozXjagMTqqN6hjNpEyW3Q7rX3avE2otRRS8hv
2026-04-12T05:06:59.330Z,BRKFJs1jxrYBKR5sxBiuxTTbyipNBmT6GWenb3c9pump,TRUMP47,filter_5,2026-04-12T00:39:59.430Z,267,1.751e-06,4096,524288,pumpswap,EgcA2ShdHZK4Sg7N6H7yGzTjxpTpunRrbzw231wLWeDh
2026-04-12T05:06:59.489Z,5xjSweEeRNTNHXpEiyp1XBUB2D3MMYCuU8khzgiZpump,FUDGE,filter_2,2026-04-12T00:02:34.174Z,304,2.216e-05,8192,32768,pumpswap,GXBAKvHDgXXwxWWGWmrepfpXstnghwVGEqBmAq2EQgQZ
2026-04-12T05:06:59.679Z,AQiYy4igZ6jeUS5nbTymwLaQfnEg5BAjjZsP1EZkEjBU,Dolores,filter_1,2026-04-11T23:52:34.399Z,314,2.624e-06,4096,65536,pumpswap,9MiNdc2ywiYUm2nr2KTGo8UCmjk3TdKLCZ2B4aAtZ9hq
2026-04-12T05:06:59.839Z,yLT7rHdaNkfnqfg5pxXxCTrx1Rsnagod16DnpKBpump,Nilly,filter_1,2026-04-11T23:45:34.391Z,321,2.966e-06,4096,131072,pumpswap,8vjkK4SAhZ6zkX7gox9DQEmpX7MbiKsp2gRjD4dAS21V
2026-04-12T05:06:59.997Z,9oVRwbx3Ray9bK7CKhqwfqY5NaWYjG3xj1DNYg2mpump,brainlet,filter_2,2026-04-11T22:44:55.606Z,382,1.827e-06,4096,524288,pumpswap,2PW331e9D7pmdELA1m1Uyq6pnEuj5BWB8m7dcBGgJ5xo
2026-04-12T05:07:00.157Z,9XhhPHKnvSd9R8Ygr8kHR6n8YNYd7SMzRHHPFeb2pump,doomer,filter_1,2026-04-11T22:10:33.845Z,416,1.718e-06,4096,262144,pumpswap,DqTPbpJo2UfNFy2v4dHjMoFg9S2wid1RZuF8qfwcJrHx
2026-04-12T05:07:00.348Z,2wwDzQLc3pwgcHrkCadio4Hn3bzYyCptRAewJAEXdoge,MARKC,filter_1,2026-04-11T21:57:35.843Z,429,3.235e-06,4096,65536,meteora,2rVNWK9fRajakX19wtrfJKGE3xNWeubnV5VpYxETUvPX
2026-04-12T05:07:00.506Z,NicGVyEGbJhn52gBtqWM18zKGzRSe9js98AZnRwY8eS,NEGRON,filter_2,2026-04-11T21:33:59.338Z,453,2.373e-07,65536,4194304,raydium,2rXfTt3Xh699TtAUruiz6Vs7vdTrsn55bEm2FKt9y8yE
2026-04-12T05:11:58.651Z,BvHneYfnCYjfZE52iUhK4bqkcqJjYjMQUJb5FPhCpump,ALONSHOUSE,filter_2,2026-04-12T03:51:56.774Z,80,0.0001308,32768,1048576,pumpswap,6KuCNvUu9NsgTFyo1vQGfeFqsoKq7Jq19LhZeQwtMMVr
2026-04-12T05:11:58.811Z,7cFndW3LZJr5hdT138meuoqQRDR6HYqATxKj2CwPpump,AgentCRM,filter_1,2026-04-12T03:39:36.524Z,92,5.694e-05,16384,262144,pumpswap,9UmjwMC9BVfdCYNaa9xCJwWkJjufeVbQg8xcSqMsSSM5
2026-04-12T05:11:58.970Z,9AEtb967xTMosjp9XFhvHLhscPNYgDWc15jFAZR8pump,RƎ́V,filter_1,2026-04-12T02:44:33.253Z,147,0.0001411,32768,16384,pumpswap,EMm9RL2tHvUvygLCu9WkUMBgnu29K2kePzUuWhiSjdMU
2026-04-12T05:11:59.130Z,Hy58kFcGQuZ9qqbiJL5Ka8FPPmqfU6w4zSqNAyzbpump,Zoomer,filter_5,2026-04-12T02:21:55.989Z,170,2.685e-05,16384,524288,pumpswap,EvDD7gjtfLETpF8m8boLppTCHosWoyoy43AKSttyRia9
2026-04-12T05:11:59.313Z,AdD5EMoGMDiGXcgepXQXneB4fEZuS1QvKqDrN876pump,CRAFT,filter_1,2026-04-12T02:18:34.482Z,173,1.992e-05,8192,65536,pumpswap,Fq6wzHyzh8YXvGS7EYBSNPLs7cr3WSLBw4WCpp5Bbk9n
2026-04-12T05:11:59.497Z,8yeUyEaxBkBgcG5i22zR6JiLmVPbA3p6FUBHjFLFpump,MOG,filter_1,2026-04-12T00:53:40.689Z,258,2.821e-06,4096,262144,pumpswap,8jL5pBxjqyhXzGwYDYZhvdifvuSiP7KWzU8ZCGgssRzk
2026-04-12T05:11:59.679Z,VXnX59zHN7j8FrA971nJij7q2RvPSPa3TioV236pump,COG,filter_1,2026-04-11T23:57:38.153Z,314,4.332e-06,4096,262144,pumpswap,DsEyaDvzkJHPnSwDU251c5pCP1V466nMpwh8KQzEeUuU
2026-04-12T05:11:59.839Z,3SNNxUYmrXUc1mQbtV2NGQTuGKVji4y3MWhyESTypump,CASSIE,filter_4,2026-04-11T23:18:36.635Z,353,3.155e-05,16384,131072,pumpswap,B6nQAKbBTm8xTFHBs4xGUqMJJu6JF5mBcmpEv8MPEQ1i
2026-04-12T05:11:59.998Z,6TRyMNFbS6y444mDECfaENQrVnvZP4XzMr2fa6f8pump,Trump,filter_6,2026-04-11T21:07:35.070Z,484,2.027e-06,4096,1048576,pumpswap,BJLaR38FZ2accuRrABzAWdiMeZ8mF3Ky5tL6q853bgBh
2026-04-12T05:12:00.159Z,EamB9vqC1b4aoyPR6t3hn6CWf48yny84xzCuFJMbpump,Peepa,filter_1,2026-04-11T20:47:42.794Z,504,8.388e-05,32768,1048576,pumpswap,BoB3Dvi5eLGFr86BexBPNY2ZXwMNjWhx3FVCep3X2Vj6
2026-04-12T05:12:00.320Z,AQGaTfXDcvinz6DuxfZEKKFp7hmiWDLis4FtK3chpump,Ivunka,filter_3,2026-04-11T20:41:43.544Z,510,2.861e-06,4096,524288,pumpswap,AHBtpXJ7csokwSXddEDxPFYHcA515g234kXTBMhAVRxe
2026-04-12T05:12:00.505Z,BfZ27pSjL3L8Abm8VuRs5MLjjP21Xv5tUL81Rkyepump,WID,filter_4,2026-04-11T20:41:42.289Z,510,1.197e-05,8192,16384,pumpswap,4zmdmfGwoNb2mfF9PJq2N7x38qpQMwBMphD3HMDx6dak
2026-04-12T05:12:00.688Z,EgiJdQ8dbQHWu1uKS6cQBPaF2sK3a7WFpkjHEgdDpump,Dodger,filter_3,2026-04-11T19:29:11.694Z,583,2.528e-05,16384,1048576,pumpswap,7yrRRCzf429YQ1xQgdZZMy5KQ5jtkkDC7gUZWyPerhXr
2026-04-12T05:12:00.851Z,7bfbBZXpMYbNjhZ6eQ8Ch8VFAbgcz4WsrY7JtQKcpump,BOATGUY,filter_1,2026-04-11T19:27:26.855Z,585,4.792e-06,4096,262144,pumpswap,6gALa6BfE8ce8pLYaEFsTkCtxozfbuBR5bMVK3nKeFD4
2026-04-12T05:12:01.034Z,4juv1Wq63My7Bc7rznMZTyuD4aQfRSZGW9uKqFXSpump,Asset,filter_1,2026-04-11T19:27:24.857Z,585,4.696e-06,4096,16384,pumpswap,6g8ZTMKCKvSsVX92g4SKoBESXgrDL2cR1WLg8i7GZPV9
2026-04-12T05:12:01.219Z,Aq6XmZSohMJeRGU9WswbyQo9paEcKrTEs3xdfDFtpump,Lia,filter_1,2026-04-11T19:25:27.104Z,587,1.917e-06,4096,524288,pumpswap,BsFk4E3Hm12Mg27XmBoDPuk27WAC78BPfN98AHHpDPcM
2026-04-12T05:12:01.378Z,AUZnnRTdybeMiHrxfueNyBgLHnu4H39kngUh84WMpump,MELANIA,filter_3,2026-04-11T19:24:02.559Z,588,0.0007588,65536,1048576,pumpswap,DM9Xj9x8A8SEinJdoz4SJH2vdhBdPGSZmhL7DxBgwbBy
2026-04-12T05:12:01.541Z,56MEDV2H1M7DkaikaSg5vpibaSyWhgspCxgPwQJhpump,DNIGGA,filter_1,2026-04-11T19:22:24.852Z,590,2.105e-06,4096,65536,pumpswap,CAhVRREzXYHDvtu6iwACsei9vhv6mexsGm9hpkeVP1Kj
2026-04-12T05:12:01.701Z,A2Px3FMumMJ7W67VEp9ahFXueEyf9aHpei4TTJ5mpump,BABY,filter_3,2026-04-11T19:14:43.120Z,597,5.931e-06,8192,1048576,pumpswap,53UgNjZDC6mXsEDTowHLmKi2Y6jzjH2Ee3ybac7jEQRQ
2026-04-12T05:12:01.860Z,wutj1cNsMWyeu9ub61knDRCwU37aVvYuCBn8ZLPj7JL,ZHONEY,filter_1,2026-04-11T19:04:35.959Z,607,1.029e-05,8192,65536,pumpswap,CtYpMFyZqcJL7mPbDQU9o88g9QpkbzEFSC81J9FzFbF8
2026-04-12T05:12:02.019Z,4oFZFm3s8VKeCnwM2G5X5mZrsPivDyzCLvDYZmVipump,ClawFC,filter_1,2026-04-11T19:00:33.206Z,611,1.086e-05,8192,131072,pumpswap,BnbuPvQe2TNdhS7CSdsCGS1WY7FYu2kZti9adrqkqpZh
2026-04-12T05:12:02.180Z,5rniCpoweGXgsLZZDohw3fZA5yuXgt87df6GHAxWpump,MOTHER,filter_1,2026-04-11T18:17:31.505Z,654,5.487e-06,4096,65536,pumpswap,7dzsEYbuQoK1LLAiae7riygcwphP7BTbK6r7Vv94p28M
2026-04-12T05:12:02.363Z,3i8RByhvAaSWh2VSoVieAPzzmc4DpZC9WHVSsDzBpump,FOOLHOUSE,filter_2,2026-04-11T13:59:09.655Z,913,1.692e-06,4096,524288,pumpswap,G8AJyLtb85QyMbaXZe4k5DdTfLPTD8dEX9xDn2fKqQZD
2026-04-12T05:12:02.522Z,AutFvM5QZqtvjK2SrR8iLwvDEQ7ePnL14Rv7GPFvpump,TripleC,filter_2,2026-04-11T13:57:07.657Z,915,5.971e-06,8192,524288,pumpswap,Cvk9vLXa9wiqWTxb7q5EP3jdPow5ZBrdn1MLRmergW3v
2026-04-12T05:12:02.681Z,Dj2JhqEaKgPDo9se3A1dtSBVV1FFCxAfFa9SBBWmpump,GoldDancer,filter_2,2026-04-11T13:01:12.368Z,971,3.983e-05,16384,524288,pumpswap,9hovxHG2vADjGPe7S6agGTx5o72kgojobbpC5UVzLdt5
2026-04-12T05:12:02.841Z,ACtfUWtgvaXrQGNMiohTusi5jcx5RJf5zwu9aAxkpump,unc,filter_2,2026-04-11T11:21:14.804Z,1071,0.0006952,65536,2097152,pumpswap,BWFZkx1pMpvwxammwTrizvoWzZZGiFEYUYW6Ee51SHLy
2026-04-12T05:12:03.002Z,51bywes8qqftjWhEZJZ3GvCM2ogximFejkKqa9kMpump,Marina,filter_2,2026-04-11T10:45:10.038Z,1107,6.329e-05,16384,524288,pumpswap,ChmxH4uiGja7C2ht4KurCwXP8LLgtUgibFL1RwLNqeSG
2026-04-12T05:12:03.187Z,22a4gJyiBTjWsTaFAHiHoQTmXsptDy3iBHeqKQADpump,WLFI,filter_2,2026-04-11T08:08:14.642Z,1264,6.585e-05,16384,1048576,pumpswap,8JUXPRDDfRbDTN9fsQg1fLKw3u7DM9Cesodu1pcp6WA5
2026-04-12T05:12:03.379Z,J1iyLMzrc4G4WgDVmm33bes1Xwzd1mTcmvP8gubMpump,5,filter_2,2026-04-11T07:45:06.637Z,1287,1.842e-06,4096,524288,pumpswap,1HojmJ4JLUiwXz5PxPMAyvaWvk5WZSHGFm1SyQZHTQ2
2026-04-12T05:12:03.539Z,EQUU2gdzvmabX36rCxKSRSNJKtAedRHEiP8pikC8pump,emi,filter_2,2026-04-11T06:50:09.612Z,1342,6.308e-05,16384,1048576,pumpswap,A1eSqj58a8SWLfY9ecCZcfaWSgjYvEHXimiyoKHWG2qn
2026-04-12T05:12:03.721Z,5NmLAtsnwiZZbidywsSZYbZS3GtsoAEfa9HNHjGspump,PND,filter_2,2026-04-11T06:08:08.609Z,1384,8.715e-06,8192,131072,pumpswap,G2GWEuB5ZA6p2qFxx4i4VViApW5P7aLrYJUv2vdgR5jm
2026-04-12T05:16:58.649Z,4CkWXDBNqfqBT5xCon4hrGU3mwqhQ3GSwdQQ1SDnpump,STC,filter_2,2026-04-12T03:49:56.288Z,87,4.702e-05,16384,524288,pumpswap,BfcxnfNQF3cbZmdKbTNvL1fLD4dEjGhXCG9r6JS6EqB4
2026-04-12T05:16:58.812Z,ApvxrH4oet42G4mgHZTtYZ9h2yMwhNZqs7Tqu1Ebpump,NIKUTA,filter_1,2026-04-12T03:23:38.029Z,113,5.587e-06,4096,131072,pumpswap,BLzb2UKri4YMnAeqc8VgWioAz8zN62LrcDsaJB3VcK22
2026-04-12T05:16:58.972Z,D6HZ5Se3X2wEWWYsHp8Ma3wh3yWwFSSdCAFjGC4spump,Cat,filter_4,2026-04-12T03:06:34.258Z,130,2.491e-05,16384,262144,pumpswap,5g91GWPaRMg4DdCUyds858fyAzhaiTVbi563jVKhqLuT
2026-04-12T05:16:59.137Z,7Y445U5CAiLL4icyyPDonXy7zvGGML2TGjyMmwpDpump,WLFI,filter_1,2026-04-12T02:03:35.233Z,193,3.084e-05,16384,131072,pumpswap,EjzyuTwozXjagMTqqN6hjNpEyW3Q7rX3avE2otRRS8hv
2026-04-12T05:16:59.297Z,BRKFJs1jxrYBKR5sxBiuxTTbyipNBmT6GWenb3c9pump,TRUMP47,filter_5,2026-04-12T00:39:59.430Z,277,1.753e-06,4096,524288,pumpswap,EgcA2ShdHZK4Sg7N6H7yGzTjxpTpunRrbzw231wLWeDh
2026-04-12T05:16:59.457Z,5xjSweEeRNTNHXpEiyp1XBUB2D3MMYCuU8khzgiZpump,FUDGE,filter_2,2026-04-12T00:02:34.174Z,314,2.173e-05,8192,32768,pumpswap,GXBAKvHDgXXwxWWGWmrepfpXstnghwVGEqBmAq2EQgQZ
2026-04-12T05:16:59.641Z,AQiYy4igZ6jeUS5nbTymwLaQfnEg5BAjjZsP1EZkEjBU,Dolores,filter_1,2026-04-11T23:52:34.399Z,324,2.624e-06,4096,65536,pumpswap,9MiNdc2ywiYUm2nr2KTGo8UCmjk3TdKLCZ2B4aAtZ9hq
2026-04-12T05:16:59.804Z,yLT7rHdaNkfnqfg5pxXxCTrx1Rsnagod16DnpKBpump,Nilly,filter_1,2026-04-11T23:45:34.391Z,331,2.999e-06,4096,131072,pumpswap,8vjkK4SAhZ6zkX7gox9DQEmpX7MbiKsp2gRjD4dAS21V
2026-04-12T05:16:59.963Z,9oVRwbx3Ray9bK7CKhqwfqY5NaWYjG3xj1DNYg2mpump,brainlet,filter_2,2026-04-11T22:44:55.606Z,392,1.827e-06,4096,524288,pumpswap,2PW331e9D7pmdELA1m1Uyq6pnEuj5BWB8m7dcBGgJ5xo
2026-04-12T05:17:00.126Z,9XhhPHKnvSd9R8Ygr8kHR6n8YNYd7SMzRHHPFeb2pump,doomer,filter_1,2026-04-11T22:10:33.845Z,426,1.718e-06,4096,262144,pumpswap,DqTPbpJo2UfNFy2v4dHjMoFg9S2wid1RZuF8qfwcJrHx
2026-04-12T05:17:00.319Z,2wwDzQLc3pwgcHrkCadio4Hn3bzYyCptRAewJAEXdoge,MARKC,filter_1,2026-04-11T21:57:35.843Z,439,3.177e-06,4096,65536,meteora,2rVNWK9fRajakX19wtrfJKGE3xNWeubnV5VpYxETUvPX
2026-04-12T05:17:00.481Z,NicGVyEGbJhn52gBtqWM18zKGzRSe9js98AZnRwY8eS,NEGRON,filter_2,2026-04-11T21:33:59.338Z,463,2.371e-07,65536,4194304,raydium,2rXfTt3Xh699TtAUruiz6Vs7vdTrsn55bEm2FKt9y8yE
2026-04-12T05:21:58.644Z,BvHneYfnCYjfZE52iUhK4bqkcqJjYjMQUJb5FPhCpump,ALONSHOUSE,filter_2,2026-04-12T03:51:56.774Z,90,0.0001505,32768,1048576,pumpswap,6KuCNvUu9NsgTFyo1vQGfeFqsoKq7Jq19LhZeQwtMMVr
2026-04-12T05:21:58.804Z,7cFndW3LZJr5hdT138meuoqQRDR6HYqATxKj2CwPpump,AgentCRM,filter_1,2026-04-12T03:39:36.524Z,102,3.762e-05,16384,262144,pumpswap,9UmjwMC9BVfdCYNaa9xCJwWkJjufeVbQg8xcSqMsSSM5
2026-04-12T05:21:58.990Z,9AEtb967xTMosjp9XFhvHLhscPNYgDWc15jFAZR8pump,RƎ́V,filter_1,2026-04-12T02:44:33.253Z,157,0.0001495,32768,16384,pumpswap,EMm9RL2tHvUvygLCu9WkUMBgnu29K2kePzUuWhiSjdMU
2026-04-12T05:21:59.182Z,Hy58kFcGQuZ9qqbiJL5Ka8FPPmqfU6w4zSqNAyzbpump,Zoomer,filter_5,2026-04-12T02:21:55.989Z,180,3.038e-05,16384,524288,pumpswap,EvDD7gjtfLETpF8m8boLppTCHosWoyoy43AKSttyRia9
2026-04-12T05:21:59.344Z,AdD5EMoGMDiGXcgepXQXneB4fEZuS1QvKqDrN876pump,CRAFT,filter_1,2026-04-12T02:18:34.482Z,183,2.007e-05,8192,65536,pumpswap,Fq6wzHyzh8YXvGS7EYBSNPLs7cr3WSLBw4WCpp5Bbk9n
2026-04-12T05:21:59.505Z,8yeUyEaxBkBgcG5i22zR6JiLmVPbA3p6FUBHjFLFpump,MOG,filter_1,2026-04-12T00:53:40.689Z,268,2.769e-06,4096,262144,pumpswap,8jL5pBxjqyhXzGwYDYZhvdifvuSiP7KWzU8ZCGgssRzk
2026-04-12T05:21:59.667Z,VXnX59zHN7j8FrA971nJij7q2RvPSPa3TioV236pump,COG,filter_1,2026-04-11T23:57:38.153Z,324,4.332e-06,4096,262144,pumpswap,DsEyaDvzkJHPnSwDU251c5pCP1V466nMpwh8KQzEeUuU
2026-04-12T05:21:59.853Z,3SNNxUYmrXUc1mQbtV2NGQTuGKVji4y3MWhyESTypump,CASSIE,filter_4,2026-04-11T23:18:36.635Z,363,3.214e-05,16384,131072,pumpswap,B6nQAKbBTm8xTFHBs4xGUqMJJu6JF5mBcmpEv8MPEQ1i
2026-04-12T05:22:00.023Z,6TRyMNFbS6y444mDECfaENQrVnvZP4XzMr2fa6f8pump,Trump,filter_6,2026-04-11T21:07:35.070Z,494,2.027e-06,4096,1048576,pumpswap,BJLaR38FZ2accuRrABzAWdiMeZ8mF3Ky5tL6q853bgBh
2026-04-12T05:22:00.185Z,EamB9vqC1b4aoyPR6t3hn6CWf48yny84xzCuFJMbpump,Peepa,filter_1,2026-04-11T20:47:42.794Z,514,9.342e-05,32768,1048576,pumpswap,BoB3Dvi5eLGFr86BexBPNY2ZXwMNjWhx3FVCep3X2Vj6
2026-04-12T05:22:00.345Z,AQGaTfXDcvinz6DuxfZEKKFp7hmiWDLis4FtK3chpump,Ivunka,filter_3,2026-04-11T20:41:43.544Z,520,2.862e-06,4096,524288,pumpswap,AHBtpXJ7csokwSXddEDxPFYHcA515g234kXTBMhAVRxe
2026-04-12T05:22:00.555Z,BfZ27pSjL3L8Abm8VuRs5MLjjP21Xv5tUL81Rkyepump,WID,filter_4,2026-04-11T20:41:42.289Z,520,1.197e-05,8192,16384,pumpswap,4zmdmfGwoNb2mfF9PJq2N7x38qpQMwBMphD3HMDx6dak
2026-04-12T05:22:00.717Z,EgiJdQ8dbQHWu1uKS6cQBPaF2sK3a7WFpkjHEgdDpump,Dodger,filter_3,2026-04-11T19:29:11.694Z,593,2.32e-05,16384,1048576,pumpswap,7yrRRCzf429YQ1xQgdZZMy5KQ5jtkkDC7gUZWyPerhXr
2026-04-12T05:22:00.879Z,7bfbBZXpMYbNjhZ6eQ8Ch8VFAbgcz4WsrY7JtQKcpump,BOATGUY,filter_1,2026-04-11T19:27:26.855Z,595,4.629e-06,4096,262144,pumpswap,6gALa6BfE8ce8pLYaEFsTkCtxozfbuBR5bMVK3nKeFD4
2026-04-12T05:22:01.065Z,4juv1Wq63My7Bc7rznMZTyuD4aQfRSZGW9uKqFXSpump,Asset,filter_1,2026-04-11T19:27:24.857Z,595,4.687e-06,4096,16384,pumpswap,6g8ZTMKCKvSsVX92g4SKoBESXgrDL2cR1WLg8i7GZPV9
2026-04-12T05:22:01.227Z,Aq6XmZSohMJeRGU9WswbyQo9paEcKrTEs3xdfDFtpump,Lia,filter_1,2026-04-11T19:25:27.104Z,597,1.917e-06,4096,524288,pumpswap,BsFk4E3Hm12Mg27XmBoDPuk27WAC78BPfN98AHHpDPcM
2026-04-12T05:22:01.388Z,AUZnnRTdybeMiHrxfueNyBgLHnu4H39kngUh84WMpump,MELANIA,filter_3,2026-04-11T19:24:02.559Z,598,0.0007343,65536,1048576,pumpswap,DM9Xj9x8A8SEinJdoz4SJH2vdhBdPGSZmhL7DxBgwbBy
2026-04-12T05:22:01.550Z,56MEDV2H1M7DkaikaSg5vpibaSyWhgspCxgPwQJhpump,DNIGGA,filter_1,2026-04-11T19:22:24.852Z,600,2.105e-06,4096,65536,pumpswap,CAhVRREzXYHDvtu6iwACsei9vhv6mexsGm9hpkeVP1Kj
2026-04-12T05:22:01.712Z,A2Px3FMumMJ7W67VEp9ahFXueEyf9aHpei4TTJ5mpump,BABY,filter_3,2026-04-11T19:14:43.120Z,607,5.42e-06,8192,1048576,pumpswap,53UgNjZDC6mXsEDTowHLmKi2Y6jzjH2Ee3ybac7jEQRQ
2026-04-12T05:22:01.907Z,wutj1cNsMWyeu9ub61knDRCwU37aVvYuCBn8ZLPj7JL,ZHONEY,filter_1,2026-04-11T19:04:35.959Z,617,1.024e-05,8192,65536,pumpswap,CtYpMFyZqcJL7mPbDQU9o88g9QpkbzEFSC81J9FzFbF8
2026-04-12T05:22:02.112Z,4oFZFm3s8VKeCnwM2G5X5mZrsPivDyzCLvDYZmVipump,ClawFC,filter_1,2026-04-11T19:00:33.206Z,621,1.46e-05,8192,131072,pumpswap,BnbuPvQe2TNdhS7CSdsCGS1WY7FYu2kZti9adrqkqpZh
2026-04-12T05:22:02.273Z,5rniCpoweGXgsLZZDohw3fZA5yuXgt87df6GHAxWpump,MOTHER,filter_1,2026-04-11T18:17:31.505Z,664,5.494e-06,4096,65536,pumpswap,7dzsEYbuQoK1LLAiae7riygcwphP7BTbK6r7Vv94p28M
2026-04-12T05:22:02.435Z,3i8RByhvAaSWh2VSoVieAPzzmc4DpZC9WHVSsDzBpump,FOOLHOUSE,filter_2,2026-04-11T13:59:09.655Z,923,1.689e-06,4096,524288,pumpswap,G8AJyLtb85QyMbaXZe4k5DdTfLPTD8dEX9xDn2fKqQZD
2026-04-12T05:22:02.596Z,AutFvM5QZqtvjK2SrR8iLwvDEQ7ePnL14Rv7GPFvpump,TripleC,filter_2,2026-04-11T13:57:07.657Z,925,7.611e-06,8192,524288,pumpswap,Cvk9vLXa9wiqWTxb7q5EP3jdPow5ZBrdn1MLRmergW3v
2026-04-12T05:22:02.757Z,Dj2JhqEaKgPDo9se3A1dtSBVV1FFCxAfFa9SBBWmpump,GoldDancer,filter_2,2026-04-11T13:01:12.368Z,981,3.796e-05,16384,524288,pumpswap,9hovxHG2vADjGPe7S6agGTx5o72kgojobbpC5UVzLdt5
2026-04-12T05:22:02.918Z,ACtfUWtgvaXrQGNMiohTusi5jcx5RJf5zwu9aAxkpump,unc,filter_2,2026-04-11T11:21:14.804Z,1081,0.0006811,65536,2097152,pumpswap,BWFZkx1pMpvwxammwTrizvoWzZZGiFEYUYW6Ee51SHLy
2026-04-12T05:22:03.080Z,51bywes8qqftjWhEZJZ3GvCM2ogximFejkKqa9kMpump,Marina,filter_2,2026-04-11T10:45:10.038Z,1117,6.812e-05,16384,524288,pumpswap,ChmxH4uiGja7C2ht4KurCwXP8LLgtUgibFL1RwLNqeSG
2026-04-12T05:22:03.241Z,22a4gJyiBTjWsTaFAHiHoQTmXsptDy3iBHeqKQADpump,WLFI,filter_2,2026-04-11T08:08:14.642Z,1274,8.599e-05,32768,1048576,pumpswap,8JUXPRDDfRbDTN9fsQg1fLKw3u7DM9Cesodu1pcp6WA5
2026-04-12T05:22:03.401Z,J1iyLMzrc4G4WgDVmm33bes1Xwzd1mTcmvP8gubMpump,5,filter_2,2026-04-11T07:45:06.637Z,1297,1.835e-06,4096,524288,pumpswap,1HojmJ4JLUiwXz5PxPMAyvaWvk5WZSHGFm1SyQZHTQ2
2026-04-12T05:22:03.562Z,EQUU2gdzvmabX36rCxKSRSNJKtAedRHEiP8pikC8pump,emi,filter_2,2026-04-11T06:50:09.612Z,1352,6.478e-05,16384,1048576,pumpswap,A1eSqj58a8SWLfY9ecCZcfaWSgjYvEHXimiyoKHWG2qn
2026-04-12T05:22:03.724Z,5NmLAtsnwiZZbidywsSZYbZS3GtsoAEfa9HNHjGspump,PND,filter_2,2026-04-11T06:08:08.609Z,1394,8.354e-06,8192,131072,pumpswap,G2GWEuB5ZA6p2qFxx4i4VViApW5P7aLrYJUv2vdgR5jm
2026-04-12T05:26:58.649Z,4CkWXDBNqfqBT5xCon4hrGU3mwqhQ3GSwdQQ1SDnpump,STC,filter_2,2026-04-12T03:49:56.288Z,97,3.311e-05,16384,524288,pumpswap,BfcxnfNQF3cbZmdKbTNvL1fLD4dEjGhXCG9r6JS6EqB4
2026-04-12T05:26:58.837Z,ApvxrH4oet42G4mgHZTtYZ9h2yMwhNZqs7Tqu1Ebpump,NIKUTA,filter_1,2026-04-12T03:23:38.029Z,123,6.119e-06,8192,131072,pumpswap,BLzb2UKri4YMnAeqc8VgWioAz8zN62LrcDsaJB3VcK22
2026-04-12T05:26:58.996Z,D6HZ5Se3X2wEWWYsHp8Ma3wh3yWwFSSdCAFjGC4spump,Cat,filter_4,2026-04-12T03:06:34.258Z,140,2.488e-05,16384,262144,pumpswap,5g91GWPaRMg4DdCUyds858fyAzhaiTVbi563jVKhqLuT
2026-04-12T05:26:59.156Z,7Y445U5CAiLL4icyyPDonXy7zvGGML2TGjyMmwpDpump,WLFI,filter_1,2026-04-12T02:03:35.233Z,203,2.779e-05,16384,131072,pumpswap,EjzyuTwozXjagMTqqN6hjNpEyW3Q7rX3avE2otRRS8hv
2026-04-12T05:26:59.316Z,BRKFJs1jxrYBKR5sxBiuxTTbyipNBmT6GWenb3c9pump,TRUMP47,filter_5,2026-04-12T00:39:59.430Z,287,1.639e-06,4096,524288,pumpswap,EgcA2ShdHZK4Sg7N6H7yGzTjxpTpunRrbzw231wLWeDh
2026-04-12T05:26:59.476Z,5xjSweEeRNTNHXpEiyp1XBUB2D3MMYCuU8khzgiZpump,FUDGE,filter_2,2026-04-12T00:02:34.174Z,324,2.164e-05,8192,32768,pumpswap,GXBAKvHDgXXwxWWGWmrepfpXstnghwVGEqBmAq2EQgQZ
2026-04-12T05:26:59.633Z,AQiYy4igZ6jeUS5nbTymwLaQfnEg5BAjjZsP1EZkEjBU,Dolores,filter_1,2026-04-11T23:52:34.399Z,334,2.832e-06,4096,65536,pumpswap,9MiNdc2ywiYUm2nr2KTGo8UCmjk3TdKLCZ2B4aAtZ9hq
2026-04-12T05:26:59.793Z,yLT7rHdaNkfnqfg5pxXxCTrx1Rsnagod16DnpKBpump,Nilly,filter_1,2026-04-11T23:45:34.391Z,341,2.999e-06,4096,131072,pumpswap,8vjkK4SAhZ6zkX7gox9DQEmpX7MbiKsp2gRjD4dAS21V
2026-04-12T05:26:59.952Z,9oVRwbx3Ray9bK7CKhqwfqY5NaWYjG3xj1DNYg2mpump,brainlet,filter_2,2026-04-11T22:44:55.606Z,402,1.83e-06,4096,524288,pumpswap,2PW331e9D7pmdELA1m1Uyq6pnEuj5BWB8m7dcBGgJ5xo
2026-04-12T05:27:00.111Z,9XhhPHKnvSd9R8Ygr8kHR6n8YNYd7SMzRHHPFeb2pump,doomer,filter_1,2026-04-11T22:10:33.845Z,436,1.71e-06,4096,262144,pumpswap,DqTPbpJo2UfNFy2v4dHjMoFg9S2wid1RZuF8qfwcJrHx
2026-04-12T05:27:00.271Z,2wwDzQLc3pwgcHrkCadio4Hn3bzYyCptRAewJAEXdoge,MARKC,filter_1,2026-04-11T21:57:35.843Z,449,3.067e-06,4096,65536,meteora,2rVNWK9fRajakX19wtrfJKGE3xNWeubnV5VpYxETUvPX
2026-04-12T05:27:00.462Z,NicGVyEGbJhn52gBtqWM18zKGzRSe9js98AZnRwY8eS,NEGRON,filter_2,2026-04-11T21:33:59.338Z,473,2.366e-07,65536,4194304,raydium,2rXfTt3Xh699TtAUruiz6Vs7vdTrsn55bEm2FKt9y8yE
2026-04-12T05:31:58.665Z,BvHneYfnCYjfZE52iUhK4bqkcqJjYjMQUJb5FPhCpump,ALONSHOUSE,filter_2,2026-04-12T03:51:56.774Z,100,0.0001472,32768,1048576,pumpswap,6KuCNvUu9NsgTFyo1vQGfeFqsoKq7Jq19LhZeQwtMMVr
2026-04-12T05:31:58.827Z,7cFndW3LZJr5hdT138meuoqQRDR6HYqATxKj2CwPpump,AgentCRM,filter_1,2026-04-12T03:39:36.524Z,112,4.174e-05,16384,262144,pumpswap,9UmjwMC9BVfdCYNaa9xCJwWkJjufeVbQg8xcSqMsSSM5
2026-04-12T05:31:59.009Z,9AEtb967xTMosjp9XFhvHLhscPNYgDWc15jFAZR8pump,RƎ́V,filter_1,2026-04-12T02:44:33.253Z,167,0.0001495,32768,16384,pumpswap,EMm9RL2tHvUvygLCu9WkUMBgnu29K2kePzUuWhiSjdMU
2026-04-12T05:31:59.170Z,Hy58kFcGQuZ9qqbiJL5Ka8FPPmqfU6w4zSqNAyzbpump,Zoomer,filter_5,2026-04-12T02:21:55.989Z,190,3.437e-05,16384,524288,pumpswap,EvDD7gjtfLETpF8m8boLppTCHosWoyoy43AKSttyRia9
2026-04-12T05:31:59.364Z,AdD5EMoGMDiGXcgepXQXneB4fEZuS1QvKqDrN876pump,CRAFT,filter_1,2026-04-12T02:18:34.482Z,193,1.972e-05,8192,65536,pumpswap,Fq6wzHyzh8YXvGS7EYBSNPLs7cr3WSLBw4WCpp5Bbk9n
2026-04-12T05:31:59.547Z,8yeUyEaxBkBgcG5i22zR6JiLmVPbA3p6FUBHjFLFpump,MOG,filter_1,2026-04-12T00:53:40.689Z,278,2.774e-06,4096,262144,pumpswap,8jL5pBxjqyhXzGwYDYZhvdifvuSiP7KWzU8ZCGgssRzk
2026-04-12T05:31:59.745Z,VXnX59zHN7j8FrA971nJij7q2RvPSPa3TioV236pump,COG,filter_1,2026-04-11T23:57:38.153Z,334,4.332e-06,4096,262144,pumpswap,DsEyaDvzkJHPnSwDU251c5pCP1V466nMpwh8KQzEeUuU
2026-04-12T05:31:59.938Z,3SNNxUYmrXUc1mQbtV2NGQTuGKVji4y3MWhyESTypump,CASSIE,filter_4,2026-04-11T23:18:36.635Z,373,3.247e-05,16384,131072,pumpswap,B6nQAKbBTm8xTFHBs4xGUqMJJu6JF5mBcmpEv8MPEQ1i
2026-04-12T05:32:00.098Z,6TRyMNFbS6y444mDECfaENQrVnvZP4XzMr2fa6f8pump,Trump,filter_6,2026-04-11T21:07:35.070Z,504,2.027e-06,4096,1048576,pumpswap,BJLaR38FZ2accuRrABzAWdiMeZ8mF3Ky5tL6q853bgBh
2026-04-12T05:32:00.265Z,EamB9vqC1b4aoyPR6t3hn6CWf48yny84xzCuFJMbpump,Peepa,filter_1,2026-04-11T20:47:42.794Z,524,9.136e-05,32768,1048576,pumpswap,BoB3Dvi5eLGFr86BexBPNY2ZXwMNjWhx3FVCep3X2Vj6
2026-04-12T05:32:00.426Z,AQGaTfXDcvinz6DuxfZEKKFp7hmiWDLis4FtK3chpump,Ivunka,filter_3,2026-04-11T20:41:43.544Z,530,2.862e-06,4096,524288,pumpswap,AHBtpXJ7csokwSXddEDxPFYHcA515g234kXTBMhAVRxe
2026-04-12T05:32:00.613Z,BfZ27pSjL3L8Abm8VuRs5MLjjP21Xv5tUL81Rkyepump,WID,filter_4,2026-04-11T20:41:42.289Z,530,1.195e-05,8192,16384,pumpswap,4zmdmfGwoNb2mfF9PJq2N7x38qpQMwBMphD3HMDx6dak
2026-04-12T05:32:00.803Z,EgiJdQ8dbQHWu1uKS6cQBPaF2sK3a7WFpkjHEgdDpump,Dodger,filter_3,2026-04-11T19:29:11.694Z,603,2.562e-05,16384,1048576,pumpswap,7yrRRCzf429YQ1xQgdZZMy5KQ5jtkkDC7gUZWyPerhXr
2026-04-12T05:32:00.964Z,7bfbBZXpMYbNjhZ6eQ8Ch8VFAbgcz4WsrY7JtQKcpump,BOATGUY,filter_1,2026-04-11T19:27:26.855Z,605,5.266e-06,4096,262144,pumpswap,6gALa6BfE8ce8pLYaEFsTkCtxozfbuBR5bMVK3nKeFD4
2026-04-12T05:32:01.156Z,4juv1Wq63My7Bc7rznMZTyuD4aQfRSZGW9uKqFXSpump,Asset,filter_1,2026-04-11T19:27:24.857Z,605,5.155e-06,8192,16384,pumpswap,6g8ZTMKCKvSsVX92g4SKoBESXgrDL2cR1WLg8i7GZPV9
2026-04-12T05:32:01.340Z,Aq6XmZSohMJeRGU9WswbyQo9paEcKrTEs3xdfDFtpump,Lia,filter_1,2026-04-11T19:25:27.104Z,607,1.917e-06,4096,524288,pumpswap,BsFk4E3Hm12Mg27XmBoDPuk27WAC78BPfN98AHHpDPcM
2026-04-12T05:32:01.524Z,AUZnnRTdybeMiHrxfueNyBgLHnu4H39kngUh84WMpump,MELANIA,filter_3,2026-04-11T19:24:02.559Z,608,0.0007775,65536,1048576,pumpswap,DM9Xj9x8A8SEinJdoz4SJH2vdhBdPGSZmhL7DxBgwbBy
2026-04-12T05:32:01.685Z,56MEDV2H1M7DkaikaSg5vpibaSyWhgspCxgPwQJhpump,DNIGGA,filter_1,2026-04-11T19:22:24.852Z,610,2.105e-06,4096,65536,pumpswap,CAhVRREzXYHDvtu6iwACsei9vhv6mexsGm9hpkeVP1Kj
2026-04-12T05:32:01.881Z,A2Px3FMumMJ7W67VEp9ahFXueEyf9aHpei4TTJ5mpump,BABY,filter_3,2026-04-11T19:14:43.120Z,617,5.943e-06,8192,1048576,pumpswap,53UgNjZDC6mXsEDTowHLmKi2Y6jzjH2Ee3ybac7jEQRQ
2026-04-12T05:32:02.042Z,wutj1cNsMWyeu9ub61knDRCwU37aVvYuCBn8ZLPj7JL,ZHONEY,filter_1,2026-04-11T19:04:35.959Z,627,1.024e-05,8192,65536,pumpswap,CtYpMFyZqcJL7mPbDQU9o88g9QpkbzEFSC81J9FzFbF8
2026-04-12T05:32:02.203Z,4oFZFm3s8VKeCnwM2G5X5mZrsPivDyzCLvDYZmVipump,ClawFC,filter_1,2026-04-11T19:00:33.206Z,631,1.318e-05,8192,131072,pumpswap,BnbuPvQe2TNdhS7CSdsCGS1WY7FYu2kZti9adrqkqpZh
2026-04-12T05:32:02.387Z,5rniCpoweGXgsLZZDohw3fZA5yuXgt87df6GHAxWpump,MOTHER,filter_1,2026-04-11T18:17:31.505Z,674,4.918e-06,4096,65536,pumpswap,7dzsEYbuQoK1LLAiae7riygcwphP7BTbK6r7Vv94p28M
2026-04-12T05:32:02.577Z,3i8RByhvAaSWh2VSoVieAPzzmc4DpZC9WHVSsDzBpump,FOOLHOUSE,filter_2,2026-04-11T13:59:09.655Z,933,1.689e-06,4096,524288,pumpswap,G8AJyLtb85QyMbaXZe4k5DdTfLPTD8dEX9xDn2fKqQZD
2026-04-12T05:32:02.763Z,AutFvM5QZqtvjK2SrR8iLwvDEQ7ePnL14Rv7GPFvpump,TripleC,filter_2,2026-04-11T13:57:07.657Z,935,7.424e-06,8192,524288,pumpswap,Cvk9vLXa9wiqWTxb7q5EP3jdPow5ZBrdn1MLRmergW3v
2026-04-12T05:32:02.923Z,Dj2JhqEaKgPDo9se3A1dtSBVV1FFCxAfFa9SBBWmpump,GoldDancer,filter_2,2026-04-11T13:01:12.368Z,991,3.855e-05,16384,524288,pumpswap,9hovxHG2vADjGPe7S6agGTx5o72kgojobbpC5UVzLdt5
2026-04-12T05:32:03.084Z,ACtfUWtgvaXrQGNMiohTusi5jcx5RJf5zwu9aAxkpump,unc,filter_2,2026-04-11T11:21:14.804Z,1091,0.0006389,65536,2097152,pumpswap,BWFZkx1pMpvwxammwTrizvoWzZZGiFEYUYW6Ee51SHLy
2026-04-12T05:32:03.245Z,51bywes8qqftjWhEZJZ3GvCM2ogximFejkKqa9kMpump,Marina,filter_2,2026-04-11T10:45:10.038Z,1127,6.292e-05,16384,524288,pumpswap,ChmxH4uiGja7C2ht4KurCwXP8LLgtUgibFL1RwLNqeSG
2026-04-12T05:32:03.433Z,22a4gJyiBTjWsTaFAHiHoQTmXsptDy3iBHeqKQADpump,WLFI,filter_2,2026-04-11T08:08:14.642Z,1284,8.158e-05,32768,1048576,pumpswap,8JUXPRDDfRbDTN9fsQg1fLKw3u7DM9Cesodu1pcp6WA5
2026-04-12T05:32:03.614Z,J1iyLMzrc4G4WgDVmm33bes1Xwzd1mTcmvP8gubMpump,5,filter_2,2026-04-11T07:45:06.637Z,1307,1.839e-06,4096,524288,pumpswap,1HojmJ4JLUiwXz5PxPMAyvaWvk5WZSHGFm1SyQZHTQ2
2026-04-12T05:32:03.775Z,EQUU2gdzvmabX36rCxKSRSNJKtAedRHEiP8pikC8pump,emi,filter_2,2026-04-11T06:50:09.612Z,1362,6.136e-05,16384,1048576,pumpswap,A1eSqj58a8SWLfY9ecCZcfaWSgjYvEHXimiyoKHWG2qn
2026-04-12T05:32:03.968Z,5NmLAtsnwiZZbidywsSZYbZS3GtsoAEfa9HNHjGspump,PND,filter_2,2026-04-11T06:08:08.609Z,1404,8.37e-06,8192,131072,pumpswap,G2GWEuB5ZA6p2qFxx4i4VViApW5P7aLrYJUv2vdgR5jm
2026-04-12T05:36:58.655Z,4CkWXDBNqfqBT5xCon4hrGU3mwqhQ3GSwdQQ1SDnpump,STC,filter_2,2026-04-12T03:49:56.288Z,107,2.255e-05,16384,524288,pumpswap,BfcxnfNQF3cbZmdKbTNvL1fLD4dEjGhXCG9r6JS6EqB4
2026-04-12T05:36:58.844Z,ApvxrH4oet42G4mgHZTtYZ9h2yMwhNZqs7Tqu1Ebpump,NIKUTA,filter_1,2026-04-12T03:23:38.029Z,133,5.837e-06,8192,131072,pumpswap,BLzb2UKri4YMnAeqc8VgWioAz8zN62LrcDsaJB3VcK22
2026-04-12T05:36:59.006Z,D6HZ5Se3X2wEWWYsHp8Ma3wh3yWwFSSdCAFjGC4spump,Cat,filter_4,2026-04-12T03:06:34.258Z,150,2.531e-05,16384,262144,pumpswap,5g91GWPaRMg4DdCUyds858fyAzhaiTVbi563jVKhqLuT
2026-04-12T05:36:59.167Z,7Y445U5CAiLL4icyyPDonXy7zvGGML2TGjyMmwpDpump,WLFI,filter_1,2026-04-12T02:03:35.233Z,213,2.595e-05,16384,131072,pumpswap,EjzyuTwozXjagMTqqN6hjNpEyW3Q7rX3avE2otRRS8hv
2026-04-12T05:36:59.353Z,BRKFJs1jxrYBKR5sxBiuxTTbyipNBmT6GWenb3c9pump,TRUMP47,filter_5,2026-04-12T00:39:59.430Z,297,1.639e-06,4096,524288,pumpswap,EgcA2ShdHZK4Sg7N6H7yGzTjxpTpunRrbzw231wLWeDh
2026-04-12T05:36:59.515Z,5xjSweEeRNTNHXpEiyp1XBUB2D3MMYCuU8khzgiZpump,FUDGE,filter_2,2026-04-12T00:02:34.174Z,334,2.133e-05,8192,32768,pumpswap,GXBAKvHDgXXwxWWGWmrepfpXstnghwVGEqBmAq2EQgQZ
2026-04-12T05:36:59.677Z,AQiYy4igZ6jeUS5nbTymwLaQfnEg5BAjjZsP1EZkEjBU,Dolores,filter_1,2026-04-11T23:52:34.399Z,344,3.08e-06,4096,65536,pumpswap,9MiNdc2ywiYUm2nr2KTGo8UCmjk3TdKLCZ2B4aAtZ9hq
2026-04-12T05:36:59.839Z,yLT7rHdaNkfnqfg5pxXxCTrx1Rsnagod16DnpKBpump,Nilly,filter_1,2026-04-11T23:45:34.391Z,351,2.999e-06,4096,131072,pumpswap,8vjkK4SAhZ6zkX7gox9DQEmpX7MbiKsp2gRjD4dAS21V
2026-04-12T05:37:00.002Z,9oVRwbx3Ray9bK7CKhqwfqY5NaWYjG3xj1DNYg2mpump,brainlet,filter_2,2026-04-11T22:44:55.606Z,412,1.86e-06,4096,524288,pumpswap,2PW331e9D7pmdELA1m1Uyq6pnEuj5BWB8m7dcBGgJ5xo
2026-04-12T05:37:00.169Z,9XhhPHKnvSd9R8Ygr8kHR6n8YNYd7SMzRHHPFeb2pump,doomer,filter_1,2026-04-11T22:10:33.845Z,446,1.71e-06,4096,262144,pumpswap,DqTPbpJo2UfNFy2v4dHjMoFg9S2wid1RZuF8qfwcJrHx
2026-04-12T05:37:00.332Z,2wwDzQLc3pwgcHrkCadio4Hn3bzYyCptRAewJAEXdoge,MARKC,filter_1,2026-04-11T21:57:35.843Z,459,3.067e-06,4096,65536,meteora,2rVNWK9fRajakX19wtrfJKGE3xNWeubnV5VpYxETUvPX
2026-04-12T05:37:00.494Z,NicGVyEGbJhn52gBtqWM18zKGzRSe9js98AZnRwY8eS,NEGRON,filter_2,2026-04-11T21:33:59.338Z,483,2.358e-07,65536,4194304,raydium,2rXfTt3Xh699TtAUruiz6Vs7vdTrsn55bEm2FKt9y8yE
2026-04-12T05:41:58.651Z,BvHneYfnCYjfZE52iUhK4bqkcqJjYjMQUJb5FPhCpump,ALONSHOUSE,filter_2,2026-04-12T03:51:56.774Z,110,0.0001539,32768,1048576,pumpswap,6KuCNvUu9NsgTFyo1vQGfeFqsoKq7Jq19LhZeQwtMMVr
2026-04-12T05:41:58.813Z,7cFndW3LZJr5hdT138meuoqQRDR6HYqATxKj2CwPpump,AgentCRM,filter_1,2026-04-12T03:39:36.524Z,122,5.628e-05,16384,262144,pumpswap,9UmjwMC9BVfdCYNaa9xCJwWkJjufeVbQg8xcSqMsSSM5
2026-04-12T05:41:58.973Z,9AEtb967xTMosjp9XFhvHLhscPNYgDWc15jFAZR8pump,RƎ́V,filter_1,2026-04-12T02:44:33.253Z,177,0.0001495,32768,16384,pumpswap,EMm9RL2tHvUvygLCu9WkUMBgnu29K2kePzUuWhiSjdMU
2026-04-12T05:41:59.135Z,Hy58kFcGQuZ9qqbiJL5Ka8FPPmqfU6w4zSqNAyzbpump,Zoomer,filter_5,2026-04-12T02:21:55.989Z,200,3.033e-05,16384,524288,pumpswap,EvDD7gjtfLETpF8m8boLppTCHosWoyoy43AKSttyRia9
2026-04-12T05:41:59.297Z,AdD5EMoGMDiGXcgepXQXneB4fEZuS1QvKqDrN876pump,CRAFT,filter_1,2026-04-12T02:18:34.482Z,203,2.115e-05,8192,65536,pumpswap,Fq6wzHyzh8YXvGS7EYBSNPLs7cr3WSLBw4WCpp5Bbk9n
2026-04-12T05:41:59.460Z,8yeUyEaxBkBgcG5i22zR6JiLmVPbA3p6FUBHjFLFpump,MOG,filter_1,2026-04-12T00:53:40.689Z,288,2.752e-06,4096,262144,pumpswap,8jL5pBxjqyhXzGwYDYZhvdifvuSiP7KWzU8ZCGgssRzk
2026-04-12T05:41:59.643Z,VXnX59zHN7j8FrA971nJij7q2RvPSPa3TioV236pump,COG,filter_1,2026-04-11T23:57:38.153Z,344,3.964e-06,4096,262144,pumpswap,DsEyaDvzkJHPnSwDU251c5pCP1V466nMpwh8KQzEeUuU
2026-04-12T05:41:59.843Z,3SNNxUYmrXUc1mQbtV2NGQTuGKVji4y3MWhyESTypump,CASSIE,filter_4,2026-04-11T23:18:36.635Z,383,3.21e-05,16384,131072,pumpswap,B6nQAKbBTm8xTFHBs4xGUqMJJu6JF5mBcmpEv8MPEQ1i
2026-04-12T05:42:00.014Z,6TRyMNFbS6y444mDECfaENQrVnvZP4XzMr2fa6f8pump,Trump,filter_6,2026-04-11T21:07:35.070Z,514,2.027e-06,4096,1048576,pumpswap,BJLaR38FZ2accuRrABzAWdiMeZ8mF3Ky5tL6q853bgBh
2026-04-12T05:42:00.176Z,EamB9vqC1b4aoyPR6t3hn6CWf48yny84xzCuFJMbpump,Peepa,filter_1,2026-04-11T20:47:42.794Z,534,9.049e-05,32768,1048576,pumpswap,BoB3Dvi5eLGFr86BexBPNY2ZXwMNjWhx3FVCep3X2Vj6
2026-04-12T05:42:00.337Z,AQGaTfXDcvinz6DuxfZEKKFp7hmiWDLis4FtK3chpump,Ivunka,filter_3,2026-04-11T20:41:43.544Z,540,2.862e-06,4096,524288,pumpswap,AHBtpXJ7csokwSXddEDxPFYHcA515g234kXTBMhAVRxe
2026-04-12T05:42:00.531Z,BfZ27pSjL3L8Abm8VuRs5MLjjP21Xv5tUL81Rkyepump,WID,filter_4,2026-04-11T20:41:42.289Z,540,1.195e-05,8192,16384,pumpswap,4zmdmfGwoNb2mfF9PJq2N7x38qpQMwBMphD3HMDx6dak
2026-04-12T05:42:00.694Z,EgiJdQ8dbQHWu1uKS6cQBPaF2sK3a7WFpkjHEgdDpump,Dodger,filter_3,2026-04-11T19:29:11.694Z,613,2.813e-05,16384,1048576,pumpswap,7yrRRCzf429YQ1xQgdZZMy5KQ5jtkkDC7gUZWyPerhXr
2026-04-12T05:42:00.854Z,7bfbBZXpMYbNjhZ6eQ8Ch8VFAbgcz4WsrY7JtQKcpump,BOATGUY,filter_1,2026-04-11T19:27:26.855Z,615,5.071e-06,4096,262144,pumpswap,6gALa6BfE8ce8pLYaEFsTkCtxozfbuBR5bMVK3nKeFD4
2026-04-12T05:42:01.047Z,4juv1Wq63My7Bc7rznMZTyuD4aQfRSZGW9uKqFXSpump,Asset,filter_1,2026-04-11T19:27:24.857Z,615,4.967e-06,8192,16384,pumpswap,6g8ZTMKCKvSsVX92g4SKoBESXgrDL2cR1WLg8i7GZPV9
2026-04-12T05:42:01.210Z,Aq6XmZSohMJeRGU9WswbyQo9paEcKrTEs3xdfDFtpump,Lia,filter_1,2026-04-11T19:25:27.104Z,617,1.917e-06,4096,524288,pumpswap,BsFk4E3Hm12Mg27XmBoDPuk27WAC78BPfN98AHHpDPcM
2026-04-12T05:42:01.376Z,AUZnnRTdybeMiHrxfueNyBgLHnu4H39kngUh84WMpump,MELANIA,filter_3,2026-04-11T19:24:02.559Z,618,0.000814,65536,1048576,pumpswap,DM9Xj9x8A8SEinJdoz4SJH2vdhBdPGSZmhL7DxBgwbBy
2026-04-12T05:42:01.540Z,56MEDV2H1M7DkaikaSg5vpibaSyWhgspCxgPwQJhpump,DNIGGA,filter_1,2026-04-11T19:22:24.852Z,620,2.105e-06,4096,65536,pumpswap,CAhVRREzXYHDvtu6iwACsei9vhv6mexsGm9hpkeVP1Kj
2026-04-12T05:42:01.703Z,A2Px3FMumMJ7W67VEp9ahFXueEyf9aHpei4TTJ5mpump,BABY,filter_3,2026-04-11T19:14:43.120Z,627,5.84e-06,8192,1048576,pumpswap,53UgNjZDC6mXsEDTowHLmKi2Y6jzjH2Ee3ybac7jEQRQ
2026-04-12T05:42:01.864Z,wutj1cNsMWyeu9ub61knDRCwU37aVvYuCBn8ZLPj7JL,ZHONEY,filter_1,2026-04-11T19:04:35.959Z,637,1.022e-05,8192,65536,pumpswap,CtYpMFyZqcJL7mPbDQU9o88g9QpkbzEFSC81J9FzFbF8
2026-04-12T05:42:02.027Z,4oFZFm3s8VKeCnwM2G5X5mZrsPivDyzCLvDYZmVipump,ClawFC,filter_1,2026-04-11T19:00:33.206Z,641,1.487e-05,8192,131072,pumpswap,BnbuPvQe2TNdhS7CSdsCGS1WY7FYu2kZti9adrqkqpZh
2026-04-12T05:42:02.187Z,5rniCpoweGXgsLZZDohw3fZA5yuXgt87df6GHAxWpump,MOTHER,filter_1,2026-04-11T18:17:31.505Z,684,4.918e-06,4096,65536,pumpswap,7dzsEYbuQoK1LLAiae7riygcwphP7BTbK6r7Vv94p28M
2026-04-12T05:42:02.347Z,3i8RByhvAaSWh2VSoVieAPzzmc4DpZC9WHVSsDzBpump,FOOLHOUSE,filter_2,2026-04-11T13:59:09.655Z,943,1.693e-06,4096,524288,pumpswap,G8AJyLtb85QyMbaXZe4k5DdTfLPTD8dEX9xDn2fKqQZD
2026-04-12T05:42:02.510Z,AutFvM5QZqtvjK2SrR8iLwvDEQ7ePnL14Rv7GPFvpump,TripleC,filter_2,2026-04-11T13:57:07.657Z,945,6.233e-06,8192,524288,pumpswap,Cvk9vLXa9wiqWTxb7q5EP3jdPow5ZBrdn1MLRmergW3v
2026-04-12T05:42:02.671Z,Dj2JhqEaKgPDo9se3A1dtSBVV1FFCxAfFa9SBBWmpump,GoldDancer,filter_2,2026-04-11T13:01:12.368Z,1001,4.242e-05,16384,524288,pumpswap,9hovxHG2vADjGPe7S6agGTx5o72kgojobbpC5UVzLdt5
2026-04-12T05:42:02.832Z,ACtfUWtgvaXrQGNMiohTusi5jcx5RJf5zwu9aAxkpump,unc,filter_2,2026-04-11T11:21:14.804Z,1101,0.0006043,65536,2097152,pumpswap,BWFZkx1pMpvwxammwTrizvoWzZZGiFEYUYW6Ee51SHLy
2026-04-12T05:42:02.994Z,51bywes8qqftjWhEZJZ3GvCM2ogximFejkKqa9kMpump,Marina,filter_2,2026-04-11T10:45:10.038Z,1137,5.993e-05,16384,524288,pumpswap,ChmxH4uiGja7C2ht4KurCwXP8LLgtUgibFL1RwLNqeSG
2026-04-12T05:42:03.156Z,22a4gJyiBTjWsTaFAHiHoQTmXsptDy3iBHeqKQADpump,WLFI,filter_2,2026-04-11T08:08:14.642Z,1294,7.666e-05,16384,524288,pumpswap,8JUXPRDDfRbDTN9fsQg1fLKw3u7DM9Cesodu1pcp6WA5
2026-04-12T05:42:03.340Z,J1iyLMzrc4G4WgDVmm33bes1Xwzd1mTcmvP8gubMpump,5,filter_2,2026-04-11T07:45:06.637Z,1317,1.839e-06,4096,524288,pumpswap,1HojmJ4JLUiwXz5PxPMAyvaWvk5WZSHGFm1SyQZHTQ2
2026-04-12T05:42:03.503Z,EQUU2gdzvmabX36rCxKSRSNJKtAedRHEiP8pikC8pump,emi,filter_2,2026-04-11T06:50:09.612Z,1372,5.859e-05,16384,1048576,pumpswap,A1eSqj58a8SWLfY9ecCZcfaWSgjYvEHXimiyoKHWG2qn
2026-04-12T05:42:03.698Z,5NmLAtsnwiZZbidywsSZYbZS3GtsoAEfa9HNHjGspump,PND,filter_2,2026-04-11T06:08:08.609Z,1414,8.648e-06,8192,131072,pumpswap,G2GWEuB5ZA6p2qFxx4i4VViApW5P7aLrYJUv2vdgR5jm
2026-04-12T05:46:58.650Z,4CkWXDBNqfqBT5xCon4hrGU3mwqhQ3GSwdQQ1SDnpump,STC,filter_2,2026-04-12T03:49:56.288Z,117,2.034e-05,8192,524288,pumpswap,BfcxnfNQF3cbZmdKbTNvL1fLD4dEjGhXCG9r6JS6EqB4
2026-04-12T05:46:58.807Z,ApvxrH4oet42G4mgHZTtYZ9h2yMwhNZqs7Tqu1Ebpump,NIKUTA,filter_1,2026-04-12T03:23:38.029Z,143,6.198e-06,8192,131072,pumpswap,BLzb2UKri4YMnAeqc8VgWioAz8zN62LrcDsaJB3VcK22
2026-04-12T05:46:58.985Z,D6HZ5Se3X2wEWWYsHp8Ma3wh3yWwFSSdCAFjGC4spump,Cat,filter_4,2026-04-12T03:06:34.258Z,160,2.371e-05,16384,262144,pumpswap,5g91GWPaRMg4DdCUyds858fyAzhaiTVbi563jVKhqLuT
2026-04-12T05:46:59.144Z,7Y445U5CAiLL4icyyPDonXy7zvGGML2TGjyMmwpDpump,WLFI,filter_1,2026-04-12T02:03:35.233Z,223,2.744e-05,16384,131072,pumpswap,EjzyuTwozXjagMTqqN6hjNpEyW3Q7rX3avE2otRRS8hv
2026-04-12T05:46:59.328Z,BRKFJs1jxrYBKR5sxBiuxTTbyipNBmT6GWenb3c9pump,TRUMP47,filter_5,2026-04-12T00:39:59.430Z,307,1.639e-06,4096,524288,pumpswap,EgcA2ShdHZK4Sg7N6H7yGzTjxpTpunRrbzw231wLWeDh
2026-04-12T05:46:59.487Z,5xjSweEeRNTNHXpEiyp1XBUB2D3MMYCuU8khzgiZpump,FUDGE,filter_2,2026-04-12T00:02:34.174Z,344,2.279e-05,8192,32768,pumpswap,GXBAKvHDgXXwxWWGWmrepfpXstnghwVGEqBmAq2EQgQZ
2026-04-12T05:46:59.671Z,AQiYy4igZ6jeUS5nbTymwLaQfnEg5BAjjZsP1EZkEjBU,Dolores,filter_1,2026-04-11T23:52:34.399Z,354,2.856e-06,4096,65536,pumpswap,9MiNdc2ywiYUm2nr2KTGo8UCmjk3TdKLCZ2B4aAtZ9hq
2026-04-12T05:46:59.830Z,yLT7rHdaNkfnqfg5pxXxCTrx1Rsnagod16DnpKBpump,Nilly,filter_1,2026-04-11T23:45:34.391Z,361,2.999e-06,4096,131072,pumpswap,8vjkK4SAhZ6zkX7gox9DQEmpX7MbiKsp2gRjD4dAS21V
2026-04-12T05:46:59.989Z,9oVRwbx3Ray9bK7CKhqwfqY5NaWYjG3xj1DNYg2mpump,brainlet,filter_2,2026-04-11T22:44:55.606Z,422,1.86e-06,4096,524288,pumpswap,2PW331e9D7pmdELA1m1Uyq6pnEuj5BWB8m7dcBGgJ5xo
2026-04-12T05:47:00.149Z,9XhhPHKnvSd9R8Ygr8kHR6n8YNYd7SMzRHHPFeb2pump,doomer,filter_1,2026-04-11T22:10:33.845Z,456,1.71e-06,4096,262144,pumpswap,DqTPbpJo2UfNFy2v4dHjMoFg9S2wid1RZuF8qfwcJrHx
2026-04-12T05:47:00.330Z,2wwDzQLc3pwgcHrkCadio4Hn3bzYyCptRAewJAEXdoge,MARKC,filter_1,2026-04-11T21:57:35.843Z,469,3.067e-06,4096,65536,meteora,2rVNWK9fRajakX19wtrfJKGE3xNWeubnV5VpYxETUvPX
2026-04-12T05:47:00.520Z,NicGVyEGbJhn52gBtqWM18zKGzRSe9js98AZnRwY8eS,NEGRON,filter_2,2026-04-11T21:33:59.338Z,493,2.36e-07,65536,4194304,raydium,2rXfTt3Xh699TtAUruiz6Vs7vdTrsn55bEm2FKt9y8yE
2026-04-12T05:51:58.660Z,BvHneYfnCYjfZE52iUhK4bqkcqJjYjMQUJb5FPhCpump,ALONSHOUSE,filter_2,2026-04-12T03:51:56.774Z,120,0.0001621,32768,1048576,pumpswap,6KuCNvUu9NsgTFyo1vQGfeFqsoKq7Jq19LhZeQwtMMVr
2026-04-12T05:51:58.821Z,7cFndW3LZJr5hdT138meuoqQRDR6HYqATxKj2CwPpump,AgentCRM,filter_1,2026-04-12T03:39:36.524Z,132,5.108e-05,16384,262144,pumpswap,9UmjwMC9BVfdCYNaa9xCJwWkJjufeVbQg8xcSqMsSSM5
2026-04-12T05:51:59.003Z,9AEtb967xTMosjp9XFhvHLhscPNYgDWc15jFAZR8pump,RƎ́V,filter_1,2026-04-12T02:44:33.253Z,187,0.0001507,32768,16384,pumpswap,EMm9RL2tHvUvygLCu9WkUMBgnu29K2kePzUuWhiSjdMU
2026-04-12T05:51:59.164Z,Hy58kFcGQuZ9qqbiJL5Ka8FPPmqfU6w4zSqNAyzbpump,Zoomer,filter_5,2026-04-12T02:21:55.989Z,210,3.502e-05,16384,524288,pumpswap,EvDD7gjtfLETpF8m8boLppTCHosWoyoy43AKSttyRia9
2026-04-12T05:51:59.347Z,AdD5EMoGMDiGXcgepXQXneB4fEZuS1QvKqDrN876pump,CRAFT,filter_1,2026-04-12T02:18:34.482Z,213,2.138e-05,8192,65536,pumpswap,Fq6wzHyzh8YXvGS7EYBSNPLs7cr3WSLBw4WCpp5Bbk9n
2026-04-12T05:51:59.548Z,8yeUyEaxBkBgcG5i22zR6JiLmVPbA3p6FUBHjFLFpump,MOG,filter_1,2026-04-12T00:53:40.689Z,298,2.752e-06,4096,262144,pumpswap,8jL5pBxjqyhXzGwYDYZhvdifvuSiP7KWzU8ZCGgssRzk
2026-04-12T05:51:59.731Z,VXnX59zHN7j8FrA971nJij7q2RvPSPa3TioV236pump,COG,filter_1,2026-04-11T23:57:38.153Z,354,3.964e-06,4096,262144,pumpswap,DsEyaDvzkJHPnSwDU251c5pCP1V466nMpwh8KQzEeUuU
2026-04-12T05:51:59.914Z,3SNNxUYmrXUc1mQbtV2NGQTuGKVji4y3MWhyESTypump,CASSIE,filter_4,2026-04-11T23:18:36.635Z,393,3.204e-05,16384,131072,pumpswap,B6nQAKbBTm8xTFHBs4xGUqMJJu6JF5mBcmpEv8MPEQ1i
2026-04-12T05:52:00.076Z,6TRyMNFbS6y444mDECfaENQrVnvZP4XzMr2fa6f8pump,Trump,filter_6,2026-04-11T21:07:35.070Z,524,2.027e-06,4096,1048576,pumpswap,BJLaR38FZ2accuRrABzAWdiMeZ8mF3Ky5tL6q853bgBh
2026-04-12T05:52:00.238Z,EamB9vqC1b4aoyPR6t3hn6CWf48yny84xzCuFJMbpump,Peepa,filter_1,2026-04-11T20:47:42.794Z,544,8.208e-05,32768,1048576,pumpswap,BoB3Dvi5eLGFr86BexBPNY2ZXwMNjWhx3FVCep3X2Vj6
2026-04-12T05:52:00.414Z,AQGaTfXDcvinz6DuxfZEKKFp7hmiWDLis4FtK3chpump,Ivunka,filter_3,2026-04-11T20:41:43.544Z,550,2.899e-06,4096,524288,pumpswap,AHBtpXJ7csokwSXddEDxPFYHcA515g234kXTBMhAVRxe
2026-04-12T05:52:00.606Z,BfZ27pSjL3L8Abm8VuRs5MLjjP21Xv5tUL81Rkyepump,WID,filter_4,2026-04-11T20:41:42.289Z,550,1.186e-05,8192,16384,pumpswap,4zmdmfGwoNb2mfF9PJq2N7x38qpQMwBMphD3HMDx6dak
2026-04-12T05:52:00.766Z,EgiJdQ8dbQHWu1uKS6cQBPaF2sK3a7WFpkjHEgdDpump,Dodger,filter_3,2026-04-11T19:29:11.694Z,623,2.763e-05,16384,1048576,pumpswap,7yrRRCzf429YQ1xQgdZZMy5KQ5jtkkDC7gUZWyPerhXr
2026-04-12T05:52:00.949Z,7bfbBZXpMYbNjhZ6eQ8Ch8VFAbgcz4WsrY7JtQKcpump,BOATGUY,filter_1,2026-04-11T19:27:26.855Z,625,5.056e-06,4096,262144,pumpswap,6gALa6BfE8ce8pLYaEFsTkCtxozfbuBR5bMVK3nKeFD4
2026-04-12T05:52:01.133Z,4juv1Wq63My7Bc7rznMZTyuD4aQfRSZGW9uKqFXSpump,Asset,filter_1,2026-04-11T19:27:24.857Z,625,6.056e-06,8192,16384,pumpswap,6g8ZTMKCKvSsVX92g4SKoBESXgrDL2cR1WLg8i7GZPV9
2026-04-12T05:52:01.326Z,Aq6XmZSohMJeRGU9WswbyQo9paEcKrTEs3xdfDFtpump,Lia,filter_1,2026-04-11T19:25:27.104Z,627,1.815e-06,4096,524288,pumpswap,BsFk4E3Hm12Mg27XmBoDPuk27WAC78BPfN98AHHpDPcM
2026-04-12T05:52:01.487Z,AUZnnRTdybeMiHrxfueNyBgLHnu4H39kngUh84WMpump,MELANIA,filter_3,2026-04-11T19:24:02.559Z,628,0.0007819,65536,1048576,pumpswap,DM9Xj9x8A8SEinJdoz4SJH2vdhBdPGSZmhL7DxBgwbBy
2026-04-12T05:52:01.647Z,56MEDV2H1M7DkaikaSg5vpibaSyWhgspCxgPwQJhpump,DNIGGA,filter_1,2026-04-11T19:22:24.852Z,630,2.105e-06,4096,65536,pumpswap,CAhVRREzXYHDvtu6iwACsei9vhv6mexsGm9hpkeVP1Kj
2026-04-12T05:52:01.806Z,A2Px3FMumMJ7W67VEp9ahFXueEyf9aHpei4TTJ5mpump,BABY,filter_3,2026-04-11T19:14:43.120Z,637,6.069e-06,8192,1048576,pumpswap,53UgNjZDC6mXsEDTowHLmKi2Y6jzjH2Ee3ybac7jEQRQ
2026-04-12T05:52:02.002Z,wutj1cNsMWyeu9ub61knDRCwU37aVvYuCBn8ZLPj7JL,ZHONEY,filter_1,2026-04-11T19:04:35.959Z,647,9.056e-06,8192,65536,pumpswap,CtYpMFyZqcJL7mPbDQU9o88g9QpkbzEFSC81J9FzFbF8
2026-04-12T05:52:02.179Z,4oFZFm3s8VKeCnwM2G5X5mZrsPivDyzCLvDYZmVipump,ClawFC,filter_1,2026-04-11T19:00:33.206Z,651,1.334e-05,8192,131072,pumpswap,BnbuPvQe2TNdhS7CSdsCGS1WY7FYu2kZti9adrqkqpZh
2026-04-12T05:52:02.361Z,5rniCpoweGXgsLZZDohw3fZA5yuXgt87df6GHAxWpump,MOTHER,filter_1,2026-04-11T18:17:31.505Z,694,4.909e-06,4096,65536,pumpswap,7dzsEYbuQoK1LLAiae7riygcwphP7BTbK6r7Vv94p28M
2026-04-12T05:52:02.521Z,3i8RByhvAaSWh2VSoVieAPzzmc4DpZC9WHVSsDzBpump,FOOLHOUSE,filter_2,2026-04-11T13:59:09.655Z,953,1.693e-06,4096,524288,pumpswap,G8AJyLtb85QyMbaXZe4k5DdTfLPTD8dEX9xDn2fKqQZD
2026-04-12T05:52:02.695Z,AutFvM5QZqtvjK2SrR8iLwvDEQ7ePnL14Rv7GPFvpump,TripleC,filter_2,2026-04-11T13:57:07.657Z,955,6.223e-06,8192,524288,pumpswap,Cvk9vLXa9wiqWTxb7q5EP3jdPow5ZBrdn1MLRmergW3v
2026-04-12T05:52:02.855Z,Dj2JhqEaKgPDo9se3A1dtSBVV1FFCxAfFa9SBBWmpump,GoldDancer,filter_2,2026-04-11T13:01:12.368Z,1011,4.443e-05,16384,524288,pumpswap,9hovxHG2vADjGPe7S6agGTx5o72kgojobbpC5UVzLdt5
2026-04-12T05:52:03.014Z,ACtfUWtgvaXrQGNMiohTusi5jcx5RJf5zwu9aAxkpump,unc,filter_2,2026-04-11T11:21:14.804Z,1111,0.000588,65536,2097152,pumpswap,BWFZkx1pMpvwxammwTrizvoWzZZGiFEYUYW6Ee51SHLy
2026-04-12T05:52:03.174Z,51bywes8qqftjWhEZJZ3GvCM2ogximFejkKqa9kMpump,Marina,filter_2,2026-04-11T10:45:10.038Z,1147,6.23e-05,16384,524288,pumpswap,ChmxH4uiGja7C2ht4KurCwXP8LLgtUgibFL1RwLNqeSG
2026-04-12T05:52:03.358Z,22a4gJyiBTjWsTaFAHiHoQTmXsptDy3iBHeqKQADpump,WLFI,filter_2,2026-04-11T08:08:14.642Z,1304,6.389e-05,16384,524288,pumpswap,8JUXPRDDfRbDTN9fsQg1fLKw3u7DM9Cesodu1pcp6WA5
2026-04-12T05:52:03.540Z,J1iyLMzrc4G4WgDVmm33bes1Xwzd1mTcmvP8gubMpump,5,filter_2,2026-04-11T07:45:06.637Z,1327,1.839e-06,4096,524288,pumpswap,1HojmJ4JLUiwXz5PxPMAyvaWvk5WZSHGFm1SyQZHTQ2
2026-04-12T05:52:03.701Z,EQUU2gdzvmabX36rCxKSRSNJKtAedRHEiP8pikC8pump,emi,filter_2,2026-04-11T06:50:09.612Z,1382,5.314e-05,16384,1048576,pumpswap,A1eSqj58a8SWLfY9ecCZcfaWSgjYvEHXimiyoKHWG2qn
2026-04-12T05:52:03.894Z,5NmLAtsnwiZZbidywsSZYbZS3GtsoAEfa9HNHjGspump,PND,filter_2,2026-04-11T06:08:08.609Z,1424,9.866e-06,8192,131072,pumpswap,G2GWEuB5ZA6p2qFxx4i4VViApW5P7aLrYJUv2vdgR5jm
2026-04-12T05:56:58.644Z,4CkWXDBNqfqBT5xCon4hrGU3mwqhQ3GSwdQQ1SDnpump,STC,filter_2,2026-04-12T03:49:56.288Z,127,2.441e-05,16384,524288,pumpswap,BfcxnfNQF3cbZmdKbTNvL1fLD4dEjGhXCG9r6JS6EqB4
2026-04-12T05:56:58.803Z,ApvxrH4oet42G4mgHZTtYZ9h2yMwhNZqs7Tqu1Ebpump,NIKUTA,filter_1,2026-04-12T03:23:38.029Z,153,8.056e-06,8192,131072,pumpswap,BLzb2UKri4YMnAeqc8VgWioAz8zN62LrcDsaJB3VcK22
2026-04-12T05:56:58.991Z,D6HZ5Se3X2wEWWYsHp8Ma3wh3yWwFSSdCAFjGC4spump,Cat,filter_4,2026-04-12T03:06:34.258Z,170,2.314e-05,16384,131072,pumpswap,5g91GWPaRMg4DdCUyds858fyAzhaiTVbi563jVKhqLuT
2026-04-12T05:56:59.150Z,7Y445U5CAiLL4icyyPDonXy7zvGGML2TGjyMmwpDpump,WLFI,filter_1,2026-04-12T02:03:35.233Z,233,3.719e-05,16384,131072,pumpswap,EjzyuTwozXjagMTqqN6hjNpEyW3Q7rX3avE2otRRS8hv
2026-04-12T05:56:59.333Z,BRKFJs1jxrYBKR5sxBiuxTTbyipNBmT6GWenb3c9pump,TRUMP47,filter_5,2026-04-12T00:39:59.430Z,317,1.641e-06,4096,524288,pumpswap,EgcA2ShdHZK4Sg7N6H7yGzTjxpTpunRrbzw231wLWeDh
2026-04-12T05:56:59.491Z,5xjSweEeRNTNHXpEiyp1XBUB2D3MMYCuU8khzgiZpump,FUDGE,filter_2,2026-04-12T00:02:34.174Z,354,2.333e-05,16384,32768,pumpswap,GXBAKvHDgXXwxWWGWmrepfpXstnghwVGEqBmAq2EQgQZ
2026-04-12T05:56:59.673Z,AQiYy4igZ6jeUS5nbTymwLaQfnEg5BAjjZsP1EZkEjBU,Dolores,filter_1,2026-04-11T23:52:34.399Z,364,2.816e-06,4096,65536,pumpswap,9MiNdc2ywiYUm2nr2KTGo8UCmjk3TdKLCZ2B4aAtZ9hq
2026-04-12T05:56:59.833Z,yLT7rHdaNkfnqfg5pxXxCTrx1Rsnagod16DnpKBpump,Nilly,filter_1,2026-04-11T23:45:34.391Z,371,2.999e-06,4096,131072,pumpswap,8vjkK4SAhZ6zkX7gox9DQEmpX7MbiKsp2gRjD4dAS21V
2026-04-12T05:56:59.991Z,9oVRwbx3Ray9bK7CKhqwfqY5NaWYjG3xj1DNYg2mpump,brainlet,filter_2,2026-04-11T22:44:55.606Z,432,1.86e-06,4096,524288,pumpswap,2PW331e9D7pmdELA1m1Uyq6pnEuj5BWB8m7dcBGgJ5xo
2026-04-12T05:57:00.149Z,9XhhPHKnvSd9R8Ygr8kHR6n8YNYd7SMzRHHPFeb2pump,doomer,filter_1,2026-04-11T22:10:33.845Z,466,1.717e-06,4096,262144,pumpswap,DqTPbpJo2UfNFy2v4dHjMoFg9S2wid1RZuF8qfwcJrHx
2026-04-12T05:57:00.308Z,2wwDzQLc3pwgcHrkCadio4Hn3bzYyCptRAewJAEXdoge,MARKC,filter_1,2026-04-11T21:57:35.843Z,479,3.059e-06,4096,65536,meteora,2rVNWK9fRajakX19wtrfJKGE3xNWeubnV5VpYxETUvPX
2026-04-12T05:57:00.492Z,NicGVyEGbJhn52gBtqWM18zKGzRSe9js98AZnRwY8eS,NEGRON,filter_2,2026-04-11T21:33:59.338Z,503,2.368e-07,65536,4194304,raydium,2rXfTt3Xh699TtAUruiz6Vs7vdTrsn55bEm2FKt9y8yE
2026-04-12T06:01:58.658Z,BvHneYfnCYjfZE52iUhK4bqkcqJjYjMQUJb5FPhCpump,ALONSHOUSE,filter_2,2026-04-12T03:51:56.774Z,130,0.0001549,32768,1048576,pumpswap,6KuCNvUu9NsgTFyo1vQGfeFqsoKq7Jq19LhZeQwtMMVr
2026-04-12T06:01:58.820Z,7cFndW3LZJr5hdT138meuoqQRDR6HYqATxKj2CwPpump,AgentCRM,filter_1,2026-04-12T03:39:36.524Z,142,3.979e-05,16384,262144,pumpswap,9UmjwMC9BVfdCYNaa9xCJwWkJjufeVbQg8xcSqMsSSM5
2026-04-12T06:01:58.981Z,9AEtb967xTMosjp9XFhvHLhscPNYgDWc15jFAZR8pump,RƎ́V,filter_1,2026-04-12T02:44:33.253Z,197,0.0001511,32768,16384,pumpswap,EMm9RL2tHvUvygLCu9WkUMBgnu29K2kePzUuWhiSjdMU
2026-04-12T06:01:59.143Z,Hy58kFcGQuZ9qqbiJL5Ka8FPPmqfU6w4zSqNAyzbpump,Zoomer,filter_5,2026-04-12T02:21:55.989Z,220,3.884e-05,16384,524288,pumpswap,EvDD7gjtfLETpF8m8boLppTCHosWoyoy43AKSttyRia9
2026-04-12T06:01:59.327Z,AdD5EMoGMDiGXcgepXQXneB4fEZuS1QvKqDrN876pump,CRAFT,filter_1,2026-04-12T02:18:34.482Z,223,2.077e-05,8192,65536,pumpswap,Fq6wzHyzh8YXvGS7EYBSNPLs7cr3WSLBw4WCpp5Bbk9n
2026-04-12T06:01:59.511Z,8yeUyEaxBkBgcG5i22zR6JiLmVPbA3p6FUBHjFLFpump,MOG,filter_1,2026-04-12T00:53:40.689Z,308,2.736e-06,4096,262144,pumpswap,8jL5pBxjqyhXzGwYDYZhvdifvuSiP7KWzU8ZCGgssRzk
2026-04-12T06:01:59.703Z,VXnX59zHN7j8FrA971nJij7q2RvPSPa3TioV236pump,COG,filter_1,2026-04-11T23:57:38.153Z,364,3.885e-06,4096,262144,pumpswap,DsEyaDvzkJHPnSwDU251c5pCP1V466nMpwh8KQzEeUuU
2026-04-12T06:01:59.863Z,3SNNxUYmrXUc1mQbtV2NGQTuGKVji4y3MWhyESTypump,CASSIE,filter_4,2026-04-11T23:18:36.635Z,403,3.203e-05,16384,131072,pumpswap,B6nQAKbBTm8xTFHBs4xGUqMJJu6JF5mBcmpEv8MPEQ1i
2026-04-12T06:02:00.033Z,6TRyMNFbS6y444mDECfaENQrVnvZP4XzMr2fa6f8pump,Trump,filter_6,2026-04-11T21:07:35.070Z,534,2.027e-06,4096,1048576,pumpswap,BJLaR38FZ2accuRrABzAWdiMeZ8mF3Ky5tL6q853bgBh
2026-04-12T06:02:00.197Z,EamB9vqC1b4aoyPR6t3hn6CWf48yny84xzCuFJMbpump,Peepa,filter_1,2026-04-11T20:47:42.794Z,554,8.078e-05,32768,1048576,pumpswap,BoB3Dvi5eLGFr86BexBPNY2ZXwMNjWhx3FVCep3X2Vj6
2026-04-12T06:02:00.358Z,AQGaTfXDcvinz6DuxfZEKKFp7hmiWDLis4FtK3chpump,Ivunka,filter_3,2026-04-11T20:41:43.544Z,560,2.899e-06,4096,524288,pumpswap,AHBtpXJ7csokwSXddEDxPFYHcA515g234kXTBMhAVRxe
2026-04-12T06:02:00.554Z,BfZ27pSjL3L8Abm8VuRs5MLjjP21Xv5tUL81Rkyepump,WID,filter_4,2026-04-11T20:41:42.289Z,560,1.186e-05,8192,16384,pumpswap,4zmdmfGwoNb2mfF9PJq2N7x38qpQMwBMphD3HMDx6dak
2026-04-12T06:02:00.746Z,EgiJdQ8dbQHWu1uKS6cQBPaF2sK3a7WFpkjHEgdDpump,Dodger,filter_3,2026-04-11T19:29:11.694Z,633,2.75e-05,16384,1048576,pumpswap,7yrRRCzf429YQ1xQgdZZMy5KQ5jtkkDC7gUZWyPerhXr
2026-04-12T06:02:00.907Z,7bfbBZXpMYbNjhZ6eQ8Ch8VFAbgcz4WsrY7JtQKcpump,BOATGUY,filter_1,2026-04-11T19:27:26.855Z,635,5.056e-06,4096,262144,pumpswap,6gALa6BfE8ce8pLYaEFsTkCtxozfbuBR5bMVK3nKeFD4
2026-04-12T06:02:01.090Z,4juv1Wq63My7Bc7rznMZTyuD4aQfRSZGW9uKqFXSpump,Asset,filter_1,2026-04-11T19:27:24.857Z,635,5.767e-06,8192,16384,pumpswap,6g8ZTMKCKvSsVX92g4SKoBESXgrDL2cR1WLg8i7GZPV9
2026-04-12T06:02:01.251Z,Aq6XmZSohMJeRGU9WswbyQo9paEcKrTEs3xdfDFtpump,Lia,filter_1,2026-04-11T19:25:27.104Z,637,1.815e-06,4096,524288,pumpswap,BsFk4E3Hm12Mg27XmBoDPuk27WAC78BPfN98AHHpDPcM
2026-04-12T06:02:01.437Z,AUZnnRTdybeMiHrxfueNyBgLHnu4H39kngUh84WMpump,MELANIA,filter_3,2026-04-11T19:24:02.559Z,638,0.0008383,65536,1048576,pumpswap,DM9Xj9x8A8SEinJdoz4SJH2vdhBdPGSZmhL7DxBgwbBy
2026-04-12T06:02:01.621Z,56MEDV2H1M7DkaikaSg5vpibaSyWhgspCxgPwQJhpump,DNIGGA,filter_1,2026-04-11T19:22:24.852Z,640,2.105e-06,4096,65536,pumpswap,CAhVRREzXYHDvtu6iwACsei9vhv6mexsGm9hpkeVP1Kj
2026-04-12T06:02:01.807Z,A2Px3FMumMJ7W67VEp9ahFXueEyf9aHpei4TTJ5mpump,BABY,filter_3,2026-04-11T19:14:43.120Z,647,6.197e-06,8192,1048576,pumpswap,53UgNjZDC6mXsEDTowHLmKi2Y6jzjH2Ee3ybac7jEQRQ
2026-04-12T06:02:01.994Z,wutj1cNsMWyeu9ub61knDRCwU37aVvYuCBn8ZLPj7JL,ZHONEY,filter_1,2026-04-11T19:04:35.959Z,657,8.908e-06,8192,65536,pumpswap,CtYpMFyZqcJL7mPbDQU9o88g9QpkbzEFSC81J9FzFbF8
2026-04-12T06:02:02.156Z,4oFZFm3s8VKeCnwM2G5X5mZrsPivDyzCLvDYZmVipump,ClawFC,filter_1,2026-04-11T19:00:33.206Z,661,1.366e-05,8192,131072,pumpswap,BnbuPvQe2TNdhS7CSdsCGS1WY7FYu2kZti9adrqkqpZh
2026-04-12T06:02:02.340Z,5rniCpoweGXgsLZZDohw3fZA5yuXgt87df6GHAxWpump,MOTHER,filter_1,2026-04-11T18:17:31.505Z,704,4.853e-06,4096,65536,pumpswap,7dzsEYbuQoK1LLAiae7riygcwphP7BTbK6r7Vv94p28M
2026-04-12T06:02:02.501Z,3i8RByhvAaSWh2VSoVieAPzzmc4DpZC9WHVSsDzBpump,FOOLHOUSE,filter_2,2026-04-11T13:59:09.655Z,963,1.693e-06,4096,524288,pumpswap,G8AJyLtb85QyMbaXZe4k5DdTfLPTD8dEX9xDn2fKqQZD
2026-04-12T06:02:02.663Z,AutFvM5QZqtvjK2SrR8iLwvDEQ7ePnL14Rv7GPFvpump,TripleC,filter_2,2026-04-11T13:57:07.657Z,965,5.62e-06,8192,524288,pumpswap,Cvk9vLXa9wiqWTxb7q5EP3jdPow5ZBrdn1MLRmergW3v
2026-04-12T06:02:02.825Z,Dj2JhqEaKgPDo9se3A1dtSBVV1FFCxAfFa9SBBWmpump,GoldDancer,filter_2,2026-04-11T13:01:12.368Z,1021,4.341e-05,16384,524288,pumpswap,9hovxHG2vADjGPe7S6agGTx5o72kgojobbpC5UVzLdt5
2026-04-12T06:02:02.988Z,ACtfUWtgvaXrQGNMiohTusi5jcx5RJf5zwu9aAxkpump,unc,filter_2,2026-04-11T11:21:14.804Z,1121,0.0005767,65536,2097152,pumpswap,BWFZkx1pMpvwxammwTrizvoWzZZGiFEYUYW6Ee51SHLy
2026-04-12T06:02:03.150Z,51bywes8qqftjWhEZJZ3GvCM2ogximFejkKqa9kMpump,Marina,filter_2,2026-04-11T10:45:10.038Z,1157,5.821e-05,16384,524288,pumpswap,ChmxH4uiGja7C2ht4KurCwXP8LLgtUgibFL1RwLNqeSG
2026-04-12T06:02:03.312Z,22a4gJyiBTjWsTaFAHiHoQTmXsptDy3iBHeqKQADpump,WLFI,filter_2,2026-04-11T08:08:14.642Z,1314,4.949e-05,16384,524288,pumpswap,8JUXPRDDfRbDTN9fsQg1fLKw3u7DM9Cesodu1pcp6WA5
2026-04-12T06:02:03.505Z,J1iyLMzrc4G4WgDVmm33bes1Xwzd1mTcmvP8gubMpump,5,filter_2,2026-04-11T07:45:06.637Z,1337,1.839e-06,4096,524288,pumpswap,1HojmJ4JLUiwXz5PxPMAyvaWvk5WZSHGFm1SyQZHTQ2
2026-04-12T06:02:03.667Z,EQUU2gdzvmabX36rCxKSRSNJKtAedRHEiP8pikC8pump,emi,filter_2,2026-04-11T06:50:09.612Z,1392,5.085e-05,16384,1048576,pumpswap,A1eSqj58a8SWLfY9ecCZcfaWSgjYvEHXimiyoKHWG2qn
2026-04-12T06:02:03.873Z,5NmLAtsnwiZZbidywsSZYbZS3GtsoAEfa9HNHjGspump,PND,filter_2,2026-04-11T06:08:08.609Z,1434,9.606e-06,8192,131072,pumpswap,G2GWEuB5ZA6p2qFxx4i4VViApW5P7aLrYJUv2vdgR5jm
2026-04-12T06:06:58.648Z,4CkWXDBNqfqBT5xCon4hrGU3mwqhQ3GSwdQQ1SDnpump,STC,filter_2,2026-04-12T03:49:56.288Z,137,2.349e-05,16384,524288,pumpswap,BfcxnfNQF3cbZmdKbTNvL1fLD4dEjGhXCG9r6JS6EqB4
2026-04-12T06:06:58.808Z,ApvxrH4oet42G4mgHZTtYZ9h2yMwhNZqs7Tqu1Ebpump,NIKUTA,filter_1,2026-04-12T03:23:38.029Z,163,7.068e-06,8192,131072,pumpswap,BLzb2UKri4YMnAeqc8VgWioAz8zN62LrcDsaJB3VcK22
2026-04-12T06:06:59.002Z,D6HZ5Se3X2wEWWYsHp8Ma3wh3yWwFSSdCAFjGC4spump,Cat,filter_4,2026-04-12T03:06:34.258Z,180,2.457e-05,16384,131072,pumpswap,5g91GWPaRMg4DdCUyds858fyAzhaiTVbi563jVKhqLuT
2026-04-12T06:06:59.160Z,7Y445U5CAiLL4icyyPDonXy7zvGGML2TGjyMmwpDpump,WLFI,filter_1,2026-04-12T02:03:35.233Z,243,5.061e-05,16384,131072,pumpswap,EjzyuTwozXjagMTqqN6hjNpEyW3Q7rX3avE2otRRS8hv
2026-04-12T06:06:59.340Z,BRKFJs1jxrYBKR5sxBiuxTTbyipNBmT6GWenb3c9pump,TRUMP47,filter_5,2026-04-12T00:39:59.430Z,327,1.619e-06,4096,524288,pumpswap,EgcA2ShdHZK4Sg7N6H7yGzTjxpTpunRrbzw231wLWeDh
2026-04-12T06:06:59.500Z,5xjSweEeRNTNHXpEiyp1XBUB2D3MMYCuU8khzgiZpump,FUDGE,filter_2,2026-04-12T00:02:34.174Z,364,2.365e-05,16384,32768,pumpswap,GXBAKvHDgXXwxWWGWmrepfpXstnghwVGEqBmAq2EQgQZ
2026-04-12T06:06:59.683Z,AQiYy4igZ6jeUS5nbTymwLaQfnEg5BAjjZsP1EZkEjBU,Dolores,filter_1,2026-04-11T23:52:34.399Z,374,2.82e-06,4096,65536,pumpswap,9MiNdc2ywiYUm2nr2KTGo8UCmjk3TdKLCZ2B4aAtZ9hq
2026-04-12T06:06:59.841Z,yLT7rHdaNkfnqfg5pxXxCTrx1Rsnagod16DnpKBpump,Nilly,filter_1,2026-04-11T23:45:34.391Z,381,2.968e-06,4096,131072,pumpswap,8vjkK4SAhZ6zkX7gox9DQEmpX7MbiKsp2gRjD4dAS21V
2026-04-12T06:07:00.007Z,9oVRwbx3Ray9bK7CKhqwfqY5NaWYjG3xj1DNYg2mpump,brainlet,filter_2,2026-04-11T22:44:55.606Z,442,1.86e-06,4096,524288,pumpswap,2PW331e9D7pmdELA1m1Uyq6pnEuj5BWB8m7dcBGgJ5xo
2026-04-12T06:07:00.166Z,9XhhPHKnvSd9R8Ygr8kHR6n8YNYd7SMzRHHPFeb2pump,doomer,filter_1,2026-04-11T22:10:33.845Z,476,1.714e-06,4096,262144,pumpswap,DqTPbpJo2UfNFy2v4dHjMoFg9S2wid1RZuF8qfwcJrHx
2026-04-12T06:07:00.359Z,2wwDzQLc3pwgcHrkCadio4Hn3bzYyCptRAewJAEXdoge,MARKC,filter_1,2026-04-11T21:57:35.843Z,489,3.037e-06,4096,65536,meteora,2rVNWK9fRajakX19wtrfJKGE3xNWeubnV5VpYxETUvPX
2026-04-12T06:07:00.519Z,NicGVyEGbJhn52gBtqWM18zKGzRSe9js98AZnRwY8eS,NEGRON,filter_2,2026-04-11T21:33:59.338Z,513,2.373e-07,65536,4194304,raydium,2rXfTt3Xh699TtAUruiz6Vs7vdTrsn55bEm2FKt9y8yE
2026-04-12T06:11:58.667Z,BvHneYfnCYjfZE52iUhK4bqkcqJjYjMQUJb5FPhCpump,ALONSHOUSE,filter_2,2026-04-12T03:51:56.774Z,140,0.0001711,32768,1048576,pumpswap,6KuCNvUu9NsgTFyo1vQGfeFqsoKq7Jq19LhZeQwtMMVr
2026-04-12T06:11:58.828Z,7cFndW3LZJr5hdT138meuoqQRDR6HYqATxKj2CwPpump,AgentCRM,filter_1,2026-04-12T03:39:36.524Z,152,3.703e-05,16384,262144,pumpswap,9UmjwMC9BVfdCYNaa9xCJwWkJjufeVbQg8xcSqMsSSM5
2026-04-12T06:11:58.989Z,9AEtb967xTMosjp9XFhvHLhscPNYgDWc15jFAZR8pump,RƎ́V,filter_1,2026-04-12T02:44:33.253Z,207,0.0001511,32768,16384,pumpswap,EMm9RL2tHvUvygLCu9WkUMBgnu29K2kePzUuWhiSjdMU
2026-04-12T06:11:59.150Z,Hy58kFcGQuZ9qqbiJL5Ka8FPPmqfU6w4zSqNAyzbpump,Zoomer,filter_5,2026-04-12T02:21:55.989Z,230,3.04e-05,16384,524288,pumpswap,EvDD7gjtfLETpF8m8boLppTCHosWoyoy43AKSttyRia9
2026-04-12T06:11:59.334Z,AdD5EMoGMDiGXcgepXQXneB4fEZuS1QvKqDrN876pump,CRAFT,filter_1,2026-04-12T02:18:34.482Z,233,2.031e-05,8192,65536,pumpswap,Fq6wzHyzh8YXvGS7EYBSNPLs7cr3WSLBw4WCpp5Bbk9n
2026-04-12T06:11:59.495Z,8yeUyEaxBkBgcG5i22zR6JiLmVPbA3p6FUBHjFLFpump,MOG,filter_1,2026-04-12T00:53:40.689Z,318,2.736e-06,4096,262144,pumpswap,8jL5pBxjqyhXzGwYDYZhvdifvuSiP7KWzU8ZCGgssRzk
2026-04-12T06:11:59.683Z,VXnX59zHN7j8FrA971nJij7q2RvPSPa3TioV236pump,COG,filter_1,2026-04-11T23:57:38.153Z,374,3.824e-06,4096,262144,pumpswap,DsEyaDvzkJHPnSwDU251c5pCP1V466nMpwh8KQzEeUuU
2026-04-12T06:11:59.845Z,3SNNxUYmrXUc1mQbtV2NGQTuGKVji4y3MWhyESTypump,CASSIE,filter_4,2026-04-11T23:18:36.635Z,413,3.094e-05,16384,131072,pumpswap,B6nQAKbBTm8xTFHBs4xGUqMJJu6JF5mBcmpEv8MPEQ1i
2026-04-12T06:12:00.005Z,6TRyMNFbS6y444mDECfaENQrVnvZP4XzMr2fa6f8pump,Trump,filter_6,2026-04-11T21:07:35.070Z,544,2.017e-06,4096,1048576,pumpswap,BJLaR38FZ2accuRrABzAWdiMeZ8mF3Ky5tL6q853bgBh
2026-04-12T06:12:00.171Z,EamB9vqC1b4aoyPR6t3hn6CWf48yny84xzCuFJMbpump,Peepa,filter_1,2026-04-11T20:47:42.794Z,564,7.535e-05,32768,1048576,pumpswap,BoB3Dvi5eLGFr86BexBPNY2ZXwMNjWhx3FVCep3X2Vj6
2026-04-12T06:12:00.335Z,AQGaTfXDcvinz6DuxfZEKKFp7hmiWDLis4FtK3chpump,Ivunka,filter_3,2026-04-11T20:41:43.544Z,570,2.899e-06,4096,524288,pumpswap,AHBtpXJ7csokwSXddEDxPFYHcA515g234kXTBMhAVRxe
2026-04-12T06:12:00.583Z,BfZ27pSjL3L8Abm8VuRs5MLjjP21Xv5tUL81Rkyepump,WID,filter_4,2026-04-11T20:41:42.289Z,570,1.186e-05,8192,16384,pumpswap,4zmdmfGwoNb2mfF9PJq2N7x38qpQMwBMphD3HMDx6dak
2026-04-12T06:12:00.746Z,EgiJdQ8dbQHWu1uKS6cQBPaF2sK3a7WFpkjHEgdDpump,Dodger,filter_3,2026-04-11T19:29:11.694Z,643,2.604e-05,16384,1048576,pumpswap,7yrRRCzf429YQ1xQgdZZMy5KQ5jtkkDC7gUZWyPerhXr
2026-04-12T06:12:00.906Z,7bfbBZXpMYbNjhZ6eQ8Ch8VFAbgcz4WsrY7JtQKcpump,BOATGUY,filter_1,2026-04-11T19:27:26.855Z,645,5.031e-06,4096,262144,pumpswap,6gALa6BfE8ce8pLYaEFsTkCtxozfbuBR5bMVK3nKeFD4
2026-04-12T06:12:01.068Z,4juv1Wq63My7Bc7rznMZTyuD4aQfRSZGW9uKqFXSpump,Asset,filter_1,2026-04-11T19:27:24.857Z,645,5.826e-06,8192,16384,pumpswap,6g8ZTMKCKvSsVX92g4SKoBESXgrDL2cR1WLg8i7GZPV9
2026-04-12T06:12:01.228Z,Aq6XmZSohMJeRGU9WswbyQo9paEcKrTEs3xdfDFtpump,Lia,filter_1,2026-04-11T19:25:27.104Z,647,1.815e-06,4096,524288,pumpswap,BsFk4E3Hm12Mg27XmBoDPuk27WAC78BPfN98AHHpDPcM
2026-04-12T06:12:01.388Z,AUZnnRTdybeMiHrxfueNyBgLHnu4H39kngUh84WMpump,MELANIA,filter_3,2026-04-11T19:24:02.559Z,648,0.0008763,65536,1048576,pumpswap,DM9Xj9x8A8SEinJdoz4SJH2vdhBdPGSZmhL7DxBgwbBy
2026-04-12T06:12:01.549Z,56MEDV2H1M7DkaikaSg5vpibaSyWhgspCxgPwQJhpump,DNIGGA,filter_1,2026-04-11T19:22:24.852Z,650,2.105e-06,4096,65536,pumpswap,CAhVRREzXYHDvtu6iwACsei9vhv6mexsGm9hpkeVP1Kj
2026-04-12T06:12:01.710Z,A2Px3FMumMJ7W67VEp9ahFXueEyf9aHpei4TTJ5mpump,BABY,filter_3,2026-04-11T19:14:43.120Z,657,6.131e-06,8192,1048576,pumpswap,53UgNjZDC6mXsEDTowHLmKi2Y6jzjH2Ee3ybac7jEQRQ
2026-04-12T06:12:01.874Z,wutj1cNsMWyeu9ub61knDRCwU37aVvYuCBn8ZLPj7JL,ZHONEY,filter_1,2026-04-11T19:04:35.959Z,667,8.796e-06,8192,65536,pumpswap,CtYpMFyZqcJL7mPbDQU9o88g9QpkbzEFSC81J9FzFbF8
2026-04-12T06:12:02.035Z,4oFZFm3s8VKeCnwM2G5X5mZrsPivDyzCLvDYZmVipump,ClawFC,filter_1,2026-04-11T19:00:33.206Z,671,1.269e-05,8192,131072,pumpswap,BnbuPvQe2TNdhS7CSdsCGS1WY7FYu2kZti9adrqkqpZh
2026-04-12T06:12:02.217Z,5rniCpoweGXgsLZZDohw3fZA5yuXgt87df6GHAxWpump,MOTHER,filter_1,2026-04-11T18:17:31.505Z,714,4.759e-06,4096,65536,pumpswap,7dzsEYbuQoK1LLAiae7riygcwphP7BTbK6r7Vv94p28M
2026-04-12T06:12:02.451Z,3i8RByhvAaSWh2VSoVieAPzzmc4DpZC9WHVSsDzBpump,FOOLHOUSE,filter_2,2026-04-11T13:59:09.655Z,973,1.693e-06,4096,524288,pumpswap,G8AJyLtb85QyMbaXZe4k5DdTfLPTD8dEX9xDn2fKqQZD
2026-04-12T06:12:02.634Z,AutFvM5QZqtvjK2SrR8iLwvDEQ7ePnL14Rv7GPFvpump,TripleC,filter_2,2026-04-11T13:57:07.657Z,975,5.604e-06,8192,524288,pumpswap,Cvk9vLXa9wiqWTxb7q5EP3jdPow5ZBrdn1MLRmergW3v
2026-04-12T06:12:02.799Z,Dj2JhqEaKgPDo9se3A1dtSBVV1FFCxAfFa9SBBWmpump,GoldDancer,filter_2,2026-04-11T13:01:12.368Z,1031,4.056e-05,16384,524288,pumpswap,9hovxHG2vADjGPe7S6agGTx5o72kgojobbpC5UVzLdt5
2026-04-12T06:12:02.960Z,ACtfUWtgvaXrQGNMiohTusi5jcx5RJf5zwu9aAxkpump,unc,filter_2,2026-04-11T11:21:14.804Z,1131,0.0005218,65536,2097152,pumpswap,BWFZkx1pMpvwxammwTrizvoWzZZGiFEYUYW6Ee51SHLy
2026-04-12T06:12:03.121Z,51bywes8qqftjWhEZJZ3GvCM2ogximFejkKqa9kMpump,Marina,filter_2,2026-04-11T10:45:10.038Z,1167,5.404e-05,16384,524288,pumpswap,ChmxH4uiGja7C2ht4KurCwXP8LLgtUgibFL1RwLNqeSG
2026-04-12T06:12:03.307Z,22a4gJyiBTjWsTaFAHiHoQTmXsptDy3iBHeqKQADpump,WLFI,filter_2,2026-04-11T08:08:14.642Z,1324,5.163e-05,16384,524288,pumpswap,8JUXPRDDfRbDTN9fsQg1fLKw3u7DM9Cesodu1pcp6WA5
2026-04-12T06:12:03.466Z,J1iyLMzrc4G4WgDVmm33bes1Xwzd1mTcmvP8gubMpump,5,filter_2,2026-04-11T07:45:06.637Z,1347,1.839e-06,4096,524288,pumpswap,1HojmJ4JLUiwXz5PxPMAyvaWvk5WZSHGFm1SyQZHTQ2
2026-04-12T06:12:03.626Z,EQUU2gdzvmabX36rCxKSRSNJKtAedRHEiP8pikC8pump,emi,filter_2,2026-04-11T06:50:09.612Z,1402,4.868e-05,16384,1048576,pumpswap,A1eSqj58a8SWLfY9ecCZcfaWSgjYvEHXimiyoKHWG2qn
2026-04-12T06:16:58.653Z,4CkWXDBNqfqBT5xCon4hrGU3mwqhQ3GSwdQQ1SDnpump,STC,filter_2,2026-04-12T03:49:56.288Z,147,2.94e-05,16384,524288,pumpswap,BfcxnfNQF3cbZmdKbTNvL1fLD4dEjGhXCG9r6JS6EqB4
2026-04-12T06:16:58.812Z,ApvxrH4oet42G4mgHZTtYZ9h2yMwhNZqs7Tqu1Ebpump,NIKUTA,filter_1,2026-04-12T03:23:38.029Z,173,7.581e-06,8192,131072,pumpswap,BLzb2UKri4YMnAeqc8VgWioAz8zN62LrcDsaJB3VcK22
2026-04-12T06:16:58.972Z,D6HZ5Se3X2wEWWYsHp8Ma3wh3yWwFSSdCAFjGC4spump,Cat,filter_4,2026-04-12T03:06:34.258Z,190,2.237e-05,16384,131072,pumpswap,5g91GWPaRMg4DdCUyds858fyAzhaiTVbi563jVKhqLuT
2026-04-12T06:16:59.163Z,7Y445U5CAiLL4icyyPDonXy7zvGGML2TGjyMmwpDpump,WLFI,filter_1,2026-04-12T02:03:35.233Z,253,4.246e-05,16384,131072,pumpswap,EjzyuTwozXjagMTqqN6hjNpEyW3Q7rX3avE2otRRS8hv
2026-04-12T06:16:59.322Z,BRKFJs1jxrYBKR5sxBiuxTTbyipNBmT6GWenb3c9pump,TRUMP47,filter_5,2026-04-12T00:39:59.430Z,337,1.62e-06,4096,524288,pumpswap,EgcA2ShdHZK4Sg7N6H7yGzTjxpTpunRrbzw231wLWeDh
2026-04-12T06:16:59.481Z,5xjSweEeRNTNHXpEiyp1XBUB2D3MMYCuU8khzgiZpump,FUDGE,filter_2,2026-04-12T00:02:34.174Z,374,2.352e-05,16384,32768,pumpswap,GXBAKvHDgXXwxWWGWmrepfpXstnghwVGEqBmAq2EQgQZ
2026-04-12T06:16:59.665Z,AQiYy4igZ6jeUS5nbTymwLaQfnEg5BAjjZsP1EZkEjBU,Dolores,filter_1,2026-04-11T23:52:34.399Z,384,2.819e-06,4096,65536,pumpswap,9MiNdc2ywiYUm2nr2KTGo8UCmjk3TdKLCZ2B4aAtZ9hq
2026-04-12T06:16:59.824Z,yLT7rHdaNkfnqfg5pxXxCTrx1Rsnagod16DnpKBpump,Nilly,filter_1,2026-04-11T23:45:34.391Z,391,2.966e-06,4096,131072,pumpswap,8vjkK4SAhZ6zkX7gox9DQEmpX7MbiKsp2gRjD4dAS21V
2026-04-12T06:16:59.983Z,9oVRwbx3Ray9bK7CKhqwfqY5NaWYjG3xj1DNYg2mpump,brainlet,filter_2,2026-04-11T22:44:55.606Z,452,1.86e-06,4096,524288,pumpswap,2PW331e9D7pmdELA1m1Uyq6pnEuj5BWB8m7dcBGgJ5xo
2026-04-12T06:17:00.141Z,9XhhPHKnvSd9R8Ygr8kHR6n8YNYd7SMzRHHPFeb2pump,doomer,filter_1,2026-04-11T22:10:33.845Z,486,1.714e-06,4096,262144,pumpswap,DqTPbpJo2UfNFy2v4dHjMoFg9S2wid1RZuF8qfwcJrHx
2026-04-12T06:17:00.333Z,2wwDzQLc3pwgcHrkCadio4Hn3bzYyCptRAewJAEXdoge,MARKC,filter_1,2026-04-11T21:57:35.843Z,499,3.004e-06,4096,65536,meteora,2rVNWK9fRajakX19wtrfJKGE3xNWeubnV5VpYxETUvPX
2026-04-12T06:17:00.494Z,NicGVyEGbJhn52gBtqWM18zKGzRSe9js98AZnRwY8eS,NEGRON,filter_2,2026-04-11T21:33:59.338Z,523,2.379e-07,65536,4194304,raydium,2rXfTt3Xh699TtAUruiz6Vs7vdTrsn55bEm2FKt9y8yE
2026-04-12T06:21:58.663Z,BvHneYfnCYjfZE52iUhK4bqkcqJjYjMQUJb5FPhCpump,ALONSHOUSE,filter_2,2026-04-12T03:51:56.774Z,150,0.0001428,32768,1048576,pumpswap,6KuCNvUu9NsgTFyo1vQGfeFqsoKq7Jq19LhZeQwtMMVr
2026-04-12T06:21:58.825Z,7cFndW3LZJr5hdT138meuoqQRDR6HYqATxKj2CwPpump,AgentCRM,filter_1,2026-04-12T03:39:36.524Z,162,3.623e-05,16384,262144,pumpswap,9UmjwMC9BVfdCYNaa9xCJwWkJjufeVbQg8xcSqMsSSM5
2026-04-12T06:21:58.985Z,9AEtb967xTMosjp9XFhvHLhscPNYgDWc15jFAZR8pump,RƎ́V,filter_1,2026-04-12T02:44:33.253Z,217,0.0001529,32768,16384,pumpswap,EMm9RL2tHvUvygLCu9WkUMBgnu29K2kePzUuWhiSjdMU
2026-04-12T06:21:59.146Z,Hy58kFcGQuZ9qqbiJL5Ka8FPPmqfU6w4zSqNAyzbpump,Zoomer,filter_5,2026-04-12T02:21:55.989Z,240,2.628e-05,16384,524288,pumpswap,EvDD7gjtfLETpF8m8boLppTCHosWoyoy43AKSttyRia9
2026-04-12T06:21:59.306Z,AdD5EMoGMDiGXcgepXQXneB4fEZuS1QvKqDrN876pump,CRAFT,filter_1,2026-04-12T02:18:34.482Z,243,2.072e-05,8192,65536,pumpswap,Fq6wzHyzh8YXvGS7EYBSNPLs7cr3WSLBw4WCpp5Bbk9n
2026-04-12T06:21:59.467Z,8yeUyEaxBkBgcG5i22zR6JiLmVPbA3p6FUBHjFLFpump,MOG,filter_1,2026-04-12T00:53:40.689Z,328,2.735e-06,4096,262144,pumpswap,8jL5pBxjqyhXzGwYDYZhvdifvuSiP7KWzU8ZCGgssRzk
2026-04-12T06:21:59.627Z,VXnX59zHN7j8FrA971nJij7q2RvPSPa3TioV236pump,COG,filter_1,2026-04-11T23:57:38.153Z,384,3.824e-06,4096,262144,pumpswap,DsEyaDvzkJHPnSwDU251c5pCP1V466nMpwh8KQzEeUuU
2026-04-12T06:21:59.788Z,3SNNxUYmrXUc1mQbtV2NGQTuGKVji4y3MWhyESTypump,CASSIE,filter_4,2026-04-11T23:18:36.635Z,423,2.824e-05,16384,131072,pumpswap,B6nQAKbBTm8xTFHBs4xGUqMJJu6JF5mBcmpEv8MPEQ1i
2026-04-12T06:21:59.948Z,6TRyMNFbS6y444mDECfaENQrVnvZP4XzMr2fa6f8pump,Trump,filter_6,2026-04-11T21:07:35.070Z,554,2.017e-06,4096,1048576,pumpswap,BJLaR38FZ2accuRrABzAWdiMeZ8mF3Ky5tL6q853bgBh
2026-04-12T06:22:00.109Z,EamB9vqC1b4aoyPR6t3hn6CWf48yny84xzCuFJMbpump,Peepa,filter_1,2026-04-11T20:47:42.794Z,574,6.955e-05,32768,1048576,pumpswap,BoB3Dvi5eLGFr86BexBPNY2ZXwMNjWhx3FVCep3X2Vj6
2026-04-12T06:22:00.271Z,AQGaTfXDcvinz6DuxfZEKKFp7hmiWDLis4FtK3chpump,Ivunka,filter_3,2026-04-11T20:41:43.544Z,580,2.899e-06,4096,524288,pumpswap,AHBtpXJ7csokwSXddEDxPFYHcA515g234kXTBMhAVRxe
2026-04-12T06:22:00.452Z,BfZ27pSjL3L8Abm8VuRs5MLjjP21Xv5tUL81Rkyepump,WID,filter_4,2026-04-11T20:41:42.289Z,580,1.179e-05,8192,16384,pumpswap,4zmdmfGwoNb2mfF9PJq2N7x38qpQMwBMphD3HMDx6dak
2026-04-12T06:22:00.613Z,EgiJdQ8dbQHWu1uKS6cQBPaF2sK3a7WFpkjHEgdDpump,Dodger,filter_3,2026-04-11T19:29:11.694Z,653,2.159e-05,16384,1048576,pumpswap,7yrRRCzf429YQ1xQgdZZMy5KQ5jtkkDC7gUZWyPerhXr
2026-04-12T06:22:00.773Z,7bfbBZXpMYbNjhZ6eQ8Ch8VFAbgcz4WsrY7JtQKcpump,BOATGUY,filter_1,2026-04-11T19:27:26.855Z,655,5.031e-06,4096,262144,pumpswap,6gALa6BfE8ce8pLYaEFsTkCtxozfbuBR5bMVK3nKeFD4
2026-04-12T06:22:00.934Z,4juv1Wq63My7Bc7rznMZTyuD4aQfRSZGW9uKqFXSpump,Asset,filter_1,2026-04-11T19:27:24.857Z,655,5.771e-06,8192,16384,pumpswap,6g8ZTMKCKvSsVX92g4SKoBESXgrDL2cR1WLg8i7GZPV9
2026-04-12T06:22:01.095Z,Aq6XmZSohMJeRGU9WswbyQo9paEcKrTEs3xdfDFtpump,Lia,filter_1,2026-04-11T19:25:27.104Z,657,1.815e-06,4096,524288,pumpswap,BsFk4E3Hm12Mg27XmBoDPuk27WAC78BPfN98AHHpDPcM
2026-04-12T06:22:01.255Z,AUZnnRTdybeMiHrxfueNyBgLHnu4H39kngUh84WMpump,MELANIA,filter_3,2026-04-11T19:24:02.559Z,658,0.0008507,65536,1048576,pumpswap,DM9Xj9x8A8SEinJdoz4SJH2vdhBdPGSZmhL7DxBgwbBy
2026-04-12T06:22:01.414Z,56MEDV2H1M7DkaikaSg5vpibaSyWhgspCxgPwQJhpump,DNIGGA,filter_1,2026-04-11T19:22:24.852Z,660,2.105e-06,4096,65536,pumpswap,CAhVRREzXYHDvtu6iwACsei9vhv6mexsGm9hpkeVP1Kj
2026-04-12T06:22:01.573Z,A2Px3FMumMJ7W67VEp9ahFXueEyf9aHpei4TTJ5mpump,BABY,filter_3,2026-04-11T19:14:43.120Z,667,6.081e-06,8192,1048576,pumpswap,53UgNjZDC6mXsEDTowHLmKi2Y6jzjH2Ee3ybac7jEQRQ
2026-04-12T06:22:01.758Z,wutj1cNsMWyeu9ub61knDRCwU37aVvYuCBn8ZLPj7JL,ZHONEY,filter_1,2026-04-11T19:04:35.959Z,677,1.071e-05,8192,65536,pumpswap,CtYpMFyZqcJL7mPbDQU9o88g9QpkbzEFSC81J9FzFbF8
2026-04-12T06:22:01.918Z,4oFZFm3s8VKeCnwM2G5X5mZrsPivDyzCLvDYZmVipump,ClawFC,filter_1,2026-04-11T19:00:33.206Z,681,1.228e-05,8192,131072,pumpswap,BnbuPvQe2TNdhS7CSdsCGS1WY7FYu2kZti9adrqkqpZh
2026-04-12T06:22:02.078Z,5rniCpoweGXgsLZZDohw3fZA5yuXgt87df6GHAxWpump,MOTHER,filter_1,2026-04-11T18:17:31.505Z,724,4.726e-06,4096,65536,pumpswap,7dzsEYbuQoK1LLAiae7riygcwphP7BTbK6r7Vv94p28M
2026-04-12T06:22:02.262Z,3i8RByhvAaSWh2VSoVieAPzzmc4DpZC9WHVSsDzBpump,FOOLHOUSE,filter_2,2026-04-11T13:59:09.655Z,983,1.693e-06,4096,524288,pumpswap,G8AJyLtb85QyMbaXZe4k5DdTfLPTD8dEX9xDn2fKqQZD
2026-04-12T06:22:02.447Z,AutFvM5QZqtvjK2SrR8iLwvDEQ7ePnL14Rv7GPFvpump,TripleC,filter_2,2026-04-11T13:57:07.657Z,985,5.516e-06,8192,524288,pumpswap,Cvk9vLXa9wiqWTxb7q5EP3jdPow5ZBrdn1MLRmergW3v
2026-04-12T06:22:02.640Z,Dj2JhqEaKgPDo9se3A1dtSBVV1FFCxAfFa9SBBWmpump,GoldDancer,filter_2,2026-04-11T13:01:12.368Z,1041,4.064e-05,16384,524288,pumpswap,9hovxHG2vADjGPe7S6agGTx5o72kgojobbpC5UVzLdt5
2026-04-12T06:22:02.854Z,ACtfUWtgvaXrQGNMiohTusi5jcx5RJf5zwu9aAxkpump,unc,filter_2,2026-04-11T11:21:14.804Z,1141,0.0005162,65536,2097152,pumpswap,BWFZkx1pMpvwxammwTrizvoWzZZGiFEYUYW6Ee51SHLy
2026-04-12T06:22:03.014Z,51bywes8qqftjWhEZJZ3GvCM2ogximFejkKqa9kMpump,Marina,filter_2,2026-04-11T10:45:10.038Z,1177,4.923e-05,16384,524288,pumpswap,ChmxH4uiGja7C2ht4KurCwXP8LLgtUgibFL1RwLNqeSG
2026-04-12T06:22:03.195Z,22a4gJyiBTjWsTaFAHiHoQTmXsptDy3iBHeqKQADpump,WLFI,filter_2,2026-04-11T08:08:14.642Z,1334,4.68e-05,16384,524288,pumpswap,8JUXPRDDfRbDTN9fsQg1fLKw3u7DM9Cesodu1pcp6WA5
2026-04-12T06:22:03.354Z,J1iyLMzrc4G4WgDVmm33bes1Xwzd1mTcmvP8gubMpump,5,filter_2,2026-04-11T07:45:06.637Z,1357,1.839e-06,4096,524288,pumpswap,1HojmJ4JLUiwXz5PxPMAyvaWvk5WZSHGFm1SyQZHTQ2
2026-04-12T06:22:03.513Z,EQUU2gdzvmabX36rCxKSRSNJKtAedRHEiP8pikC8pump,emi,filter_2,2026-04-11T06:50:09.612Z,1412,4.459e-05,16384,1048576,pumpswap,A1eSqj58a8SWLfY9ecCZcfaWSgjYvEHXimiyoKHWG2qn
2026-04-12T06:26:58.660Z,4CkWXDBNqfqBT5xCon4hrGU3mwqhQ3GSwdQQ1SDnpump,STC,filter_2,2026-04-12T03:49:56.288Z,157,3.182e-05,16384,524288,pumpswap,BfcxnfNQF3cbZmdKbTNvL1fLD4dEjGhXCG9r6JS6EqB4
2026-04-12T06:26:58.846Z,ApvxrH4oet42G4mgHZTtYZ9h2yMwhNZqs7Tqu1Ebpump,NIKUTA,filter_1,2026-04-12T03:23:38.029Z,183,7.838e-06,8192,131072,pumpswap,BLzb2UKri4YMnAeqc8VgWioAz8zN62LrcDsaJB3VcK22
2026-04-12T06:26:59.026Z,D6HZ5Se3X2wEWWYsHp8Ma3wh3yWwFSSdCAFjGC4spump,Cat,filter_4,2026-04-12T03:06:34.258Z,200,2.242e-05,16384,131072,pumpswap,5g91GWPaRMg4DdCUyds858fyAzhaiTVbi563jVKhqLuT
2026-04-12T06:26:59.186Z,7Y445U5CAiLL4icyyPDonXy7zvGGML2TGjyMmwpDpump,WLFI,filter_1,2026-04-12T02:03:35.233Z,263,4.234e-05,16384,131072,pumpswap,EjzyuTwozXjagMTqqN6hjNpEyW3Q7rX3avE2otRRS8hv
2026-04-12T06:26:59.371Z,BRKFJs1jxrYBKR5sxBiuxTTbyipNBmT6GWenb3c9pump,TRUMP47,filter_5,2026-04-12T00:39:59.430Z,347,1.62e-06,4096,524288,pumpswap,EgcA2ShdHZK4Sg7N6H7yGzTjxpTpunRrbzw231wLWeDh
2026-04-12T06:26:59.530Z,5xjSweEeRNTNHXpEiyp1XBUB2D3MMYCuU8khzgiZpump,FUDGE,filter_2,2026-04-12T00:02:34.174Z,384,2.321e-05,16384,32768,pumpswap,GXBAKvHDgXXwxWWGWmrepfpXstnghwVGEqBmAq2EQgQZ
2026-04-12T06:26:59.736Z,AQiYy4igZ6jeUS5nbTymwLaQfnEg5BAjjZsP1EZkEjBU,Dolores,filter_1,2026-04-11T23:52:34.399Z,394,2.819e-06,4096,65536,pumpswap,9MiNdc2ywiYUm2nr2KTGo8UCmjk3TdKLCZ2B4aAtZ9hq
2026-04-12T06:26:59.896Z,yLT7rHdaNkfnqfg5pxXxCTrx1Rsnagod16DnpKBpump,Nilly,filter_1,2026-04-11T23:45:34.391Z,401,2.966e-06,4096,131072,pumpswap,8vjkK4SAhZ6zkX7gox9DQEmpX7MbiKsp2gRjD4dAS21V
2026-04-12T06:27:00.056Z,9oVRwbx3Ray9bK7CKhqwfqY5NaWYjG3xj1DNYg2mpump,brainlet,filter_2,2026-04-11T22:44:55.606Z,462,1.86e-06,4096,524288,pumpswap,2PW331e9D7pmdELA1m1Uyq6pnEuj5BWB8m7dcBGgJ5xo
2026-04-12T06:27:00.217Z,9XhhPHKnvSd9R8Ygr8kHR6n8YNYd7SMzRHHPFeb2pump,doomer,filter_1,2026-04-11T22:10:33.845Z,496,1.714e-06,4096,262144,pumpswap,DqTPbpJo2UfNFy2v4dHjMoFg9S2wid1RZuF8qfwcJrHx
2026-04-12T06:27:00.398Z,2wwDzQLc3pwgcHrkCadio4Hn3bzYyCptRAewJAEXdoge,MARKC,filter_1,2026-04-11T21:57:35.843Z,509,3.008e-06,4096,65536,meteora,2rVNWK9fRajakX19wtrfJKGE3xNWeubnV5VpYxETUvPX
2026-04-12T06:27:00.601Z,NicGVyEGbJhn52gBtqWM18zKGzRSe9js98AZnRwY8eS,NEGRON,filter_2,2026-04-11T21:33:59.338Z,533,2.375e-07,65536,4194304,raydium,2rXfTt3Xh699TtAUruiz6Vs7vdTrsn55bEm2FKt9y8yE
2026-04-12T06:31:58.659Z,BvHneYfnCYjfZE52iUhK4bqkcqJjYjMQUJb5FPhCpump,ALONSHOUSE,filter_2,2026-04-12T03:51:56.774Z,160,0.000134,32768,1048576,pumpswap,6KuCNvUu9NsgTFyo1vQGfeFqsoKq7Jq19LhZeQwtMMVr
2026-04-12T06:31:58.820Z,7cFndW3LZJr5hdT138meuoqQRDR6HYqATxKj2CwPpump,AgentCRM,filter_1,2026-04-12T03:39:36.524Z,172,2.768e-05,16384,262144,pumpswap,9UmjwMC9BVfdCYNaa9xCJwWkJjufeVbQg8xcSqMsSSM5
2026-04-12T06:31:58.979Z,9AEtb967xTMosjp9XFhvHLhscPNYgDWc15jFAZR8pump,RƎ́V,filter_1,2026-04-12T02:44:33.253Z,227,0.000151,32768,16384,pumpswap,EMm9RL2tHvUvygLCu9WkUMBgnu29K2kePzUuWhiSjdMU
2026-04-12T06:31:59.165Z,Hy58kFcGQuZ9qqbiJL5Ka8FPPmqfU6w4zSqNAyzbpump,Zoomer,filter_5,2026-04-12T02:21:55.989Z,250,2.482e-05,16384,524288,pumpswap,EvDD7gjtfLETpF8m8boLppTCHosWoyoy43AKSttyRia9
2026-04-12T06:31:59.355Z,AdD5EMoGMDiGXcgepXQXneB4fEZuS1QvKqDrN876pump,CRAFT,filter_1,2026-04-12T02:18:34.482Z,253,2.126e-05,8192,65536,pumpswap,Fq6wzHyzh8YXvGS7EYBSNPLs7cr3WSLBw4WCpp5Bbk9n
2026-04-12T06:31:59.547Z,8yeUyEaxBkBgcG5i22zR6JiLmVPbA3p6FUBHjFLFpump,MOG,filter_1,2026-04-12T00:53:40.689Z,338,2.735e-06,4096,262144,pumpswap,8jL5pBxjqyhXzGwYDYZhvdifvuSiP7KWzU8ZCGgssRzk
2026-04-12T06:31:59.706Z,VXnX59zHN7j8FrA971nJij7q2RvPSPa3TioV236pump,COG,filter_1,2026-04-11T23:57:38.153Z,394,3.86e-06,4096,262144,pumpswap,DsEyaDvzkJHPnSwDU251c5pCP1V466nMpwh8KQzEeUuU
2026-04-12T06:31:59.864Z,3SNNxUYmrXUc1mQbtV2NGQTuGKVji4y3MWhyESTypump,CASSIE,filter_4,2026-04-11T23:18:36.635Z,433,2.79e-05,16384,131072,pumpswap,B6nQAKbBTm8xTFHBs4xGUqMJJu6JF5mBcmpEv8MPEQ1i
2026-04-12T06:32:00.024Z,6TRyMNFbS6y444mDECfaENQrVnvZP4XzMr2fa6f8pump,Trump,filter_6,2026-04-11T21:07:35.070Z,564,2.017e-06,4096,1048576,pumpswap,BJLaR38FZ2accuRrABzAWdiMeZ8mF3Ky5tL6q853bgBh
2026-04-12T06:32:00.184Z,EamB9vqC1b4aoyPR6t3hn6CWf48yny84xzCuFJMbpump,Peepa,filter_1,2026-04-11T20:47:42.794Z,584,7.129e-05,32768,1048576,pumpswap,BoB3Dvi5eLGFr86BexBPNY2ZXwMNjWhx3FVCep3X2Vj6
2026-04-12T06:32:00.342Z,AQGaTfXDcvinz6DuxfZEKKFp7hmiWDLis4FtK3chpump,Ivunka,filter_3,2026-04-11T20:41:43.544Z,590,2.899e-06,4096,524288,pumpswap,AHBtpXJ7csokwSXddEDxPFYHcA515g234kXTBMhAVRxe
2026-04-12T06:32:00.538Z,BfZ27pSjL3L8Abm8VuRs5MLjjP21Xv5tUL81Rkyepump,WID,filter_4,2026-04-11T20:41:42.289Z,590,1.177e-05,8192,16384,pumpswap,4zmdmfGwoNb2mfF9PJq2N7x38qpQMwBMphD3HMDx6dak
2026-04-12T06:32:00.696Z,EgiJdQ8dbQHWu1uKS6cQBPaF2sK3a7WFpkjHEgdDpump,Dodger,filter_3,2026-04-11T19:29:11.694Z,663,2.082e-05,16384,1048576,pumpswap,7yrRRCzf429YQ1xQgdZZMy5KQ5jtkkDC7gUZWyPerhXr
2026-04-12T06:32:00.855Z,7bfbBZXpMYbNjhZ6eQ8Ch8VFAbgcz4WsrY7JtQKcpump,BOATGUY,filter_1,2026-04-11T19:27:26.855Z,665,5.031e-06,4096,262144,pumpswap,6gALa6BfE8ce8pLYaEFsTkCtxozfbuBR5bMVK3nKeFD4
2026-04-12T06:32:01.038Z,4juv1Wq63My7Bc7rznMZTyuD4aQfRSZGW9uKqFXSpump,Asset,filter_1,2026-04-11T19:27:24.857Z,665,5.791e-06,8192,16384,pumpswap,6g8ZTMKCKvSsVX92g4SKoBESXgrDL2cR1WLg8i7GZPV9
2026-04-12T06:32:01.246Z,Aq6XmZSohMJeRGU9WswbyQo9paEcKrTEs3xdfDFtpump,Lia,filter_1,2026-04-11T19:25:27.104Z,667,1.815e-06,4096,524288,pumpswap,BsFk4E3Hm12Mg27XmBoDPuk27WAC78BPfN98AHHpDPcM
2026-04-12T06:32:01.436Z,AUZnnRTdybeMiHrxfueNyBgLHnu4H39kngUh84WMpump,MELANIA,filter_3,2026-04-11T19:24:02.559Z,668,0.0008966,65536,1048576,pumpswap,DM9Xj9x8A8SEinJdoz4SJH2vdhBdPGSZmhL7DxBgwbBy
2026-04-12T06:32:01.595Z,56MEDV2H1M7DkaikaSg5vpibaSyWhgspCxgPwQJhpump,DNIGGA,filter_1,2026-04-11T19:22:24.852Z,670,2.105e-06,4096,65536,pumpswap,CAhVRREzXYHDvtu6iwACsei9vhv6mexsGm9hpkeVP1Kj
2026-04-12T06:32:01.754Z,A2Px3FMumMJ7W67VEp9ahFXueEyf9aHpei4TTJ5mpump,BABY,filter_3,2026-04-11T19:14:43.120Z,677,6.085e-06,8192,1048576,pumpswap,53UgNjZDC6mXsEDTowHLmKi2Y6jzjH2Ee3ybac7jEQRQ
2026-04-12T06:32:01.915Z,wutj1cNsMWyeu9ub61knDRCwU37aVvYuCBn8ZLPj7JL,ZHONEY,filter_1,2026-04-11T19:04:35.959Z,687,1.278e-05,8192,65536,pumpswap,CtYpMFyZqcJL7mPbDQU9o88g9QpkbzEFSC81J9FzFbF8
2026-04-12T06:32:02.074Z,4oFZFm3s8VKeCnwM2G5X5mZrsPivDyzCLvDYZmVipump,ClawFC,filter_1,2026-04-11T19:00:33.206Z,691,1.199e-05,8192,131072,pumpswap,BnbuPvQe2TNdhS7CSdsCGS1WY7FYu2kZti9adrqkqpZh
2026-04-12T06:32:02.256Z,5rniCpoweGXgsLZZDohw3fZA5yuXgt87df6GHAxWpump,MOTHER,filter_1,2026-04-11T18:17:31.505Z,734,4.678e-06,4096,65536,pumpswap,7dzsEYbuQoK1LLAiae7riygcwphP7BTbK6r7Vv94p28M
2026-04-12T06:32:02.437Z,3i8RByhvAaSWh2VSoVieAPzzmc4DpZC9WHVSsDzBpump,FOOLHOUSE,filter_2,2026-04-11T13:59:09.655Z,993,1.693e-06,4096,524288,pumpswap,G8AJyLtb85QyMbaXZe4k5DdTfLPTD8dEX9xDn2fKqQZD
2026-04-12T06:32:02.621Z,AutFvM5QZqtvjK2SrR8iLwvDEQ7ePnL14Rv7GPFvpump,TripleC,filter_2,2026-04-11T13:57:07.657Z,995,4.516e-06,4096,524288,pumpswap,Cvk9vLXa9wiqWTxb7q5EP3jdPow5ZBrdn1MLRmergW3v
2026-04-12T06:32:02.783Z,Dj2JhqEaKgPDo9se3A1dtSBVV1FFCxAfFa9SBBWmpump,GoldDancer,filter_2,2026-04-11T13:01:12.368Z,1051,4.503e-05,16384,524288,pumpswap,9hovxHG2vADjGPe7S6agGTx5o72kgojobbpC5UVzLdt5
2026-04-12T06:32:02.942Z,ACtfUWtgvaXrQGNMiohTusi5jcx5RJf5zwu9aAxkpump,unc,filter_2,2026-04-11T11:21:14.804Z,1151,0.0005453,65536,2097152,pumpswap,BWFZkx1pMpvwxammwTrizvoWzZZGiFEYUYW6Ee51SHLy
2026-04-12T06:32:03.101Z,51bywes8qqftjWhEZJZ3GvCM2ogximFejkKqa9kMpump,Marina,filter_2,2026-04-11T10:45:10.038Z,1187,4.248e-05,16384,524288,pumpswap,ChmxH4uiGja7C2ht4KurCwXP8LLgtUgibFL1RwLNqeSG
2026-04-12T06:32:03.296Z,22a4gJyiBTjWsTaFAHiHoQTmXsptDy3iBHeqKQADpump,WLFI,filter_2,2026-04-11T08:08:14.642Z,1344,4.665e-05,16384,524288,pumpswap,8JUXPRDDfRbDTN9fsQg1fLKw3u7DM9Cesodu1pcp6WA5
2026-04-12T06:32:03.486Z,J1iyLMzrc4G4WgDVmm33bes1Xwzd1mTcmvP8gubMpump,5,filter_2,2026-04-11T07:45:06.637Z,1367,1.839e-06,4096,524288,pumpswap,1HojmJ4JLUiwXz5PxPMAyvaWvk5WZSHGFm1SyQZHTQ2
2026-04-12T06:32:03.645Z,EQUU2gdzvmabX36rCxKSRSNJKtAedRHEiP8pikC8pump,emi,filter_2,2026-04-11T06:50:09.612Z,1422,4.31e-05,16384,1048576,pumpswap,A1eSqj58a8SWLfY9ecCZcfaWSgjYvEHXimiyoKHWG2qn
2026-04-12T06:36:58.655Z,4CkWXDBNqfqBT5xCon4hrGU3mwqhQ3GSwdQQ1SDnpump,STC,filter_2,2026-04-12T06:33:34.615Z,3,3.171e-05,16384,524288,pumpswap,BfcxnfNQF3cbZmdKbTNvL1fLD4dEjGhXCG9r6JS6EqB4
2026-04-12T06:36:58.850Z,ApvxrH4oet42G4mgHZTtYZ9h2yMwhNZqs7Tqu1Ebpump,NIKUTA,filter_1,2026-04-12T03:23:38.029Z,193,6.81e-06,8192,131072,pumpswap,BLzb2UKri4YMnAeqc8VgWioAz8zN62LrcDsaJB3VcK22
2026-04-12T06:36:59.009Z,D6HZ5Se3X2wEWWYsHp8Ma3wh3yWwFSSdCAFjGC4spump,Cat,filter_4,2026-04-12T03:06:34.258Z,210,2.182e-05,16384,131072,pumpswap,5g91GWPaRMg4DdCUyds858fyAzhaiTVbi563jVKhqLuT
2026-04-12T06:36:59.169Z,7Y445U5CAiLL4icyyPDonXy7zvGGML2TGjyMmwpDpump,WLFI,filter_1,2026-04-12T02:03:35.233Z,273,4.424e-05,16384,131072,pumpswap,EjzyuTwozXjagMTqqN6hjNpEyW3Q7rX3avE2otRRS8hv
2026-04-12T06:36:59.352Z,BRKFJs1jxrYBKR5sxBiuxTTbyipNBmT6GWenb3c9pump,TRUMP47,filter_5,2026-04-12T00:39:59.430Z,357,1.62e-06,4096,524288,pumpswap,EgcA2ShdHZK4Sg7N6H7yGzTjxpTpunRrbzw231wLWeDh
2026-04-12T06:36:59.536Z,5xjSweEeRNTNHXpEiyp1XBUB2D3MMYCuU8khzgiZpump,FUDGE,filter_2,2026-04-12T00:02:34.174Z,394,2.352e-05,16384,32768,pumpswap,GXBAKvHDgXXwxWWGWmrepfpXstnghwVGEqBmAq2EQgQZ
2026-04-12T06:36:59.723Z,AQiYy4igZ6jeUS5nbTymwLaQfnEg5BAjjZsP1EZkEjBU,Dolores,filter_1,2026-04-11T23:52:34.399Z,404,2.747e-06,4096,65536,pumpswap,9MiNdc2ywiYUm2nr2KTGo8UCmjk3TdKLCZ2B4aAtZ9hq
2026-04-12T06:36:59.881Z,yLT7rHdaNkfnqfg5pxXxCTrx1Rsnagod16DnpKBpump,Nilly,filter_1,2026-04-11T23:45:34.391Z,411,2.963e-06,4096,131072,pumpswap,8vjkK4SAhZ6zkX7gox9DQEmpX7MbiKsp2gRjD4dAS21V
2026-04-12T06:37:00.045Z,9oVRwbx3Ray9bK7CKhqwfqY5NaWYjG3xj1DNYg2mpump,brainlet,filter_2,2026-04-11T22:44:55.606Z,472,1.86e-06,4096,524288,pumpswap,2PW331e9D7pmdELA1m1Uyq6pnEuj5BWB8m7dcBGgJ5xo
2026-04-12T06:37:00.205Z,9XhhPHKnvSd9R8Ygr8kHR6n8YNYd7SMzRHHPFeb2pump,doomer,filter_1,2026-04-11T22:10:33.845Z,506,1.714e-06,4096,262144,pumpswap,DqTPbpJo2UfNFy2v4dHjMoFg9S2wid1RZuF8qfwcJrHx
2026-04-12T06:37:00.420Z,2wwDzQLc3pwgcHrkCadio4Hn3bzYyCptRAewJAEXdoge,MARKC,filter_1,2026-04-11T21:57:35.843Z,519,2.991e-06,4096,65536,meteora,2rVNWK9fRajakX19wtrfJKGE3xNWeubnV5VpYxETUvPX
2026-04-12T06:37:00.581Z,NicGVyEGbJhn52gBtqWM18zKGzRSe9js98AZnRwY8eS,NEGRON,filter_2,2026-04-11T21:33:59.338Z,543,2.374e-07,65536,4194304,raydium,2rXfTt3Xh699TtAUruiz6Vs7vdTrsn55bEm2FKt9y8yE
2026-04-12T06:41:58.654Z,BvHneYfnCYjfZE52iUhK4bqkcqJjYjMQUJb5FPhCpump,ALONSHOUSE,filter_2,2026-04-12T03:51:56.774Z,170,0.0001393,32768,1048576,pumpswap,6KuCNvUu9NsgTFyo1vQGfeFqsoKq7Jq19LhZeQwtMMVr
2026-04-12T06:41:58.839Z,7cFndW3LZJr5hdT138meuoqQRDR6HYqATxKj2CwPpump,AgentCRM,filter_1,2026-04-12T03:39:36.524Z,182,2.658e-05,16384,262144,pumpswap,9UmjwMC9BVfdCYNaa9xCJwWkJjufeVbQg8xcSqMsSSM5
2026-04-12T06:41:58.999Z,9AEtb967xTMosjp9XFhvHLhscPNYgDWc15jFAZR8pump,RƎ́V,filter_1,2026-04-12T02:44:33.253Z,237,0.0001507,32768,16384,pumpswap,EMm9RL2tHvUvygLCu9WkUMBgnu29K2kePzUuWhiSjdMU
2026-04-12T06:41:59.159Z,Hy58kFcGQuZ9qqbiJL5Ka8FPPmqfU6w4zSqNAyzbpump,Zoomer,filter_5,2026-04-12T02:21:55.989Z,260,2.748e-05,16384,524288,pumpswap,EvDD7gjtfLETpF8m8boLppTCHosWoyoy43AKSttyRia9
2026-04-12T06:41:59.318Z,AdD5EMoGMDiGXcgepXQXneB4fEZuS1QvKqDrN876pump,CRAFT,filter_1,2026-04-12T02:18:34.482Z,263,2.104e-05,8192,65536,pumpswap,Fq6wzHyzh8YXvGS7EYBSNPLs7cr3WSLBw4WCpp5Bbk9n
2026-04-12T06:41:59.478Z,8yeUyEaxBkBgcG5i22zR6JiLmVPbA3p6FUBHjFLFpump,MOG,filter_1,2026-04-12T00:53:40.689Z,348,2.709e-06,4096,262144,pumpswap,8jL5pBxjqyhXzGwYDYZhvdifvuSiP7KWzU8ZCGgssRzk
2026-04-12T06:41:59.637Z,VXnX59zHN7j8FrA971nJij7q2RvPSPa3TioV236pump,COG,filter_1,2026-04-11T23:57:38.153Z,404,4.316e-06,4096,262144,pumpswap,DsEyaDvzkJHPnSwDU251c5pCP1V466nMpwh8KQzEeUuU
2026-04-12T06:41:59.820Z,3SNNxUYmrXUc1mQbtV2NGQTuGKVji4y3MWhyESTypump,CASSIE,filter_4,2026-04-11T23:18:36.635Z,443,2.723e-05,16384,131072,pumpswap,B6nQAKbBTm8xTFHBs4xGUqMJJu6JF5mBcmpEv8MPEQ1i
2026-04-12T06:41:59.980Z,6TRyMNFbS6y444mDECfaENQrVnvZP4XzMr2fa6f8pump,Trump,filter_6,2026-04-11T21:07:35.070Z,574,2.017e-06,4096,1048576,pumpswap,BJLaR38FZ2accuRrABzAWdiMeZ8mF3Ky5tL6q853bgBh
2026-04-12T06:42:00.140Z,EamB9vqC1b4aoyPR6t3hn6CWf48yny84xzCuFJMbpump,Peepa,filter_1,2026-04-11T20:47:42.794Z,594,7.345e-05,32768,1048576,pumpswap,BoB3Dvi5eLGFr86BexBPNY2ZXwMNjWhx3FVCep3X2Vj6
2026-04-12T06:42:00.299Z,AQGaTfXDcvinz6DuxfZEKKFp7hmiWDLis4FtK3chpump,Ivunka,filter_3,2026-04-11T20:41:43.544Z,600,2.903e-06,4096,524288,pumpswap,AHBtpXJ7csokwSXddEDxPFYHcA515g234kXTBMhAVRxe
2026-04-12T06:42:00.461Z,BfZ27pSjL3L8Abm8VuRs5MLjjP21Xv5tUL81Rkyepump,WID,filter_4,2026-04-11T20:41:42.289Z,600,1.177e-05,8192,16384,pumpswap,4zmdmfGwoNb2mfF9PJq2N7x38qpQMwBMphD3HMDx6dak
2026-04-12T06:42:00.621Z,EgiJdQ8dbQHWu1uKS6cQBPaF2sK3a7WFpkjHEgdDpump,Dodger,filter_3,2026-04-11T19:29:11.694Z,673,2.004e-05,16384,1048576,pumpswap,7yrRRCzf429YQ1xQgdZZMy5KQ5jtkkDC7gUZWyPerhXr
2026-04-12T06:42:00.781Z,7bfbBZXpMYbNjhZ6eQ8Ch8VFAbgcz4WsrY7JtQKcpump,BOATGUY,filter_1,2026-04-11T19:27:26.855Z,675,4.936e-06,4096,262144,pumpswap,6gALa6BfE8ce8pLYaEFsTkCtxozfbuBR5bMVK3nKeFD4
2026-04-12T06:42:00.976Z,4juv1Wq63My7Bc7rznMZTyuD4aQfRSZGW9uKqFXSpump,Asset,filter_1,2026-04-11T19:27:24.857Z,675,6.115e-06,8192,16384,pumpswap,6g8ZTMKCKvSsVX92g4SKoBESXgrDL2cR1WLg8i7GZPV9
2026-04-12T06:42:01.136Z,Aq6XmZSohMJeRGU9WswbyQo9paEcKrTEs3xdfDFtpump,Lia,filter_1,2026-04-11T19:25:27.104Z,677,1.815e-06,4096,524288,pumpswap,BsFk4E3Hm12Mg27XmBoDPuk27WAC78BPfN98AHHpDPcM
2026-04-12T06:42:01.296Z,AUZnnRTdybeMiHrxfueNyBgLHnu4H39kngUh84WMpump,MELANIA,filter_3,2026-04-11T19:24:02.559Z,678,0.0009368,65536,1048576,pumpswap,DM9Xj9x8A8SEinJdoz4SJH2vdhBdPGSZmhL7DxBgwbBy
2026-04-12T06:42:01.456Z,56MEDV2H1M7DkaikaSg5vpibaSyWhgspCxgPwQJhpump,DNIGGA,filter_1,2026-04-11T19:22:24.852Z,680,2.107e-06,4096,65536,pumpswap,CAhVRREzXYHDvtu6iwACsei9vhv6mexsGm9hpkeVP1Kj
2026-04-12T06:42:01.639Z,A2Px3FMumMJ7W67VEp9ahFXueEyf9aHpei4TTJ5mpump,BABY,filter_3,2026-04-11T19:14:43.120Z,687,6.339e-06,8192,1048576,pumpswap,53UgNjZDC6mXsEDTowHLmKi2Y6jzjH2Ee3ybac7jEQRQ
2026-04-12T06:42:01.799Z,wutj1cNsMWyeu9ub61knDRCwU37aVvYuCBn8ZLPj7JL,ZHONEY,filter_1,2026-04-11T19:04:35.959Z,697,1.687e-05,8192,65536,pumpswap,CtYpMFyZqcJL7mPbDQU9o88g9QpkbzEFSC81J9FzFbF8
2026-04-12T06:42:01.986Z,4oFZFm3s8VKeCnwM2G5X5mZrsPivDyzCLvDYZmVipump,ClawFC,filter_1,2026-04-11T19:00:33.206Z,701,1.208e-05,8192,131072,pumpswap,BnbuPvQe2TNdhS7CSdsCGS1WY7FYu2kZti9adrqkqpZh
2026-04-12T06:42:02.146Z,5rniCpoweGXgsLZZDohw3fZA5yuXgt87df6GHAxWpump,MOTHER,filter_1,2026-04-11T18:17:31.505Z,744,4.583e-06,4096,65536,pumpswap,7dzsEYbuQoK1LLAiae7riygcwphP7BTbK6r7Vv94p28M
2026-04-12T06:42:02.306Z,3i8RByhvAaSWh2VSoVieAPzzmc4DpZC9WHVSsDzBpump,FOOLHOUSE,filter_2,2026-04-11T13:59:09.655Z,1003,1.693e-06,4096,524288,pumpswap,G8AJyLtb85QyMbaXZe4k5DdTfLPTD8dEX9xDn2fKqQZD
2026-04-12T06:42:02.487Z,AutFvM5QZqtvjK2SrR8iLwvDEQ7ePnL14Rv7GPFvpump,TripleC,filter_2,2026-04-11T13:57:07.657Z,1005,4.665e-06,4096,524288,pumpswap,Cvk9vLXa9wiqWTxb7q5EP3jdPow5ZBrdn1MLRmergW3v
2026-04-12T06:42:02.652Z,Dj2JhqEaKgPDo9se3A1dtSBVV1FFCxAfFa9SBBWmpump,GoldDancer,filter_2,2026-04-11T13:01:12.368Z,1061,3.995e-05,16384,524288,pumpswap,9hovxHG2vADjGPe7S6agGTx5o72kgojobbpC5UVzLdt5
2026-04-12T06:42:02.811Z,ACtfUWtgvaXrQGNMiohTusi5jcx5RJf5zwu9aAxkpump,unc,filter_2,2026-04-11T11:21:14.804Z,1161,0.0005426,65536,2097152,pumpswap,BWFZkx1pMpvwxammwTrizvoWzZZGiFEYUYW6Ee51SHLy
2026-04-12T06:42:03.002Z,51bywes8qqftjWhEZJZ3GvCM2ogximFejkKqa9kMpump,Marina,filter_2,2026-04-11T10:45:10.038Z,1197,4.512e-05,16384,524288,pumpswap,ChmxH4uiGja7C2ht4KurCwXP8LLgtUgibFL1RwLNqeSG
2026-04-12T06:42:03.185Z,22a4gJyiBTjWsTaFAHiHoQTmXsptDy3iBHeqKQADpump,WLFI,filter_2,2026-04-11T08:08:14.642Z,1354,4.86e-05,16384,524288,pumpswap,8JUXPRDDfRbDTN9fsQg1fLKw3u7DM9Cesodu1pcp6WA5
2026-04-12T06:42:03.369Z,J1iyLMzrc4G4WgDVmm33bes1Xwzd1mTcmvP8gubMpump,5,filter_2,2026-04-11T07:45:06.637Z,1377,1.839e-06,4096,524288,pumpswap,1HojmJ4JLUiwXz5PxPMAyvaWvk5WZSHGFm1SyQZHTQ2
2026-04-12T06:42:03.528Z,EQUU2gdzvmabX36rCxKSRSNJKtAedRHEiP8pikC8pump,emi,filter_2,2026-04-11T06:50:09.612Z,1432,3.954e-05,16384,1048576,pumpswap,A1eSqj58a8SWLfY9ecCZcfaWSgjYvEHXimiyoKHWG2qn
2026-04-12T06:46:58.682Z,EmtpJyHqWqH2xGvdag4DyLFNfnjDM6qTAv9QN17npump,tremp,filter_1,2026-04-12T06:43:33.867Z,3,2.071e-06,4096,262144,pumpswap,3a9vYs5m15vkxtMDLHRNagay3WuJ6FKSNJapdU3qh4rh
2026-04-12T06:46:58.844Z,4CkWXDBNqfqBT5xCon4hrGU3mwqhQ3GSwdQQ1SDnpump,STC,filter_2,2026-04-12T06:33:34.615Z,13,3.722e-05,16384,524288,pumpswap,BfcxnfNQF3cbZmdKbTNvL1fLD4dEjGhXCG9r6JS6EqB4
2026-04-12T06:46:59.001Z,ApvxrH4oet42G4mgHZTtYZ9h2yMwhNZqs7Tqu1Ebpump,NIKUTA,filter_1,2026-04-12T03:23:38.029Z,203,6.757e-06,8192,131072,pumpswap,BLzb2UKri4YMnAeqc8VgWioAz8zN62LrcDsaJB3VcK22
2026-04-12T06:46:59.162Z,D6HZ5Se3X2wEWWYsHp8Ma3wh3yWwFSSdCAFjGC4spump,Cat,filter_4,2026-04-12T03:06:34.258Z,220,2.122e-05,16384,131072,pumpswap,5g91GWPaRMg4DdCUyds858fyAzhaiTVbi563jVKhqLuT
2026-04-12T06:46:59.321Z,7Y445U5CAiLL4icyyPDonXy7zvGGML2TGjyMmwpDpump,WLFI,filter_1,2026-04-12T02:03:35.233Z,283,3.816e-05,16384,131072,pumpswap,EjzyuTwozXjagMTqqN6hjNpEyW3Q7rX3avE2otRRS8hv
2026-04-12T06:46:59.480Z,BRKFJs1jxrYBKR5sxBiuxTTbyipNBmT6GWenb3c9pump,TRUMP47,filter_5,2026-04-12T00:39:59.430Z,367,1.62e-06,4096,524288,pumpswap,EgcA2ShdHZK4Sg7N6H7yGzTjxpTpunRrbzw231wLWeDh
2026-04-12T06:46:59.639Z,5xjSweEeRNTNHXpEiyp1XBUB2D3MMYCuU8khzgiZpump,FUDGE,filter_2,2026-04-12T00:02:34.174Z,404,2.32e-05,16384,32768,pumpswap,GXBAKvHDgXXwxWWGWmrepfpXstnghwVGEqBmAq2EQgQZ
2026-04-12T06:46:59.822Z,AQiYy4igZ6jeUS5nbTymwLaQfnEg5BAjjZsP1EZkEjBU,Dolores,filter_1,2026-04-11T23:52:34.399Z,414,2.747e-06,4096,65536,pumpswap,9MiNdc2ywiYUm2nr2KTGo8UCmjk3TdKLCZ2B4aAtZ9hq
2026-04-12T06:46:59.982Z,yLT7rHdaNkfnqfg5pxXxCTrx1Rsnagod16DnpKBpump,Nilly,filter_1,2026-04-11T23:45:34.391Z,421,2.963e-06,4096,131072,pumpswap,8vjkK4SAhZ6zkX7gox9DQEmpX7MbiKsp2gRjD4dAS21V
2026-04-12T06:47:00.140Z,9oVRwbx3Ray9bK7CKhqwfqY5NaWYjG3xj1DNYg2mpump,brainlet,filter_2,2026-04-11T22:44:55.606Z,482,1.845e-06,4096,524288,pumpswap,2PW331e9D7pmdELA1m1Uyq6pnEuj5BWB8m7dcBGgJ5xo
2026-04-12T06:47:00.300Z,9XhhPHKnvSd9R8Ygr8kHR6n8YNYd7SMzRHHPFeb2pump,doomer,filter_1,2026-04-11T22:10:33.845Z,516,1.714e-06,4096,262144,pumpswap,DqTPbpJo2UfNFy2v4dHjMoFg9S2wid1RZuF8qfwcJrHx
2026-04-12T06:47:00.486Z,2wwDzQLc3pwgcHrkCadio4Hn3bzYyCptRAewJAEXdoge,MARKC,filter_1,2026-04-11T21:57:35.843Z,529,2.962e-06,4096,65536,meteora,2rVNWK9fRajakX19wtrfJKGE3xNWeubnV5VpYxETUvPX
2026-04-12T06:47:00.645Z,NicGVyEGbJhn52gBtqWM18zKGzRSe9js98AZnRwY8eS,NEGRON,filter_2,2026-04-11T21:33:59.338Z,553,2.478e-07,65536,4194304,raydium,2rXfTt3Xh699TtAUruiz6Vs7vdTrsn55bEm2FKt9y8yE
2026-04-12T06:51:58.655Z,BvHneYfnCYjfZE52iUhK4bqkcqJjYjMQUJb5FPhCpump,ALONSHOUSE,filter_2,2026-04-12T03:51:56.774Z,180,0.000134,32768,1048576,pumpswap,6KuCNvUu9NsgTFyo1vQGfeFqsoKq7Jq19LhZeQwtMMVr
2026-04-12T06:51:58.814Z,7cFndW3LZJr5hdT138meuoqQRDR6HYqATxKj2CwPpump,AgentCRM,filter_1,2026-04-12T03:39:36.524Z,192,2.622e-05,16384,262144,pumpswap,9UmjwMC9BVfdCYNaa9xCJwWkJjufeVbQg8xcSqMsSSM5
2026-04-12T06:51:58.976Z,9AEtb967xTMosjp9XFhvHLhscPNYgDWc15jFAZR8pump,RƎ́V,filter_1,2026-04-12T02:44:33.253Z,247,0.0001522,32768,16384,pumpswap,EMm9RL2tHvUvygLCu9WkUMBgnu29K2kePzUuWhiSjdMU
2026-04-12T06:51:59.138Z,Hy58kFcGQuZ9qqbiJL5Ka8FPPmqfU6w4zSqNAyzbpump,Zoomer,filter_5,2026-04-12T02:21:55.989Z,270,2.541e-05,16384,524288,pumpswap,EvDD7gjtfLETpF8m8boLppTCHosWoyoy43AKSttyRia9
2026-04-12T06:51:59.296Z,AdD5EMoGMDiGXcgepXQXneB4fEZuS1QvKqDrN876pump,CRAFT,filter_1,2026-04-12T02:18:34.482Z,273,2.173e-05,8192,65536,pumpswap,Fq6wzHyzh8YXvGS7EYBSNPLs7cr3WSLBw4WCpp5Bbk9n
2026-04-12T06:51:59.458Z,8yeUyEaxBkBgcG5i22zR6JiLmVPbA3p6FUBHjFLFpump,MOG,filter_1,2026-04-12T00:53:40.689Z,358,2.709e-06,4096,262144,pumpswap,8jL5pBxjqyhXzGwYDYZhvdifvuSiP7KWzU8ZCGgssRzk
2026-04-12T06:51:59.617Z,VXnX59zHN7j8FrA971nJij7q2RvPSPa3TioV236pump,COG,filter_1,2026-04-11T23:57:38.153Z,414,4.295e-06,4096,262144,pumpswap,DsEyaDvzkJHPnSwDU251c5pCP1V466nMpwh8KQzEeUuU
2026-04-12T06:51:59.775Z,3SNNxUYmrXUc1mQbtV2NGQTuGKVji4y3MWhyESTypump,CASSIE,filter_4,2026-04-11T23:18:36.635Z,453,2.696e-05,16384,131072,pumpswap,B6nQAKbBTm8xTFHBs4xGUqMJJu6JF5mBcmpEv8MPEQ1i
2026-04-12T06:51:59.957Z,6TRyMNFbS6y444mDECfaENQrVnvZP4XzMr2fa6f8pump,Trump,filter_6,2026-04-11T21:07:35.070Z,584,2.005e-06,4096,1048576,pumpswap,BJLaR38FZ2accuRrABzAWdiMeZ8mF3Ky5tL6q853bgBh
2026-04-12T06:52:00.119Z,EamB9vqC1b4aoyPR6t3hn6CWf48yny84xzCuFJMbpump,Peepa,filter_1,2026-04-11T20:47:42.794Z,604,6.224e-05,16384,1048576,pumpswap,BoB3Dvi5eLGFr86BexBPNY2ZXwMNjWhx3FVCep3X2Vj6
2026-04-12T06:52:00.281Z,AQGaTfXDcvinz6DuxfZEKKFp7hmiWDLis4FtK3chpump,Ivunka,filter_3,2026-04-11T20:41:43.544Z,610,2.903e-06,4096,524288,pumpswap,AHBtpXJ7csokwSXddEDxPFYHcA515g234kXTBMhAVRxe
2026-04-12T06:52:00.496Z,BfZ27pSjL3L8Abm8VuRs5MLjjP21Xv5tUL81Rkyepump,WID,filter_4,2026-04-11T20:41:42.289Z,610,1.177e-05,8192,16384,pumpswap,4zmdmfGwoNb2mfF9PJq2N7x38qpQMwBMphD3HMDx6dak
2026-04-12T06:52:00.655Z,EgiJdQ8dbQHWu1uKS6cQBPaF2sK3a7WFpkjHEgdDpump,Dodger,filter_3,2026-04-11T19:29:11.694Z,683,2.093e-05,16384,1048576,pumpswap,7yrRRCzf429YQ1xQgdZZMy5KQ5jtkkDC7gUZWyPerhXr
2026-04-12T06:52:00.815Z,7bfbBZXpMYbNjhZ6eQ8Ch8VFAbgcz4WsrY7JtQKcpump,BOATGUY,filter_1,2026-04-11T19:27:26.855Z,685,4.886e-06,4096,262144,pumpswap,6gALa6BfE8ce8pLYaEFsTkCtxozfbuBR5bMVK3nKeFD4
2026-04-12T06:52:01.008Z,4juv1Wq63My7Bc7rznMZTyuD4aQfRSZGW9uKqFXSpump,Asset,filter_1,2026-04-11T19:27:24.857Z,685,6.115e-06,8192,16384,pumpswap,6g8ZTMKCKvSsVX92g4SKoBESXgrDL2cR1WLg8i7GZPV9
2026-04-12T06:52:01.168Z,Aq6XmZSohMJeRGU9WswbyQo9paEcKrTEs3xdfDFtpump,Lia,filter_1,2026-04-11T19:25:27.104Z,687,1.815e-06,4096,524288,pumpswap,BsFk4E3Hm12Mg27XmBoDPuk27WAC78BPfN98AHHpDPcM
2026-04-12T06:52:01.327Z,AUZnnRTdybeMiHrxfueNyBgLHnu4H39kngUh84WMpump,MELANIA,filter_3,2026-04-11T19:24:02.559Z,688,0.0009015,65536,1048576,pumpswap,DM9Xj9x8A8SEinJdoz4SJH2vdhBdPGSZmhL7DxBgwbBy
2026-04-12T06:52:01.486Z,56MEDV2H1M7DkaikaSg5vpibaSyWhgspCxgPwQJhpump,DNIGGA,filter_1,2026-04-11T19:22:24.852Z,690,2.294e-06,4096,65536,pumpswap,CAhVRREzXYHDvtu6iwACsei9vhv6mexsGm9hpkeVP1Kj
2026-04-12T06:52:01.645Z,A2Px3FMumMJ7W67VEp9ahFXueEyf9aHpei4TTJ5mpump,BABY,filter_3,2026-04-11T19:14:43.120Z,697,5.903e-06,8192,1048576,pumpswap,53UgNjZDC6mXsEDTowHLmKi2Y6jzjH2Ee3ybac7jEQRQ
2026-04-12T06:52:01.804Z,wutj1cNsMWyeu9ub61knDRCwU37aVvYuCBn8ZLPj7JL,ZHONEY,filter_1,2026-04-11T19:04:35.959Z,707,1.266e-05,8192,65536,pumpswap,CtYpMFyZqcJL7mPbDQU9o88g9QpkbzEFSC81J9FzFbF8
2026-04-12T06:52:01.963Z,4oFZFm3s8VKeCnwM2G5X5mZrsPivDyzCLvDYZmVipump,ClawFC,filter_1,2026-04-11T19:00:33.206Z,711,9.949e-06,8192,131072,pumpswap,BnbuPvQe2TNdhS7CSdsCGS1WY7FYu2kZti9adrqkqpZh
2026-04-12T06:52:02.125Z,5rniCpoweGXgsLZZDohw3fZA5yuXgt87df6GHAxWpump,MOTHER,filter_1,2026-04-11T18:17:31.505Z,754,4.583e-06,4096,65536,pumpswap,7dzsEYbuQoK1LLAiae7riygcwphP7BTbK6r7Vv94p28M
2026-04-12T06:52:02.306Z,3i8RByhvAaSWh2VSoVieAPzzmc4DpZC9WHVSsDzBpump,FOOLHOUSE,filter_2,2026-04-11T13:59:09.655Z,1013,1.693e-06,4096,524288,pumpswap,G8AJyLtb85QyMbaXZe4k5DdTfLPTD8dEX9xDn2fKqQZD
2026-04-12T06:52:02.490Z,AutFvM5QZqtvjK2SrR8iLwvDEQ7ePnL14Rv7GPFvpump,TripleC,filter_2,2026-04-11T13:57:07.657Z,1015,4.665e-06,4096,524288,pumpswap,Cvk9vLXa9wiqWTxb7q5EP3jdPow5ZBrdn1MLRmergW3v
2026-04-12T06:52:02.649Z,Dj2JhqEaKgPDo9se3A1dtSBVV1FFCxAfFa9SBBWmpump,GoldDancer,filter_2,2026-04-11T13:01:12.368Z,1071,4.622e-05,16384,524288,pumpswap,9hovxHG2vADjGPe7S6agGTx5o72kgojobbpC5UVzLdt5
2026-04-12T06:52:02.807Z,ACtfUWtgvaXrQGNMiohTusi5jcx5RJf5zwu9aAxkpump,unc,filter_2,2026-04-11T11:21:14.804Z,1171,0.0005746,65536,2097152,pumpswap,BWFZkx1pMpvwxammwTrizvoWzZZGiFEYUYW6Ee51SHLy
2026-04-12T06:52:02.966Z,51bywes8qqftjWhEZJZ3GvCM2ogximFejkKqa9kMpump,Marina,filter_2,2026-04-11T10:45:10.038Z,1207,3.628e-05,16384,524288,pumpswap,ChmxH4uiGja7C2ht4KurCwXP8LLgtUgibFL1RwLNqeSG
2026-04-12T06:52:03.148Z,22a4gJyiBTjWsTaFAHiHoQTmXsptDy3iBHeqKQADpump,WLFI,filter_2,2026-04-11T08:08:14.642Z,1364,4.803e-05,16384,524288,pumpswap,8JUXPRDDfRbDTN9fsQg1fLKw3u7DM9Cesodu1pcp6WA5
2026-04-12T06:52:03.306Z,J1iyLMzrc4G4WgDVmm33bes1Xwzd1mTcmvP8gubMpump,5,filter_2,2026-04-11T07:45:06.637Z,1387,1.839e-06,4096,262144,pumpswap,1HojmJ4JLUiwXz5PxPMAyvaWvk5WZSHGFm1SyQZHTQ2
2026-04-12T06:56:58.686Z,EmtpJyHqWqH2xGvdag4DyLFNfnjDM6qTAv9QN17npump,tremp,filter_1,2026-04-12T06:53:33.876Z,3,2.071e-06,4096,262144,pumpswap,3a9vYs5m15vkxtMDLHRNagay3WuJ6FKSNJapdU3qh4rh
2026-04-12T06:56:58.849Z,4CkWXDBNqfqBT5xCon4hrGU3mwqhQ3GSwdQQ1SDnpump,STC,filter_2,2026-04-12T06:33:34.615Z,23,4.031e-05,16384,524288,pumpswap,BfcxnfNQF3cbZmdKbTNvL1fLD4dEjGhXCG9r6JS6EqB4
2026-04-12T06:56:59.032Z,ApvxrH4oet42G4mgHZTtYZ9h2yMwhNZqs7Tqu1Ebpump,NIKUTA,filter_1,2026-04-12T03:23:38.029Z,213,6.749e-06,8192,131072,pumpswap,BLzb2UKri4YMnAeqc8VgWioAz8zN62LrcDsaJB3VcK22
2026-04-12T06:56:59.216Z,D6HZ5Se3X2wEWWYsHp8Ma3wh3yWwFSSdCAFjGC4spump,Cat,filter_4,2026-04-12T03:06:34.258Z,230,1.897e-05,16384,131072,pumpswap,5g91GWPaRMg4DdCUyds858fyAzhaiTVbi563jVKhqLuT
2026-04-12T06:56:59.376Z,7Y445U5CAiLL4icyyPDonXy7zvGGML2TGjyMmwpDpump,WLFI,filter_1,2026-04-12T02:03:35.233Z,293,3.755e-05,16384,262144,pumpswap,EjzyuTwozXjagMTqqN6hjNpEyW3Q7rX3avE2otRRS8hv
2026-04-12T06:56:59.569Z,BRKFJs1jxrYBKR5sxBiuxTTbyipNBmT6GWenb3c9pump,TRUMP47,filter_5,2026-04-12T00:39:59.430Z,377,1.597e-06,4096,524288,pumpswap,EgcA2ShdHZK4Sg7N6H7yGzTjxpTpunRrbzw231wLWeDh
2026-04-12T06:56:59.730Z,5xjSweEeRNTNHXpEiyp1XBUB2D3MMYCuU8khzgiZpump,FUDGE,filter_2,2026-04-12T00:02:34.174Z,414,2.371e-05,16384,32768,pumpswap,GXBAKvHDgXXwxWWGWmrepfpXstnghwVGEqBmAq2EQgQZ
2026-04-12T06:56:59.915Z,AQiYy4igZ6jeUS5nbTymwLaQfnEg5BAjjZsP1EZkEjBU,Dolores,filter_1,2026-04-11T23:52:34.399Z,424,2.719e-06,4096,65536,pumpswap,9MiNdc2ywiYUm2nr2KTGo8UCmjk3TdKLCZ2B4aAtZ9hq
2026-04-12T06:57:00.077Z,yLT7rHdaNkfnqfg5pxXxCTrx1Rsnagod16DnpKBpump,Nilly,filter_1,2026-04-11T23:45:34.391Z,431,2.963e-06,4096,131072,pumpswap,8vjkK4SAhZ6zkX7gox9DQEmpX7MbiKsp2gRjD4dAS21V
2026-04-12T06:57:00.237Z,9oVRwbx3Ray9bK7CKhqwfqY5NaWYjG3xj1DNYg2mpump,brainlet,filter_2,2026-04-11T22:44:55.606Z,492,1.845e-06,4096,524288,pumpswap,2PW331e9D7pmdELA1m1Uyq6pnEuj5BWB8m7dcBGgJ5xo
2026-04-12T06:57:00.397Z,9XhhPHKnvSd9R8Ygr8kHR6n8YNYd7SMzRHHPFeb2pump,doomer,filter_1,2026-04-11T22:10:33.845Z,526,1.714e-06,4096,262144,pumpswap,DqTPbpJo2UfNFy2v4dHjMoFg9S2wid1RZuF8qfwcJrHx
2026-04-12T06:57:00.581Z,2wwDzQLc3pwgcHrkCadio4Hn3bzYyCptRAewJAEXdoge,MARKC,filter_1,2026-04-11T21:57:35.843Z,539,2.976e-06,4096,65536,meteora,2rVNWK9fRajakX19wtrfJKGE3xNWeubnV5VpYxETUvPX
2026-04-12T06:57:00.740Z,NicGVyEGbJhn52gBtqWM18zKGzRSe9js98AZnRwY8eS,NEGRON,filter_2,2026-04-11T21:33:59.338Z,563,2.597e-07,65536,4194304,raydium,2rXfTt3Xh699TtAUruiz6Vs7vdTrsn55bEm2FKt9y8yE
2026-04-12T07:01:58.659Z,GjHiCdvt1Zeti6rdSJeCqdkNMQKcxCkShRss5rGLWwbF,GNWR,filter_2,2026-04-12T07:01:56.416Z,0,0.08663,131072,1048576,raydium,38Wyp9ogTNGUgLeKt6FV7dpWurAtTobbo6T7fgT51uG9
2026-04-12T07:01:58.821Z,BvHneYfnCYjfZE52iUhK4bqkcqJjYjMQUJb5FPhCpump,ALONSHOUSE,filter_2,2026-04-12T03:51:56.774Z,190,0.0001133,32768,1048576,pumpswap,6KuCNvUu9NsgTFyo1vQGfeFqsoKq7Jq19LhZeQwtMMVr
2026-04-12T07:01:58.983Z,7cFndW3LZJr5hdT138meuoqQRDR6HYqATxKj2CwPpump,AgentCRM,filter_1,2026-04-12T03:39:36.524Z,202,2.747e-05,16384,262144,pumpswap,9UmjwMC9BVfdCYNaa9xCJwWkJjufeVbQg8xcSqMsSSM5
2026-04-12T07:01:59.144Z,9AEtb967xTMosjp9XFhvHLhscPNYgDWc15jFAZR8pump,RƎ́V,filter_1,2026-04-12T02:44:33.253Z,257,0.0001515,32768,16384,pumpswap,EMm9RL2tHvUvygLCu9WkUMBgnu29K2kePzUuWhiSjdMU
2026-04-12T07:01:59.338Z,Hy58kFcGQuZ9qqbiJL5Ka8FPPmqfU6w4zSqNAyzbpump,Zoomer,filter_5,2026-04-12T02:21:55.989Z,280,2.67e-05,16384,524288,pumpswap,EvDD7gjtfLETpF8m8boLppTCHosWoyoy43AKSttyRia9
2026-04-12T07:01:59.522Z,AdD5EMoGMDiGXcgepXQXneB4fEZuS1QvKqDrN876pump,CRAFT,filter_1,2026-04-12T02:18:34.482Z,283,2.127e-05,8192,65536,pumpswap,Fq6wzHyzh8YXvGS7EYBSNPLs7cr3WSLBw4WCpp5Bbk9n
2026-04-12T07:01:59.708Z,8yeUyEaxBkBgcG5i22zR6JiLmVPbA3p6FUBHjFLFpump,MOG,filter_1,2026-04-12T00:53:40.689Z,368,2.709e-06,4096,262144,pumpswap,8jL5pBxjqyhXzGwYDYZhvdifvuSiP7KWzU8ZCGgssRzk
2026-04-12T07:01:59.870Z,VXnX59zHN7j8FrA971nJij7q2RvPSPa3TioV236pump,COG,filter_1,2026-04-11T23:57:38.153Z,424,4.295e-06,4096,262144,pumpswap,DsEyaDvzkJHPnSwDU251c5pCP1V466nMpwh8KQzEeUuU
2026-04-12T07:02:00.057Z,3SNNxUYmrXUc1mQbtV2NGQTuGKVji4y3MWhyESTypump,CASSIE,filter_4,2026-04-11T23:18:36.635Z,463,2.726e-05,16384,131072,pumpswap,B6nQAKbBTm8xTFHBs4xGUqMJJu6JF5mBcmpEv8MPEQ1i
2026-04-12T07:02:00.223Z,6TRyMNFbS6y444mDECfaENQrVnvZP4XzMr2fa6f8pump,Trump,filter_6,2026-04-11T21:07:35.070Z,594,2.005e-06,4096,1048576,pumpswap,BJLaR38FZ2accuRrABzAWdiMeZ8mF3Ky5tL6q853bgBh
2026-04-12T07:02:00.385Z,EamB9vqC1b4aoyPR6t3hn6CWf48yny84xzCuFJMbpump,Peepa,filter_1,2026-04-11T20:47:42.794Z,614,7.215e-05,32768,1048576,pumpswap,BoB3Dvi5eLGFr86BexBPNY2ZXwMNjWhx3FVCep3X2Vj6
2026-04-12T07:02:00.548Z,AQGaTfXDcvinz6DuxfZEKKFp7hmiWDLis4FtK3chpump,Ivunka,filter_3,2026-04-11T20:41:43.544Z,620,2.903e-06,4096,524288,pumpswap,AHBtpXJ7csokwSXddEDxPFYHcA515g234kXTBMhAVRxe
2026-04-12T07:02:00.715Z,BfZ27pSjL3L8Abm8VuRs5MLjjP21Xv5tUL81Rkyepump,WID,filter_4,2026-04-11T20:41:42.289Z,620,1.177e-05,8192,16384,pumpswap,4zmdmfGwoNb2mfF9PJq2N7x38qpQMwBMphD3HMDx6dak
2026-04-12T07:02:00.876Z,EgiJdQ8dbQHWu1uKS6cQBPaF2sK3a7WFpkjHEgdDpump,Dodger,filter_3,2026-04-11T19:29:11.694Z,693,1.67e-05,8192,1048576,pumpswap,7yrRRCzf429YQ1xQgdZZMy5KQ5jtkkDC7gUZWyPerhXr
2026-04-12T07:02:01.041Z,7bfbBZXpMYbNjhZ6eQ8Ch8VFAbgcz4WsrY7JtQKcpump,BOATGUY,filter_1,2026-04-11T19:27:26.855Z,695,4.878e-06,4096,262144,pumpswap,6gALa6BfE8ce8pLYaEFsTkCtxozfbuBR5bMVK3nKeFD4
2026-04-12T07:02:01.228Z,4juv1Wq63My7Bc7rznMZTyuD4aQfRSZGW9uKqFXSpump,Asset,filter_1,2026-04-11T19:27:24.857Z,695,6.115e-06,8192,16384,pumpswap,6g8ZTMKCKvSsVX92g4SKoBESXgrDL2cR1WLg8i7GZPV9
2026-04-12T07:02:01.416Z,Aq6XmZSohMJeRGU9WswbyQo9paEcKrTEs3xdfDFtpump,Lia,filter_1,2026-04-11T19:25:27.104Z,697,1.815e-06,4096,524288,pumpswap,BsFk4E3Hm12Mg27XmBoDPuk27WAC78BPfN98AHHpDPcM
2026-04-12T07:02:01.577Z,AUZnnRTdybeMiHrxfueNyBgLHnu4H39kngUh84WMpump,MELANIA,filter_3,2026-04-11T19:24:02.559Z,698,0.0009686,65536,1048576,pumpswap,DM9Xj9x8A8SEinJdoz4SJH2vdhBdPGSZmhL7DxBgwbBy
2026-04-12T07:02:01.740Z,56MEDV2H1M7DkaikaSg5vpibaSyWhgspCxgPwQJhpump,DNIGGA,filter_1,2026-04-11T19:22:24.852Z,700,2.263e-06,4096,65536,pumpswap,CAhVRREzXYHDvtu6iwACsei9vhv6mexsGm9hpkeVP1Kj
2026-04-12T07:02:01.903Z,A2Px3FMumMJ7W67VEp9ahFXueEyf9aHpei4TTJ5mpump,BABY,filter_3,2026-04-11T19:14:43.120Z,707,6.339e-06,8192,1048576,pumpswap,53UgNjZDC6mXsEDTowHLmKi2Y6jzjH2Ee3ybac7jEQRQ
2026-04-12T07:02:02.095Z,wutj1cNsMWyeu9ub61knDRCwU37aVvYuCBn8ZLPj7JL,ZHONEY,filter_1,2026-04-11T19:04:35.959Z,717,1.272e-05,8192,65536,pumpswap,CtYpMFyZqcJL7mPbDQU9o88g9QpkbzEFSC81J9FzFbF8
2026-04-12T07:02:02.257Z,4oFZFm3s8VKeCnwM2G5X5mZrsPivDyzCLvDYZmVipump,ClawFC,filter_1,2026-04-11T19:00:33.206Z,721,1.039e-05,8192,131072,pumpswap,BnbuPvQe2TNdhS7CSdsCGS1WY7FYu2kZti9adrqkqpZh
2026-04-12T07:02:02.441Z,5rniCpoweGXgsLZZDohw3fZA5yuXgt87df6GHAxWpump,MOTHER,filter_1,2026-04-11T18:17:31.505Z,764,4.534e-06,4096,65536,pumpswap,7dzsEYbuQoK1LLAiae7riygcwphP7BTbK6r7Vv94p28M
2026-04-12T07:02:02.636Z,3i8RByhvAaSWh2VSoVieAPzzmc4DpZC9WHVSsDzBpump,FOOLHOUSE,filter_2,2026-04-11T13:59:09.655Z,1023,1.691e-06,4096,524288,pumpswap,G8AJyLtb85QyMbaXZe4k5DdTfLPTD8dEX9xDn2fKqQZD
2026-04-12T07:02:02.822Z,AutFvM5QZqtvjK2SrR8iLwvDEQ7ePnL14Rv7GPFvpump,TripleC,filter_2,2026-04-11T13:57:07.657Z,1025,4.654e-06,4096,524288,pumpswap,Cvk9vLXa9wiqWTxb7q5EP3jdPow5ZBrdn1MLRmergW3v
2026-04-12T07:02:03.010Z,Dj2JhqEaKgPDo9se3A1dtSBVV1FFCxAfFa9SBBWmpump,GoldDancer,filter_2,2026-04-11T13:01:12.368Z,1081,4.541e-05,16384,524288,pumpswap,9hovxHG2vADjGPe7S6agGTx5o72kgojobbpC5UVzLdt5
2026-04-12T07:02:03.177Z,ACtfUWtgvaXrQGNMiohTusi5jcx5RJf5zwu9aAxkpump,unc,filter_2,2026-04-11T11:21:14.804Z,1181,0.0005667,65536,2097152,pumpswap,BWFZkx1pMpvwxammwTrizvoWzZZGiFEYUYW6Ee51SHLy
2026-04-12T07:02:03.340Z,51bywes8qqftjWhEZJZ3GvCM2ogximFejkKqa9kMpump,Marina,filter_2,2026-04-11T10:45:10.038Z,1217,3.345e-05,16384,524288,pumpswap,ChmxH4uiGja7C2ht4KurCwXP8LLgtUgibFL1RwLNqeSG
2026-04-12T07:02:03.538Z,22a4gJyiBTjWsTaFAHiHoQTmXsptDy3iBHeqKQADpump,WLFI,filter_2,2026-04-11T08:08:14.642Z,1374,5.319e-05,16384,524288,pumpswap,8JUXPRDDfRbDTN9fsQg1fLKw3u7DM9Cesodu1pcp6WA5
2026-04-12T07:02:03.724Z,J1iyLMzrc4G4WgDVmm33bes1Xwzd1mTcmvP8gubMpump,5,filter_2,2026-04-11T07:45:06.637Z,1397,1.839e-06,4096,262144,pumpswap,1HojmJ4JLUiwXz5PxPMAyvaWvk5WZSHGFm1SyQZHTQ2
2026-04-12T07:06:58.668Z,EmtpJyHqWqH2xGvdag4DyLFNfnjDM6qTAv9QN17npump,tremp,filter_1,2026-04-12T06:53:33.876Z,13,2.068e-06,4096,262144,pumpswap,3a9vYs5m15vkxtMDLHRNagay3WuJ6FKSNJapdU3qh4rh
2026-04-12T07:06:58.828Z,4CkWXDBNqfqBT5xCon4hrGU3mwqhQ3GSwdQQ1SDnpump,STC,filter_2,2026-04-12T06:33:34.615Z,33,3.594e-05,16384,524288,pumpswap,BfcxnfNQF3cbZmdKbTNvL1fLD4dEjGhXCG9r6JS6EqB4
2026-04-12T07:06:59.024Z,ApvxrH4oet42G4mgHZTtYZ9h2yMwhNZqs7Tqu1Ebpump,NIKUTA,filter_1,2026-04-12T03:23:38.029Z,223,6.741e-06,8192,131072,pumpswap,BLzb2UKri4YMnAeqc8VgWioAz8zN62LrcDsaJB3VcK22
2026-04-12T07:06:59.204Z,D6HZ5Se3X2wEWWYsHp8Ma3wh3yWwFSSdCAFjGC4spump,Cat,filter_4,2026-04-12T03:06:34.258Z,240,1.871e-05,16384,131072,pumpswap,5g91GWPaRMg4DdCUyds858fyAzhaiTVbi563jVKhqLuT
2026-04-12T07:06:59.364Z,7Y445U5CAiLL4icyyPDonXy7zvGGML2TGjyMmwpDpump,WLFI,filter_1,2026-04-12T02:03:35.233Z,303,3.596e-05,16384,262144,pumpswap,EjzyuTwozXjagMTqqN6hjNpEyW3Q7rX3avE2otRRS8hv
2026-04-12T07:06:59.550Z,BRKFJs1jxrYBKR5sxBiuxTTbyipNBmT6GWenb3c9pump,TRUMP47,filter_5,2026-04-12T00:39:59.430Z,387,1.597e-06,4096,524288,pumpswap,EgcA2ShdHZK4Sg7N6H7yGzTjxpTpunRrbzw231wLWeDh
2026-04-12T07:06:59.707Z,5xjSweEeRNTNHXpEiyp1XBUB2D3MMYCuU8khzgiZpump,FUDGE,filter_2,2026-04-12T00:02:34.174Z,424,2.305e-05,8192,32768,pumpswap,GXBAKvHDgXXwxWWGWmrepfpXstnghwVGEqBmAq2EQgQZ
2026-04-12T07:06:59.891Z,AQiYy4igZ6jeUS5nbTymwLaQfnEg5BAjjZsP1EZkEjBU,Dolores,filter_1,2026-04-11T23:52:34.399Z,434,2.719e-06,4096,65536,pumpswap,9MiNdc2ywiYUm2nr2KTGo8UCmjk3TdKLCZ2B4aAtZ9hq
2026-04-12T07:07:00.051Z,yLT7rHdaNkfnqfg5pxXxCTrx1Rsnagod16DnpKBpump,Nilly,filter_1,2026-04-11T23:45:34.391Z,441,2.946e-06,4096,131072,pumpswap,8vjkK4SAhZ6zkX7gox9DQEmpX7MbiKsp2gRjD4dAS21V
2026-04-12T07:07:00.211Z,9oVRwbx3Ray9bK7CKhqwfqY5NaWYjG3xj1DNYg2mpump,brainlet,filter_2,2026-04-11T22:44:55.606Z,502,1.845e-06,4096,524288,pumpswap,2PW331e9D7pmdELA1m1Uyq6pnEuj5BWB8m7dcBGgJ5xo
2026-04-12T07:07:00.370Z,9XhhPHKnvSd9R8Ygr8kHR6n8YNYd7SMzRHHPFeb2pump,doomer,filter_1,2026-04-11T22:10:33.845Z,536,1.714e-06,4096,262144,pumpswap,DqTPbpJo2UfNFy2v4dHjMoFg9S2wid1RZuF8qfwcJrHx
2026-04-12T07:07:00.565Z,2wwDzQLc3pwgcHrkCadio4Hn3bzYyCptRAewJAEXdoge,MARKC,filter_1,2026-04-11T21:57:35.843Z,549,2.989e-06,4096,65536,meteora,2rVNWK9fRajakX19wtrfJKGE3xNWeubnV5VpYxETUvPX
2026-04-12T07:07:00.794Z,NicGVyEGbJhn52gBtqWM18zKGzRSe9js98AZnRwY8eS,NEGRON,filter_2,2026-04-11T21:33:59.338Z,573,2.982e-07,65536,4194304,raydium,2rXfTt3Xh699TtAUruiz6Vs7vdTrsn55bEm2FKt9y8yE
2026-04-12T07:11:58.671Z,69iu9bE7VYtuen7oNubgHAaYqpyaM6ZvCwoudsoMpump,Audit,filter_1,2026-04-12T07:10:33.633Z,1,7.538e-06,8192,262144,pumpswap,Ap365bq7KpWPse9sRuHnMTwek2XSQ77setZ8hxujTrL6
2026-04-12T07:11:58.831Z,GjHiCdvt1Zeti6rdSJeCqdkNMQKcxCkShRss5rGLWwbF,GNWR,filter_2,2026-04-12T07:07:56.665Z,4,0.09025,131072,1048576,raydium,38Wyp9ogTNGUgLeKt6FV7dpWurAtTobbo6T7fgT51uG9
2026-04-12T07:11:58.991Z,BvHneYfnCYjfZE52iUhK4bqkcqJjYjMQUJb5FPhCpump,ALONSHOUSE,filter_2,2026-04-12T03:51:56.774Z,200,0.0001198,32768,1048576,pumpswap,6KuCNvUu9NsgTFyo1vQGfeFqsoKq7Jq19LhZeQwtMMVr
2026-04-12T07:11:59.152Z,7cFndW3LZJr5hdT138meuoqQRDR6HYqATxKj2CwPpump,AgentCRM,filter_1,2026-04-12T03:39:36.524Z,212,2.475e-05,16384,262144,pumpswap,9UmjwMC9BVfdCYNaa9xCJwWkJjufeVbQg8xcSqMsSSM5
2026-04-12T07:11:59.311Z,9AEtb967xTMosjp9XFhvHLhscPNYgDWc15jFAZR8pump,RƎ́V,filter_1,2026-04-12T02:44:33.253Z,267,0.0001541,32768,16384,pumpswap,EMm9RL2tHvUvygLCu9WkUMBgnu29K2kePzUuWhiSjdMU
2026-04-12T07:11:59.470Z,Hy58kFcGQuZ9qqbiJL5Ka8FPPmqfU6w4zSqNAyzbpump,Zoomer,filter_5,2026-04-12T02:21:55.989Z,290,2.709e-05,16384,524288,pumpswap,EvDD7gjtfLETpF8m8boLppTCHosWoyoy43AKSttyRia9
2026-04-12T07:11:59.655Z,AdD5EMoGMDiGXcgepXQXneB4fEZuS1QvKqDrN876pump,CRAFT,filter_1,2026-04-12T02:18:34.482Z,293,2.007e-05,8192,65536,pumpswap,Fq6wzHyzh8YXvGS7EYBSNPLs7cr3WSLBw4WCpp5Bbk9n
2026-04-12T07:11:59.814Z,8yeUyEaxBkBgcG5i22zR6JiLmVPbA3p6FUBHjFLFpump,MOG,filter_1,2026-04-12T00:53:40.689Z,378,2.709e-06,4096,262144,pumpswap,8jL5pBxjqyhXzGwYDYZhvdifvuSiP7KWzU8ZCGgssRzk
2026-04-12T07:12:00.007Z,VXnX59zHN7j8FrA971nJij7q2RvPSPa3TioV236pump,COG,filter_1,2026-04-11T23:57:38.153Z,434,4.09e-06,4096,262144,pumpswap,DsEyaDvzkJHPnSwDU251c5pCP1V466nMpwh8KQzEeUuU
2026-04-12T07:12:00.167Z,3SNNxUYmrXUc1mQbtV2NGQTuGKVji4y3MWhyESTypump,CASSIE,filter_4,2026-04-11T23:18:36.635Z,473,3.033e-05,16384,131072,pumpswap,B6nQAKbBTm8xTFHBs4xGUqMJJu6JF5mBcmpEv8MPEQ1i
2026-04-12T07:12:00.333Z,6TRyMNFbS6y444mDECfaENQrVnvZP4XzMr2fa6f8pump,Trump,filter_6,2026-04-11T21:07:35.070Z,604,2.005e-06,4096,1048576,pumpswap,BJLaR38FZ2accuRrABzAWdiMeZ8mF3Ky5tL6q853bgBh
2026-04-12T07:12:00.493Z,EamB9vqC1b4aoyPR6t3hn6CWf48yny84xzCuFJMbpump,Peepa,filter_1,2026-04-11T20:47:42.794Z,624,8.104e-05,32768,1048576,pumpswap,BoB3Dvi5eLGFr86BexBPNY2ZXwMNjWhx3FVCep3X2Vj6
2026-04-12T07:12:00.653Z,AQGaTfXDcvinz6DuxfZEKKFp7hmiWDLis4FtK3chpump,Ivunka,filter_3,2026-04-11T20:41:43.544Z,630,2.903e-06,4096,524288,pumpswap,AHBtpXJ7csokwSXddEDxPFYHcA515g234kXTBMhAVRxe
2026-04-12T07:12:00.841Z,BfZ27pSjL3L8Abm8VuRs5MLjjP21Xv5tUL81Rkyepump,WID,filter_4,2026-04-11T20:41:42.289Z,630,1.177e-05,8192,16384,pumpswap,4zmdmfGwoNb2mfF9PJq2N7x38qpQMwBMphD3HMDx6dak
2026-04-12T07:12:01.001Z,EgiJdQ8dbQHWu1uKS6cQBPaF2sK3a7WFpkjHEgdDpump,Dodger,filter_3,2026-04-11T19:29:11.694Z,703,1.617e-05,8192,1048576,pumpswap,7yrRRCzf429YQ1xQgdZZMy5KQ5jtkkDC7gUZWyPerhXr
2026-04-12T07:12:01.160Z,7bfbBZXpMYbNjhZ6eQ8Ch8VFAbgcz4WsrY7JtQKcpump,BOATGUY,filter_1,2026-04-11T19:27:26.855Z,705,4.833e-06,4096,262144,pumpswap,6gALa6BfE8ce8pLYaEFsTkCtxozfbuBR5bMVK3nKeFD4
2026-04-12T07:12:01.354Z,4juv1Wq63My7Bc7rznMZTyuD4aQfRSZGW9uKqFXSpump,Asset,filter_1,2026-04-11T19:27:24.857Z,705,5.787e-06,8192,16384,pumpswap,6g8ZTMKCKvSsVX92g4SKoBESXgrDL2cR1WLg8i7GZPV9
2026-04-12T07:12:01.537Z,Aq6XmZSohMJeRGU9WswbyQo9paEcKrTEs3xdfDFtpump,Lia,filter_1,2026-04-11T19:25:27.104Z,707,1.815e-06,4096,524288,pumpswap,BsFk4E3Hm12Mg27XmBoDPuk27WAC78BPfN98AHHpDPcM
2026-04-12T07:12:01.699Z,AUZnnRTdybeMiHrxfueNyBgLHnu4H39kngUh84WMpump,MELANIA,filter_3,2026-04-11T19:24:02.559Z,708,0.0009915,65536,1048576,pumpswap,DM9Xj9x8A8SEinJdoz4SJH2vdhBdPGSZmhL7DxBgwbBy
2026-04-12T07:12:01.859Z,56MEDV2H1M7DkaikaSg5vpibaSyWhgspCxgPwQJhpump,DNIGGA,filter_1,2026-04-11T19:22:24.852Z,710,2.263e-06,4096,65536,pumpswap,CAhVRREzXYHDvtu6iwACsei9vhv6mexsGm9hpkeVP1Kj
2026-04-12T07:12:02.040Z,A2Px3FMumMJ7W67VEp9ahFXueEyf9aHpei4TTJ5mpump,BABY,filter_3,2026-04-11T19:14:43.120Z,717,6.296e-06,8192,1048576,pumpswap,53UgNjZDC6mXsEDTowHLmKi2Y6jzjH2Ee3ybac7jEQRQ
2026-04-12T07:12:02.199Z,wutj1cNsMWyeu9ub61knDRCwU37aVvYuCBn8ZLPj7JL,ZHONEY,filter_1,2026-04-11T19:04:35.959Z,727,1.206e-05,8192,65536,pumpswap,CtYpMFyZqcJL7mPbDQU9o88g9QpkbzEFSC81J9FzFbF8
2026-04-12T07:12:02.407Z,4oFZFm3s8VKeCnwM2G5X5mZrsPivDyzCLvDYZmVipump,ClawFC,filter_1,2026-04-11T19:00:33.206Z,731,9.988e-06,8192,131072,pumpswap,BnbuPvQe2TNdhS7CSdsCGS1WY7FYu2kZti9adrqkqpZh
2026-04-12T07:12:02.566Z,5rniCpoweGXgsLZZDohw3fZA5yuXgt87df6GHAxWpump,MOTHER,filter_1,2026-04-11T18:17:31.505Z,774,4.534e-06,4096,65536,pumpswap,7dzsEYbuQoK1LLAiae7riygcwphP7BTbK6r7Vv94p28M
2026-04-12T07:12:02.751Z,3i8RByhvAaSWh2VSoVieAPzzmc4DpZC9WHVSsDzBpump,FOOLHOUSE,filter_2,2026-04-11T13:59:09.655Z,1033,1.691e-06,4096,524288,pumpswap,G8AJyLtb85QyMbaXZe4k5DdTfLPTD8dEX9xDn2fKqQZD
2026-04-12T07:12:02.934Z,AutFvM5QZqtvjK2SrR8iLwvDEQ7ePnL14Rv7GPFvpump,TripleC,filter_2,2026-04-11T13:57:07.657Z,1035,5.334e-06,8192,524288,pumpswap,Cvk9vLXa9wiqWTxb7q5EP3jdPow5ZBrdn1MLRmergW3v
2026-04-12T07:12:03.128Z,Dj2JhqEaKgPDo9se3A1dtSBVV1FFCxAfFa9SBBWmpump,GoldDancer,filter_2,2026-04-11T13:01:12.368Z,1091,4.256e-05,16384,524288,pumpswap,9hovxHG2vADjGPe7S6agGTx5o72kgojobbpC5UVzLdt5
2026-04-12T07:12:03.287Z,ACtfUWtgvaXrQGNMiohTusi5jcx5RJf5zwu9aAxkpump,unc,filter_2,2026-04-11T11:21:14.804Z,1191,0.0006107,65536,2097152,pumpswap,BWFZkx1pMpvwxammwTrizvoWzZZGiFEYUYW6Ee51SHLy
2026-04-12T07:12:03.447Z,51bywes8qqftjWhEZJZ3GvCM2ogximFejkKqa9kMpump,Marina,filter_2,2026-04-11T10:45:10.038Z,1227,3.536e-05,16384,524288,pumpswap,ChmxH4uiGja7C2ht4KurCwXP8LLgtUgibFL1RwLNqeSG
2026-04-12T07:12:03.643Z,22a4gJyiBTjWsTaFAHiHoQTmXsptDy3iBHeqKQADpump,WLFI,filter_2,2026-04-11T08:08:14.642Z,1384,5.069e-05,16384,524288,pumpswap,8JUXPRDDfRbDTN9fsQg1fLKw3u7DM9Cesodu1pcp6WA5
2026-04-12T07:12:03.825Z,J1iyLMzrc4G4WgDVmm33bes1Xwzd1mTcmvP8gubMpump,5,filter_2,2026-04-11T07:45:06.637Z,1407,1.751e-06,4096,262144,pumpswap,1HojmJ4JLUiwXz5PxPMAyvaWvk5WZSHGFm1SyQZHTQ2
2026-04-12T07:16:58.672Z,EmtpJyHqWqH2xGvdag4DyLFNfnjDM6qTAv9QN17npump,tremp,filter_1,2026-04-12T06:53:33.876Z,23,2.096e-06,4096,262144,pumpswap,3a9vYs5m15vkxtMDLHRNagay3WuJ6FKSNJapdU3qh4rh
2026-04-12T07:16:58.830Z,4CkWXDBNqfqBT5xCon4hrGU3mwqhQ3GSwdQQ1SDnpump,STC,filter_2,2026-04-12T06:33:34.615Z,43,3.223e-05,16384,524288,pumpswap,BfcxnfNQF3cbZmdKbTNvL1fLD4dEjGhXCG9r6JS6EqB4
2026-04-12T07:16:58.989Z,ApvxrH4oet42G4mgHZTtYZ9h2yMwhNZqs7Tqu1Ebpump,NIKUTA,filter_1,2026-04-12T03:23:38.029Z,233,6.068e-06,8192,131072,pumpswap,BLzb2UKri4YMnAeqc8VgWioAz8zN62LrcDsaJB3VcK22
2026-04-12T07:16:59.178Z,D6HZ5Se3X2wEWWYsHp8Ma3wh3yWwFSSdCAFjGC4spump,Cat,filter_4,2026-04-12T03:06:34.258Z,250,1.692e-05,8192,131072,pumpswap,5g91GWPaRMg4DdCUyds858fyAzhaiTVbi563jVKhqLuT
2026-04-12T07:16:59.337Z,7Y445U5CAiLL4icyyPDonXy7zvGGML2TGjyMmwpDpump,WLFI,filter_1,2026-04-12T02:03:35.233Z,313,3.203e-05,16384,262144,pumpswap,EjzyuTwozXjagMTqqN6hjNpEyW3Q7rX3avE2otRRS8hv
2026-04-12T07:16:59.520Z,BRKFJs1jxrYBKR5sxBiuxTTbyipNBmT6GWenb3c9pump,TRUMP47,filter_5,2026-04-12T00:39:59.430Z,397,1.597e-06,4096,524288,pumpswap,EgcA2ShdHZK4Sg7N6H7yGzTjxpTpunRrbzw231wLWeDh
2026-04-12T07:16:59.711Z,5xjSweEeRNTNHXpEiyp1XBUB2D3MMYCuU8khzgiZpump,FUDGE,filter_2,2026-04-12T00:02:34.174Z,434,2.305e-05,8192,32768,pumpswap,GXBAKvHDgXXwxWWGWmrepfpXstnghwVGEqBmAq2EQgQZ
2026-04-12T07:16:59.896Z,AQiYy4igZ6jeUS5nbTymwLaQfnEg5BAjjZsP1EZkEjBU,Dolores,filter_1,2026-04-11T23:52:34.399Z,444,2.719e-06,4096,65536,pumpswap,9MiNdc2ywiYUm2nr2KTGo8UCmjk3TdKLCZ2B4aAtZ9hq
2026-04-12T07:17:00.093Z,yLT7rHdaNkfnqfg5pxXxCTrx1Rsnagod16DnpKBpump,Nilly,filter_1,2026-04-11T23:45:34.391Z,451,2.946e-06,4096,131072,pumpswap,8vjkK4SAhZ6zkX7gox9DQEmpX7MbiKsp2gRjD4dAS21V
2026-04-12T07:17:00.255Z,9oVRwbx3Ray9bK7CKhqwfqY5NaWYjG3xj1DNYg2mpump,brainlet,filter_2,2026-04-11T22:44:55.606Z,512,1.845e-06,4096,524288,pumpswap,2PW331e9D7pmdELA1m1Uyq6pnEuj5BWB8m7dcBGgJ5xo
2026-04-12T07:17:00.445Z,9XhhPHKnvSd9R8Ygr8kHR6n8YNYd7SMzRHHPFeb2pump,doomer,filter_1,2026-04-11T22:10:33.845Z,546,1.714e-06,4096,262144,pumpswap,DqTPbpJo2UfNFy2v4dHjMoFg9S2wid1RZuF8qfwcJrHx
2026-04-12T07:17:00.629Z,2wwDzQLc3pwgcHrkCadio4Hn3bzYyCptRAewJAEXdoge,MARKC,filter_1,2026-04-11T21:57:35.843Z,559,3.013e-06,4096,65536,meteora,2rVNWK9fRajakX19wtrfJKGE3xNWeubnV5VpYxETUvPX
2026-04-12T07:17:00.821Z,NicGVyEGbJhn52gBtqWM18zKGzRSe9js98AZnRwY8eS,NEGRON,filter_2,2026-04-11T21:33:59.338Z,583,3.371e-07,131072,4194304,raydium,2rXfTt3Xh699TtAUruiz6Vs7vdTrsn55bEm2FKt9y8yE
2026-04-12T07:21:58.668Z,69iu9bE7VYtuen7oNubgHAaYqpyaM6ZvCwoudsoMpump,Audit,filter_1,2026-04-12T07:20:33.640Z,1,1.291e-05,8192,262144,pumpswap,Ap365bq7KpWPse9sRuHnMTwek2XSQ77setZ8hxujTrL6
2026-04-12T07:21:58.828Z,GjHiCdvt1Zeti6rdSJeCqdkNMQKcxCkShRss5rGLWwbF,GNWR,filter_2,2026-04-12T07:18:56.916Z,3,0.09191,131072,2097152,raydium,38Wyp9ogTNGUgLeKt6FV7dpWurAtTobbo6T7fgT51uG9
2026-04-12T07:21:58.989Z,BvHneYfnCYjfZE52iUhK4bqkcqJjYjMQUJb5FPhCpump,ALONSHOUSE,filter_2,2026-04-12T03:51:56.774Z,210,0.0001344,32768,1048576,pumpswap,6KuCNvUu9NsgTFyo1vQGfeFqsoKq7Jq19LhZeQwtMMVr
2026-04-12T07:21:59.149Z,7cFndW3LZJr5hdT138meuoqQRDR6HYqATxKj2CwPpump,AgentCRM,filter_1,2026-04-12T03:39:36.524Z,222,2.738e-05,16384,262144,pumpswap,9UmjwMC9BVfdCYNaa9xCJwWkJjufeVbQg8xcSqMsSSM5
2026-04-12T07:21:59.310Z,9AEtb967xTMosjp9XFhvHLhscPNYgDWc15jFAZR8pump,RƎ́V,filter_1,2026-04-12T02:44:33.253Z,277,0.0001549,32768,16384,pumpswap,EMm9RL2tHvUvygLCu9WkUMBgnu29K2kePzUuWhiSjdMU
2026-04-12T07:21:59.470Z,Hy58kFcGQuZ9qqbiJL5Ka8FPPmqfU6w4zSqNAyzbpump,Zoomer,filter_5,2026-04-12T02:21:55.989Z,300,2.737e-05,16384,524288,pumpswap,EvDD7gjtfLETpF8m8boLppTCHosWoyoy43AKSttyRia9
2026-04-12T07:21:59.655Z,AdD5EMoGMDiGXcgepXQXneB4fEZuS1QvKqDrN876pump,CRAFT,filter_1,2026-04-12T02:18:34.482Z,303,2.028e-05,8192,65536,pumpswap,Fq6wzHyzh8YXvGS7EYBSNPLs7cr3WSLBw4WCpp5Bbk9n
2026-04-12T07:21:59.815Z,8yeUyEaxBkBgcG5i22zR6JiLmVPbA3p6FUBHjFLFpump,MOG,filter_1,2026-04-12T00:53:40.689Z,388,2.709e-06,4096,262144,pumpswap,8jL5pBxjqyhXzGwYDYZhvdifvuSiP7KWzU8ZCGgssRzk
2026-04-12T07:21:59.977Z,VXnX59zHN7j8FrA971nJij7q2RvPSPa3TioV236pump,COG,filter_1,2026-04-11T23:57:38.153Z,444,4.09e-06,4096,262144,pumpswap,DsEyaDvzkJHPnSwDU251c5pCP1V466nMpwh8KQzEeUuU
2026-04-12T07:22:00.137Z,3SNNxUYmrXUc1mQbtV2NGQTuGKVji4y3MWhyESTypump,CASSIE,filter_4,2026-04-11T23:18:36.635Z,483,3.546e-05,16384,131072,pumpswap,B6nQAKbBTm8xTFHBs4xGUqMJJu6JF5mBcmpEv8MPEQ1i
2026-04-12T07:22:00.301Z,6TRyMNFbS6y444mDECfaENQrVnvZP4XzMr2fa6f8pump,Trump,filter_6,2026-04-11T21:07:35.070Z,614,2.005e-06,4096,1048576,pumpswap,BJLaR38FZ2accuRrABzAWdiMeZ8mF3Ky5tL6q853bgBh
2026-04-12T07:22:00.463Z,EamB9vqC1b4aoyPR6t3hn6CWf48yny84xzCuFJMbpump,Peepa,filter_1,2026-04-11T20:47:42.794Z,634,8.428e-05,32768,1048576,pumpswap,BoB3Dvi5eLGFr86BexBPNY2ZXwMNjWhx3FVCep3X2Vj6
2026-04-12T07:22:00.624Z,AQGaTfXDcvinz6DuxfZEKKFp7hmiWDLis4FtK3chpump,Ivunka,filter_3,2026-04-11T20:41:43.544Z,640,2.939e-06,4096,524288,pumpswap,AHBtpXJ7csokwSXddEDxPFYHcA515g234kXTBMhAVRxe
2026-04-12T07:22:00.783Z,BfZ27pSjL3L8Abm8VuRs5MLjjP21Xv5tUL81Rkyepump,WID,filter_4,2026-04-11T20:41:42.289Z,640,1.177e-05,8192,16384,pumpswap,4zmdmfGwoNb2mfF9PJq2N7x38qpQMwBMphD3HMDx6dak
2026-04-12T07:22:00.965Z,EgiJdQ8dbQHWu1uKS6cQBPaF2sK3a7WFpkjHEgdDpump,Dodger,filter_3,2026-04-11T19:29:11.694Z,713,1.44e-05,8192,1048576,pumpswap,7yrRRCzf429YQ1xQgdZZMy5KQ5jtkkDC7gUZWyPerhXr
2026-04-12T07:22:01.149Z,7bfbBZXpMYbNjhZ6eQ8Ch8VFAbgcz4WsrY7JtQKcpump,BOATGUY,filter_1,2026-04-11T19:27:26.855Z,715,4.749e-06,4096,262144,pumpswap,6gALa6BfE8ce8pLYaEFsTkCtxozfbuBR5bMVK3nKeFD4
2026-04-12T07:22:01.332Z,4juv1Wq63My7Bc7rznMZTyuD4aQfRSZGW9uKqFXSpump,Asset,filter_1,2026-04-11T19:27:24.857Z,715,5.684e-06,8192,16384,pumpswap,6g8ZTMKCKvSsVX92g4SKoBESXgrDL2cR1WLg8i7GZPV9
2026-04-12T07:22:01.498Z,Aq6XmZSohMJeRGU9WswbyQo9paEcKrTEs3xdfDFtpump,Lia,filter_1,2026-04-11T19:25:27.104Z,717,1.815e-06,4096,524288,pumpswap,BsFk4E3Hm12Mg27XmBoDPuk27WAC78BPfN98AHHpDPcM
2026-04-12T07:22:01.658Z,AUZnnRTdybeMiHrxfueNyBgLHnu4H39kngUh84WMpump,MELANIA,filter_3,2026-04-11T19:24:02.559Z,718,0.0009664,65536,1048576,pumpswap,DM9Xj9x8A8SEinJdoz4SJH2vdhBdPGSZmhL7DxBgwbBy
2026-04-12T07:22:01.819Z,56MEDV2H1M7DkaikaSg5vpibaSyWhgspCxgPwQJhpump,DNIGGA,filter_1,2026-04-11T19:22:24.852Z,720,2.263e-06,4096,65536,pumpswap,CAhVRREzXYHDvtu6iwACsei9vhv6mexsGm9hpkeVP1Kj
2026-04-12T07:22:01.980Z,A2Px3FMumMJ7W67VEp9ahFXueEyf9aHpei4TTJ5mpump,BABY,filter_3,2026-04-11T19:14:43.120Z,727,6.807e-06,8192,1048576,pumpswap,53UgNjZDC6mXsEDTowHLmKi2Y6jzjH2Ee3ybac7jEQRQ
2026-04-12T07:22:02.164Z,wutj1cNsMWyeu9ub61knDRCwU37aVvYuCBn8ZLPj7JL,ZHONEY,filter_1,2026-04-11T19:04:35.959Z,737,1.084e-05,8192,65536,pumpswap,CtYpMFyZqcJL7mPbDQU9o88g9QpkbzEFSC81J9FzFbF8
2026-04-12T07:22:02.361Z,4oFZFm3s8VKeCnwM2G5X5mZrsPivDyzCLvDYZmVipump,ClawFC,filter_1,2026-04-11T19:00:33.206Z,741,1.015e-05,8192,131072,pumpswap,BnbuPvQe2TNdhS7CSdsCGS1WY7FYu2kZti9adrqkqpZh
2026-04-12T07:22:02.521Z,5rniCpoweGXgsLZZDohw3fZA5yuXgt87df6GHAxWpump,MOTHER,filter_1,2026-04-11T18:17:31.505Z,784,4.534e-06,4096,65536,pumpswap,7dzsEYbuQoK1LLAiae7riygcwphP7BTbK6r7Vv94p28M
2026-04-12T07:22:02.681Z,3i8RByhvAaSWh2VSoVieAPzzmc4DpZC9WHVSsDzBpump,FOOLHOUSE,filter_2,2026-04-11T13:59:09.655Z,1043,1.691e-06,4096,524288,pumpswap,G8AJyLtb85QyMbaXZe4k5DdTfLPTD8dEX9xDn2fKqQZD
2026-04-12T07:22:02.867Z,AutFvM5QZqtvjK2SrR8iLwvDEQ7ePnL14Rv7GPFvpump,TripleC,filter_2,2026-04-11T13:57:07.657Z,1045,5.374e-06,8192,524288,pumpswap,Cvk9vLXa9wiqWTxb7q5EP3jdPow5ZBrdn1MLRmergW3v
2026-04-12T07:22:03.053Z,Dj2JhqEaKgPDo9se3A1dtSBVV1FFCxAfFa9SBBWmpump,GoldDancer,filter_2,2026-04-11T13:01:12.368Z,1101,4.322e-05,16384,524288,pumpswap,9hovxHG2vADjGPe7S6agGTx5o72kgojobbpC5UVzLdt5
2026-04-12T07:22:03.213Z,ACtfUWtgvaXrQGNMiohTusi5jcx5RJf5zwu9aAxkpump,unc,filter_2,2026-04-11T11:21:14.804Z,1201,0.0005901,65536,2097152,pumpswap,BWFZkx1pMpvwxammwTrizvoWzZZGiFEYUYW6Ee51SHLy
2026-04-12T07:22:03.373Z,51bywes8qqftjWhEZJZ3GvCM2ogximFejkKqa9kMpump,Marina,filter_2,2026-04-11T10:45:10.038Z,1237,3.295e-05,16384,524288,pumpswap,ChmxH4uiGja7C2ht4KurCwXP8LLgtUgibFL1RwLNqeSG
2026-04-12T07:22:03.570Z,22a4gJyiBTjWsTaFAHiHoQTmXsptDy3iBHeqKQADpump,WLFI,filter_2,2026-04-11T08:08:14.642Z,1394,4.931e-05,16384,524288,pumpswap,8JUXPRDDfRbDTN9fsQg1fLKw3u7DM9Cesodu1pcp6WA5
2026-04-12T07:22:03.731Z,J1iyLMzrc4G4WgDVmm33bes1Xwzd1mTcmvP8gubMpump,5,filter_2,2026-04-11T07:45:06.637Z,1417,1.751e-06,4096,131072,pumpswap,1HojmJ4JLUiwXz5PxPMAyvaWvk5WZSHGFm1SyQZHTQ2
2026-04-12T07:26:58.667Z,EmtpJyHqWqH2xGvdag4DyLFNfnjDM6qTAv9QN17npump,tremp,filter_1,2026-04-12T06:53:33.876Z,33,2.096e-06,4096,262144,pumpswap,3a9vYs5m15vkxtMDLHRNagay3WuJ6FKSNJapdU3qh4rh
2026-04-12T07:26:58.826Z,4CkWXDBNqfqBT5xCon4hrGU3mwqhQ3GSwdQQ1SDnpump,STC,filter_2,2026-04-12T06:33:34.615Z,53,3.676e-05,16384,524288,pumpswap,BfcxnfNQF3cbZmdKbTNvL1fLD4dEjGhXCG9r6JS6EqB4
2026-04-12T07:26:58.987Z,ApvxrH4oet42G4mgHZTtYZ9h2yMwhNZqs7Tqu1Ebpump,NIKUTA,filter_1,2026-04-12T03:23:38.029Z,243,5.037e-06,4096,131072,pumpswap,BLzb2UKri4YMnAeqc8VgWioAz8zN62LrcDsaJB3VcK22
2026-04-12T07:26:59.197Z,D6HZ5Se3X2wEWWYsHp8Ma3wh3yWwFSSdCAFjGC4spump,Cat,filter_4,2026-04-12T03:06:34.258Z,260,1.86e-05,16384,131072,pumpswap,5g91GWPaRMg4DdCUyds858fyAzhaiTVbi563jVKhqLuT
2026-04-12T07:26:59.358Z,7Y445U5CAiLL4icyyPDonXy7zvGGML2TGjyMmwpDpump,WLFI,filter_1,2026-04-12T02:03:35.233Z,323,3.411e-05,16384,262144,pumpswap,EjzyuTwozXjagMTqqN6hjNpEyW3Q7rX3avE2otRRS8hv
2026-04-12T07:26:59.542Z,BRKFJs1jxrYBKR5sxBiuxTTbyipNBmT6GWenb3c9pump,TRUMP47,filter_5,2026-04-12T00:39:59.430Z,407,1.598e-06,4096,524288,pumpswap,EgcA2ShdHZK4Sg7N6H7yGzTjxpTpunRrbzw231wLWeDh
2026-04-12T07:26:59.702Z,5xjSweEeRNTNHXpEiyp1XBUB2D3MMYCuU8khzgiZpump,FUDGE,filter_2,2026-04-12T00:02:34.174Z,444,2.305e-05,8192,32768,pumpswap,GXBAKvHDgXXwxWWGWmrepfpXstnghwVGEqBmAq2EQgQZ
2026-04-12T07:26:59.885Z,AQiYy4igZ6jeUS5nbTymwLaQfnEg5BAjjZsP1EZkEjBU,Dolores,filter_1,2026-04-11T23:52:34.399Z,454,2.647e-06,4096,65536,pumpswap,9MiNdc2ywiYUm2nr2KTGo8UCmjk3TdKLCZ2B4aAtZ9hq
2026-04-12T07:27:00.078Z,yLT7rHdaNkfnqfg5pxXxCTrx1Rsnagod16DnpKBpump,Nilly,filter_1,2026-04-11T23:45:34.391Z,461,2.946e-06,4096,131072,pumpswap,8vjkK4SAhZ6zkX7gox9DQEmpX7MbiKsp2gRjD4dAS21V
2026-04-12T07:27:00.237Z,9oVRwbx3Ray9bK7CKhqwfqY5NaWYjG3xj1DNYg2mpump,brainlet,filter_2,2026-04-11T22:44:55.606Z,522,1.845e-06,4096,524288,pumpswap,2PW331e9D7pmdELA1m1Uyq6pnEuj5BWB8m7dcBGgJ5xo
2026-04-12T07:27:00.395Z,9XhhPHKnvSd9R8Ygr8kHR6n8YNYd7SMzRHHPFeb2pump,doomer,filter_1,2026-04-11T22:10:33.845Z,556,1.714e-06,4096,262144,pumpswap,DqTPbpJo2UfNFy2v4dHjMoFg9S2wid1RZuF8qfwcJrHx
2026-04-12T07:27:00.579Z,2wwDzQLc3pwgcHrkCadio4Hn3bzYyCptRAewJAEXdoge,MARKC,filter_1,2026-04-11T21:57:35.843Z,569,3.203e-06,4096,65536,meteora,2rVNWK9fRajakX19wtrfJKGE3xNWeubnV5VpYxETUvPX
2026-04-12T07:27:00.739Z,NicGVyEGbJhn52gBtqWM18zKGzRSe9js98AZnRwY8eS,NEGRON,filter_2,2026-04-11T21:33:59.338Z,593,3.081e-07,65536,4194304,raydium,2rXfTt3Xh699TtAUruiz6Vs7vdTrsn55bEm2FKt9y8yE
2026-04-12T07:31:58.673Z,GjHiCdvt1Zeti6rdSJeCqdkNMQKcxCkShRss5rGLWwbF,GNWR,filter_2,2026-04-12T07:28:57.177Z,3,0.09563,131072,2097152,raydium,38Wyp9ogTNGUgLeKt6FV7dpWurAtTobbo6T7fgT51uG9
2026-04-12T07:31:58.831Z,69iu9bE7VYtuen7oNubgHAaYqpyaM6ZvCwoudsoMpump,Audit,filter_1,2026-04-12T07:26:34.392Z,5,1.147e-05,8192,262144,pumpswap,Ap365bq7KpWPse9sRuHnMTwek2XSQ77setZ8hxujTrL6
2026-04-12T07:31:58.990Z,BvHneYfnCYjfZE52iUhK4bqkcqJjYjMQUJb5FPhCpump,ALONSHOUSE,filter_2,2026-04-12T03:51:56.774Z,220,0.0001425,32768,1048576,pumpswap,6KuCNvUu9NsgTFyo1vQGfeFqsoKq7Jq19LhZeQwtMMVr
2026-04-12T07:31:59.149Z,7cFndW3LZJr5hdT138meuoqQRDR6HYqATxKj2CwPpump,AgentCRM,filter_1,2026-04-12T03:39:36.524Z,232,3.139e-05,16384,262144,pumpswap,9UmjwMC9BVfdCYNaa9xCJwWkJjufeVbQg8xcSqMsSSM5
2026-04-12T07:31:59.338Z,9AEtb967xTMosjp9XFhvHLhscPNYgDWc15jFAZR8pump,RƎ́V,filter_1,2026-04-12T02:44:33.253Z,287,0.0001511,32768,16384,pumpswap,EMm9RL2tHvUvygLCu9WkUMBgnu29K2kePzUuWhiSjdMU
2026-04-12T07:31:59.497Z,Hy58kFcGQuZ9qqbiJL5Ka8FPPmqfU6w4zSqNAyzbpump,Zoomer,filter_5,2026-04-12T02:21:55.989Z,310,2.508e-05,16384,524288,pumpswap,EvDD7gjtfLETpF8m8boLppTCHosWoyoy43AKSttyRia9
2026-04-12T07:31:59.678Z,AdD5EMoGMDiGXcgepXQXneB4fEZuS1QvKqDrN876pump,CRAFT,filter_1,2026-04-12T02:18:34.482Z,313,1.967e-05,8192,65536,pumpswap,Fq6wzHyzh8YXvGS7EYBSNPLs7cr3WSLBw4WCpp5Bbk9n
2026-04-12T07:31:59.836Z,8yeUyEaxBkBgcG5i22zR6JiLmVPbA3p6FUBHjFLFpump,MOG,filter_1,2026-04-12T00:53:40.689Z,398,2.684e-06,4096,262144,pumpswap,8jL5pBxjqyhXzGwYDYZhvdifvuSiP7KWzU8ZCGgssRzk
2026-04-12T07:31:59.995Z,VXnX59zHN7j8FrA971nJij7q2RvPSPa3TioV236pump,COG,filter_1,2026-04-11T23:57:38.153Z,454,4.008e-06,4096,262144,pumpswap,DsEyaDvzkJHPnSwDU251c5pCP1V466nMpwh8KQzEeUuU
2026-04-12T07:32:00.153Z,3SNNxUYmrXUc1mQbtV2NGQTuGKVji4y3MWhyESTypump,CASSIE,filter_4,2026-04-11T23:18:36.635Z,493,3.546e-05,16384,131072,pumpswap,B6nQAKbBTm8xTFHBs4xGUqMJJu6JF5mBcmpEv8MPEQ1i
2026-04-12T07:32:00.312Z,6TRyMNFbS6y444mDECfaENQrVnvZP4XzMr2fa6f8pump,Trump,filter_6,2026-04-11T21:07:35.070Z,624,2.005e-06,4096,1048576,pumpswap,BJLaR38FZ2accuRrABzAWdiMeZ8mF3Ky5tL6q853bgBh
2026-04-12T07:32:00.472Z,EamB9vqC1b4aoyPR6t3hn6CWf48yny84xzCuFJMbpump,Peepa,filter_1,2026-04-11T20:47:42.794Z,644,7.851e-05,32768,1048576,pumpswap,BoB3Dvi5eLGFr86BexBPNY2ZXwMNjWhx3FVCep3X2Vj6
2026-04-12T07:32:00.651Z,AQGaTfXDcvinz6DuxfZEKKFp7hmiWDLis4FtK3chpump,Ivunka,filter_3,2026-04-11T20:41:43.544Z,650,2.944e-06,4096,524288,pumpswap,AHBtpXJ7csokwSXddEDxPFYHcA515g234kXTBMhAVRxe
2026-04-12T07:32:00.852Z,BfZ27pSjL3L8Abm8VuRs5MLjjP21Xv5tUL81Rkyepump,WID,filter_4,2026-04-11T20:41:42.289Z,650,1.173e-05,8192,16384,pumpswap,4zmdmfGwoNb2mfF9PJq2N7x38qpQMwBMphD3HMDx6dak
2026-04-12T07:32:01.043Z,EgiJdQ8dbQHWu1uKS6cQBPaF2sK3a7WFpkjHEgdDpump,Dodger,filter_3,2026-04-11T19:29:11.694Z,723,1.44e-05,8192,1048576,pumpswap,7yrRRCzf429YQ1xQgdZZMy5KQ5jtkkDC7gUZWyPerhXr
2026-04-12T07:32:01.200Z,7bfbBZXpMYbNjhZ6eQ8Ch8VFAbgcz4WsrY7JtQKcpump,BOATGUY,filter_1,2026-04-11T19:27:26.855Z,725,4.608e-06,4096,262144,pumpswap,6gALa6BfE8ce8pLYaEFsTkCtxozfbuBR5bMVK3nKeFD4
2026-04-12T07:32:01.382Z,4juv1Wq63My7Bc7rznMZTyuD4aQfRSZGW9uKqFXSpump,Asset,filter_1,2026-04-11T19:27:24.857Z,725,5.575e-06,8192,16384,pumpswap,6g8ZTMKCKvSsVX92g4SKoBESXgrDL2cR1WLg8i7GZPV9
2026-04-12T07:32:01.563Z,Aq6XmZSohMJeRGU9WswbyQo9paEcKrTEs3xdfDFtpump,Lia,filter_1,2026-04-11T19:25:27.104Z,727,1.815e-06,4096,524288,pumpswap,BsFk4E3Hm12Mg27XmBoDPuk27WAC78BPfN98AHHpDPcM
2026-04-12T07:32:01.722Z,AUZnnRTdybeMiHrxfueNyBgLHnu4H39kngUh84WMpump,MELANIA,filter_3,2026-04-11T19:24:02.559Z,728,0.001034,65536,1048576,pumpswap,DM9Xj9x8A8SEinJdoz4SJH2vdhBdPGSZmhL7DxBgwbBy
2026-04-12T07:32:01.907Z,56MEDV2H1M7DkaikaSg5vpibaSyWhgspCxgPwQJhpump,DNIGGA,filter_1,2026-04-11T19:22:24.852Z,730,2.25e-06,4096,65536,pumpswap,CAhVRREzXYHDvtu6iwACsei9vhv6mexsGm9hpkeVP1Kj
2026-04-12T07:32:02.066Z,A2Px3FMumMJ7W67VEp9ahFXueEyf9aHpei4TTJ5mpump,BABY,filter_3,2026-04-11T19:14:43.120Z,737,6.059e-06,8192,1048576,pumpswap,53UgNjZDC6mXsEDTowHLmKi2Y6jzjH2Ee3ybac7jEQRQ
2026-04-12T07:32:02.245Z,wutj1cNsMWyeu9ub61knDRCwU37aVvYuCBn8ZLPj7JL,ZHONEY,filter_1,2026-04-11T19:04:35.959Z,747,1.106e-05,8192,65536,pumpswap,CtYpMFyZqcJL7mPbDQU9o88g9QpkbzEFSC81J9FzFbF8
2026-04-12T07:32:02.429Z,4oFZFm3s8VKeCnwM2G5X5mZrsPivDyzCLvDYZmVipump,ClawFC,filter_1,2026-04-11T19:00:33.206Z,751,1.015e-05,8192,131072,pumpswap,BnbuPvQe2TNdhS7CSdsCGS1WY7FYu2kZti9adrqkqpZh
2026-04-12T07:32:02.609Z,5rniCpoweGXgsLZZDohw3fZA5yuXgt87df6GHAxWpump,MOTHER,filter_1,2026-04-11T18:17:31.505Z,794,4.518e-06,4096,65536,pumpswap,7dzsEYbuQoK1LLAiae7riygcwphP7BTbK6r7Vv94p28M
2026-04-12T07:32:02.766Z,3i8RByhvAaSWh2VSoVieAPzzmc4DpZC9WHVSsDzBpump,FOOLHOUSE,filter_2,2026-04-11T13:59:09.655Z,1053,1.691e-06,4096,524288,pumpswap,G8AJyLtb85QyMbaXZe4k5DdTfLPTD8dEX9xDn2fKqQZD
2026-04-12T07:32:02.925Z,AutFvM5QZqtvjK2SrR8iLwvDEQ7ePnL14Rv7GPFvpump,TripleC,filter_2,2026-04-11T13:57:07.657Z,1055,5.126e-06,4096,524288,pumpswap,Cvk9vLXa9wiqWTxb7q5EP3jdPow5ZBrdn1MLRmergW3v
2026-04-12T07:32:03.083Z,Dj2JhqEaKgPDo9se3A1dtSBVV1FFCxAfFa9SBBWmpump,GoldDancer,filter_2,2026-04-11T13:01:12.368Z,1111,3.911e-05,16384,524288,pumpswap,9hovxHG2vADjGPe7S6agGTx5o72kgojobbpC5UVzLdt5
2026-04-12T07:32:03.241Z,ACtfUWtgvaXrQGNMiohTusi5jcx5RJf5zwu9aAxkpump,unc,filter_2,2026-04-11T11:21:14.804Z,1211,0.0005965,65536,2097152,pumpswap,BWFZkx1pMpvwxammwTrizvoWzZZGiFEYUYW6Ee51SHLy
2026-04-12T07:32:03.399Z,51bywes8qqftjWhEZJZ3GvCM2ogximFejkKqa9kMpump,Marina,filter_2,2026-04-11T10:45:10.038Z,1247,3.737e-05,16384,524288,pumpswap,ChmxH4uiGja7C2ht4KurCwXP8LLgtUgibFL1RwLNqeSG
2026-04-12T07:32:03.558Z,22a4gJyiBTjWsTaFAHiHoQTmXsptDy3iBHeqKQADpump,WLFI,filter_2,2026-04-11T08:08:14.642Z,1404,4.833e-05,16384,524288,pumpswap,8JUXPRDDfRbDTN9fsQg1fLKw3u7DM9Cesodu1pcp6WA5
2026-04-12T07:32:03.744Z,J1iyLMzrc4G4WgDVmm33bes1Xwzd1mTcmvP8gubMpump,5,filter_2,2026-04-11T07:45:06.637Z,1427,1.751e-06,4096,65536,pumpswap,1HojmJ4JLUiwXz5PxPMAyvaWvk5WZSHGFm1SyQZHTQ2
2026-04-12T07:36:58.684Z,EmtpJyHqWqH2xGvdag4DyLFNfnjDM6qTAv9QN17npump,tremp,filter_1,2026-04-12T06:53:33.876Z,43,2.096e-06,4096,262144,pumpswap,3a9vYs5m15vkxtMDLHRNagay3WuJ6FKSNJapdU3qh4rh
2026-04-12T07:36:58.842Z,4CkWXDBNqfqBT5xCon4hrGU3mwqhQ3GSwdQQ1SDnpump,STC,filter_2,2026-04-12T06:33:34.615Z,63,3.537e-05,16384,524288,pumpswap,BfcxnfNQF3cbZmdKbTNvL1fLD4dEjGhXCG9r6JS6EqB4
2026-04-12T07:36:59.002Z,ApvxrH4oet42G4mgHZTtYZ9h2yMwhNZqs7Tqu1Ebpump,NIKUTA,filter_1,2026-04-12T03:23:38.029Z,253,5.477e-06,4096,131072,pumpswap,BLzb2UKri4YMnAeqc8VgWioAz8zN62LrcDsaJB3VcK22
2026-04-12T07:36:59.209Z,D6HZ5Se3X2wEWWYsHp8Ma3wh3yWwFSSdCAFjGC4spump,Cat,filter_4,2026-04-12T03:06:34.258Z,270,2.091e-05,16384,131072,pumpswap,5g91GWPaRMg4DdCUyds858fyAzhaiTVbi563jVKhqLuT
2026-04-12T07:36:59.368Z,7Y445U5CAiLL4icyyPDonXy7zvGGML2TGjyMmwpDpump,WLFI,filter_1,2026-04-12T02:03:35.233Z,333,3.552e-05,16384,262144,pumpswap,EjzyuTwozXjagMTqqN6hjNpEyW3Q7rX3avE2otRRS8hv
2026-04-12T07:36:59.552Z,BRKFJs1jxrYBKR5sxBiuxTTbyipNBmT6GWenb3c9pump,TRUMP47,filter_5,2026-04-12T00:39:59.430Z,417,1.598e-06,4096,524288,pumpswap,EgcA2ShdHZK4Sg7N6H7yGzTjxpTpunRrbzw231wLWeDh
2026-04-12T07:36:59.712Z,5xjSweEeRNTNHXpEiyp1XBUB2D3MMYCuU8khzgiZpump,FUDGE,filter_2,2026-04-12T00:02:34.174Z,454,2.257e-05,8192,32768,pumpswap,GXBAKvHDgXXwxWWGWmrepfpXstnghwVGEqBmAq2EQgQZ
2026-04-12T07:36:59.898Z,AQiYy4igZ6jeUS5nbTymwLaQfnEg5BAjjZsP1EZkEjBU,Dolores,filter_1,2026-04-11T23:52:34.399Z,464,2.618e-06,4096,65536,pumpswap,9MiNdc2ywiYUm2nr2KTGo8UCmjk3TdKLCZ2B4aAtZ9hq
2026-04-12T07:37:00.083Z,yLT7rHdaNkfnqfg5pxXxCTrx1Rsnagod16DnpKBpump,Nilly,filter_1,2026-04-11T23:45:34.391Z,471,2.924e-06,4096,131072,pumpswap,8vjkK4SAhZ6zkX7gox9DQEmpX7MbiKsp2gRjD4dAS21V
2026-04-12T07:37:00.244Z,9oVRwbx3Ray9bK7CKhqwfqY5NaWYjG3xj1DNYg2mpump,brainlet,filter_2,2026-04-11T22:44:55.606Z,532,1.845e-06,4096,524288,pumpswap,2PW331e9D7pmdELA1m1Uyq6pnEuj5BWB8m7dcBGgJ5xo
2026-04-12T07:37:00.406Z,9XhhPHKnvSd9R8Ygr8kHR6n8YNYd7SMzRHHPFeb2pump,doomer,filter_1,2026-04-11T22:10:33.845Z,566,1.714e-06,4096,262144,pumpswap,DqTPbpJo2UfNFy2v4dHjMoFg9S2wid1RZuF8qfwcJrHx
2026-04-12T07:37:00.566Z,2wwDzQLc3pwgcHrkCadio4Hn3bzYyCptRAewJAEXdoge,MARKC,filter_1,2026-04-11T21:57:35.843Z,579,3.224e-06,4096,65536,meteora,2rVNWK9fRajakX19wtrfJKGE3xNWeubnV5VpYxETUvPX
2026-04-12T07:37:00.753Z,NicGVyEGbJhn52gBtqWM18zKGzRSe9js98AZnRwY8eS,NEGRON,filter_2,2026-04-11T21:33:59.338Z,603,2.963e-07,65536,4194304,raydium,2rXfTt3Xh699TtAUruiz6Vs7vdTrsn55bEm2FKt9y8yE
2026-04-12T07:41:58.696Z,GjHiCdvt1Zeti6rdSJeCqdkNMQKcxCkShRss5rGLWwbF,GNWR,filter_2,2026-04-12T07:40:35.649Z,1,0.09744,131072,2097152,raydium,38Wyp9ogTNGUgLeKt6FV7dpWurAtTobbo6T7fgT51uG9
2026-04-12T07:41:58.860Z,AiC9FhtXA1iNGW77MocxebVc9U5baQa4nkUFQhtbpump,Sisyphus,filter_4,2026-04-12T07:37:35.150Z,4,3.023e-05,16384,131072,pumpswap,9wFPVtrpbnuKYpLJLYZDhWSFb7R6dVbkmePUVP4zAjd
2026-04-12T07:41:59.026Z,69iu9bE7VYtuen7oNubgHAaYqpyaM6ZvCwoudsoMpump,Audit,filter_1,2026-04-12T07:37:34.399Z,4,9.778e-06,8192,262144,pumpswap,Ap365bq7KpWPse9sRuHnMTwek2XSQ77setZ8hxujTrL6
2026-04-12T07:41:59.214Z,BvHneYfnCYjfZE52iUhK4bqkcqJjYjMQUJb5FPhCpump,ALONSHOUSE,filter_2,2026-04-12T03:51:56.774Z,230,0.0001438,32768,1048576,pumpswap,6KuCNvUu9NsgTFyo1vQGfeFqsoKq7Jq19LhZeQwtMMVr
2026-04-12T07:41:59.377Z,7cFndW3LZJr5hdT138meuoqQRDR6HYqATxKj2CwPpump,AgentCRM,filter_1,2026-04-12T03:39:36.524Z,242,2.83e-05,16384,262144,pumpswap,9UmjwMC9BVfdCYNaa9xCJwWkJjufeVbQg8xcSqMsSSM5
2026-04-12T07:41:59.537Z,9AEtb967xTMosjp9XFhvHLhscPNYgDWc15jFAZR8pump,RƎ́V,filter_1,2026-04-12T02:44:33.253Z,297,0.0001511,32768,16384,pumpswap,EMm9RL2tHvUvygLCu9WkUMBgnu29K2kePzUuWhiSjdMU
2026-04-12T07:41:59.698Z,Hy58kFcGQuZ9qqbiJL5Ka8FPPmqfU6w4zSqNAyzbpump,Zoomer,filter_5,2026-04-12T02:21:55.989Z,320,2.31e-05,16384,524288,pumpswap,EvDD7gjtfLETpF8m8boLppTCHosWoyoy43AKSttyRia9
2026-04-12T07:41:59.862Z,AdD5EMoGMDiGXcgepXQXneB4fEZuS1QvKqDrN876pump,CRAFT,filter_1,2026-04-12T02:18:34.482Z,323,1.995e-05,8192,65536,pumpswap,Fq6wzHyzh8YXvGS7EYBSNPLs7cr3WSLBw4WCpp5Bbk9n
2026-04-12T07:42:00.023Z,8yeUyEaxBkBgcG5i22zR6JiLmVPbA3p6FUBHjFLFpump,MOG,filter_1,2026-04-12T00:53:40.689Z,408,2.684e-06,4096,262144,pumpswap,8jL5pBxjqyhXzGwYDYZhvdifvuSiP7KWzU8ZCGgssRzk
2026-04-12T07:42:00.201Z,VXnX59zHN7j8FrA971nJij7q2RvPSPa3TioV236pump,COG,filter_1,2026-04-11T23:57:38.153Z,464,4.066e-06,4096,262144,pumpswap,DsEyaDvzkJHPnSwDU251c5pCP1V466nMpwh8KQzEeUuU
2026-04-12T07:42:00.362Z,3SNNxUYmrXUc1mQbtV2NGQTuGKVji4y3MWhyESTypump,CASSIE,filter_4,2026-04-11T23:18:36.635Z,503,3.5e-05,16384,131072,pumpswap,B6nQAKbBTm8xTFHBs4xGUqMJJu6JF5mBcmpEv8MPEQ1i
2026-04-12T07:42:00.530Z,6TRyMNFbS6y444mDECfaENQrVnvZP4XzMr2fa6f8pump,Trump,filter_6,2026-04-11T21:07:35.070Z,634,2.005e-06,4096,1048576,pumpswap,BJLaR38FZ2accuRrABzAWdiMeZ8mF3Ky5tL6q853bgBh
2026-04-12T07:42:00.694Z,EamB9vqC1b4aoyPR6t3hn6CWf48yny84xzCuFJMbpump,Peepa,filter_1,2026-04-11T20:47:42.794Z,654,6.74e-05,32768,1048576,pumpswap,BoB3Dvi5eLGFr86BexBPNY2ZXwMNjWhx3FVCep3X2Vj6
2026-04-12T07:42:00.899Z,AQGaTfXDcvinz6DuxfZEKKFp7hmiWDLis4FtK3chpump,Ivunka,filter_3,2026-04-11T20:41:43.544Z,660,2.943e-06,4096,524288,pumpswap,AHBtpXJ7csokwSXddEDxPFYHcA515g234kXTBMhAVRxe
2026-04-12T07:42:01.085Z,BfZ27pSjL3L8Abm8VuRs5MLjjP21Xv5tUL81Rkyepump,WID,filter_4,2026-04-11T20:41:42.289Z,660,1.173e-05,8192,16384,pumpswap,4zmdmfGwoNb2mfF9PJq2N7x38qpQMwBMphD3HMDx6dak
2026-04-12T07:42:01.250Z,EgiJdQ8dbQHWu1uKS6cQBPaF2sK3a7WFpkjHEgdDpump,Dodger,filter_3,2026-04-11T19:29:11.694Z,733,1.442e-05,8192,1048576,pumpswap,7yrRRCzf429YQ1xQgdZZMy5KQ5jtkkDC7gUZWyPerhXr
2026-04-12T07:42:01.434Z,7bfbBZXpMYbNjhZ6eQ8Ch8VFAbgcz4WsrY7JtQKcpump,BOATGUY,filter_1,2026-04-11T19:27:26.855Z,735,4.68e-06,4096,262144,pumpswap,6gALa6BfE8ce8pLYaEFsTkCtxozfbuBR5bMVK3nKeFD4
2026-04-12T07:42:01.618Z,4juv1Wq63My7Bc7rznMZTyuD4aQfRSZGW9uKqFXSpump,Asset,filter_1,2026-04-11T19:27:24.857Z,735,5.557e-06,8192,16384,pumpswap,6g8ZTMKCKvSsVX92g4SKoBESXgrDL2cR1WLg8i7GZPV9
2026-04-12T07:42:01.801Z,Aq6XmZSohMJeRGU9WswbyQo9paEcKrTEs3xdfDFtpump,Lia,filter_1,2026-04-11T19:25:27.104Z,737,1.815e-06,4096,524288,pumpswap,BsFk4E3Hm12Mg27XmBoDPuk27WAC78BPfN98AHHpDPcM
2026-04-12T07:42:01.963Z,AUZnnRTdybeMiHrxfueNyBgLHnu4H39kngUh84WMpump,MELANIA,filter_3,2026-04-11T19:24:02.559Z,738,0.00106,65536,1048576,pumpswap,DM9Xj9x8A8SEinJdoz4SJH2vdhBdPGSZmhL7DxBgwbBy
2026-04-12T07:42:02.153Z,56MEDV2H1M7DkaikaSg5vpibaSyWhgspCxgPwQJhpump,DNIGGA,filter_1,2026-04-11T19:22:24.852Z,740,2.235e-06,4096,65536,pumpswap,CAhVRREzXYHDvtu6iwACsei9vhv6mexsGm9hpkeVP1Kj
2026-04-12T07:42:02.342Z,A2Px3FMumMJ7W67VEp9ahFXueEyf9aHpei4TTJ5mpump,BABY,filter_3,2026-04-11T19:14:43.120Z,747,6.105e-06,8192,1048576,pumpswap,53UgNjZDC6mXsEDTowHLmKi2Y6jzjH2Ee3ybac7jEQRQ
2026-04-12T07:42:02.501Z,wutj1cNsMWyeu9ub61knDRCwU37aVvYuCBn8ZLPj7JL,ZHONEY,filter_1,2026-04-11T19:04:35.959Z,757,1.028e-05,8192,65536,pumpswap,CtYpMFyZqcJL7mPbDQU9o88g9QpkbzEFSC81J9FzFbF8
2026-04-12T07:42:02.692Z,4oFZFm3s8VKeCnwM2G5X5mZrsPivDyzCLvDYZmVipump,ClawFC,filter_1,2026-04-11T19:00:33.206Z,761,9.59e-06,8192,131072,pumpswap,BnbuPvQe2TNdhS7CSdsCGS1WY7FYu2kZti9adrqkqpZh
2026-04-12T07:42:02.882Z,5rniCpoweGXgsLZZDohw3fZA5yuXgt87df6GHAxWpump,MOTHER,filter_1,2026-04-11T18:17:31.505Z,804,4.522e-06,4096,65536,pumpswap,7dzsEYbuQoK1LLAiae7riygcwphP7BTbK6r7Vv94p28M
2026-04-12T07:42:03.065Z,3i8RByhvAaSWh2VSoVieAPzzmc4DpZC9WHVSsDzBpump,FOOLHOUSE,filter_2,2026-04-11T13:59:09.655Z,1063,1.691e-06,4096,524288,pumpswap,G8AJyLtb85QyMbaXZe4k5DdTfLPTD8dEX9xDn2fKqQZD
2026-04-12T07:42:03.254Z,AutFvM5QZqtvjK2SrR8iLwvDEQ7ePnL14Rv7GPFvpump,TripleC,filter_2,2026-04-11T13:57:07.657Z,1065,5.234e-06,4096,524288,pumpswap,Cvk9vLXa9wiqWTxb7q5EP3jdPow5ZBrdn1MLRmergW3v
2026-04-12T07:42:03.437Z,Dj2JhqEaKgPDo9se3A1dtSBVV1FFCxAfFa9SBBWmpump,GoldDancer,filter_2,2026-04-11T13:01:12.368Z,1121,3.92e-05,16384,524288,pumpswap,9hovxHG2vADjGPe7S6agGTx5o72kgojobbpC5UVzLdt5
2026-04-12T07:42:03.623Z,ACtfUWtgvaXrQGNMiohTusi5jcx5RJf5zwu9aAxkpump,unc,filter_2,2026-04-11T11:21:14.804Z,1221,0.0005924,65536,2097152,pumpswap,BWFZkx1pMpvwxammwTrizvoWzZZGiFEYUYW6Ee51SHLy
2026-04-12T07:42:03.785Z,51bywes8qqftjWhEZJZ3GvCM2ogximFejkKqa9kMpump,Marina,filter_2,2026-04-11T10:45:10.038Z,1257,3.58e-05,16384,524288,pumpswap,ChmxH4uiGja7C2ht4KurCwXP8LLgtUgibFL1RwLNqeSG
2026-04-12T07:42:03.982Z,22a4gJyiBTjWsTaFAHiHoQTmXsptDy3iBHeqKQADpump,WLFI,filter_2,2026-04-11T08:08:14.642Z,1414,3.864e-05,16384,524288,pumpswap,8JUXPRDDfRbDTN9fsQg1fLKw3u7DM9Cesodu1pcp6WA5
2026-04-12T07:42:04.184Z,J1iyLMzrc4G4WgDVmm33bes1Xwzd1mTcmvP8gubMpump,5,filter_2,2026-04-11T07:45:06.637Z,1437,1.751e-06,4096,32768,pumpswap,1HojmJ4JLUiwXz5PxPMAyvaWvk5WZSHGFm1SyQZHTQ2
2026-04-12T07:46:58.704Z,EmtpJyHqWqH2xGvdag4DyLFNfnjDM6qTAv9QN17npump,tremp,filter_1,2026-04-12T06:53:33.876Z,53,2.096e-06,4096,262144,pumpswap,3a9vYs5m15vkxtMDLHRNagay3WuJ6FKSNJapdU3qh4rh
2026-04-12T07:46:58.866Z,4CkWXDBNqfqBT5xCon4hrGU3mwqhQ3GSwdQQ1SDnpump,STC,filter_2,2026-04-12T06:33:34.615Z,73,3.108e-05,16384,524288,pumpswap,BfcxnfNQF3cbZmdKbTNvL1fLD4dEjGhXCG9r6JS6EqB4
2026-04-12T07:46:59.025Z,ApvxrH4oet42G4mgHZTtYZ9h2yMwhNZqs7Tqu1Ebpump,NIKUTA,filter_1,2026-04-12T03:23:38.029Z,263,5.797e-06,8192,131072,pumpswap,BLzb2UKri4YMnAeqc8VgWioAz8zN62LrcDsaJB3VcK22
2026-04-12T07:46:59.185Z,D6HZ5Se3X2wEWWYsHp8Ma3wh3yWwFSSdCAFjGC4spump,Cat,filter_4,2026-04-12T03:06:34.258Z,280,1.962e-05,16384,131072,pumpswap,5g91GWPaRMg4DdCUyds858fyAzhaiTVbi563jVKhqLuT
2026-04-12T07:46:59.370Z,7Y445U5CAiLL4icyyPDonXy7zvGGML2TGjyMmwpDpump,WLFI,filter_1,2026-04-12T02:03:35.233Z,343,3.552e-05,16384,262144,pumpswap,EjzyuTwozXjagMTqqN6hjNpEyW3Q7rX3avE2otRRS8hv
2026-04-12T07:46:59.529Z,BRKFJs1jxrYBKR5sxBiuxTTbyipNBmT6GWenb3c9pump,TRUMP47,filter_5,2026-04-12T00:39:59.430Z,427,1.6e-06,4096,524288,pumpswap,EgcA2ShdHZK4Sg7N6H7yGzTjxpTpunRrbzw231wLWeDh
2026-04-12T07:46:59.688Z,5xjSweEeRNTNHXpEiyp1XBUB2D3MMYCuU8khzgiZpump,FUDGE,filter_2,2026-04-12T00:02:34.174Z,464,2.255e-05,8192,32768,pumpswap,GXBAKvHDgXXwxWWGWmrepfpXstnghwVGEqBmAq2EQgQZ
2026-04-12T07:46:59.874Z,AQiYy4igZ6jeUS5nbTymwLaQfnEg5BAjjZsP1EZkEjBU,Dolores,filter_1,2026-04-11T23:52:34.399Z,474,2.618e-06,4096,65536,pumpswap,9MiNdc2ywiYUm2nr2KTGo8UCmjk3TdKLCZ2B4aAtZ9hq
2026-04-12T07:47:00.057Z,yLT7rHdaNkfnqfg5pxXxCTrx1Rsnagod16DnpKBpump,Nilly,filter_1,2026-04-11T23:45:34.391Z,481,2.915e-06,4096,131072,pumpswap,8vjkK4SAhZ6zkX7gox9DQEmpX7MbiKsp2gRjD4dAS21V
2026-04-12T07:47:00.216Z,9oVRwbx3Ray9bK7CKhqwfqY5NaWYjG3xj1DNYg2mpump,brainlet,filter_2,2026-04-11T22:44:55.606Z,542,1.845e-06,4096,524288,pumpswap,2PW331e9D7pmdELA1m1Uyq6pnEuj5BWB8m7dcBGgJ5xo
2026-04-12T07:47:00.376Z,9XhhPHKnvSd9R8Ygr8kHR6n8YNYd7SMzRHHPFeb2pump,doomer,filter_1,2026-04-11T22:10:33.845Z,576,1.714e-06,4096,262144,pumpswap,DqTPbpJo2UfNFy2v4dHjMoFg9S2wid1RZuF8qfwcJrHx
2026-04-12T07:47:00.536Z,2wwDzQLc3pwgcHrkCadio4Hn3bzYyCptRAewJAEXdoge,MARKC,filter_1,2026-04-11T21:57:35.843Z,589,3.218e-06,4096,65536,meteora,2rVNWK9fRajakX19wtrfJKGE3xNWeubnV5VpYxETUvPX
2026-04-12T07:47:00.696Z,NicGVyEGbJhn52gBtqWM18zKGzRSe9js98AZnRwY8eS,NEGRON,filter_2,2026-04-11T21:33:59.338Z,613,3.381e-07,131072,4194304,raydium,2rXfTt3Xh699TtAUruiz6Vs7vdTrsn55bEm2FKt9y8yE
2026-04-12T07:51:58.685Z,GjHiCdvt1Zeti6rdSJeCqdkNMQKcxCkShRss5rGLWwbF,GNWR,filter_2,2026-04-12T07:49:57.190Z,2,0.09744,131072,2097152,raydium,38Wyp9ogTNGUgLeKt6FV7dpWurAtTobbo6T7fgT51uG9
2026-04-12T07:51:58.846Z,69iu9bE7VYtuen7oNubgHAaYqpyaM6ZvCwoudsoMpump,Audit,filter_1,2026-04-12T07:42:34.405Z,9,1.074e-05,8192,262144,pumpswap,Ap365bq7KpWPse9sRuHnMTwek2XSQ77setZ8hxujTrL6
2026-04-12T07:51:59.009Z,AiC9FhtXA1iNGW77MocxebVc9U5baQa4nkUFQhtbpump,Sisyphus,filter_4,2026-04-12T07:37:35.150Z,14,3.453e-05,16384,131072,pumpswap,9wFPVtrpbnuKYpLJLYZDhWSFb7R6dVbkmePUVP4zAjd
2026-04-12T07:51:59.193Z,BvHneYfnCYjfZE52iUhK4bqkcqJjYjMQUJb5FPhCpump,ALONSHOUSE,filter_2,2026-04-12T03:51:56.774Z,240,0.0001358,32768,1048576,pumpswap,6KuCNvUu9NsgTFyo1vQGfeFqsoKq7Jq19LhZeQwtMMVr
2026-04-12T07:51:59.377Z,7cFndW3LZJr5hdT138meuoqQRDR6HYqATxKj2CwPpump,AgentCRM,filter_1,2026-04-12T03:39:36.524Z,252,2.668e-05,16384,262144,pumpswap,9UmjwMC9BVfdCYNaa9xCJwWkJjufeVbQg8xcSqMsSSM5
2026-04-12T07:51:59.580Z,9AEtb967xTMosjp9XFhvHLhscPNYgDWc15jFAZR8pump,RƎ́V,filter_1,2026-04-12T02:44:33.253Z,307,0.000149,32768,16384,pumpswap,EMm9RL2tHvUvygLCu9WkUMBgnu29K2kePzUuWhiSjdMU
2026-04-12T07:51:59.765Z,Hy58kFcGQuZ9qqbiJL5Ka8FPPmqfU6w4zSqNAyzbpump,Zoomer,filter_5,2026-04-12T02:21:55.989Z,330,2.424e-05,16384,524288,pumpswap,EvDD7gjtfLETpF8m8boLppTCHosWoyoy43AKSttyRia9
2026-04-12T07:51:59.948Z,AdD5EMoGMDiGXcgepXQXneB4fEZuS1QvKqDrN876pump,CRAFT,filter_1,2026-04-12T02:18:34.482Z,333,1.901e-05,8192,65536,pumpswap,Fq6wzHyzh8YXvGS7EYBSNPLs7cr3WSLBw4WCpp5Bbk9n
2026-04-12T07:52:00.132Z,8yeUyEaxBkBgcG5i22zR6JiLmVPbA3p6FUBHjFLFpump,MOG,filter_1,2026-04-12T00:53:40.689Z,418,2.684e-06,4096,262144,pumpswap,8jL5pBxjqyhXzGwYDYZhvdifvuSiP7KWzU8ZCGgssRzk
2026-04-12T07:52:00.322Z,VXnX59zHN7j8FrA971nJij7q2RvPSPa3TioV236pump,COG,filter_1,2026-04-11T23:57:38.153Z,474,3.555e-06,4096,262144,pumpswap,DsEyaDvzkJHPnSwDU251c5pCP1V466nMpwh8KQzEeUuU
2026-04-12T07:52:00.508Z,3SNNxUYmrXUc1mQbtV2NGQTuGKVji4y3MWhyESTypump,CASSIE,filter_4,2026-04-11T23:18:36.635Z,513,3.373e-05,16384,131072,pumpswap,B6nQAKbBTm8xTFHBs4xGUqMJJu6JF5mBcmpEv8MPEQ1i
2026-04-12T07:52:00.670Z,6TRyMNFbS6y444mDECfaENQrVnvZP4XzMr2fa6f8pump,Trump,filter_6,2026-04-11T21:07:35.070Z,644,1.995e-06,4096,1048576,pumpswap,BJLaR38FZ2accuRrABzAWdiMeZ8mF3Ky5tL6q853bgBh
2026-04-12T07:52:00.832Z,EamB9vqC1b4aoyPR6t3hn6CWf48yny84xzCuFJMbpump,Peepa,filter_1,2026-04-11T20:47:42.794Z,664,7.855e-05,32768,1048576,pumpswap,BoB3Dvi5eLGFr86BexBPNY2ZXwMNjWhx3FVCep3X2Vj6
2026-04-12T07:52:01.024Z,AQGaTfXDcvinz6DuxfZEKKFp7hmiWDLis4FtK3chpump,Ivunka,filter_3,2026-04-11T20:41:43.544Z,670,2.943e-06,4096,524288,pumpswap,AHBtpXJ7csokwSXddEDxPFYHcA515g234kXTBMhAVRxe
2026-04-12T07:52:01.220Z,BfZ27pSjL3L8Abm8VuRs5MLjjP21Xv5tUL81Rkyepump,WID,filter_4,2026-04-11T20:41:42.289Z,670,1.173e-05,8192,16384,pumpswap,4zmdmfGwoNb2mfF9PJq2N7x38qpQMwBMphD3HMDx6dak
2026-04-12T07:52:01.416Z,EgiJdQ8dbQHWu1uKS6cQBPaF2sK3a7WFpkjHEgdDpump,Dodger,filter_3,2026-04-11T19:29:11.694Z,743,1.556e-05,8192,1048576,pumpswap,7yrRRCzf429YQ1xQgdZZMy5KQ5jtkkDC7gUZWyPerhXr
2026-04-12T07:52:01.608Z,7bfbBZXpMYbNjhZ6eQ8Ch8VFAbgcz4WsrY7JtQKcpump,BOATGUY,filter_1,2026-04-11T19:27:26.855Z,745,4.862e-06,4096,262144,pumpswap,6gALa6BfE8ce8pLYaEFsTkCtxozfbuBR5bMVK3nKeFD4
2026-04-12T07:52:01.793Z,4juv1Wq63My7Bc7rznMZTyuD4aQfRSZGW9uKqFXSpump,Asset,filter_1,2026-04-11T19:27:24.857Z,745,5.557e-06,8192,16384,pumpswap,6g8ZTMKCKvSsVX92g4SKoBESXgrDL2cR1WLg8i7GZPV9
2026-04-12T07:52:01.989Z,Aq6XmZSohMJeRGU9WswbyQo9paEcKrTEs3xdfDFtpump,Lia,filter_1,2026-04-11T19:25:27.104Z,747,1.815e-06,4096,524288,pumpswap,BsFk4E3Hm12Mg27XmBoDPuk27WAC78BPfN98AHHpDPcM
2026-04-12T07:52:02.151Z,AUZnnRTdybeMiHrxfueNyBgLHnu4H39kngUh84WMpump,MELANIA,filter_3,2026-04-11T19:24:02.559Z,748,0.00103,65536,1048576,pumpswap,DM9Xj9x8A8SEinJdoz4SJH2vdhBdPGSZmhL7DxBgwbBy
2026-04-12T07:52:02.335Z,56MEDV2H1M7DkaikaSg5vpibaSyWhgspCxgPwQJhpump,DNIGGA,filter_1,2026-04-11T19:22:24.852Z,750,2.08e-06,4096,65536,pumpswap,CAhVRREzXYHDvtu6iwACsei9vhv6mexsGm9hpkeVP1Kj
2026-04-12T07:52:02.496Z,A2Px3FMumMJ7W67VEp9ahFXueEyf9aHpei4TTJ5mpump,BABY,filter_3,2026-04-11T19:14:43.120Z,757,7.831e-06,8192,1048576,pumpswap,53UgNjZDC6mXsEDTowHLmKi2Y6jzjH2Ee3ybac7jEQRQ
2026-04-12T07:52:02.690Z,wutj1cNsMWyeu9ub61knDRCwU37aVvYuCBn8ZLPj7JL,ZHONEY,filter_1,2026-04-11T19:04:35.959Z,767,1.266e-05,8192,65536,pumpswap,CtYpMFyZqcJL7mPbDQU9o88g9QpkbzEFSC81J9FzFbF8
2026-04-12T07:52:02.885Z,4oFZFm3s8VKeCnwM2G5X5mZrsPivDyzCLvDYZmVipump,ClawFC,filter_1,2026-04-11T19:00:33.206Z,771,9.461e-06,8192,131072,pumpswap,BnbuPvQe2TNdhS7CSdsCGS1WY7FYu2kZti9adrqkqpZh
2026-04-12T07:52:03.068Z,5rniCpoweGXgsLZZDohw3fZA5yuXgt87df6GHAxWpump,MOTHER,filter_1,2026-04-11T18:17:31.505Z,814,4.509e-06,4096,65536,pumpswap,7dzsEYbuQoK1LLAiae7riygcwphP7BTbK6r7Vv94p28M
2026-04-12T07:52:03.260Z,3i8RByhvAaSWh2VSoVieAPzzmc4DpZC9WHVSsDzBpump,FOOLHOUSE,filter_2,2026-04-11T13:59:09.655Z,1073,1.691e-06,4096,524288,pumpswap,G8AJyLtb85QyMbaXZe4k5DdTfLPTD8dEX9xDn2fKqQZD
2026-04-12T07:52:03.455Z,AutFvM5QZqtvjK2SrR8iLwvDEQ7ePnL14Rv7GPFvpump,TripleC,filter_2,2026-04-11T13:57:07.657Z,1075,4.922e-06,4096,524288,pumpswap,Cvk9vLXa9wiqWTxb7q5EP3jdPow5ZBrdn1MLRmergW3v
2026-04-12T07:52:03.640Z,Dj2JhqEaKgPDo9se3A1dtSBVV1FFCxAfFa9SBBWmpump,GoldDancer,filter_2,2026-04-11T13:01:12.368Z,1131,4.118e-05,16384,524288,pumpswap,9hovxHG2vADjGPe7S6agGTx5o72kgojobbpC5UVzLdt5
2026-04-12T07:52:03.830Z,ACtfUWtgvaXrQGNMiohTusi5jcx5RJf5zwu9aAxkpump,unc,filter_2,2026-04-11T11:21:14.804Z,1231,0.0005507,65536,2097152,pumpswap,BWFZkx1pMpvwxammwTrizvoWzZZGiFEYUYW6Ee51SHLy
2026-04-12T07:52:03.996Z,51bywes8qqftjWhEZJZ3GvCM2ogximFejkKqa9kMpump,Marina,filter_2,2026-04-11T10:45:10.038Z,1267,3.859e-05,16384,524288,pumpswap,ChmxH4uiGja7C2ht4KurCwXP8LLgtUgibFL1RwLNqeSG
2026-04-12T07:52:04.158Z,22a4gJyiBTjWsTaFAHiHoQTmXsptDy3iBHeqKQADpump,WLFI,filter_2,2026-04-11T08:08:14.642Z,1424,4.708e-05,16384,524288,pumpswap,8JUXPRDDfRbDTN9fsQg1fLKw3u7DM9Cesodu1pcp6WA5
2026-04-12T07:56:58.697Z,EmtpJyHqWqH2xGvdag4DyLFNfnjDM6qTAv9QN17npump,tremp,filter_1,2026-04-12T06:53:33.876Z,63,2.07e-06,4096,262144,pumpswap,3a9vYs5m15vkxtMDLHRNagay3WuJ6FKSNJapdU3qh4rh
2026-04-12T07:56:58.856Z,4CkWXDBNqfqBT5xCon4hrGU3mwqhQ3GSwdQQ1SDnpump,STC,filter_2,2026-04-12T06:33:34.615Z,83,3.126e-05,16384,524288,pumpswap,BfcxnfNQF3cbZmdKbTNvL1fLD4dEjGhXCG9r6JS6EqB4
2026-04-12T07:56:59.016Z,ApvxrH4oet42G4mgHZTtYZ9h2yMwhNZqs7Tqu1Ebpump,NIKUTA,filter_1,2026-04-12T03:23:38.029Z,273,5.797e-06,8192,131072,pumpswap,BLzb2UKri4YMnAeqc8VgWioAz8zN62LrcDsaJB3VcK22
2026-04-12T07:56:59.177Z,D6HZ5Se3X2wEWWYsHp8Ma3wh3yWwFSSdCAFjGC4spump,Cat,filter_4,2026-04-12T03:06:34.258Z,290,1.895e-05,16384,131072,pumpswap,5g91GWPaRMg4DdCUyds858fyAzhaiTVbi563jVKhqLuT
2026-04-12T07:56:59.359Z,7Y445U5CAiLL4icyyPDonXy7zvGGML2TGjyMmwpDpump,WLFI,filter_1,2026-04-12T02:03:35.233Z,353,4.057e-05,16384,262144,pumpswap,EjzyuTwozXjagMTqqN6hjNpEyW3Q7rX3avE2otRRS8hv
2026-04-12T07:56:59.541Z,BRKFJs1jxrYBKR5sxBiuxTTbyipNBmT6GWenb3c9pump,TRUMP47,filter_5,2026-04-12T00:39:59.430Z,437,1.598e-06,4096,524288,pumpswap,EgcA2ShdHZK4Sg7N6H7yGzTjxpTpunRrbzw231wLWeDh
2026-04-12T07:56:59.702Z,5xjSweEeRNTNHXpEiyp1XBUB2D3MMYCuU8khzgiZpump,FUDGE,filter_2,2026-04-12T00:02:34.174Z,474,2.597e-05,16384,32768,pumpswap,GXBAKvHDgXXwxWWGWmrepfpXstnghwVGEqBmAq2EQgQZ
2026-04-12T07:56:59.888Z,AQiYy4igZ6jeUS5nbTymwLaQfnEg5BAjjZsP1EZkEjBU,Dolores,filter_1,2026-04-11T23:52:34.399Z,484,2.571e-06,4096,65536,pumpswap,9MiNdc2ywiYUm2nr2KTGo8UCmjk3TdKLCZ2B4aAtZ9hq
2026-04-12T07:57:00.090Z,yLT7rHdaNkfnqfg5pxXxCTrx1Rsnagod16DnpKBpump,Nilly,filter_1,2026-04-11T23:45:34.391Z,491,2.947e-06,4096,131072,pumpswap,8vjkK4SAhZ6zkX7gox9DQEmpX7MbiKsp2gRjD4dAS21V
2026-04-12T07:57:00.253Z,9oVRwbx3Ray9bK7CKhqwfqY5NaWYjG3xj1DNYg2mpump,brainlet,filter_2,2026-04-11T22:44:55.606Z,552,1.845e-06,4096,524288,pumpswap,2PW331e9D7pmdELA1m1Uyq6pnEuj5BWB8m7dcBGgJ5xo
2026-04-12T07:57:00.416Z,9XhhPHKnvSd9R8Ygr8kHR6n8YNYd7SMzRHHPFeb2pump,doomer,filter_1,2026-04-11T22:10:33.845Z,586,1.726e-06,4096,262144,pumpswap,DqTPbpJo2UfNFy2v4dHjMoFg9S2wid1RZuF8qfwcJrHx
2026-04-12T07:57:00.607Z,2wwDzQLc3pwgcHrkCadio4Hn3bzYyCptRAewJAEXdoge,MARKC,filter_1,2026-04-11T21:57:35.843Z,599,3.194e-06,4096,65536,meteora,2rVNWK9fRajakX19wtrfJKGE3xNWeubnV5VpYxETUvPX
2026-04-12T07:57:00.767Z,NicGVyEGbJhn52gBtqWM18zKGzRSe9js98AZnRwY8eS,NEGRON,filter_2,2026-04-11T21:33:59.338Z,623,3.345e-07,131072,4194304,raydium,2rXfTt3Xh699TtAUruiz6Vs7vdTrsn55bEm2FKt9y8yE
2026-04-12T08:01:58.671Z,GjHiCdvt1Zeti6rdSJeCqdkNMQKcxCkShRss5rGLWwbF,GNWR,filter_2,2026-04-12T08:00:57.447Z,1,0.09902,131072,2097152,raydium,38Wyp9ogTNGUgLeKt6FV7dpWurAtTobbo6T7fgT51uG9
2026-04-12T08:01:58.830Z,69iu9bE7VYtuen7oNubgHAaYqpyaM6ZvCwoudsoMpump,Audit,filter_1,2026-04-12T07:54:34.905Z,7,1.265e-05,8192,262144,pumpswap,Ap365bq7KpWPse9sRuHnMTwek2XSQ77setZ8hxujTrL6
2026-04-12T08:01:58.988Z,AiC9FhtXA1iNGW77MocxebVc9U5baQa4nkUFQhtbpump,Sisyphus,filter_4,2026-04-12T07:37:35.150Z,24,2.898e-05,16384,131072,pumpswap,9wFPVtrpbnuKYpLJLYZDhWSFb7R6dVbkmePUVP4zAjd
2026-04-12T08:01:59.147Z,BvHneYfnCYjfZE52iUhK4bqkcqJjYjMQUJb5FPhCpump,ALONSHOUSE,filter_2,2026-04-12T03:51:56.774Z,250,0.0001188,32768,1048576,pumpswap,6KuCNvUu9NsgTFyo1vQGfeFqsoKq7Jq19LhZeQwtMMVr
2026-04-12T08:01:59.305Z,7cFndW3LZJr5hdT138meuoqQRDR6HYqATxKj2CwPpump,AgentCRM,filter_1,2026-04-12T03:39:36.524Z,262,2.759e-05,16384,262144,pumpswap,9UmjwMC9BVfdCYNaa9xCJwWkJjufeVbQg8xcSqMsSSM5
2026-04-12T08:01:59.464Z,9AEtb967xTMosjp9XFhvHLhscPNYgDWc15jFAZR8pump,RƎ́V,filter_1,2026-04-12T02:44:33.253Z,317,0.000149,32768,16384,pumpswap,EMm9RL2tHvUvygLCu9WkUMBgnu29K2kePzUuWhiSjdMU
2026-04-12T08:01:59.623Z,Hy58kFcGQuZ9qqbiJL5Ka8FPPmqfU6w4zSqNAyzbpump,Zoomer,filter_5,2026-04-12T02:21:55.989Z,340,2.335e-05,16384,524288,pumpswap,EvDD7gjtfLETpF8m8boLppTCHosWoyoy43AKSttyRia9
2026-04-12T08:01:59.806Z,AdD5EMoGMDiGXcgepXQXneB4fEZuS1QvKqDrN876pump,CRAFT,filter_1,2026-04-12T02:18:34.482Z,343,1.743e-05,8192,65536,pumpswap,Fq6wzHyzh8YXvGS7EYBSNPLs7cr3WSLBw4WCpp5Bbk9n
2026-04-12T08:01:59.968Z,8yeUyEaxBkBgcG5i22zR6JiLmVPbA3p6FUBHjFLFpump,MOG,filter_1,2026-04-12T00:53:40.689Z,428,2.494e-06,4096,262144,pumpswap,8jL5pBxjqyhXzGwYDYZhvdifvuSiP7KWzU8ZCGgssRzk
2026-04-12T08:02:00.127Z,VXnX59zHN7j8FrA971nJij7q2RvPSPa3TioV236pump,COG,filter_1,2026-04-11T23:57:38.153Z,484,3.454e-06,4096,262144,pumpswap,DsEyaDvzkJHPnSwDU251c5pCP1V466nMpwh8KQzEeUuU
2026-04-12T08:02:00.309Z,3SNNxUYmrXUc1mQbtV2NGQTuGKVji4y3MWhyESTypump,CASSIE,filter_4,2026-04-11T23:18:36.635Z,523,3.285e-05,16384,131072,pumpswap,B6nQAKbBTm8xTFHBs4xGUqMJJu6JF5mBcmpEv8MPEQ1i
2026-04-12T08:02:00.467Z,6TRyMNFbS6y444mDECfaENQrVnvZP4XzMr2fa6f8pump,Trump,filter_6,2026-04-11T21:07:35.070Z,654,1.922e-06,4096,1048576,pumpswap,BJLaR38FZ2accuRrABzAWdiMeZ8mF3Ky5tL6q853bgBh
2026-04-12T08:02:00.653Z,EamB9vqC1b4aoyPR6t3hn6CWf48yny84xzCuFJMbpump,Peepa,filter_1,2026-04-11T20:47:42.794Z,674,7.15e-05,32768,1048576,pumpswap,BoB3Dvi5eLGFr86BexBPNY2ZXwMNjWhx3FVCep3X2Vj6
2026-04-12T08:02:00.844Z,AQGaTfXDcvinz6DuxfZEKKFp7hmiWDLis4FtK3chpump,Ivunka,filter_3,2026-04-11T20:41:43.544Z,680,2.943e-06,4096,524288,pumpswap,AHBtpXJ7csokwSXddEDxPFYHcA515g234kXTBMhAVRxe
2026-04-12T08:02:01.047Z,BfZ27pSjL3L8Abm8VuRs5MLjjP21Xv5tUL81Rkyepump,WID,filter_4,2026-04-11T20:41:42.289Z,680,1.173e-05,8192,16384,pumpswap,4zmdmfGwoNb2mfF9PJq2N7x38qpQMwBMphD3HMDx6dak
2026-04-12T08:02:01.207Z,EgiJdQ8dbQHWu1uKS6cQBPaF2sK3a7WFpkjHEgdDpump,Dodger,filter_3,2026-04-11T19:29:11.694Z,753,1.508e-05,8192,1048576,pumpswap,7yrRRCzf429YQ1xQgdZZMy5KQ5jtkkDC7gUZWyPerhXr
2026-04-12T08:02:01.367Z,7bfbBZXpMYbNjhZ6eQ8Ch8VFAbgcz4WsrY7JtQKcpump,BOATGUY,filter_1,2026-04-11T19:27:26.855Z,755,4.63e-06,4096,262144,pumpswap,6gALa6BfE8ce8pLYaEFsTkCtxozfbuBR5bMVK3nKeFD4
2026-04-12T08:02:01.560Z,4juv1Wq63My7Bc7rznMZTyuD4aQfRSZGW9uKqFXSpump,Asset,filter_1,2026-04-11T19:27:24.857Z,755,5.426e-06,8192,16384,pumpswap,6g8ZTMKCKvSsVX92g4SKoBESXgrDL2cR1WLg8i7GZPV9
2026-04-12T08:02:01.720Z,Aq6XmZSohMJeRGU9WswbyQo9paEcKrTEs3xdfDFtpump,Lia,filter_1,2026-04-11T19:25:27.104Z,757,1.815e-06,4096,524288,pumpswap,BsFk4E3Hm12Mg27XmBoDPuk27WAC78BPfN98AHHpDPcM
2026-04-12T08:02:01.903Z,AUZnnRTdybeMiHrxfueNyBgLHnu4H39kngUh84WMpump,MELANIA,filter_3,2026-04-11T19:24:02.559Z,758,0.001088,65536,1048576,pumpswap,DM9Xj9x8A8SEinJdoz4SJH2vdhBdPGSZmhL7DxBgwbBy
2026-04-12T08:02:02.095Z,56MEDV2H1M7DkaikaSg5vpibaSyWhgspCxgPwQJhpump,DNIGGA,filter_1,2026-04-11T19:22:24.852Z,760,2.075e-06,4096,65536,pumpswap,CAhVRREzXYHDvtu6iwACsei9vhv6mexsGm9hpkeVP1Kj
2026-04-12T08:02:02.279Z,A2Px3FMumMJ7W67VEp9ahFXueEyf9aHpei4TTJ5mpump,BABY,filter_3,2026-04-11T19:14:43.120Z,767,8.173e-06,8192,1048576,pumpswap,53UgNjZDC6mXsEDTowHLmKi2Y6jzjH2Ee3ybac7jEQRQ
2026-04-12T08:02:02.463Z,wutj1cNsMWyeu9ub61knDRCwU37aVvYuCBn8ZLPj7JL,ZHONEY,filter_1,2026-04-11T19:04:35.959Z,777,1.092e-05,8192,65536,pumpswap,CtYpMFyZqcJL7mPbDQU9o88g9QpkbzEFSC81J9FzFbF8
2026-04-12T08:02:02.648Z,4oFZFm3s8VKeCnwM2G5X5mZrsPivDyzCLvDYZmVipump,ClawFC,filter_1,2026-04-11T19:00:33.206Z,781,1.005e-05,8192,131072,pumpswap,BnbuPvQe2TNdhS7CSdsCGS1WY7FYu2kZti9adrqkqpZh
2026-04-12T08:02:02.831Z,5rniCpoweGXgsLZZDohw3fZA5yuXgt87df6GHAxWpump,MOTHER,filter_1,2026-04-11T18:17:31.505Z,824,4.444e-06,4096,65536,pumpswap,7dzsEYbuQoK1LLAiae7riygcwphP7BTbK6r7Vv94p28M
2026-04-12T08:02:03.040Z,3i8RByhvAaSWh2VSoVieAPzzmc4DpZC9WHVSsDzBpump,FOOLHOUSE,filter_2,2026-04-11T13:59:09.655Z,1083,1.691e-06,4096,524288,pumpswap,G8AJyLtb85QyMbaXZe4k5DdTfLPTD8dEX9xDn2fKqQZD
2026-04-12T08:02:03.231Z,AutFvM5QZqtvjK2SrR8iLwvDEQ7ePnL14Rv7GPFvpump,TripleC,filter_2,2026-04-11T13:57:07.657Z,1085,4.36e-06,4096,524288,pumpswap,Cvk9vLXa9wiqWTxb7q5EP3jdPow5ZBrdn1MLRmergW3v
2026-04-12T08:02:03.423Z,Dj2JhqEaKgPDo9se3A1dtSBVV1FFCxAfFa9SBBWmpump,GoldDancer,filter_2,2026-04-11T13:01:12.368Z,1141,3.788e-05,16384,524288,pumpswap,9hovxHG2vADjGPe7S6agGTx5o72kgojobbpC5UVzLdt5
2026-04-12T08:02:03.582Z,ACtfUWtgvaXrQGNMiohTusi5jcx5RJf5zwu9aAxkpump,unc,filter_2,2026-04-11T11:21:14.804Z,1241,0.0005489,65536,2097152,pumpswap,BWFZkx1pMpvwxammwTrizvoWzZZGiFEYUYW6Ee51SHLy
2026-04-12T08:02:03.741Z,51bywes8qqftjWhEZJZ3GvCM2ogximFejkKqa9kMpump,Marina,filter_2,2026-04-11T10:45:10.038Z,1277,3.696e-05,16384,524288,pumpswap,ChmxH4uiGja7C2ht4KurCwXP8LLgtUgibFL1RwLNqeSG
2026-04-12T08:02:03.930Z,22a4gJyiBTjWsTaFAHiHoQTmXsptDy3iBHeqKQADpump,WLFI,filter_2,2026-04-11T08:08:14.642Z,1434,5.779e-05,16384,524288,pumpswap,8JUXPRDDfRbDTN9fsQg1fLKw3u7DM9Cesodu1pcp6WA5
2026-04-12T08:06:58.678Z,EmtpJyHqWqH2xGvdag4DyLFNfnjDM6qTAv9QN17npump,tremp,filter_1,2026-04-12T06:53:33.876Z,73,2.07e-06,4096,262144,pumpswap,3a9vYs5m15vkxtMDLHRNagay3WuJ6FKSNJapdU3qh4rh
2026-04-12T08:06:58.836Z,4CkWXDBNqfqBT5xCon4hrGU3mwqhQ3GSwdQQ1SDnpump,STC,filter_2,2026-04-12T06:33:34.615Z,93,3.409e-05,16384,524288,pumpswap,BfcxnfNQF3cbZmdKbTNvL1fLD4dEjGhXCG9r6JS6EqB4
2026-04-12T08:06:58.996Z,ApvxrH4oet42G4mgHZTtYZ9h2yMwhNZqs7Tqu1Ebpump,NIKUTA,filter_1,2026-04-12T03:23:38.029Z,283,5.564e-06,4096,131072,pumpswap,BLzb2UKri4YMnAeqc8VgWioAz8zN62LrcDsaJB3VcK22
2026-04-12T08:06:59.156Z,D6HZ5Se3X2wEWWYsHp8Ma3wh3yWwFSSdCAFjGC4spump,Cat,filter_4,2026-04-12T03:06:34.258Z,300,2.08e-05,16384,131072,pumpswap,5g91GWPaRMg4DdCUyds858fyAzhaiTVbi563jVKhqLuT
2026-04-12T08:06:59.315Z,7Y445U5CAiLL4icyyPDonXy7zvGGML2TGjyMmwpDpump,WLFI,filter_1,2026-04-12T02:03:35.233Z,363,4.183e-05,16384,262144,pumpswap,EjzyuTwozXjagMTqqN6hjNpEyW3Q7rX3avE2otRRS8hv
2026-04-12T08:06:59.475Z,BRKFJs1jxrYBKR5sxBiuxTTbyipNBmT6GWenb3c9pump,TRUMP47,filter_5,2026-04-12T00:39:59.430Z,447,1.598e-06,4096,524288,pumpswap,EgcA2ShdHZK4Sg7N6H7yGzTjxpTpunRrbzw231wLWeDh
2026-04-12T08:06:59.635Z,5xjSweEeRNTNHXpEiyp1XBUB2D3MMYCuU8khzgiZpump,FUDGE,filter_2,2026-04-12T00:02:34.174Z,484,2.541e-05,16384,32768,pumpswap,GXBAKvHDgXXwxWWGWmrepfpXstnghwVGEqBmAq2EQgQZ
2026-04-12T08:06:59.819Z,AQiYy4igZ6jeUS5nbTymwLaQfnEg5BAjjZsP1EZkEjBU,Dolores,filter_1,2026-04-11T23:52:34.399Z,494,2.327e-06,4096,65536,pumpswap,9MiNdc2ywiYUm2nr2KTGo8UCmjk3TdKLCZ2B4aAtZ9hq
2026-04-12T08:07:00.000Z,yLT7rHdaNkfnqfg5pxXxCTrx1Rsnagod16DnpKBpump,Nilly,filter_1,2026-04-11T23:45:34.391Z,501,2.947e-06,4096,131072,pumpswap,8vjkK4SAhZ6zkX7gox9DQEmpX7MbiKsp2gRjD4dAS21V
2026-04-12T08:07:00.160Z,9oVRwbx3Ray9bK7CKhqwfqY5NaWYjG3xj1DNYg2mpump,brainlet,filter_2,2026-04-11T22:44:55.606Z,562,1.845e-06,4096,524288,pumpswap,2PW331e9D7pmdELA1m1Uyq6pnEuj5BWB8m7dcBGgJ5xo
2026-04-12T08:07:00.320Z,9XhhPHKnvSd9R8Ygr8kHR6n8YNYd7SMzRHHPFeb2pump,doomer,filter_1,2026-04-11T22:10:33.845Z,596,1.726e-06,4096,262144,pumpswap,DqTPbpJo2UfNFy2v4dHjMoFg9S2wid1RZuF8qfwcJrHx
2026-04-12T08:07:00.503Z,2wwDzQLc3pwgcHrkCadio4Hn3bzYyCptRAewJAEXdoge,MARKC,filter_1,2026-04-11T21:57:35.843Z,609,3.183e-06,4096,65536,meteora,2rVNWK9fRajakX19wtrfJKGE3xNWeubnV5VpYxETUvPX
2026-04-12T08:07:00.663Z,NicGVyEGbJhn52gBtqWM18zKGzRSe9js98AZnRwY8eS,NEGRON,filter_2,2026-04-11T21:33:59.338Z,633,3.433e-07,131072,4194304,raydium,2rXfTt3Xh699TtAUruiz6Vs7vdTrsn55bEm2FKt9y8yE
2026-04-12T08:11:58.682Z,69iu9bE7VYtuen7oNubgHAaYqpyaM6ZvCwoudsoMpump,Audit,filter_1,2026-04-12T08:11:34.165Z,0,8.772e-06,8192,262144,pumpswap,Ap365bq7KpWPse9sRuHnMTwek2XSQ77setZ8hxujTrL6
2026-04-12T08:11:58.841Z,GjHiCdvt1Zeti6rdSJeCqdkNMQKcxCkShRss5rGLWwbF,GNWR,filter_2,2026-04-12T08:10:57.464Z,1,0.09916,131072,2097152,raydium,38Wyp9ogTNGUgLeKt6FV7dpWurAtTobbo6T7fgT51uG9
2026-04-12T08:11:59.004Z,AiC9FhtXA1iNGW77MocxebVc9U5baQa4nkUFQhtbpump,Sisyphus,filter_4,2026-04-12T07:37:35.150Z,34,3.056e-05,16384,262144,pumpswap,9wFPVtrpbnuKYpLJLYZDhWSFb7R6dVbkmePUVP4zAjd
2026-04-12T08:11:59.166Z,BvHneYfnCYjfZE52iUhK4bqkcqJjYjMQUJb5FPhCpump,ALONSHOUSE,filter_2,2026-04-12T03:51:56.774Z,260,0.000119,32768,1048576,pumpswap,6KuCNvUu9NsgTFyo1vQGfeFqsoKq7Jq19LhZeQwtMMVr
2026-04-12T08:11:59.329Z,7cFndW3LZJr5hdT138meuoqQRDR6HYqATxKj2CwPpump,AgentCRM,filter_1,2026-04-12T03:39:36.524Z,272,2.492e-05,16384,262144,pumpswap,9UmjwMC9BVfdCYNaa9xCJwWkJjufeVbQg8xcSqMsSSM5
2026-04-12T08:11:59.488Z,9AEtb967xTMosjp9XFhvHLhscPNYgDWc15jFAZR8pump,RƎ́V,filter_1,2026-04-12T02:44:33.253Z,327,0.000149,32768,16384,pumpswap,EMm9RL2tHvUvygLCu9WkUMBgnu29K2kePzUuWhiSjdMU
2026-04-12T08:11:59.672Z,Hy58kFcGQuZ9qqbiJL5Ka8FPPmqfU6w4zSqNAyzbpump,Zoomer,filter_5,2026-04-12T02:21:55.989Z,350,2.665e-05,16384,524288,pumpswap,EvDD7gjtfLETpF8m8boLppTCHosWoyoy43AKSttyRia9
2026-04-12T08:11:59.863Z,AdD5EMoGMDiGXcgepXQXneB4fEZuS1QvKqDrN876pump,CRAFT,filter_1,2026-04-12T02:18:34.482Z,353,1.929e-05,8192,65536,pumpswap,Fq6wzHyzh8YXvGS7EYBSNPLs7cr3WSLBw4WCpp5Bbk9n
2026-04-12T08:12:00.025Z,8yeUyEaxBkBgcG5i22zR6JiLmVPbA3p6FUBHjFLFpump,MOG,filter_1,2026-04-12T00:53:40.689Z,438,2.459e-06,4096,262144,pumpswap,8jL5pBxjqyhXzGwYDYZhvdifvuSiP7KWzU8ZCGgssRzk
2026-04-12T08:12:00.185Z,VXnX59zHN7j8FrA971nJij7q2RvPSPa3TioV236pump,COG,filter_1,2026-04-11T23:57:38.153Z,494,3.267e-06,4096,262144,pumpswap,DsEyaDvzkJHPnSwDU251c5pCP1V466nMpwh8KQzEeUuU
2026-04-12T08:12:00.368Z,3SNNxUYmrXUc1mQbtV2NGQTuGKVji4y3MWhyESTypump,CASSIE,filter_4,2026-04-11T23:18:36.635Z,533,3.285e-05,16384,131072,pumpswap,B6nQAKbBTm8xTFHBs4xGUqMJJu6JF5mBcmpEv8MPEQ1i
2026-04-12T08:12:00.562Z,6TRyMNFbS6y444mDECfaENQrVnvZP4XzMr2fa6f8pump,Trump,filter_6,2026-04-11T21:07:35.070Z,664,1.922e-06,4096,1048576,pumpswap,BJLaR38FZ2accuRrABzAWdiMeZ8mF3Ky5tL6q853bgBh
2026-04-12T08:12:00.722Z,EamB9vqC1b4aoyPR6t3hn6CWf48yny84xzCuFJMbpump,Peepa,filter_1,2026-04-11T20:47:42.794Z,684,7.064e-05,32768,1048576,pumpswap,BoB3Dvi5eLGFr86BexBPNY2ZXwMNjWhx3FVCep3X2Vj6
2026-04-12T08:12:00.903Z,AQGaTfXDcvinz6DuxfZEKKFp7hmiWDLis4FtK3chpump,Ivunka,filter_3,2026-04-11T20:41:43.544Z,690,2.977e-06,4096,524288,pumpswap,AHBtpXJ7csokwSXddEDxPFYHcA515g234kXTBMhAVRxe
2026-04-12T08:12:01.098Z,BfZ27pSjL3L8Abm8VuRs5MLjjP21Xv5tUL81Rkyepump,WID,filter_4,2026-04-11T20:41:42.289Z,690,1.173e-05,8192,16384,pumpswap,4zmdmfGwoNb2mfF9PJq2N7x38qpQMwBMphD3HMDx6dak
2026-04-12T08:12:01.260Z,EgiJdQ8dbQHWu1uKS6cQBPaF2sK3a7WFpkjHEgdDpump,Dodger,filter_3,2026-04-11T19:29:11.694Z,763,1.365e-05,8192,1048576,pumpswap,7yrRRCzf429YQ1xQgdZZMy5KQ5jtkkDC7gUZWyPerhXr
2026-04-12T08:12:01.422Z,7bfbBZXpMYbNjhZ6eQ8Ch8VFAbgcz4WsrY7JtQKcpump,BOATGUY,filter_1,2026-04-11T19:27:26.855Z,765,4.63e-06,4096,262144,pumpswap,6gALa6BfE8ce8pLYaEFsTkCtxozfbuBR5bMVK3nKeFD4
2026-04-12T08:12:01.633Z,4juv1Wq63My7Bc7rznMZTyuD4aQfRSZGW9uKqFXSpump,Asset,filter_1,2026-04-11T19:27:24.857Z,765,5.426e-06,8192,16384,pumpswap,6g8ZTMKCKvSsVX92g4SKoBESXgrDL2cR1WLg8i7GZPV9
2026-04-12T08:12:01.794Z,Aq6XmZSohMJeRGU9WswbyQo9paEcKrTEs3xdfDFtpump,Lia,filter_1,2026-04-11T19:25:27.104Z,767,1.815e-06,4096,524288,pumpswap,BsFk4E3Hm12Mg27XmBoDPuk27WAC78BPfN98AHHpDPcM
2026-04-12T08:12:01.953Z,AUZnnRTdybeMiHrxfueNyBgLHnu4H39kngUh84WMpump,MELANIA,filter_3,2026-04-11T19:24:02.559Z,768,0.001121,65536,1048576,pumpswap,DM9Xj9x8A8SEinJdoz4SJH2vdhBdPGSZmhL7DxBgwbBy
2026-04-12T08:12:02.145Z,56MEDV2H1M7DkaikaSg5vpibaSyWhgspCxgPwQJhpump,DNIGGA,filter_1,2026-04-11T19:22:24.852Z,770,2.075e-06,4096,65536,pumpswap,CAhVRREzXYHDvtu6iwACsei9vhv6mexsGm9hpkeVP1Kj
2026-04-12T08:12:02.304Z,A2Px3FMumMJ7W67VEp9ahFXueEyf9aHpei4TTJ5mpump,BABY,filter_3,2026-04-11T19:14:43.120Z,777,7.854e-06,8192,1048576,pumpswap,53UgNjZDC6mXsEDTowHLmKi2Y6jzjH2Ee3ybac7jEQRQ
2026-04-12T08:12:02.496Z,wutj1cNsMWyeu9ub61knDRCwU37aVvYuCBn8ZLPj7JL,ZHONEY,filter_1,2026-04-11T19:04:35.959Z,787,1.008e-05,8192,65536,pumpswap,CtYpMFyZqcJL7mPbDQU9o88g9QpkbzEFSC81J9FzFbF8
2026-04-12T08:12:02.691Z,4oFZFm3s8VKeCnwM2G5X5mZrsPivDyzCLvDYZmVipump,ClawFC,filter_1,2026-04-11T19:00:33.206Z,791,9.167e-06,8192,131072,pumpswap,BnbuPvQe2TNdhS7CSdsCGS1WY7FYu2kZti9adrqkqpZh
2026-04-12T08:12:02.873Z,5rniCpoweGXgsLZZDohw3fZA5yuXgt87df6GHAxWpump,MOTHER,filter_1,2026-04-11T18:17:31.505Z,834,4.384e-06,4096,65536,pumpswap,7dzsEYbuQoK1LLAiae7riygcwphP7BTbK6r7Vv94p28M
2026-04-12T08:12:03.032Z,3i8RByhvAaSWh2VSoVieAPzzmc4DpZC9WHVSsDzBpump,FOOLHOUSE,filter_2,2026-04-11T13:59:09.655Z,1093,1.691e-06,4096,524288,pumpswap,G8AJyLtb85QyMbaXZe4k5DdTfLPTD8dEX9xDn2fKqQZD
2026-04-12T08:12:03.192Z,AutFvM5QZqtvjK2SrR8iLwvDEQ7ePnL14Rv7GPFvpump,TripleC,filter_2,2026-04-11T13:57:07.657Z,1095,4.611e-06,4096,524288,pumpswap,Cvk9vLXa9wiqWTxb7q5EP3jdPow5ZBrdn1MLRmergW3v
2026-04-12T08:12:03.352Z,Dj2JhqEaKgPDo9se3A1dtSBVV1FFCxAfFa9SBBWmpump,GoldDancer,filter_2,2026-04-11T13:01:12.368Z,1151,3.724e-05,16384,524288,pumpswap,9hovxHG2vADjGPe7S6agGTx5o72kgojobbpC5UVzLdt5
2026-04-12T08:12:03.512Z,ACtfUWtgvaXrQGNMiohTusi5jcx5RJf5zwu9aAxkpump,unc,filter_2,2026-04-11T11:21:14.804Z,1251,0.0005809,65536,2097152,pumpswap,BWFZkx1pMpvwxammwTrizvoWzZZGiFEYUYW6Ee51SHLy
2026-04-12T08:12:03.679Z,51bywes8qqftjWhEZJZ3GvCM2ogximFejkKqa9kMpump,Marina,filter_2,2026-04-11T10:45:10.038Z,1287,3.706e-05,16384,524288,pumpswap,ChmxH4uiGja7C2ht4KurCwXP8LLgtUgibFL1RwLNqeSG
2026-04-12T08:16:58.679Z,EmtpJyHqWqH2xGvdag4DyLFNfnjDM6qTAv9QN17npump,tremp,filter_1,2026-04-12T06:53:33.876Z,83,2.066e-06,4096,262144,pumpswap,3a9vYs5m15vkxtMDLHRNagay3WuJ6FKSNJapdU3qh4rh
2026-04-12T08:16:58.840Z,4CkWXDBNqfqBT5xCon4hrGU3mwqhQ3GSwdQQ1SDnpump,STC,filter_2,2026-04-12T06:33:34.615Z,103,3.132e-05,16384,524288,pumpswap,BfcxnfNQF3cbZmdKbTNvL1fLD4dEjGhXCG9r6JS6EqB4
2026-04-12T08:16:59.004Z,ApvxrH4oet42G4mgHZTtYZ9h2yMwhNZqs7Tqu1Ebpump,NIKUTA,filter_1,2026-04-12T03:23:38.029Z,293,5.167e-06,4096,131072,pumpswap,BLzb2UKri4YMnAeqc8VgWioAz8zN62LrcDsaJB3VcK22
2026-04-12T08:16:59.165Z,D6HZ5Se3X2wEWWYsHp8Ma3wh3yWwFSSdCAFjGC4spump,Cat,filter_4,2026-04-12T03:06:34.258Z,310,2.141e-05,16384,131072,pumpswap,5g91GWPaRMg4DdCUyds858fyAzhaiTVbi563jVKhqLuT
2026-04-12T08:16:59.328Z,7Y445U5CAiLL4icyyPDonXy7zvGGML2TGjyMmwpDpump,WLFI,filter_1,2026-04-12T02:03:35.233Z,373,4.084e-05,16384,262144,pumpswap,EjzyuTwozXjagMTqqN6hjNpEyW3Q7rX3avE2otRRS8hv
2026-04-12T08:16:59.490Z,BRKFJs1jxrYBKR5sxBiuxTTbyipNBmT6GWenb3c9pump,TRUMP47,filter_5,2026-04-12T00:39:59.430Z,457,1.595e-06,4096,524288,pumpswap,EgcA2ShdHZK4Sg7N6H7yGzTjxpTpunRrbzw231wLWeDh
2026-04-12T08:16:59.655Z,5xjSweEeRNTNHXpEiyp1XBUB2D3MMYCuU8khzgiZpump,FUDGE,filter_2,2026-04-12T00:02:34.174Z,494,2.484e-05,16384,32768,pumpswap,GXBAKvHDgXXwxWWGWmrepfpXstnghwVGEqBmAq2EQgQZ
2026-04-12T08:16:59.840Z,AQiYy4igZ6jeUS5nbTymwLaQfnEg5BAjjZsP1EZkEjBU,Dolores,filter_1,2026-04-11T23:52:34.399Z,504,2.06e-06,4096,65536,pumpswap,9MiNdc2ywiYUm2nr2KTGo8UCmjk3TdKLCZ2B4aAtZ9hq
2026-04-12T08:17:00.035Z,yLT7rHdaNkfnqfg5pxXxCTrx1Rsnagod16DnpKBpump,Nilly,filter_1,2026-04-11T23:45:34.391Z,511,2.899e-06,4096,131072,pumpswap,8vjkK4SAhZ6zkX7gox9DQEmpX7MbiKsp2gRjD4dAS21V
2026-04-12T08:17:00.198Z,9oVRwbx3Ray9bK7CKhqwfqY5NaWYjG3xj1DNYg2mpump,brainlet,filter_2,2026-04-11T22:44:55.606Z,572,1.845e-06,4096,524288,pumpswap,2PW331e9D7pmdELA1m1Uyq6pnEuj5BWB8m7dcBGgJ5xo
2026-04-12T08:17:00.406Z,9XhhPHKnvSd9R8Ygr8kHR6n8YNYd7SMzRHHPFeb2pump,doomer,filter_1,2026-04-11T22:10:33.845Z,606,1.726e-06,4096,262144,pumpswap,DqTPbpJo2UfNFy2v4dHjMoFg9S2wid1RZuF8qfwcJrHx
2026-04-12T08:17:00.592Z,2wwDzQLc3pwgcHrkCadio4Hn3bzYyCptRAewJAEXdoge,MARKC,filter_1,2026-04-11T21:57:35.843Z,619,3.22e-06,4096,65536,meteora,2rVNWK9fRajakX19wtrfJKGE3xNWeubnV5VpYxETUvPX
2026-04-12T08:17:00.753Z,NicGVyEGbJhn52gBtqWM18zKGzRSe9js98AZnRwY8eS,NEGRON,filter_2,2026-04-11T21:33:59.338Z,643,3.453e-07,131072,4194304,raydium,2rXfTt3Xh699TtAUruiz6Vs7vdTrsn55bEm2FKt9y8yE
2026-04-12T08:21:58.678Z,69iu9bE7VYtuen7oNubgHAaYqpyaM6ZvCwoudsoMpump,Audit,filter_1,2026-04-12T08:17:33.667Z,4,7.301e-06,8192,262144,pumpswap,Ap365bq7KpWPse9sRuHnMTwek2XSQ77setZ8hxujTrL6
2026-04-12T08:21:58.838Z,GjHiCdvt1Zeti6rdSJeCqdkNMQKcxCkShRss5rGLWwbF,GNWR,filter_2,2026-04-12T08:16:56.950Z,5,0.09609,131072,2097152,raydium,38Wyp9ogTNGUgLeKt6FV7dpWurAtTobbo6T7fgT51uG9
2026-04-12T08:21:58.998Z,AiC9FhtXA1iNGW77MocxebVc9U5baQa4nkUFQhtbpump,Sisyphus,filter_4,2026-04-12T08:12:35.668Z,9,3.384e-05,16384,262144,pumpswap,9wFPVtrpbnuKYpLJLYZDhWSFb7R6dVbkmePUVP4zAjd
2026-04-12T08:21:59.156Z,BvHneYfnCYjfZE52iUhK4bqkcqJjYjMQUJb5FPhCpump,ALONSHOUSE,filter_2,2026-04-12T03:51:56.774Z,270,0.0001499,32768,1048576,pumpswap,6KuCNvUu9NsgTFyo1vQGfeFqsoKq7Jq19LhZeQwtMMVr
2026-04-12T08:21:59.314Z,7cFndW3LZJr5hdT138meuoqQRDR6HYqATxKj2CwPpump,AgentCRM,filter_1,2026-04-12T03:39:36.524Z,282,2.531e-05,16384,262144,pumpswap,9UmjwMC9BVfdCYNaa9xCJwWkJjufeVbQg8xcSqMsSSM5
2026-04-12T08:21:59.474Z,9AEtb967xTMosjp9XFhvHLhscPNYgDWc15jFAZR8pump,RƎ́V,filter_1,2026-04-12T02:44:33.253Z,337,0.0001492,32768,16384,pumpswap,EMm9RL2tHvUvygLCu9WkUMBgnu29K2kePzUuWhiSjdMU
2026-04-12T08:21:59.635Z,Hy58kFcGQuZ9qqbiJL5Ka8FPPmqfU6w4zSqNAyzbpump,Zoomer,filter_5,2026-04-12T02:21:55.989Z,360,2.988e-05,16384,524288,pumpswap,EvDD7gjtfLETpF8m8boLppTCHosWoyoy43AKSttyRia9
2026-04-12T08:21:59.794Z,AdD5EMoGMDiGXcgepXQXneB4fEZuS1QvKqDrN876pump,CRAFT,filter_1,2026-04-12T02:18:34.482Z,363,1.905e-05,8192,65536,pumpswap,Fq6wzHyzh8YXvGS7EYBSNPLs7cr3WSLBw4WCpp5Bbk9n
2026-04-12T08:21:59.954Z,8yeUyEaxBkBgcG5i22zR6JiLmVPbA3p6FUBHjFLFpump,MOG,filter_1,2026-04-12T00:53:40.689Z,448,2.459e-06,4096,262144,pumpswap,8jL5pBxjqyhXzGwYDYZhvdifvuSiP7KWzU8ZCGgssRzk
2026-04-12T08:22:00.118Z,VXnX59zHN7j8FrA971nJij7q2RvPSPa3TioV236pump,COG,filter_1,2026-04-11T23:57:38.153Z,504,3.152e-06,4096,262144,pumpswap,DsEyaDvzkJHPnSwDU251c5pCP1V466nMpwh8KQzEeUuU
2026-04-12T08:22:00.308Z,3SNNxUYmrXUc1mQbtV2NGQTuGKVji4y3MWhyESTypump,CASSIE,filter_4,2026-04-11T23:18:36.635Z,543,3.285e-05,16384,131072,pumpswap,B6nQAKbBTm8xTFHBs4xGUqMJJu6JF5mBcmpEv8MPEQ1i
2026-04-12T08:22:00.466Z,6TRyMNFbS6y444mDECfaENQrVnvZP4XzMr2fa6f8pump,Trump,filter_6,2026-04-11T21:07:35.070Z,674,1.922e-06,4096,1048576,pumpswap,BJLaR38FZ2accuRrABzAWdiMeZ8mF3Ky5tL6q853bgBh
2026-04-12T08:22:00.627Z,EamB9vqC1b4aoyPR6t3hn6CWf48yny84xzCuFJMbpump,Peepa,filter_1,2026-04-11T20:47:42.794Z,694,6.807e-05,32768,1048576,pumpswap,BoB3Dvi5eLGFr86BexBPNY2ZXwMNjWhx3FVCep3X2Vj6
2026-04-12T08:22:00.786Z,AQGaTfXDcvinz6DuxfZEKKFp7hmiWDLis4FtK3chpump,Ivunka,filter_3,2026-04-11T20:41:43.544Z,700,2.977e-06,4096,524288,pumpswap,AHBtpXJ7csokwSXddEDxPFYHcA515g234kXTBMhAVRxe
2026-04-12T08:22:00.947Z,BfZ27pSjL3L8Abm8VuRs5MLjjP21Xv5tUL81Rkyepump,WID,filter_4,2026-04-11T20:41:42.289Z,700,1.173e-05,8192,16384,pumpswap,4zmdmfGwoNb2mfF9PJq2N7x38qpQMwBMphD3HMDx6dak
2026-04-12T08:22:01.107Z,EgiJdQ8dbQHWu1uKS6cQBPaF2sK3a7WFpkjHEgdDpump,Dodger,filter_3,2026-04-11T19:29:11.694Z,773,1.337e-05,8192,1048576,pumpswap,7yrRRCzf429YQ1xQgdZZMy5KQ5jtkkDC7gUZWyPerhXr
2026-04-12T08:22:01.293Z,7bfbBZXpMYbNjhZ6eQ8Ch8VFAbgcz4WsrY7JtQKcpump,BOATGUY,filter_1,2026-04-11T19:27:26.855Z,775,4.63e-06,4096,262144,pumpswap,6gALa6BfE8ce8pLYaEFsTkCtxozfbuBR5bMVK3nKeFD4
2026-04-12T08:22:01.477Z,4juv1Wq63My7Bc7rznMZTyuD4aQfRSZGW9uKqFXSpump,Asset,filter_1,2026-04-11T19:27:24.857Z,775,5.426e-06,8192,16384,pumpswap,6g8ZTMKCKvSsVX92g4SKoBESXgrDL2cR1WLg8i7GZPV9
2026-04-12T08:22:01.636Z,Aq6XmZSohMJeRGU9WswbyQo9paEcKrTEs3xdfDFtpump,Lia,filter_1,2026-04-11T19:25:27.104Z,777,1.815e-06,4096,524288,pumpswap,BsFk4E3Hm12Mg27XmBoDPuk27WAC78BPfN98AHHpDPcM
2026-04-12T08:22:01.795Z,AUZnnRTdybeMiHrxfueNyBgLHnu4H39kngUh84WMpump,MELANIA,filter_3,2026-04-11T19:24:02.559Z,778,0.001106,65536,1048576,pumpswap,DM9Xj9x8A8SEinJdoz4SJH2vdhBdPGSZmhL7DxBgwbBy
2026-04-12T08:22:01.978Z,56MEDV2H1M7DkaikaSg5vpibaSyWhgspCxgPwQJhpump,DNIGGA,filter_1,2026-04-11T19:22:24.852Z,780,2.075e-06,4096,65536,pumpswap,CAhVRREzXYHDvtu6iwACsei9vhv6mexsGm9hpkeVP1Kj
2026-04-12T08:22:02.169Z,A2Px3FMumMJ7W67VEp9ahFXueEyf9aHpei4TTJ5mpump,BABY,filter_3,2026-04-11T19:14:43.120Z,787,8.067e-06,8192,1048576,pumpswap,53UgNjZDC6mXsEDTowHLmKi2Y6jzjH2Ee3ybac7jEQRQ
2026-04-12T08:22:02.328Z,wutj1cNsMWyeu9ub61knDRCwU37aVvYuCBn8ZLPj7JL,ZHONEY,filter_1,2026-04-11T19:04:35.959Z,797,1.021e-05,8192,65536,pumpswap,CtYpMFyZqcJL7mPbDQU9o88g9QpkbzEFSC81J9FzFbF8
2026-04-12T08:22:02.512Z,4oFZFm3s8VKeCnwM2G5X5mZrsPivDyzCLvDYZmVipump,ClawFC,filter_1,2026-04-11T19:00:33.206Z,801,8.034e-06,8192,131072,pumpswap,BnbuPvQe2TNdhS7CSdsCGS1WY7FYu2kZti9adrqkqpZh
2026-04-12T08:22:02.672Z,5rniCpoweGXgsLZZDohw3fZA5yuXgt87df6GHAxWpump,MOTHER,filter_1,2026-04-11T18:17:31.505Z,844,4.378e-06,4096,65536,pumpswap,7dzsEYbuQoK1LLAiae7riygcwphP7BTbK6r7Vv94p28M
2026-04-12T08:22:02.832Z,3i8RByhvAaSWh2VSoVieAPzzmc4DpZC9WHVSsDzBpump,FOOLHOUSE,filter_2,2026-04-11T13:59:09.655Z,1103,1.691e-06,4096,524288,pumpswap,G8AJyLtb85QyMbaXZe4k5DdTfLPTD8dEX9xDn2fKqQZD
2026-04-12T08:22:03.016Z,AutFvM5QZqtvjK2SrR8iLwvDEQ7ePnL14Rv7GPFvpump,TripleC,filter_2,2026-04-11T13:57:07.657Z,1105,4.533e-06,4096,524288,pumpswap,Cvk9vLXa9wiqWTxb7q5EP3jdPow5ZBrdn1MLRmergW3v
2026-04-12T08:22:03.175Z,Dj2JhqEaKgPDo9se3A1dtSBVV1FFCxAfFa9SBBWmpump,GoldDancer,filter_2,2026-04-11T13:01:12.368Z,1161,4.065e-05,16384,524288,pumpswap,9hovxHG2vADjGPe7S6agGTx5o72kgojobbpC5UVzLdt5
2026-04-12T08:22:03.334Z,ACtfUWtgvaXrQGNMiohTusi5jcx5RJf5zwu9aAxkpump,unc,filter_2,2026-04-11T11:21:14.804Z,1261,0.0005762,65536,2097152,pumpswap,BWFZkx1pMpvwxammwTrizvoWzZZGiFEYUYW6Ee51SHLy
2026-04-12T08:22:03.493Z,51bywes8qqftjWhEZJZ3GvCM2ogximFejkKqa9kMpump,Marina,filter_2,2026-04-11T10:45:10.038Z,1297,4.435e-05,16384,524288,pumpswap,ChmxH4uiGja7C2ht4KurCwXP8LLgtUgibFL1RwLNqeSG
2026-04-12T08:26:58.690Z,EmtpJyHqWqH2xGvdag4DyLFNfnjDM6qTAv9QN17npump,tremp,filter_1,2026-04-12T06:53:33.876Z,93,2.066e-06,4096,262144,pumpswap,3a9vYs5m15vkxtMDLHRNagay3WuJ6FKSNJapdU3qh4rh
2026-04-12T08:26:58.848Z,4CkWXDBNqfqBT5xCon4hrGU3mwqhQ3GSwdQQ1SDnpump,STC,filter_2,2026-04-12T06:33:34.615Z,113,3.037e-05,16384,524288,pumpswap,BfcxnfNQF3cbZmdKbTNvL1fLD4dEjGhXCG9r6JS6EqB4
2026-04-12T08:26:59.031Z,ApvxrH4oet42G4mgHZTtYZ9h2yMwhNZqs7Tqu1Ebpump,NIKUTA,filter_1,2026-04-12T03:23:38.029Z,303,3.961e-06,4096,131072,pumpswap,BLzb2UKri4YMnAeqc8VgWioAz8zN62LrcDsaJB3VcK22
2026-04-12T08:26:59.213Z,D6HZ5Se3X2wEWWYsHp8Ma3wh3yWwFSSdCAFjGC4spump,Cat,filter_4,2026-04-12T03:06:34.258Z,320,2.044e-05,16384,131072,pumpswap,5g91GWPaRMg4DdCUyds858fyAzhaiTVbi563jVKhqLuT
2026-04-12T08:26:59.371Z,7Y445U5CAiLL4icyyPDonXy7zvGGML2TGjyMmwpDpump,WLFI,filter_1,2026-04-12T02:03:35.233Z,383,4.297e-05,16384,262144,pumpswap,EjzyuTwozXjagMTqqN6hjNpEyW3Q7rX3avE2otRRS8hv
2026-04-12T08:26:59.552Z,BRKFJs1jxrYBKR5sxBiuxTTbyipNBmT6GWenb3c9pump,TRUMP47,filter_5,2026-04-12T00:39:59.430Z,467,1.595e-06,4096,524288,pumpswap,EgcA2ShdHZK4Sg7N6H7yGzTjxpTpunRrbzw231wLWeDh
2026-04-12T08:26:59.710Z,5xjSweEeRNTNHXpEiyp1XBUB2D3MMYCuU8khzgiZpump,FUDGE,filter_2,2026-04-12T00:02:34.174Z,504,2.789e-05,16384,32768,pumpswap,GXBAKvHDgXXwxWWGWmrepfpXstnghwVGEqBmAq2EQgQZ
2026-04-12T08:26:59.870Z,AQiYy4igZ6jeUS5nbTymwLaQfnEg5BAjjZsP1EZkEjBU,Dolores,filter_1,2026-04-11T23:52:34.399Z,514,2.046e-06,4096,65536,pumpswap,9MiNdc2ywiYUm2nr2KTGo8UCmjk3TdKLCZ2B4aAtZ9hq
2026-04-12T08:27:00.029Z,yLT7rHdaNkfnqfg5pxXxCTrx1Rsnagod16DnpKBpump,Nilly,filter_1,2026-04-11T23:45:34.391Z,521,2.899e-06,4096,131072,pumpswap,8vjkK4SAhZ6zkX7gox9DQEmpX7MbiKsp2gRjD4dAS21V
2026-04-12T08:27:00.212Z,9oVRwbx3Ray9bK7CKhqwfqY5NaWYjG3xj1DNYg2mpump,brainlet,filter_2,2026-04-11T22:44:55.606Z,582,1.845e-06,4096,524288,pumpswap,2PW331e9D7pmdELA1m1Uyq6pnEuj5BWB8m7dcBGgJ5xo
2026-04-12T08:27:00.373Z,9XhhPHKnvSd9R8Ygr8kHR6n8YNYd7SMzRHHPFeb2pump,doomer,filter_1,2026-04-11T22:10:33.845Z,616,1.726e-06,4096,262144,pumpswap,DqTPbpJo2UfNFy2v4dHjMoFg9S2wid1RZuF8qfwcJrHx
2026-04-12T08:27:00.564Z,2wwDzQLc3pwgcHrkCadio4Hn3bzYyCptRAewJAEXdoge,MARKC,filter_1,2026-04-11T21:57:35.843Z,629,3.588e-06,4096,65536,meteora,2rVNWK9fRajakX19wtrfJKGE3xNWeubnV5VpYxETUvPX
2026-04-12T08:27:00.768Z,NicGVyEGbJhn52gBtqWM18zKGzRSe9js98AZnRwY8eS,NEGRON,filter_2,2026-04-11T21:33:59.338Z,653,3.702e-07,131072,4194304,raydium,2rXfTt3Xh699TtAUruiz6Vs7vdTrsn55bEm2FKt9y8yE
2026-04-12T08:31:58.679Z,69iu9bE7VYtuen7oNubgHAaYqpyaM6ZvCwoudsoMpump,Audit,filter_1,2026-04-12T08:17:33.667Z,14,7.43e-06,8192,262144,pumpswap,Ap365bq7KpWPse9sRuHnMTwek2XSQ77setZ8hxujTrL6
2026-04-12T08:31:58.839Z,GjHiCdvt1Zeti6rdSJeCqdkNMQKcxCkShRss5rGLWwbF,GNWR,filter_2,2026-04-12T08:16:56.950Z,15,0.09523,131072,2097152,raydium,38Wyp9ogTNGUgLeKt6FV7dpWurAtTobbo6T7fgT51uG9
2026-04-12T08:31:58.999Z,AiC9FhtXA1iNGW77MocxebVc9U5baQa4nkUFQhtbpump,Sisyphus,filter_4,2026-04-12T08:12:35.668Z,19,2.387e-05,16384,262144,pumpswap,9wFPVtrpbnuKYpLJLYZDhWSFb7R6dVbkmePUVP4zAjd
2026-04-12T08:31:59.160Z,BvHneYfnCYjfZE52iUhK4bqkcqJjYjMQUJb5FPhCpump,ALONSHOUSE,filter_2,2026-04-12T03:51:56.774Z,280,0.0001413,32768,1048576,pumpswap,6KuCNvUu9NsgTFyo1vQGfeFqsoKq7Jq19LhZeQwtMMVr
2026-04-12T08:31:59.321Z,7cFndW3LZJr5hdT138meuoqQRDR6HYqATxKj2CwPpump,AgentCRM,filter_1,2026-04-12T03:39:36.524Z,292,2.257e-05,16384,262144,pumpswap,9UmjwMC9BVfdCYNaa9xCJwWkJjufeVbQg8xcSqMsSSM5
2026-04-12T08:31:59.484Z,9AEtb967xTMosjp9XFhvHLhscPNYgDWc15jFAZR8pump,RƎ́V,filter_1,2026-04-12T02:44:33.253Z,347,0.0001512,32768,16384,pumpswap,EMm9RL2tHvUvygLCu9WkUMBgnu29K2kePzUuWhiSjdMU
2026-04-12T08:31:59.648Z,Hy58kFcGQuZ9qqbiJL5Ka8FPPmqfU6w4zSqNAyzbpump,Zoomer,filter_5,2026-04-12T02:21:55.989Z,370,3.174e-05,16384,524288,pumpswap,EvDD7gjtfLETpF8m8boLppTCHosWoyoy43AKSttyRia9
2026-04-12T08:31:59.833Z,AdD5EMoGMDiGXcgepXQXneB4fEZuS1QvKqDrN876pump,CRAFT,filter_1,2026-04-12T02:18:34.482Z,373,2.01e-05,8192,65536,pumpswap,Fq6wzHyzh8YXvGS7EYBSNPLs7cr3WSLBw4WCpp5Bbk9n
2026-04-12T08:31:59.993Z,8yeUyEaxBkBgcG5i22zR6JiLmVPbA3p6FUBHjFLFpump,MOG,filter_1,2026-04-12T00:53:40.689Z,458,2.457e-06,4096,262144,pumpswap,8jL5pBxjqyhXzGwYDYZhvdifvuSiP7KWzU8ZCGgssRzk
2026-04-12T08:32:00.176Z,VXnX59zHN7j8FrA971nJij7q2RvPSPa3TioV236pump,COG,filter_1,2026-04-11T23:57:38.153Z,514,3.152e-06,4096,262144,pumpswap,DsEyaDvzkJHPnSwDU251c5pCP1V466nMpwh8KQzEeUuU
2026-04-12T08:32:00.337Z,3SNNxUYmrXUc1mQbtV2NGQTuGKVji4y3MWhyESTypump,CASSIE,filter_4,2026-04-11T23:18:36.635Z,553,3.145e-05,16384,131072,pumpswap,B6nQAKbBTm8xTFHBs4xGUqMJJu6JF5mBcmpEv8MPEQ1i
2026-04-12T08:32:00.499Z,6TRyMNFbS6y444mDECfaENQrVnvZP4XzMr2fa6f8pump,Trump,filter_6,2026-04-11T21:07:35.070Z,684,1.922e-06,4096,1048576,pumpswap,BJLaR38FZ2accuRrABzAWdiMeZ8mF3Ky5tL6q853bgBh
2026-04-12T08:32:00.660Z,EamB9vqC1b4aoyPR6t3hn6CWf48yny84xzCuFJMbpump,Peepa,filter_1,2026-04-11T20:47:42.794Z,704,6.945e-05,32768,1048576,pumpswap,BoB3Dvi5eLGFr86BexBPNY2ZXwMNjWhx3FVCep3X2Vj6
2026-04-12T08:32:00.844Z,AQGaTfXDcvinz6DuxfZEKKFp7hmiWDLis4FtK3chpump,Ivunka,filter_3,2026-04-11T20:41:43.544Z,710,2.977e-06,4096,524288,pumpswap,AHBtpXJ7csokwSXddEDxPFYHcA515g234kXTBMhAVRxe
2026-04-12T08:32:01.028Z,BfZ27pSjL3L8Abm8VuRs5MLjjP21Xv5tUL81Rkyepump,WID,filter_4,2026-04-11T20:41:42.289Z,710,1.173e-05,8192,16384,pumpswap,4zmdmfGwoNb2mfF9PJq2N7x38qpQMwBMphD3HMDx6dak
2026-04-12T08:32:01.190Z,EgiJdQ8dbQHWu1uKS6cQBPaF2sK3a7WFpkjHEgdDpump,Dodger,filter_3,2026-04-11T19:29:11.694Z,783,1.281e-05,8192,1048576,pumpswap,7yrRRCzf429YQ1xQgdZZMy5KQ5jtkkDC7gUZWyPerhXr
2026-04-12T08:32:01.351Z,7bfbBZXpMYbNjhZ6eQ8Ch8VFAbgcz4WsrY7JtQKcpump,BOATGUY,filter_1,2026-04-11T19:27:26.855Z,785,4.63e-06,4096,262144,pumpswap,6gALa6BfE8ce8pLYaEFsTkCtxozfbuBR5bMVK3nKeFD4
2026-04-12T08:32:01.537Z,4juv1Wq63My7Bc7rznMZTyuD4aQfRSZGW9uKqFXSpump,Asset,filter_1,2026-04-11T19:27:24.857Z,785,5.317e-06,8192,16384,pumpswap,6g8ZTMKCKvSsVX92g4SKoBESXgrDL2cR1WLg8i7GZPV9
2026-04-12T08:32:01.698Z,Aq6XmZSohMJeRGU9WswbyQo9paEcKrTEs3xdfDFtpump,Lia,filter_1,2026-04-11T19:25:27.104Z,787,1.815e-06,4096,524288,pumpswap,BsFk4E3Hm12Mg27XmBoDPuk27WAC78BPfN98AHHpDPcM
2026-04-12T08:32:01.857Z,AUZnnRTdybeMiHrxfueNyBgLHnu4H39kngUh84WMpump,MELANIA,filter_3,2026-04-11T19:24:02.559Z,788,0.001169,65536,1048576,pumpswap,DM9Xj9x8A8SEinJdoz4SJH2vdhBdPGSZmhL7DxBgwbBy
2026-04-12T08:32:02.049Z,56MEDV2H1M7DkaikaSg5vpibaSyWhgspCxgPwQJhpump,DNIGGA,filter_1,2026-04-11T19:22:24.852Z,790,2.068e-06,4096,65536,pumpswap,CAhVRREzXYHDvtu6iwACsei9vhv6mexsGm9hpkeVP1Kj
2026-04-12T08:32:02.210Z,A2Px3FMumMJ7W67VEp9ahFXueEyf9aHpei4TTJ5mpump,BABY,filter_3,2026-04-11T19:14:43.120Z,797,7.767e-06,8192,1048576,pumpswap,53UgNjZDC6mXsEDTowHLmKi2Y6jzjH2Ee3ybac7jEQRQ
2026-04-12T08:32:02.403Z,wutj1cNsMWyeu9ub61knDRCwU37aVvYuCBn8ZLPj7JL,ZHONEY,filter_1,2026-04-11T19:04:35.959Z,807,1e-05,8192,65536,pumpswap,CtYpMFyZqcJL7mPbDQU9o88g9QpkbzEFSC81J9FzFbF8
2026-04-12T08:32:02.591Z,4oFZFm3s8VKeCnwM2G5X5mZrsPivDyzCLvDYZmVipump,ClawFC,filter_1,2026-04-11T19:00:33.206Z,811,8.034e-06,8192,131072,pumpswap,BnbuPvQe2TNdhS7CSdsCGS1WY7FYu2kZti9adrqkqpZh
2026-04-12T08:32:02.782Z,5rniCpoweGXgsLZZDohw3fZA5yuXgt87df6GHAxWpump,MOTHER,filter_1,2026-04-11T18:17:31.505Z,854,4.35e-06,4096,65536,pumpswap,7dzsEYbuQoK1LLAiae7riygcwphP7BTbK6r7Vv94p28M
2026-04-12T08:32:02.965Z,3i8RByhvAaSWh2VSoVieAPzzmc4DpZC9WHVSsDzBpump,FOOLHOUSE,filter_2,2026-04-11T13:59:09.655Z,1113,1.691e-06,4096,524288,pumpswap,G8AJyLtb85QyMbaXZe4k5DdTfLPTD8dEX9xDn2fKqQZD
2026-04-12T08:32:03.152Z,AutFvM5QZqtvjK2SrR8iLwvDEQ7ePnL14Rv7GPFvpump,TripleC,filter_2,2026-04-11T13:57:07.657Z,1115,4.596e-06,4096,524288,pumpswap,Cvk9vLXa9wiqWTxb7q5EP3jdPow5ZBrdn1MLRmergW3v
2026-04-12T08:32:03.312Z,Dj2JhqEaKgPDo9se3A1dtSBVV1FFCxAfFa9SBBWmpump,GoldDancer,filter_2,2026-04-11T13:01:12.368Z,1171,3.786e-05,16384,524288,pumpswap,9hovxHG2vADjGPe7S6agGTx5o72kgojobbpC5UVzLdt5
2026-04-12T08:32:03.474Z,ACtfUWtgvaXrQGNMiohTusi5jcx5RJf5zwu9aAxkpump,unc,filter_2,2026-04-11T11:21:14.804Z,1271,0.0005785,65536,2097152,pumpswap,BWFZkx1pMpvwxammwTrizvoWzZZGiFEYUYW6Ee51SHLy
2026-04-12T08:32:03.634Z,51bywes8qqftjWhEZJZ3GvCM2ogximFejkKqa9kMpump,Marina,filter_2,2026-04-11T10:45:10.038Z,1307,4.372e-05,16384,524288,pumpswap,ChmxH4uiGja7C2ht4KurCwXP8LLgtUgibFL1RwLNqeSG
2026-04-12T08:36:58.675Z,EmtpJyHqWqH2xGvdag4DyLFNfnjDM6qTAv9QN17npump,tremp,filter_1,2026-04-12T06:53:33.876Z,103,2.066e-06,4096,262144,pumpswap,3a9vYs5m15vkxtMDLHRNagay3WuJ6FKSNJapdU3qh4rh
2026-04-12T08:36:58.835Z,4CkWXDBNqfqBT5xCon4hrGU3mwqhQ3GSwdQQ1SDnpump,STC,filter_2,2026-04-12T06:33:34.615Z,123,3.791e-05,16384,524288,pumpswap,BfcxnfNQF3cbZmdKbTNvL1fLD4dEjGhXCG9r6JS6EqB4
2026-04-12T08:36:58.994Z,ApvxrH4oet42G4mgHZTtYZ9h2yMwhNZqs7Tqu1Ebpump,NIKUTA,filter_1,2026-04-12T03:23:38.029Z,313,4.05e-06,4096,131072,pumpswap,BLzb2UKri4YMnAeqc8VgWioAz8zN62LrcDsaJB3VcK22
2026-04-12T08:36:59.174Z,D6HZ5Se3X2wEWWYsHp8Ma3wh3yWwFSSdCAFjGC4spump,Cat,filter_4,2026-04-12T03:06:34.258Z,330,2.247e-05,16384,131072,pumpswap,5g91GWPaRMg4DdCUyds858fyAzhaiTVbi563jVKhqLuT
2026-04-12T08:36:59.333Z,7Y445U5CAiLL4icyyPDonXy7zvGGML2TGjyMmwpDpump,WLFI,filter_1,2026-04-12T02:03:35.233Z,393,5.659e-05,16384,262144,pumpswap,EjzyuTwozXjagMTqqN6hjNpEyW3Q7rX3avE2otRRS8hv
2026-04-12T08:36:59.516Z,BRKFJs1jxrYBKR5sxBiuxTTbyipNBmT6GWenb3c9pump,TRUMP47,filter_5,2026-04-12T00:39:59.430Z,477,1.595e-06,4096,524288,pumpswap,EgcA2ShdHZK4Sg7N6H7yGzTjxpTpunRrbzw231wLWeDh
2026-04-12T08:36:59.675Z,5xjSweEeRNTNHXpEiyp1XBUB2D3MMYCuU8khzgiZpump,FUDGE,filter_2,2026-04-12T00:02:34.174Z,514,3.031e-05,16384,32768,pumpswap,GXBAKvHDgXXwxWWGWmrepfpXstnghwVGEqBmAq2EQgQZ
2026-04-12T08:36:59.836Z,AQiYy4igZ6jeUS5nbTymwLaQfnEg5BAjjZsP1EZkEjBU,Dolores,filter_1,2026-04-11T23:52:34.399Z,524,2.046e-06,4096,65536,pumpswap,9MiNdc2ywiYUm2nr2KTGo8UCmjk3TdKLCZ2B4aAtZ9hq
2026-04-12T08:37:00.031Z,yLT7rHdaNkfnqfg5pxXxCTrx1Rsnagod16DnpKBpump,Nilly,filter_1,2026-04-11T23:45:34.391Z,531,2.95e-06,4096,131072,pumpswap,8vjkK4SAhZ6zkX7gox9DQEmpX7MbiKsp2gRjD4dAS21V
2026-04-12T08:37:00.207Z,9oVRwbx3Ray9bK7CKhqwfqY5NaWYjG3xj1DNYg2mpump,brainlet,filter_2,2026-04-11T22:44:55.606Z,592,1.845e-06,4096,524288,pumpswap,2PW331e9D7pmdELA1m1Uyq6pnEuj5BWB8m7dcBGgJ5xo
2026-04-12T08:37:00.367Z,9XhhPHKnvSd9R8Ygr8kHR6n8YNYd7SMzRHHPFeb2pump,doomer,filter_1,2026-04-11T22:10:33.845Z,626,1.726e-06,4096,262144,pumpswap,DqTPbpJo2UfNFy2v4dHjMoFg9S2wid1RZuF8qfwcJrHx
2026-04-12T08:37:00.529Z,2wwDzQLc3pwgcHrkCadio4Hn3bzYyCptRAewJAEXdoge,MARKC,filter_1,2026-04-11T21:57:35.843Z,639,4.077e-06,4096,65536,meteora,2rVNWK9fRajakX19wtrfJKGE3xNWeubnV5VpYxETUvPX
2026-04-12T08:37:00.688Z,NicGVyEGbJhn52gBtqWM18zKGzRSe9js98AZnRwY8eS,NEGRON,filter_2,2026-04-11T21:33:59.338Z,663,3.74e-07,131072,8388608,raydium,2rXfTt3Xh699TtAUruiz6Vs7vdTrsn55bEm2FKt9y8yE
2026-04-12T08:41:58.692Z,GiE8Bf4Y2YHvwKutQUFeR2yaAMPWbkngLvezTWwapump,🪑,filter_2,2026-04-12T08:37:03.215Z,5,0.0005673,65536,1048576,pumpswap,47yRWYckWUBUrbSN7AmhanMDhfydURQf5G3fjhotpjy5
2026-04-12T08:41:58.855Z,69iu9bE7VYtuen7oNubgHAaYqpyaM6ZvCwoudsoMpump,Audit,filter_1,2026-04-12T08:17:33.667Z,24,8.227e-06,8192,262144,pumpswap,Ap365bq7KpWPse9sRuHnMTwek2XSQ77setZ8hxujTrL6
2026-04-12T08:41:59.018Z,GjHiCdvt1Zeti6rdSJeCqdkNMQKcxCkShRss5rGLWwbF,GNWR,filter_2,2026-04-12T08:16:56.950Z,25,0.09846,131072,2097152,raydium,38Wyp9ogTNGUgLeKt6FV7dpWurAtTobbo6T7fgT51uG9
2026-04-12T08:41:59.177Z,AiC9FhtXA1iNGW77MocxebVc9U5baQa4nkUFQhtbpump,Sisyphus,filter_4,2026-04-12T08:12:35.668Z,29,1.878e-05,8192,262144,pumpswap,9wFPVtrpbnuKYpLJLYZDhWSFb7R6dVbkmePUVP4zAjd
2026-04-12T08:41:59.362Z,BvHneYfnCYjfZE52iUhK4bqkcqJjYjMQUJb5FPhCpump,ALONSHOUSE,filter_2,2026-04-12T03:51:56.774Z,290,0.0001582,32768,1048576,pumpswap,6KuCNvUu9NsgTFyo1vQGfeFqsoKq7Jq19LhZeQwtMMVr
2026-04-12T08:41:59.545Z,7cFndW3LZJr5hdT138meuoqQRDR6HYqATxKj2CwPpump,AgentCRM,filter_1,2026-04-12T03:39:36.524Z,302,1.646e-05,8192,262144,pumpswap,9UmjwMC9BVfdCYNaa9xCJwWkJjufeVbQg8xcSqMsSSM5
2026-04-12T08:41:59.704Z,9AEtb967xTMosjp9XFhvHLhscPNYgDWc15jFAZR8pump,RƎ́V,filter_1,2026-04-12T02:44:33.253Z,357,0.0001512,32768,16384,pumpswap,EMm9RL2tHvUvygLCu9WkUMBgnu29K2kePzUuWhiSjdMU
2026-04-12T08:41:59.863Z,Hy58kFcGQuZ9qqbiJL5Ka8FPPmqfU6w4zSqNAyzbpump,Zoomer,filter_5,2026-04-12T02:21:55.989Z,380,2.951e-05,16384,524288,pumpswap,EvDD7gjtfLETpF8m8boLppTCHosWoyoy43AKSttyRia9
2026-04-12T08:42:00.051Z,AdD5EMoGMDiGXcgepXQXneB4fEZuS1QvKqDrN876pump,CRAFT,filter_1,2026-04-12T02:18:34.482Z,383,2.096e-05,8192,65536,pumpswap,Fq6wzHyzh8YXvGS7EYBSNPLs7cr3WSLBw4WCpp5Bbk9n
2026-04-12T08:42:00.236Z,8yeUyEaxBkBgcG5i22zR6JiLmVPbA3p6FUBHjFLFpump,MOG,filter_1,2026-04-12T00:53:40.689Z,468,2.457e-06,4096,262144,pumpswap,8jL5pBxjqyhXzGwYDYZhvdifvuSiP7KWzU8ZCGgssRzk
2026-04-12T08:42:00.396Z,VXnX59zHN7j8FrA971nJij7q2RvPSPa3TioV236pump,COG,filter_1,2026-04-11T23:57:38.153Z,524,3.152e-06,4096,262144,pumpswap,DsEyaDvzkJHPnSwDU251c5pCP1V466nMpwh8KQzEeUuU
2026-04-12T08:42:00.560Z,3SNNxUYmrXUc1mQbtV2NGQTuGKVji4y3MWhyESTypump,CASSIE,filter_4,2026-04-11T23:18:36.635Z,563,3.14e-05,16384,131072,pumpswap,B6nQAKbBTm8xTFHBs4xGUqMJJu6JF5mBcmpEv8MPEQ1i
2026-04-12T08:42:00.742Z,6TRyMNFbS6y444mDECfaENQrVnvZP4XzMr2fa6f8pump,Trump,filter_6,2026-04-11T21:07:35.070Z,694,1.922e-06,4096,1048576,pumpswap,BJLaR38FZ2accuRrABzAWdiMeZ8mF3Ky5tL6q853bgBh
2026-04-12T08:42:00.903Z,EamB9vqC1b4aoyPR6t3hn6CWf48yny84xzCuFJMbpump,Peepa,filter_1,2026-04-11T20:47:42.794Z,714,5.716e-05,16384,1048576,pumpswap,BoB3Dvi5eLGFr86BexBPNY2ZXwMNjWhx3FVCep3X2Vj6
2026-04-12T08:42:01.062Z,AQGaTfXDcvinz6DuxfZEKKFp7hmiWDLis4FtK3chpump,Ivunka,filter_3,2026-04-11T20:41:43.544Z,720,2.977e-06,4096,524288,pumpswap,AHBtpXJ7csokwSXddEDxPFYHcA515g234kXTBMhAVRxe
2026-04-12T08:42:01.255Z,BfZ27pSjL3L8Abm8VuRs5MLjjP21Xv5tUL81Rkyepump,WID,filter_4,2026-04-11T20:41:42.289Z,720,1.173e-05,8192,16384,pumpswap,4zmdmfGwoNb2mfF9PJq2N7x38qpQMwBMphD3HMDx6dak
2026-04-12T08:42:01.415Z,EgiJdQ8dbQHWu1uKS6cQBPaF2sK3a7WFpkjHEgdDpump,Dodger,filter_3,2026-04-11T19:29:11.694Z,793,1.181e-05,8192,1048576,pumpswap,7yrRRCzf429YQ1xQgdZZMy5KQ5jtkkDC7gUZWyPerhXr
2026-04-12T08:42:01.576Z,7bfbBZXpMYbNjhZ6eQ8Ch8VFAbgcz4WsrY7JtQKcpump,BOATGUY,filter_1,2026-04-11T19:27:26.855Z,795,4.606e-06,4096,262144,pumpswap,6gALa6BfE8ce8pLYaEFsTkCtxozfbuBR5bMVK3nKeFD4
2026-04-12T08:42:01.758Z,4juv1Wq63My7Bc7rznMZTyuD4aQfRSZGW9uKqFXSpump,Asset,filter_1,2026-04-11T19:27:24.857Z,795,5.383e-06,8192,16384,pumpswap,6g8ZTMKCKvSsVX92g4SKoBESXgrDL2cR1WLg8i7GZPV9
2026-04-12T08:42:01.953Z,Aq6XmZSohMJeRGU9WswbyQo9paEcKrTEs3xdfDFtpump,Lia,filter_1,2026-04-11T19:25:27.104Z,797,1.815e-06,4096,524288,pumpswap,BsFk4E3Hm12Mg27XmBoDPuk27WAC78BPfN98AHHpDPcM
2026-04-12T08:42:02.138Z,AUZnnRTdybeMiHrxfueNyBgLHnu4H39kngUh84WMpump,MELANIA,filter_3,2026-04-11T19:24:02.559Z,798,0.001192,65536,1048576,pumpswap,DM9Xj9x8A8SEinJdoz4SJH2vdhBdPGSZmhL7DxBgwbBy
2026-04-12T08:42:02.319Z,56MEDV2H1M7DkaikaSg5vpibaSyWhgspCxgPwQJhpump,DNIGGA,filter_1,2026-04-11T19:22:24.852Z,800,2.059e-06,4096,65536,pumpswap,CAhVRREzXYHDvtu6iwACsei9vhv6mexsGm9hpkeVP1Kj
2026-04-12T08:42:02.511Z,A2Px3FMumMJ7W67VEp9ahFXueEyf9aHpei4TTJ5mpump,BABY,filter_3,2026-04-11T19:14:43.120Z,807,7.792e-06,8192,1048576,pumpswap,53UgNjZDC6mXsEDTowHLmKi2Y6jzjH2Ee3ybac7jEQRQ
2026-04-12T08:42:02.694Z,wutj1cNsMWyeu9ub61knDRCwU37aVvYuCBn8ZLPj7JL,ZHONEY,filter_1,2026-04-11T19:04:35.959Z,817,1.034e-05,8192,65536,pumpswap,CtYpMFyZqcJL7mPbDQU9o88g9QpkbzEFSC81J9FzFbF8
2026-04-12T08:42:02.889Z,4oFZFm3s8VKeCnwM2G5X5mZrsPivDyzCLvDYZmVipump,ClawFC,filter_1,2026-04-11T19:00:33.206Z,821,7.602e-06,8192,131072,pumpswap,BnbuPvQe2TNdhS7CSdsCGS1WY7FYu2kZti9adrqkqpZh
2026-04-12T08:42:03.069Z,5rniCpoweGXgsLZZDohw3fZA5yuXgt87df6GHAxWpump,MOTHER,filter_1,2026-04-11T18:17:31.505Z,864,4.35e-06,4096,32768,pumpswap,7dzsEYbuQoK1LLAiae7riygcwphP7BTbK6r7Vv94p28M
2026-04-12T08:42:03.229Z,3i8RByhvAaSWh2VSoVieAPzzmc4DpZC9WHVSsDzBpump,FOOLHOUSE,filter_2,2026-04-11T13:59:09.655Z,1123,1.691e-06,4096,524288,pumpswap,G8AJyLtb85QyMbaXZe4k5DdTfLPTD8dEX9xDn2fKqQZD
2026-04-12T08:42:03.390Z,AutFvM5QZqtvjK2SrR8iLwvDEQ7ePnL14Rv7GPFvpump,TripleC,filter_2,2026-04-11T13:57:07.657Z,1125,4.596e-06,4096,524288,pumpswap,Cvk9vLXa9wiqWTxb7q5EP3jdPow5ZBrdn1MLRmergW3v
2026-04-12T08:42:03.581Z,Dj2JhqEaKgPDo9se3A1dtSBVV1FFCxAfFa9SBBWmpump,GoldDancer,filter_2,2026-04-11T13:01:12.368Z,1181,3.728e-05,16384,524288,pumpswap,9hovxHG2vADjGPe7S6agGTx5o72kgojobbpC5UVzLdt5
2026-04-12T08:42:03.742Z,ACtfUWtgvaXrQGNMiohTusi5jcx5RJf5zwu9aAxkpump,unc,filter_2,2026-04-11T11:21:14.804Z,1281,0.0005841,65536,2097152,pumpswap,BWFZkx1pMpvwxammwTrizvoWzZZGiFEYUYW6Ee51SHLy
2026-04-12T08:42:03.902Z,51bywes8qqftjWhEZJZ3GvCM2ogximFejkKqa9kMpump,Marina,filter_2,2026-04-11T10:45:10.038Z,1317,3.998e-05,16384,524288,pumpswap,ChmxH4uiGja7C2ht4KurCwXP8LLgtUgibFL1RwLNqeSG
2026-04-12T08:46:58.685Z,EmtpJyHqWqH2xGvdag4DyLFNfnjDM6qTAv9QN17npump,tremp,filter_1,2026-04-12T06:53:33.876Z,113,2.066e-06,4096,262144,pumpswap,3a9vYs5m15vkxtMDLHRNagay3WuJ6FKSNJapdU3qh4rh
2026-04-12T08:46:58.842Z,4CkWXDBNqfqBT5xCon4hrGU3mwqhQ3GSwdQQ1SDnpump,STC,filter_2,2026-04-12T06:33:34.615Z,133,3.562e-05,16384,524288,pumpswap,BfcxnfNQF3cbZmdKbTNvL1fLD4dEjGhXCG9r6JS6EqB4
2026-04-12T08:46:59.025Z,ApvxrH4oet42G4mgHZTtYZ9h2yMwhNZqs7Tqu1Ebpump,NIKUTA,filter_1,2026-04-12T03:23:38.029Z,323,4.441e-06,4096,131072,pumpswap,BLzb2UKri4YMnAeqc8VgWioAz8zN62LrcDsaJB3VcK22
2026-04-12T08:46:59.216Z,D6HZ5Se3X2wEWWYsHp8Ma3wh3yWwFSSdCAFjGC4spump,Cat,filter_4,2026-04-12T03:06:34.258Z,340,2.156e-05,16384,131072,pumpswap,5g91GWPaRMg4DdCUyds858fyAzhaiTVbi563jVKhqLuT
2026-04-12T08:46:59.375Z,7Y445U5CAiLL4icyyPDonXy7zvGGML2TGjyMmwpDpump,WLFI,filter_1,2026-04-12T02:03:35.233Z,403,7.9e-05,16384,262144,pumpswap,EjzyuTwozXjagMTqqN6hjNpEyW3Q7rX3avE2otRRS8hv
2026-04-12T08:46:59.568Z,BRKFJs1jxrYBKR5sxBiuxTTbyipNBmT6GWenb3c9pump,TRUMP47,filter_5,2026-04-12T00:39:59.430Z,487,1.595e-06,4096,524288,pumpswap,EgcA2ShdHZK4Sg7N6H7yGzTjxpTpunRrbzw231wLWeDh
2026-04-12T08:46:59.726Z,5xjSweEeRNTNHXpEiyp1XBUB2D3MMYCuU8khzgiZpump,FUDGE,filter_2,2026-04-12T00:02:34.174Z,524,3.1e-05,16384,32768,pumpswap,GXBAKvHDgXXwxWWGWmrepfpXstnghwVGEqBmAq2EQgQZ
2026-04-12T08:46:59.910Z,AQiYy4igZ6jeUS5nbTymwLaQfnEg5BAjjZsP1EZkEjBU,Dolores,filter_1,2026-04-11T23:52:34.399Z,534,2.467e-06,4096,65536,pumpswap,9MiNdc2ywiYUm2nr2KTGo8UCmjk3TdKLCZ2B4aAtZ9hq
2026-04-12T08:47:00.071Z,yLT7rHdaNkfnqfg5pxXxCTrx1Rsnagod16DnpKBpump,Nilly,filter_1,2026-04-11T23:45:34.391Z,541,2.95e-06,4096,131072,pumpswap,8vjkK4SAhZ6zkX7gox9DQEmpX7MbiKsp2gRjD4dAS21V
2026-04-12T08:47:00.230Z,9oVRwbx3Ray9bK7CKhqwfqY5NaWYjG3xj1DNYg2mpump,brainlet,filter_2,2026-04-11T22:44:55.606Z,602,1.845e-06,4096,524288,pumpswap,2PW331e9D7pmdELA1m1Uyq6pnEuj5BWB8m7dcBGgJ5xo
2026-04-12T08:47:00.387Z,9XhhPHKnvSd9R8Ygr8kHR6n8YNYd7SMzRHHPFeb2pump,doomer,filter_1,2026-04-11T22:10:33.845Z,636,1.726e-06,4096,262144,pumpswap,DqTPbpJo2UfNFy2v4dHjMoFg9S2wid1RZuF8qfwcJrHx
2026-04-12T08:47:00.570Z,2wwDzQLc3pwgcHrkCadio4Hn3bzYyCptRAewJAEXdoge,MARKC,filter_1,2026-04-11T21:57:35.843Z,649,4.077e-06,4096,65536,meteora,2rVNWK9fRajakX19wtrfJKGE3xNWeubnV5VpYxETUvPX
2026-04-12T08:47:00.754Z,NicGVyEGbJhn52gBtqWM18zKGzRSe9js98AZnRwY8eS,NEGRON,filter_2,2026-04-11T21:33:59.338Z,673,3.807e-07,131072,8388608,raydium,2rXfTt3Xh699TtAUruiz6Vs7vdTrsn55bEm2FKt9y8yE
2026-04-12T08:51:58.676Z,GiE8Bf4Y2YHvwKutQUFeR2yaAMPWbkngLvezTWwapump,🪑,filter_2,2026-04-12T08:48:02.735Z,4,0.0005734,65536,2097152,pumpswap,47yRWYckWUBUrbSN7AmhanMDhfydURQf5G3fjhotpjy5
2026-04-12T08:51:58.835Z,69iu9bE7VYtuen7oNubgHAaYqpyaM6ZvCwoudsoMpump,Audit,filter_1,2026-04-12T08:17:33.667Z,34,7.912e-06,8192,262144,pumpswap,Ap365bq7KpWPse9sRuHnMTwek2XSQ77setZ8hxujTrL6
2026-04-12T08:51:58.995Z,GjHiCdvt1Zeti6rdSJeCqdkNMQKcxCkShRss5rGLWwbF,GNWR,filter_2,2026-04-12T08:16:56.950Z,35,0.09746,131072,2097152,raydium,38Wyp9ogTNGUgLeKt6FV7dpWurAtTobbo6T7fgT51uG9
2026-04-12T08:51:59.153Z,AiC9FhtXA1iNGW77MocxebVc9U5baQa4nkUFQhtbpump,Sisyphus,filter_4,2026-04-12T08:12:35.668Z,39,1.546e-05,8192,262144,pumpswap,9wFPVtrpbnuKYpLJLYZDhWSFb7R6dVbkmePUVP4zAjd
2026-04-12T08:51:59.312Z,BvHneYfnCYjfZE52iUhK4bqkcqJjYjMQUJb5FPhCpump,ALONSHOUSE,filter_2,2026-04-12T03:51:56.774Z,300,0.0001844,32768,1048576,pumpswap,6KuCNvUu9NsgTFyo1vQGfeFqsoKq7Jq19LhZeQwtMMVr
2026-04-12T08:51:59.473Z,7cFndW3LZJr5hdT138meuoqQRDR6HYqATxKj2CwPpump,AgentCRM,filter_1,2026-04-12T03:39:36.524Z,312,1.617e-05,8192,262144,pumpswap,9UmjwMC9BVfdCYNaa9xCJwWkJjufeVbQg8xcSqMsSSM5
2026-04-12T08:51:59.634Z,9AEtb967xTMosjp9XFhvHLhscPNYgDWc15jFAZR8pump,RƎ́V,filter_1,2026-04-12T02:44:33.253Z,367,0.0001493,32768,16384,pumpswap,EMm9RL2tHvUvygLCu9WkUMBgnu29K2kePzUuWhiSjdMU
2026-04-12T08:51:59.794Z,Hy58kFcGQuZ9qqbiJL5Ka8FPPmqfU6w4zSqNAyzbpump,Zoomer,filter_5,2026-04-12T02:21:55.989Z,390,2.864e-05,16384,524288,pumpswap,EvDD7gjtfLETpF8m8boLppTCHosWoyoy43AKSttyRia9
2026-04-12T08:51:59.980Z,AdD5EMoGMDiGXcgepXQXneB4fEZuS1QvKqDrN876pump,CRAFT,filter_1,2026-04-12T02:18:34.482Z,393,1.912e-05,8192,65536,pumpswap,Fq6wzHyzh8YXvGS7EYBSNPLs7cr3WSLBw4WCpp5Bbk9n
2026-04-12T08:52:00.139Z,8yeUyEaxBkBgcG5i22zR6JiLmVPbA3p6FUBHjFLFpump,MOG,filter_1,2026-04-12T00:53:40.689Z,478,2.457e-06,4096,262144,pumpswap,8jL5pBxjqyhXzGwYDYZhvdifvuSiP7KWzU8ZCGgssRzk
2026-04-12T08:52:00.299Z,VXnX59zHN7j8FrA971nJij7q2RvPSPa3TioV236pump,COG,filter_1,2026-04-11T23:57:38.153Z,534,2.968e-06,4096,262144,pumpswap,DsEyaDvzkJHPnSwDU251c5pCP1V466nMpwh8KQzEeUuU
2026-04-12T08:52:00.458Z,3SNNxUYmrXUc1mQbtV2NGQTuGKVji4y3MWhyESTypump,CASSIE,filter_4,2026-04-11T23:18:36.635Z,573,3.14e-05,16384,131072,pumpswap,B6nQAKbBTm8xTFHBs4xGUqMJJu6JF5mBcmpEv8MPEQ1i
2026-04-12T08:52:00.618Z,6TRyMNFbS6y444mDECfaENQrVnvZP4XzMr2fa6f8pump,Trump,filter_6,2026-04-11T21:07:35.070Z,704,1.922e-06,4096,1048576,pumpswap,BJLaR38FZ2accuRrABzAWdiMeZ8mF3Ky5tL6q853bgBh
2026-04-12T08:52:00.802Z,EamB9vqC1b4aoyPR6t3hn6CWf48yny84xzCuFJMbpump,Peepa,filter_1,2026-04-11T20:47:42.794Z,724,5.951e-05,16384,1048576,pumpswap,BoB3Dvi5eLGFr86BexBPNY2ZXwMNjWhx3FVCep3X2Vj6
2026-04-12T08:52:00.963Z,AQGaTfXDcvinz6DuxfZEKKFp7hmiWDLis4FtK3chpump,Ivunka,filter_3,2026-04-11T20:41:43.544Z,730,2.977e-06,4096,524288,pumpswap,AHBtpXJ7csokwSXddEDxPFYHcA515g234kXTBMhAVRxe
2026-04-12T08:52:01.162Z,BfZ27pSjL3L8Abm8VuRs5MLjjP21Xv5tUL81Rkyepump,WID,filter_4,2026-04-11T20:41:42.289Z,730,1.173e-05,8192,16384,pumpswap,4zmdmfGwoNb2mfF9PJq2N7x38qpQMwBMphD3HMDx6dak
2026-04-12T08:52:01.346Z,EgiJdQ8dbQHWu1uKS6cQBPaF2sK3a7WFpkjHEgdDpump,Dodger,filter_3,2026-04-11T19:29:11.694Z,803,1.212e-05,8192,1048576,pumpswap,7yrRRCzf429YQ1xQgdZZMy5KQ5jtkkDC7gUZWyPerhXr
2026-04-12T08:52:01.530Z,7bfbBZXpMYbNjhZ6eQ8Ch8VFAbgcz4WsrY7JtQKcpump,BOATGUY,filter_1,2026-04-11T19:27:26.855Z,805,4.596e-06,4096,262144,pumpswap,6gALa6BfE8ce8pLYaEFsTkCtxozfbuBR5bMVK3nKeFD4
2026-04-12T08:52:01.721Z,4juv1Wq63My7Bc7rznMZTyuD4aQfRSZGW9uKqFXSpump,Asset,filter_1,2026-04-11T19:27:24.857Z,805,5.411e-06,8192,16384,pumpswap,6g8ZTMKCKvSsVX92g4SKoBESXgrDL2cR1WLg8i7GZPV9
2026-04-12T08:52:01.905Z,Aq6XmZSohMJeRGU9WswbyQo9paEcKrTEs3xdfDFtpump,Lia,filter_1,2026-04-11T19:25:27.104Z,807,1.815e-06,4096,524288,pumpswap,BsFk4E3Hm12Mg27XmBoDPuk27WAC78BPfN98AHHpDPcM
2026-04-12T08:52:02.064Z,AUZnnRTdybeMiHrxfueNyBgLHnu4H39kngUh84WMpump,MELANIA,filter_3,2026-04-11T19:24:02.559Z,808,0.001168,65536,1048576,pumpswap,DM9Xj9x8A8SEinJdoz4SJH2vdhBdPGSZmhL7DxBgwbBy
2026-04-12T08:52:02.247Z,56MEDV2H1M7DkaikaSg5vpibaSyWhgspCxgPwQJhpump,DNIGGA,filter_1,2026-04-11T19:22:24.852Z,810,2.059e-06,4096,65536,pumpswap,CAhVRREzXYHDvtu6iwACsei9vhv6mexsGm9hpkeVP1Kj
2026-04-12T08:52:02.429Z,A2Px3FMumMJ7W67VEp9ahFXueEyf9aHpei4TTJ5mpump,BABY,filter_3,2026-04-11T19:14:43.120Z,817,7.241e-06,8192,1048576,pumpswap,53UgNjZDC6mXsEDTowHLmKi2Y6jzjH2Ee3ybac7jEQRQ
2026-04-12T08:52:02.622Z,wutj1cNsMWyeu9ub61knDRCwU37aVvYuCBn8ZLPj7JL,ZHONEY,filter_1,2026-04-11T19:04:35.959Z,827,1.018e-05,8192,65536,pumpswap,CtYpMFyZqcJL7mPbDQU9o88g9QpkbzEFSC81J9FzFbF8
2026-04-12T08:52:02.810Z,4oFZFm3s8VKeCnwM2G5X5mZrsPivDyzCLvDYZmVipump,ClawFC,filter_1,2026-04-11T19:00:33.206Z,831,7.657e-06,8192,131072,pumpswap,BnbuPvQe2TNdhS7CSdsCGS1WY7FYu2kZti9adrqkqpZh
2026-04-12T08:52:02.970Z,5rniCpoweGXgsLZZDohw3fZA5yuXgt87df6GHAxWpump,MOTHER,filter_1,2026-04-11T18:17:31.505Z,874,4.35e-06,4096,32768,pumpswap,7dzsEYbuQoK1LLAiae7riygcwphP7BTbK6r7Vv94p28M
2026-04-12T08:52:03.151Z,3i8RByhvAaSWh2VSoVieAPzzmc4DpZC9WHVSsDzBpump,FOOLHOUSE,filter_2,2026-04-11T13:59:09.655Z,1133,1.691e-06,4096,524288,pumpswap,G8AJyLtb85QyMbaXZe4k5DdTfLPTD8dEX9xDn2fKqQZD
2026-04-12T08:52:03.335Z,AutFvM5QZqtvjK2SrR8iLwvDEQ7ePnL14Rv7GPFvpump,TripleC,filter_2,2026-04-11T13:57:07.657Z,1135,4.615e-06,4096,524288,pumpswap,Cvk9vLXa9wiqWTxb7q5EP3jdPow5ZBrdn1MLRmergW3v
2026-04-12T08:52:03.495Z,Dj2JhqEaKgPDo9se3A1dtSBVV1FFCxAfFa9SBBWmpump,GoldDancer,filter_2,2026-04-11T13:01:12.368Z,1191,3.559e-05,16384,524288,pumpswap,9hovxHG2vADjGPe7S6agGTx5o72kgojobbpC5UVzLdt5
2026-04-12T08:52:03.654Z,ACtfUWtgvaXrQGNMiohTusi5jcx5RJf5zwu9aAxkpump,unc,filter_2,2026-04-11T11:21:14.804Z,1291,0.0006428,65536,2097152,pumpswap,BWFZkx1pMpvwxammwTrizvoWzZZGiFEYUYW6Ee51SHLy
2026-04-12T08:52:03.814Z,51bywes8qqftjWhEZJZ3GvCM2ogximFejkKqa9kMpump,Marina,filter_2,2026-04-11T10:45:10.038Z,1327,3.728e-05,16384,524288,pumpswap,ChmxH4uiGja7C2ht4KurCwXP8LLgtUgibFL1RwLNqeSG
2026-04-12T08:56:58.691Z,EmtpJyHqWqH2xGvdag4DyLFNfnjDM6qTAv9QN17npump,tremp,filter_1,2026-04-12T06:53:33.876Z,123,2.066e-06,4096,262144,pumpswap,3a9vYs5m15vkxtMDLHRNagay3WuJ6FKSNJapdU3qh4rh
2026-04-12T08:56:58.851Z,4CkWXDBNqfqBT5xCon4hrGU3mwqhQ3GSwdQQ1SDnpump,STC,filter_2,2026-04-12T06:33:34.615Z,143,3.37e-05,16384,524288,pumpswap,BfcxnfNQF3cbZmdKbTNvL1fLD4dEjGhXCG9r6JS6EqB4
2026-04-12T08:56:59.010Z,ApvxrH4oet42G4mgHZTtYZ9h2yMwhNZqs7Tqu1Ebpump,NIKUTA,filter_1,2026-04-12T03:23:38.029Z,333,4.455e-06,4096,131072,pumpswap,BLzb2UKri4YMnAeqc8VgWioAz8zN62LrcDsaJB3VcK22
2026-04-12T08:56:59.170Z,D6HZ5Se3X2wEWWYsHp8Ma3wh3yWwFSSdCAFjGC4spump,Cat,filter_4,2026-04-12T03:06:34.258Z,350,2.126e-05,16384,131072,pumpswap,5g91GWPaRMg4DdCUyds858fyAzhaiTVbi563jVKhqLuT
2026-04-12T08:56:59.328Z,7Y445U5CAiLL4icyyPDonXy7zvGGML2TGjyMmwpDpump,WLFI,filter_1,2026-04-12T02:03:35.233Z,413,6.906e-05,16384,262144,pumpswap,EjzyuTwozXjagMTqqN6hjNpEyW3Q7rX3avE2otRRS8hv
2026-04-12T08:56:59.485Z,BRKFJs1jxrYBKR5sxBiuxTTbyipNBmT6GWenb3c9pump,TRUMP47,filter_5,2026-04-12T00:39:59.430Z,497,1.599e-06,4096,524288,pumpswap,EgcA2ShdHZK4Sg7N6H7yGzTjxpTpunRrbzw231wLWeDh
2026-04-12T08:56:59.676Z,5xjSweEeRNTNHXpEiyp1XBUB2D3MMYCuU8khzgiZpump,FUDGE,filter_2,2026-04-12T00:02:34.174Z,534,3.03e-05,16384,32768,pumpswap,GXBAKvHDgXXwxWWGWmrepfpXstnghwVGEqBmAq2EQgQZ
2026-04-12T08:56:59.871Z,AQiYy4igZ6jeUS5nbTymwLaQfnEg5BAjjZsP1EZkEjBU,Dolores,filter_1,2026-04-11T23:52:34.399Z,544,3.017e-06,4096,65536,pumpswap,9MiNdc2ywiYUm2nr2KTGo8UCmjk3TdKLCZ2B4aAtZ9hq
2026-04-12T08:57:00.074Z,yLT7rHdaNkfnqfg5pxXxCTrx1Rsnagod16DnpKBpump,Nilly,filter_1,2026-04-11T23:45:34.391Z,551,2.95e-06,4096,131072,pumpswap,8vjkK4SAhZ6zkX7gox9DQEmpX7MbiKsp2gRjD4dAS21V
2026-04-12T08:57:00.233Z,9oVRwbx3Ray9bK7CKhqwfqY5NaWYjG3xj1DNYg2mpump,brainlet,filter_2,2026-04-11T22:44:55.606Z,612,1.922e-06,4096,524288,pumpswap,2PW331e9D7pmdELA1m1Uyq6pnEuj5BWB8m7dcBGgJ5xo
2026-04-12T08:57:00.392Z,9XhhPHKnvSd9R8Ygr8kHR6n8YNYd7SMzRHHPFeb2pump,doomer,filter_1,2026-04-11T22:10:33.845Z,646,1.699e-06,4096,262144,pumpswap,DqTPbpJo2UfNFy2v4dHjMoFg9S2wid1RZuF8qfwcJrHx
2026-04-12T08:57:00.573Z,2wwDzQLc3pwgcHrkCadio4Hn3bzYyCptRAewJAEXdoge,MARKC,filter_1,2026-04-11T21:57:35.843Z,659,4.065e-06,4096,65536,meteora,2rVNWK9fRajakX19wtrfJKGE3xNWeubnV5VpYxETUvPX
2026-04-12T08:57:00.733Z,NicGVyEGbJhn52gBtqWM18zKGzRSe9js98AZnRwY8eS,NEGRON,filter_2,2026-04-11T21:33:59.338Z,683,3.828e-07,131072,8388608,raydium,2rXfTt3Xh699TtAUruiz6Vs7vdTrsn55bEm2FKt9y8yE
2026-04-12T09:01:58.688Z,GiE8Bf4Y2YHvwKutQUFeR2yaAMPWbkngLvezTWwapump,🪑,filter_2,2026-04-12T08:48:02.735Z,14,0.0005948,65536,2097152,pumpswap,47yRWYckWUBUrbSN7AmhanMDhfydURQf5G3fjhotpjy5
2026-04-12T09:01:58.846Z,69iu9bE7VYtuen7oNubgHAaYqpyaM6ZvCwoudsoMpump,Audit,filter_1,2026-04-12T08:17:33.667Z,44,6.807e-06,8192,262144,pumpswap,Ap365bq7KpWPse9sRuHnMTwek2XSQ77setZ8hxujTrL6
2026-04-12T09:01:59.006Z,GjHiCdvt1Zeti6rdSJeCqdkNMQKcxCkShRss5rGLWwbF,GNWR,filter_2,2026-04-12T08:16:56.950Z,45,0.09456,131072,2097152,raydium,38Wyp9ogTNGUgLeKt6FV7dpWurAtTobbo6T7fgT51uG9
2026-04-12T09:01:59.166Z,AiC9FhtXA1iNGW77MocxebVc9U5baQa4nkUFQhtbpump,Sisyphus,filter_4,2026-04-12T08:12:35.668Z,49,1.641e-05,8192,262144,pumpswap,9wFPVtrpbnuKYpLJLYZDhWSFb7R6dVbkmePUVP4zAjd
2026-04-12T09:01:59.326Z,BvHneYfnCYjfZE52iUhK4bqkcqJjYjMQUJb5FPhCpump,ALONSHOUSE,filter_2,2026-04-12T03:51:56.774Z,310,0.000173,32768,1048576,pumpswap,6KuCNvUu9NsgTFyo1vQGfeFqsoKq7Jq19LhZeQwtMMVr
2026-04-12T09:01:59.485Z,7cFndW3LZJr5hdT138meuoqQRDR6HYqATxKj2CwPpump,AgentCRM,filter_1,2026-04-12T03:39:36.524Z,322,1.712e-05,8192,262144,pumpswap,9UmjwMC9BVfdCYNaa9xCJwWkJjufeVbQg8xcSqMsSSM5
2026-04-12T09:01:59.645Z,9AEtb967xTMosjp9XFhvHLhscPNYgDWc15jFAZR8pump,RƎ́V,filter_1,2026-04-12T02:44:33.253Z,377,0.0001512,32768,16384,pumpswap,EMm9RL2tHvUvygLCu9WkUMBgnu29K2kePzUuWhiSjdMU
2026-04-12T09:01:59.804Z,Hy58kFcGQuZ9qqbiJL5Ka8FPPmqfU6w4zSqNAyzbpump,Zoomer,filter_5,2026-04-12T02:21:55.989Z,400,3.154e-05,16384,524288,pumpswap,EvDD7gjtfLETpF8m8boLppTCHosWoyoy43AKSttyRia9
2026-04-12T09:01:59.996Z,AdD5EMoGMDiGXcgepXQXneB4fEZuS1QvKqDrN876pump,CRAFT,filter_1,2026-04-12T02:18:34.482Z,403,2.687e-05,16384,65536,pumpswap,Fq6wzHyzh8YXvGS7EYBSNPLs7cr3WSLBw4WCpp5Bbk9n
2026-04-12T09:02:00.164Z,8yeUyEaxBkBgcG5i22zR6JiLmVPbA3p6FUBHjFLFpump,MOG,filter_1,2026-04-12T00:53:40.689Z,488,2.457e-06,4096,262144,pumpswap,8jL5pBxjqyhXzGwYDYZhvdifvuSiP7KWzU8ZCGgssRzk
2026-04-12T09:02:00.329Z,VXnX59zHN7j8FrA971nJij7q2RvPSPa3TioV236pump,COG,filter_1,2026-04-11T23:57:38.153Z,544,2.968e-06,4096,262144,pumpswap,DsEyaDvzkJHPnSwDU251c5pCP1V466nMpwh8KQzEeUuU
2026-04-12T09:02:00.493Z,3SNNxUYmrXUc1mQbtV2NGQTuGKVji4y3MWhyESTypump,CASSIE,filter_4,2026-04-11T23:18:36.635Z,583,3.14e-05,16384,131072,pumpswap,B6nQAKbBTm8xTFHBs4xGUqMJJu6JF5mBcmpEv8MPEQ1i
2026-04-12T09:02:00.655Z,6TRyMNFbS6y444mDECfaENQrVnvZP4XzMr2fa6f8pump,Trump,filter_6,2026-04-11T21:07:35.070Z,714,1.922e-06,4096,1048576,pumpswap,BJLaR38FZ2accuRrABzAWdiMeZ8mF3Ky5tL6q853bgBh
2026-04-12T09:02:00.813Z,EamB9vqC1b4aoyPR6t3hn6CWf48yny84xzCuFJMbpump,Peepa,filter_1,2026-04-11T20:47:42.794Z,734,6.239e-05,16384,1048576,pumpswap,BoB3Dvi5eLGFr86BexBPNY2ZXwMNjWhx3FVCep3X2Vj6
2026-04-12T09:02:00.994Z,AQGaTfXDcvinz6DuxfZEKKFp7hmiWDLis4FtK3chpump,Ivunka,filter_3,2026-04-11T20:41:43.544Z,740,2.977e-06,4096,524288,pumpswap,AHBtpXJ7csokwSXddEDxPFYHcA515g234kXTBMhAVRxe
2026-04-12T09:02:01.200Z,BfZ27pSjL3L8Abm8VuRs5MLjjP21Xv5tUL81Rkyepump,WID,filter_4,2026-04-11T20:41:42.289Z,740,1.192e-05,8192,16384,pumpswap,4zmdmfGwoNb2mfF9PJq2N7x38qpQMwBMphD3HMDx6dak
2026-04-12T09:02:01.360Z,EgiJdQ8dbQHWu1uKS6cQBPaF2sK3a7WFpkjHEgdDpump,Dodger,filter_3,2026-04-11T19:29:11.694Z,813,1.157e-05,8192,1048576,pumpswap,7yrRRCzf429YQ1xQgdZZMy5KQ5jtkkDC7gUZWyPerhXr
2026-04-12T09:02:01.519Z,7bfbBZXpMYbNjhZ6eQ8Ch8VFAbgcz4WsrY7JtQKcpump,BOATGUY,filter_1,2026-04-11T19:27:26.855Z,815,4.511e-06,4096,262144,pumpswap,6gALa6BfE8ce8pLYaEFsTkCtxozfbuBR5bMVK3nKeFD4
2026-04-12T09:02:01.705Z,4juv1Wq63My7Bc7rznMZTyuD4aQfRSZGW9uKqFXSpump,Asset,filter_1,2026-04-11T19:27:24.857Z,815,5.362e-06,8192,16384,pumpswap,6g8ZTMKCKvSsVX92g4SKoBESXgrDL2cR1WLg8i7GZPV9
2026-04-12T09:02:01.887Z,Aq6XmZSohMJeRGU9WswbyQo9paEcKrTEs3xdfDFtpump,Lia,filter_1,2026-04-11T19:25:27.104Z,817,1.815e-06,4096,524288,pumpswap,BsFk4E3Hm12Mg27XmBoDPuk27WAC78BPfN98AHHpDPcM
2026-04-12T09:02:02.046Z,AUZnnRTdybeMiHrxfueNyBgLHnu4H39kngUh84WMpump,MELANIA,filter_3,2026-04-11T19:24:02.559Z,818,0.001229,65536,1048576,pumpswap,DM9Xj9x8A8SEinJdoz4SJH2vdhBdPGSZmhL7DxBgwbBy
2026-04-12T09:02:02.228Z,56MEDV2H1M7DkaikaSg5vpibaSyWhgspCxgPwQJhpump,DNIGGA,filter_1,2026-04-11T19:22:24.852Z,820,2.044e-06,4096,65536,pumpswap,CAhVRREzXYHDvtu6iwACsei9vhv6mexsGm9hpkeVP1Kj
2026-04-12T09:02:02.387Z,A2Px3FMumMJ7W67VEp9ahFXueEyf9aHpei4TTJ5mpump,BABY,filter_3,2026-04-11T19:14:43.120Z,827,7.334e-06,8192,1048576,pumpswap,53UgNjZDC6mXsEDTowHLmKi2Y6jzjH2Ee3ybac7jEQRQ
2026-04-12T09:02:02.547Z,wutj1cNsMWyeu9ub61knDRCwU37aVvYuCBn8ZLPj7JL,ZHONEY,filter_1,2026-04-11T19:04:35.959Z,837,9.389e-06,8192,65536,pumpswap,CtYpMFyZqcJL7mPbDQU9o88g9QpkbzEFSC81J9FzFbF8
2026-04-12T09:02:02.733Z,4oFZFm3s8VKeCnwM2G5X5mZrsPivDyzCLvDYZmVipump,ClawFC,filter_1,2026-04-11T19:00:33.206Z,841,7.931e-06,8192,131072,pumpswap,BnbuPvQe2TNdhS7CSdsCGS1WY7FYu2kZti9adrqkqpZh
2026-04-12T09:02:02.923Z,5rniCpoweGXgsLZZDohw3fZA5yuXgt87df6GHAxWpump,MOTHER,filter_1,2026-04-11T18:17:31.505Z,884,4.318e-06,4096,32768,pumpswap,7dzsEYbuQoK1LLAiae7riygcwphP7BTbK6r7Vv94p28M
2026-04-12T09:02:03.105Z,3i8RByhvAaSWh2VSoVieAPzzmc4DpZC9WHVSsDzBpump,FOOLHOUSE,filter_2,2026-04-11T13:59:09.655Z,1143,1.691e-06,4096,524288,pumpswap,G8AJyLtb85QyMbaXZe4k5DdTfLPTD8dEX9xDn2fKqQZD
2026-04-12T09:02:03.296Z,AutFvM5QZqtvjK2SrR8iLwvDEQ7ePnL14Rv7GPFvpump,TripleC,filter_2,2026-04-11T13:57:07.657Z,1145,4.615e-06,4096,524288,pumpswap,Cvk9vLXa9wiqWTxb7q5EP3jdPow5ZBrdn1MLRmergW3v
2026-04-12T09:02:03.481Z,Dj2JhqEaKgPDo9se3A1dtSBVV1FFCxAfFa9SBBWmpump,GoldDancer,filter_2,2026-04-11T13:01:12.368Z,1201,3.732e-05,16384,524288,pumpswap,9hovxHG2vADjGPe7S6agGTx5o72kgojobbpC5UVzLdt5
2026-04-12T09:02:03.641Z,ACtfUWtgvaXrQGNMiohTusi5jcx5RJf5zwu9aAxkpump,unc,filter_2,2026-04-11T11:21:14.804Z,1301,0.0006668,65536,2097152,pumpswap,BWFZkx1pMpvwxammwTrizvoWzZZGiFEYUYW6Ee51SHLy
2026-04-12T09:02:03.802Z,51bywes8qqftjWhEZJZ3GvCM2ogximFejkKqa9kMpump,Marina,filter_2,2026-04-11T10:45:10.038Z,1337,4.1e-05,16384,524288,pumpswap,ChmxH4uiGja7C2ht4KurCwXP8LLgtUgibFL1RwLNqeSG
2026-04-12T09:06:58.675Z,34q2KmCvapecJgR6ZrtbCTrzZVtkt3a5mHEA3TuEsWYb,LOL,filter_4,2026-04-12T09:03:33.460Z,3,0.007573,524288,1048576,pumpswap,Dx5wFoszXvND6XYYAjAjUQrGLqDAUrTVH2JmHz6eJDNt
2026-04-12T09:06:58.832Z,EmtpJyHqWqH2xGvdag4DyLFNfnjDM6qTAv9QN17npump,tremp,filter_1,2026-04-12T06:53:33.876Z,133,2.065e-06,4096,262144,pumpswap,3a9vYs5m15vkxtMDLHRNagay3WuJ6FKSNJapdU3qh4rh
2026-04-12T09:06:58.990Z,4CkWXDBNqfqBT5xCon4hrGU3mwqhQ3GSwdQQ1SDnpump,STC,filter_2,2026-04-12T06:33:34.615Z,153,3.021e-05,16384,524288,pumpswap,BfcxnfNQF3cbZmdKbTNvL1fLD4dEjGhXCG9r6JS6EqB4
2026-04-12T09:06:59.182Z,ApvxrH4oet42G4mgHZTtYZ9h2yMwhNZqs7Tqu1Ebpump,NIKUTA,filter_1,2026-04-12T03:23:38.029Z,343,4.455e-06,4096,131072,pumpswap,BLzb2UKri4YMnAeqc8VgWioAz8zN62LrcDsaJB3VcK22
2026-04-12T09:06:59.361Z,D6HZ5Se3X2wEWWYsHp8Ma3wh3yWwFSSdCAFjGC4spump,Cat,filter_4,2026-04-12T03:06:34.258Z,360,2.144e-05,16384,131072,pumpswap,5g91GWPaRMg4DdCUyds858fyAzhaiTVbi563jVKhqLuT
2026-04-12T09:06:59.519Z,7Y445U5CAiLL4icyyPDonXy7zvGGML2TGjyMmwpDpump,WLFI,filter_1,2026-04-12T02:03:35.233Z,423,7.218e-05,16384,262144,pumpswap,EjzyuTwozXjagMTqqN6hjNpEyW3Q7rX3avE2otRRS8hv
2026-04-12T09:06:59.676Z,BRKFJs1jxrYBKR5sxBiuxTTbyipNBmT6GWenb3c9pump,TRUMP47,filter_5,2026-04-12T00:39:59.430Z,507,1.6e-06,4096,524288,pumpswap,EgcA2ShdHZK4Sg7N6H7yGzTjxpTpunRrbzw231wLWeDh
2026-04-12T09:06:59.860Z,5xjSweEeRNTNHXpEiyp1XBUB2D3MMYCuU8khzgiZpump,FUDGE,filter_2,2026-04-12T00:02:34.174Z,544,3.057e-05,16384,32768,pumpswap,GXBAKvHDgXXwxWWGWmrepfpXstnghwVGEqBmAq2EQgQZ
2026-04-12T09:07:00.022Z,AQiYy4igZ6jeUS5nbTymwLaQfnEg5BAjjZsP1EZkEjBU,Dolores,filter_1,2026-04-11T23:52:34.399Z,554,3.236e-06,4096,65536,pumpswap,9MiNdc2ywiYUm2nr2KTGo8UCmjk3TdKLCZ2B4aAtZ9hq
2026-04-12T09:07:00.189Z,yLT7rHdaNkfnqfg5pxXxCTrx1Rsnagod16DnpKBpump,Nilly,filter_1,2026-04-11T23:45:34.391Z,561,2.95e-06,4096,131072,pumpswap,8vjkK4SAhZ6zkX7gox9DQEmpX7MbiKsp2gRjD4dAS21V
2026-04-12T09:07:00.350Z,9oVRwbx3Ray9bK7CKhqwfqY5NaWYjG3xj1DNYg2mpump,brainlet,filter_2,2026-04-11T22:44:55.606Z,622,1.944e-06,4096,524288,pumpswap,2PW331e9D7pmdELA1m1Uyq6pnEuj5BWB8m7dcBGgJ5xo
2026-04-12T09:07:00.509Z,9XhhPHKnvSd9R8Ygr8kHR6n8YNYd7SMzRHHPFeb2pump,doomer,filter_1,2026-04-11T22:10:33.845Z,656,1.699e-06,4096,262144,pumpswap,DqTPbpJo2UfNFy2v4dHjMoFg9S2wid1RZuF8qfwcJrHx
2026-04-12T09:07:00.697Z,2wwDzQLc3pwgcHrkCadio4Hn3bzYyCptRAewJAEXdoge,MARKC,filter_1,2026-04-11T21:57:35.843Z,669,4.039e-06,4096,65536,meteora,2rVNWK9fRajakX19wtrfJKGE3xNWeubnV5VpYxETUvPX
2026-04-12T09:07:00.887Z,NicGVyEGbJhn52gBtqWM18zKGzRSe9js98AZnRwY8eS,NEGRON,filter_2,2026-04-11T21:33:59.338Z,693,3.895e-07,131072,8388608,raydium,2rXfTt3Xh699TtAUruiz6Vs7vdTrsn55bEm2FKt9y8yE
2026-04-12T09:11:58.748Z,GiE8Bf4Y2YHvwKutQUFeR2yaAMPWbkngLvezTWwapump,🪑,filter_2,2026-04-12T08:48:02.735Z,24,0.0005962,65536,2097152,pumpswap,47yRWYckWUBUrbSN7AmhanMDhfydURQf5G3fjhotpjy5
2026-04-12T09:11:58.907Z,69iu9bE7VYtuen7oNubgHAaYqpyaM6ZvCwoudsoMpump,Audit,filter_1,2026-04-12T08:17:33.667Z,54,7.602e-06,8192,262144,pumpswap,Ap365bq7KpWPse9sRuHnMTwek2XSQ77setZ8hxujTrL6
2026-04-12T09:11:59.067Z,GjHiCdvt1Zeti6rdSJeCqdkNMQKcxCkShRss5rGLWwbF,GNWR,filter_2,2026-04-12T08:16:56.950Z,55,0.09802,131072,2097152,raydium,38Wyp9ogTNGUgLeKt6FV7dpWurAtTobbo6T7fgT51uG9
2026-04-12T09:11:59.230Z,AiC9FhtXA1iNGW77MocxebVc9U5baQa4nkUFQhtbpump,Sisyphus,filter_4,2026-04-12T08:12:35.668Z,59,1.66e-05,8192,262144,pumpswap,9wFPVtrpbnuKYpLJLYZDhWSFb7R6dVbkmePUVP4zAjd
2026-04-12T09:11:59.390Z,BvHneYfnCYjfZE52iUhK4bqkcqJjYjMQUJb5FPhCpump,ALONSHOUSE,filter_2,2026-04-12T03:51:56.774Z,320,0.0001771,32768,1048576,pumpswap,6KuCNvUu9NsgTFyo1vQGfeFqsoKq7Jq19LhZeQwtMMVr
2026-04-12T09:11:59.549Z,7cFndW3LZJr5hdT138meuoqQRDR6HYqATxKj2CwPpump,AgentCRM,filter_1,2026-04-12T03:39:36.524Z,332,1.698e-05,8192,262144,pumpswap,9UmjwMC9BVfdCYNaa9xCJwWkJjufeVbQg8xcSqMsSSM5
2026-04-12T09:11:59.739Z,9AEtb967xTMosjp9XFhvHLhscPNYgDWc15jFAZR8pump,RƎ́V,filter_1,2026-04-12T02:44:33.253Z,387,0.0001512,32768,16384,pumpswap,EMm9RL2tHvUvygLCu9WkUMBgnu29K2kePzUuWhiSjdMU
2026-04-12T09:11:59.897Z,Hy58kFcGQuZ9qqbiJL5Ka8FPPmqfU6w4zSqNAyzbpump,Zoomer,filter_5,2026-04-12T02:21:55.989Z,410,2.871e-05,16384,524288,pumpswap,EvDD7gjtfLETpF8m8boLppTCHosWoyoy43AKSttyRia9
2026-04-12T09:12:00.080Z,AdD5EMoGMDiGXcgepXQXneB4fEZuS1QvKqDrN876pump,CRAFT,filter_1,2026-04-12T02:18:34.482Z,413,2.517e-05,16384,131072,pumpswap,Fq6wzHyzh8YXvGS7EYBSNPLs7cr3WSLBw4WCpp5Bbk9n
2026-04-12T09:12:00.264Z,8yeUyEaxBkBgcG5i22zR6JiLmVPbA3p6FUBHjFLFpump,MOG,filter_1,2026-04-12T00:53:40.689Z,498,2.221e-06,4096,262144,pumpswap,8jL5pBxjqyhXzGwYDYZhvdifvuSiP7KWzU8ZCGgssRzk
2026-04-12T09:12:00.427Z,VXnX59zHN7j8FrA971nJij7q2RvPSPa3TioV236pump,COG,filter_1,2026-04-11T23:57:38.153Z,554,2.926e-06,4096,262144,pumpswap,DsEyaDvzkJHPnSwDU251c5pCP1V466nMpwh8KQzEeUuU
2026-04-12T09:12:00.588Z,3SNNxUYmrXUc1mQbtV2NGQTuGKVji4y3MWhyESTypump,CASSIE,filter_4,2026-04-11T23:18:36.635Z,593,3.14e-05,16384,131072,pumpswap,B6nQAKbBTm8xTFHBs4xGUqMJJu6JF5mBcmpEv8MPEQ1i
2026-04-12T09:12:00.746Z,6TRyMNFbS6y444mDECfaENQrVnvZP4XzMr2fa6f8pump,Trump,filter_6,2026-04-11T21:07:35.070Z,724,1.954e-06,4096,1048576,pumpswap,BJLaR38FZ2accuRrABzAWdiMeZ8mF3Ky5tL6q853bgBh
2026-04-12T09:12:00.905Z,EamB9vqC1b4aoyPR6t3hn6CWf48yny84xzCuFJMbpump,Peepa,filter_1,2026-04-11T20:47:42.794Z,744,6.136e-05,16384,1048576,pumpswap,BoB3Dvi5eLGFr86BexBPNY2ZXwMNjWhx3FVCep3X2Vj6
2026-04-12T09:12:01.084Z,AQGaTfXDcvinz6DuxfZEKKFp7hmiWDLis4FtK3chpump,Ivunka,filter_3,2026-04-11T20:41:43.544Z,750,2.977e-06,4096,524288,pumpswap,AHBtpXJ7csokwSXddEDxPFYHcA515g234kXTBMhAVRxe
2026-04-12T09:12:01.293Z,BfZ27pSjL3L8Abm8VuRs5MLjjP21Xv5tUL81Rkyepump,WID,filter_4,2026-04-11T20:41:42.289Z,750,1.192e-05,8192,16384,pumpswap,4zmdmfGwoNb2mfF9PJq2N7x38qpQMwBMphD3HMDx6dak
2026-04-12T09:12:01.472Z,EgiJdQ8dbQHWu1uKS6cQBPaF2sK3a7WFpkjHEgdDpump,Dodger,filter_3,2026-04-11T19:29:11.694Z,823,1.188e-05,8192,1048576,pumpswap,7yrRRCzf429YQ1xQgdZZMy5KQ5jtkkDC7gUZWyPerhXr
2026-04-12T09:12:01.664Z,7bfbBZXpMYbNjhZ6eQ8Ch8VFAbgcz4WsrY7JtQKcpump,BOATGUY,filter_1,2026-04-11T19:27:26.855Z,825,4.429e-06,4096,262144,pumpswap,6gALa6BfE8ce8pLYaEFsTkCtxozfbuBR5bMVK3nKeFD4
2026-04-12T09:12:01.846Z,4juv1Wq63My7Bc7rznMZTyuD4aQfRSZGW9uKqFXSpump,Asset,filter_1,2026-04-11T19:27:24.857Z,825,5.368e-06,8192,16384,pumpswap,6g8ZTMKCKvSsVX92g4SKoBESXgrDL2cR1WLg8i7GZPV9
2026-04-12T09:12:02.029Z,Aq6XmZSohMJeRGU9WswbyQo9paEcKrTEs3xdfDFtpump,Lia,filter_1,2026-04-11T19:25:27.104Z,827,1.815e-06,4096,524288,pumpswap,BsFk4E3Hm12Mg27XmBoDPuk27WAC78BPfN98AHHpDPcM
2026-04-12T09:12:02.209Z,AUZnnRTdybeMiHrxfueNyBgLHnu4H39kngUh84WMpump,MELANIA,filter_3,2026-04-11T19:24:02.559Z,828,0.001276,65536,1048576,pumpswap,DM9Xj9x8A8SEinJdoz4SJH2vdhBdPGSZmhL7DxBgwbBy
2026-04-12T09:12:02.390Z,56MEDV2H1M7DkaikaSg5vpibaSyWhgspCxgPwQJhpump,DNIGGA,filter_1,2026-04-11T19:22:24.852Z,830,2.044e-06,4096,65536,pumpswap,CAhVRREzXYHDvtu6iwACsei9vhv6mexsGm9hpkeVP1Kj
2026-04-12T09:12:02.571Z,A2Px3FMumMJ7W67VEp9ahFXueEyf9aHpei4TTJ5mpump,BABY,filter_3,2026-04-11T19:14:43.120Z,837,7.22e-06,8192,1048576,pumpswap,53UgNjZDC6mXsEDTowHLmKi2Y6jzjH2Ee3ybac7jEQRQ
2026-04-12T09:12:02.729Z,wutj1cNsMWyeu9ub61knDRCwU37aVvYuCBn8ZLPj7JL,ZHONEY,filter_1,2026-04-11T19:04:35.959Z,847,9.476e-06,8192,65536,pumpswap,CtYpMFyZqcJL7mPbDQU9o88g9QpkbzEFSC81J9FzFbF8
2026-04-12T09:12:02.915Z,4oFZFm3s8VKeCnwM2G5X5mZrsPivDyzCLvDYZmVipump,ClawFC,filter_1,2026-04-11T19:00:33.206Z,851,7.994e-06,8192,131072,pumpswap,BnbuPvQe2TNdhS7CSdsCGS1WY7FYu2kZti9adrqkqpZh
2026-04-12T09:12:03.099Z,5rniCpoweGXgsLZZDohw3fZA5yuXgt87df6GHAxWpump,MOTHER,filter_1,2026-04-11T18:17:31.505Z,894,4.4e-06,4096,32768,pumpswap,7dzsEYbuQoK1LLAiae7riygcwphP7BTbK6r7Vv94p28M
2026-04-12T09:12:03.288Z,3i8RByhvAaSWh2VSoVieAPzzmc4DpZC9WHVSsDzBpump,FOOLHOUSE,filter_2,2026-04-11T13:59:09.655Z,1153,1.693e-06,4096,524288,pumpswap,G8AJyLtb85QyMbaXZe4k5DdTfLPTD8dEX9xDn2fKqQZD
2026-04-12T09:12:03.471Z,AutFvM5QZqtvjK2SrR8iLwvDEQ7ePnL14Rv7GPFvpump,TripleC,filter_2,2026-04-11T13:57:07.657Z,1155,4.62e-06,4096,524288,pumpswap,Cvk9vLXa9wiqWTxb7q5EP3jdPow5ZBrdn1MLRmergW3v
2026-04-12T09:12:03.656Z,Dj2JhqEaKgPDo9se3A1dtSBVV1FFCxAfFa9SBBWmpump,GoldDancer,filter_2,2026-04-11T13:01:12.368Z,1211,3.566e-05,16384,524288,pumpswap,9hovxHG2vADjGPe7S6agGTx5o72kgojobbpC5UVzLdt5
2026-04-12T09:12:03.815Z,ACtfUWtgvaXrQGNMiohTusi5jcx5RJf5zwu9aAxkpump,unc,filter_2,2026-04-11T11:21:14.804Z,1311,0.0005819,65536,2097152,pumpswap,BWFZkx1pMpvwxammwTrizvoWzZZGiFEYUYW6Ee51SHLy
2026-04-12T09:12:03.976Z,51bywes8qqftjWhEZJZ3GvCM2ogximFejkKqa9kMpump,Marina,filter_2,2026-04-11T10:45:10.038Z,1347,3.679e-05,16384,524288,pumpswap,ChmxH4uiGja7C2ht4KurCwXP8LLgtUgibFL1RwLNqeSG
2026-04-12T09:16:58.682Z,34q2KmCvapecJgR6ZrtbCTrzZVtkt3a5mHEA3TuEsWYb,LOL,filter_4,2026-04-12T09:13:33.461Z,3,0.007594,524288,1048576,pumpswap,Dx5wFoszXvND6XYYAjAjUQrGLqDAUrTVH2JmHz6eJDNt
2026-04-12T09:16:58.844Z,EmtpJyHqWqH2xGvdag4DyLFNfnjDM6qTAv9QN17npump,tremp,filter_1,2026-04-12T06:53:33.876Z,143,2.049e-06,4096,262144,pumpswap,3a9vYs5m15vkxtMDLHRNagay3WuJ6FKSNJapdU3qh4rh
2026-04-12T09:16:59.003Z,4CkWXDBNqfqBT5xCon4hrGU3mwqhQ3GSwdQQ1SDnpump,STC,filter_2,2026-04-12T06:33:34.615Z,163,3.217e-05,16384,524288,pumpswap,BfcxnfNQF3cbZmdKbTNvL1fLD4dEjGhXCG9r6JS6EqB4
2026-04-12T09:16:59.184Z,ApvxrH4oet42G4mgHZTtYZ9h2yMwhNZqs7Tqu1Ebpump,NIKUTA,filter_1,2026-04-12T03:23:38.029Z,353,4.455e-06,4096,131072,pumpswap,BLzb2UKri4YMnAeqc8VgWioAz8zN62LrcDsaJB3VcK22
2026-04-12T09:16:59.364Z,D6HZ5Se3X2wEWWYsHp8Ma3wh3yWwFSSdCAFjGC4spump,Cat,filter_4,2026-04-12T03:06:34.258Z,370,2.106e-05,16384,131072,pumpswap,5g91GWPaRMg4DdCUyds858fyAzhaiTVbi563jVKhqLuT
2026-04-12T09:16:59.523Z,7Y445U5CAiLL4icyyPDonXy7zvGGML2TGjyMmwpDpump,WLFI,filter_1,2026-04-12T02:03:35.233Z,433,6.686e-05,16384,262144,pumpswap,EjzyuTwozXjagMTqqN6hjNpEyW3Q7rX3avE2otRRS8hv
2026-04-12T09:16:59.705Z,BRKFJs1jxrYBKR5sxBiuxTTbyipNBmT6GWenb3c9pump,TRUMP47,filter_5,2026-04-12T00:39:59.430Z,517,1.6e-06,4096,524288,pumpswap,EgcA2ShdHZK4Sg7N6H7yGzTjxpTpunRrbzw231wLWeDh
2026-04-12T09:16:59.890Z,5xjSweEeRNTNHXpEiyp1XBUB2D3MMYCuU8khzgiZpump,FUDGE,filter_2,2026-04-12T00:02:34.174Z,554,3.099e-05,16384,32768,pumpswap,GXBAKvHDgXXwxWWGWmrepfpXstnghwVGEqBmAq2EQgQZ
2026-04-12T09:17:00.051Z,AQiYy4igZ6jeUS5nbTymwLaQfnEg5BAjjZsP1EZkEjBU,Dolores,filter_1,2026-04-11T23:52:34.399Z,564,3.638e-06,4096,65536,pumpswap,9MiNdc2ywiYUm2nr2KTGo8UCmjk3TdKLCZ2B4aAtZ9hq
2026-04-12T09:17:00.237Z,yLT7rHdaNkfnqfg5pxXxCTrx1Rsnagod16DnpKBpump,Nilly,filter_1,2026-04-11T23:45:34.391Z,571,2.95e-06,4096,131072,pumpswap,8vjkK4SAhZ6zkX7gox9DQEmpX7MbiKsp2gRjD4dAS21V
2026-04-12T09:17:00.410Z,9oVRwbx3Ray9bK7CKhqwfqY5NaWYjG3xj1DNYg2mpump,brainlet,filter_2,2026-04-11T22:44:55.606Z,632,1.944e-06,4096,524288,pumpswap,2PW331e9D7pmdELA1m1Uyq6pnEuj5BWB8m7dcBGgJ5xo
2026-04-12T09:17:00.573Z,9XhhPHKnvSd9R8Ygr8kHR6n8YNYd7SMzRHHPFeb2pump,doomer,filter_1,2026-04-11T22:10:33.845Z,666,1.699e-06,4096,262144,pumpswap,DqTPbpJo2UfNFy2v4dHjMoFg9S2wid1RZuF8qfwcJrHx
2026-04-12T09:17:00.756Z,2wwDzQLc3pwgcHrkCadio4Hn3bzYyCptRAewJAEXdoge,MARKC,filter_1,2026-04-11T21:57:35.843Z,679,4.069e-06,4096,65536,meteora,2rVNWK9fRajakX19wtrfJKGE3xNWeubnV5VpYxETUvPX
2026-04-12T09:17:00.941Z,NicGVyEGbJhn52gBtqWM18zKGzRSe9js98AZnRwY8eS,NEGRON,filter_2,2026-04-11T21:33:59.338Z,703,3.952e-07,131072,8388608,raydium,2rXfTt3Xh699TtAUruiz6Vs7vdTrsn55bEm2FKt9y8yE
2026-04-12T09:21:58.684Z,GiE8Bf4Y2YHvwKutQUFeR2yaAMPWbkngLvezTWwapump,🪑,filter_2,2026-04-12T08:48:02.735Z,34,0.000707,65536,2097152,pumpswap,47yRWYckWUBUrbSN7AmhanMDhfydURQf5G3fjhotpjy5
2026-04-12T09:21:58.846Z,69iu9bE7VYtuen7oNubgHAaYqpyaM6ZvCwoudsoMpump,Audit,filter_1,2026-04-12T08:17:33.667Z,64,7.179e-06,8192,262144,pumpswap,Ap365bq7KpWPse9sRuHnMTwek2XSQ77setZ8hxujTrL6
2026-04-12T09:21:59.005Z,GjHiCdvt1Zeti6rdSJeCqdkNMQKcxCkShRss5rGLWwbF,GNWR,filter_2,2026-04-12T08:16:56.950Z,65,0.1013,131072,2097152,raydium,38Wyp9ogTNGUgLeKt6FV7dpWurAtTobbo6T7fgT51uG9
2026-04-12T09:21:59.165Z,AiC9FhtXA1iNGW77MocxebVc9U5baQa4nkUFQhtbpump,Sisyphus,filter_4,2026-04-12T08:12:35.668Z,69,1.362e-05,8192,262144,pumpswap,9wFPVtrpbnuKYpLJLYZDhWSFb7R6dVbkmePUVP4zAjd
2026-04-12T09:21:59.324Z,BvHneYfnCYjfZE52iUhK4bqkcqJjYjMQUJb5FPhCpump,ALONSHOUSE,filter_2,2026-04-12T03:51:56.774Z,330,0.0002134,32768,1048576,pumpswap,6KuCNvUu9NsgTFyo1vQGfeFqsoKq7Jq19LhZeQwtMMVr
2026-04-12T09:21:59.483Z,7cFndW3LZJr5hdT138meuoqQRDR6HYqATxKj2CwPpump,AgentCRM,filter_1,2026-04-12T03:39:36.524Z,342,1.591e-05,8192,262144,pumpswap,9UmjwMC9BVfdCYNaa9xCJwWkJjufeVbQg8xcSqMsSSM5
2026-04-12T09:21:59.641Z,9AEtb967xTMosjp9XFhvHLhscPNYgDWc15jFAZR8pump,RƎ́V,filter_1,2026-04-12T02:44:33.253Z,397,0.0001491,32768,16384,pumpswap,EMm9RL2tHvUvygLCu9WkUMBgnu29K2kePzUuWhiSjdMU
2026-04-12T09:21:59.802Z,Hy58kFcGQuZ9qqbiJL5Ka8FPPmqfU6w4zSqNAyzbpump,Zoomer,filter_5,2026-04-12T02:21:55.989Z,420,2.735e-05,16384,524288,pumpswap,EvDD7gjtfLETpF8m8boLppTCHosWoyoy43AKSttyRia9
2026-04-12T09:21:59.961Z,AdD5EMoGMDiGXcgepXQXneB4fEZuS1QvKqDrN876pump,CRAFT,filter_1,2026-04-12T02:18:34.482Z,423,2.572e-05,16384,131072,pumpswap,Fq6wzHyzh8YXvGS7EYBSNPLs7cr3WSLBw4WCpp5Bbk9n
2026-04-12T09:22:00.153Z,8yeUyEaxBkBgcG5i22zR6JiLmVPbA3p6FUBHjFLFpump,MOG,filter_1,2026-04-12T00:53:40.689Z,508,2.221e-06,4096,262144,pumpswap,8jL5pBxjqyhXzGwYDYZhvdifvuSiP7KWzU8ZCGgssRzk
2026-04-12T09:22:00.349Z,VXnX59zHN7j8FrA971nJij7q2RvPSPa3TioV236pump,COG,filter_1,2026-04-11T23:57:38.153Z,564,2.926e-06,4096,262144,pumpswap,DsEyaDvzkJHPnSwDU251c5pCP1V466nMpwh8KQzEeUuU
2026-04-12T09:22:00.513Z,3SNNxUYmrXUc1mQbtV2NGQTuGKVji4y3MWhyESTypump,CASSIE,filter_4,2026-04-11T23:18:36.635Z,603,3.14e-05,16384,131072,pumpswap,B6nQAKbBTm8xTFHBs4xGUqMJJu6JF5mBcmpEv8MPEQ1i
2026-04-12T09:22:00.697Z,6TRyMNFbS6y444mDECfaENQrVnvZP4XzMr2fa6f8pump,Trump,filter_6,2026-04-11T21:07:35.070Z,734,1.954e-06,4096,1048576,pumpswap,BJLaR38FZ2accuRrABzAWdiMeZ8mF3Ky5tL6q853bgBh
2026-04-12T09:22:00.857Z,EamB9vqC1b4aoyPR6t3hn6CWf48yny84xzCuFJMbpump,Peepa,filter_1,2026-04-11T20:47:42.794Z,754,6.104e-05,16384,1048576,pumpswap,BoB3Dvi5eLGFr86BexBPNY2ZXwMNjWhx3FVCep3X2Vj6
2026-04-12T09:22:01.048Z,AQGaTfXDcvinz6DuxfZEKKFp7hmiWDLis4FtK3chpump,Ivunka,filter_3,2026-04-11T20:41:43.544Z,760,2.977e-06,4096,524288,pumpswap,AHBtpXJ7csokwSXddEDxPFYHcA515g234kXTBMhAVRxe
2026-04-12T09:22:01.233Z,BfZ27pSjL3L8Abm8VuRs5MLjjP21Xv5tUL81Rkyepump,WID,filter_4,2026-04-11T20:41:42.289Z,760,1.192e-05,8192,16384,pumpswap,4zmdmfGwoNb2mfF9PJq2N7x38qpQMwBMphD3HMDx6dak
2026-04-12T09:22:01.392Z,EgiJdQ8dbQHWu1uKS6cQBPaF2sK3a7WFpkjHEgdDpump,Dodger,filter_3,2026-04-11T19:29:11.694Z,833,1.138e-05,8192,1048576,pumpswap,7yrRRCzf429YQ1xQgdZZMy5KQ5jtkkDC7gUZWyPerhXr
2026-04-12T09:22:01.584Z,7bfbBZXpMYbNjhZ6eQ8Ch8VFAbgcz4WsrY7JtQKcpump,BOATGUY,filter_1,2026-04-11T19:27:26.855Z,835,4.358e-06,4096,262144,pumpswap,6gALa6BfE8ce8pLYaEFsTkCtxozfbuBR5bMVK3nKeFD4
2026-04-12T09:22:01.777Z,4juv1Wq63My7Bc7rznMZTyuD4aQfRSZGW9uKqFXSpump,Asset,filter_1,2026-04-11T19:27:24.857Z,835,5.362e-06,8192,16384,pumpswap,6g8ZTMKCKvSsVX92g4SKoBESXgrDL2cR1WLg8i7GZPV9
2026-04-12T09:22:01.960Z,Aq6XmZSohMJeRGU9WswbyQo9paEcKrTEs3xdfDFtpump,Lia,filter_1,2026-04-11T19:25:27.104Z,837,1.815e-06,4096,524288,pumpswap,BsFk4E3Hm12Mg27XmBoDPuk27WAC78BPfN98AHHpDPcM
2026-04-12T09:22:02.143Z,AUZnnRTdybeMiHrxfueNyBgLHnu4H39kngUh84WMpump,MELANIA,filter_3,2026-04-11T19:24:02.559Z,838,0.001248,65536,1048576,pumpswap,DM9Xj9x8A8SEinJdoz4SJH2vdhBdPGSZmhL7DxBgwbBy
2026-04-12T09:22:02.301Z,56MEDV2H1M7DkaikaSg5vpibaSyWhgspCxgPwQJhpump,DNIGGA,filter_1,2026-04-11T19:22:24.852Z,840,2.038e-06,4096,65536,pumpswap,CAhVRREzXYHDvtu6iwACsei9vhv6mexsGm9hpkeVP1Kj
2026-04-12T09:22:02.482Z,A2Px3FMumMJ7W67VEp9ahFXueEyf9aHpei4TTJ5mpump,BABY,filter_3,2026-04-11T19:14:43.120Z,847,7.279e-06,8192,1048576,pumpswap,53UgNjZDC6mXsEDTowHLmKi2Y6jzjH2Ee3ybac7jEQRQ
2026-04-12T09:22:02.673Z,wutj1cNsMWyeu9ub61knDRCwU37aVvYuCBn8ZLPj7JL,ZHONEY,filter_1,2026-04-11T19:04:35.959Z,857,9.35e-06,8192,65536,pumpswap,CtYpMFyZqcJL7mPbDQU9o88g9QpkbzEFSC81J9FzFbF8
2026-04-12T09:22:02.865Z,4oFZFm3s8VKeCnwM2G5X5mZrsPivDyzCLvDYZmVipump,ClawFC,filter_1,2026-04-11T19:00:33.206Z,861,8.672e-06,8192,131072,pumpswap,BnbuPvQe2TNdhS7CSdsCGS1WY7FYu2kZti9adrqkqpZh
2026-04-12T09:22:03.045Z,5rniCpoweGXgsLZZDohw3fZA5yuXgt87df6GHAxWpump,MOTHER,filter_1,2026-04-11T18:17:31.505Z,904,4.369e-06,4096,32768,pumpswap,7dzsEYbuQoK1LLAiae7riygcwphP7BTbK6r7Vv94p28M
2026-04-12T09:22:03.253Z,3i8RByhvAaSWh2VSoVieAPzzmc4DpZC9WHVSsDzBpump,FOOLHOUSE,filter_2,2026-04-11T13:59:09.655Z,1163,1.693e-06,4096,524288,pumpswap,G8AJyLtb85QyMbaXZe4k5DdTfLPTD8dEX9xDn2fKqQZD
2026-04-12T09:22:03.443Z,AutFvM5QZqtvjK2SrR8iLwvDEQ7ePnL14Rv7GPFvpump,TripleC,filter_2,2026-04-11T13:57:07.657Z,1165,4.543e-06,4096,524288,pumpswap,Cvk9vLXa9wiqWTxb7q5EP3jdPow5ZBrdn1MLRmergW3v
2026-04-12T09:22:03.624Z,Dj2JhqEaKgPDo9se3A1dtSBVV1FFCxAfFa9SBBWmpump,GoldDancer,filter_2,2026-04-11T13:01:12.368Z,1221,3.829e-05,16384,524288,pumpswap,9hovxHG2vADjGPe7S6agGTx5o72kgojobbpC5UVzLdt5
2026-04-12T09:22:03.784Z,ACtfUWtgvaXrQGNMiohTusi5jcx5RJf5zwu9aAxkpump,unc,filter_2,2026-04-11T11:21:14.804Z,1321,0.0005311,65536,2097152,pumpswap,BWFZkx1pMpvwxammwTrizvoWzZZGiFEYUYW6Ee51SHLy
2026-04-12T09:22:03.943Z,51bywes8qqftjWhEZJZ3GvCM2ogximFejkKqa9kMpump,Marina,filter_2,2026-04-11T10:45:10.038Z,1357,3.963e-05,16384,524288,pumpswap,ChmxH4uiGja7C2ht4KurCwXP8LLgtUgibFL1RwLNqeSG
2026-04-12T09:26:58.713Z,DdpmZkfeANzQuZzt3Ycuc84awmzWkadpNnaukZaLpump,GEM,filter_1,2026-04-12T09:26:34.707Z,0,7.355e-06,8192,65536,pumpswap,C8ZtfQxMsUPmnPTtVn7qFqTx6pQcJ1advjtVQSg6Nksv
2026-04-12T09:26:58.881Z,34q2KmCvapecJgR6ZrtbCTrzZVtkt3a5mHEA3TuEsWYb,LOL,filter_4,2026-04-12T09:13:33.461Z,13,0.007465,524288,1048576,pumpswap,Dx5wFoszXvND6XYYAjAjUQrGLqDAUrTVH2JmHz6eJDNt
2026-04-12T09:26:59.042Z,EmtpJyHqWqH2xGvdag4DyLFNfnjDM6qTAv9QN17npump,tremp,filter_1,2026-04-12T06:53:33.876Z,153,2.049e-06,4096,262144,pumpswap,3a9vYs5m15vkxtMDLHRNagay3WuJ6FKSNJapdU3qh4rh
2026-04-12T09:26:59.226Z,4CkWXDBNqfqBT5xCon4hrGU3mwqhQ3GSwdQQ1SDnpump,STC,filter_2,2026-04-12T06:33:34.615Z,173,3.575e-05,16384,524288,pumpswap,BfcxnfNQF3cbZmdKbTNvL1fLD4dEjGhXCG9r6JS6EqB4
2026-04-12T09:26:59.421Z,ApvxrH4oet42G4mgHZTtYZ9h2yMwhNZqs7Tqu1Ebpump,NIKUTA,filter_1,2026-04-12T03:23:38.029Z,363,4.467e-06,4096,131072,pumpswap,BLzb2UKri4YMnAeqc8VgWioAz8zN62LrcDsaJB3VcK22
2026-04-12T09:26:59.610Z,D6HZ5Se3X2wEWWYsHp8Ma3wh3yWwFSSdCAFjGC4spump,Cat,filter_4,2026-04-12T03:06:34.258Z,380,2.061e-05,16384,131072,pumpswap,5g91GWPaRMg4DdCUyds858fyAzhaiTVbi563jVKhqLuT
2026-04-12T09:26:59.771Z,7Y445U5CAiLL4icyyPDonXy7zvGGML2TGjyMmwpDpump,WLFI,filter_1,2026-04-12T02:03:35.233Z,443,6.993e-05,16384,262144,pumpswap,EjzyuTwozXjagMTqqN6hjNpEyW3Q7rX3avE2otRRS8hv
2026-04-12T09:26:59.932Z,BRKFJs1jxrYBKR5sxBiuxTTbyipNBmT6GWenb3c9pump,TRUMP47,filter_5,2026-04-12T00:39:59.430Z,527,1.6e-06,4096,524288,pumpswap,EgcA2ShdHZK4Sg7N6H7yGzTjxpTpunRrbzw231wLWeDh
2026-04-12T09:27:00.118Z,5xjSweEeRNTNHXpEiyp1XBUB2D3MMYCuU8khzgiZpump,FUDGE,filter_2,2026-04-12T00:02:34.174Z,564,3.061e-05,16384,32768,pumpswap,GXBAKvHDgXXwxWWGWmrepfpXstnghwVGEqBmAq2EQgQZ
2026-04-12T09:27:00.313Z,AQiYy4igZ6jeUS5nbTymwLaQfnEg5BAjjZsP1EZkEjBU,Dolores,filter_1,2026-04-11T23:52:34.399Z,574,3.608e-06,4096,65536,pumpswap,9MiNdc2ywiYUm2nr2KTGo8UCmjk3TdKLCZ2B4aAtZ9hq
2026-04-12T09:27:00.497Z,yLT7rHdaNkfnqfg5pxXxCTrx1Rsnagod16DnpKBpump,Nilly,filter_1,2026-04-11T23:45:34.391Z,581,2.825e-06,4096,131072,pumpswap,8vjkK4SAhZ6zkX7gox9DQEmpX7MbiKsp2gRjD4dAS21V
2026-04-12T09:27:00.658Z,9oVRwbx3Ray9bK7CKhqwfqY5NaWYjG3xj1DNYg2mpump,brainlet,filter_2,2026-04-11T22:44:55.606Z,642,1.936e-06,4096,524288,pumpswap,2PW331e9D7pmdELA1m1Uyq6pnEuj5BWB8m7dcBGgJ5xo
2026-04-12T09:27:00.818Z,9XhhPHKnvSd9R8Ygr8kHR6n8YNYd7SMzRHHPFeb2pump,doomer,filter_1,2026-04-11T22:10:33.845Z,676,1.699e-06,4096,262144,pumpswap,DqTPbpJo2UfNFy2v4dHjMoFg9S2wid1RZuF8qfwcJrHx
2026-04-12T09:27:01.004Z,2wwDzQLc3pwgcHrkCadio4Hn3bzYyCptRAewJAEXdoge,MARKC,filter_1,2026-04-11T21:57:35.843Z,689,3.992e-06,4096,65536,meteora,2rVNWK9fRajakX19wtrfJKGE3xNWeubnV5VpYxETUvPX
2026-04-12T09:27:01.166Z,NicGVyEGbJhn52gBtqWM18zKGzRSe9js98AZnRwY8eS,NEGRON,filter_2,2026-04-11T21:33:59.338Z,713,3.933e-07,131072,8388608,raydium,2rXfTt3Xh699TtAUruiz6Vs7vdTrsn55bEm2FKt9y8yE
2026-04-12T09:31:58.685Z,39byoLyCVzpfRoiChZoN96dLCoHF8JEPH5h9Qodypump,YN,filter_1,2026-04-12T09:28:36.955Z,3,1.663e-05,8192,262144,pumpswap,DALWM8Ph5yjigv2AtHYQCMAuCHXkZMQo3P3gqaJuv695
2026-04-12T09:31:58.844Z,GjHiCdvt1Zeti6rdSJeCqdkNMQKcxCkShRss5rGLWwbF,GNWR,filter_2,2026-04-12T09:28:00.244Z,4,0.1046,262144,2097152,raydium,38Wyp9ogTNGUgLeKt6FV7dpWurAtTobbo6T7fgT51uG9
2026-04-12T09:31:59.002Z,GiE8Bf4Y2YHvwKutQUFeR2yaAMPWbkngLvezTWwapump,🪑,filter_2,2026-04-12T08:48:02.735Z,44,0.0006219,65536,2097152,pumpswap,47yRWYckWUBUrbSN7AmhanMDhfydURQf5G3fjhotpjy5
2026-04-12T09:31:59.196Z,69iu9bE7VYtuen7oNubgHAaYqpyaM6ZvCwoudsoMpump,Audit,filter_1,2026-04-12T08:17:33.667Z,74,7.128e-06,8192,262144,pumpswap,Ap365bq7KpWPse9sRuHnMTwek2XSQ77setZ8hxujTrL6
2026-04-12T09:31:59.353Z,AiC9FhtXA1iNGW77MocxebVc9U5baQa4nkUFQhtbpump,Sisyphus,filter_4,2026-04-12T08:12:35.668Z,79,1.47e-05,8192,262144,pumpswap,9wFPVtrpbnuKYpLJLYZDhWSFb7R6dVbkmePUVP4zAjd
2026-04-12T09:31:59.511Z,BvHneYfnCYjfZE52iUhK4bqkcqJjYjMQUJb5FPhCpump,ALONSHOUSE,filter_2,2026-04-12T03:51:56.774Z,340,0.0002202,32768,1048576,pumpswap,6KuCNvUu9NsgTFyo1vQGfeFqsoKq7Jq19LhZeQwtMMVr
2026-04-12T09:31:59.670Z,7cFndW3LZJr5hdT138meuoqQRDR6HYqATxKj2CwPpump,AgentCRM,filter_1,2026-04-12T03:39:36.524Z,352,1.334e-05,8192,262144,pumpswap,9UmjwMC9BVfdCYNaa9xCJwWkJjufeVbQg8xcSqMsSSM5
2026-04-12T09:31:59.827Z,9AEtb967xTMosjp9XFhvHLhscPNYgDWc15jFAZR8pump,RƎ́V,filter_1,2026-04-12T02:44:33.253Z,407,0.0001491,32768,16384,pumpswap,EMm9RL2tHvUvygLCu9WkUMBgnu29K2kePzUuWhiSjdMU
2026-04-12T09:31:59.986Z,Hy58kFcGQuZ9qqbiJL5Ka8FPPmqfU6w4zSqNAyzbpump,Zoomer,filter_5,2026-04-12T02:21:55.989Z,430,2.392e-05,16384,524288,pumpswap,EvDD7gjtfLETpF8m8boLppTCHosWoyoy43AKSttyRia9
2026-04-12T09:32:00.167Z,AdD5EMoGMDiGXcgepXQXneB4fEZuS1QvKqDrN876pump,CRAFT,filter_1,2026-04-12T02:18:34.482Z,433,2.311e-05,16384,131072,pumpswap,Fq6wzHyzh8YXvGS7EYBSNPLs7cr3WSLBw4WCpp5Bbk9n
2026-04-12T09:32:00.324Z,8yeUyEaxBkBgcG5i22zR6JiLmVPbA3p6FUBHjFLFpump,MOG,filter_1,2026-04-12T00:53:40.689Z,518,2.178e-06,4096,262144,pumpswap,8jL5pBxjqyhXzGwYDYZhvdifvuSiP7KWzU8ZCGgssRzk
2026-04-12T09:32:00.484Z,VXnX59zHN7j8FrA971nJij7q2RvPSPa3TioV236pump,COG,filter_1,2026-04-11T23:57:38.153Z,574,2.926e-06,4096,262144,pumpswap,DsEyaDvzkJHPnSwDU251c5pCP1V466nMpwh8KQzEeUuU
2026-04-12T09:32:00.665Z,3SNNxUYmrXUc1mQbtV2NGQTuGKVji4y3MWhyESTypump,CASSIE,filter_4,2026-04-11T23:18:36.635Z,613,3.116e-05,16384,131072,pumpswap,B6nQAKbBTm8xTFHBs4xGUqMJJu6JF5mBcmpEv8MPEQ1i
2026-04-12T09:32:00.825Z,6TRyMNFbS6y444mDECfaENQrVnvZP4XzMr2fa6f8pump,Trump,filter_6,2026-04-11T21:07:35.070Z,744,1.954e-06,4096,1048576,pumpswap,BJLaR38FZ2accuRrABzAWdiMeZ8mF3Ky5tL6q853bgBh
2026-04-12T09:32:00.983Z,EamB9vqC1b4aoyPR6t3hn6CWf48yny84xzCuFJMbpump,Peepa,filter_1,2026-04-11T20:47:42.794Z,764,5.74e-05,16384,1048576,pumpswap,BoB3Dvi5eLGFr86BexBPNY2ZXwMNjWhx3FVCep3X2Vj6
2026-04-12T09:32:01.164Z,AQGaTfXDcvinz6DuxfZEKKFp7hmiWDLis4FtK3chpump,Ivunka,filter_3,2026-04-11T20:41:43.544Z,770,2.977e-06,4096,524288,pumpswap,AHBtpXJ7csokwSXddEDxPFYHcA515g234kXTBMhAVRxe
2026-04-12T09:32:01.350Z,BfZ27pSjL3L8Abm8VuRs5MLjjP21Xv5tUL81Rkyepump,WID,filter_4,2026-04-11T20:41:42.289Z,770,1.192e-05,8192,16384,pumpswap,4zmdmfGwoNb2mfF9PJq2N7x38qpQMwBMphD3HMDx6dak
2026-04-12T09:32:01.511Z,EgiJdQ8dbQHWu1uKS6cQBPaF2sK3a7WFpkjHEgdDpump,Dodger,filter_3,2026-04-11T19:29:11.694Z,843,1.202e-05,8192,1048576,pumpswap,7yrRRCzf429YQ1xQgdZZMy5KQ5jtkkDC7gUZWyPerhXr
2026-04-12T09:32:01.738Z,7bfbBZXpMYbNjhZ6eQ8Ch8VFAbgcz4WsrY7JtQKcpump,BOATGUY,filter_1,2026-04-11T19:27:26.855Z,845,4.285e-06,4096,262144,pumpswap,6gALa6BfE8ce8pLYaEFsTkCtxozfbuBR5bMVK3nKeFD4
2026-04-12T09:32:01.921Z,4juv1Wq63My7Bc7rznMZTyuD4aQfRSZGW9uKqFXSpump,Asset,filter_1,2026-04-11T19:27:24.857Z,845,5.558e-06,8192,16384,pumpswap,6g8ZTMKCKvSsVX92g4SKoBESXgrDL2cR1WLg8i7GZPV9
2026-04-12T09:32:02.077Z,Aq6XmZSohMJeRGU9WswbyQo9paEcKrTEs3xdfDFtpump,Lia,filter_1,2026-04-11T19:25:27.104Z,847,1.815e-06,4096,524288,pumpswap,BsFk4E3Hm12Mg27XmBoDPuk27WAC78BPfN98AHHpDPcM
2026-04-12T09:32:02.258Z,AUZnnRTdybeMiHrxfueNyBgLHnu4H39kngUh84WMpump,MELANIA,filter_3,2026-04-11T19:24:02.559Z,848,0.001301,65536,1048576,pumpswap,DM9Xj9x8A8SEinJdoz4SJH2vdhBdPGSZmhL7DxBgwbBy
2026-04-12T09:32:02.440Z,56MEDV2H1M7DkaikaSg5vpibaSyWhgspCxgPwQJhpump,DNIGGA,filter_1,2026-04-11T19:22:24.852Z,850,2.038e-06,4096,65536,pumpswap,CAhVRREzXYHDvtu6iwACsei9vhv6mexsGm9hpkeVP1Kj
2026-04-12T09:32:02.597Z,A2Px3FMumMJ7W67VEp9ahFXueEyf9aHpei4TTJ5mpump,BABY,filter_3,2026-04-11T19:14:43.120Z,857,7.22e-06,8192,1048576,pumpswap,53UgNjZDC6mXsEDTowHLmKi2Y6jzjH2Ee3ybac7jEQRQ
2026-04-12T09:32:02.788Z,wutj1cNsMWyeu9ub61knDRCwU37aVvYuCBn8ZLPj7JL,ZHONEY,filter_1,2026-04-11T19:04:35.959Z,867,9.35e-06,8192,65536,pumpswap,CtYpMFyZqcJL7mPbDQU9o88g9QpkbzEFSC81J9FzFbF8
2026-04-12T09:32:02.975Z,4oFZFm3s8VKeCnwM2G5X5mZrsPivDyzCLvDYZmVipump,ClawFC,filter_1,2026-04-11T19:00:33.206Z,871,8.65e-06,8192,131072,pumpswap,BnbuPvQe2TNdhS7CSdsCGS1WY7FYu2kZti9adrqkqpZh
2026-04-12T09:32:03.164Z,5rniCpoweGXgsLZZDohw3fZA5yuXgt87df6GHAxWpump,MOTHER,filter_1,2026-04-11T18:17:31.505Z,914,4.452e-06,4096,32768,pumpswap,7dzsEYbuQoK1LLAiae7riygcwphP7BTbK6r7Vv94p28M
2026-04-12T09:32:03.341Z,3i8RByhvAaSWh2VSoVieAPzzmc4DpZC9WHVSsDzBpump,FOOLHOUSE,filter_2,2026-04-11T13:59:09.655Z,1173,1.693e-06,4096,524288,pumpswap,G8AJyLtb85QyMbaXZe4k5DdTfLPTD8dEX9xDn2fKqQZD
2026-04-12T09:32:03.536Z,AutFvM5QZqtvjK2SrR8iLwvDEQ7ePnL14Rv7GPFvpump,TripleC,filter_2,2026-04-11T13:57:07.657Z,1175,4.519e-06,4096,524288,pumpswap,Cvk9vLXa9wiqWTxb7q5EP3jdPow5ZBrdn1MLRmergW3v
2026-04-12T09:32:03.726Z,Dj2JhqEaKgPDo9se3A1dtSBVV1FFCxAfFa9SBBWmpump,GoldDancer,filter_2,2026-04-11T13:01:12.368Z,1231,3.772e-05,16384,524288,pumpswap,9hovxHG2vADjGPe7S6agGTx5o72kgojobbpC5UVzLdt5
2026-04-12T09:32:03.884Z,ACtfUWtgvaXrQGNMiohTusi5jcx5RJf5zwu9aAxkpump,unc,filter_2,2026-04-11T11:21:14.804Z,1331,0.0005612,65536,2097152,pumpswap,BWFZkx1pMpvwxammwTrizvoWzZZGiFEYUYW6Ee51SHLy
2026-04-12T09:32:04.042Z,51bywes8qqftjWhEZJZ3GvCM2ogximFejkKqa9kMpump,Marina,filter_2,2026-04-11T10:45:10.038Z,1367,4.379e-05,16384,524288,pumpswap,ChmxH4uiGja7C2ht4KurCwXP8LLgtUgibFL1RwLNqeSG
2026-04-12T09:36:58.681Z,DdpmZkfeANzQuZzt3Ycuc84awmzWkadpNnaukZaLpump,GEM,filter_1,2026-04-12T09:26:34.707Z,10,1.044e-05,8192,65536,pumpswap,C8ZtfQxMsUPmnPTtVn7qFqTx6pQcJ1advjtVQSg6Nksv
2026-04-12T09:36:58.847Z,34q2KmCvapecJgR6ZrtbCTrzZVtkt3a5mHEA3TuEsWYb,LOL,filter_4,2026-04-12T09:13:33.461Z,23,0.007539,524288,1048576,pumpswap,Dx5wFoszXvND6XYYAjAjUQrGLqDAUrTVH2JmHz6eJDNt
2026-04-12T09:36:59.007Z,EmtpJyHqWqH2xGvdag4DyLFNfnjDM6qTAv9QN17npump,tremp,filter_1,2026-04-12T06:53:33.876Z,163,2.037e-06,4096,262144,pumpswap,3a9vYs5m15vkxtMDLHRNagay3WuJ6FKSNJapdU3qh4rh
2026-04-12T09:36:59.167Z,4CkWXDBNqfqBT5xCon4hrGU3mwqhQ3GSwdQQ1SDnpump,STC,filter_2,2026-04-12T06:33:34.615Z,183,3.369e-05,16384,524288,pumpswap,BfcxnfNQF3cbZmdKbTNvL1fLD4dEjGhXCG9r6JS6EqB4
2026-04-12T09:36:59.580Z,ApvxrH4oet42G4mgHZTtYZ9h2yMwhNZqs7Tqu1Ebpump,NIKUTA,filter_1,2026-04-12T03:23:38.029Z,373,4.467e-06,4096,131072,pumpswap,BLzb2UKri4YMnAeqc8VgWioAz8zN62LrcDsaJB3VcK22
2026-04-12T09:36:59.740Z,D6HZ5Se3X2wEWWYsHp8Ma3wh3yWwFSSdCAFjGC4spump,Cat,filter_4,2026-04-12T03:06:34.258Z,390,2.044e-05,16384,131072,pumpswap,5g91GWPaRMg4DdCUyds858fyAzhaiTVbi563jVKhqLuT
2026-04-12T09:36:59.934Z,7Y445U5CAiLL4icyyPDonXy7zvGGML2TGjyMmwpDpump,WLFI,filter_1,2026-04-12T02:03:35.233Z,453,6.042e-05,16384,262144,pumpswap,EjzyuTwozXjagMTqqN6hjNpEyW3Q7rX3avE2otRRS8hv
2026-04-12T09:37:00.094Z,BRKFJs1jxrYBKR5sxBiuxTTbyipNBmT6GWenb3c9pump,TRUMP47,filter_5,2026-04-12T00:39:59.430Z,537,1.6e-06,4096,524288,pumpswap,EgcA2ShdHZK4Sg7N6H7yGzTjxpTpunRrbzw231wLWeDh
2026-04-12T09:37:00.254Z,5xjSweEeRNTNHXpEiyp1XBUB2D3MMYCuU8khzgiZpump,FUDGE,filter_2,2026-04-12T00:02:34.174Z,574,3.103e-05,16384,32768,pumpswap,GXBAKvHDgXXwxWWGWmrepfpXstnghwVGEqBmAq2EQgQZ
2026-04-12T09:37:00.439Z,AQiYy4igZ6jeUS5nbTymwLaQfnEg5BAjjZsP1EZkEjBU,Dolores,filter_1,2026-04-11T23:52:34.399Z,584,4.057e-06,4096,65536,pumpswap,9MiNdc2ywiYUm2nr2KTGo8UCmjk3TdKLCZ2B4aAtZ9hq
2026-04-12T09:37:00.623Z,yLT7rHdaNkfnqfg5pxXxCTrx1Rsnagod16DnpKBpump,Nilly,filter_1,2026-04-11T23:45:34.391Z,591,2.825e-06,4096,131072,pumpswap,8vjkK4SAhZ6zkX7gox9DQEmpX7MbiKsp2gRjD4dAS21V
2026-04-12T09:37:00.783Z,9oVRwbx3Ray9bK7CKhqwfqY5NaWYjG3xj1DNYg2mpump,brainlet,filter_2,2026-04-11T22:44:55.606Z,652,1.936e-06,4096,524288,pumpswap,2PW331e9D7pmdELA1m1Uyq6pnEuj5BWB8m7dcBGgJ5xo
2026-04-12T09:37:00.945Z,9XhhPHKnvSd9R8Ygr8kHR6n8YNYd7SMzRHHPFeb2pump,doomer,filter_1,2026-04-11T22:10:33.845Z,686,1.699e-06,4096,262144,pumpswap,DqTPbpJo2UfNFy2v4dHjMoFg9S2wid1RZuF8qfwcJrHx
2026-04-12T09:37:01.127Z,2wwDzQLc3pwgcHrkCadio4Hn3bzYyCptRAewJAEXdoge,MARKC,filter_1,2026-04-11T21:57:35.843Z,699,3.945e-06,4096,65536,meteora,2rVNWK9fRajakX19wtrfJKGE3xNWeubnV5VpYxETUvPX
2026-04-12T09:37:01.335Z,NicGVyEGbJhn52gBtqWM18zKGzRSe9js98AZnRwY8eS,NEGRON,filter_2,2026-04-11T21:33:59.338Z,723,3.931e-07,131072,8388608,raydium,2rXfTt3Xh699TtAUruiz6Vs7vdTrsn55bEm2FKt9y8yE
2026-04-12T09:41:58.714Z,H3UfCEUfNyK5dSQcw2yYBU7pLw5qjE6PeHfmdPQxpump,Monobloc,filter_1,2026-04-12T09:38:36.718Z,3,3.457e-06,,65536,pumpfun,C8mK6iGgSueLyavm4jhqJBMMWsqcj25QfGgFs8j6t9Nu
2026-04-12T09:41:58.876Z,GjHiCdvt1Zeti6rdSJeCqdkNMQKcxCkShRss5rGLWwbF,GNWR,filter_2,2026-04-12T09:33:57.750Z,8,0.1072,262144,2097152,raydium,38Wyp9ogTNGUgLeKt6FV7dpWurAtTobbo6T7fgT51uG9
2026-04-12T09:41:59.037Z,39byoLyCVzpfRoiChZoN96dLCoHF8JEPH5h9Qodypump,YN,filter_1,2026-04-12T09:28:36.955Z,13,2.151e-05,8192,262144,pumpswap,DALWM8Ph5yjigv2AtHYQCMAuCHXkZMQo3P3gqaJuv695
2026-04-12T09:41:59.197Z,GiE8Bf4Y2YHvwKutQUFeR2yaAMPWbkngLvezTWwapump,🪑,filter_2,2026-04-12T08:48:02.735Z,54,0.0006038,65536,2097152,pumpswap,47yRWYckWUBUrbSN7AmhanMDhfydURQf5G3fjhotpjy5
2026-04-12T09:41:59.358Z,69iu9bE7VYtuen7oNubgHAaYqpyaM6ZvCwoudsoMpump,Audit,filter_1,2026-04-12T08:17:33.667Z,84,6.094e-06,8192,262144,pumpswap,Ap365bq7KpWPse9sRuHnMTwek2XSQ77setZ8hxujTrL6
2026-04-12T09:41:59.519Z,AiC9FhtXA1iNGW77MocxebVc9U5baQa4nkUFQhtbpump,Sisyphus,filter_4,2026-04-12T08:12:35.668Z,89,1.16e-05,8192,262144,pumpswap,9wFPVtrpbnuKYpLJLYZDhWSFb7R6dVbkmePUVP4zAjd
2026-04-12T09:41:59.681Z,BvHneYfnCYjfZE52iUhK4bqkcqJjYjMQUJb5FPhCpump,ALONSHOUSE,filter_2,2026-04-12T03:51:56.774Z,350,0.0002283,32768,1048576,pumpswap,6KuCNvUu9NsgTFyo1vQGfeFqsoKq7Jq19LhZeQwtMMVr
2026-04-12T09:41:59.841Z,7cFndW3LZJr5hdT138meuoqQRDR6HYqATxKj2CwPpump,AgentCRM,filter_1,2026-04-12T03:39:36.524Z,362,1.374e-05,8192,262144,pumpswap,9UmjwMC9BVfdCYNaa9xCJwWkJjufeVbQg8xcSqMsSSM5
2026-04-12T09:42:00.006Z,9AEtb967xTMosjp9XFhvHLhscPNYgDWc15jFAZR8pump,RƎ́V,filter_1,2026-04-12T02:44:33.253Z,417,0.0001512,32768,16384,pumpswap,EMm9RL2tHvUvygLCu9WkUMBgnu29K2kePzUuWhiSjdMU
2026-04-12T09:42:00.169Z,Hy58kFcGQuZ9qqbiJL5Ka8FPPmqfU6w4zSqNAyzbpump,Zoomer,filter_5,2026-04-12T02:21:55.989Z,440,2.73e-05,16384,524288,pumpswap,EvDD7gjtfLETpF8m8boLppTCHosWoyoy43AKSttyRia9
2026-04-12T09:42:00.353Z,AdD5EMoGMDiGXcgepXQXneB4fEZuS1QvKqDrN876pump,CRAFT,filter_1,2026-04-12T02:18:34.482Z,443,2.207e-05,8192,131072,pumpswap,Fq6wzHyzh8YXvGS7EYBSNPLs7cr3WSLBw4WCpp5Bbk9n
2026-04-12T09:42:00.515Z,8yeUyEaxBkBgcG5i22zR6JiLmVPbA3p6FUBHjFLFpump,MOG,filter_1,2026-04-12T00:53:40.689Z,528,2.096e-06,4096,262144,pumpswap,8jL5pBxjqyhXzGwYDYZhvdifvuSiP7KWzU8ZCGgssRzk
2026-04-12T09:42:00.676Z,VXnX59zHN7j8FrA971nJij7q2RvPSPa3TioV236pump,COG,filter_1,2026-04-11T23:57:38.153Z,584,2.885e-06,4096,262144,pumpswap,DsEyaDvzkJHPnSwDU251c5pCP1V466nMpwh8KQzEeUuU
2026-04-12T09:42:00.868Z,3SNNxUYmrXUc1mQbtV2NGQTuGKVji4y3MWhyESTypump,CASSIE,filter_4,2026-04-11T23:18:36.635Z,623,3.11e-05,16384,131072,pumpswap,B6nQAKbBTm8xTFHBs4xGUqMJJu6JF5mBcmpEv8MPEQ1i
2026-04-12T09:42:01.029Z,6TRyMNFbS6y444mDECfaENQrVnvZP4XzMr2fa6f8pump,Trump,filter_6,2026-04-11T21:07:35.070Z,754,1.954e-06,4096,1048576,pumpswap,BJLaR38FZ2accuRrABzAWdiMeZ8mF3Ky5tL6q853bgBh
2026-04-12T09:42:01.193Z,EamB9vqC1b4aoyPR6t3hn6CWf48yny84xzCuFJMbpump,Peepa,filter_1,2026-04-11T20:47:42.794Z,774,5.635e-05,16384,1048576,pumpswap,BoB3Dvi5eLGFr86BexBPNY2ZXwMNjWhx3FVCep3X2Vj6
2026-04-12T09:42:01.386Z,AQGaTfXDcvinz6DuxfZEKKFp7hmiWDLis4FtK3chpump,Ivunka,filter_3,2026-04-11T20:41:43.544Z,780,2.977e-06,4096,524288,pumpswap,AHBtpXJ7csokwSXddEDxPFYHcA515g234kXTBMhAVRxe
2026-04-12T09:42:01.600Z,BfZ27pSjL3L8Abm8VuRs5MLjjP21Xv5tUL81Rkyepump,WID,filter_4,2026-04-11T20:41:42.289Z,780,1.192e-05,8192,16384,pumpswap,4zmdmfGwoNb2mfF9PJq2N7x38qpQMwBMphD3HMDx6dak
2026-04-12T09:42:01.791Z,EgiJdQ8dbQHWu1uKS6cQBPaF2sK3a7WFpkjHEgdDpump,Dodger,filter_3,2026-04-11T19:29:11.694Z,853,1.225e-05,8192,1048576,pumpswap,7yrRRCzf429YQ1xQgdZZMy5KQ5jtkkDC7gUZWyPerhXr
2026-04-12T09:42:01.993Z,7bfbBZXpMYbNjhZ6eQ8Ch8VFAbgcz4WsrY7JtQKcpump,BOATGUY,filter_1,2026-04-11T19:27:26.855Z,855,4.285e-06,4096,262144,pumpswap,6gALa6BfE8ce8pLYaEFsTkCtxozfbuBR5bMVK3nKeFD4
2026-04-12T09:42:02.178Z,4juv1Wq63My7Bc7rznMZTyuD4aQfRSZGW9uKqFXSpump,Asset,filter_1,2026-04-11T19:27:24.857Z,855,5.558e-06,8192,16384,pumpswap,6g8ZTMKCKvSsVX92g4SKoBESXgrDL2cR1WLg8i7GZPV9
2026-04-12T09:42:02.339Z,Aq6XmZSohMJeRGU9WswbyQo9paEcKrTEs3xdfDFtpump,Lia,filter_1,2026-04-11T19:25:27.104Z,857,1.815e-06,4096,524288,pumpswap,BsFk4E3Hm12Mg27XmBoDPuk27WAC78BPfN98AHHpDPcM
2026-04-12T09:42:02.500Z,AUZnnRTdybeMiHrxfueNyBgLHnu4H39kngUh84WMpump,MELANIA,filter_3,2026-04-11T19:24:02.559Z,858,0.001342,65536,1048576,pumpswap,DM9Xj9x8A8SEinJdoz4SJH2vdhBdPGSZmhL7DxBgwbBy
2026-04-12T09:42:02.695Z,56MEDV2H1M7DkaikaSg5vpibaSyWhgspCxgPwQJhpump,DNIGGA,filter_1,2026-04-11T19:22:24.852Z,860,2.038e-06,4096,65536,pumpswap,CAhVRREzXYHDvtu6iwACsei9vhv6mexsGm9hpkeVP1Kj
2026-04-12T09:42:02.855Z,A2Px3FMumMJ7W67VEp9ahFXueEyf9aHpei4TTJ5mpump,BABY,filter_3,2026-04-11T19:14:43.120Z,867,7.124e-06,8192,1048576,pumpswap,53UgNjZDC6mXsEDTowHLmKi2Y6jzjH2Ee3ybac7jEQRQ
2026-04-12T09:42:03.041Z,wutj1cNsMWyeu9ub61knDRCwU37aVvYuCBn8ZLPj7JL,ZHONEY,filter_1,2026-04-11T19:04:35.959Z,877,8.279e-06,8192,65536,pumpswap,CtYpMFyZqcJL7mPbDQU9o88g9QpkbzEFSC81J9FzFbF8
2026-04-12T09:42:03.227Z,4oFZFm3s8VKeCnwM2G5X5mZrsPivDyzCLvDYZmVipump,ClawFC,filter_1,2026-04-11T19:00:33.206Z,881,9.458e-06,8192,131072,pumpswap,BnbuPvQe2TNdhS7CSdsCGS1WY7FYu2kZti9adrqkqpZh
2026-04-12T09:42:03.418Z,5rniCpoweGXgsLZZDohw3fZA5yuXgt87df6GHAxWpump,MOTHER,filter_1,2026-04-11T18:17:31.505Z,924,4.392e-06,4096,32768,pumpswap,7dzsEYbuQoK1LLAiae7riygcwphP7BTbK6r7Vv94p28M
2026-04-12T09:42:03.605Z,3i8RByhvAaSWh2VSoVieAPzzmc4DpZC9WHVSsDzBpump,FOOLHOUSE,filter_2,2026-04-11T13:59:09.655Z,1183,1.693e-06,4096,524288,pumpswap,G8AJyLtb85QyMbaXZe4k5DdTfLPTD8dEX9xDn2fKqQZD
2026-04-12T09:42:03.766Z,AutFvM5QZqtvjK2SrR8iLwvDEQ7ePnL14Rv7GPFvpump,TripleC,filter_2,2026-04-11T13:57:07.657Z,1185,4.33e-06,4096,524288,pumpswap,Cvk9vLXa9wiqWTxb7q5EP3jdPow5ZBrdn1MLRmergW3v
2026-04-12T09:42:03.926Z,Dj2JhqEaKgPDo9se3A1dtSBVV1FFCxAfFa9SBBWmpump,GoldDancer,filter_2,2026-04-11T13:01:12.368Z,1241,3.531e-05,16384,524288,pumpswap,9hovxHG2vADjGPe7S6agGTx5o72kgojobbpC5UVzLdt5
2026-04-12T09:42:04.084Z,ACtfUWtgvaXrQGNMiohTusi5jcx5RJf5zwu9aAxkpump,unc,filter_2,2026-04-11T11:21:14.804Z,1341,0.0005432,65536,2097152,pumpswap,BWFZkx1pMpvwxammwTrizvoWzZZGiFEYUYW6Ee51SHLy
2026-04-12T09:42:04.265Z,51bywes8qqftjWhEZJZ3GvCM2ogximFejkKqa9kMpump,Marina,filter_2,2026-04-11T10:45:10.038Z,1377,4.847e-05,16384,262144,pumpswap,ChmxH4uiGja7C2ht4KurCwXP8LLgtUgibFL1RwLNqeSG
2026-04-12T09:46:58.683Z,DdpmZkfeANzQuZzt3Ycuc84awmzWkadpNnaukZaLpump,GEM,filter_1,2026-04-12T09:42:34.960Z,4,9.334e-06,8192,65536,pumpswap,C8ZtfQxMsUPmnPTtVn7qFqTx6pQcJ1advjtVQSg6Nksv
2026-04-12T09:46:58.843Z,34q2KmCvapecJgR6ZrtbCTrzZVtkt3a5mHEA3TuEsWYb,LOL,filter_4,2026-04-12T09:13:33.461Z,33,0.007419,524288,1048576,pumpswap,Dx5wFoszXvND6XYYAjAjUQrGLqDAUrTVH2JmHz6eJDNt
2026-04-12T09:46:59.000Z,EmtpJyHqWqH2xGvdag4DyLFNfnjDM6qTAv9QN17npump,tremp,filter_1,2026-04-12T06:53:33.876Z,173,2.037e-06,4096,262144,pumpswap,3a9vYs5m15vkxtMDLHRNagay3WuJ6FKSNJapdU3qh4rh
2026-04-12T09:46:59.157Z,4CkWXDBNqfqBT5xCon4hrGU3mwqhQ3GSwdQQ1SDnpump,STC,filter_2,2026-04-12T06:33:34.615Z,193,3.253e-05,16384,524288,pumpswap,BfcxnfNQF3cbZmdKbTNvL1fLD4dEjGhXCG9r6JS6EqB4
2026-04-12T09:46:59.353Z,ApvxrH4oet42G4mgHZTtYZ9h2yMwhNZqs7Tqu1Ebpump,NIKUTA,filter_1,2026-04-12T03:23:38.029Z,383,4.502e-06,4096,131072,pumpswap,BLzb2UKri4YMnAeqc8VgWioAz8zN62LrcDsaJB3VcK22
2026-04-12T09:46:59.534Z,D6HZ5Se3X2wEWWYsHp8Ma3wh3yWwFSSdCAFjGC4spump,Cat,filter_4,2026-04-12T03:06:34.258Z,400,2.597e-05,16384,131072,pumpswap,5g91GWPaRMg4DdCUyds858fyAzhaiTVbi563jVKhqLuT
2026-04-12T09:46:59.693Z,7Y445U5CAiLL4icyyPDonXy7zvGGML2TGjyMmwpDpump,WLFI,filter_1,2026-04-12T02:03:35.233Z,463,6.168e-05,16384,262144,pumpswap,EjzyuTwozXjagMTqqN6hjNpEyW3Q7rX3avE2otRRS8hv
2026-04-12T09:46:59.877Z,BRKFJs1jxrYBKR5sxBiuxTTbyipNBmT6GWenb3c9pump,TRUMP47,filter_5,2026-04-12T00:39:59.430Z,547,1.6e-06,4096,524288,pumpswap,EgcA2ShdHZK4Sg7N6H7yGzTjxpTpunRrbzw231wLWeDh
2026-04-12T09:47:00.069Z,5xjSweEeRNTNHXpEiyp1XBUB2D3MMYCuU8khzgiZpump,FUDGE,filter_2,2026-04-12T00:02:34.174Z,584,3.1e-05,16384,32768,pumpswap,GXBAKvHDgXXwxWWGWmrepfpXstnghwVGEqBmAq2EQgQZ
2026-04-12T09:47:00.257Z,AQiYy4igZ6jeUS5nbTymwLaQfnEg5BAjjZsP1EZkEjBU,Dolores,filter_1,2026-04-11T23:52:34.399Z,594,3.364e-06,4096,65536,pumpswap,9MiNdc2ywiYUm2nr2KTGo8UCmjk3TdKLCZ2B4aAtZ9hq
2026-04-12T09:47:00.418Z,yLT7rHdaNkfnqfg5pxXxCTrx1Rsnagod16DnpKBpump,Nilly,filter_1,2026-04-11T23:45:34.391Z,601,2.747e-06,4096,131072,pumpswap,8vjkK4SAhZ6zkX7gox9DQEmpX7MbiKsp2gRjD4dAS21V
2026-04-12T09:47:00.580Z,9oVRwbx3Ray9bK7CKhqwfqY5NaWYjG3xj1DNYg2mpump,brainlet,filter_2,2026-04-11T22:44:55.606Z,662,1.936e-06,4096,524288,pumpswap,2PW331e9D7pmdELA1m1Uyq6pnEuj5BWB8m7dcBGgJ5xo
2026-04-12T09:47:00.804Z,9XhhPHKnvSd9R8Ygr8kHR6n8YNYd7SMzRHHPFeb2pump,doomer,filter_1,2026-04-11T22:10:33.845Z,696,1.699e-06,4096,262144,pumpswap,DqTPbpJo2UfNFy2v4dHjMoFg9S2wid1RZuF8qfwcJrHx
2026-04-12T09:47:00.996Z,2wwDzQLc3pwgcHrkCadio4Hn3bzYyCptRAewJAEXdoge,MARKC,filter_1,2026-04-11T21:57:35.843Z,709,3.868e-06,4096,65536,meteora,2rVNWK9fRajakX19wtrfJKGE3xNWeubnV5VpYxETUvPX
2026-04-12T09:47:01.189Z,NicGVyEGbJhn52gBtqWM18zKGzRSe9js98AZnRwY8eS,NEGRON,filter_2,2026-04-11T21:33:59.338Z,733,3.96e-07,131072,8388608,raydium,2rXfTt3Xh699TtAUruiz6Vs7vdTrsn55bEm2FKt9y8yE
2026-04-12T09:51:58.688Z,H3UfCEUfNyK5dSQcw2yYBU7pLw5qjE6PeHfmdPQxpump,Monobloc,filter_1,2026-04-12T09:38:36.718Z,13,3.493e-06,,65536,pumpfun,C8mK6iGgSueLyavm4jhqJBMMWsqcj25QfGgFs8j6t9Nu
2026-04-12T09:51:58.847Z,GjHiCdvt1Zeti6rdSJeCqdkNMQKcxCkShRss5rGLWwbF,GNWR,filter_2,2026-04-12T09:33:57.750Z,18,0.1091,262144,2097152,raydium,38Wyp9ogTNGUgLeKt6FV7dpWurAtTobbo6T7fgT51uG9
2026-04-12T09:51:59.039Z,39byoLyCVzpfRoiChZoN96dLCoHF8JEPH5h9Qodypump,YN,filter_1,2026-04-12T09:28:36.955Z,23,1.9e-05,8192,262144,pumpswap,DALWM8Ph5yjigv2AtHYQCMAuCHXkZMQo3P3gqaJuv695
2026-04-12T09:51:59.201Z,GiE8Bf4Y2YHvwKutQUFeR2yaAMPWbkngLvezTWwapump,🪑,filter_2,2026-04-12T08:48:02.735Z,64,0.0005288,65536,2097152,pumpswap,47yRWYckWUBUrbSN7AmhanMDhfydURQf5G3fjhotpjy5
2026-04-12T09:51:59.360Z,69iu9bE7VYtuen7oNubgHAaYqpyaM6ZvCwoudsoMpump,Audit,filter_1,2026-04-12T08:17:33.667Z,94,6.583e-06,8192,262144,pumpswap,Ap365bq7KpWPse9sRuHnMTwek2XSQ77setZ8hxujTrL6
2026-04-12T09:51:59.543Z,AiC9FhtXA1iNGW77MocxebVc9U5baQa4nkUFQhtbpump,Sisyphus,filter_4,2026-04-12T08:12:35.668Z,99,1.131e-05,8192,262144,pumpswap,9wFPVtrpbnuKYpLJLYZDhWSFb7R6dVbkmePUVP4zAjd
2026-04-12T09:51:59.702Z,BvHneYfnCYjfZE52iUhK4bqkcqJjYjMQUJb5FPhCpump,ALONSHOUSE,filter_2,2026-04-12T03:51:56.774Z,360,0.0002626,32768,1048576,pumpswap,6KuCNvUu9NsgTFyo1vQGfeFqsoKq7Jq19LhZeQwtMMVr
2026-04-12T09:51:59.861Z,7cFndW3LZJr5hdT138meuoqQRDR6HYqATxKj2CwPpump,AgentCRM,filter_1,2026-04-12T03:39:36.524Z,372,1.5e-05,8192,262144,pumpswap,9UmjwMC9BVfdCYNaa9xCJwWkJjufeVbQg8xcSqMsSSM5
2026-04-12T09:52:00.022Z,9AEtb967xTMosjp9XFhvHLhscPNYgDWc15jFAZR8pump,RƎ́V,filter_1,2026-04-12T02:44:33.253Z,427,0.0001512,32768,16384,pumpswap,EMm9RL2tHvUvygLCu9WkUMBgnu29K2kePzUuWhiSjdMU
2026-04-12T09:52:00.204Z,Hy58kFcGQuZ9qqbiJL5Ka8FPPmqfU6w4zSqNAyzbpump,Zoomer,filter_5,2026-04-12T02:21:55.989Z,450,2.727e-05,16384,524288,pumpswap,EvDD7gjtfLETpF8m8boLppTCHosWoyoy43AKSttyRia9
2026-04-12T09:52:00.396Z,AdD5EMoGMDiGXcgepXQXneB4fEZuS1QvKqDrN876pump,CRAFT,filter_1,2026-04-12T02:18:34.482Z,453,2.157e-05,8192,131072,pumpswap,Fq6wzHyzh8YXvGS7EYBSNPLs7cr3WSLBw4WCpp5Bbk9n
2026-04-12T09:52:00.605Z,8yeUyEaxBkBgcG5i22zR6JiLmVPbA3p6FUBHjFLFpump,MOG,filter_1,2026-04-12T00:53:40.689Z,538,2.009e-06,4096,262144,pumpswap,8jL5pBxjqyhXzGwYDYZhvdifvuSiP7KWzU8ZCGgssRzk
2026-04-12T09:52:00.764Z,VXnX59zHN7j8FrA971nJij7q2RvPSPa3TioV236pump,COG,filter_1,2026-04-11T23:57:38.153Z,594,2.885e-06,4096,262144,pumpswap,DsEyaDvzkJHPnSwDU251c5pCP1V466nMpwh8KQzEeUuU
2026-04-12T09:52:00.925Z,3SNNxUYmrXUc1mQbtV2NGQTuGKVji4y3MWhyESTypump,CASSIE,filter_4,2026-04-11T23:18:36.635Z,633,2.704e-05,16384,131072,pumpswap,B6nQAKbBTm8xTFHBs4xGUqMJJu6JF5mBcmpEv8MPEQ1i
2026-04-12T09:52:01.083Z,6TRyMNFbS6y444mDECfaENQrVnvZP4XzMr2fa6f8pump,Trump,filter_6,2026-04-11T21:07:35.070Z,764,1.954e-06,4096,1048576,pumpswap,BJLaR38FZ2accuRrABzAWdiMeZ8mF3Ky5tL6q853bgBh
2026-04-12T09:52:01.243Z,EamB9vqC1b4aoyPR6t3hn6CWf48yny84xzCuFJMbpump,Peepa,filter_1,2026-04-11T20:47:42.794Z,784,5.689e-05,16384,1048576,pumpswap,BoB3Dvi5eLGFr86BexBPNY2ZXwMNjWhx3FVCep3X2Vj6
2026-04-12T09:52:01.426Z,AQGaTfXDcvinz6DuxfZEKKFp7hmiWDLis4FtK3chpump,Ivunka,filter_3,2026-04-11T20:41:43.544Z,790,2.977e-06,4096,524288,pumpswap,AHBtpXJ7csokwSXddEDxPFYHcA515g234kXTBMhAVRxe
2026-04-12T09:52:01.609Z,BfZ27pSjL3L8Abm8VuRs5MLjjP21Xv5tUL81Rkyepump,WID,filter_4,2026-04-11T20:41:42.289Z,790,1.194e-05,8192,16384,pumpswap,4zmdmfGwoNb2mfF9PJq2N7x38qpQMwBMphD3HMDx6dak
2026-04-12T09:52:01.768Z,EgiJdQ8dbQHWu1uKS6cQBPaF2sK3a7WFpkjHEgdDpump,Dodger,filter_3,2026-04-11T19:29:11.694Z,863,1.297e-05,8192,1048576,pumpswap,7yrRRCzf429YQ1xQgdZZMy5KQ5jtkkDC7gUZWyPerhXr
2026-04-12T09:52:01.952Z,7bfbBZXpMYbNjhZ6eQ8Ch8VFAbgcz4WsrY7JtQKcpump,BOATGUY,filter_1,2026-04-11T19:27:26.855Z,865,4.421e-06,4096,262144,pumpswap,6gALa6BfE8ce8pLYaEFsTkCtxozfbuBR5bMVK3nKeFD4
2026-04-12T09:52:02.139Z,4juv1Wq63My7Bc7rznMZTyuD4aQfRSZGW9uKqFXSpump,Asset,filter_1,2026-04-11T19:27:24.857Z,865,5.255e-06,8192,16384,pumpswap,6g8ZTMKCKvSsVX92g4SKoBESXgrDL2cR1WLg8i7GZPV9
2026-04-12T09:52:02.322Z,Aq6XmZSohMJeRGU9WswbyQo9paEcKrTEs3xdfDFtpump,Lia,filter_1,2026-04-11T19:25:27.104Z,867,1.815e-06,4096,524288,pumpswap,BsFk4E3Hm12Mg27XmBoDPuk27WAC78BPfN98AHHpDPcM
2026-04-12T09:52:02.482Z,AUZnnRTdybeMiHrxfueNyBgLHnu4H39kngUh84WMpump,MELANIA,filter_3,2026-04-11T19:24:02.559Z,868,0.00132,65536,1048576,pumpswap,DM9Xj9x8A8SEinJdoz4SJH2vdhBdPGSZmhL7DxBgwbBy
2026-04-12T09:52:02.665Z,56MEDV2H1M7DkaikaSg5vpibaSyWhgspCxgPwQJhpump,DNIGGA,filter_1,2026-04-11T19:22:24.852Z,870,2.038e-06,4096,65536,pumpswap,CAhVRREzXYHDvtu6iwACsei9vhv6mexsGm9hpkeVP1Kj
2026-04-12T09:52:02.825Z,A2Px3FMumMJ7W67VEp9ahFXueEyf9aHpei4TTJ5mpump,BABY,filter_3,2026-04-11T19:14:43.120Z,877,7.177e-06,8192,1048576,pumpswap,53UgNjZDC6mXsEDTowHLmKi2Y6jzjH2Ee3ybac7jEQRQ
2026-04-12T09:52:03.010Z,wutj1cNsMWyeu9ub61knDRCwU37aVvYuCBn8ZLPj7JL,ZHONEY,filter_1,2026-04-11T19:04:35.959Z,887,8.491e-06,8192,65536,pumpswap,CtYpMFyZqcJL7mPbDQU9o88g9QpkbzEFSC81J9FzFbF8
2026-04-12T09:52:03.170Z,4oFZFm3s8VKeCnwM2G5X5mZrsPivDyzCLvDYZmVipump,ClawFC,filter_1,2026-04-11T19:00:33.206Z,891,8.374e-06,8192,131072,pumpswap,BnbuPvQe2TNdhS7CSdsCGS1WY7FYu2kZti9adrqkqpZh
2026-04-12T09:52:03.330Z,5rniCpoweGXgsLZZDohw3fZA5yuXgt87df6GHAxWpump,MOTHER,filter_1,2026-04-11T18:17:31.505Z,934,4.764e-06,4096,32768,pumpswap,7dzsEYbuQoK1LLAiae7riygcwphP7BTbK6r7Vv94p28M
2026-04-12T09:52:03.491Z,3i8RByhvAaSWh2VSoVieAPzzmc4DpZC9WHVSsDzBpump,FOOLHOUSE,filter_2,2026-04-11T13:59:09.655Z,1193,1.69e-06,4096,524288,pumpswap,G8AJyLtb85QyMbaXZe4k5DdTfLPTD8dEX9xDn2fKqQZD
2026-04-12T09:52:03.651Z,AutFvM5QZqtvjK2SrR8iLwvDEQ7ePnL14Rv7GPFvpump,TripleC,filter_2,2026-04-11T13:57:07.657Z,1195,4.544e-06,4096,524288,pumpswap,Cvk9vLXa9wiqWTxb7q5EP3jdPow5ZBrdn1MLRmergW3v
2026-04-12T09:52:03.809Z,Dj2JhqEaKgPDo9se3A1dtSBVV1FFCxAfFa9SBBWmpump,GoldDancer,filter_2,2026-04-11T13:01:12.368Z,1251,3.203e-05,16384,524288,pumpswap,9hovxHG2vADjGPe7S6agGTx5o72kgojobbpC5UVzLdt5
2026-04-12T09:52:03.969Z,ACtfUWtgvaXrQGNMiohTusi5jcx5RJf5zwu9aAxkpump,unc,filter_2,2026-04-11T11:21:14.804Z,1351,0.0005326,65536,2097152,pumpswap,BWFZkx1pMpvwxammwTrizvoWzZZGiFEYUYW6Ee51SHLy
2026-04-12T09:52:04.129Z,51bywes8qqftjWhEZJZ3GvCM2ogximFejkKqa9kMpump,Marina,filter_2,2026-04-11T10:45:10.038Z,1387,5.09e-05,16384,262144,pumpswap,ChmxH4uiGja7C2ht4KurCwXP8LLgtUgibFL1RwLNqeSG
2026-04-12T09:56:58.724Z,DdpmZkfeANzQuZzt3Ycuc84awmzWkadpNnaukZaLpump,GEM,filter_1,2026-04-12T09:53:34.970Z,3,8.997e-06,8192,65536,pumpswap,C8ZtfQxMsUPmnPTtVn7qFqTx6pQcJ1advjtVQSg6Nksv
2026-04-12T09:56:58.888Z,34q2KmCvapecJgR6ZrtbCTrzZVtkt3a5mHEA3TuEsWYb,LOL,filter_4,2026-04-12T09:13:33.461Z,43,0.007417,524288,1048576,pumpswap,Dx5wFoszXvND6XYYAjAjUQrGLqDAUrTVH2JmHz6eJDNt
2026-04-12T09:56:59.050Z,EmtpJyHqWqH2xGvdag4DyLFNfnjDM6qTAv9QN17npump,tremp,filter_1,2026-04-12T06:53:33.876Z,183,2.017e-06,4096,262144,pumpswap,3a9vYs5m15vkxtMDLHRNagay3WuJ6FKSNJapdU3qh4rh
2026-04-12T09:56:59.211Z,4CkWXDBNqfqBT5xCon4hrGU3mwqhQ3GSwdQQ1SDnpump,STC,filter_2,2026-04-12T06:33:34.615Z,203,3.07e-05,16384,524288,pumpswap,BfcxnfNQF3cbZmdKbTNvL1fLD4dEjGhXCG9r6JS6EqB4
2026-04-12T09:56:59.407Z,ApvxrH4oet42G4mgHZTtYZ9h2yMwhNZqs7Tqu1Ebpump,NIKUTA,filter_1,2026-04-12T03:23:38.029Z,393,4.126e-06,4096,131072,pumpswap,BLzb2UKri4YMnAeqc8VgWioAz8zN62LrcDsaJB3VcK22
2026-04-12T09:56:59.566Z,D6HZ5Se3X2wEWWYsHp8Ma3wh3yWwFSSdCAFjGC4spump,Cat,filter_4,2026-04-12T03:06:34.258Z,410,2.316e-05,16384,131072,pumpswap,5g91GWPaRMg4DdCUyds858fyAzhaiTVbi563jVKhqLuT
2026-04-12T09:56:59.728Z,7Y445U5CAiLL4icyyPDonXy7zvGGML2TGjyMmwpDpump,WLFI,filter_1,2026-04-12T02:03:35.233Z,473,4.675e-05,16384,262144,pumpswap,EjzyuTwozXjagMTqqN6hjNpEyW3Q7rX3avE2otRRS8hv
2026-04-12T09:56:59.889Z,BRKFJs1jxrYBKR5sxBiuxTTbyipNBmT6GWenb3c9pump,TRUMP47,filter_5,2026-04-12T00:39:59.430Z,557,1.6e-06,4096,524288,pumpswap,EgcA2ShdHZK4Sg7N6H7yGzTjxpTpunRrbzw231wLWeDh
2026-04-12T09:57:00.050Z,5xjSweEeRNTNHXpEiyp1XBUB2D3MMYCuU8khzgiZpump,FUDGE,filter_2,2026-04-12T00:02:34.174Z,594,3.373e-05,16384,65536,pumpswap,GXBAKvHDgXXwxWWGWmrepfpXstnghwVGEqBmAq2EQgQZ
2026-04-12T09:57:00.237Z,AQiYy4igZ6jeUS5nbTymwLaQfnEg5BAjjZsP1EZkEjBU,Dolores,filter_1,2026-04-11T23:52:34.399Z,604,3.716e-06,4096,65536,pumpswap,9MiNdc2ywiYUm2nr2KTGo8UCmjk3TdKLCZ2B4aAtZ9hq
2026-04-12T09:57:00.398Z,yLT7rHdaNkfnqfg5pxXxCTrx1Rsnagod16DnpKBpump,Nilly,filter_1,2026-04-11T23:45:34.391Z,611,2.883e-06,4096,131072,pumpswap,8vjkK4SAhZ6zkX7gox9DQEmpX7MbiKsp2gRjD4dAS21V
2026-04-12T09:57:00.559Z,9oVRwbx3Ray9bK7CKhqwfqY5NaWYjG3xj1DNYg2mpump,brainlet,filter_2,2026-04-11T22:44:55.606Z,672,1.936e-06,4096,524288,pumpswap,2PW331e9D7pmdELA1m1Uyq6pnEuj5BWB8m7dcBGgJ5xo
2026-04-12T09:57:00.719Z,9XhhPHKnvSd9R8Ygr8kHR6n8YNYd7SMzRHHPFeb2pump,doomer,filter_1,2026-04-11T22:10:33.845Z,706,1.699e-06,4096,262144,pumpswap,DqTPbpJo2UfNFy2v4dHjMoFg9S2wid1RZuF8qfwcJrHx
2026-04-12T09:57:00.905Z,2wwDzQLc3pwgcHrkCadio4Hn3bzYyCptRAewJAEXdoge,MARKC,filter_1,2026-04-11T21:57:35.843Z,719,3.841e-06,4096,65536,meteora,2rVNWK9fRajakX19wtrfJKGE3xNWeubnV5VpYxETUvPX
2026-04-12T09:57:01.113Z,NicGVyEGbJhn52gBtqWM18zKGzRSe9js98AZnRwY8eS,NEGRON,filter_2,2026-04-11T21:33:59.338Z,743,3.972e-07,131072,8388608,raydium,2rXfTt3Xh699TtAUruiz6Vs7vdTrsn55bEm2FKt9y8yE
2026-04-12T10:01:58.688Z,H3UfCEUfNyK5dSQcw2yYBU7pLw5qjE6PeHfmdPQxpump,Monobloc,filter_1,2026-04-12T09:38:36.718Z,23,3.493e-06,,65536,pumpfun,C8mK6iGgSueLyavm4jhqJBMMWsqcj25QfGgFs8j6t9Nu
2026-04-12T10:01:58.847Z,GjHiCdvt1Zeti6rdSJeCqdkNMQKcxCkShRss5rGLWwbF,GNWR,filter_2,2026-04-12T09:33:57.750Z,28,0.1163,262144,2097152,raydium,38Wyp9ogTNGUgLeKt6FV7dpWurAtTobbo6T7fgT51uG9
2026-04-12T10:01:59.006Z,39byoLyCVzpfRoiChZoN96dLCoHF8JEPH5h9Qodypump,YN,filter_1,2026-04-12T09:28:36.955Z,33,2.129e-05,8192,262144,pumpswap,DALWM8Ph5yjigv2AtHYQCMAuCHXkZMQo3P3gqaJuv695
2026-04-12T10:01:59.168Z,GiE8Bf4Y2YHvwKutQUFeR2yaAMPWbkngLvezTWwapump,🪑,filter_2,2026-04-12T08:48:02.735Z,74,0.0004784,65536,2097152,pumpswap,47yRWYckWUBUrbSN7AmhanMDhfydURQf5G3fjhotpjy5
2026-04-12T10:01:59.328Z,69iu9bE7VYtuen7oNubgHAaYqpyaM6ZvCwoudsoMpump,Audit,filter_1,2026-04-12T08:17:33.667Z,104,6.819e-06,8192,262144,pumpswap,Ap365bq7KpWPse9sRuHnMTwek2XSQ77setZ8hxujTrL6
2026-04-12T10:01:59.486Z,AiC9FhtXA1iNGW77MocxebVc9U5baQa4nkUFQhtbpump,Sisyphus,filter_4,2026-04-12T08:12:35.668Z,109,1.111e-05,8192,262144,pumpswap,9wFPVtrpbnuKYpLJLYZDhWSFb7R6dVbkmePUVP4zAjd
2026-04-12T10:01:59.648Z,BvHneYfnCYjfZE52iUhK4bqkcqJjYjMQUJb5FPhCpump,ALONSHOUSE,filter_2,2026-04-12T03:51:56.774Z,370,0.0003581,65536,1048576,pumpswap,6KuCNvUu9NsgTFyo1vQGfeFqsoKq7Jq19LhZeQwtMMVr
2026-04-12T10:01:59.830Z,7cFndW3LZJr5hdT138meuoqQRDR6HYqATxKj2CwPpump,AgentCRM,filter_1,2026-04-12T03:39:36.524Z,382,1.353e-05,8192,262144,pumpswap,9UmjwMC9BVfdCYNaa9xCJwWkJjufeVbQg8xcSqMsSSM5
2026-04-12T10:02:00.021Z,9AEtb967xTMosjp9XFhvHLhscPNYgDWc15jFAZR8pump,RƎ́V,filter_1,2026-04-12T02:44:33.253Z,437,0.000148,32768,16384,pumpswap,EMm9RL2tHvUvygLCu9WkUMBgnu29K2kePzUuWhiSjdMU
2026-04-12T10:02:00.231Z,Hy58kFcGQuZ9qqbiJL5Ka8FPPmqfU6w4zSqNAyzbpump,Zoomer,filter_5,2026-04-12T02:21:55.989Z,460,2.398e-05,16384,524288,pumpswap,EvDD7gjtfLETpF8m8boLppTCHosWoyoy43AKSttyRia9
2026-04-12T10:02:00.413Z,AdD5EMoGMDiGXcgepXQXneB4fEZuS1QvKqDrN876pump,CRAFT,filter_1,2026-04-12T02:18:34.482Z,463,2.181e-05,8192,131072,pumpswap,Fq6wzHyzh8YXvGS7EYBSNPLs7cr3WSLBw4WCpp5Bbk9n
2026-04-12T10:02:00.573Z,8yeUyEaxBkBgcG5i22zR6JiLmVPbA3p6FUBHjFLFpump,MOG,filter_1,2026-04-12T00:53:40.689Z,548,2.009e-06,4096,262144,pumpswap,8jL5pBxjqyhXzGwYDYZhvdifvuSiP7KWzU8ZCGgssRzk
2026-04-12T10:02:00.733Z,VXnX59zHN7j8FrA971nJij7q2RvPSPa3TioV236pump,COG,filter_1,2026-04-11T23:57:38.153Z,604,2.844e-06,4096,262144,pumpswap,DsEyaDvzkJHPnSwDU251c5pCP1V466nMpwh8KQzEeUuU
2026-04-12T10:02:00.893Z,3SNNxUYmrXUc1mQbtV2NGQTuGKVji4y3MWhyESTypump,CASSIE,filter_4,2026-04-11T23:18:36.635Z,643,2.657e-05,16384,131072,pumpswap,B6nQAKbBTm8xTFHBs4xGUqMJJu6JF5mBcmpEv8MPEQ1i
2026-04-12T10:02:01.052Z,6TRyMNFbS6y444mDECfaENQrVnvZP4XzMr2fa6f8pump,Trump,filter_6,2026-04-11T21:07:35.070Z,774,1.954e-06,4096,1048576,pumpswap,BJLaR38FZ2accuRrABzAWdiMeZ8mF3Ky5tL6q853bgBh
2026-04-12T10:02:01.211Z,EamB9vqC1b4aoyPR6t3hn6CWf48yny84xzCuFJMbpump,Peepa,filter_1,2026-04-11T20:47:42.794Z,794,5.543e-05,16384,1048576,pumpswap,BoB3Dvi5eLGFr86BexBPNY2ZXwMNjWhx3FVCep3X2Vj6
2026-04-12T10:02:01.403Z,AQGaTfXDcvinz6DuxfZEKKFp7hmiWDLis4FtK3chpump,Ivunka,filter_3,2026-04-11T20:41:43.544Z,800,2.977e-06,4096,524288,pumpswap,AHBtpXJ7csokwSXddEDxPFYHcA515g234kXTBMhAVRxe
2026-04-12T10:02:01.588Z,BfZ27pSjL3L8Abm8VuRs5MLjjP21Xv5tUL81Rkyepump,WID,filter_4,2026-04-11T20:41:42.289Z,800,1.225e-05,8192,16384,pumpswap,4zmdmfGwoNb2mfF9PJq2N7x38qpQMwBMphD3HMDx6dak
2026-04-12T10:02:01.769Z,EgiJdQ8dbQHWu1uKS6cQBPaF2sK3a7WFpkjHEgdDpump,Dodger,filter_3,2026-04-11T19:29:11.694Z,873,1.415e-05,8192,1048576,pumpswap,7yrRRCzf429YQ1xQgdZZMy5KQ5jtkkDC7gUZWyPerhXr
2026-04-12T10:02:01.954Z,7bfbBZXpMYbNjhZ6eQ8Ch8VFAbgcz4WsrY7JtQKcpump,BOATGUY,filter_1,2026-04-11T19:27:26.855Z,875,4.421e-06,4096,262144,pumpswap,6gALa6BfE8ce8pLYaEFsTkCtxozfbuBR5bMVK3nKeFD4
2026-04-12T10:02:02.138Z,4juv1Wq63My7Bc7rznMZTyuD4aQfRSZGW9uKqFXSpump,Asset,filter_1,2026-04-11T19:27:24.857Z,875,5.255e-06,8192,16384,pumpswap,6g8ZTMKCKvSsVX92g4SKoBESXgrDL2cR1WLg8i7GZPV9
2026-04-12T10:02:02.319Z,Aq6XmZSohMJeRGU9WswbyQo9paEcKrTEs3xdfDFtpump,Lia,filter_1,2026-04-11T19:25:27.104Z,877,1.719e-06,4096,524288,pumpswap,BsFk4E3Hm12Mg27XmBoDPuk27WAC78BPfN98AHHpDPcM
2026-04-12T10:02:02.480Z,AUZnnRTdybeMiHrxfueNyBgLHnu4H39kngUh84WMpump,MELANIA,filter_3,2026-04-11T19:24:02.559Z,878,0.001387,131072,1048576,pumpswap,DM9Xj9x8A8SEinJdoz4SJH2vdhBdPGSZmhL7DxBgwbBy
2026-04-12T10:02:02.672Z,56MEDV2H1M7DkaikaSg5vpibaSyWhgspCxgPwQJhpump,DNIGGA,filter_1,2026-04-11T19:22:24.852Z,880,2.035e-06,4096,65536,pumpswap,CAhVRREzXYHDvtu6iwACsei9vhv6mexsGm9hpkeVP1Kj
2026-04-12T10:02:02.831Z,A2Px3FMumMJ7W67VEp9ahFXueEyf9aHpei4TTJ5mpump,BABY,filter_3,2026-04-11T19:14:43.120Z,887,7.79e-06,8192,1048576,pumpswap,53UgNjZDC6mXsEDTowHLmKi2Y6jzjH2Ee3ybac7jEQRQ
2026-04-12T10:02:03.016Z,wutj1cNsMWyeu9ub61knDRCwU37aVvYuCBn8ZLPj7JL,ZHONEY,filter_1,2026-04-11T19:04:35.959Z,897,8.465e-06,8192,65536,pumpswap,CtYpMFyZqcJL7mPbDQU9o88g9QpkbzEFSC81J9FzFbF8
2026-04-12T10:02:03.202Z,4oFZFm3s8VKeCnwM2G5X5mZrsPivDyzCLvDYZmVipump,ClawFC,filter_1,2026-04-11T19:00:33.206Z,901,7.855e-06,8192,131072,pumpswap,BnbuPvQe2TNdhS7CSdsCGS1WY7FYu2kZti9adrqkqpZh
2026-04-12T10:02:03.382Z,5rniCpoweGXgsLZZDohw3fZA5yuXgt87df6GHAxWpump,MOTHER,filter_1,2026-04-11T18:17:31.505Z,944,4.837e-06,4096,32768,pumpswap,7dzsEYbuQoK1LLAiae7riygcwphP7BTbK6r7Vv94p28M
2026-04-12T10:02:03.573Z,3i8RByhvAaSWh2VSoVieAPzzmc4DpZC9WHVSsDzBpump,FOOLHOUSE,filter_2,2026-04-11T13:59:09.655Z,1203,1.69e-06,4096,524288,pumpswap,G8AJyLtb85QyMbaXZe4k5DdTfLPTD8dEX9xDn2fKqQZD
2026-04-12T10:02:03.756Z,AutFvM5QZqtvjK2SrR8iLwvDEQ7ePnL14Rv7GPFvpump,TripleC,filter_2,2026-04-11T13:57:07.657Z,1205,4.49e-06,4096,524288,pumpswap,Cvk9vLXa9wiqWTxb7q5EP3jdPow5ZBrdn1MLRmergW3v
2026-04-12T10:02:03.939Z,Dj2JhqEaKgPDo9se3A1dtSBVV1FFCxAfFa9SBBWmpump,GoldDancer,filter_2,2026-04-11T13:01:12.368Z,1261,3.064e-05,16384,524288,pumpswap,9hovxHG2vADjGPe7S6agGTx5o72kgojobbpC5UVzLdt5
2026-04-12T10:02:04.131Z,ACtfUWtgvaXrQGNMiohTusi5jcx5RJf5zwu9aAxkpump,unc,filter_2,2026-04-11T11:21:14.804Z,1361,0.000516,65536,2097152,pumpswap,BWFZkx1pMpvwxammwTrizvoWzZZGiFEYUYW6Ee51SHLy
2026-04-12T10:02:04.289Z,51bywes8qqftjWhEZJZ3GvCM2ogximFejkKqa9kMpump,Marina,filter_2,2026-04-11T10:45:10.038Z,1397,4.826e-05,16384,262144,pumpswap,ChmxH4uiGja7C2ht4KurCwXP8LLgtUgibFL1RwLNqeSG
2026-04-12T10:06:58.685Z,DdpmZkfeANzQuZzt3Ycuc84awmzWkadpNnaukZaLpump,GEM,filter_1,2026-04-12T09:59:34.977Z,7,1.065e-05,8192,65536,pumpswap,C8ZtfQxMsUPmnPTtVn7qFqTx6pQcJ1advjtVQSg6Nksv
2026-04-12T10:06:58.843Z,34q2KmCvapecJgR6ZrtbCTrzZVtkt3a5mHEA3TuEsWYb,LOL,filter_4,2026-04-12T09:13:33.461Z,53,0.00733,524288,1048576,pumpswap,Dx5wFoszXvND6XYYAjAjUQrGLqDAUrTVH2JmHz6eJDNt
2026-04-12T10:06:59.003Z,EmtpJyHqWqH2xGvdag4DyLFNfnjDM6qTAv9QN17npump,tremp,filter_1,2026-04-12T06:53:33.876Z,193,1.999e-06,4096,262144,pumpswap,3a9vYs5m15vkxtMDLHRNagay3WuJ6FKSNJapdU3qh4rh
2026-04-12T10:06:59.162Z,4CkWXDBNqfqBT5xCon4hrGU3mwqhQ3GSwdQQ1SDnpump,STC,filter_2,2026-04-12T06:33:34.615Z,213,3.002e-05,16384,524288,pumpswap,BfcxnfNQF3cbZmdKbTNvL1fLD4dEjGhXCG9r6JS6EqB4
2026-04-12T10:06:59.345Z,ApvxrH4oet42G4mgHZTtYZ9h2yMwhNZqs7Tqu1Ebpump,NIKUTA,filter_1,2026-04-12T03:23:38.029Z,403,3.864e-06,4096,131072,pumpswap,BLzb2UKri4YMnAeqc8VgWioAz8zN62LrcDsaJB3VcK22
2026-04-12T10:06:59.504Z,D6HZ5Se3X2wEWWYsHp8Ma3wh3yWwFSSdCAFjGC4spump,Cat,filter_4,2026-04-12T03:06:34.258Z,420,2.163e-05,16384,131072,pumpswap,5g91GWPaRMg4DdCUyds858fyAzhaiTVbi563jVKhqLuT
2026-04-12T10:06:59.661Z,7Y445U5CAiLL4icyyPDonXy7zvGGML2TGjyMmwpDpump,WLFI,filter_1,2026-04-12T02:03:35.233Z,483,4.054e-05,16384,262144,pumpswap,EjzyuTwozXjagMTqqN6hjNpEyW3Q7rX3avE2otRRS8hv
2026-04-12T10:06:59.851Z,BRKFJs1jxrYBKR5sxBiuxTTbyipNBmT6GWenb3c9pump,TRUMP47,filter_5,2026-04-12T00:39:59.430Z,567,1.596e-06,4096,524288,pumpswap,EgcA2ShdHZK4Sg7N6H7yGzTjxpTpunRrbzw231wLWeDh
2026-04-12T10:07:00.021Z,5xjSweEeRNTNHXpEiyp1XBUB2D3MMYCuU8khzgiZpump,FUDGE,filter_2,2026-04-12T00:02:34.174Z,604,3.12e-05,16384,65536,pumpswap,GXBAKvHDgXXwxWWGWmrepfpXstnghwVGEqBmAq2EQgQZ
2026-04-12T10:07:00.223Z,AQiYy4igZ6jeUS5nbTymwLaQfnEg5BAjjZsP1EZkEjBU,Dolores,filter_1,2026-04-11T23:52:34.399Z,614,3.714e-06,4096,65536,pumpswap,9MiNdc2ywiYUm2nr2KTGo8UCmjk3TdKLCZ2B4aAtZ9hq
2026-04-12T10:07:00.381Z,yLT7rHdaNkfnqfg5pxXxCTrx1Rsnagod16DnpKBpump,Nilly,filter_1,2026-04-11T23:45:34.391Z,621,2.883e-06,4096,131072,pumpswap,8vjkK4SAhZ6zkX7gox9DQEmpX7MbiKsp2gRjD4dAS21V
2026-04-12T10:07:00.540Z,9oVRwbx3Ray9bK7CKhqwfqY5NaWYjG3xj1DNYg2mpump,brainlet,filter_2,2026-04-11T22:44:55.606Z,682,1.936e-06,4096,524288,pumpswap,2PW331e9D7pmdELA1m1Uyq6pnEuj5BWB8m7dcBGgJ5xo
2026-04-12T10:07:00.699Z,9XhhPHKnvSd9R8Ygr8kHR6n8YNYd7SMzRHHPFeb2pump,doomer,filter_1,2026-04-11T22:10:33.845Z,716,1.699e-06,4096,262144,pumpswap,DqTPbpJo2UfNFy2v4dHjMoFg9S2wid1RZuF8qfwcJrHx
2026-04-12T10:07:00.879Z,2wwDzQLc3pwgcHrkCadio4Hn3bzYyCptRAewJAEXdoge,MARKC,filter_1,2026-04-11T21:57:35.843Z,729,3.841e-06,4096,65536,meteora,2rVNWK9fRajakX19wtrfJKGE3xNWeubnV5VpYxETUvPX
2026-04-12T10:07:01.063Z,NicGVyEGbJhn52gBtqWM18zKGzRSe9js98AZnRwY8eS,NEGRON,filter_2,2026-04-11T21:33:59.338Z,753,3.968e-07,131072,8388608,raydium,2rXfTt3Xh699TtAUruiz6Vs7vdTrsn55bEm2FKt9y8yE
2026-04-12T10:11:58.711Z,H3UfCEUfNyK5dSQcw2yYBU7pLw5qjE6PeHfmdPQxpump,Monobloc,filter_1,2026-04-12T09:38:36.718Z,33,3.192e-06,,65536,pumpfun,C8mK6iGgSueLyavm4jhqJBMMWsqcj25QfGgFs8j6t9Nu
2026-04-12T10:11:58.871Z,GjHiCdvt1Zeti6rdSJeCqdkNMQKcxCkShRss5rGLWwbF,GNWR,filter_2,2026-04-12T09:33:57.750Z,38,0.1187,262144,2097152,raydium,38Wyp9ogTNGUgLeKt6FV7dpWurAtTobbo6T7fgT51uG9
2026-04-12T10:11:59.031Z,39byoLyCVzpfRoiChZoN96dLCoHF8JEPH5h9Qodypump,YN,filter_1,2026-04-12T09:28:36.955Z,43,1.813e-05,8192,262144,pumpswap,DALWM8Ph5yjigv2AtHYQCMAuCHXkZMQo3P3gqaJuv695
2026-04-12T10:11:59.192Z,GiE8Bf4Y2YHvwKutQUFeR2yaAMPWbkngLvezTWwapump,🪑,filter_2,2026-04-12T08:48:02.735Z,84,0.0004537,65536,2097152,pumpswap,47yRWYckWUBUrbSN7AmhanMDhfydURQf5G3fjhotpjy5
2026-04-12T10:11:59.350Z,69iu9bE7VYtuen7oNubgHAaYqpyaM6ZvCwoudsoMpump,Audit,filter_1,2026-04-12T08:17:33.667Z,114,7.098e-06,8192,262144,pumpswap,Ap365bq7KpWPse9sRuHnMTwek2XSQ77setZ8hxujTrL6
2026-04-12T10:11:59.509Z,AiC9FhtXA1iNGW77MocxebVc9U5baQa4nkUFQhtbpump,Sisyphus,filter_4,2026-04-12T08:12:35.668Z,119,1.2e-05,8192,262144,pumpswap,9wFPVtrpbnuKYpLJLYZDhWSFb7R6dVbkmePUVP4zAjd
2026-04-12T10:11:59.696Z,BvHneYfnCYjfZE52iUhK4bqkcqJjYjMQUJb5FPhCpump,ALONSHOUSE,filter_2,2026-04-12T03:51:56.774Z,380,0.0003791,65536,1048576,pumpswap,6KuCNvUu9NsgTFyo1vQGfeFqsoKq7Jq19LhZeQwtMMVr
2026-04-12T10:11:59.880Z,7cFndW3LZJr5hdT138meuoqQRDR6HYqATxKj2CwPpump,AgentCRM,filter_1,2026-04-12T03:39:36.524Z,392,1.305e-05,8192,262144,pumpswap,9UmjwMC9BVfdCYNaa9xCJwWkJjufeVbQg8xcSqMsSSM5
2026-04-12T10:12:00.074Z,9AEtb967xTMosjp9XFhvHLhscPNYgDWc15jFAZR8pump,RƎ́V,filter_1,2026-04-12T02:44:33.253Z,447,0.000148,32768,16384,pumpswap,EMm9RL2tHvUvygLCu9WkUMBgnu29K2kePzUuWhiSjdMU
2026-04-12T10:12:00.236Z,Hy58kFcGQuZ9qqbiJL5Ka8FPPmqfU6w4zSqNAyzbpump,Zoomer,filter_5,2026-04-12T02:21:55.989Z,470,3.06e-05,16384,524288,pumpswap,EvDD7gjtfLETpF8m8boLppTCHosWoyoy43AKSttyRia9
2026-04-12T10:12:00.421Z,AdD5EMoGMDiGXcgepXQXneB4fEZuS1QvKqDrN876pump,CRAFT,filter_1,2026-04-12T02:18:34.482Z,473,2.135e-05,8192,131072,pumpswap,Fq6wzHyzh8YXvGS7EYBSNPLs7cr3WSLBw4WCpp5Bbk9n
2026-04-12T10:12:00.604Z,8yeUyEaxBkBgcG5i22zR6JiLmVPbA3p6FUBHjFLFpump,MOG,filter_1,2026-04-12T00:53:40.689Z,558,2.009e-06,4096,262144,pumpswap,8jL5pBxjqyhXzGwYDYZhvdifvuSiP7KWzU8ZCGgssRzk
2026-04-12T10:12:00.785Z,VXnX59zHN7j8FrA971nJij7q2RvPSPa3TioV236pump,COG,filter_1,2026-04-11T23:57:38.153Z,614,2.844e-06,4096,262144,pumpswap,DsEyaDvzkJHPnSwDU251c5pCP1V466nMpwh8KQzEeUuU
2026-04-12T10:12:00.946Z,3SNNxUYmrXUc1mQbtV2NGQTuGKVji4y3MWhyESTypump,CASSIE,filter_4,2026-04-11T23:18:36.635Z,653,2.737e-05,16384,131072,pumpswap,B6nQAKbBTm8xTFHBs4xGUqMJJu6JF5mBcmpEv8MPEQ1i
2026-04-12T10:12:01.109Z,6TRyMNFbS6y444mDECfaENQrVnvZP4XzMr2fa6f8pump,Trump,filter_6,2026-04-11T21:07:35.070Z,784,1.954e-06,4096,1048576,pumpswap,BJLaR38FZ2accuRrABzAWdiMeZ8mF3Ky5tL6q853bgBh
2026-04-12T10:12:01.269Z,EamB9vqC1b4aoyPR6t3hn6CWf48yny84xzCuFJMbpump,Peepa,filter_1,2026-04-11T20:47:42.794Z,804,5.618e-05,16384,1048576,pumpswap,BoB3Dvi5eLGFr86BexBPNY2ZXwMNjWhx3FVCep3X2Vj6
2026-04-12T10:12:01.449Z,AQGaTfXDcvinz6DuxfZEKKFp7hmiWDLis4FtK3chpump,Ivunka,filter_3,2026-04-11T20:41:43.544Z,810,2.977e-06,4096,524288,pumpswap,AHBtpXJ7csokwSXddEDxPFYHcA515g234kXTBMhAVRxe
2026-04-12T10:12:01.642Z,BfZ27pSjL3L8Abm8VuRs5MLjjP21Xv5tUL81Rkyepump,WID,filter_4,2026-04-11T20:41:42.289Z,810,1.246e-05,8192,16384,pumpswap,4zmdmfGwoNb2mfF9PJq2N7x38qpQMwBMphD3HMDx6dak
2026-04-12T10:12:01.824Z,EgiJdQ8dbQHWu1uKS6cQBPaF2sK3a7WFpkjHEgdDpump,Dodger,filter_3,2026-04-11T19:29:11.694Z,883,1.449e-05,8192,1048576,pumpswap,7yrRRCzf429YQ1xQgdZZMy5KQ5jtkkDC7gUZWyPerhXr
2026-04-12T10:12:02.009Z,7bfbBZXpMYbNjhZ6eQ8Ch8VFAbgcz4WsrY7JtQKcpump,BOATGUY,filter_1,2026-04-11T19:27:26.855Z,885,4.421e-06,4096,262144,pumpswap,6gALa6BfE8ce8pLYaEFsTkCtxozfbuBR5bMVK3nKeFD4
2026-04-12T10:12:02.192Z,4juv1Wq63My7Bc7rznMZTyuD4aQfRSZGW9uKqFXSpump,Asset,filter_1,2026-04-11T19:27:24.857Z,885,5.222e-06,8192,16384,pumpswap,6g8ZTMKCKvSsVX92g4SKoBESXgrDL2cR1WLg8i7GZPV9
2026-04-12T10:12:02.376Z,Aq6XmZSohMJeRGU9WswbyQo9paEcKrTEs3xdfDFtpump,Lia,filter_1,2026-04-11T19:25:27.104Z,887,1.719e-06,4096,524288,pumpswap,BsFk4E3Hm12Mg27XmBoDPuk27WAC78BPfN98AHHpDPcM
2026-04-12T10:12:02.537Z,AUZnnRTdybeMiHrxfueNyBgLHnu4H39kngUh84WMpump,MELANIA,filter_3,2026-04-11T19:24:02.559Z,888,0.001413,131072,1048576,pumpswap,DM9Xj9x8A8SEinJdoz4SJH2vdhBdPGSZmhL7DxBgwbBy
2026-04-12T10:12:02.720Z,56MEDV2H1M7DkaikaSg5vpibaSyWhgspCxgPwQJhpump,DNIGGA,filter_1,2026-04-11T19:22:24.852Z,890,2.035e-06,4096,65536,pumpswap,CAhVRREzXYHDvtu6iwACsei9vhv6mexsGm9hpkeVP1Kj
2026-04-12T10:12:02.880Z,A2Px3FMumMJ7W67VEp9ahFXueEyf9aHpei4TTJ5mpump,BABY,filter_3,2026-04-11T19:14:43.120Z,897,8.104e-06,8192,1048576,pumpswap,53UgNjZDC6mXsEDTowHLmKi2Y6jzjH2Ee3ybac7jEQRQ
2026-04-12T10:12:03.091Z,wutj1cNsMWyeu9ub61knDRCwU37aVvYuCBn8ZLPj7JL,ZHONEY,filter_1,2026-04-11T19:04:35.959Z,907,8.465e-06,8192,65536,pumpswap,CtYpMFyZqcJL7mPbDQU9o88g9QpkbzEFSC81J9FzFbF8
2026-04-12T10:12:03.284Z,4oFZFm3s8VKeCnwM2G5X5mZrsPivDyzCLvDYZmVipump,ClawFC,filter_1,2026-04-11T19:00:33.206Z,911,8.879e-06,8192,131072,pumpswap,BnbuPvQe2TNdhS7CSdsCGS1WY7FYu2kZti9adrqkqpZh
2026-04-12T10:12:03.465Z,5rniCpoweGXgsLZZDohw3fZA5yuXgt87df6GHAxWpump,MOTHER,filter_1,2026-04-11T18:17:31.505Z,954,4.837e-06,4096,32768,pumpswap,7dzsEYbuQoK1LLAiae7riygcwphP7BTbK6r7Vv94p28M
2026-04-12T10:12:03.655Z,3i8RByhvAaSWh2VSoVieAPzzmc4DpZC9WHVSsDzBpump,FOOLHOUSE,filter_2,2026-04-11T13:59:09.655Z,1213,1.69e-06,4096,524288,pumpswap,G8AJyLtb85QyMbaXZe4k5DdTfLPTD8dEX9xDn2fKqQZD
2026-04-12T10:12:03.842Z,AutFvM5QZqtvjK2SrR8iLwvDEQ7ePnL14Rv7GPFvpump,TripleC,filter_2,2026-04-11T13:57:07.657Z,1215,4.518e-06,4096,524288,pumpswap,Cvk9vLXa9wiqWTxb7q5EP3jdPow5ZBrdn1MLRmergW3v
2026-04-12T10:12:04.027Z,Dj2JhqEaKgPDo9se3A1dtSBVV1FFCxAfFa9SBBWmpump,GoldDancer,filter_2,2026-04-11T13:01:12.368Z,1271,2.967e-05,16384,524288,pumpswap,9hovxHG2vADjGPe7S6agGTx5o72kgojobbpC5UVzLdt5
2026-04-12T10:12:04.187Z,ACtfUWtgvaXrQGNMiohTusi5jcx5RJf5zwu9aAxkpump,unc,filter_2,2026-04-11T11:21:14.804Z,1371,0.0005045,65536,2097152,pumpswap,BWFZkx1pMpvwxammwTrizvoWzZZGiFEYUYW6Ee51SHLy
2026-04-12T10:12:04.348Z,51bywes8qqftjWhEZJZ3GvCM2ogximFejkKqa9kMpump,Marina,filter_2,2026-04-11T10:45:10.038Z,1407,4.654e-05,16384,262144,pumpswap,ChmxH4uiGja7C2ht4KurCwXP8LLgtUgibFL1RwLNqeSG
2026-04-12T10:16:58.690Z,DdpmZkfeANzQuZzt3Ycuc84awmzWkadpNnaukZaLpump,GEM,filter_1,2026-04-12T10:15:34.986Z,1,9.436e-06,8192,65536,pumpswap,C8ZtfQxMsUPmnPTtVn7qFqTx6pQcJ1advjtVQSg6Nksv
2026-04-12T10:16:58.849Z,34q2KmCvapecJgR6ZrtbCTrzZVtkt3a5mHEA3TuEsWYb,LOL,filter_4,2026-04-12T09:13:33.461Z,63,0.007284,524288,1048576,pumpswap,Dx5wFoszXvND6XYYAjAjUQrGLqDAUrTVH2JmHz6eJDNt
2026-04-12T10:16:59.009Z,EmtpJyHqWqH2xGvdag4DyLFNfnjDM6qTAv9QN17npump,tremp,filter_1,2026-04-12T06:53:33.876Z,203,1.999e-06,4096,262144,pumpswap,3a9vYs5m15vkxtMDLHRNagay3WuJ6FKSNJapdU3qh4rh
2026-04-12T10:16:59.169Z,4CkWXDBNqfqBT5xCon4hrGU3mwqhQ3GSwdQQ1SDnpump,STC,filter_2,2026-04-12T06:33:34.615Z,223,3.305e-05,16384,524288,pumpswap,BfcxnfNQF3cbZmdKbTNvL1fLD4dEjGhXCG9r6JS6EqB4
2026-04-12T10:16:59.355Z,ApvxrH4oet42G4mgHZTtYZ9h2yMwhNZqs7Tqu1Ebpump,NIKUTA,filter_1,2026-04-12T03:23:38.029Z,413,3.954e-06,4096,131072,pumpswap,BLzb2UKri4YMnAeqc8VgWioAz8zN62LrcDsaJB3VcK22
2026-04-12T10:16:59.514Z,D6HZ5Se3X2wEWWYsHp8Ma3wh3yWwFSSdCAFjGC4spump,Cat,filter_4,2026-04-12T03:06:34.258Z,430,2.284e-05,16384,131072,pumpswap,5g91GWPaRMg4DdCUyds858fyAzhaiTVbi563jVKhqLuT
2026-04-12T10:16:59.674Z,7Y445U5CAiLL4icyyPDonXy7zvGGML2TGjyMmwpDpump,WLFI,filter_1,2026-04-12T02:03:35.233Z,493,5.846e-05,16384,262144,pumpswap,EjzyuTwozXjagMTqqN6hjNpEyW3Q7rX3avE2otRRS8hv
2026-04-12T10:16:59.833Z,BRKFJs1jxrYBKR5sxBiuxTTbyipNBmT6GWenb3c9pump,TRUMP47,filter_5,2026-04-12T00:39:59.430Z,577,1.596e-06,4096,524288,pumpswap,EgcA2ShdHZK4Sg7N6H7yGzTjxpTpunRrbzw231wLWeDh
2026-04-12T10:17:00.024Z,5xjSweEeRNTNHXpEiyp1XBUB2D3MMYCuU8khzgiZpump,FUDGE,filter_2,2026-04-12T00:02:34.174Z,614,3.113e-05,16384,65536,pumpswap,GXBAKvHDgXXwxWWGWmrepfpXstnghwVGEqBmAq2EQgQZ
2026-04-12T10:17:00.182Z,AQiYy4igZ6jeUS5nbTymwLaQfnEg5BAjjZsP1EZkEjBU,Dolores,filter_1,2026-04-11T23:52:34.399Z,624,3.65e-06,4096,65536,pumpswap,9MiNdc2ywiYUm2nr2KTGo8UCmjk3TdKLCZ2B4aAtZ9hq
2026-04-12T10:17:00.343Z,yLT7rHdaNkfnqfg5pxXxCTrx1Rsnagod16DnpKBpump,Nilly,filter_1,2026-04-11T23:45:34.391Z,631,2.883e-06,4096,131072,pumpswap,8vjkK4SAhZ6zkX7gox9DQEmpX7MbiKsp2gRjD4dAS21V
2026-04-12T10:17:00.500Z,9oVRwbx3Ray9bK7CKhqwfqY5NaWYjG3xj1DNYg2mpump,brainlet,filter_2,2026-04-11T22:44:55.606Z,692,1.936e-06,4096,524288,pumpswap,2PW331e9D7pmdELA1m1Uyq6pnEuj5BWB8m7dcBGgJ5xo
2026-04-12T10:17:00.659Z,9XhhPHKnvSd9R8Ygr8kHR6n8YNYd7SMzRHHPFeb2pump,doomer,filter_1,2026-04-11T22:10:33.845Z,726,1.693e-06,4096,262144,pumpswap,DqTPbpJo2UfNFy2v4dHjMoFg9S2wid1RZuF8qfwcJrHx
2026-04-12T10:17:00.818Z,2wwDzQLc3pwgcHrkCadio4Hn3bzYyCptRAewJAEXdoge,MARKC,filter_1,2026-04-11T21:57:35.843Z,739,3.825e-06,4096,65536,meteora,2rVNWK9fRajakX19wtrfJKGE3xNWeubnV5VpYxETUvPX
2026-04-12T10:17:01.023Z,NicGVyEGbJhn52gBtqWM18zKGzRSe9js98AZnRwY8eS,NEGRON,filter_2,2026-04-11T21:33:59.338Z,763,3.979e-07,131072,8388608,raydium,2rXfTt3Xh699TtAUruiz6Vs7vdTrsn55bEm2FKt9y8yE
2026-04-12T10:21:58.726Z,H3UfCEUfNyK5dSQcw2yYBU7pLw5qjE6PeHfmdPQxpump,Monobloc,filter_1,2026-04-12T09:38:36.718Z,43,3.14e-06,,65536,pumpfun,C8mK6iGgSueLyavm4jhqJBMMWsqcj25QfGgFs8j6t9Nu
2026-04-12T10:21:58.911Z,GjHiCdvt1Zeti6rdSJeCqdkNMQKcxCkShRss5rGLWwbF,GNWR,filter_2,2026-04-12T09:33:57.750Z,48,0.1239,262144,2097152,raydium,38Wyp9ogTNGUgLeKt6FV7dpWurAtTobbo6T7fgT51uG9
2026-04-12T10:21:59.073Z,39byoLyCVzpfRoiChZoN96dLCoHF8JEPH5h9Qodypump,YN,filter_1,2026-04-12T09:28:36.955Z,53,1.469e-05,8192,262144,pumpswap,DALWM8Ph5yjigv2AtHYQCMAuCHXkZMQo3P3gqaJuv695
2026-04-12T10:21:59.234Z,GiE8Bf4Y2YHvwKutQUFeR2yaAMPWbkngLvezTWwapump,🪑,filter_2,2026-04-12T08:48:02.735Z,94,0.0004295,65536,2097152,pumpswap,47yRWYckWUBUrbSN7AmhanMDhfydURQf5G3fjhotpjy5
2026-04-12T10:21:59.394Z,69iu9bE7VYtuen7oNubgHAaYqpyaM6ZvCwoudsoMpump,Audit,filter_1,2026-04-12T08:17:33.667Z,124,6.274e-06,8192,262144,pumpswap,Ap365bq7KpWPse9sRuHnMTwek2XSQ77setZ8hxujTrL6
2026-04-12T10:21:59.555Z,AiC9FhtXA1iNGW77MocxebVc9U5baQa4nkUFQhtbpump,Sisyphus,filter_4,2026-04-12T08:12:35.668Z,129,8.027e-06,8192,262144,pumpswap,9wFPVtrpbnuKYpLJLYZDhWSFb7R6dVbkmePUVP4zAjd
2026-04-12T10:21:59.739Z,BvHneYfnCYjfZE52iUhK4bqkcqJjYjMQUJb5FPhCpump,ALONSHOUSE,filter_2,2026-04-12T03:51:56.774Z,390,0.0006322,65536,1048576,pumpswap,6KuCNvUu9NsgTFyo1vQGfeFqsoKq7Jq19LhZeQwtMMVr
2026-04-12T10:21:59.924Z,7cFndW3LZJr5hdT138meuoqQRDR6HYqATxKj2CwPpump,AgentCRM,filter_1,2026-04-12T03:39:36.524Z,402,1.634e-05,8192,262144,pumpswap,9UmjwMC9BVfdCYNaa9xCJwWkJjufeVbQg8xcSqMsSSM5
2026-04-12T10:22:00.109Z,9AEtb967xTMosjp9XFhvHLhscPNYgDWc15jFAZR8pump,RƎ́V,filter_1,2026-04-12T02:44:33.253Z,457,0.000148,32768,16384,pumpswap,EMm9RL2tHvUvygLCu9WkUMBgnu29K2kePzUuWhiSjdMU
2026-04-12T10:22:00.303Z,Hy58kFcGQuZ9qqbiJL5Ka8FPPmqfU6w4zSqNAyzbpump,Zoomer,filter_5,2026-04-12T02:21:55.989Z,480,3.055e-05,16384,524288,pumpswap,EvDD7gjtfLETpF8m8boLppTCHosWoyoy43AKSttyRia9
2026-04-12T10:22:00.489Z,AdD5EMoGMDiGXcgepXQXneB4fEZuS1QvKqDrN876pump,CRAFT,filter_1,2026-04-12T02:18:34.482Z,483,2.097e-05,8192,131072,pumpswap,Fq6wzHyzh8YXvGS7EYBSNPLs7cr3WSLBw4WCpp5Bbk9n
2026-04-12T10:22:00.671Z,8yeUyEaxBkBgcG5i22zR6JiLmVPbA3p6FUBHjFLFpump,MOG,filter_1,2026-04-12T00:53:40.689Z,568,2.009e-06,4096,262144,pumpswap,8jL5pBxjqyhXzGwYDYZhvdifvuSiP7KWzU8ZCGgssRzk
2026-04-12T10:22:00.853Z,VXnX59zHN7j8FrA971nJij7q2RvPSPa3TioV236pump,COG,filter_1,2026-04-11T23:57:38.153Z,624,2.844e-06,4096,262144,pumpswap,DsEyaDvzkJHPnSwDU251c5pCP1V466nMpwh8KQzEeUuU
2026-04-12T10:22:01.047Z,3SNNxUYmrXUc1mQbtV2NGQTuGKVji4y3MWhyESTypump,CASSIE,filter_4,2026-04-11T23:18:36.635Z,663,2.734e-05,16384,131072,pumpswap,B6nQAKbBTm8xTFHBs4xGUqMJJu6JF5mBcmpEv8MPEQ1i
2026-04-12T10:22:01.230Z,6TRyMNFbS6y444mDECfaENQrVnvZP4XzMr2fa6f8pump,Trump,filter_6,2026-04-11T21:07:35.070Z,794,1.954e-06,4096,1048576,pumpswap,BJLaR38FZ2accuRrABzAWdiMeZ8mF3Ky5tL6q853bgBh
2026-04-12T10:22:01.394Z,EamB9vqC1b4aoyPR6t3hn6CWf48yny84xzCuFJMbpump,Peepa,filter_1,2026-04-11T20:47:42.794Z,814,5.921e-05,16384,1048576,pumpswap,BoB3Dvi5eLGFr86BexBPNY2ZXwMNjWhx3FVCep3X2Vj6
2026-04-12T10:22:01.577Z,AQGaTfXDcvinz6DuxfZEKKFp7hmiWDLis4FtK3chpump,Ivunka,filter_3,2026-04-11T20:41:43.544Z,820,2.977e-06,4096,524288,pumpswap,AHBtpXJ7csokwSXddEDxPFYHcA515g234kXTBMhAVRxe
2026-04-12T10:22:01.811Z,BfZ27pSjL3L8Abm8VuRs5MLjjP21Xv5tUL81Rkyepump,WID,filter_4,2026-04-11T20:41:42.289Z,820,1.372e-05,8192,16384,pumpswap,4zmdmfGwoNb2mfF9PJq2N7x38qpQMwBMphD3HMDx6dak
2026-04-12T10:22:02.004Z,EgiJdQ8dbQHWu1uKS6cQBPaF2sK3a7WFpkjHEgdDpump,Dodger,filter_3,2026-04-11T19:29:11.694Z,893,1.487e-05,8192,1048576,pumpswap,7yrRRCzf429YQ1xQgdZZMy5KQ5jtkkDC7gUZWyPerhXr
2026-04-12T10:22:02.189Z,7bfbBZXpMYbNjhZ6eQ8Ch8VFAbgcz4WsrY7JtQKcpump,BOATGUY,filter_1,2026-04-11T19:27:26.855Z,895,4.431e-06,4096,262144,pumpswap,6gALa6BfE8ce8pLYaEFsTkCtxozfbuBR5bMVK3nKeFD4
2026-04-12T10:22:02.374Z,4juv1Wq63My7Bc7rznMZTyuD4aQfRSZGW9uKqFXSpump,Asset,filter_1,2026-04-11T19:27:24.857Z,895,5.114e-06,8192,16384,pumpswap,6g8ZTMKCKvSsVX92g4SKoBESXgrDL2cR1WLg8i7GZPV9
2026-04-12T10:22:02.559Z,Aq6XmZSohMJeRGU9WswbyQo9paEcKrTEs3xdfDFtpump,Lia,filter_1,2026-04-11T19:25:27.104Z,897,1.719e-06,4096,524288,pumpswap,BsFk4E3Hm12Mg27XmBoDPuk27WAC78BPfN98AHHpDPcM
2026-04-12T10:22:02.743Z,AUZnnRTdybeMiHrxfueNyBgLHnu4H39kngUh84WMpump,MELANIA,filter_3,2026-04-11T19:24:02.559Z,898,0.0014,131072,1048576,pumpswap,DM9Xj9x8A8SEinJdoz4SJH2vdhBdPGSZmhL7DxBgwbBy
2026-04-12T10:22:02.927Z,56MEDV2H1M7DkaikaSg5vpibaSyWhgspCxgPwQJhpump,DNIGGA,filter_1,2026-04-11T19:22:24.852Z,900,2.035e-06,4096,65536,pumpswap,CAhVRREzXYHDvtu6iwACsei9vhv6mexsGm9hpkeVP1Kj
2026-04-12T10:22:03.112Z,A2Px3FMumMJ7W67VEp9ahFXueEyf9aHpei4TTJ5mpump,BABY,filter_3,2026-04-11T19:14:43.120Z,907,8.006e-06,8192,1048576,pumpswap,53UgNjZDC6mXsEDTowHLmKi2Y6jzjH2Ee3ybac7jEQRQ
2026-04-12T10:22:03.306Z,wutj1cNsMWyeu9ub61knDRCwU37aVvYuCBn8ZLPj7JL,ZHONEY,filter_1,2026-04-11T19:04:35.959Z,917,8.449e-06,8192,65536,pumpswap,CtYpMFyZqcJL7mPbDQU9o88g9QpkbzEFSC81J9FzFbF8
2026-04-12T10:22:03.495Z,4oFZFm3s8VKeCnwM2G5X5mZrsPivDyzCLvDYZmVipump,ClawFC,filter_1,2026-04-11T19:00:33.206Z,921,8.746e-06,8192,131072,pumpswap,BnbuPvQe2TNdhS7CSdsCGS1WY7FYu2kZti9adrqkqpZh
2026-04-12T10:22:03.685Z,5rniCpoweGXgsLZZDohw3fZA5yuXgt87df6GHAxWpump,MOTHER,filter_1,2026-04-11T18:17:31.505Z,964,4.837e-06,4096,32768,pumpswap,7dzsEYbuQoK1LLAiae7riygcwphP7BTbK6r7Vv94p28M
2026-04-12T10:22:03.868Z,3i8RByhvAaSWh2VSoVieAPzzmc4DpZC9WHVSsDzBpump,FOOLHOUSE,filter_2,2026-04-11T13:59:09.655Z,1223,1.69e-06,4096,524288,pumpswap,G8AJyLtb85QyMbaXZe4k5DdTfLPTD8dEX9xDn2fKqQZD
2026-04-12T10:22:04.061Z,AutFvM5QZqtvjK2SrR8iLwvDEQ7ePnL14Rv7GPFvpump,TripleC,filter_2,2026-04-11T13:57:07.657Z,1225,4.396e-06,4096,524288,pumpswap,Cvk9vLXa9wiqWTxb7q5EP3jdPow5ZBrdn1MLRmergW3v
2026-04-12T10:22:04.256Z,Dj2JhqEaKgPDo9se3A1dtSBVV1FFCxAfFa9SBBWmpump,GoldDancer,filter_2,2026-04-11T13:01:12.368Z,1281,3.077e-05,16384,524288,pumpswap,9hovxHG2vADjGPe7S6agGTx5o72kgojobbpC5UVzLdt5
2026-04-12T10:22:04.418Z,ACtfUWtgvaXrQGNMiohTusi5jcx5RJf5zwu9aAxkpump,unc,filter_2,2026-04-11T11:21:14.804Z,1381,0.0004893,65536,2097152,pumpswap,BWFZkx1pMpvwxammwTrizvoWzZZGiFEYUYW6Ee51SHLy
2026-04-12T10:22:04.579Z,51bywes8qqftjWhEZJZ3GvCM2ogximFejkKqa9kMpump,Marina,filter_2,2026-04-11T10:45:10.038Z,1417,4.831e-05,16384,262144,pumpswap,ChmxH4uiGja7C2ht4KurCwXP8LLgtUgibFL1RwLNqeSG
2026-04-12T10:26:58.746Z,DdpmZkfeANzQuZzt3Ycuc84awmzWkadpNnaukZaLpump,GEM,filter_1,2026-04-12T10:15:34.986Z,11,1.105e-05,8192,65536,pumpswap,C8ZtfQxMsUPmnPTtVn7qFqTx6pQcJ1advjtVQSg6Nksv
2026-04-12T10:26:58.908Z,34q2KmCvapecJgR6ZrtbCTrzZVtkt3a5mHEA3TuEsWYb,LOL,filter_4,2026-04-12T09:13:33.461Z,73,0.007393,524288,1048576,pumpswap,Dx5wFoszXvND6XYYAjAjUQrGLqDAUrTVH2JmHz6eJDNt
2026-04-12T10:26:59.068Z,EmtpJyHqWqH2xGvdag4DyLFNfnjDM6qTAv9QN17npump,tremp,filter_1,2026-04-12T06:53:33.876Z,213,1.999e-06,4096,262144,pumpswap,3a9vYs5m15vkxtMDLHRNagay3WuJ6FKSNJapdU3qh4rh
2026-04-12T10:26:59.227Z,4CkWXDBNqfqBT5xCon4hrGU3mwqhQ3GSwdQQ1SDnpump,STC,filter_2,2026-04-12T06:33:34.615Z,233,3.332e-05,16384,524288,pumpswap,BfcxnfNQF3cbZmdKbTNvL1fLD4dEjGhXCG9r6JS6EqB4
2026-04-12T10:26:59.409Z,ApvxrH4oet42G4mgHZTtYZ9h2yMwhNZqs7Tqu1Ebpump,NIKUTA,filter_1,2026-04-12T03:23:38.029Z,423,3.892e-06,4096,131072,pumpswap,BLzb2UKri4YMnAeqc8VgWioAz8zN62LrcDsaJB3VcK22
2026-04-12T10:26:59.569Z,D6HZ5Se3X2wEWWYsHp8Ma3wh3yWwFSSdCAFjGC4spump,Cat,filter_4,2026-04-12T03:06:34.258Z,440,2.17e-05,16384,131072,pumpswap,5g91GWPaRMg4DdCUyds858fyAzhaiTVbi563jVKhqLuT
2026-04-12T10:26:59.728Z,7Y445U5CAiLL4icyyPDonXy7zvGGML2TGjyMmwpDpump,WLFI,filter_1,2026-04-12T02:03:35.233Z,503,5.283e-05,16384,262144,pumpswap,EjzyuTwozXjagMTqqN6hjNpEyW3Q7rX3avE2otRRS8hv
2026-04-12T10:26:59.911Z,BRKFJs1jxrYBKR5sxBiuxTTbyipNBmT6GWenb3c9pump,TRUMP47,filter_5,2026-04-12T00:39:59.430Z,587,1.596e-06,4096,524288,pumpswap,EgcA2ShdHZK4Sg7N6H7yGzTjxpTpunRrbzw231wLWeDh
2026-04-12T10:27:00.106Z,5xjSweEeRNTNHXpEiyp1XBUB2D3MMYCuU8khzgiZpump,FUDGE,filter_2,2026-04-12T00:02:34.174Z,624,3.115e-05,16384,65536,pumpswap,GXBAKvHDgXXwxWWGWmrepfpXstnghwVGEqBmAq2EQgQZ
2026-04-12T10:27:00.299Z,AQiYy4igZ6jeUS5nbTymwLaQfnEg5BAjjZsP1EZkEjBU,Dolores,filter_1,2026-04-11T23:52:34.399Z,634,3.622e-06,4096,65536,pumpswap,9MiNdc2ywiYUm2nr2KTGo8UCmjk3TdKLCZ2B4aAtZ9hq
2026-04-12T10:27:00.483Z,yLT7rHdaNkfnqfg5pxXxCTrx1Rsnagod16DnpKBpump,Nilly,filter_1,2026-04-11T23:45:34.391Z,641,2.883e-06,4096,131072,pumpswap,8vjkK4SAhZ6zkX7gox9DQEmpX7MbiKsp2gRjD4dAS21V
2026-04-12T10:27:00.644Z,9oVRwbx3Ray9bK7CKhqwfqY5NaWYjG3xj1DNYg2mpump,brainlet,filter_2,2026-04-11T22:44:55.606Z,702,1.936e-06,4096,524288,pumpswap,2PW331e9D7pmdELA1m1Uyq6pnEuj5BWB8m7dcBGgJ5xo
2026-04-12T10:27:00.804Z,9XhhPHKnvSd9R8Ygr8kHR6n8YNYd7SMzRHHPFeb2pump,doomer,filter_1,2026-04-11T22:10:33.845Z,736,1.693e-06,4096,262144,pumpswap,DqTPbpJo2UfNFy2v4dHjMoFg9S2wid1RZuF8qfwcJrHx
2026-04-12T10:27:00.997Z,2wwDzQLc3pwgcHrkCadio4Hn3bzYyCptRAewJAEXdoge,MARKC,filter_1,2026-04-11T21:57:35.843Z,749,3.803e-06,4096,65536,meteora,2rVNWK9fRajakX19wtrfJKGE3xNWeubnV5VpYxETUvPX
2026-04-12T10:27:01.190Z,NicGVyEGbJhn52gBtqWM18zKGzRSe9js98AZnRwY8eS,NEGRON,filter_2,2026-04-11T21:33:59.338Z,773,3.973e-07,131072,8388608,raydium,2rXfTt3Xh699TtAUruiz6Vs7vdTrsn55bEm2FKt9y8yE
2026-04-12T10:31:58.691Z,H3UfCEUfNyK5dSQcw2yYBU7pLw5qjE6PeHfmdPQxpump,Monobloc,filter_1,2026-04-12T09:38:36.718Z,53,3.109e-06,,65536,pumpfun,C8mK6iGgSueLyavm4jhqJBMMWsqcj25QfGgFs8j6t9Nu
2026-04-12T10:31:58.873Z,GjHiCdvt1Zeti6rdSJeCqdkNMQKcxCkShRss5rGLWwbF,GNWR,filter_2,2026-04-12T09:33:57.750Z,58,0.1268,262144,2097152,raydium,38Wyp9ogTNGUgLeKt6FV7dpWurAtTobbo6T7fgT51uG9
2026-04-12T10:31:59.031Z,39byoLyCVzpfRoiChZoN96dLCoHF8JEPH5h9Qodypump,YN,filter_1,2026-04-12T09:28:36.955Z,63,1.136e-05,8192,262144,pumpswap,DALWM8Ph5yjigv2AtHYQCMAuCHXkZMQo3P3gqaJuv695
2026-04-12T10:31:59.190Z,GiE8Bf4Y2YHvwKutQUFeR2yaAMPWbkngLvezTWwapump,🪑,filter_2,2026-04-12T08:48:02.735Z,104,0.0004511,65536,2097152,pumpswap,47yRWYckWUBUrbSN7AmhanMDhfydURQf5G3fjhotpjy5
2026-04-12T10:31:59.348Z,69iu9bE7VYtuen7oNubgHAaYqpyaM6ZvCwoudsoMpump,Audit,filter_1,2026-04-12T08:17:33.667Z,134,6.179e-06,8192,262144,pumpswap,Ap365bq7KpWPse9sRuHnMTwek2XSQ77setZ8hxujTrL6
2026-04-12T10:31:59.506Z,AiC9FhtXA1iNGW77MocxebVc9U5baQa4nkUFQhtbpump,Sisyphus,filter_4,2026-04-12T08:12:35.668Z,139,7.16e-06,8192,262144,pumpswap,9wFPVtrpbnuKYpLJLYZDhWSFb7R6dVbkmePUVP4zAjd
2026-04-12T10:31:59.665Z,BvHneYfnCYjfZE52iUhK4bqkcqJjYjMQUJb5FPhCpump,ALONSHOUSE,filter_2,2026-04-12T03:51:56.774Z,400,0.0006155,65536,2097152,pumpswap,6KuCNvUu9NsgTFyo1vQGfeFqsoKq7Jq19LhZeQwtMMVr
2026-04-12T10:31:59.856Z,7cFndW3LZJr5hdT138meuoqQRDR6HYqATxKj2CwPpump,AgentCRM,filter_1,2026-04-12T03:39:36.524Z,412,1.727e-05,8192,262144,pumpswap,9UmjwMC9BVfdCYNaa9xCJwWkJjufeVbQg8xcSqMsSSM5
2026-04-12T10:32:00.040Z,9AEtb967xTMosjp9XFhvHLhscPNYgDWc15jFAZR8pump,RƎ́V,filter_1,2026-04-12T02:44:33.253Z,467,0.000148,32768,16384,pumpswap,EMm9RL2tHvUvygLCu9WkUMBgnu29K2kePzUuWhiSjdMU
2026-04-12T10:32:00.203Z,Hy58kFcGQuZ9qqbiJL5Ka8FPPmqfU6w4zSqNAyzbpump,Zoomer,filter_5,2026-04-12T02:21:55.989Z,490,3.028e-05,16384,524288,pumpswap,EvDD7gjtfLETpF8m8boLppTCHosWoyoy43AKSttyRia9
2026-04-12T10:32:00.385Z,AdD5EMoGMDiGXcgepXQXneB4fEZuS1QvKqDrN876pump,CRAFT,filter_1,2026-04-12T02:18:34.482Z,493,2.098e-05,8192,131072,pumpswap,Fq6wzHyzh8YXvGS7EYBSNPLs7cr3WSLBw4WCpp5Bbk9n
2026-04-12T10:32:00.545Z,8yeUyEaxBkBgcG5i22zR6JiLmVPbA3p6FUBHjFLFpump,MOG,filter_1,2026-04-12T00:53:40.689Z,578,2.009e-06,4096,262144,pumpswap,8jL5pBxjqyhXzGwYDYZhvdifvuSiP7KWzU8ZCGgssRzk
2026-04-12T10:32:00.730Z,VXnX59zHN7j8FrA971nJij7q2RvPSPa3TioV236pump,COG,filter_1,2026-04-11T23:57:38.153Z,634,2.844e-06,4096,262144,pumpswap,DsEyaDvzkJHPnSwDU251c5pCP1V466nMpwh8KQzEeUuU
2026-04-12T10:32:00.913Z,3SNNxUYmrXUc1mQbtV2NGQTuGKVji4y3MWhyESTypump,CASSIE,filter_4,2026-04-11T23:18:36.635Z,673,2.737e-05,16384,131072,pumpswap,B6nQAKbBTm8xTFHBs4xGUqMJJu6JF5mBcmpEv8MPEQ1i
2026-04-12T10:32:01.073Z,6TRyMNFbS6y444mDECfaENQrVnvZP4XzMr2fa6f8pump,Trump,filter_6,2026-04-11T21:07:35.070Z,804,1.954e-06,4096,1048576,pumpswap,BJLaR38FZ2accuRrABzAWdiMeZ8mF3Ky5tL6q853bgBh
2026-04-12T10:32:01.259Z,EamB9vqC1b4aoyPR6t3hn6CWf48yny84xzCuFJMbpump,Peepa,filter_1,2026-04-11T20:47:42.794Z,824,6.285e-05,16384,1048576,pumpswap,BoB3Dvi5eLGFr86BexBPNY2ZXwMNjWhx3FVCep3X2Vj6
2026-04-12T10:32:01.441Z,AQGaTfXDcvinz6DuxfZEKKFp7hmiWDLis4FtK3chpump,Ivunka,filter_3,2026-04-11T20:41:43.544Z,830,2.719e-06,4096,524288,pumpswap,AHBtpXJ7csokwSXddEDxPFYHcA515g234kXTBMhAVRxe
2026-04-12T10:32:01.646Z,BfZ27pSjL3L8Abm8VuRs5MLjjP21Xv5tUL81Rkyepump,WID,filter_4,2026-04-11T20:41:42.289Z,830,1.383e-05,8192,16384,pumpswap,4zmdmfGwoNb2mfF9PJq2N7x38qpQMwBMphD3HMDx6dak
2026-04-12T10:32:01.806Z,EgiJdQ8dbQHWu1uKS6cQBPaF2sK3a7WFpkjHEgdDpump,Dodger,filter_3,2026-04-11T19:29:11.694Z,903,1.57e-05,8192,1048576,pumpswap,7yrRRCzf429YQ1xQgdZZMy5KQ5jtkkDC7gUZWyPerhXr
2026-04-12T10:32:01.965Z,7bfbBZXpMYbNjhZ6eQ8Ch8VFAbgcz4WsrY7JtQKcpump,BOATGUY,filter_1,2026-04-11T19:27:26.855Z,905,4.503e-06,4096,262144,pumpswap,6gALa6BfE8ce8pLYaEFsTkCtxozfbuBR5bMVK3nKeFD4
2026-04-12T10:32:02.146Z,4juv1Wq63My7Bc7rznMZTyuD4aQfRSZGW9uKqFXSpump,Asset,filter_1,2026-04-11T19:27:24.857Z,905,5.114e-06,8192,16384,pumpswap,6g8ZTMKCKvSsVX92g4SKoBESXgrDL2cR1WLg8i7GZPV9
2026-04-12T10:32:02.304Z,Aq6XmZSohMJeRGU9WswbyQo9paEcKrTEs3xdfDFtpump,Lia,filter_1,2026-04-11T19:25:27.104Z,907,1.719e-06,4096,524288,pumpswap,BsFk4E3Hm12Mg27XmBoDPuk27WAC78BPfN98AHHpDPcM
2026-04-12T10:32:02.485Z,AUZnnRTdybeMiHrxfueNyBgLHnu4H39kngUh84WMpump,MELANIA,filter_3,2026-04-11T19:24:02.559Z,908,0.001468,131072,1048576,pumpswap,DM9Xj9x8A8SEinJdoz4SJH2vdhBdPGSZmhL7DxBgwbBy
2026-04-12T10:32:02.669Z,56MEDV2H1M7DkaikaSg5vpibaSyWhgspCxgPwQJhpump,DNIGGA,filter_1,2026-04-11T19:22:24.852Z,910,2.035e-06,4096,65536,pumpswap,CAhVRREzXYHDvtu6iwACsei9vhv6mexsGm9hpkeVP1Kj
2026-04-12T10:32:02.827Z,A2Px3FMumMJ7W67VEp9ahFXueEyf9aHpei4TTJ5mpump,BABY,filter_3,2026-04-11T19:14:43.120Z,917,8.885e-06,8192,1048576,pumpswap,53UgNjZDC6mXsEDTowHLmKi2Y6jzjH2Ee3ybac7jEQRQ
2026-04-12T10:32:03.018Z,wutj1cNsMWyeu9ub61knDRCwU37aVvYuCBn8ZLPj7JL,ZHONEY,filter_1,2026-04-11T19:04:35.959Z,927,7.864e-06,8192,65536,pumpswap,CtYpMFyZqcJL7mPbDQU9o88g9QpkbzEFSC81J9FzFbF8
2026-04-12T10:32:03.203Z,4oFZFm3s8VKeCnwM2G5X5mZrsPivDyzCLvDYZmVipump,ClawFC,filter_1,2026-04-11T19:00:33.206Z,931,8.747e-06,8192,131072,pumpswap,BnbuPvQe2TNdhS7CSdsCGS1WY7FYu2kZti9adrqkqpZh
2026-04-12T10:32:03.381Z,5rniCpoweGXgsLZZDohw3fZA5yuXgt87df6GHAxWpump,MOTHER,filter_1,2026-04-11T18:17:31.505Z,974,4.837e-06,4096,32768,pumpswap,7dzsEYbuQoK1LLAiae7riygcwphP7BTbK6r7Vv94p28M
2026-04-12T10:32:03.571Z,3i8RByhvAaSWh2VSoVieAPzzmc4DpZC9WHVSsDzBpump,FOOLHOUSE,filter_2,2026-04-11T13:59:09.655Z,1233,1.69e-06,4096,524288,pumpswap,G8AJyLtb85QyMbaXZe4k5DdTfLPTD8dEX9xDn2fKqQZD
2026-04-12T10:32:03.731Z,AutFvM5QZqtvjK2SrR8iLwvDEQ7ePnL14Rv7GPFvpump,TripleC,filter_2,2026-04-11T13:57:07.657Z,1235,4.522e-06,4096,524288,pumpswap,Cvk9vLXa9wiqWTxb7q5EP3jdPow5ZBrdn1MLRmergW3v
2026-04-12T10:32:03.923Z,Dj2JhqEaKgPDo9se3A1dtSBVV1FFCxAfFa9SBBWmpump,GoldDancer,filter_2,2026-04-11T13:01:12.368Z,1291,3.116e-05,16384,524288,pumpswap,9hovxHG2vADjGPe7S6agGTx5o72kgojobbpC5UVzLdt5
2026-04-12T10:32:04.083Z,ACtfUWtgvaXrQGNMiohTusi5jcx5RJf5zwu9aAxkpump,unc,filter_2,2026-04-11T11:21:14.804Z,1391,0.00049,65536,2097152,pumpswap,BWFZkx1pMpvwxammwTrizvoWzZZGiFEYUYW6Ee51SHLy
2026-04-12T10:32:04.242Z,51bywes8qqftjWhEZJZ3GvCM2ogximFejkKqa9kMpump,Marina,filter_2,2026-04-11T10:45:10.038Z,1427,4.987e-05,16384,262144,pumpswap,ChmxH4uiGja7C2ht4KurCwXP8LLgtUgibFL1RwLNqeSG
2026-04-12T10:36:58.690Z,2Eem6sxzq5rvdfxHDDwmJBgAXHinUEkiWnEkAKo9pump,ASHLEE,filter_2,2026-04-12T10:32:34.031Z,4,4.176e-05,16384,262144,pumpswap,96xtTNypm2x2bBCPUP9D8ETja6wjJ4e5bA4q3FvMRLYk
2026-04-12T10:36:58.850Z,DdpmZkfeANzQuZzt3Ycuc84awmzWkadpNnaukZaLpump,GEM,filter_1,2026-04-12T10:31:34.497Z,5,9.979e-06,8192,65536,pumpswap,C8ZtfQxMsUPmnPTtVn7qFqTx6pQcJ1advjtVQSg6Nksv
2026-04-12T10:36:59.011Z,34q2KmCvapecJgR6ZrtbCTrzZVtkt3a5mHEA3TuEsWYb,LOL,filter_4,2026-04-12T09:13:33.461Z,83,0.006973,262144,1048576,pumpswap,Dx5wFoszXvND6XYYAjAjUQrGLqDAUrTVH2JmHz6eJDNt
2026-04-12T10:36:59.170Z,EmtpJyHqWqH2xGvdag4DyLFNfnjDM6qTAv9QN17npump,tremp,filter_1,2026-04-12T06:53:33.876Z,223,1.999e-06,4096,262144,pumpswap,3a9vYs5m15vkxtMDLHRNagay3WuJ6FKSNJapdU3qh4rh
2026-04-12T10:36:59.330Z,4CkWXDBNqfqBT5xCon4hrGU3mwqhQ3GSwdQQ1SDnpump,STC,filter_2,2026-04-12T06:33:34.615Z,243,3.142e-05,16384,524288,pumpswap,BfcxnfNQF3cbZmdKbTNvL1fLD4dEjGhXCG9r6JS6EqB4
2026-04-12T10:36:59.491Z,ApvxrH4oet42G4mgHZTtYZ9h2yMwhNZqs7Tqu1Ebpump,NIKUTA,filter_1,2026-04-12T03:23:38.029Z,433,3.832e-06,4096,131072,pumpswap,BLzb2UKri4YMnAeqc8VgWioAz8zN62LrcDsaJB3VcK22
2026-04-12T10:36:59.651Z,D6HZ5Se3X2wEWWYsHp8Ma3wh3yWwFSSdCAFjGC4spump,Cat,filter_4,2026-04-12T03:06:34.258Z,450,2.296e-05,16384,131072,pumpswap,5g91GWPaRMg4DdCUyds858fyAzhaiTVbi563jVKhqLuT
2026-04-12T10:36:59.812Z,7Y445U5CAiLL4icyyPDonXy7zvGGML2TGjyMmwpDpump,WLFI,filter_1,2026-04-12T02:03:35.233Z,513,5.239e-05,16384,262144,pumpswap,EjzyuTwozXjagMTqqN6hjNpEyW3Q7rX3avE2otRRS8hv
2026-04-12T10:36:59.974Z,BRKFJs1jxrYBKR5sxBiuxTTbyipNBmT6GWenb3c9pump,TRUMP47,filter_5,2026-04-12T00:39:59.430Z,597,1.596e-06,4096,524288,pumpswap,EgcA2ShdHZK4Sg7N6H7yGzTjxpTpunRrbzw231wLWeDh
2026-04-12T10:37:00.134Z,5xjSweEeRNTNHXpEiyp1XBUB2D3MMYCuU8khzgiZpump,FUDGE,filter_2,2026-04-12T00:02:34.174Z,634,3.118e-05,16384,65536,pumpswap,GXBAKvHDgXXwxWWGWmrepfpXstnghwVGEqBmAq2EQgQZ
2026-04-12T10:37:00.328Z,AQiYy4igZ6jeUS5nbTymwLaQfnEg5BAjjZsP1EZkEjBU,Dolores,filter_1,2026-04-11T23:52:34.399Z,644,3.619e-06,4096,65536,pumpswap,9MiNdc2ywiYUm2nr2KTGo8UCmjk3TdKLCZ2B4aAtZ9hq
2026-04-12T10:37:00.543Z,yLT7rHdaNkfnqfg5pxXxCTrx1Rsnagod16DnpKBpump,Nilly,filter_1,2026-04-11T23:45:34.391Z,651,2.883e-06,4096,131072,pumpswap,8vjkK4SAhZ6zkX7gox9DQEmpX7MbiKsp2gRjD4dAS21V
2026-04-12T10:37:00.704Z,9oVRwbx3Ray9bK7CKhqwfqY5NaWYjG3xj1DNYg2mpump,brainlet,filter_2,2026-04-11T22:44:55.606Z,712,1.936e-06,4096,524288,pumpswap,2PW331e9D7pmdELA1m1Uyq6pnEuj5BWB8m7dcBGgJ5xo
2026-04-12T10:37:00.865Z,9XhhPHKnvSd9R8Ygr8kHR6n8YNYd7SMzRHHPFeb2pump,doomer,filter_1,2026-04-11T22:10:33.845Z,746,1.693e-06,4096,262144,pumpswap,DqTPbpJo2UfNFy2v4dHjMoFg9S2wid1RZuF8qfwcJrHx
2026-04-12T10:37:01.051Z,2wwDzQLc3pwgcHrkCadio4Hn3bzYyCptRAewJAEXdoge,MARKC,filter_1,2026-04-11T21:57:35.843Z,759,3.787e-06,4096,65536,meteora,2rVNWK9fRajakX19wtrfJKGE3xNWeubnV5VpYxETUvPX
2026-04-12T10:37:01.212Z,NicGVyEGbJhn52gBtqWM18zKGzRSe9js98AZnRwY8eS,NEGRON,filter_2,2026-04-11T21:33:59.338Z,783,3.997e-07,131072,8388608,raydium,2rXfTt3Xh699TtAUruiz6Vs7vdTrsn55bEm2FKt9y8yE
2026-04-12T10:41:58.765Z,H3UfCEUfNyK5dSQcw2yYBU7pLw5qjE6PeHfmdPQxpump,Monobloc,filter_1,2026-04-12T09:38:36.718Z,63,3.108e-06,,65536,pumpfun,C8mK6iGgSueLyavm4jhqJBMMWsqcj25QfGgFs8j6t9Nu
2026-04-12T10:41:58.925Z,GjHiCdvt1Zeti6rdSJeCqdkNMQKcxCkShRss5rGLWwbF,GNWR,filter_2,2026-04-12T09:33:57.750Z,68,0.1295,262144,2097152,raydium,38Wyp9ogTNGUgLeKt6FV7dpWurAtTobbo6T7fgT51uG9
2026-04-12T10:41:59.085Z,39byoLyCVzpfRoiChZoN96dLCoHF8JEPH5h9Qodypump,YN,filter_1,2026-04-12T09:28:36.955Z,73,1.059e-05,8192,262144,pumpswap,DALWM8Ph5yjigv2AtHYQCMAuCHXkZMQo3P3gqaJuv695
2026-04-12T10:41:59.245Z,GiE8Bf4Y2YHvwKutQUFeR2yaAMPWbkngLvezTWwapump,🪑,filter_2,2026-04-12T08:48:02.735Z,114,0.0004538,65536,2097152,pumpswap,47yRWYckWUBUrbSN7AmhanMDhfydURQf5G3fjhotpjy5
2026-04-12T10:41:59.405Z,69iu9bE7VYtuen7oNubgHAaYqpyaM6ZvCwoudsoMpump,Audit,filter_1,2026-04-12T08:17:33.667Z,144,6.718e-06,8192,262144,pumpswap,Ap365bq7KpWPse9sRuHnMTwek2XSQ77setZ8hxujTrL6
2026-04-12T10:41:59.566Z,AiC9FhtXA1iNGW77MocxebVc9U5baQa4nkUFQhtbpump,Sisyphus,filter_4,2026-04-12T08:12:35.668Z,149,6.472e-06,8192,262144,pumpswap,9wFPVtrpbnuKYpLJLYZDhWSFb7R6dVbkmePUVP4zAjd
2026-04-12T10:41:59.725Z,BvHneYfnCYjfZE52iUhK4bqkcqJjYjMQUJb5FPhCpump,ALONSHOUSE,filter_2,2026-04-12T03:51:56.774Z,410,0.0005026,65536,2097152,pumpswap,6KuCNvUu9NsgTFyo1vQGfeFqsoKq7Jq19LhZeQwtMMVr
2026-04-12T10:41:59.908Z,7cFndW3LZJr5hdT138meuoqQRDR6HYqATxKj2CwPpump,AgentCRM,filter_1,2026-04-12T03:39:36.524Z,422,1.912e-05,8192,262144,pumpswap,9UmjwMC9BVfdCYNaa9xCJwWkJjufeVbQg8xcSqMsSSM5
2026-04-12T10:42:00.069Z,9AEtb967xTMosjp9XFhvHLhscPNYgDWc15jFAZR8pump,RƎ́V,filter_1,2026-04-12T02:44:33.253Z,477,0.000148,32768,16384,pumpswap,EMm9RL2tHvUvygLCu9WkUMBgnu29K2kePzUuWhiSjdMU
2026-04-12T10:42:00.253Z,Hy58kFcGQuZ9qqbiJL5Ka8FPPmqfU6w4zSqNAyzbpump,Zoomer,filter_5,2026-04-12T02:21:55.989Z,500,2.729e-05,16384,524288,pumpswap,EvDD7gjtfLETpF8m8boLppTCHosWoyoy43AKSttyRia9
2026-04-12T10:42:00.414Z,AdD5EMoGMDiGXcgepXQXneB4fEZuS1QvKqDrN876pump,CRAFT,filter_1,2026-04-12T02:18:34.482Z,503,2.121e-05,8192,131072,pumpswap,Fq6wzHyzh8YXvGS7EYBSNPLs7cr3WSLBw4WCpp5Bbk9n
2026-04-12T10:42:00.597Z,8yeUyEaxBkBgcG5i22zR6JiLmVPbA3p6FUBHjFLFpump,MOG,filter_1,2026-04-12T00:53:40.689Z,588,2.009e-06,4096,262144,pumpswap,8jL5pBxjqyhXzGwYDYZhvdifvuSiP7KWzU8ZCGgssRzk
2026-04-12T10:42:00.779Z,VXnX59zHN7j8FrA971nJij7q2RvPSPa3TioV236pump,COG,filter_1,2026-04-11T23:57:38.153Z,644,2.844e-06,4096,262144,pumpswap,DsEyaDvzkJHPnSwDU251c5pCP1V466nMpwh8KQzEeUuU
2026-04-12T10:42:00.962Z,3SNNxUYmrXUc1mQbtV2NGQTuGKVji4y3MWhyESTypump,CASSIE,filter_4,2026-04-11T23:18:36.635Z,683,2.735e-05,16384,131072,pumpswap,B6nQAKbBTm8xTFHBs4xGUqMJJu6JF5mBcmpEv8MPEQ1i
2026-04-12T10:42:01.122Z,6TRyMNFbS6y444mDECfaENQrVnvZP4XzMr2fa6f8pump,Trump,filter_6,2026-04-11T21:07:35.070Z,814,1.954e-06,4096,1048576,pumpswap,BJLaR38FZ2accuRrABzAWdiMeZ8mF3Ky5tL6q853bgBh
2026-04-12T10:42:01.284Z,EamB9vqC1b4aoyPR6t3hn6CWf48yny84xzCuFJMbpump,Peepa,filter_1,2026-04-11T20:47:42.794Z,834,5.46e-05,16384,1048576,pumpswap,BoB3Dvi5eLGFr86BexBPNY2ZXwMNjWhx3FVCep3X2Vj6
2026-04-12T10:42:01.465Z,AQGaTfXDcvinz6DuxfZEKKFp7hmiWDLis4FtK3chpump,Ivunka,filter_3,2026-04-11T20:41:43.544Z,840,2.719e-06,4096,524288,pumpswap,AHBtpXJ7csokwSXddEDxPFYHcA515g234kXTBMhAVRxe
2026-04-12T10:42:01.685Z,BfZ27pSjL3L8Abm8VuRs5MLjjP21Xv5tUL81Rkyepump,WID,filter_4,2026-04-11T20:41:42.289Z,840,1.383e-05,8192,16384,pumpswap,4zmdmfGwoNb2mfF9PJq2N7x38qpQMwBMphD3HMDx6dak
2026-04-12T10:42:01.876Z,EgiJdQ8dbQHWu1uKS6cQBPaF2sK3a7WFpkjHEgdDpump,Dodger,filter_3,2026-04-11T19:29:11.694Z,913,1.6e-05,8192,1048576,pumpswap,7yrRRCzf429YQ1xQgdZZMy5KQ5jtkkDC7gUZWyPerhXr
2026-04-12T10:42:02.061Z,7bfbBZXpMYbNjhZ6eQ8Ch8VFAbgcz4WsrY7JtQKcpump,BOATGUY,filter_1,2026-04-11T19:27:26.855Z,915,4.431e-06,4096,262144,pumpswap,6gALa6BfE8ce8pLYaEFsTkCtxozfbuBR5bMVK3nKeFD4
2026-04-12T10:42:02.245Z,4juv1Wq63My7Bc7rznMZTyuD4aQfRSZGW9uKqFXSpump,Asset,filter_1,2026-04-11T19:27:24.857Z,915,5.072e-06,8192,16384,pumpswap,6g8ZTMKCKvSsVX92g4SKoBESXgrDL2cR1WLg8i7GZPV9
2026-04-12T10:42:02.426Z,Aq6XmZSohMJeRGU9WswbyQo9paEcKrTEs3xdfDFtpump,Lia,filter_1,2026-04-11T19:25:27.104Z,917,1.719e-06,4096,524288,pumpswap,BsFk4E3Hm12Mg27XmBoDPuk27WAC78BPfN98AHHpDPcM
2026-04-12T10:42:02.608Z,AUZnnRTdybeMiHrxfueNyBgLHnu4H39kngUh84WMpump,MELANIA,filter_3,2026-04-11T19:24:02.559Z,918,0.001507,131072,1048576,pumpswap,DM9Xj9x8A8SEinJdoz4SJH2vdhBdPGSZmhL7DxBgwbBy
2026-04-12T10:42:02.859Z,56MEDV2H1M7DkaikaSg5vpibaSyWhgspCxgPwQJhpump,DNIGGA,filter_1,2026-04-11T19:22:24.852Z,920,2.035e-06,4096,65536,pumpswap,CAhVRREzXYHDvtu6iwACsei9vhv6mexsGm9hpkeVP1Kj
2026-04-12T10:42:03.042Z,A2Px3FMumMJ7W67VEp9ahFXueEyf9aHpei4TTJ5mpump,BABY,filter_3,2026-04-11T19:14:43.120Z,927,9.501e-06,8192,1048576,pumpswap,53UgNjZDC6mXsEDTowHLmKi2Y6jzjH2Ee3ybac7jEQRQ
2026-04-12T10:42:03.235Z,wutj1cNsMWyeu9ub61knDRCwU37aVvYuCBn8ZLPj7JL,ZHONEY,filter_1,2026-04-11T19:04:35.959Z,937,7.313e-06,8192,65536,pumpswap,CtYpMFyZqcJL7mPbDQU9o88g9QpkbzEFSC81J9FzFbF8
2026-04-12T10:42:03.441Z,4oFZFm3s8VKeCnwM2G5X5mZrsPivDyzCLvDYZmVipump,ClawFC,filter_1,2026-04-11T19:00:33.206Z,941,8.883e-06,8192,131072,pumpswap,BnbuPvQe2TNdhS7CSdsCGS1WY7FYu2kZti9adrqkqpZh
2026-04-12T10:42:03.622Z,5rniCpoweGXgsLZZDohw3fZA5yuXgt87df6GHAxWpump,MOTHER,filter_1,2026-04-11T18:17:31.505Z,984,4.837e-06,4096,32768,pumpswap,7dzsEYbuQoK1LLAiae7riygcwphP7BTbK6r7Vv94p28M
2026-04-12T10:42:03.803Z,3i8RByhvAaSWh2VSoVieAPzzmc4DpZC9WHVSsDzBpump,FOOLHOUSE,filter_2,2026-04-11T13:59:09.655Z,1243,1.689e-06,4096,524288,pumpswap,G8AJyLtb85QyMbaXZe4k5DdTfLPTD8dEX9xDn2fKqQZD
2026-04-12T10:42:03.991Z,AutFvM5QZqtvjK2SrR8iLwvDEQ7ePnL14Rv7GPFvpump,TripleC,filter_2,2026-04-11T13:57:07.657Z,1245,4.695e-06,4096,524288,pumpswap,Cvk9vLXa9wiqWTxb7q5EP3jdPow5ZBrdn1MLRmergW3v
2026-04-12T10:42:04.175Z,Dj2JhqEaKgPDo9se3A1dtSBVV1FFCxAfFa9SBBWmpump,GoldDancer,filter_2,2026-04-11T13:01:12.368Z,1301,2.441e-05,16384,524288,pumpswap,9hovxHG2vADjGPe7S6agGTx5o72kgojobbpC5UVzLdt5
2026-04-12T10:42:04.335Z,ACtfUWtgvaXrQGNMiohTusi5jcx5RJf5zwu9aAxkpump,unc,filter_2,2026-04-11T11:21:14.804Z,1401,0.0005019,65536,2097152,pumpswap,BWFZkx1pMpvwxammwTrizvoWzZZGiFEYUYW6Ee51SHLy
2026-04-12T10:42:04.494Z,51bywes8qqftjWhEZJZ3GvCM2ogximFejkKqa9kMpump,Marina,filter_2,2026-04-11T10:45:10.038Z,1437,4.855e-05,16384,262144,pumpswap,ChmxH4uiGja7C2ht4KurCwXP8LLgtUgibFL1RwLNqeSG
2026-04-12T10:46:58.702Z,2Eem6sxzq5rvdfxHDDwmJBgAXHinUEkiWnEkAKo9pump,ASHLEE,filter_2,2026-04-12T10:32:34.031Z,14,3.42e-05,16384,262144,pumpswap,96xtTNypm2x2bBCPUP9D8ETja6wjJ4e5bA4q3FvMRLYk
2026-04-12T10:46:58.862Z,DdpmZkfeANzQuZzt3Ycuc84awmzWkadpNnaukZaLpump,GEM,filter_1,2026-04-12T10:31:34.497Z,15,9.479e-06,8192,65536,pumpswap,C8ZtfQxMsUPmnPTtVn7qFqTx6pQcJ1advjtVQSg6Nksv
2026-04-12T10:46:59.023Z,34q2KmCvapecJgR6ZrtbCTrzZVtkt3a5mHEA3TuEsWYb,LOL,filter_4,2026-04-12T09:13:33.461Z,93,0.006956,262144,1048576,pumpswap,Dx5wFoszXvND6XYYAjAjUQrGLqDAUrTVH2JmHz6eJDNt
2026-04-12T10:46:59.183Z,EmtpJyHqWqH2xGvdag4DyLFNfnjDM6qTAv9QN17npump,tremp,filter_1,2026-04-12T06:53:33.876Z,233,2.046e-06,4096,262144,pumpswap,3a9vYs5m15vkxtMDLHRNagay3WuJ6FKSNJapdU3qh4rh
2026-04-12T10:46:59.344Z,4CkWXDBNqfqBT5xCon4hrGU3mwqhQ3GSwdQQ1SDnpump,STC,filter_2,2026-04-12T06:33:34.615Z,253,3.42e-05,16384,524288,pumpswap,BfcxnfNQF3cbZmdKbTNvL1fLD4dEjGhXCG9r6JS6EqB4
2026-04-12T10:46:59.528Z,ApvxrH4oet42G4mgHZTtYZ9h2yMwhNZqs7Tqu1Ebpump,NIKUTA,filter_1,2026-04-12T03:23:38.029Z,443,3.832e-06,4096,131072,pumpswap,BLzb2UKri4YMnAeqc8VgWioAz8zN62LrcDsaJB3VcK22
2026-04-12T10:46:59.688Z,D6HZ5Se3X2wEWWYsHp8Ma3wh3yWwFSSdCAFjGC4spump,Cat,filter_4,2026-04-12T03:06:34.258Z,460,2.421e-05,16384,131072,pumpswap,5g91GWPaRMg4DdCUyds858fyAzhaiTVbi563jVKhqLuT
2026-04-12T10:46:59.846Z,7Y445U5CAiLL4icyyPDonXy7zvGGML2TGjyMmwpDpump,WLFI,filter_1,2026-04-12T02:03:35.233Z,523,6.311e-05,16384,262144,pumpswap,EjzyuTwozXjagMTqqN6hjNpEyW3Q7rX3avE2otRRS8hv
2026-04-12T10:47:00.028Z,BRKFJs1jxrYBKR5sxBiuxTTbyipNBmT6GWenb3c9pump,TRUMP47,filter_5,2026-04-12T00:39:59.430Z,607,1.596e-06,4096,524288,pumpswap,EgcA2ShdHZK4Sg7N6H7yGzTjxpTpunRrbzw231wLWeDh
2026-04-12T10:47:00.220Z,5xjSweEeRNTNHXpEiyp1XBUB2D3MMYCuU8khzgiZpump,FUDGE,filter_2,2026-04-12T00:02:34.174Z,644,3.118e-05,16384,65536,pumpswap,GXBAKvHDgXXwxWWGWmrepfpXstnghwVGEqBmAq2EQgQZ
2026-04-12T10:47:00.415Z,AQiYy4igZ6jeUS5nbTymwLaQfnEg5BAjjZsP1EZkEjBU,Dolores,filter_1,2026-04-11T23:52:34.399Z,654,3.613e-06,4096,65536,pumpswap,9MiNdc2ywiYUm2nr2KTGo8UCmjk3TdKLCZ2B4aAtZ9hq
2026-04-12T10:47:00.574Z,yLT7rHdaNkfnqfg5pxXxCTrx1Rsnagod16DnpKBpump,Nilly,filter_1,2026-04-11T23:45:34.391Z,661,2.883e-06,4096,131072,pumpswap,8vjkK4SAhZ6zkX7gox9DQEmpX7MbiKsp2gRjD4dAS21V
2026-04-12T10:47:00.734Z,9oVRwbx3Ray9bK7CKhqwfqY5NaWYjG3xj1DNYg2mpump,brainlet,filter_2,2026-04-11T22:44:55.606Z,722,1.936e-06,4096,524288,pumpswap,2PW331e9D7pmdELA1m1Uyq6pnEuj5BWB8m7dcBGgJ5xo
2026-04-12T10:47:00.894Z,9XhhPHKnvSd9R8Ygr8kHR6n8YNYd7SMzRHHPFeb2pump,doomer,filter_1,2026-04-11T22:10:33.845Z,756,1.693e-06,4096,262144,pumpswap,DqTPbpJo2UfNFy2v4dHjMoFg9S2wid1RZuF8qfwcJrHx
2026-04-12T10:47:01.089Z,2wwDzQLc3pwgcHrkCadio4Hn3bzYyCptRAewJAEXdoge,MARKC,filter_1,2026-04-11T21:57:35.843Z,769,3.787e-06,4096,65536,meteora,2rVNWK9fRajakX19wtrfJKGE3xNWeubnV5VpYxETUvPX
2026-04-12T10:47:01.274Z,NicGVyEGbJhn52gBtqWM18zKGzRSe9js98AZnRwY8eS,NEGRON,filter_2,2026-04-11T21:33:59.338Z,793,4.016e-07,131072,8388608,raydium,2rXfTt3Xh699TtAUruiz6Vs7vdTrsn55bEm2FKt9y8yE
2026-04-12T10:51:58.699Z,69iu9bE7VYtuen7oNubgHAaYqpyaM6ZvCwoudsoMpump,Audit,filter_1,2026-04-12T10:43:35.244Z,8,6.242e-06,8192,262144,pumpswap,Ap365bq7KpWPse9sRuHnMTwek2XSQ77setZ8hxujTrL6
2026-04-12T10:51:58.861Z,H3UfCEUfNyK5dSQcw2yYBU7pLw5qjE6PeHfmdPQxpump,Monobloc,filter_1,2026-04-12T09:38:36.718Z,73,3.107e-06,,65536,pumpfun,C8mK6iGgSueLyavm4jhqJBMMWsqcj25QfGgFs8j6t9Nu
2026-04-12T10:51:59.021Z,GjHiCdvt1Zeti6rdSJeCqdkNMQKcxCkShRss5rGLWwbF,GNWR,filter_2,2026-04-12T09:33:57.750Z,78,0.1317,262144,2097152,raydium,38Wyp9ogTNGUgLeKt6FV7dpWurAtTobbo6T7fgT51uG9
2026-04-12T10:51:59.182Z,39byoLyCVzpfRoiChZoN96dLCoHF8JEPH5h9Qodypump,YN,filter_1,2026-04-12T09:28:36.955Z,83,1.176e-05,8192,262144,pumpswap,DALWM8Ph5yjigv2AtHYQCMAuCHXkZMQo3P3gqaJuv695
2026-04-12T10:51:59.343Z,GiE8Bf4Y2YHvwKutQUFeR2yaAMPWbkngLvezTWwapump,🪑,filter_2,2026-04-12T08:48:02.735Z,124,0.0005253,65536,2097152,pumpswap,47yRWYckWUBUrbSN7AmhanMDhfydURQf5G3fjhotpjy5
2026-04-12T10:51:59.504Z,AiC9FhtXA1iNGW77MocxebVc9U5baQa4nkUFQhtbpump,Sisyphus,filter_4,2026-04-12T08:12:35.668Z,159,6.95e-06,8192,262144,pumpswap,9wFPVtrpbnuKYpLJLYZDhWSFb7R6dVbkmePUVP4zAjd
2026-04-12T10:51:59.665Z,BvHneYfnCYjfZE52iUhK4bqkcqJjYjMQUJb5FPhCpump,ALONSHOUSE,filter_2,2026-04-12T03:51:56.774Z,420,0.0004626,65536,2097152,pumpswap,6KuCNvUu9NsgTFyo1vQGfeFqsoKq7Jq19LhZeQwtMMVr
2026-04-12T10:51:59.827Z,7cFndW3LZJr5hdT138meuoqQRDR6HYqATxKj2CwPpump,AgentCRM,filter_1,2026-04-12T03:39:36.524Z,432,2.398e-05,16384,262144,pumpswap,9UmjwMC9BVfdCYNaa9xCJwWkJjufeVbQg8xcSqMsSSM5
2026-04-12T10:52:00.021Z,9AEtb967xTMosjp9XFhvHLhscPNYgDWc15jFAZR8pump,RƎ́V,filter_1,2026-04-12T02:44:33.253Z,487,0.0001498,32768,16384,pumpswap,EMm9RL2tHvUvygLCu9WkUMBgnu29K2kePzUuWhiSjdMU
2026-04-12T10:52:00.183Z,Hy58kFcGQuZ9qqbiJL5Ka8FPPmqfU6w4zSqNAyzbpump,Zoomer,filter_5,2026-04-12T02:21:55.989Z,510,2.552e-05,16384,524288,pumpswap,EvDD7gjtfLETpF8m8boLppTCHosWoyoy43AKSttyRia9
2026-04-12T10:52:00.378Z,AdD5EMoGMDiGXcgepXQXneB4fEZuS1QvKqDrN876pump,CRAFT,filter_1,2026-04-12T02:18:34.482Z,513,2.121e-05,8192,131072,pumpswap,Fq6wzHyzh8YXvGS7EYBSNPLs7cr3WSLBw4WCpp5Bbk9n
2026-04-12T10:52:00.572Z,8yeUyEaxBkBgcG5i22zR6JiLmVPbA3p6FUBHjFLFpump,MOG,filter_1,2026-04-12T00:53:40.689Z,598,2.009e-06,4096,262144,pumpswap,8jL5pBxjqyhXzGwYDYZhvdifvuSiP7KWzU8ZCGgssRzk
2026-04-12T10:52:00.756Z,VXnX59zHN7j8FrA971nJij7q2RvPSPa3TioV236pump,COG,filter_1,2026-04-11T23:57:38.153Z,654,2.844e-06,4096,262144,pumpswap,DsEyaDvzkJHPnSwDU251c5pCP1V466nMpwh8KQzEeUuU
2026-04-12T10:52:00.948Z,3SNNxUYmrXUc1mQbtV2NGQTuGKVji4y3MWhyESTypump,CASSIE,filter_4,2026-04-11T23:18:36.635Z,693,2.735e-05,16384,131072,pumpswap,B6nQAKbBTm8xTFHBs4xGUqMJJu6JF5mBcmpEv8MPEQ1i
2026-04-12T10:52:01.108Z,6TRyMNFbS6y444mDECfaENQrVnvZP4XzMr2fa6f8pump,Trump,filter_6,2026-04-11T21:07:35.070Z,824,1.954e-06,4096,1048576,pumpswap,BJLaR38FZ2accuRrABzAWdiMeZ8mF3Ky5tL6q853bgBh
2026-04-12T10:52:01.270Z,EamB9vqC1b4aoyPR6t3hn6CWf48yny84xzCuFJMbpump,Peepa,filter_1,2026-04-11T20:47:42.794Z,844,5.489e-05,16384,1048576,pumpswap,BoB3Dvi5eLGFr86BexBPNY2ZXwMNjWhx3FVCep3X2Vj6
2026-04-12T10:52:01.482Z,AQGaTfXDcvinz6DuxfZEKKFp7hmiWDLis4FtK3chpump,Ivunka,filter_3,2026-04-11T20:41:43.544Z,850,2.719e-06,4096,524288,pumpswap,AHBtpXJ7csokwSXddEDxPFYHcA515g234kXTBMhAVRxe
2026-04-12T10:52:01.667Z,BfZ27pSjL3L8Abm8VuRs5MLjjP21Xv5tUL81Rkyepump,WID,filter_4,2026-04-11T20:41:42.289Z,850,1.383e-05,8192,16384,pumpswap,4zmdmfGwoNb2mfF9PJq2N7x38qpQMwBMphD3HMDx6dak
2026-04-12T10:52:01.828Z,EgiJdQ8dbQHWu1uKS6cQBPaF2sK3a7WFpkjHEgdDpump,Dodger,filter_3,2026-04-11T19:29:11.694Z,923,1.378e-05,8192,1048576,pumpswap,7yrRRCzf429YQ1xQgdZZMy5KQ5jtkkDC7gUZWyPerhXr
2026-04-12T10:52:02.022Z,7bfbBZXpMYbNjhZ6eQ8Ch8VFAbgcz4WsrY7JtQKcpump,BOATGUY,filter_1,2026-04-11T19:27:26.855Z,925,4.208e-06,4096,262144,pumpswap,6gALa6BfE8ce8pLYaEFsTkCtxozfbuBR5bMVK3nKeFD4
2026-04-12T10:52:02.207Z,4juv1Wq63My7Bc7rznMZTyuD4aQfRSZGW9uKqFXSpump,Asset,filter_1,2026-04-11T19:27:24.857Z,925,5.154e-06,8192,8192,pumpswap,6g8ZTMKCKvSsVX92g4SKoBESXgrDL2cR1WLg8i7GZPV9
2026-04-12T10:52:02.406Z,Aq6XmZSohMJeRGU9WswbyQo9paEcKrTEs3xdfDFtpump,Lia,filter_1,2026-04-11T19:25:27.104Z,927,1.717e-06,4096,524288,pumpswap,BsFk4E3Hm12Mg27XmBoDPuk27WAC78BPfN98AHHpDPcM
2026-04-12T10:52:02.565Z,AUZnnRTdybeMiHrxfueNyBgLHnu4H39kngUh84WMpump,MELANIA,filter_3,2026-04-11T19:24:02.559Z,928,0.001459,131072,1048576,pumpswap,DM9Xj9x8A8SEinJdoz4SJH2vdhBdPGSZmhL7DxBgwbBy
2026-04-12T10:52:02.726Z,56MEDV2H1M7DkaikaSg5vpibaSyWhgspCxgPwQJhpump,DNIGGA,filter_1,2026-04-11T19:22:24.852Z,930,2.034e-06,4096,65536,pumpswap,CAhVRREzXYHDvtu6iwACsei9vhv6mexsGm9hpkeVP1Kj
2026-04-12T10:52:02.890Z,A2Px3FMumMJ7W67VEp9ahFXueEyf9aHpei4TTJ5mpump,BABY,filter_3,2026-04-11T19:14:43.120Z,937,8.498e-06,8192,1048576,pumpswap,53UgNjZDC6mXsEDTowHLmKi2Y6jzjH2Ee3ybac7jEQRQ
2026-04-12T10:52:03.079Z,wutj1cNsMWyeu9ub61knDRCwU37aVvYuCBn8ZLPj7JL,ZHONEY,filter_1,2026-04-11T19:04:35.959Z,947,7.58e-06,8192,65536,pumpswap,CtYpMFyZqcJL7mPbDQU9o88g9QpkbzEFSC81J9FzFbF8
2026-04-12T10:52:03.265Z,4oFZFm3s8VKeCnwM2G5X5mZrsPivDyzCLvDYZmVipump,ClawFC,filter_1,2026-04-11T19:00:33.206Z,951,8.004e-06,8192,131072,pumpswap,BnbuPvQe2TNdhS7CSdsCGS1WY7FYu2kZti9adrqkqpZh
2026-04-12T10:52:03.425Z,5rniCpoweGXgsLZZDohw3fZA5yuXgt87df6GHAxWpump,MOTHER,filter_1,2026-04-11T18:17:31.505Z,994,4.837e-06,4096,32768,pumpswap,7dzsEYbuQoK1LLAiae7riygcwphP7BTbK6r7Vv94p28M
2026-04-12T10:52:03.608Z,3i8RByhvAaSWh2VSoVieAPzzmc4DpZC9WHVSsDzBpump,FOOLHOUSE,filter_2,2026-04-11T13:59:09.655Z,1253,1.689e-06,4096,524288,pumpswap,G8AJyLtb85QyMbaXZe4k5DdTfLPTD8dEX9xDn2fKqQZD
2026-04-12T10:52:03.795Z,AutFvM5QZqtvjK2SrR8iLwvDEQ7ePnL14Rv7GPFvpump,TripleC,filter_2,2026-04-11T13:57:07.657Z,1255,4.482e-06,4096,524288,pumpswap,Cvk9vLXa9wiqWTxb7q5EP3jdPow5ZBrdn1MLRmergW3v
2026-04-12T10:52:03.980Z,Dj2JhqEaKgPDo9se3A1dtSBVV1FFCxAfFa9SBBWmpump,GoldDancer,filter_2,2026-04-11T13:01:12.368Z,1311,2.291e-05,16384,524288,pumpswap,9hovxHG2vADjGPe7S6agGTx5o72kgojobbpC5UVzLdt5
2026-04-12T10:52:04.164Z,ACtfUWtgvaXrQGNMiohTusi5jcx5RJf5zwu9aAxkpump,unc,filter_2,2026-04-11T11:21:14.804Z,1411,0.0004888,65536,2097152,pumpswap,BWFZkx1pMpvwxammwTrizvoWzZZGiFEYUYW6Ee51SHLy
2026-04-12T10:56:58.732Z,DdpmZkfeANzQuZzt3Ycuc84awmzWkadpNnaukZaLpump,GEM,filter_1,2026-04-12T10:54:34.004Z,2,1.013e-05,8192,65536,pumpswap,C8ZtfQxMsUPmnPTtVn7qFqTx6pQcJ1advjtVQSg6Nksv
2026-04-12T10:56:58.894Z,7jZ9YMaHvtNEva4JwLWMb1SdMVWu5QkbMSYi4dwipump,Table,filter_1,2026-04-12T10:54:33.751Z,2,1.126e-05,8192,262144,pumpswap,eScaeJPmgXK75ViANd48NPzM9CpK5AW9m6rX25v8ttc
2026-04-12T10:56:59.054Z,EEebKSFGquW3jX5cFF9sKA2DwLrvGyF1MFwJBfw3bonk,BANI,filter_2,2026-04-12T10:54:00.793Z,3,2.774e-05,16384,262144,raydium,3ArVLZbgpJnsse18pigFJvuhmf2BhiCPX6XZLHF4e6i7
2026-04-12T10:56:59.210Z,2Eem6sxzq5rvdfxHDDwmJBgAXHinUEkiWnEkAKo9pump,ASHLEE,filter_2,2026-04-12T10:32:34.031Z,24,3.42e-05,16384,262144,pumpswap,96xtTNypm2x2bBCPUP9D8ETja6wjJ4e5bA4q3FvMRLYk
2026-04-12T10:56:59.370Z,34q2KmCvapecJgR6ZrtbCTrzZVtkt3a5mHEA3TuEsWYb,LOL,filter_4,2026-04-12T09:13:33.461Z,103,0.006978,262144,1048576,pumpswap,Dx5wFoszXvND6XYYAjAjUQrGLqDAUrTVH2JmHz6eJDNt
2026-04-12T10:56:59.526Z,EmtpJyHqWqH2xGvdag4DyLFNfnjDM6qTAv9QN17npump,tremp,filter_1,2026-04-12T06:53:33.876Z,243,2.035e-06,4096,262144,pumpswap,3a9vYs5m15vkxtMDLHRNagay3WuJ6FKSNJapdU3qh4rh
2026-04-12T10:56:59.718Z,4CkWXDBNqfqBT5xCon4hrGU3mwqhQ3GSwdQQ1SDnpump,STC,filter_2,2026-04-12T06:33:34.615Z,263,3.703e-05,16384,524288,pumpswap,BfcxnfNQF3cbZmdKbTNvL1fLD4dEjGhXCG9r6JS6EqB4
2026-04-12T10:56:59.899Z,ApvxrH4oet42G4mgHZTtYZ9h2yMwhNZqs7Tqu1Ebpump,NIKUTA,filter_1,2026-04-12T03:23:38.029Z,453,3.832e-06,4096,131072,pumpswap,BLzb2UKri4YMnAeqc8VgWioAz8zN62LrcDsaJB3VcK22
2026-04-12T10:57:00.088Z,D6HZ5Se3X2wEWWYsHp8Ma3wh3yWwFSSdCAFjGC4spump,Cat,filter_4,2026-04-12T03:06:34.258Z,470,2.446e-05,16384,131072,pumpswap,5g91GWPaRMg4DdCUyds858fyAzhaiTVbi563jVKhqLuT
2026-04-12T10:57:00.246Z,7Y445U5CAiLL4icyyPDonXy7zvGGML2TGjyMmwpDpump,WLFI,filter_1,2026-04-12T02:03:35.233Z,533,9.127e-05,32768,262144,pumpswap,EjzyuTwozXjagMTqqN6hjNpEyW3Q7rX3avE2otRRS8hv
2026-04-12T10:57:00.430Z,BRKFJs1jxrYBKR5sxBiuxTTbyipNBmT6GWenb3c9pump,TRUMP47,filter_5,2026-04-12T00:39:59.430Z,617,1.59e-06,4096,524288,pumpswap,EgcA2ShdHZK4Sg7N6H7yGzTjxpTpunRrbzw231wLWeDh
2026-04-12T10:57:00.617Z,5xjSweEeRNTNHXpEiyp1XBUB2D3MMYCuU8khzgiZpump,FUDGE,filter_2,2026-04-12T00:02:34.174Z,654,3.09e-05,16384,65536,pumpswap,GXBAKvHDgXXwxWWGWmrepfpXstnghwVGEqBmAq2EQgQZ
2026-04-12T10:57:00.775Z,AQiYy4igZ6jeUS5nbTymwLaQfnEg5BAjjZsP1EZkEjBU,Dolores,filter_1,2026-04-11T23:52:34.399Z,664,3.513e-06,4096,65536,pumpswap,9MiNdc2ywiYUm2nr2KTGo8UCmjk3TdKLCZ2B4aAtZ9hq
2026-04-12T10:57:00.967Z,yLT7rHdaNkfnqfg5pxXxCTrx1Rsnagod16DnpKBpump,Nilly,filter_1,2026-04-11T23:45:34.391Z,671,2.846e-06,4096,131072,pumpswap,8vjkK4SAhZ6zkX7gox9DQEmpX7MbiKsp2gRjD4dAS21V
2026-04-12T10:57:01.125Z,9oVRwbx3Ray9bK7CKhqwfqY5NaWYjG3xj1DNYg2mpump,brainlet,filter_2,2026-04-11T22:44:55.606Z,732,1.936e-06,4096,524288,pumpswap,2PW331e9D7pmdELA1m1Uyq6pnEuj5BWB8m7dcBGgJ5xo
2026-04-12T10:57:01.284Z,9XhhPHKnvSd9R8Ygr8kHR6n8YNYd7SMzRHHPFeb2pump,doomer,filter_1,2026-04-11T22:10:33.845Z,766,1.693e-06,4096,262144,pumpswap,DqTPbpJo2UfNFy2v4dHjMoFg9S2wid1RZuF8qfwcJrHx
2026-04-12T10:57:01.470Z,2wwDzQLc3pwgcHrkCadio4Hn3bzYyCptRAewJAEXdoge,MARKC,filter_1,2026-04-11T21:57:35.843Z,779,3.787e-06,4096,65536,meteora,2rVNWK9fRajakX19wtrfJKGE3xNWeubnV5VpYxETUvPX
2026-04-12T10:57:01.632Z,NicGVyEGbJhn52gBtqWM18zKGzRSe9js98AZnRwY8eS,NEGRON,filter_2,2026-04-11T21:33:59.338Z,803,4.006e-07,131072,8388608,raydium,2rXfTt3Xh699TtAUruiz6Vs7vdTrsn55bEm2FKt9y8yE
2026-04-12T11:01:58.710Z,69iu9bE7VYtuen7oNubgHAaYqpyaM6ZvCwoudsoMpump,Audit,filter_1,2026-04-12T10:43:35.244Z,18,5.811e-06,8192,262144,pumpswap,Ap365bq7KpWPse9sRuHnMTwek2XSQ77setZ8hxujTrL6
2026-04-12T11:01:58.892Z,H3UfCEUfNyK5dSQcw2yYBU7pLw5qjE6PeHfmdPQxpump,Monobloc,filter_1,2026-04-12T09:38:36.718Z,83,3.432e-06,,65536,pumpfun,C8mK6iGgSueLyavm4jhqJBMMWsqcj25QfGgFs8j6t9Nu
2026-04-12T11:01:59.074Z,GjHiCdvt1Zeti6rdSJeCqdkNMQKcxCkShRss5rGLWwbF,GNWR,filter_2,2026-04-12T09:33:57.750Z,88,0.13,262144,2097152,raydium,38Wyp9ogTNGUgLeKt6FV7dpWurAtTobbo6T7fgT51uG9
2026-04-12T11:01:59.234Z,39byoLyCVzpfRoiChZoN96dLCoHF8JEPH5h9Qodypump,YN,filter_1,2026-04-12T09:28:36.955Z,93,9.585e-06,8192,262144,pumpswap,DALWM8Ph5yjigv2AtHYQCMAuCHXkZMQo3P3gqaJuv695
2026-04-12T11:01:59.394Z,GiE8Bf4Y2YHvwKutQUFeR2yaAMPWbkngLvezTWwapump,🪑,filter_2,2026-04-12T08:48:02.735Z,134,0.0004428,65536,2097152,pumpswap,47yRWYckWUBUrbSN7AmhanMDhfydURQf5G3fjhotpjy5
2026-04-12T11:01:59.555Z,AiC9FhtXA1iNGW77MocxebVc9U5baQa4nkUFQhtbpump,Sisyphus,filter_4,2026-04-12T08:12:35.668Z,169,7.621e-06,8192,262144,pumpswap,9wFPVtrpbnuKYpLJLYZDhWSFb7R6dVbkmePUVP4zAjd
2026-04-12T11:01:59.716Z,BvHneYfnCYjfZE52iUhK4bqkcqJjYjMQUJb5FPhCpump,ALONSHOUSE,filter_2,2026-04-12T03:51:56.774Z,430,0.0003907,65536,2097152,pumpswap,6KuCNvUu9NsgTFyo1vQGfeFqsoKq7Jq19LhZeQwtMMVr
2026-04-12T11:01:59.877Z,7cFndW3LZJr5hdT138meuoqQRDR6HYqATxKj2CwPpump,AgentCRM,filter_1,2026-04-12T03:39:36.524Z,442,2.098e-05,8192,262144,pumpswap,9UmjwMC9BVfdCYNaa9xCJwWkJjufeVbQg8xcSqMsSSM5
2026-04-12T11:02:00.057Z,9AEtb967xTMosjp9XFhvHLhscPNYgDWc15jFAZR8pump,RƎ́V,filter_1,2026-04-12T02:44:33.253Z,497,0.0001498,32768,16384,pumpswap,EMm9RL2tHvUvygLCu9WkUMBgnu29K2kePzUuWhiSjdMU
2026-04-12T11:02:00.218Z,Hy58kFcGQuZ9qqbiJL5Ka8FPPmqfU6w4zSqNAyzbpump,Zoomer,filter_5,2026-04-12T02:21:55.989Z,520,3.418e-05,16384,524288,pumpswap,EvDD7gjtfLETpF8m8boLppTCHosWoyoy43AKSttyRia9
2026-04-12T11:02:00.378Z,AdD5EMoGMDiGXcgepXQXneB4fEZuS1QvKqDrN876pump,CRAFT,filter_1,2026-04-12T02:18:34.482Z,523,2.091e-05,8192,131072,pumpswap,Fq6wzHyzh8YXvGS7EYBSNPLs7cr3WSLBw4WCpp5Bbk9n
2026-04-12T11:02:00.537Z,8yeUyEaxBkBgcG5i22zR6JiLmVPbA3p6FUBHjFLFpump,MOG,filter_1,2026-04-12T00:53:40.689Z,608,2.003e-06,4096,262144,pumpswap,8jL5pBxjqyhXzGwYDYZhvdifvuSiP7KWzU8ZCGgssRzk
2026-04-12T11:02:00.699Z,VXnX59zHN7j8FrA971nJij7q2RvPSPa3TioV236pump,COG,filter_1,2026-04-11T23:57:38.153Z,664,2.844e-06,4096,262144,pumpswap,DsEyaDvzkJHPnSwDU251c5pCP1V466nMpwh8KQzEeUuU
2026-04-12T11:02:00.859Z,3SNNxUYmrXUc1mQbtV2NGQTuGKVji4y3MWhyESTypump,CASSIE,filter_4,2026-04-11T23:18:36.635Z,703,2.918e-05,16384,131072,pumpswap,B6nQAKbBTm8xTFHBs4xGUqMJJu6JF5mBcmpEv8MPEQ1i
2026-04-12T11:02:01.019Z,6TRyMNFbS6y444mDECfaENQrVnvZP4XzMr2fa6f8pump,Trump,filter_6,2026-04-11T21:07:35.070Z,834,1.954e-06,4096,1048576,pumpswap,BJLaR38FZ2accuRrABzAWdiMeZ8mF3Ky5tL6q853bgBh
2026-04-12T11:02:01.182Z,EamB9vqC1b4aoyPR6t3hn6CWf48yny84xzCuFJMbpump,Peepa,filter_1,2026-04-11T20:47:42.794Z,854,5.078e-05,16384,1048576,pumpswap,BoB3Dvi5eLGFr86BexBPNY2ZXwMNjWhx3FVCep3X2Vj6
2026-04-12T11:02:01.342Z,AQGaTfXDcvinz6DuxfZEKKFp7hmiWDLis4FtK3chpump,Ivunka,filter_3,2026-04-11T20:41:43.544Z,860,2.719e-06,4096,524288,pumpswap,AHBtpXJ7csokwSXddEDxPFYHcA515g234kXTBMhAVRxe
2026-04-12T11:02:01.539Z,BfZ27pSjL3L8Abm8VuRs5MLjjP21Xv5tUL81Rkyepump,WID,filter_4,2026-04-11T20:41:42.289Z,860,1.383e-05,8192,16384,pumpswap,4zmdmfGwoNb2mfF9PJq2N7x38qpQMwBMphD3HMDx6dak
2026-04-12T11:02:01.699Z,EgiJdQ8dbQHWu1uKS6cQBPaF2sK3a7WFpkjHEgdDpump,Dodger,filter_3,2026-04-11T19:29:11.694Z,933,1.347e-05,8192,1048576,pumpswap,7yrRRCzf429YQ1xQgdZZMy5KQ5jtkkDC7gUZWyPerhXr
2026-04-12T11:02:01.858Z,7bfbBZXpMYbNjhZ6eQ8Ch8VFAbgcz4WsrY7JtQKcpump,BOATGUY,filter_1,2026-04-11T19:27:26.855Z,935,3.974e-06,4096,262144,pumpswap,6gALa6BfE8ce8pLYaEFsTkCtxozfbuBR5bMVK3nKeFD4
2026-04-12T11:02:02.052Z,4juv1Wq63My7Bc7rznMZTyuD4aQfRSZGW9uKqFXSpump,Asset,filter_1,2026-04-11T19:27:24.857Z,935,5.094e-06,8192,8192,pumpswap,6g8ZTMKCKvSsVX92g4SKoBESXgrDL2cR1WLg8i7GZPV9
2026-04-12T11:02:02.212Z,Aq6XmZSohMJeRGU9WswbyQo9paEcKrTEs3xdfDFtpump,Lia,filter_1,2026-04-11T19:25:27.104Z,937,1.717e-06,4096,524288,pumpswap,BsFk4E3Hm12Mg27XmBoDPuk27WAC78BPfN98AHHpDPcM
2026-04-12T11:02:02.371Z,AUZnnRTdybeMiHrxfueNyBgLHnu4H39kngUh84WMpump,MELANIA,filter_3,2026-04-11T19:24:02.559Z,938,0.001541,131072,1048576,pumpswap,DM9Xj9x8A8SEinJdoz4SJH2vdhBdPGSZmhL7DxBgwbBy
2026-04-12T11:02:02.554Z,56MEDV2H1M7DkaikaSg5vpibaSyWhgspCxgPwQJhpump,DNIGGA,filter_1,2026-04-11T19:22:24.852Z,940,2.034e-06,4096,65536,pumpswap,CAhVRREzXYHDvtu6iwACsei9vhv6mexsGm9hpkeVP1Kj
2026-04-12T11:02:02.714Z,A2Px3FMumMJ7W67VEp9ahFXueEyf9aHpei4TTJ5mpump,BABY,filter_3,2026-04-11T19:14:43.120Z,947,8.091e-06,8192,1048576,pumpswap,53UgNjZDC6mXsEDTowHLmKi2Y6jzjH2Ee3ybac7jEQRQ
2026-04-12T11:02:02.876Z,wutj1cNsMWyeu9ub61knDRCwU37aVvYuCBn8ZLPj7JL,ZHONEY,filter_1,2026-04-11T19:04:35.959Z,957,8.342e-06,8192,65536,pumpswap,CtYpMFyZqcJL7mPbDQU9o88g9QpkbzEFSC81J9FzFbF8
2026-04-12T11:02:03.074Z,4oFZFm3s8VKeCnwM2G5X5mZrsPivDyzCLvDYZmVipump,ClawFC,filter_1,2026-04-11T19:00:33.206Z,961,7.93e-06,8192,131072,pumpswap,BnbuPvQe2TNdhS7CSdsCGS1WY7FYu2kZti9adrqkqpZh
2026-04-12T11:02:03.255Z,5rniCpoweGXgsLZZDohw3fZA5yuXgt87df6GHAxWpump,MOTHER,filter_1,2026-04-11T18:17:31.505Z,1004,4.837e-06,4096,32768,pumpswap,7dzsEYbuQoK1LLAiae7riygcwphP7BTbK6r7Vv94p28M
2026-04-12T11:02:03.414Z,3i8RByhvAaSWh2VSoVieAPzzmc4DpZC9WHVSsDzBpump,FOOLHOUSE,filter_2,2026-04-11T13:59:09.655Z,1263,1.689e-06,4096,524288,pumpswap,G8AJyLtb85QyMbaXZe4k5DdTfLPTD8dEX9xDn2fKqQZD
2026-04-12T11:02:03.574Z,AutFvM5QZqtvjK2SrR8iLwvDEQ7ePnL14Rv7GPFvpump,TripleC,filter_2,2026-04-11T13:57:07.657Z,1265,4.564e-06,4096,524288,pumpswap,Cvk9vLXa9wiqWTxb7q5EP3jdPow5ZBrdn1MLRmergW3v
2026-04-12T11:02:03.768Z,Dj2JhqEaKgPDo9se3A1dtSBVV1FFCxAfFa9SBBWmpump,GoldDancer,filter_2,2026-04-11T13:01:12.368Z,1321,2.222e-05,16384,524288,pumpswap,9hovxHG2vADjGPe7S6agGTx5o72kgojobbpC5UVzLdt5
2026-04-12T11:02:03.956Z,ACtfUWtgvaXrQGNMiohTusi5jcx5RJf5zwu9aAxkpump,unc,filter_2,2026-04-11T11:21:14.804Z,1421,0.0005227,65536,2097152,pumpswap,BWFZkx1pMpvwxammwTrizvoWzZZGiFEYUYW6Ee51SHLy
2026-04-12T11:06:58.704Z,DdpmZkfeANzQuZzt3Ycuc84awmzWkadpNnaukZaLpump,GEM,filter_1,2026-04-12T10:59:34.508Z,7,1.014e-05,8192,65536,pumpswap,C8ZtfQxMsUPmnPTtVn7qFqTx6pQcJ1advjtVQSg6Nksv
2026-04-12T11:06:58.864Z,7jZ9YMaHvtNEva4JwLWMb1SdMVWu5QkbMSYi4dwipump,Table,filter_1,2026-04-12T10:59:33.755Z,7,8.168e-06,8192,262144,pumpswap,eScaeJPmgXK75ViANd48NPzM9CpK5AW9m6rX25v8ttc
2026-04-12T11:06:59.021Z,EEebKSFGquW3jX5cFF9sKA2DwLrvGyF1MFwJBfw3bonk,BANI,filter_2,2026-04-12T10:54:00.793Z,13,2.537e-05,16384,262144,raydium,3ArVLZbgpJnsse18pigFJvuhmf2BhiCPX6XZLHF4e6i7
2026-04-12T11:06:59.182Z,2Eem6sxzq5rvdfxHDDwmJBgAXHinUEkiWnEkAKo9pump,ASHLEE,filter_2,2026-04-12T10:32:34.031Z,34,3.14e-05,16384,262144,pumpswap,96xtTNypm2x2bBCPUP9D8ETja6wjJ4e5bA4q3FvMRLYk
2026-04-12T11:06:59.344Z,34q2KmCvapecJgR6ZrtbCTrzZVtkt3a5mHEA3TuEsWYb,LOL,filter_4,2026-04-12T09:13:33.461Z,113,0.006888,262144,1048576,pumpswap,Dx5wFoszXvND6XYYAjAjUQrGLqDAUrTVH2JmHz6eJDNt
2026-04-12T11:06:59.502Z,EmtpJyHqWqH2xGvdag4DyLFNfnjDM6qTAv9QN17npump,tremp,filter_1,2026-04-12T06:53:33.876Z,253,2.035e-06,4096,262144,pumpswap,3a9vYs5m15vkxtMDLHRNagay3WuJ6FKSNJapdU3qh4rh
2026-04-12T11:06:59.662Z,4CkWXDBNqfqBT5xCon4hrGU3mwqhQ3GSwdQQ1SDnpump,STC,filter_2,2026-04-12T06:33:34.615Z,273,4.33e-05,16384,524288,pumpswap,BfcxnfNQF3cbZmdKbTNvL1fLD4dEjGhXCG9r6JS6EqB4
2026-04-12T11:06:59.848Z,ApvxrH4oet42G4mgHZTtYZ9h2yMwhNZqs7Tqu1Ebpump,NIKUTA,filter_1,2026-04-12T03:23:38.029Z,463,3.773e-06,4096,131072,pumpswap,BLzb2UKri4YMnAeqc8VgWioAz8zN62LrcDsaJB3VcK22
2026-04-12T11:07:00.030Z,D6HZ5Se3X2wEWWYsHp8Ma3wh3yWwFSSdCAFjGC4spump,Cat,filter_4,2026-04-12T03:06:34.258Z,480,2.154e-05,16384,131072,pumpswap,5g91GWPaRMg4DdCUyds858fyAzhaiTVbi563jVKhqLuT
2026-04-12T11:07:00.223Z,7Y445U5CAiLL4icyyPDonXy7zvGGML2TGjyMmwpDpump,WLFI,filter_1,2026-04-12T02:03:35.233Z,543,8.887e-05,16384,262144,pumpswap,EjzyuTwozXjagMTqqN6hjNpEyW3Q7rX3avE2otRRS8hv
2026-04-12T11:07:00.409Z,BRKFJs1jxrYBKR5sxBiuxTTbyipNBmT6GWenb3c9pump,TRUMP47,filter_5,2026-04-12T00:39:59.430Z,627,1.59e-06,4096,524288,pumpswap,EgcA2ShdHZK4Sg7N6H7yGzTjxpTpunRrbzw231wLWeDh
2026-04-12T11:07:00.598Z,5xjSweEeRNTNHXpEiyp1XBUB2D3MMYCuU8khzgiZpump,FUDGE,filter_2,2026-04-12T00:02:34.174Z,664,3.093e-05,16384,65536,pumpswap,GXBAKvHDgXXwxWWGWmrepfpXstnghwVGEqBmAq2EQgQZ
2026-04-12T11:07:00.785Z,AQiYy4igZ6jeUS5nbTymwLaQfnEg5BAjjZsP1EZkEjBU,Dolores,filter_1,2026-04-11T23:52:34.399Z,674,3.354e-06,4096,65536,pumpswap,9MiNdc2ywiYUm2nr2KTGo8UCmjk3TdKLCZ2B4aAtZ9hq
2026-04-12T11:07:00.987Z,yLT7rHdaNkfnqfg5pxXxCTrx1Rsnagod16DnpKBpump,Nilly,filter_1,2026-04-11T23:45:34.391Z,681,2.846e-06,4096,131072,pumpswap,8vjkK4SAhZ6zkX7gox9DQEmpX7MbiKsp2gRjD4dAS21V
2026-04-12T11:07:01.149Z,9oVRwbx3Ray9bK7CKhqwfqY5NaWYjG3xj1DNYg2mpump,brainlet,filter_2,2026-04-11T22:44:55.606Z,742,1.936e-06,4096,524288,pumpswap,2PW331e9D7pmdELA1m1Uyq6pnEuj5BWB8m7dcBGgJ5xo
2026-04-12T11:07:01.309Z,9XhhPHKnvSd9R8Ygr8kHR6n8YNYd7SMzRHHPFeb2pump,doomer,filter_1,2026-04-11T22:10:33.845Z,776,1.693e-06,4096,262144,pumpswap,DqTPbpJo2UfNFy2v4dHjMoFg9S2wid1RZuF8qfwcJrHx
2026-04-12T11:07:01.494Z,2wwDzQLc3pwgcHrkCadio4Hn3bzYyCptRAewJAEXdoge,MARKC,filter_1,2026-04-11T21:57:35.843Z,789,3.675e-06,4096,65536,meteora,2rVNWK9fRajakX19wtrfJKGE3xNWeubnV5VpYxETUvPX
2026-04-12T11:07:01.679Z,NicGVyEGbJhn52gBtqWM18zKGzRSe9js98AZnRwY8eS,NEGRON,filter_2,2026-04-11T21:33:59.338Z,813,4.01e-07,131072,8388608,raydium,2rXfTt3Xh699TtAUruiz6Vs7vdTrsn55bEm2FKt9y8yE
2026-04-12T11:11:58.741Z,69iu9bE7VYtuen7oNubgHAaYqpyaM6ZvCwoudsoMpump,Audit,filter_1,2026-04-12T10:43:35.244Z,28,5.883e-06,8192,262144,pumpswap,Ap365bq7KpWPse9sRuHnMTwek2XSQ77setZ8hxujTrL6
2026-04-12T11:11:58.922Z,H3UfCEUfNyK5dSQcw2yYBU7pLw5qjE6PeHfmdPQxpump,Monobloc,filter_1,2026-04-12T09:38:36.718Z,93,3.432e-06,,65536,pumpfun,C8mK6iGgSueLyavm4jhqJBMMWsqcj25QfGgFs8j6t9Nu
2026-04-12T11:11:59.103Z,GjHiCdvt1Zeti6rdSJeCqdkNMQKcxCkShRss5rGLWwbF,GNWR,filter_2,2026-04-12T09:33:57.750Z,98,0.1262,262144,2097152,raydium,38Wyp9ogTNGUgLeKt6FV7dpWurAtTobbo6T7fgT51uG9
2026-04-12T11:11:59.289Z,39byoLyCVzpfRoiChZoN96dLCoHF8JEPH5h9Qodypump,YN,filter_1,2026-04-12T09:28:36.955Z,103,8.784e-06,8192,262144,pumpswap,DALWM8Ph5yjigv2AtHYQCMAuCHXkZMQo3P3gqaJuv695
2026-04-12T11:11:59.449Z,GiE8Bf4Y2YHvwKutQUFeR2yaAMPWbkngLvezTWwapump,🪑,filter_2,2026-04-12T08:48:02.735Z,144,0.000496,65536,2097152,pumpswap,47yRWYckWUBUrbSN7AmhanMDhfydURQf5G3fjhotpjy5
2026-04-12T11:11:59.609Z,AiC9FhtXA1iNGW77MocxebVc9U5baQa4nkUFQhtbpump,Sisyphus,filter_4,2026-04-12T08:12:35.668Z,179,7.439e-06,8192,262144,pumpswap,9wFPVtrpbnuKYpLJLYZDhWSFb7R6dVbkmePUVP4zAjd
2026-04-12T11:11:59.771Z,BvHneYfnCYjfZE52iUhK4bqkcqJjYjMQUJb5FPhCpump,ALONSHOUSE,filter_2,2026-04-12T03:51:56.774Z,440,0.00042,65536,2097152,pumpswap,6KuCNvUu9NsgTFyo1vQGfeFqsoKq7Jq19LhZeQwtMMVr
2026-04-12T11:11:59.930Z,7cFndW3LZJr5hdT138meuoqQRDR6HYqATxKj2CwPpump,AgentCRM,filter_1,2026-04-12T03:39:36.524Z,452,2.189e-05,8192,262144,pumpswap,9UmjwMC9BVfdCYNaa9xCJwWkJjufeVbQg8xcSqMsSSM5
2026-04-12T11:12:00.112Z,9AEtb967xTMosjp9XFhvHLhscPNYgDWc15jFAZR8pump,RƎ́V,filter_1,2026-04-12T02:44:33.253Z,507,0.0001498,32768,16384,pumpswap,EMm9RL2tHvUvygLCu9WkUMBgnu29K2kePzUuWhiSjdMU
2026-04-12T11:12:00.305Z,Hy58kFcGQuZ9qqbiJL5Ka8FPPmqfU6w4zSqNAyzbpump,Zoomer,filter_5,2026-04-12T02:21:55.989Z,530,3.387e-05,16384,524288,pumpswap,EvDD7gjtfLETpF8m8boLppTCHosWoyoy43AKSttyRia9
2026-04-12T11:12:00.485Z,AdD5EMoGMDiGXcgepXQXneB4fEZuS1QvKqDrN876pump,CRAFT,filter_1,2026-04-12T02:18:34.482Z,533,2.073e-05,8192,131072,pumpswap,Fq6wzHyzh8YXvGS7EYBSNPLs7cr3WSLBw4WCpp5Bbk9n
2026-04-12T11:12:00.643Z,8yeUyEaxBkBgcG5i22zR6JiLmVPbA3p6FUBHjFLFpump,MOG,filter_1,2026-04-12T00:53:40.689Z,618,2.003e-06,4096,262144,pumpswap,8jL5pBxjqyhXzGwYDYZhvdifvuSiP7KWzU8ZCGgssRzk
2026-04-12T11:12:00.802Z,VXnX59zHN7j8FrA971nJij7q2RvPSPa3TioV236pump,COG,filter_1,2026-04-11T23:57:38.153Z,674,2.844e-06,4096,262144,pumpswap,DsEyaDvzkJHPnSwDU251c5pCP1V466nMpwh8KQzEeUuU
2026-04-12T11:12:00.960Z,3SNNxUYmrXUc1mQbtV2NGQTuGKVji4y3MWhyESTypump,CASSIE,filter_4,2026-04-11T23:18:36.635Z,713,2.961e-05,16384,131072,pumpswap,B6nQAKbBTm8xTFHBs4xGUqMJJu6JF5mBcmpEv8MPEQ1i
2026-04-12T11:12:01.120Z,6TRyMNFbS6y444mDECfaENQrVnvZP4XzMr2fa6f8pump,Trump,filter_6,2026-04-11T21:07:35.070Z,844,1.954e-06,4096,1048576,pumpswap,BJLaR38FZ2accuRrABzAWdiMeZ8mF3Ky5tL6q853bgBh
2026-04-12T11:12:01.280Z,EamB9vqC1b4aoyPR6t3hn6CWf48yny84xzCuFJMbpump,Peepa,filter_1,2026-04-11T20:47:42.794Z,864,5.238e-05,16384,1048576,pumpswap,BoB3Dvi5eLGFr86BexBPNY2ZXwMNjWhx3FVCep3X2Vj6
2026-04-12T11:12:01.469Z,AQGaTfXDcvinz6DuxfZEKKFp7hmiWDLis4FtK3chpump,Ivunka,filter_3,2026-04-11T20:41:43.544Z,870,2.719e-06,4096,524288,pumpswap,AHBtpXJ7csokwSXddEDxPFYHcA515g234kXTBMhAVRxe
2026-04-12T11:12:01.727Z,BfZ27pSjL3L8Abm8VuRs5MLjjP21Xv5tUL81Rkyepump,WID,filter_4,2026-04-11T20:41:42.289Z,870,1.383e-05,8192,16384,pumpswap,4zmdmfGwoNb2mfF9PJq2N7x38qpQMwBMphD3HMDx6dak
2026-04-12T11:12:01.917Z,EgiJdQ8dbQHWu1uKS6cQBPaF2sK3a7WFpkjHEgdDpump,Dodger,filter_3,2026-04-11T19:29:11.694Z,943,1.445e-05,8192,1048576,pumpswap,7yrRRCzf429YQ1xQgdZZMy5KQ5jtkkDC7gUZWyPerhXr
2026-04-12T11:12:02.076Z,7bfbBZXpMYbNjhZ6eQ8Ch8VFAbgcz4WsrY7JtQKcpump,BOATGUY,filter_1,2026-04-11T19:27:26.855Z,945,3.793e-06,4096,262144,pumpswap,6gALa6BfE8ce8pLYaEFsTkCtxozfbuBR5bMVK3nKeFD4
2026-04-12T11:12:02.267Z,4juv1Wq63My7Bc7rznMZTyuD4aQfRSZGW9uKqFXSpump,Asset,filter_1,2026-04-11T19:27:24.857Z,945,4.955e-06,8192,8192,pumpswap,6g8ZTMKCKvSsVX92g4SKoBESXgrDL2cR1WLg8i7GZPV9
2026-04-12T11:12:02.425Z,Aq6XmZSohMJeRGU9WswbyQo9paEcKrTEs3xdfDFtpump,Lia,filter_1,2026-04-11T19:25:27.104Z,947,1.717e-06,4096,524288,pumpswap,BsFk4E3Hm12Mg27XmBoDPuk27WAC78BPfN98AHHpDPcM
2026-04-12T11:12:02.583Z,AUZnnRTdybeMiHrxfueNyBgLHnu4H39kngUh84WMpump,MELANIA,filter_3,2026-04-11T19:24:02.559Z,948,0.001584,131072,1048576,pumpswap,DM9Xj9x8A8SEinJdoz4SJH2vdhBdPGSZmhL7DxBgwbBy
2026-04-12T11:12:02.767Z,56MEDV2H1M7DkaikaSg5vpibaSyWhgspCxgPwQJhpump,DNIGGA,filter_1,2026-04-11T19:22:24.852Z,950,2.034e-06,4096,65536,pumpswap,CAhVRREzXYHDvtu6iwACsei9vhv6mexsGm9hpkeVP1Kj
2026-04-12T11:12:02.926Z,A2Px3FMumMJ7W67VEp9ahFXueEyf9aHpei4TTJ5mpump,BABY,filter_3,2026-04-11T19:14:43.120Z,957,8.57e-06,8192,1048576,pumpswap,53UgNjZDC6mXsEDTowHLmKi2Y6jzjH2Ee3ybac7jEQRQ
2026-04-12T11:12:03.085Z,wutj1cNsMWyeu9ub61knDRCwU37aVvYuCBn8ZLPj7JL,ZHONEY,filter_1,2026-04-11T19:04:35.959Z,967,8.416e-06,8192,65536,pumpswap,CtYpMFyZqcJL7mPbDQU9o88g9QpkbzEFSC81J9FzFbF8
2026-04-12T11:12:03.269Z,4oFZFm3s8VKeCnwM2G5X5mZrsPivDyzCLvDYZmVipump,ClawFC,filter_1,2026-04-11T19:00:33.206Z,971,7.86e-06,8192,131072,pumpswap,BnbuPvQe2TNdhS7CSdsCGS1WY7FYu2kZti9adrqkqpZh
2026-04-12T11:12:03.449Z,5rniCpoweGXgsLZZDohw3fZA5yuXgt87df6GHAxWpump,MOTHER,filter_1,2026-04-11T18:17:31.505Z,1014,4.837e-06,4096,32768,pumpswap,7dzsEYbuQoK1LLAiae7riygcwphP7BTbK6r7Vv94p28M
2026-04-12T11:12:03.607Z,3i8RByhvAaSWh2VSoVieAPzzmc4DpZC9WHVSsDzBpump,FOOLHOUSE,filter_2,2026-04-11T13:59:09.655Z,1273,1.735e-06,4096,524288,pumpswap,G8AJyLtb85QyMbaXZe4k5DdTfLPTD8dEX9xDn2fKqQZD
2026-04-12T11:12:03.792Z,AutFvM5QZqtvjK2SrR8iLwvDEQ7ePnL14Rv7GPFvpump,TripleC,filter_2,2026-04-11T13:57:07.657Z,1275,4.57e-06,4096,524288,pumpswap,Cvk9vLXa9wiqWTxb7q5EP3jdPow5ZBrdn1MLRmergW3v
2026-04-12T11:12:03.951Z,Dj2JhqEaKgPDo9se3A1dtSBVV1FFCxAfFa9SBBWmpump,GoldDancer,filter_2,2026-04-11T13:01:12.368Z,1331,1.587e-05,8192,524288,pumpswap,9hovxHG2vADjGPe7S6agGTx5o72kgojobbpC5UVzLdt5
2026-04-12T11:12:04.109Z,ACtfUWtgvaXrQGNMiohTusi5jcx5RJf5zwu9aAxkpump,unc,filter_2,2026-04-11T11:21:14.804Z,1431,0.0005086,65536,2097152,pumpswap,BWFZkx1pMpvwxammwTrizvoWzZZGiFEYUYW6Ee51SHLy
2026-04-12T11:16:58.709Z,DdpmZkfeANzQuZzt3Ycuc84awmzWkadpNnaukZaLpump,GEM,filter_1,2026-04-12T10:59:34.508Z,17,1.062e-05,8192,65536,pumpswap,C8ZtfQxMsUPmnPTtVn7qFqTx6pQcJ1advjtVQSg6Nksv
2026-04-12T11:16:58.873Z,7jZ9YMaHvtNEva4JwLWMb1SdMVWu5QkbMSYi4dwipump,Table,filter_1,2026-04-12T10:59:33.755Z,17,8.333e-06,8192,262144,pumpswap,eScaeJPmgXK75ViANd48NPzM9CpK5AW9m6rX25v8ttc
2026-04-12T11:16:59.034Z,EEebKSFGquW3jX5cFF9sKA2DwLrvGyF1MFwJBfw3bonk,BANI,filter_2,2026-04-12T10:54:00.793Z,23,4.322e-05,16384,262144,raydium,3ArVLZbgpJnsse18pigFJvuhmf2BhiCPX6XZLHF4e6i7
2026-04-12T11:16:59.211Z,2Eem6sxzq5rvdfxHDDwmJBgAXHinUEkiWnEkAKo9pump,ASHLEE,filter_2,2026-04-12T10:32:34.031Z,44,2.908e-05,16384,262144,pumpswap,96xtTNypm2x2bBCPUP9D8ETja6wjJ4e5bA4q3FvMRLYk
2026-04-12T11:16:59.373Z,34q2KmCvapecJgR6ZrtbCTrzZVtkt3a5mHEA3TuEsWYb,LOL,filter_4,2026-04-12T09:13:33.461Z,123,0.006874,262144,1048576,pumpswap,Dx5wFoszXvND6XYYAjAjUQrGLqDAUrTVH2JmHz6eJDNt
2026-04-12T11:16:59.534Z,EmtpJyHqWqH2xGvdag4DyLFNfnjDM6qTAv9QN17npump,tremp,filter_1,2026-04-12T06:53:33.876Z,263,2.028e-06,4096,262144,pumpswap,3a9vYs5m15vkxtMDLHRNagay3WuJ6FKSNJapdU3qh4rh
2026-04-12T11:16:59.696Z,4CkWXDBNqfqBT5xCon4hrGU3mwqhQ3GSwdQQ1SDnpump,STC,filter_2,2026-04-12T06:33:34.615Z,283,5.448e-05,16384,524288,pumpswap,BfcxnfNQF3cbZmdKbTNvL1fLD4dEjGhXCG9r6JS6EqB4
2026-04-12T11:16:59.859Z,ApvxrH4oet42G4mgHZTtYZ9h2yMwhNZqs7Tqu1Ebpump,NIKUTA,filter_1,2026-04-12T03:23:38.029Z,473,3.778e-06,4096,131072,pumpswap,BLzb2UKri4YMnAeqc8VgWioAz8zN62LrcDsaJB3VcK22
2026-04-12T11:17:00.021Z,D6HZ5Se3X2wEWWYsHp8Ma3wh3yWwFSSdCAFjGC4spump,Cat,filter_4,2026-04-12T03:06:34.258Z,490,2.051e-05,16384,131072,pumpswap,5g91GWPaRMg4DdCUyds858fyAzhaiTVbi563jVKhqLuT
2026-04-12T11:17:00.194Z,7Y445U5CAiLL4icyyPDonXy7zvGGML2TGjyMmwpDpump,WLFI,filter_1,2026-04-12T02:03:35.233Z,553,9.403e-05,32768,262144,pumpswap,EjzyuTwozXjagMTqqN6hjNpEyW3Q7rX3avE2otRRS8hv
2026-04-12T11:17:00.357Z,BRKFJs1jxrYBKR5sxBiuxTTbyipNBmT6GWenb3c9pump,TRUMP47,filter_5,2026-04-12T00:39:59.430Z,637,1.59e-06,4096,524288,pumpswap,EgcA2ShdHZK4Sg7N6H7yGzTjxpTpunRrbzw231wLWeDh
2026-04-12T11:17:00.547Z,5xjSweEeRNTNHXpEiyp1XBUB2D3MMYCuU8khzgiZpump,FUDGE,filter_2,2026-04-12T00:02:34.174Z,674,3.171e-05,16384,65536,pumpswap,GXBAKvHDgXXwxWWGWmrepfpXstnghwVGEqBmAq2EQgQZ
2026-04-12T11:17:00.740Z,AQiYy4igZ6jeUS5nbTymwLaQfnEg5BAjjZsP1EZkEjBU,Dolores,filter_1,2026-04-11T23:52:34.399Z,684,3.354e-06,4096,65536,pumpswap,9MiNdc2ywiYUm2nr2KTGo8UCmjk3TdKLCZ2B4aAtZ9hq
2026-04-12T11:17:00.899Z,yLT7rHdaNkfnqfg5pxXxCTrx1Rsnagod16DnpKBpump,Nilly,filter_1,2026-04-11T23:45:34.391Z,691,2.846e-06,4096,131072,pumpswap,8vjkK4SAhZ6zkX7gox9DQEmpX7MbiKsp2gRjD4dAS21V
2026-04-12T11:17:01.060Z,9oVRwbx3Ray9bK7CKhqwfqY5NaWYjG3xj1DNYg2mpump,brainlet,filter_2,2026-04-11T22:44:55.606Z,752,1.936e-06,4096,524288,pumpswap,2PW331e9D7pmdELA1m1Uyq6pnEuj5BWB8m7dcBGgJ5xo
2026-04-12T11:17:01.226Z,9XhhPHKnvSd9R8Ygr8kHR6n8YNYd7SMzRHHPFeb2pump,doomer,filter_1,2026-04-11T22:10:33.845Z,786,1.693e-06,4096,262144,pumpswap,DqTPbpJo2UfNFy2v4dHjMoFg9S2wid1RZuF8qfwcJrHx
2026-04-12T11:17:01.414Z,2wwDzQLc3pwgcHrkCadio4Hn3bzYyCptRAewJAEXdoge,MARKC,filter_1,2026-04-11T21:57:35.843Z,799,3.675e-06,4096,65536,meteora,2rVNWK9fRajakX19wtrfJKGE3xNWeubnV5VpYxETUvPX
2026-04-12T11:17:01.577Z,NicGVyEGbJhn52gBtqWM18zKGzRSe9js98AZnRwY8eS,NEGRON,filter_2,2026-04-11T21:33:59.338Z,823,4.021e-07,131072,8388608,raydium,2rXfTt3Xh699TtAUruiz6Vs7vdTrsn55bEm2FKt9y8yE
2026-04-12T11:21:58.725Z,69iu9bE7VYtuen7oNubgHAaYqpyaM6ZvCwoudsoMpump,Audit,filter_1,2026-04-12T10:43:35.244Z,38,6.033e-06,8192,262144,pumpswap,Ap365bq7KpWPse9sRuHnMTwek2XSQ77setZ8hxujTrL6
2026-04-12T11:21:58.954Z,H3UfCEUfNyK5dSQcw2yYBU7pLw5qjE6PeHfmdPQxpump,Monobloc,filter_1,2026-04-12T09:38:36.718Z,103,3.106e-06,,65536,pumpfun,C8mK6iGgSueLyavm4jhqJBMMWsqcj25QfGgFs8j6t9Nu
2026-04-12T11:21:59.140Z,GjHiCdvt1Zeti6rdSJeCqdkNMQKcxCkShRss5rGLWwbF,GNWR,filter_2,2026-04-12T09:33:57.750Z,108,0.1245,262144,2097152,raydium,38Wyp9ogTNGUgLeKt6FV7dpWurAtTobbo6T7fgT51uG9
2026-04-12T11:21:59.333Z,39byoLyCVzpfRoiChZoN96dLCoHF8JEPH5h9Qodypump,YN,filter_1,2026-04-12T09:28:36.955Z,113,8.752e-06,8192,262144,pumpswap,DALWM8Ph5yjigv2AtHYQCMAuCHXkZMQo3P3gqaJuv695
2026-04-12T11:21:59.494Z,GiE8Bf4Y2YHvwKutQUFeR2yaAMPWbkngLvezTWwapump,🪑,filter_2,2026-04-12T08:48:02.735Z,154,0.0005316,65536,2097152,pumpswap,47yRWYckWUBUrbSN7AmhanMDhfydURQf5G3fjhotpjy5
2026-04-12T11:21:59.656Z,AiC9FhtXA1iNGW77MocxebVc9U5baQa4nkUFQhtbpump,Sisyphus,filter_4,2026-04-12T08:12:35.668Z,189,6.458e-06,8192,262144,pumpswap,9wFPVtrpbnuKYpLJLYZDhWSFb7R6dVbkmePUVP4zAjd
2026-04-12T11:21:59.818Z,BvHneYfnCYjfZE52iUhK4bqkcqJjYjMQUJb5FPhCpump,ALONSHOUSE,filter_2,2026-04-12T03:51:56.774Z,450,0.0003961,65536,2097152,pumpswap,6KuCNvUu9NsgTFyo1vQGfeFqsoKq7Jq19LhZeQwtMMVr
2026-04-12T11:22:00.003Z,7cFndW3LZJr5hdT138meuoqQRDR6HYqATxKj2CwPpump,AgentCRM,filter_1,2026-04-12T03:39:36.524Z,462,1.966e-05,8192,262144,pumpswap,9UmjwMC9BVfdCYNaa9xCJwWkJjufeVbQg8xcSqMsSSM5
2026-04-12T11:22:00.164Z,9AEtb967xTMosjp9XFhvHLhscPNYgDWc15jFAZR8pump,RƎ́V,filter_1,2026-04-12T02:44:33.253Z,517,0.0001475,32768,16384,pumpswap,EMm9RL2tHvUvygLCu9WkUMBgnu29K2kePzUuWhiSjdMU
2026-04-12T11:22:00.361Z,Hy58kFcGQuZ9qqbiJL5Ka8FPPmqfU6w4zSqNAyzbpump,Zoomer,filter_5,2026-04-12T02:21:55.989Z,540,3.814e-05,16384,524288,pumpswap,EvDD7gjtfLETpF8m8boLppTCHosWoyoy43AKSttyRia9
2026-04-12T11:22:00.546Z,AdD5EMoGMDiGXcgepXQXneB4fEZuS1QvKqDrN876pump,CRAFT,filter_1,2026-04-12T02:18:34.482Z,543,2.073e-05,8192,131072,pumpswap,Fq6wzHyzh8YXvGS7EYBSNPLs7cr3WSLBw4WCpp5Bbk9n
2026-04-12T11:22:00.709Z,8yeUyEaxBkBgcG5i22zR6JiLmVPbA3p6FUBHjFLFpump,MOG,filter_1,2026-04-12T00:53:40.689Z,628,2e-06,4096,262144,pumpswap,8jL5pBxjqyhXzGwYDYZhvdifvuSiP7KWzU8ZCGgssRzk
2026-04-12T11:22:00.879Z,VXnX59zHN7j8FrA971nJij7q2RvPSPa3TioV236pump,COG,filter_1,2026-04-11T23:57:38.153Z,684,2.826e-06,4096,262144,pumpswap,DsEyaDvzkJHPnSwDU251c5pCP1V466nMpwh8KQzEeUuU
2026-04-12T11:22:01.041Z,3SNNxUYmrXUc1mQbtV2NGQTuGKVji4y3MWhyESTypump,CASSIE,filter_4,2026-04-11T23:18:36.635Z,723,2.953e-05,16384,131072,pumpswap,B6nQAKbBTm8xTFHBs4xGUqMJJu6JF5mBcmpEv8MPEQ1i
2026-04-12T11:22:01.204Z,6TRyMNFbS6y444mDECfaENQrVnvZP4XzMr2fa6f8pump,Trump,filter_6,2026-04-11T21:07:35.070Z,854,1.954e-06,4096,1048576,pumpswap,BJLaR38FZ2accuRrABzAWdiMeZ8mF3Ky5tL6q853bgBh
2026-04-12T11:22:01.367Z,EamB9vqC1b4aoyPR6t3hn6CWf48yny84xzCuFJMbpump,Peepa,filter_1,2026-04-11T20:47:42.794Z,874,5.831e-05,16384,1048576,pumpswap,BoB3Dvi5eLGFr86BexBPNY2ZXwMNjWhx3FVCep3X2Vj6
2026-04-12T11:22:01.529Z,AQGaTfXDcvinz6DuxfZEKKFp7hmiWDLis4FtK3chpump,Ivunka,filter_3,2026-04-11T20:41:43.544Z,880,2.719e-06,4096,524288,pumpswap,AHBtpXJ7csokwSXddEDxPFYHcA515g234kXTBMhAVRxe
2026-04-12T11:22:01.755Z,BfZ27pSjL3L8Abm8VuRs5MLjjP21Xv5tUL81Rkyepump,WID,filter_4,2026-04-11T20:41:42.289Z,880,1.399e-05,8192,16384,pumpswap,4zmdmfGwoNb2mfF9PJq2N7x38qpQMwBMphD3HMDx6dak
2026-04-12T11:22:01.915Z,EgiJdQ8dbQHWu1uKS6cQBPaF2sK3a7WFpkjHEgdDpump,Dodger,filter_3,2026-04-11T19:29:11.694Z,953,1.391e-05,8192,1048576,pumpswap,7yrRRCzf429YQ1xQgdZZMy5KQ5jtkkDC7gUZWyPerhXr
2026-04-12T11:22:02.097Z,7bfbBZXpMYbNjhZ6eQ8Ch8VFAbgcz4WsrY7JtQKcpump,BOATGUY,filter_1,2026-04-11T19:27:26.855Z,955,3.793e-06,4096,262144,pumpswap,6gALa6BfE8ce8pLYaEFsTkCtxozfbuBR5bMVK3nKeFD4
2026-04-12T11:22:02.290Z,4juv1Wq63My7Bc7rznMZTyuD4aQfRSZGW9uKqFXSpump,Asset,filter_1,2026-04-11T19:27:24.857Z,955,4.955e-06,8192,8192,pumpswap,6g8ZTMKCKvSsVX92g4SKoBESXgrDL2cR1WLg8i7GZPV9
2026-04-12T11:22:02.452Z,Aq6XmZSohMJeRGU9WswbyQo9paEcKrTEs3xdfDFtpump,Lia,filter_1,2026-04-11T19:25:27.104Z,957,1.717e-06,4096,524288,pumpswap,BsFk4E3Hm12Mg27XmBoDPuk27WAC78BPfN98AHHpDPcM
2026-04-12T11:22:02.612Z,AUZnnRTdybeMiHrxfueNyBgLHnu4H39kngUh84WMpump,MELANIA,filter_3,2026-04-11T19:24:02.559Z,958,0.001553,131072,1048576,pumpswap,DM9Xj9x8A8SEinJdoz4SJH2vdhBdPGSZmhL7DxBgwbBy
2026-04-12T11:22:02.811Z,56MEDV2H1M7DkaikaSg5vpibaSyWhgspCxgPwQJhpump,DNIGGA,filter_1,2026-04-11T19:22:24.852Z,960,2.034e-06,4096,65536,pumpswap,CAhVRREzXYHDvtu6iwACsei9vhv6mexsGm9hpkeVP1Kj
2026-04-12T11:22:03.050Z,A2Px3FMumMJ7W67VEp9ahFXueEyf9aHpei4TTJ5mpump,BABY,filter_3,2026-04-11T19:14:43.120Z,967,8.621e-06,8192,1048576,pumpswap,53UgNjZDC6mXsEDTowHLmKi2Y6jzjH2Ee3ybac7jEQRQ
2026-04-12T11:22:03.211Z,wutj1cNsMWyeu9ub61knDRCwU37aVvYuCBn8ZLPj7JL,ZHONEY,filter_1,2026-04-11T19:04:35.959Z,977,7.752e-06,8192,65536,pumpswap,CtYpMFyZqcJL7mPbDQU9o88g9QpkbzEFSC81J9FzFbF8
2026-04-12T11:22:03.374Z,4oFZFm3s8VKeCnwM2G5X5mZrsPivDyzCLvDYZmVipump,ClawFC,filter_1,2026-04-11T19:00:33.206Z,981,8.192e-06,8192,131072,pumpswap,BnbuPvQe2TNdhS7CSdsCGS1WY7FYu2kZti9adrqkqpZh
2026-04-12T11:22:03.537Z,5rniCpoweGXgsLZZDohw3fZA5yuXgt87df6GHAxWpump,MOTHER,filter_1,2026-04-11T18:17:31.505Z,1024,4.878e-06,4096,32768,pumpswap,7dzsEYbuQoK1LLAiae7riygcwphP7BTbK6r7Vv94p28M
2026-04-12T11:22:03.698Z,3i8RByhvAaSWh2VSoVieAPzzmc4DpZC9WHVSsDzBpump,FOOLHOUSE,filter_2,2026-04-11T13:59:09.655Z,1283,1.76e-06,4096,524288,pumpswap,G8AJyLtb85QyMbaXZe4k5DdTfLPTD8dEX9xDn2fKqQZD
2026-04-12T11:22:03.886Z,AutFvM5QZqtvjK2SrR8iLwvDEQ7ePnL14Rv7GPFvpump,TripleC,filter_2,2026-04-11T13:57:07.657Z,1285,4.519e-06,4096,524288,pumpswap,Cvk9vLXa9wiqWTxb7q5EP3jdPow5ZBrdn1MLRmergW3v
2026-04-12T11:22:04.048Z,Dj2JhqEaKgPDo9se3A1dtSBVV1FFCxAfFa9SBBWmpump,GoldDancer,filter_2,2026-04-11T13:01:12.368Z,1341,1.998e-05,8192,524288,pumpswap,9hovxHG2vADjGPe7S6agGTx5o72kgojobbpC5UVzLdt5
2026-04-12T11:26:58.765Z,7jZ9YMaHvtNEva4JwLWMb1SdMVWu5QkbMSYi4dwipump,Table,filter_1,2026-04-12T11:25:34.037Z,1,9.198e-06,8192,262144,pumpswap,eScaeJPmgXK75ViANd48NPzM9CpK5AW9m6rX25v8ttc
2026-04-12T11:26:58.948Z,DdpmZkfeANzQuZzt3Ycuc84awmzWkadpNnaukZaLpump,GEM,filter_1,2026-04-12T10:59:34.508Z,27,1.075e-05,8192,65536,pumpswap,C8ZtfQxMsUPmnPTtVn7qFqTx6pQcJ1advjtVQSg6Nksv
2026-04-12T11:26:59.110Z,EEebKSFGquW3jX5cFF9sKA2DwLrvGyF1MFwJBfw3bonk,BANI,filter_2,2026-04-12T10:54:00.793Z,33,3.799e-05,16384,262144,raydium,3ArVLZbgpJnsse18pigFJvuhmf2BhiCPX6XZLHF4e6i7
2026-04-12T11:26:59.273Z,2Eem6sxzq5rvdfxHDDwmJBgAXHinUEkiWnEkAKo9pump,ASHLEE,filter_2,2026-04-12T10:32:34.031Z,54,3.135e-05,16384,262144,pumpswap,96xtTNypm2x2bBCPUP9D8ETja6wjJ4e5bA4q3FvMRLYk
2026-04-12T11:26:59.435Z,34q2KmCvapecJgR6ZrtbCTrzZVtkt3a5mHEA3TuEsWYb,LOL,filter_4,2026-04-12T09:13:33.461Z,133,0.006761,262144,1048576,pumpswap,Dx5wFoszXvND6XYYAjAjUQrGLqDAUrTVH2JmHz6eJDNt
2026-04-12T11:26:59.595Z,EmtpJyHqWqH2xGvdag4DyLFNfnjDM6qTAv9QN17npump,tremp,filter_1,2026-04-12T06:53:33.876Z,273,2.028e-06,4096,262144,pumpswap,3a9vYs5m15vkxtMDLHRNagay3WuJ6FKSNJapdU3qh4rh
2026-04-12T11:26:59.773Z,4CkWXDBNqfqBT5xCon4hrGU3mwqhQ3GSwdQQ1SDnpump,STC,filter_2,2026-04-12T06:33:34.615Z,293,4.786e-05,16384,524288,pumpswap,BfcxnfNQF3cbZmdKbTNvL1fLD4dEjGhXCG9r6JS6EqB4
2026-04-12T11:26:59.957Z,ApvxrH4oet42G4mgHZTtYZ9h2yMwhNZqs7Tqu1Ebpump,NIKUTA,filter_1,2026-04-12T03:23:38.029Z,483,3.83e-06,4096,131072,pumpswap,BLzb2UKri4YMnAeqc8VgWioAz8zN62LrcDsaJB3VcK22
2026-04-12T11:27:00.125Z,D6HZ5Se3X2wEWWYsHp8Ma3wh3yWwFSSdCAFjGC4spump,Cat,filter_4,2026-04-12T03:06:34.258Z,500,2.003e-05,16384,131072,pumpswap,5g91GWPaRMg4DdCUyds858fyAzhaiTVbi563jVKhqLuT
2026-04-12T11:27:00.287Z,7Y445U5CAiLL4icyyPDonXy7zvGGML2TGjyMmwpDpump,WLFI,filter_1,2026-04-12T02:03:35.233Z,563,8.237e-05,16384,262144,pumpswap,EjzyuTwozXjagMTqqN6hjNpEyW3Q7rX3avE2otRRS8hv
2026-04-12T11:27:00.446Z,BRKFJs1jxrYBKR5sxBiuxTTbyipNBmT6GWenb3c9pump,TRUMP47,filter_5,2026-04-12T00:39:59.430Z,647,1.59e-06,4096,524288,pumpswap,EgcA2ShdHZK4Sg7N6H7yGzTjxpTpunRrbzw231wLWeDh
2026-04-12T11:27:00.608Z,5xjSweEeRNTNHXpEiyp1XBUB2D3MMYCuU8khzgiZpump,FUDGE,filter_2,2026-04-12T00:02:34.174Z,684,3.264e-05,16384,65536,pumpswap,GXBAKvHDgXXwxWWGWmrepfpXstnghwVGEqBmAq2EQgQZ
2026-04-12T11:27:00.802Z,AQiYy4igZ6jeUS5nbTymwLaQfnEg5BAjjZsP1EZkEjBU,Dolores,filter_1,2026-04-11T23:52:34.399Z,694,3.101e-06,4096,65536,pumpswap,9MiNdc2ywiYUm2nr2KTGo8UCmjk3TdKLCZ2B4aAtZ9hq
2026-04-12T11:27:01.003Z,yLT7rHdaNkfnqfg5pxXxCTrx1Rsnagod16DnpKBpump,Nilly,filter_1,2026-04-11T23:45:34.391Z,701,2.846e-06,4096,131072,pumpswap,8vjkK4SAhZ6zkX7gox9DQEmpX7MbiKsp2gRjD4dAS21V
2026-04-12T11:27:01.166Z,9oVRwbx3Ray9bK7CKhqwfqY5NaWYjG3xj1DNYg2mpump,brainlet,filter_2,2026-04-11T22:44:55.606Z,762,1.936e-06,4096,524288,pumpswap,2PW331e9D7pmdELA1m1Uyq6pnEuj5BWB8m7dcBGgJ5xo
2026-04-12T11:27:01.374Z,9XhhPHKnvSd9R8Ygr8kHR6n8YNYd7SMzRHHPFeb2pump,doomer,filter_1,2026-04-11T22:10:33.845Z,796,1.693e-06,4096,262144,pumpswap,DqTPbpJo2UfNFy2v4dHjMoFg9S2wid1RZuF8qfwcJrHx
2026-04-12T11:27:01.559Z,2wwDzQLc3pwgcHrkCadio4Hn3bzYyCptRAewJAEXdoge,MARKC,filter_1,2026-04-11T21:57:35.843Z,809,3.634e-06,4096,65536,meteora,2rVNWK9fRajakX19wtrfJKGE3xNWeubnV5VpYxETUvPX
2026-04-12T11:27:01.774Z,NicGVyEGbJhn52gBtqWM18zKGzRSe9js98AZnRwY8eS,NEGRON,filter_2,2026-04-11T21:33:59.338Z,833,3.992e-07,131072,8388608,raydium,2rXfTt3Xh699TtAUruiz6Vs7vdTrsn55bEm2FKt9y8yE
2026-04-12T11:31:58.719Z,69iu9bE7VYtuen7oNubgHAaYqpyaM6ZvCwoudsoMpump,Audit,filter_1,2026-04-12T10:43:35.244Z,48,5.592e-06,4096,262144,pumpswap,Ap365bq7KpWPse9sRuHnMTwek2XSQ77setZ8hxujTrL6
2026-04-12T11:31:58.912Z,H3UfCEUfNyK5dSQcw2yYBU7pLw5qjE6PeHfmdPQxpump,Monobloc,filter_1,2026-04-12T09:38:36.718Z,113,3.062e-06,,65536,pumpfun,C8mK6iGgSueLyavm4jhqJBMMWsqcj25QfGgFs8j6t9Nu
2026-04-12T11:31:59.095Z,GjHiCdvt1Zeti6rdSJeCqdkNMQKcxCkShRss5rGLWwbF,GNWR,filter_2,2026-04-12T09:33:57.750Z,118,0.1268,262144,2097152,raydium,38Wyp9ogTNGUgLeKt6FV7dpWurAtTobbo6T7fgT51uG9
2026-04-12T11:31:59.281Z,39byoLyCVzpfRoiChZoN96dLCoHF8JEPH5h9Qodypump,YN,filter_1,2026-04-12T09:28:36.955Z,123,1.094e-05,8192,262144,pumpswap,DALWM8Ph5yjigv2AtHYQCMAuCHXkZMQo3P3gqaJuv695
2026-04-12T11:31:59.444Z,GiE8Bf4Y2YHvwKutQUFeR2yaAMPWbkngLvezTWwapump,🪑,filter_2,2026-04-12T08:48:02.735Z,164,0.0005358,65536,2097152,pumpswap,47yRWYckWUBUrbSN7AmhanMDhfydURQf5G3fjhotpjy5
2026-04-12T11:31:59.608Z,AiC9FhtXA1iNGW77MocxebVc9U5baQa4nkUFQhtbpump,Sisyphus,filter_4,2026-04-12T08:12:35.668Z,199,6.499e-06,8192,262144,pumpswap,9wFPVtrpbnuKYpLJLYZDhWSFb7R6dVbkmePUVP4zAjd
2026-04-12T11:31:59.770Z,BvHneYfnCYjfZE52iUhK4bqkcqJjYjMQUJb5FPhCpump,ALONSHOUSE,filter_2,2026-04-12T03:51:56.774Z,460,0.0004343,65536,2097152,pumpswap,6KuCNvUu9NsgTFyo1vQGfeFqsoKq7Jq19LhZeQwtMMVr
2026-04-12T11:31:59.964Z,7cFndW3LZJr5hdT138meuoqQRDR6HYqATxKj2CwPpump,AgentCRM,filter_1,2026-04-12T03:39:36.524Z,472,2.366e-05,16384,262144,pumpswap,9UmjwMC9BVfdCYNaa9xCJwWkJjufeVbQg8xcSqMsSSM5
2026-04-12T11:32:00.124Z,9AEtb967xTMosjp9XFhvHLhscPNYgDWc15jFAZR8pump,RƎ́V,filter_1,2026-04-12T02:44:33.253Z,527,0.0001471,32768,16384,pumpswap,EMm9RL2tHvUvygLCu9WkUMBgnu29K2kePzUuWhiSjdMU
2026-04-12T11:32:00.283Z,Hy58kFcGQuZ9qqbiJL5Ka8FPPmqfU6w4zSqNAyzbpump,Zoomer,filter_5,2026-04-12T02:21:55.989Z,550,3.567e-05,16384,524288,pumpswap,EvDD7gjtfLETpF8m8boLppTCHosWoyoy43AKSttyRia9
2026-04-12T11:32:00.443Z,AdD5EMoGMDiGXcgepXQXneB4fEZuS1QvKqDrN876pump,CRAFT,filter_1,2026-04-12T02:18:34.482Z,553,2.083e-05,8192,131072,pumpswap,Fq6wzHyzh8YXvGS7EYBSNPLs7cr3WSLBw4WCpp5Bbk9n
2026-04-12T11:32:00.603Z,8yeUyEaxBkBgcG5i22zR6JiLmVPbA3p6FUBHjFLFpump,MOG,filter_1,2026-04-12T00:53:40.689Z,638,2e-06,4096,262144,pumpswap,8jL5pBxjqyhXzGwYDYZhvdifvuSiP7KWzU8ZCGgssRzk
2026-04-12T11:32:00.799Z,VXnX59zHN7j8FrA971nJij7q2RvPSPa3TioV236pump,COG,filter_1,2026-04-11T23:57:38.153Z,694,2.828e-06,4096,262144,pumpswap,DsEyaDvzkJHPnSwDU251c5pCP1V466nMpwh8KQzEeUuU
2026-04-12T11:32:00.981Z,3SNNxUYmrXUc1mQbtV2NGQTuGKVji4y3MWhyESTypump,CASSIE,filter_4,2026-04-11T23:18:36.635Z,733,3.537e-05,16384,131072,pumpswap,B6nQAKbBTm8xTFHBs4xGUqMJJu6JF5mBcmpEv8MPEQ1i
2026-04-12T11:32:01.141Z,6TRyMNFbS6y444mDECfaENQrVnvZP4XzMr2fa6f8pump,Trump,filter_6,2026-04-11T21:07:35.070Z,864,1.954e-06,4096,1048576,pumpswap,BJLaR38FZ2accuRrABzAWdiMeZ8mF3Ky5tL6q853bgBh
2026-04-12T11:32:01.301Z,EamB9vqC1b4aoyPR6t3hn6CWf48yny84xzCuFJMbpump,Peepa,filter_1,2026-04-11T20:47:42.794Z,884,5.7e-05,16384,1048576,pumpswap,BoB3Dvi5eLGFr86BexBPNY2ZXwMNjWhx3FVCep3X2Vj6
2026-04-12T11:32:01.461Z,AQGaTfXDcvinz6DuxfZEKKFp7hmiWDLis4FtK3chpump,Ivunka,filter_3,2026-04-11T20:41:43.544Z,890,2.719e-06,4096,524288,pumpswap,AHBtpXJ7csokwSXddEDxPFYHcA515g234kXTBMhAVRxe
2026-04-12T11:32:01.671Z,BfZ27pSjL3L8Abm8VuRs5MLjjP21Xv5tUL81Rkyepump,WID,filter_4,2026-04-11T20:41:42.289Z,890,1.399e-05,8192,16384,pumpswap,4zmdmfGwoNb2mfF9PJq2N7x38qpQMwBMphD3HMDx6dak
2026-04-12T11:32:01.832Z,EgiJdQ8dbQHWu1uKS6cQBPaF2sK3a7WFpkjHEgdDpump,Dodger,filter_3,2026-04-11T19:29:11.694Z,963,1.412e-05,8192,1048576,pumpswap,7yrRRCzf429YQ1xQgdZZMy5KQ5jtkkDC7gUZWyPerhXr
2026-04-12T11:32:02.018Z,7bfbBZXpMYbNjhZ6eQ8Ch8VFAbgcz4WsrY7JtQKcpump,BOATGUY,filter_1,2026-04-11T19:27:26.855Z,965,3.768e-06,4096,262144,pumpswap,6gALa6BfE8ce8pLYaEFsTkCtxozfbuBR5bMVK3nKeFD4
2026-04-12T11:32:02.201Z,4juv1Wq63My7Bc7rznMZTyuD4aQfRSZGW9uKqFXSpump,Asset,filter_1,2026-04-11T19:27:24.857Z,965,4.951e-06,8192,8192,pumpswap,6g8ZTMKCKvSsVX92g4SKoBESXgrDL2cR1WLg8i7GZPV9
2026-04-12T11:32:02.361Z,Aq6XmZSohMJeRGU9WswbyQo9paEcKrTEs3xdfDFtpump,Lia,filter_1,2026-04-11T19:25:27.104Z,967,1.717e-06,4096,524288,pumpswap,BsFk4E3Hm12Mg27XmBoDPuk27WAC78BPfN98AHHpDPcM
2026-04-12T11:32:02.520Z,AUZnnRTdybeMiHrxfueNyBgLHnu4H39kngUh84WMpump,MELANIA,filter_3,2026-04-11T19:24:02.559Z,968,0.001629,131072,1048576,pumpswap,DM9Xj9x8A8SEinJdoz4SJH2vdhBdPGSZmhL7DxBgwbBy
2026-04-12T11:32:02.705Z,56MEDV2H1M7DkaikaSg5vpibaSyWhgspCxgPwQJhpump,DNIGGA,filter_1,2026-04-11T19:22:24.852Z,970,2e-06,4096,65536,pumpswap,CAhVRREzXYHDvtu6iwACsei9vhv6mexsGm9hpkeVP1Kj
2026-04-12T11:32:02.889Z,A2Px3FMumMJ7W67VEp9ahFXueEyf9aHpei4TTJ5mpump,BABY,filter_3,2026-04-11T19:14:43.120Z,977,8.449e-06,8192,1048576,pumpswap,53UgNjZDC6mXsEDTowHLmKi2Y6jzjH2Ee3ybac7jEQRQ
2026-04-12T11:32:03.047Z,wutj1cNsMWyeu9ub61knDRCwU37aVvYuCBn8ZLPj7JL,ZHONEY,filter_1,2026-04-11T19:04:35.959Z,987,7.813e-06,8192,65536,pumpswap,CtYpMFyZqcJL7mPbDQU9o88g9QpkbzEFSC81J9FzFbF8
2026-04-12T11:32:03.233Z,4oFZFm3s8VKeCnwM2G5X5mZrsPivDyzCLvDYZmVipump,ClawFC,filter_1,2026-04-11T19:00:33.206Z,991,8.011e-06,8192,131072,pumpswap,BnbuPvQe2TNdhS7CSdsCGS1WY7FYu2kZti9adrqkqpZh
2026-04-12T11:32:03.395Z,5rniCpoweGXgsLZZDohw3fZA5yuXgt87df6GHAxWpump,MOTHER,filter_1,2026-04-11T18:17:31.505Z,1034,5.321e-06,4096,32768,pumpswap,7dzsEYbuQoK1LLAiae7riygcwphP7BTbK6r7Vv94p28M
2026-04-12T11:32:03.554Z,3i8RByhvAaSWh2VSoVieAPzzmc4DpZC9WHVSsDzBpump,FOOLHOUSE,filter_2,2026-04-11T13:59:09.655Z,1293,1.876e-06,4096,524288,pumpswap,G8AJyLtb85QyMbaXZe4k5DdTfLPTD8dEX9xDn2fKqQZD
2026-04-12T11:32:03.748Z,AutFvM5QZqtvjK2SrR8iLwvDEQ7ePnL14Rv7GPFvpump,TripleC,filter_2,2026-04-11T13:57:07.657Z,1295,4.584e-06,4096,524288,pumpswap,Cvk9vLXa9wiqWTxb7q5EP3jdPow5ZBrdn1MLRmergW3v
2026-04-12T11:32:03.909Z,Dj2JhqEaKgPDo9se3A1dtSBVV1FFCxAfFa9SBBWmpump,GoldDancer,filter_2,2026-04-11T13:01:12.368Z,1351,1.829e-05,8192,524288,pumpswap,9hovxHG2vADjGPe7S6agGTx5o72kgojobbpC5UVzLdt5
2026-04-12T11:36:58.701Z,DdpmZkfeANzQuZzt3Ycuc84awmzWkadpNnaukZaLpump,GEM,filter_1,2026-04-12T11:36:35.043Z,0,1.132e-05,8192,65536,pumpswap,C8ZtfQxMsUPmnPTtVn7qFqTx6pQcJ1advjtVQSg6Nksv
2026-04-12T11:36:58.860Z,7jZ9YMaHvtNEva4JwLWMb1SdMVWu5QkbMSYi4dwipump,Table,filter_1,2026-04-12T11:31:34.040Z,5,8.947e-06,8192,262144,pumpswap,eScaeJPmgXK75ViANd48NPzM9CpK5AW9m6rX25v8ttc
2026-04-12T11:36:59.020Z,EEebKSFGquW3jX5cFF9sKA2DwLrvGyF1MFwJBfw3bonk,BANI,filter_2,2026-04-12T10:54:00.793Z,43,3.182e-05,16384,262144,raydium,3ArVLZbgpJnsse18pigFJvuhmf2BhiCPX6XZLHF4e6i7
2026-04-12T11:36:59.178Z,2Eem6sxzq5rvdfxHDDwmJBgAXHinUEkiWnEkAKo9pump,ASHLEE,filter_2,2026-04-12T10:32:34.031Z,64,2.988e-05,16384,262144,pumpswap,96xtTNypm2x2bBCPUP9D8ETja6wjJ4e5bA4q3FvMRLYk
2026-04-12T11:36:59.340Z,34q2KmCvapecJgR6ZrtbCTrzZVtkt3a5mHEA3TuEsWYb,LOL,filter_4,2026-04-12T09:13:33.461Z,143,0.006715,262144,1048576,pumpswap,Dx5wFoszXvND6XYYAjAjUQrGLqDAUrTVH2JmHz6eJDNt
2026-04-12T11:36:59.499Z,EmtpJyHqWqH2xGvdag4DyLFNfnjDM6qTAv9QN17npump,tremp,filter_1,2026-04-12T06:53:33.876Z,283,2.028e-06,4096,262144,pumpswap,3a9vYs5m15vkxtMDLHRNagay3WuJ6FKSNJapdU3qh4rh
2026-04-12T11:36:59.658Z,4CkWXDBNqfqBT5xCon4hrGU3mwqhQ3GSwdQQ1SDnpump,STC,filter_2,2026-04-12T06:33:34.615Z,303,5.024e-05,16384,524288,pumpswap,BfcxnfNQF3cbZmdKbTNvL1fLD4dEjGhXCG9r6JS6EqB4
2026-04-12T11:36:59.858Z,ApvxrH4oet42G4mgHZTtYZ9h2yMwhNZqs7Tqu1Ebpump,NIKUTA,filter_1,2026-04-12T03:23:38.029Z,493,3.748e-06,4096,131072,pumpswap,BLzb2UKri4YMnAeqc8VgWioAz8zN62LrcDsaJB3VcK22
2026-04-12T11:37:00.050Z,D6HZ5Se3X2wEWWYsHp8Ma3wh3yWwFSSdCAFjGC4spump,Cat,filter_4,2026-04-12T03:06:34.258Z,510,1.956e-05,16384,131072,pumpswap,5g91GWPaRMg4DdCUyds858fyAzhaiTVbi563jVKhqLuT
2026-04-12T11:37:00.210Z,7Y445U5CAiLL4icyyPDonXy7zvGGML2TGjyMmwpDpump,WLFI,filter_1,2026-04-12T02:03:35.233Z,573,8.013e-05,16384,262144,pumpswap,EjzyuTwozXjagMTqqN6hjNpEyW3Q7rX3avE2otRRS8hv
2026-04-12T11:37:00.370Z,BRKFJs1jxrYBKR5sxBiuxTTbyipNBmT6GWenb3c9pump,TRUMP47,filter_5,2026-04-12T00:39:59.430Z,657,1.595e-06,4096,524288,pumpswap,EgcA2ShdHZK4Sg7N6H7yGzTjxpTpunRrbzw231wLWeDh
2026-04-12T11:37:00.565Z,5xjSweEeRNTNHXpEiyp1XBUB2D3MMYCuU8khzgiZpump,FUDGE,filter_2,2026-04-12T00:02:34.174Z,694,2.985e-05,16384,65536,pumpswap,GXBAKvHDgXXwxWWGWmrepfpXstnghwVGEqBmAq2EQgQZ
2026-04-12T11:37:00.746Z,AQiYy4igZ6jeUS5nbTymwLaQfnEg5BAjjZsP1EZkEjBU,Dolores,filter_1,2026-04-11T23:52:34.399Z,704,3.101e-06,4096,65536,pumpswap,9MiNdc2ywiYUm2nr2KTGo8UCmjk3TdKLCZ2B4aAtZ9hq
2026-04-12T11:37:00.939Z,yLT7rHdaNkfnqfg5pxXxCTrx1Rsnagod16DnpKBpump,Nilly,filter_1,2026-04-11T23:45:34.391Z,711,2.705e-06,4096,131072,pumpswap,8vjkK4SAhZ6zkX7gox9DQEmpX7MbiKsp2gRjD4dAS21V
2026-04-12T11:37:01.125Z,9oVRwbx3Ray9bK7CKhqwfqY5NaWYjG3xj1DNYg2mpump,brainlet,filter_2,2026-04-11T22:44:55.606Z,772,1.936e-06,4096,524288,pumpswap,2PW331e9D7pmdELA1m1Uyq6pnEuj5BWB8m7dcBGgJ5xo
2026-04-12T11:37:01.289Z,9XhhPHKnvSd9R8Ygr8kHR6n8YNYd7SMzRHHPFeb2pump,doomer,filter_1,2026-04-11T22:10:33.845Z,806,1.693e-06,4096,262144,pumpswap,DqTPbpJo2UfNFy2v4dHjMoFg9S2wid1RZuF8qfwcJrHx
2026-04-12T11:37:01.472Z,2wwDzQLc3pwgcHrkCadio4Hn3bzYyCptRAewJAEXdoge,MARKC,filter_1,2026-04-11T21:57:35.843Z,819,3.637e-06,4096,65536,meteora,2rVNWK9fRajakX19wtrfJKGE3xNWeubnV5VpYxETUvPX
2026-04-12T11:37:01.632Z,NicGVyEGbJhn52gBtqWM18zKGzRSe9js98AZnRwY8eS,NEGRON,filter_2,2026-04-11T21:33:59.338Z,843,4.009e-07,131072,8388608,raydium,2rXfTt3Xh699TtAUruiz6Vs7vdTrsn55bEm2FKt9y8yE
2026-04-12T11:41:58.705Z,69iu9bE7VYtuen7oNubgHAaYqpyaM6ZvCwoudsoMpump,Audit,filter_1,2026-04-12T10:43:35.244Z,58,6.782e-06,8192,262144,pumpswap,Ap365bq7KpWPse9sRuHnMTwek2XSQ77setZ8hxujTrL6
2026-04-12T11:41:58.887Z,H3UfCEUfNyK5dSQcw2yYBU7pLw5qjE6PeHfmdPQxpump,Monobloc,filter_1,2026-04-12T09:38:36.718Z,123,2.984e-06,,65536,pumpfun,C8mK6iGgSueLyavm4jhqJBMMWsqcj25QfGgFs8j6t9Nu
2026-04-12T11:41:59.079Z,GjHiCdvt1Zeti6rdSJeCqdkNMQKcxCkShRss5rGLWwbF,GNWR,filter_2,2026-04-12T09:33:57.750Z,128,0.1307,262144,2097152,raydium,38Wyp9ogTNGUgLeKt6FV7dpWurAtTobbo6T7fgT51uG9
2026-04-12T11:41:59.246Z,39byoLyCVzpfRoiChZoN96dLCoHF8JEPH5h9Qodypump,YN,filter_1,2026-04-12T09:28:36.955Z,133,1.16e-05,8192,262144,pumpswap,DALWM8Ph5yjigv2AtHYQCMAuCHXkZMQo3P3gqaJuv695
2026-04-12T11:41:59.406Z,GiE8Bf4Y2YHvwKutQUFeR2yaAMPWbkngLvezTWwapump,🪑,filter_2,2026-04-12T08:48:02.735Z,174,0.0005026,65536,2097152,pumpswap,47yRWYckWUBUrbSN7AmhanMDhfydURQf5G3fjhotpjy5
2026-04-12T11:41:59.566Z,AiC9FhtXA1iNGW77MocxebVc9U5baQa4nkUFQhtbpump,Sisyphus,filter_4,2026-04-12T08:12:35.668Z,209,6.412e-06,8192,262144,pumpswap,9wFPVtrpbnuKYpLJLYZDhWSFb7R6dVbkmePUVP4zAjd
2026-04-12T11:41:59.726Z,BvHneYfnCYjfZE52iUhK4bqkcqJjYjMQUJb5FPhCpump,ALONSHOUSE,filter_2,2026-04-12T03:51:56.774Z,470,0.0003794,65536,2097152,pumpswap,6KuCNvUu9NsgTFyo1vQGfeFqsoKq7Jq19LhZeQwtMMVr
2026-04-12T11:41:59.918Z,7cFndW3LZJr5hdT138meuoqQRDR6HYqATxKj2CwPpump,AgentCRM,filter_1,2026-04-12T03:39:36.524Z,482,2.278e-05,16384,262144,pumpswap,9UmjwMC9BVfdCYNaa9xCJwWkJjufeVbQg8xcSqMsSSM5
2026-04-12T11:42:00.079Z,9AEtb967xTMosjp9XFhvHLhscPNYgDWc15jFAZR8pump,RƎ́V,filter_1,2026-04-12T02:44:33.253Z,537,0.0001471,32768,16384,pumpswap,EMm9RL2tHvUvygLCu9WkUMBgnu29K2kePzUuWhiSjdMU
2026-04-12T11:42:00.239Z,Hy58kFcGQuZ9qqbiJL5Ka8FPPmqfU6w4zSqNAyzbpump,Zoomer,filter_5,2026-04-12T02:21:55.989Z,560,3.111e-05,16384,524288,pumpswap,EvDD7gjtfLETpF8m8boLppTCHosWoyoy43AKSttyRia9
2026-04-12T11:42:00.421Z,AdD5EMoGMDiGXcgepXQXneB4fEZuS1QvKqDrN876pump,CRAFT,filter_1,2026-04-12T02:18:34.482Z,563,2.083e-05,8192,131072,pumpswap,Fq6wzHyzh8YXvGS7EYBSNPLs7cr3WSLBw4WCpp5Bbk9n
2026-04-12T11:42:00.580Z,8yeUyEaxBkBgcG5i22zR6JiLmVPbA3p6FUBHjFLFpump,MOG,filter_1,2026-04-12T00:53:40.689Z,648,2.49e-06,4096,262144,pumpswap,8jL5pBxjqyhXzGwYDYZhvdifvuSiP7KWzU8ZCGgssRzk
2026-04-12T11:42:00.739Z,VXnX59zHN7j8FrA971nJij7q2RvPSPa3TioV236pump,COG,filter_1,2026-04-11T23:57:38.153Z,704,2.828e-06,4096,262144,pumpswap,DsEyaDvzkJHPnSwDU251c5pCP1V466nMpwh8KQzEeUuU
2026-04-12T11:42:00.923Z,3SNNxUYmrXUc1mQbtV2NGQTuGKVji4y3MWhyESTypump,CASSIE,filter_4,2026-04-11T23:18:36.635Z,743,2.859e-05,16384,131072,pumpswap,B6nQAKbBTm8xTFHBs4xGUqMJJu6JF5mBcmpEv8MPEQ1i
2026-04-12T11:42:01.082Z,6TRyMNFbS6y444mDECfaENQrVnvZP4XzMr2fa6f8pump,Trump,filter_6,2026-04-11T21:07:35.070Z,874,1.954e-06,4096,1048576,pumpswap,BJLaR38FZ2accuRrABzAWdiMeZ8mF3Ky5tL6q853bgBh
2026-04-12T11:42:01.242Z,EamB9vqC1b4aoyPR6t3hn6CWf48yny84xzCuFJMbpump,Peepa,filter_1,2026-04-11T20:47:42.794Z,894,5.875e-05,16384,1048576,pumpswap,BoB3Dvi5eLGFr86BexBPNY2ZXwMNjWhx3FVCep3X2Vj6
2026-04-12T11:42:01.401Z,AQGaTfXDcvinz6DuxfZEKKFp7hmiWDLis4FtK3chpump,Ivunka,filter_3,2026-04-11T20:41:43.544Z,900,2.708e-06,4096,524288,pumpswap,AHBtpXJ7csokwSXddEDxPFYHcA515g234kXTBMhAVRxe
2026-04-12T11:42:01.595Z,BfZ27pSjL3L8Abm8VuRs5MLjjP21Xv5tUL81Rkyepump,WID,filter_4,2026-04-11T20:41:42.289Z,900,1.399e-05,8192,16384,pumpswap,4zmdmfGwoNb2mfF9PJq2N7x38qpQMwBMphD3HMDx6dak
2026-04-12T11:42:01.754Z,EgiJdQ8dbQHWu1uKS6cQBPaF2sK3a7WFpkjHEgdDpump,Dodger,filter_3,2026-04-11T19:29:11.694Z,973,1.389e-05,8192,1048576,pumpswap,7yrRRCzf429YQ1xQgdZZMy5KQ5jtkkDC7gUZWyPerhXr
2026-04-12T11:42:01.913Z,7bfbBZXpMYbNjhZ6eQ8Ch8VFAbgcz4WsrY7JtQKcpump,BOATGUY,filter_1,2026-04-11T19:27:26.855Z,975,3.556e-06,4096,262144,pumpswap,6gALa6BfE8ce8pLYaEFsTkCtxozfbuBR5bMVK3nKeFD4
2026-04-12T11:42:02.097Z,4juv1Wq63My7Bc7rznMZTyuD4aQfRSZGW9uKqFXSpump,Asset,filter_1,2026-04-11T19:27:24.857Z,975,4.951e-06,8192,8192,pumpswap,6g8ZTMKCKvSsVX92g4SKoBESXgrDL2cR1WLg8i7GZPV9
2026-04-12T11:42:02.260Z,Aq6XmZSohMJeRGU9WswbyQo9paEcKrTEs3xdfDFtpump,Lia,filter_1,2026-04-11T19:25:27.104Z,977,1.717e-06,4096,524288,pumpswap,BsFk4E3Hm12Mg27XmBoDPuk27WAC78BPfN98AHHpDPcM
2026-04-12T11:42:02.421Z,AUZnnRTdybeMiHrxfueNyBgLHnu4H39kngUh84WMpump,MELANIA,filter_3,2026-04-11T19:24:02.559Z,978,0.001654,131072,1048576,pumpswap,DM9Xj9x8A8SEinJdoz4SJH2vdhBdPGSZmhL7DxBgwbBy
2026-04-12T11:42:02.615Z,56MEDV2H1M7DkaikaSg5vpibaSyWhgspCxgPwQJhpump,DNIGGA,filter_1,2026-04-11T19:22:24.852Z,980,2e-06,4096,65536,pumpswap,CAhVRREzXYHDvtu6iwACsei9vhv6mexsGm9hpkeVP1Kj
2026-04-12T11:42:02.811Z,A2Px3FMumMJ7W67VEp9ahFXueEyf9aHpei4TTJ5mpump,BABY,filter_3,2026-04-11T19:14:43.120Z,987,7.986e-06,8192,1048576,pumpswap,53UgNjZDC6mXsEDTowHLmKi2Y6jzjH2Ee3ybac7jEQRQ
2026-04-12T11:42:02.971Z,wutj1cNsMWyeu9ub61knDRCwU37aVvYuCBn8ZLPj7JL,ZHONEY,filter_1,2026-04-11T19:04:35.959Z,997,7.908e-06,8192,65536,pumpswap,CtYpMFyZqcJL7mPbDQU9o88g9QpkbzEFSC81J9FzFbF8
2026-04-12T11:42:03.164Z,4oFZFm3s8VKeCnwM2G5X5mZrsPivDyzCLvDYZmVipump,ClawFC,filter_1,2026-04-11T19:00:33.206Z,1001,7.775e-06,8192,131072,pumpswap,BnbuPvQe2TNdhS7CSdsCGS1WY7FYu2kZti9adrqkqpZh
2026-04-12T11:42:03.322Z,5rniCpoweGXgsLZZDohw3fZA5yuXgt87df6GHAxWpump,MOTHER,filter_1,2026-04-11T18:17:31.505Z,1044,5.339e-06,4096,32768,pumpswap,7dzsEYbuQoK1LLAiae7riygcwphP7BTbK6r7Vv94p28M
2026-04-12T11:42:03.480Z,3i8RByhvAaSWh2VSoVieAPzzmc4DpZC9WHVSsDzBpump,FOOLHOUSE,filter_2,2026-04-11T13:59:09.655Z,1303,1.788e-06,4096,262144,pumpswap,G8AJyLtb85QyMbaXZe4k5DdTfLPTD8dEX9xDn2fKqQZD
2026-04-12T11:42:03.681Z,AutFvM5QZqtvjK2SrR8iLwvDEQ7ePnL14Rv7GPFvpump,TripleC,filter_2,2026-04-11T13:57:07.657Z,1305,4.527e-06,4096,524288,pumpswap,Cvk9vLXa9wiqWTxb7q5EP3jdPow5ZBrdn1MLRmergW3v
2026-04-12T11:42:03.839Z,Dj2JhqEaKgPDo9se3A1dtSBVV1FFCxAfFa9SBBWmpump,GoldDancer,filter_2,2026-04-11T13:01:12.368Z,1361,1.75e-05,8192,524288,pumpswap,9hovxHG2vADjGPe7S6agGTx5o72kgojobbpC5UVzLdt5
2026-04-12T11:46:58.725Z,DdpmZkfeANzQuZzt3Ycuc84awmzWkadpNnaukZaLpump,GEM,filter_1,2026-04-12T11:41:35.048Z,5,1.616e-05,8192,65536,pumpswap,C8ZtfQxMsUPmnPTtVn7qFqTx6pQcJ1advjtVQSg6Nksv
2026-04-12T11:46:58.885Z,7jZ9YMaHvtNEva4JwLWMb1SdMVWu5QkbMSYi4dwipump,Table,filter_1,2026-04-12T11:41:34.302Z,5,8.733e-06,8192,262144,pumpswap,eScaeJPmgXK75ViANd48NPzM9CpK5AW9m6rX25v8ttc
2026-04-12T11:46:59.067Z,EEebKSFGquW3jX5cFF9sKA2DwLrvGyF1MFwJBfw3bonk,BANI,filter_2,2026-04-12T10:54:00.793Z,53,1.725e-05,8192,262144,raydium,3ArVLZbgpJnsse18pigFJvuhmf2BhiCPX6XZLHF4e6i7
2026-04-12T11:46:59.228Z,2Eem6sxzq5rvdfxHDDwmJBgAXHinUEkiWnEkAKo9pump,ASHLEE,filter_2,2026-04-12T10:32:34.031Z,74,3.334e-05,16384,262144,pumpswap,96xtTNypm2x2bBCPUP9D8ETja6wjJ4e5bA4q3FvMRLYk
2026-04-12T11:46:59.392Z,34q2KmCvapecJgR6ZrtbCTrzZVtkt3a5mHEA3TuEsWYb,LOL,filter_4,2026-04-12T09:13:33.461Z,153,0.006882,262144,1048576,pumpswap,Dx5wFoszXvND6XYYAjAjUQrGLqDAUrTVH2JmHz6eJDNt
2026-04-12T11:46:59.553Z,EmtpJyHqWqH2xGvdag4DyLFNfnjDM6qTAv9QN17npump,tremp,filter_1,2026-04-12T06:53:33.876Z,293,2.028e-06,4096,262144,pumpswap,3a9vYs5m15vkxtMDLHRNagay3WuJ6FKSNJapdU3qh4rh
2026-04-12T11:46:59.713Z,4CkWXDBNqfqBT5xCon4hrGU3mwqhQ3GSwdQQ1SDnpump,STC,filter_2,2026-04-12T06:33:34.615Z,313,5.175e-05,16384,524288,pumpswap,BfcxnfNQF3cbZmdKbTNvL1fLD4dEjGhXCG9r6JS6EqB4
2026-04-12T11:46:59.896Z,ApvxrH4oet42G4mgHZTtYZ9h2yMwhNZqs7Tqu1Ebpump,NIKUTA,filter_1,2026-04-12T03:23:38.029Z,503,3.703e-06,4096,131072,pumpswap,BLzb2UKri4YMnAeqc8VgWioAz8zN62LrcDsaJB3VcK22
2026-04-12T11:47:00.057Z,D6HZ5Se3X2wEWWYsHp8Ma3wh3yWwFSSdCAFjGC4spump,Cat,filter_4,2026-04-12T03:06:34.258Z,520,1.936e-05,16384,131072,pumpswap,5g91GWPaRMg4DdCUyds858fyAzhaiTVbi563jVKhqLuT
2026-04-12T11:47:00.218Z,7Y445U5CAiLL4icyyPDonXy7zvGGML2TGjyMmwpDpump,WLFI,filter_1,2026-04-12T02:03:35.233Z,583,9.183e-05,32768,262144,pumpswap,EjzyuTwozXjagMTqqN6hjNpEyW3Q7rX3avE2otRRS8hv
2026-04-12T11:47:00.410Z,BRKFJs1jxrYBKR5sxBiuxTTbyipNBmT6GWenb3c9pump,TRUMP47,filter_5,2026-04-12T00:39:59.430Z,667,1.595e-06,4096,524288,pumpswap,EgcA2ShdHZK4Sg7N6H7yGzTjxpTpunRrbzw231wLWeDh
2026-04-12T11:47:00.597Z,5xjSweEeRNTNHXpEiyp1XBUB2D3MMYCuU8khzgiZpump,FUDGE,filter_2,2026-04-12T00:02:34.174Z,704,2.917e-05,16384,65536,pumpswap,GXBAKvHDgXXwxWWGWmrepfpXstnghwVGEqBmAq2EQgQZ
2026-04-12T11:47:00.780Z,AQiYy4igZ6jeUS5nbTymwLaQfnEg5BAjjZsP1EZkEjBU,Dolores,filter_1,2026-04-11T23:52:34.399Z,714,3.101e-06,4096,65536,pumpswap,9MiNdc2ywiYUm2nr2KTGo8UCmjk3TdKLCZ2B4aAtZ9hq
2026-04-12T11:47:00.990Z,yLT7rHdaNkfnqfg5pxXxCTrx1Rsnagod16DnpKBpump,Nilly,filter_1,2026-04-11T23:45:34.391Z,721,2.705e-06,4096,131072,pumpswap,8vjkK4SAhZ6zkX7gox9DQEmpX7MbiKsp2gRjD4dAS21V
2026-04-12T11:47:01.149Z,9oVRwbx3Ray9bK7CKhqwfqY5NaWYjG3xj1DNYg2mpump,brainlet,filter_2,2026-04-11T22:44:55.606Z,782,1.936e-06,4096,524288,pumpswap,2PW331e9D7pmdELA1m1Uyq6pnEuj5BWB8m7dcBGgJ5xo
2026-04-12T11:47:01.342Z,9XhhPHKnvSd9R8Ygr8kHR6n8YNYd7SMzRHHPFeb2pump,doomer,filter_1,2026-04-11T22:10:33.845Z,816,1.693e-06,4096,262144,pumpswap,DqTPbpJo2UfNFy2v4dHjMoFg9S2wid1RZuF8qfwcJrHx
2026-04-12T11:47:01.525Z,2wwDzQLc3pwgcHrkCadio4Hn3bzYyCptRAewJAEXdoge,MARKC,filter_1,2026-04-11T21:57:35.843Z,829,3.637e-06,4096,65536,meteora,2rVNWK9fRajakX19wtrfJKGE3xNWeubnV5VpYxETUvPX
2026-04-12T11:47:01.708Z,NicGVyEGbJhn52gBtqWM18zKGzRSe9js98AZnRwY8eS,NEGRON,filter_2,2026-04-11T21:33:59.338Z,853,4.008e-07,131072,8388608,raydium,2rXfTt3Xh699TtAUruiz6Vs7vdTrsn55bEm2FKt9y8yE
2026-04-12T11:51:58.701Z,13m54axqgkPrgPwnmtTAHRJdadkFbMs4ZmKqB49Wpump,GEM,filter_2,2026-04-12T11:48:33.565Z,3,0.0002005,32768,2097152,pumpswap,8PZhqXg4sEZupgRwg2U144eNeXVmYBfbzbgxsQXWQgdS
2026-04-12T11:51:58.861Z,69iu9bE7VYtuen7oNubgHAaYqpyaM6ZvCwoudsoMpump,Audit,filter_1,2026-04-12T10:43:35.244Z,68,6.27e-06,8192,262144,pumpswap,Ap365bq7KpWPse9sRuHnMTwek2XSQ77setZ8hxujTrL6
2026-04-12T11:51:59.054Z,H3UfCEUfNyK5dSQcw2yYBU7pLw5qjE6PeHfmdPQxpump,Monobloc,filter_1,2026-04-12T09:38:36.718Z,133,2.973e-06,,65536,pumpfun,C8mK6iGgSueLyavm4jhqJBMMWsqcj25QfGgFs8j6t9Nu
2026-04-12T11:51:59.247Z,GjHiCdvt1Zeti6rdSJeCqdkNMQKcxCkShRss5rGLWwbF,GNWR,filter_2,2026-04-12T09:33:57.750Z,138,0.1314,262144,2097152,raydium,38Wyp9ogTNGUgLeKt6FV7dpWurAtTobbo6T7fgT51uG9
2026-04-12T11:51:59.408Z,39byoLyCVzpfRoiChZoN96dLCoHF8JEPH5h9Qodypump,YN,filter_1,2026-04-12T09:28:36.955Z,143,1.081e-05,8192,262144,pumpswap,DALWM8Ph5yjigv2AtHYQCMAuCHXkZMQo3P3gqaJuv695
2026-04-12T11:51:59.567Z,GiE8Bf4Y2YHvwKutQUFeR2yaAMPWbkngLvezTWwapump,🪑,filter_2,2026-04-12T08:48:02.735Z,184,0.0004277,65536,2097152,pumpswap,47yRWYckWUBUrbSN7AmhanMDhfydURQf5G3fjhotpjy5
2026-04-12T11:51:59.759Z,AiC9FhtXA1iNGW77MocxebVc9U5baQa4nkUFQhtbpump,Sisyphus,filter_4,2026-04-12T08:12:35.668Z,219,6.304e-06,8192,262144,pumpswap,9wFPVtrpbnuKYpLJLYZDhWSFb7R6dVbkmePUVP4zAjd
2026-04-12T11:51:59.943Z,BvHneYfnCYjfZE52iUhK4bqkcqJjYjMQUJb5FPhCpump,ALONSHOUSE,filter_2,2026-04-12T03:51:56.774Z,480,0.0003948,65536,2097152,pumpswap,6KuCNvUu9NsgTFyo1vQGfeFqsoKq7Jq19LhZeQwtMMVr
2026-04-12T11:52:00.126Z,7cFndW3LZJr5hdT138meuoqQRDR6HYqATxKj2CwPpump,AgentCRM,filter_1,2026-04-12T03:39:36.524Z,492,2.272e-05,16384,262144,pumpswap,9UmjwMC9BVfdCYNaa9xCJwWkJjufeVbQg8xcSqMsSSM5
2026-04-12T11:52:00.310Z,9AEtb967xTMosjp9XFhvHLhscPNYgDWc15jFAZR8pump,RƎ́V,filter_1,2026-04-12T02:44:33.253Z,547,0.0001471,32768,16384,pumpswap,EMm9RL2tHvUvygLCu9WkUMBgnu29K2kePzUuWhiSjdMU
2026-04-12T11:52:00.470Z,Hy58kFcGQuZ9qqbiJL5Ka8FPPmqfU6w4zSqNAyzbpump,Zoomer,filter_5,2026-04-12T02:21:55.989Z,570,3.479e-05,16384,524288,pumpswap,EvDD7gjtfLETpF8m8boLppTCHosWoyoy43AKSttyRia9
2026-04-12T11:52:00.654Z,AdD5EMoGMDiGXcgepXQXneB4fEZuS1QvKqDrN876pump,CRAFT,filter_1,2026-04-12T02:18:34.482Z,573,2.058e-05,8192,131072,pumpswap,Fq6wzHyzh8YXvGS7EYBSNPLs7cr3WSLBw4WCpp5Bbk9n
2026-04-12T11:52:00.814Z,8yeUyEaxBkBgcG5i22zR6JiLmVPbA3p6FUBHjFLFpump,MOG,filter_1,2026-04-12T00:53:40.689Z,658,2.49e-06,4096,262144,pumpswap,8jL5pBxjqyhXzGwYDYZhvdifvuSiP7KWzU8ZCGgssRzk
2026-04-12T11:52:00.972Z,VXnX59zHN7j8FrA971nJij7q2RvPSPa3TioV236pump,COG,filter_1,2026-04-11T23:57:38.153Z,714,2.828e-06,4096,262144,pumpswap,DsEyaDvzkJHPnSwDU251c5pCP1V466nMpwh8KQzEeUuU
2026-04-12T11:52:01.158Z,3SNNxUYmrXUc1mQbtV2NGQTuGKVji4y3MWhyESTypump,CASSIE,filter_4,2026-04-11T23:18:36.635Z,753,2.866e-05,16384,131072,pumpswap,B6nQAKbBTm8xTFHBs4xGUqMJJu6JF5mBcmpEv8MPEQ1i
2026-04-12T11:52:01.317Z,6TRyMNFbS6y444mDECfaENQrVnvZP4XzMr2fa6f8pump,Trump,filter_6,2026-04-11T21:07:35.070Z,884,1.954e-06,4096,1048576,pumpswap,BJLaR38FZ2accuRrABzAWdiMeZ8mF3Ky5tL6q853bgBh
2026-04-12T11:52:01.476Z,EamB9vqC1b4aoyPR6t3hn6CWf48yny84xzCuFJMbpump,Peepa,filter_1,2026-04-11T20:47:42.794Z,904,6.062e-05,16384,1048576,pumpswap,BoB3Dvi5eLGFr86BexBPNY2ZXwMNjWhx3FVCep3X2Vj6
2026-04-12T11:52:01.657Z,AQGaTfXDcvinz6DuxfZEKKFp7hmiWDLis4FtK3chpump,Ivunka,filter_3,2026-04-11T20:41:43.544Z,910,2.708e-06,4096,524288,pumpswap,AHBtpXJ7csokwSXddEDxPFYHcA515g234kXTBMhAVRxe
2026-04-12T11:52:01.841Z,BfZ27pSjL3L8Abm8VuRs5MLjjP21Xv5tUL81Rkyepump,WID,filter_4,2026-04-11T20:41:42.289Z,910,1.399e-05,8192,16384,pumpswap,4zmdmfGwoNb2mfF9PJq2N7x38qpQMwBMphD3HMDx6dak
2026-04-12T11:52:02.000Z,EgiJdQ8dbQHWu1uKS6cQBPaF2sK3a7WFpkjHEgdDpump,Dodger,filter_3,2026-04-11T19:29:11.694Z,983,1.388e-05,8192,1048576,pumpswap,7yrRRCzf429YQ1xQgdZZMy5KQ5jtkkDC7gUZWyPerhXr
2026-04-12T11:52:02.211Z,7bfbBZXpMYbNjhZ6eQ8Ch8VFAbgcz4WsrY7JtQKcpump,BOATGUY,filter_1,2026-04-11T19:27:26.855Z,985,3.711e-06,4096,262144,pumpswap,6gALa6BfE8ce8pLYaEFsTkCtxozfbuBR5bMVK3nKeFD4
2026-04-12T11:52:02.416Z,4juv1Wq63My7Bc7rznMZTyuD4aQfRSZGW9uKqFXSpump,Asset,filter_1,2026-04-11T19:27:24.857Z,985,4.951e-06,8192,8192,pumpswap,6g8ZTMKCKvSsVX92g4SKoBESXgrDL2cR1WLg8i7GZPV9
2026-04-12T11:52:02.600Z,Aq6XmZSohMJeRGU9WswbyQo9paEcKrTEs3xdfDFtpump,Lia,filter_1,2026-04-11T19:25:27.104Z,987,1.717e-06,4096,524288,pumpswap,BsFk4E3Hm12Mg27XmBoDPuk27WAC78BPfN98AHHpDPcM
2026-04-12T11:52:02.793Z,AUZnnRTdybeMiHrxfueNyBgLHnu4H39kngUh84WMpump,MELANIA,filter_3,2026-04-11T19:24:02.559Z,988,0.00162,131072,1048576,pumpswap,DM9Xj9x8A8SEinJdoz4SJH2vdhBdPGSZmhL7DxBgwbBy
2026-04-12T11:52:02.987Z,56MEDV2H1M7DkaikaSg5vpibaSyWhgspCxgPwQJhpump,DNIGGA,filter_1,2026-04-11T19:22:24.852Z,990,2e-06,4096,65536,pumpswap,CAhVRREzXYHDvtu6iwACsei9vhv6mexsGm9hpkeVP1Kj
2026-04-12T11:52:03.147Z,A2Px3FMumMJ7W67VEp9ahFXueEyf9aHpei4TTJ5mpump,BABY,filter_3,2026-04-11T19:14:43.120Z,997,7.193e-06,8192,1048576,pumpswap,53UgNjZDC6mXsEDTowHLmKi2Y6jzjH2Ee3ybac7jEQRQ
2026-04-12T11:52:03.339Z,wutj1cNsMWyeu9ub61knDRCwU37aVvYuCBn8ZLPj7JL,ZHONEY,filter_1,2026-04-11T19:04:35.959Z,1007,8.929e-06,8192,65536,pumpswap,CtYpMFyZqcJL7mPbDQU9o88g9QpkbzEFSC81J9FzFbF8
2026-04-12T11:52:03.498Z,4oFZFm3s8VKeCnwM2G5X5mZrsPivDyzCLvDYZmVipump,ClawFC,filter_1,2026-04-11T19:00:33.206Z,1011,8.193e-06,8192,131072,pumpswap,BnbuPvQe2TNdhS7CSdsCGS1WY7FYu2kZti9adrqkqpZh
2026-04-12T11:52:03.677Z,5rniCpoweGXgsLZZDohw3fZA5yuXgt87df6GHAxWpump,MOTHER,filter_1,2026-04-11T18:17:31.505Z,1054,5.421e-06,4096,32768,pumpswap,7dzsEYbuQoK1LLAiae7riygcwphP7BTbK6r7Vv94p28M
2026-04-12T11:52:03.858Z,3i8RByhvAaSWh2VSoVieAPzzmc4DpZC9WHVSsDzBpump,FOOLHOUSE,filter_2,2026-04-11T13:59:09.655Z,1313,1.788e-06,4096,262144,pumpswap,G8AJyLtb85QyMbaXZe4k5DdTfLPTD8dEX9xDn2fKqQZD
2026-04-12T11:52:04.040Z,AutFvM5QZqtvjK2SrR8iLwvDEQ7ePnL14Rv7GPFvpump,TripleC,filter_2,2026-04-11T13:57:07.657Z,1315,4.527e-06,4096,524288,pumpswap,Cvk9vLXa9wiqWTxb7q5EP3jdPow5ZBrdn1MLRmergW3v
2026-04-12T11:52:04.199Z,Dj2JhqEaKgPDo9se3A1dtSBVV1FFCxAfFa9SBBWmpump,GoldDancer,filter_2,2026-04-11T13:01:12.368Z,1371,2.08e-05,8192,524288,pumpswap,9hovxHG2vADjGPe7S6agGTx5o72kgojobbpC5UVzLdt5
2026-04-12T11:56:58.729Z,DdpmZkfeANzQuZzt3Ycuc84awmzWkadpNnaukZaLpump,GEM,filter_1,2026-04-12T11:41:35.048Z,15,1.445e-05,8192,65536,pumpswap,C8ZtfQxMsUPmnPTtVn7qFqTx6pQcJ1advjtVQSg6Nksv
2026-04-12T11:56:58.888Z,7jZ9YMaHvtNEva4JwLWMb1SdMVWu5QkbMSYi4dwipump,Table,filter_1,2026-04-12T11:41:34.302Z,15,8.701e-06,8192,262144,pumpswap,eScaeJPmgXK75ViANd48NPzM9CpK5AW9m6rX25v8ttc
2026-04-12T11:56:59.048Z,EEebKSFGquW3jX5cFF9sKA2DwLrvGyF1MFwJBfw3bonk,BANI,filter_2,2026-04-12T10:54:00.793Z,63,1.24e-05,8192,262144,raydium,3ArVLZbgpJnsse18pigFJvuhmf2BhiCPX6XZLHF4e6i7
2026-04-12T11:56:59.208Z,2Eem6sxzq5rvdfxHDDwmJBgAXHinUEkiWnEkAKo9pump,ASHLEE,filter_2,2026-04-12T10:32:34.031Z,84,3.663e-05,16384,262144,pumpswap,96xtTNypm2x2bBCPUP9D8ETja6wjJ4e5bA4q3FvMRLYk
2026-04-12T11:56:59.370Z,34q2KmCvapecJgR6ZrtbCTrzZVtkt3a5mHEA3TuEsWYb,LOL,filter_4,2026-04-12T09:13:33.461Z,163,0.00708,262144,1048576,pumpswap,Dx5wFoszXvND6XYYAjAjUQrGLqDAUrTVH2JmHz6eJDNt
2026-04-12T11:56:59.564Z,EmtpJyHqWqH2xGvdag4DyLFNfnjDM6qTAv9QN17npump,tremp,filter_1,2026-04-12T06:53:33.876Z,303,2.028e-06,4096,262144,pumpswap,3a9vYs5m15vkxtMDLHRNagay3WuJ6FKSNJapdU3qh4rh
2026-04-12T11:56:59.724Z,4CkWXDBNqfqBT5xCon4hrGU3mwqhQ3GSwdQQ1SDnpump,STC,filter_2,2026-04-12T06:33:34.615Z,323,5.501e-05,16384,524288,pumpswap,BfcxnfNQF3cbZmdKbTNvL1fLD4dEjGhXCG9r6JS6EqB4
2026-04-12T11:56:59.883Z,ApvxrH4oet42G4mgHZTtYZ9h2yMwhNZqs7Tqu1Ebpump,NIKUTA,filter_1,2026-04-12T03:23:38.029Z,513,3.703e-06,4096,131072,pumpswap,BLzb2UKri4YMnAeqc8VgWioAz8zN62LrcDsaJB3VcK22
2026-04-12T11:57:00.066Z,D6HZ5Se3X2wEWWYsHp8Ma3wh3yWwFSSdCAFjGC4spump,Cat,filter_4,2026-04-12T03:06:34.258Z,530,1.846e-05,16384,131072,pumpswap,5g91GWPaRMg4DdCUyds858fyAzhaiTVbi563jVKhqLuT
2026-04-12T11:57:00.226Z,7Y445U5CAiLL4icyyPDonXy7zvGGML2TGjyMmwpDpump,WLFI,filter_1,2026-04-12T02:03:35.233Z,593,8.498e-05,16384,262144,pumpswap,EjzyuTwozXjagMTqqN6hjNpEyW3Q7rX3avE2otRRS8hv
2026-04-12T11:57:00.455Z,BRKFJs1jxrYBKR5sxBiuxTTbyipNBmT6GWenb3c9pump,TRUMP47,filter_5,2026-04-12T00:39:59.430Z,677,1.595e-06,4096,524288,pumpswap,EgcA2ShdHZK4Sg7N6H7yGzTjxpTpunRrbzw231wLWeDh
2026-04-12T11:57:00.649Z,5xjSweEeRNTNHXpEiyp1XBUB2D3MMYCuU8khzgiZpump,FUDGE,filter_2,2026-04-12T00:02:34.174Z,714,2.906e-05,16384,65536,pumpswap,GXBAKvHDgXXwxWWGWmrepfpXstnghwVGEqBmAq2EQgQZ
2026-04-12T11:57:00.840Z,AQiYy4igZ6jeUS5nbTymwLaQfnEg5BAjjZsP1EZkEjBU,Dolores,filter_1,2026-04-11T23:52:34.399Z,724,3.101e-06,4096,65536,pumpswap,9MiNdc2ywiYUm2nr2KTGo8UCmjk3TdKLCZ2B4aAtZ9hq
2026-04-12T11:57:01.001Z,yLT7rHdaNkfnqfg5pxXxCTrx1Rsnagod16DnpKBpump,Nilly,filter_1,2026-04-11T23:45:34.391Z,731,2.705e-06,4096,131072,pumpswap,8vjkK4SAhZ6zkX7gox9DQEmpX7MbiKsp2gRjD4dAS21V
2026-04-12T11:57:01.161Z,9oVRwbx3Ray9bK7CKhqwfqY5NaWYjG3xj1DNYg2mpump,brainlet,filter_2,2026-04-11T22:44:55.606Z,792,1.936e-06,4096,524288,pumpswap,2PW331e9D7pmdELA1m1Uyq6pnEuj5BWB8m7dcBGgJ5xo
2026-04-12T11:57:01.326Z,9XhhPHKnvSd9R8Ygr8kHR6n8YNYd7SMzRHHPFeb2pump,doomer,filter_1,2026-04-11T22:10:33.845Z,826,1.693e-06,4096,262144,pumpswap,DqTPbpJo2UfNFy2v4dHjMoFg9S2wid1RZuF8qfwcJrHx
2026-04-12T11:57:01.514Z,2wwDzQLc3pwgcHrkCadio4Hn3bzYyCptRAewJAEXdoge,MARKC,filter_1,2026-04-11T21:57:35.843Z,839,3.641e-06,4096,65536,meteora,2rVNWK9fRajakX19wtrfJKGE3xNWeubnV5VpYxETUvPX
2026-04-12T11:57:01.675Z,NicGVyEGbJhn52gBtqWM18zKGzRSe9js98AZnRwY8eS,NEGRON,filter_2,2026-04-11T21:33:59.338Z,863,4.026e-07,131072,8388608,raydium,2rXfTt3Xh699TtAUruiz6Vs7vdTrsn55bEm2FKt9y8yE
2026-04-12T12:01:58.719Z,13m54axqgkPrgPwnmtTAHRJdadkFbMs4ZmKqB49Wpump,GEM,filter_2,2026-04-12T11:48:33.565Z,13,0.0002004,32768,2097152,pumpswap,8PZhqXg4sEZupgRwg2U144eNeXVmYBfbzbgxsQXWQgdS
2026-04-12T12:01:58.879Z,69iu9bE7VYtuen7oNubgHAaYqpyaM6ZvCwoudsoMpump,Audit,filter_1,2026-04-12T10:43:35.244Z,78,8.542e-06,8192,262144,pumpswap,Ap365bq7KpWPse9sRuHnMTwek2XSQ77setZ8hxujTrL6
2026-04-12T12:01:59.062Z,H3UfCEUfNyK5dSQcw2yYBU7pLw5qjE6PeHfmdPQxpump,Monobloc,filter_1,2026-04-12T09:38:36.718Z,143,2.973e-06,,65536,pumpfun,C8mK6iGgSueLyavm4jhqJBMMWsqcj25QfGgFs8j6t9Nu
2026-04-12T12:01:59.255Z,GjHiCdvt1Zeti6rdSJeCqdkNMQKcxCkShRss5rGLWwbF,GNWR,filter_2,2026-04-12T09:33:57.750Z,148,0.1367,262144,2097152,raydium,38Wyp9ogTNGUgLeKt6FV7dpWurAtTobbo6T7fgT51uG9
2026-04-12T12:01:59.416Z,39byoLyCVzpfRoiChZoN96dLCoHF8JEPH5h9Qodypump,YN,filter_1,2026-04-12T09:28:36.955Z,153,1.046e-05,8192,262144,pumpswap,DALWM8Ph5yjigv2AtHYQCMAuCHXkZMQo3P3gqaJuv695
2026-04-12T12:01:59.695Z,GiE8Bf4Y2YHvwKutQUFeR2yaAMPWbkngLvezTWwapump,🪑,filter_2,2026-04-12T08:48:02.735Z,194,0.0003913,65536,2097152,pumpswap,47yRWYckWUBUrbSN7AmhanMDhfydURQf5G3fjhotpjy5
2026-04-12T12:01:59.878Z,AiC9FhtXA1iNGW77MocxebVc9U5baQa4nkUFQhtbpump,Sisyphus,filter_4,2026-04-12T08:12:35.668Z,229,6.332e-06,8192,262144,pumpswap,9wFPVtrpbnuKYpLJLYZDhWSFb7R6dVbkmePUVP4zAjd
2026-04-12T12:02:00.038Z,BvHneYfnCYjfZE52iUhK4bqkcqJjYjMQUJb5FPhCpump,ALONSHOUSE,filter_2,2026-04-12T03:51:56.774Z,490,0.0004421,65536,2097152,pumpswap,6KuCNvUu9NsgTFyo1vQGfeFqsoKq7Jq19LhZeQwtMMVr
2026-04-12T12:02:00.234Z,7cFndW3LZJr5hdT138meuoqQRDR6HYqATxKj2CwPpump,AgentCRM,filter_1,2026-04-12T03:39:36.524Z,502,2.115e-05,8192,262144,pumpswap,9UmjwMC9BVfdCYNaa9xCJwWkJjufeVbQg8xcSqMsSSM5
2026-04-12T12:02:00.420Z,9AEtb967xTMosjp9XFhvHLhscPNYgDWc15jFAZR8pump,RƎ́V,filter_1,2026-04-12T02:44:33.253Z,557,0.0001471,32768,16384,pumpswap,EMm9RL2tHvUvygLCu9WkUMBgnu29K2kePzUuWhiSjdMU
2026-04-12T12:02:00.582Z,Hy58kFcGQuZ9qqbiJL5Ka8FPPmqfU6w4zSqNAyzbpump,Zoomer,filter_5,2026-04-12T02:21:55.989Z,580,3.492e-05,16384,524288,pumpswap,EvDD7gjtfLETpF8m8boLppTCHosWoyoy43AKSttyRia9
2026-04-12T12:02:00.764Z,AdD5EMoGMDiGXcgepXQXneB4fEZuS1QvKqDrN876pump,CRAFT,filter_1,2026-04-12T02:18:34.482Z,583,2.058e-05,8192,131072,pumpswap,Fq6wzHyzh8YXvGS7EYBSNPLs7cr3WSLBw4WCpp5Bbk9n
2026-04-12T12:02:00.956Z,8yeUyEaxBkBgcG5i22zR6JiLmVPbA3p6FUBHjFLFpump,MOG,filter_1,2026-04-12T00:53:40.689Z,668,2.49e-06,4096,262144,pumpswap,8jL5pBxjqyhXzGwYDYZhvdifvuSiP7KWzU8ZCGgssRzk
2026-04-12T12:02:01.116Z,VXnX59zHN7j8FrA971nJij7q2RvPSPa3TioV236pump,COG,filter_1,2026-04-11T23:57:38.153Z,724,2.819e-06,4096,262144,pumpswap,DsEyaDvzkJHPnSwDU251c5pCP1V466nMpwh8KQzEeUuU
2026-04-12T12:02:01.299Z,3SNNxUYmrXUc1mQbtV2NGQTuGKVji4y3MWhyESTypump,CASSIE,filter_4,2026-04-11T23:18:36.635Z,763,3.12e-05,16384,131072,pumpswap,B6nQAKbBTm8xTFHBs4xGUqMJJu6JF5mBcmpEv8MPEQ1i
2026-04-12T12:02:01.460Z,6TRyMNFbS6y444mDECfaENQrVnvZP4XzMr2fa6f8pump,Trump,filter_6,2026-04-11T21:07:35.070Z,894,1.954e-06,4096,1048576,pumpswap,BJLaR38FZ2accuRrABzAWdiMeZ8mF3Ky5tL6q853bgBh
2026-04-12T12:02:01.620Z,EamB9vqC1b4aoyPR6t3hn6CWf48yny84xzCuFJMbpump,Peepa,filter_1,2026-04-11T20:47:42.794Z,914,6.248e-05,16384,1048576,pumpswap,BoB3Dvi5eLGFr86BexBPNY2ZXwMNjWhx3FVCep3X2Vj6
2026-04-12T12:02:01.803Z,AQGaTfXDcvinz6DuxfZEKKFp7hmiWDLis4FtK3chpump,Ivunka,filter_3,2026-04-11T20:41:43.544Z,920,2.708e-06,4096,524288,pumpswap,AHBtpXJ7csokwSXddEDxPFYHcA515g234kXTBMhAVRxe
2026-04-12T12:02:02.007Z,BfZ27pSjL3L8Abm8VuRs5MLjjP21Xv5tUL81Rkyepump,WID,filter_4,2026-04-11T20:41:42.289Z,920,1.399e-05,8192,16384,pumpswap,4zmdmfGwoNb2mfF9PJq2N7x38qpQMwBMphD3HMDx6dak
2026-04-12T12:02:02.167Z,EgiJdQ8dbQHWu1uKS6cQBPaF2sK3a7WFpkjHEgdDpump,Dodger,filter_3,2026-04-11T19:29:11.694Z,993,1.402e-05,8192,1048576,pumpswap,7yrRRCzf429YQ1xQgdZZMy5KQ5jtkkDC7gUZWyPerhXr
2026-04-12T12:02:02.351Z,7bfbBZXpMYbNjhZ6eQ8Ch8VFAbgcz4WsrY7JtQKcpump,BOATGUY,filter_1,2026-04-11T19:27:26.855Z,995,3.645e-06,4096,262144,pumpswap,6gALa6BfE8ce8pLYaEFsTkCtxozfbuBR5bMVK3nKeFD4
2026-04-12T12:02:02.535Z,4juv1Wq63My7Bc7rznMZTyuD4aQfRSZGW9uKqFXSpump,Asset,filter_1,2026-04-11T19:27:24.857Z,995,4.947e-06,8192,8192,pumpswap,6g8ZTMKCKvSsVX92g4SKoBESXgrDL2cR1WLg8i7GZPV9
2026-04-12T12:02:02.719Z,Aq6XmZSohMJeRGU9WswbyQo9paEcKrTEs3xdfDFtpump,Lia,filter_1,2026-04-11T19:25:27.104Z,997,1.717e-06,4096,524288,pumpswap,BsFk4E3Hm12Mg27XmBoDPuk27WAC78BPfN98AHHpDPcM
2026-04-12T12:02:02.911Z,AUZnnRTdybeMiHrxfueNyBgLHnu4H39kngUh84WMpump,MELANIA,filter_3,2026-04-11T19:24:02.559Z,998,0.0003787,65536,1048576,pumpswap,DM9Xj9x8A8SEinJdoz4SJH2vdhBdPGSZmhL7DxBgwbBy
2026-04-12T12:02:03.105Z,56MEDV2H1M7DkaikaSg5vpibaSyWhgspCxgPwQJhpump,DNIGGA,filter_1,2026-04-11T19:22:24.852Z,1000,2e-06,4096,65536,pumpswap,CAhVRREzXYHDvtu6iwACsei9vhv6mexsGm9hpkeVP1Kj
2026-04-12T12:02:03.263Z,A2Px3FMumMJ7W67VEp9ahFXueEyf9aHpei4TTJ5mpump,BABY,filter_3,2026-04-11T19:14:43.120Z,1007,7.567e-06,8192,1048576,pumpswap,53UgNjZDC6mXsEDTowHLmKi2Y6jzjH2Ee3ybac7jEQRQ
2026-04-12T12:02:03.449Z,wutj1cNsMWyeu9ub61knDRCwU37aVvYuCBn8ZLPj7JL,ZHONEY,filter_1,2026-04-11T19:04:35.959Z,1017,9.016e-06,8192,65536,pumpswap,CtYpMFyZqcJL7mPbDQU9o88g9QpkbzEFSC81J9FzFbF8
2026-04-12T12:02:03.609Z,4oFZFm3s8VKeCnwM2G5X5mZrsPivDyzCLvDYZmVipump,ClawFC,filter_1,2026-04-11T19:00:33.206Z,1021,7.975e-06,8192,131072,pumpswap,BnbuPvQe2TNdhS7CSdsCGS1WY7FYu2kZti9adrqkqpZh
2026-04-12T12:02:03.770Z,5rniCpoweGXgsLZZDohw3fZA5yuXgt87df6GHAxWpump,MOTHER,filter_1,2026-04-11T18:17:31.505Z,1064,5.421e-06,4096,32768,pumpswap,7dzsEYbuQoK1LLAiae7riygcwphP7BTbK6r7Vv94p28M
2026-04-12T12:02:03.929Z,3i8RByhvAaSWh2VSoVieAPzzmc4DpZC9WHVSsDzBpump,FOOLHOUSE,filter_2,2026-04-11T13:59:09.655Z,1323,1.788e-06,4096,262144,pumpswap,G8AJyLtb85QyMbaXZe4k5DdTfLPTD8dEX9xDn2fKqQZD
2026-04-12T12:02:04.114Z,AutFvM5QZqtvjK2SrR8iLwvDEQ7ePnL14Rv7GPFvpump,TripleC,filter_2,2026-04-11T13:57:07.657Z,1325,4.53e-06,4096,524288,pumpswap,Cvk9vLXa9wiqWTxb7q5EP3jdPow5ZBrdn1MLRmergW3v
2026-04-12T12:02:04.274Z,Dj2JhqEaKgPDo9se3A1dtSBVV1FFCxAfFa9SBBWmpump,GoldDancer,filter_2,2026-04-11T13:01:12.368Z,1381,2.161e-05,16384,524288,pumpswap,9hovxHG2vADjGPe7S6agGTx5o72kgojobbpC5UVzLdt5
2026-04-12T12:06:58.765Z,DdpmZkfeANzQuZzt3Ycuc84awmzWkadpNnaukZaLpump,GEM,filter_1,2026-04-12T11:41:35.048Z,25,1.915e-05,8192,65536,pumpswap,C8ZtfQxMsUPmnPTtVn7qFqTx6pQcJ1advjtVQSg6Nksv
2026-04-12T12:06:58.960Z,7jZ9YMaHvtNEva4JwLWMb1SdMVWu5QkbMSYi4dwipump,Table,filter_1,2026-04-12T11:41:34.302Z,25,7.917e-06,8192,262144,pumpswap,eScaeJPmgXK75ViANd48NPzM9CpK5AW9m6rX25v8ttc
2026-04-12T12:06:59.122Z,EEebKSFGquW3jX5cFF9sKA2DwLrvGyF1MFwJBfw3bonk,BANI,filter_2,2026-04-12T10:54:00.793Z,73,1.395e-05,8192,262144,raydium,3ArVLZbgpJnsse18pigFJvuhmf2BhiCPX6XZLHF4e6i7
2026-04-12T12:06:59.283Z,2Eem6sxzq5rvdfxHDDwmJBgAXHinUEkiWnEkAKo9pump,ASHLEE,filter_2,2026-04-12T10:32:34.031Z,94,3.795e-05,16384,262144,pumpswap,96xtTNypm2x2bBCPUP9D8ETja6wjJ4e5bA4q3FvMRLYk
2026-04-12T12:06:59.443Z,34q2KmCvapecJgR6ZrtbCTrzZVtkt3a5mHEA3TuEsWYb,LOL,filter_4,2026-04-12T09:13:33.461Z,173,0.007182,524288,1048576,pumpswap,Dx5wFoszXvND6XYYAjAjUQrGLqDAUrTVH2JmHz6eJDNt
2026-04-12T12:06:59.603Z,EmtpJyHqWqH2xGvdag4DyLFNfnjDM6qTAv9QN17npump,tremp,filter_1,2026-04-12T06:53:33.876Z,313,2.028e-06,4096,262144,pumpswap,3a9vYs5m15vkxtMDLHRNagay3WuJ6FKSNJapdU3qh4rh
2026-04-12T12:06:59.763Z,4CkWXDBNqfqBT5xCon4hrGU3mwqhQ3GSwdQQ1SDnpump,STC,filter_2,2026-04-12T06:33:34.615Z,333,7.267e-05,16384,524288,pumpswap,BfcxnfNQF3cbZmdKbTNvL1fLD4dEjGhXCG9r6JS6EqB4
2026-04-12T12:06:59.951Z,ApvxrH4oet42G4mgHZTtYZ9h2yMwhNZqs7Tqu1Ebpump,NIKUTA,filter_1,2026-04-12T03:23:38.029Z,523,3.697e-06,4096,131072,pumpswap,BLzb2UKri4YMnAeqc8VgWioAz8zN62LrcDsaJB3VcK22
2026-04-12T12:07:00.135Z,D6HZ5Se3X2wEWWYsHp8Ma3wh3yWwFSSdCAFjGC4spump,Cat,filter_4,2026-04-12T03:06:34.258Z,540,1.844e-05,16384,131072,pumpswap,5g91GWPaRMg4DdCUyds858fyAzhaiTVbi563jVKhqLuT
2026-04-12T12:07:00.296Z,7Y445U5CAiLL4icyyPDonXy7zvGGML2TGjyMmwpDpump,WLFI,filter_1,2026-04-12T02:03:35.233Z,603,9.039e-05,32768,262144,pumpswap,EjzyuTwozXjagMTqqN6hjNpEyW3Q7rX3avE2otRRS8hv
2026-04-12T12:07:00.490Z,BRKFJs1jxrYBKR5sxBiuxTTbyipNBmT6GWenb3c9pump,TRUMP47,filter_5,2026-04-12T00:39:59.430Z,687,1.621e-06,4096,524288,pumpswap,EgcA2ShdHZK4Sg7N6H7yGzTjxpTpunRrbzw231wLWeDh
2026-04-12T12:07:00.703Z,5xjSweEeRNTNHXpEiyp1XBUB2D3MMYCuU8khzgiZpump,FUDGE,filter_2,2026-04-12T00:02:34.174Z,724,2.658e-05,16384,65536,pumpswap,GXBAKvHDgXXwxWWGWmrepfpXstnghwVGEqBmAq2EQgQZ
2026-04-12T12:07:00.865Z,AQiYy4igZ6jeUS5nbTymwLaQfnEg5BAjjZsP1EZkEjBU,Dolores,filter_1,2026-04-11T23:52:34.399Z,734,3.101e-06,4096,65536,pumpswap,9MiNdc2ywiYUm2nr2KTGo8UCmjk3TdKLCZ2B4aAtZ9hq
2026-04-12T12:07:01.026Z,yLT7rHdaNkfnqfg5pxXxCTrx1Rsnagod16DnpKBpump,Nilly,filter_1,2026-04-11T23:45:34.391Z,741,2.705e-06,4096,131072,pumpswap,8vjkK4SAhZ6zkX7gox9DQEmpX7MbiKsp2gRjD4dAS21V
2026-04-12T12:07:01.187Z,9oVRwbx3Ray9bK7CKhqwfqY5NaWYjG3xj1DNYg2mpump,brainlet,filter_2,2026-04-11T22:44:55.606Z,802,1.936e-06,4096,524288,pumpswap,2PW331e9D7pmdELA1m1Uyq6pnEuj5BWB8m7dcBGgJ5xo
2026-04-12T12:07:01.347Z,9XhhPHKnvSd9R8Ygr8kHR6n8YNYd7SMzRHHPFeb2pump,doomer,filter_1,2026-04-11T22:10:33.845Z,836,1.693e-06,4096,262144,pumpswap,DqTPbpJo2UfNFy2v4dHjMoFg9S2wid1RZuF8qfwcJrHx
2026-04-12T12:07:01.507Z,2wwDzQLc3pwgcHrkCadio4Hn3bzYyCptRAewJAEXdoge,MARKC,filter_1,2026-04-11T21:57:35.843Z,849,3.641e-06,4096,65536,meteora,2rVNWK9fRajakX19wtrfJKGE3xNWeubnV5VpYxETUvPX
2026-04-12T12:07:01.695Z,NicGVyEGbJhn52gBtqWM18zKGzRSe9js98AZnRwY8eS,NEGRON,filter_2,2026-04-11T21:33:59.338Z,873,4.036e-07,131072,8388608,raydium,2rXfTt3Xh699TtAUruiz6Vs7vdTrsn55bEm2FKt9y8yE
2026-04-12T12:11:58.711Z,13m54axqgkPrgPwnmtTAHRJdadkFbMs4ZmKqB49Wpump,GEM,filter_2,2026-04-12T11:48:33.565Z,23,0.0001224,32768,2097152,pumpswap,8PZhqXg4sEZupgRwg2U144eNeXVmYBfbzbgxsQXWQgdS
2026-04-12T12:11:58.882Z,69iu9bE7VYtuen7oNubgHAaYqpyaM6ZvCwoudsoMpump,Audit,filter_1,2026-04-12T10:43:35.244Z,88,1.29e-05,8192,262144,pumpswap,Ap365bq7KpWPse9sRuHnMTwek2XSQ77setZ8hxujTrL6
2026-04-12T12:11:59.067Z,H3UfCEUfNyK5dSQcw2yYBU7pLw5qjE6PeHfmdPQxpump,Monobloc,filter_1,2026-04-12T09:38:36.718Z,153,2.968e-06,,65536,pumpfun,C8mK6iGgSueLyavm4jhqJBMMWsqcj25QfGgFs8j6t9Nu
2026-04-12T12:11:59.262Z,GjHiCdvt1Zeti6rdSJeCqdkNMQKcxCkShRss5rGLWwbF,GNWR,filter_2,2026-04-12T09:33:57.750Z,158,0.1393,262144,2097152,raydium,38Wyp9ogTNGUgLeKt6FV7dpWurAtTobbo6T7fgT51uG9
2026-04-12T12:11:59.423Z,39byoLyCVzpfRoiChZoN96dLCoHF8JEPH5h9Qodypump,YN,filter_1,2026-04-12T09:28:36.955Z,163,1.011e-05,8192,262144,pumpswap,DALWM8Ph5yjigv2AtHYQCMAuCHXkZMQo3P3gqaJuv695
2026-04-12T12:11:59.586Z,GiE8Bf4Y2YHvwKutQUFeR2yaAMPWbkngLvezTWwapump,🪑,filter_2,2026-04-12T08:48:02.735Z,204,0.0004253,65536,2097152,pumpswap,47yRWYckWUBUrbSN7AmhanMDhfydURQf5G3fjhotpjy5
2026-04-12T12:11:59.780Z,AiC9FhtXA1iNGW77MocxebVc9U5baQa4nkUFQhtbpump,Sisyphus,filter_4,2026-04-12T08:12:35.668Z,239,6.192e-06,8192,262144,pumpswap,9wFPVtrpbnuKYpLJLYZDhWSFb7R6dVbkmePUVP4zAjd
2026-04-12T12:11:59.940Z,BvHneYfnCYjfZE52iUhK4bqkcqJjYjMQUJb5FPhCpump,ALONSHOUSE,filter_2,2026-04-12T03:51:56.774Z,500,0.0005361,65536,2097152,pumpswap,6KuCNvUu9NsgTFyo1vQGfeFqsoKq7Jq19LhZeQwtMMVr
2026-04-12T12:12:00.140Z,7cFndW3LZJr5hdT138meuoqQRDR6HYqATxKj2CwPpump,AgentCRM,filter_1,2026-04-12T03:39:36.524Z,512,2.186e-05,8192,262144,pumpswap,9UmjwMC9BVfdCYNaa9xCJwWkJjufeVbQg8xcSqMsSSM5
2026-04-12T12:12:00.328Z,9AEtb967xTMosjp9XFhvHLhscPNYgDWc15jFAZR8pump,RƎ́V,filter_1,2026-04-12T02:44:33.253Z,567,0.0001873,32768,16384,pumpswap,EMm9RL2tHvUvygLCu9WkUMBgnu29K2kePzUuWhiSjdMU
2026-04-12T12:12:00.491Z,Hy58kFcGQuZ9qqbiJL5Ka8FPPmqfU6w4zSqNAyzbpump,Zoomer,filter_5,2026-04-12T02:21:55.989Z,590,3.004e-05,16384,524288,pumpswap,EvDD7gjtfLETpF8m8boLppTCHosWoyoy43AKSttyRia9
2026-04-12T12:12:00.653Z,AdD5EMoGMDiGXcgepXQXneB4fEZuS1QvKqDrN876pump,CRAFT,filter_1,2026-04-12T02:18:34.482Z,593,1.872e-05,8192,131072,pumpswap,Fq6wzHyzh8YXvGS7EYBSNPLs7cr3WSLBw4WCpp5Bbk9n
2026-04-12T12:12:00.817Z,8yeUyEaxBkBgcG5i22zR6JiLmVPbA3p6FUBHjFLFpump,MOG,filter_1,2026-04-12T00:53:40.689Z,678,2.49e-06,4096,262144,pumpswap,8jL5pBxjqyhXzGwYDYZhvdifvuSiP7KWzU8ZCGgssRzk
2026-04-12T12:12:00.983Z,VXnX59zHN7j8FrA971nJij7q2RvPSPa3TioV236pump,COG,filter_1,2026-04-11T23:57:38.153Z,734,2.819e-06,4096,262144,pumpswap,DsEyaDvzkJHPnSwDU251c5pCP1V466nMpwh8KQzEeUuU
2026-04-12T12:12:01.147Z,3SNNxUYmrXUc1mQbtV2NGQTuGKVji4y3MWhyESTypump,CASSIE,filter_4,2026-04-11T23:18:36.635Z,773,2.988e-05,16384,131072,pumpswap,B6nQAKbBTm8xTFHBs4xGUqMJJu6JF5mBcmpEv8MPEQ1i
2026-04-12T12:12:01.313Z,6TRyMNFbS6y444mDECfaENQrVnvZP4XzMr2fa6f8pump,Trump,filter_6,2026-04-11T21:07:35.070Z,904,1.954e-06,4096,1048576,pumpswap,BJLaR38FZ2accuRrABzAWdiMeZ8mF3Ky5tL6q853bgBh
2026-04-12T12:12:01.475Z,EamB9vqC1b4aoyPR6t3hn6CWf48yny84xzCuFJMbpump,Peepa,filter_1,2026-04-11T20:47:42.794Z,924,5.745e-05,16384,1048576,pumpswap,BoB3Dvi5eLGFr86BexBPNY2ZXwMNjWhx3FVCep3X2Vj6
2026-04-12T12:12:01.637Z,AQGaTfXDcvinz6DuxfZEKKFp7hmiWDLis4FtK3chpump,Ivunka,filter_3,2026-04-11T20:41:43.544Z,930,2.708e-06,4096,524288,pumpswap,AHBtpXJ7csokwSXddEDxPFYHcA515g234kXTBMhAVRxe
2026-04-12T12:12:01.824Z,BfZ27pSjL3L8Abm8VuRs5MLjjP21Xv5tUL81Rkyepump,WID,filter_4,2026-04-11T20:41:42.289Z,930,1.399e-05,8192,16384,pumpswap,4zmdmfGwoNb2mfF9PJq2N7x38qpQMwBMphD3HMDx6dak
2026-04-12T12:12:02.009Z,EgiJdQ8dbQHWu1uKS6cQBPaF2sK3a7WFpkjHEgdDpump,Dodger,filter_3,2026-04-11T19:29:11.694Z,1003,1.402e-05,8192,1048576,pumpswap,7yrRRCzf429YQ1xQgdZZMy5KQ5jtkkDC7gUZWyPerhXr
2026-04-12T12:12:02.197Z,7bfbBZXpMYbNjhZ6eQ8Ch8VFAbgcz4WsrY7JtQKcpump,BOATGUY,filter_1,2026-04-11T19:27:26.855Z,1005,3.62e-06,4096,262144,pumpswap,6gALa6BfE8ce8pLYaEFsTkCtxozfbuBR5bMVK3nKeFD4
2026-04-12T12:12:02.384Z,4juv1Wq63My7Bc7rznMZTyuD4aQfRSZGW9uKqFXSpump,Asset,filter_1,2026-04-11T19:27:24.857Z,1005,4.947e-06,8192,8192,pumpswap,6g8ZTMKCKvSsVX92g4SKoBESXgrDL2cR1WLg8i7GZPV9
2026-04-12T12:12:02.569Z,Aq6XmZSohMJeRGU9WswbyQo9paEcKrTEs3xdfDFtpump,Lia,filter_1,2026-04-11T19:25:27.104Z,1007,1.717e-06,4096,524288,pumpswap,BsFk4E3Hm12Mg27XmBoDPuk27WAC78BPfN98AHHpDPcM
2026-04-12T12:12:02.730Z,AUZnnRTdybeMiHrxfueNyBgLHnu4H39kngUh84WMpump,MELANIA,filter_3,2026-04-11T19:24:02.559Z,1008,0.0004281,65536,1048576,pumpswap,DM9Xj9x8A8SEinJdoz4SJH2vdhBdPGSZmhL7DxBgwbBy
2026-04-12T12:12:02.918Z,56MEDV2H1M7DkaikaSg5vpibaSyWhgspCxgPwQJhpump,DNIGGA,filter_1,2026-04-11T19:22:24.852Z,1010,1.967e-06,4096,65536,pumpswap,CAhVRREzXYHDvtu6iwACsei9vhv6mexsGm9hpkeVP1Kj
2026-04-12T12:12:03.111Z,A2Px3FMumMJ7W67VEp9ahFXueEyf9aHpei4TTJ5mpump,BABY,filter_3,2026-04-11T19:14:43.120Z,1017,7.26e-06,8192,1048576,pumpswap,53UgNjZDC6mXsEDTowHLmKi2Y6jzjH2Ee3ybac7jEQRQ
2026-04-12T12:12:03.272Z,wutj1cNsMWyeu9ub61knDRCwU37aVvYuCBn8ZLPj7JL,ZHONEY,filter_1,2026-04-11T19:04:35.959Z,1027,1.006e-05,8192,65536,pumpswap,CtYpMFyZqcJL7mPbDQU9o88g9QpkbzEFSC81J9FzFbF8
2026-04-12T12:12:03.470Z,4oFZFm3s8VKeCnwM2G5X5mZrsPivDyzCLvDYZmVipump,ClawFC,filter_1,2026-04-11T19:00:33.206Z,1031,7.751e-06,8192,131072,pumpswap,BnbuPvQe2TNdhS7CSdsCGS1WY7FYu2kZti9adrqkqpZh
2026-04-12T12:12:03.638Z,5rniCpoweGXgsLZZDohw3fZA5yuXgt87df6GHAxWpump,MOTHER,filter_1,2026-04-11T18:17:31.505Z,1074,5.47e-06,4096,32768,pumpswap,7dzsEYbuQoK1LLAiae7riygcwphP7BTbK6r7Vv94p28M
2026-04-12T12:12:03.799Z,3i8RByhvAaSWh2VSoVieAPzzmc4DpZC9WHVSsDzBpump,FOOLHOUSE,filter_2,2026-04-11T13:59:09.655Z,1333,1.788e-06,4096,262144,pumpswap,G8AJyLtb85QyMbaXZe4k5DdTfLPTD8dEX9xDn2fKqQZD
2026-04-12T12:12:03.984Z,AutFvM5QZqtvjK2SrR8iLwvDEQ7ePnL14Rv7GPFvpump,TripleC,filter_2,2026-04-11T13:57:07.657Z,1335,4.625e-06,4096,524288,pumpswap,Cvk9vLXa9wiqWTxb7q5EP3jdPow5ZBrdn1MLRmergW3v
2026-04-12T12:12:04.145Z,Dj2JhqEaKgPDo9se3A1dtSBVV1FFCxAfFa9SBBWmpump,GoldDancer,filter_2,2026-04-11T13:01:12.368Z,1391,1.767e-05,8192,524288,pumpswap,9hovxHG2vADjGPe7S6agGTx5o72kgojobbpC5UVzLdt5
2026-04-12T12:16:58.724Z,DdpmZkfeANzQuZzt3Ycuc84awmzWkadpNnaukZaLpump,GEM,filter_1,2026-04-12T11:41:35.048Z,35,1.92e-05,8192,65536,pumpswap,C8ZtfQxMsUPmnPTtVn7qFqTx6pQcJ1advjtVQSg6Nksv
2026-04-12T12:16:58.883Z,7jZ9YMaHvtNEva4JwLWMb1SdMVWu5QkbMSYi4dwipump,Table,filter_1,2026-04-12T11:41:34.302Z,35,8.46e-06,8192,262144,pumpswap,eScaeJPmgXK75ViANd48NPzM9CpK5AW9m6rX25v8ttc
2026-04-12T12:16:59.044Z,EEebKSFGquW3jX5cFF9sKA2DwLrvGyF1MFwJBfw3bonk,BANI,filter_2,2026-04-12T10:54:00.793Z,83,1.637e-05,8192,262144,raydium,3ArVLZbgpJnsse18pigFJvuhmf2BhiCPX6XZLHF4e6i7
2026-04-12T12:16:59.204Z,2Eem6sxzq5rvdfxHDDwmJBgAXHinUEkiWnEkAKo9pump,ASHLEE,filter_2,2026-04-12T10:32:34.031Z,104,4.513e-05,16384,262144,pumpswap,96xtTNypm2x2bBCPUP9D8ETja6wjJ4e5bA4q3FvMRLYk
2026-04-12T12:16:59.386Z,34q2KmCvapecJgR6ZrtbCTrzZVtkt3a5mHEA3TuEsWYb,LOL,filter_4,2026-04-12T09:13:33.461Z,183,0.007151,262144,1048576,pumpswap,Dx5wFoszXvND6XYYAjAjUQrGLqDAUrTVH2JmHz6eJDNt
2026-04-12T12:16:59.546Z,EmtpJyHqWqH2xGvdag4DyLFNfnjDM6qTAv9QN17npump,tremp,filter_1,2026-04-12T06:53:33.876Z,323,2.028e-06,4096,262144,pumpswap,3a9vYs5m15vkxtMDLHRNagay3WuJ6FKSNJapdU3qh4rh
2026-04-12T12:16:59.708Z,4CkWXDBNqfqBT5xCon4hrGU3mwqhQ3GSwdQQ1SDnpump,STC,filter_2,2026-04-12T06:33:34.615Z,343,7.349e-05,16384,524288,pumpswap,BfcxnfNQF3cbZmdKbTNvL1fLD4dEjGhXCG9r6JS6EqB4
2026-04-12T12:16:59.900Z,ApvxrH4oet42G4mgHZTtYZ9h2yMwhNZqs7Tqu1Ebpump,NIKUTA,filter_1,2026-04-12T03:23:38.029Z,533,3.406e-06,4096,131072,pumpswap,BLzb2UKri4YMnAeqc8VgWioAz8zN62LrcDsaJB3VcK22
2026-04-12T12:17:00.063Z,D6HZ5Se3X2wEWWYsHp8Ma3wh3yWwFSSdCAFjGC4spump,Cat,filter_4,2026-04-12T03:06:34.258Z,550,1.606e-05,8192,131072,pumpswap,5g91GWPaRMg4DdCUyds858fyAzhaiTVbi563jVKhqLuT
2026-04-12T12:17:00.222Z,7Y445U5CAiLL4icyyPDonXy7zvGGML2TGjyMmwpDpump,WLFI,filter_1,2026-04-12T02:03:35.233Z,613,9.886e-05,32768,262144,pumpswap,EjzyuTwozXjagMTqqN6hjNpEyW3Q7rX3avE2otRRS8hv
2026-04-12T12:17:00.406Z,BRKFJs1jxrYBKR5sxBiuxTTbyipNBmT6GWenb3c9pump,TRUMP47,filter_5,2026-04-12T00:39:59.430Z,697,1.621e-06,4096,524288,pumpswap,EgcA2ShdHZK4Sg7N6H7yGzTjxpTpunRrbzw231wLWeDh
2026-04-12T12:17:00.633Z,5xjSweEeRNTNHXpEiyp1XBUB2D3MMYCuU8khzgiZpump,FUDGE,filter_2,2026-04-12T00:02:34.174Z,734,2.619e-05,16384,65536,pumpswap,GXBAKvHDgXXwxWWGWmrepfpXstnghwVGEqBmAq2EQgQZ
2026-04-12T12:17:00.818Z,AQiYy4igZ6jeUS5nbTymwLaQfnEg5BAjjZsP1EZkEjBU,Dolores,filter_1,2026-04-11T23:52:34.399Z,744,3.101e-06,4096,65536,pumpswap,9MiNdc2ywiYUm2nr2KTGo8UCmjk3TdKLCZ2B4aAtZ9hq
2026-04-12T12:17:01.012Z,yLT7rHdaNkfnqfg5pxXxCTrx1Rsnagod16DnpKBpump,Nilly,filter_1,2026-04-11T23:45:34.391Z,751,2.996e-06,4096,131072,pumpswap,8vjkK4SAhZ6zkX7gox9DQEmpX7MbiKsp2gRjD4dAS21V
2026-04-12T12:17:01.172Z,9oVRwbx3Ray9bK7CKhqwfqY5NaWYjG3xj1DNYg2mpump,brainlet,filter_2,2026-04-11T22:44:55.606Z,812,1.936e-06,4096,524288,pumpswap,2PW331e9D7pmdELA1m1Uyq6pnEuj5BWB8m7dcBGgJ5xo
2026-04-12T12:17:01.330Z,9XhhPHKnvSd9R8Ygr8kHR6n8YNYd7SMzRHHPFeb2pump,doomer,filter_1,2026-04-11T22:10:33.845Z,846,1.693e-06,4096,262144,pumpswap,DqTPbpJo2UfNFy2v4dHjMoFg9S2wid1RZuF8qfwcJrHx
2026-04-12T12:17:01.520Z,2wwDzQLc3pwgcHrkCadio4Hn3bzYyCptRAewJAEXdoge,MARKC,filter_1,2026-04-11T21:57:35.843Z,859,3.641e-06,4096,65536,meteora,2rVNWK9fRajakX19wtrfJKGE3xNWeubnV5VpYxETUvPX
2026-04-12T12:17:01.727Z,NicGVyEGbJhn52gBtqWM18zKGzRSe9js98AZnRwY8eS,NEGRON,filter_2,2026-04-11T21:33:59.338Z,883,4.085e-07,131072,8388608,raydium,2rXfTt3Xh699TtAUruiz6Vs7vdTrsn55bEm2FKt9y8yE
2026-04-12T12:21:58.711Z,13m54axqgkPrgPwnmtTAHRJdadkFbMs4ZmKqB49Wpump,GEM,filter_2,2026-04-12T11:48:33.565Z,33,0.0001326,32768,2097152,pumpswap,8PZhqXg4sEZupgRwg2U144eNeXVmYBfbzbgxsQXWQgdS
2026-04-12T12:21:58.870Z,69iu9bE7VYtuen7oNubgHAaYqpyaM6ZvCwoudsoMpump,Audit,filter_1,2026-04-12T10:43:35.244Z,98,1.204e-05,8192,262144,pumpswap,Ap365bq7KpWPse9sRuHnMTwek2XSQ77setZ8hxujTrL6
2026-04-12T12:21:59.055Z,H3UfCEUfNyK5dSQcw2yYBU7pLw5qjE6PeHfmdPQxpump,Monobloc,filter_1,2026-04-12T09:38:36.718Z,163,2.955e-06,,65536,pumpfun,C8mK6iGgSueLyavm4jhqJBMMWsqcj25QfGgFs8j6t9Nu
2026-04-12T12:21:59.239Z,GjHiCdvt1Zeti6rdSJeCqdkNMQKcxCkShRss5rGLWwbF,GNWR,filter_2,2026-04-12T09:33:57.750Z,168,0.1394,262144,2097152,raydium,38Wyp9ogTNGUgLeKt6FV7dpWurAtTobbo6T7fgT51uG9
2026-04-12T12:21:59.423Z,39byoLyCVzpfRoiChZoN96dLCoHF8JEPH5h9Qodypump,YN,filter_1,2026-04-12T09:28:36.955Z,173,9.279e-06,8192,262144,pumpswap,DALWM8Ph5yjigv2AtHYQCMAuCHXkZMQo3P3gqaJuv695
2026-04-12T12:21:59.585Z,GiE8Bf4Y2YHvwKutQUFeR2yaAMPWbkngLvezTWwapump,🪑,filter_2,2026-04-12T08:48:02.735Z,214,0.0003922,65536,2097152,pumpswap,47yRWYckWUBUrbSN7AmhanMDhfydURQf5G3fjhotpjy5
2026-04-12T12:21:59.745Z,AiC9FhtXA1iNGW77MocxebVc9U5baQa4nkUFQhtbpump,Sisyphus,filter_4,2026-04-12T08:12:35.668Z,249,6.189e-06,8192,262144,pumpswap,9wFPVtrpbnuKYpLJLYZDhWSFb7R6dVbkmePUVP4zAjd
2026-04-12T12:21:59.906Z,BvHneYfnCYjfZE52iUhK4bqkcqJjYjMQUJb5FPhCpump,ALONSHOUSE,filter_2,2026-04-12T03:51:56.774Z,510,0.0004855,65536,2097152,pumpswap,6KuCNvUu9NsgTFyo1vQGfeFqsoKq7Jq19LhZeQwtMMVr
2026-04-12T12:22:00.066Z,7cFndW3LZJr5hdT138meuoqQRDR6HYqATxKj2CwPpump,AgentCRM,filter_1,2026-04-12T03:39:36.524Z,522,2.553e-05,16384,262144,pumpswap,9UmjwMC9BVfdCYNaa9xCJwWkJjufeVbQg8xcSqMsSSM5
2026-04-12T12:22:00.238Z,9AEtb967xTMosjp9XFhvHLhscPNYgDWc15jFAZR8pump,RƎ́V,filter_1,2026-04-12T02:44:33.253Z,577,0.0001839,32768,16384,pumpswap,EMm9RL2tHvUvygLCu9WkUMBgnu29K2kePzUuWhiSjdMU
2026-04-12T12:22:00.401Z,Hy58kFcGQuZ9qqbiJL5Ka8FPPmqfU6w4zSqNAyzbpump,Zoomer,filter_5,2026-04-12T02:21:55.989Z,600,2.893e-05,16384,524288,pumpswap,EvDD7gjtfLETpF8m8boLppTCHosWoyoy43AKSttyRia9
2026-04-12T12:22:00.591Z,AdD5EMoGMDiGXcgepXQXneB4fEZuS1QvKqDrN876pump,CRAFT,filter_1,2026-04-12T02:18:34.482Z,603,1.872e-05,8192,131072,pumpswap,Fq6wzHyzh8YXvGS7EYBSNPLs7cr3WSLBw4WCpp5Bbk9n
2026-04-12T12:22:00.778Z,8yeUyEaxBkBgcG5i22zR6JiLmVPbA3p6FUBHjFLFpump,MOG,filter_1,2026-04-12T00:53:40.689Z,688,2.49e-06,4096,262144,pumpswap,8jL5pBxjqyhXzGwYDYZhvdifvuSiP7KWzU8ZCGgssRzk
2026-04-12T12:22:00.970Z,VXnX59zHN7j8FrA971nJij7q2RvPSPa3TioV236pump,COG,filter_1,2026-04-11T23:57:38.153Z,744,2.812e-06,4096,262144,pumpswap,DsEyaDvzkJHPnSwDU251c5pCP1V466nMpwh8KQzEeUuU
2026-04-12T12:22:01.130Z,3SNNxUYmrXUc1mQbtV2NGQTuGKVji4y3MWhyESTypump,CASSIE,filter_4,2026-04-11T23:18:36.635Z,783,3.017e-05,16384,131072,pumpswap,B6nQAKbBTm8xTFHBs4xGUqMJJu6JF5mBcmpEv8MPEQ1i
2026-04-12T12:22:01.291Z,6TRyMNFbS6y444mDECfaENQrVnvZP4XzMr2fa6f8pump,Trump,filter_6,2026-04-11T21:07:35.070Z,914,1.954e-06,4096,1048576,pumpswap,BJLaR38FZ2accuRrABzAWdiMeZ8mF3Ky5tL6q853bgBh
2026-04-12T12:22:01.455Z,EamB9vqC1b4aoyPR6t3hn6CWf48yny84xzCuFJMbpump,Peepa,filter_1,2026-04-11T20:47:42.794Z,934,6.329e-05,16384,1048576,pumpswap,BoB3Dvi5eLGFr86BexBPNY2ZXwMNjWhx3FVCep3X2Vj6
2026-04-12T12:22:01.613Z,AQGaTfXDcvinz6DuxfZEKKFp7hmiWDLis4FtK3chpump,Ivunka,filter_3,2026-04-11T20:41:43.544Z,940,2.708e-06,4096,524288,pumpswap,AHBtpXJ7csokwSXddEDxPFYHcA515g234kXTBMhAVRxe
2026-04-12T12:22:01.799Z,BfZ27pSjL3L8Abm8VuRs5MLjjP21Xv5tUL81Rkyepump,WID,filter_4,2026-04-11T20:41:42.289Z,940,1.362e-05,8192,16384,pumpswap,4zmdmfGwoNb2mfF9PJq2N7x38qpQMwBMphD3HMDx6dak
2026-04-12T12:22:01.959Z,EgiJdQ8dbQHWu1uKS6cQBPaF2sK3a7WFpkjHEgdDpump,Dodger,filter_3,2026-04-11T19:29:11.694Z,1013,1.266e-05,8192,1048576,pumpswap,7yrRRCzf429YQ1xQgdZZMy5KQ5jtkkDC7gUZWyPerhXr
2026-04-12T12:22:02.124Z,7bfbBZXpMYbNjhZ6eQ8Ch8VFAbgcz4WsrY7JtQKcpump,BOATGUY,filter_1,2026-04-11T19:27:26.855Z,1015,3.62e-06,4096,262144,pumpswap,6gALa6BfE8ce8pLYaEFsTkCtxozfbuBR5bMVK3nKeFD4
2026-04-12T12:22:02.316Z,4juv1Wq63My7Bc7rznMZTyuD4aQfRSZGW9uKqFXSpump,Asset,filter_1,2026-04-11T19:27:24.857Z,1015,5.098e-06,8192,8192,pumpswap,6g8ZTMKCKvSsVX92g4SKoBESXgrDL2cR1WLg8i7GZPV9
2026-04-12T12:22:02.517Z,Aq6XmZSohMJeRGU9WswbyQo9paEcKrTEs3xdfDFtpump,Lia,filter_1,2026-04-11T19:25:27.104Z,1017,1.717e-06,4096,524288,pumpswap,BsFk4E3Hm12Mg27XmBoDPuk27WAC78BPfN98AHHpDPcM
2026-04-12T12:22:02.676Z,AUZnnRTdybeMiHrxfueNyBgLHnu4H39kngUh84WMpump,MELANIA,filter_3,2026-04-11T19:24:02.559Z,1018,0.0004083,65536,1048576,pumpswap,DM9Xj9x8A8SEinJdoz4SJH2vdhBdPGSZmhL7DxBgwbBy
2026-04-12T12:22:02.858Z,56MEDV2H1M7DkaikaSg5vpibaSyWhgspCxgPwQJhpump,DNIGGA,filter_1,2026-04-11T19:22:24.852Z,1020,1.967e-06,4096,65536,pumpswap,CAhVRREzXYHDvtu6iwACsei9vhv6mexsGm9hpkeVP1Kj
2026-04-12T12:22:03.019Z,A2Px3FMumMJ7W67VEp9ahFXueEyf9aHpei4TTJ5mpump,BABY,filter_3,2026-04-11T19:14:43.120Z,1027,7.137e-06,8192,1048576,pumpswap,53UgNjZDC6mXsEDTowHLmKi2Y6jzjH2Ee3ybac7jEQRQ
2026-04-12T12:22:03.179Z,wutj1cNsMWyeu9ub61knDRCwU37aVvYuCBn8ZLPj7JL,ZHONEY,filter_1,2026-04-11T19:04:35.959Z,1037,9.554e-06,8192,65536,pumpswap,CtYpMFyZqcJL7mPbDQU9o88g9QpkbzEFSC81J9FzFbF8
2026-04-12T12:22:03.342Z,4oFZFm3s8VKeCnwM2G5X5mZrsPivDyzCLvDYZmVipump,ClawFC,filter_1,2026-04-11T19:00:33.206Z,1041,8.861e-06,8192,131072,pumpswap,BnbuPvQe2TNdhS7CSdsCGS1WY7FYu2kZti9adrqkqpZh
2026-04-12T12:22:03.501Z,5rniCpoweGXgsLZZDohw3fZA5yuXgt87df6GHAxWpump,MOTHER,filter_1,2026-04-11T18:17:31.505Z,1084,5.47e-06,4096,32768,pumpswap,7dzsEYbuQoK1LLAiae7riygcwphP7BTbK6r7Vv94p28M
2026-04-12T12:22:03.661Z,3i8RByhvAaSWh2VSoVieAPzzmc4DpZC9WHVSsDzBpump,FOOLHOUSE,filter_2,2026-04-11T13:59:09.655Z,1343,1.788e-06,4096,262144,pumpswap,G8AJyLtb85QyMbaXZe4k5DdTfLPTD8dEX9xDn2fKqQZD
2026-04-12T12:22:03.847Z,AutFvM5QZqtvjK2SrR8iLwvDEQ7ePnL14Rv7GPFvpump,TripleC,filter_2,2026-04-11T13:57:07.657Z,1345,4.981e-06,4096,524288,pumpswap,Cvk9vLXa9wiqWTxb7q5EP3jdPow5ZBrdn1MLRmergW3v
2026-04-12T12:22:04.008Z,Dj2JhqEaKgPDo9se3A1dtSBVV1FFCxAfFa9SBBWmpump,GoldDancer,filter_2,2026-04-11T13:01:12.368Z,1401,1.711e-05,8192,524288,pumpswap,9hovxHG2vADjGPe7S6agGTx5o72kgojobbpC5UVzLdt5
2026-04-12T12:26:58.730Z,DdpmZkfeANzQuZzt3Ycuc84awmzWkadpNnaukZaLpump,GEM,filter_1,2026-04-12T11:41:35.048Z,45,1.767e-05,8192,65536,pumpswap,C8ZtfQxMsUPmnPTtVn7qFqTx6pQcJ1advjtVQSg6Nksv
2026-04-12T12:26:58.890Z,7jZ9YMaHvtNEva4JwLWMb1SdMVWu5QkbMSYi4dwipump,Table,filter_1,2026-04-12T11:41:34.302Z,45,7.977e-06,8192,262144,pumpswap,eScaeJPmgXK75ViANd48NPzM9CpK5AW9m6rX25v8ttc
2026-04-12T12:26:59.050Z,EEebKSFGquW3jX5cFF9sKA2DwLrvGyF1MFwJBfw3bonk,BANI,filter_2,2026-04-12T10:54:00.793Z,93,9.318e-06,8192,262144,raydium,3ArVLZbgpJnsse18pigFJvuhmf2BhiCPX6XZLHF4e6i7
2026-04-12T12:26:59.210Z,2Eem6sxzq5rvdfxHDDwmJBgAXHinUEkiWnEkAKo9pump,ASHLEE,filter_2,2026-04-12T10:32:34.031Z,114,3.726e-05,16384,262144,pumpswap,96xtTNypm2x2bBCPUP9D8ETja6wjJ4e5bA4q3FvMRLYk
2026-04-12T12:26:59.371Z,34q2KmCvapecJgR6ZrtbCTrzZVtkt3a5mHEA3TuEsWYb,LOL,filter_4,2026-04-12T09:13:33.461Z,193,0.007242,524288,1048576,pumpswap,Dx5wFoszXvND6XYYAjAjUQrGLqDAUrTVH2JmHz6eJDNt
2026-04-12T12:26:59.531Z,EmtpJyHqWqH2xGvdag4DyLFNfnjDM6qTAv9QN17npump,tremp,filter_1,2026-04-12T06:53:33.876Z,333,2.028e-06,4096,262144,pumpswap,3a9vYs5m15vkxtMDLHRNagay3WuJ6FKSNJapdU3qh4rh
2026-04-12T12:26:59.692Z,4CkWXDBNqfqBT5xCon4hrGU3mwqhQ3GSwdQQ1SDnpump,STC,filter_2,2026-04-12T06:33:34.615Z,353,5.83e-05,16384,524288,pumpswap,BfcxnfNQF3cbZmdKbTNvL1fLD4dEjGhXCG9r6JS6EqB4
2026-04-12T12:26:59.877Z,ApvxrH4oet42G4mgHZTtYZ9h2yMwhNZqs7Tqu1Ebpump,NIKUTA,filter_1,2026-04-12T03:23:38.029Z,543,3.355e-06,4096,131072,pumpswap,BLzb2UKri4YMnAeqc8VgWioAz8zN62LrcDsaJB3VcK22
2026-04-12T12:27:00.036Z,D6HZ5Se3X2wEWWYsHp8Ma3wh3yWwFSSdCAFjGC4spump,Cat,filter_4,2026-04-12T03:06:34.258Z,560,1.579e-05,8192,131072,pumpswap,5g91GWPaRMg4DdCUyds858fyAzhaiTVbi563jVKhqLuT
2026-04-12T12:27:00.195Z,7Y445U5CAiLL4icyyPDonXy7zvGGML2TGjyMmwpDpump,WLFI,filter_1,2026-04-12T02:03:35.233Z,623,7.888e-05,16384,262144,pumpswap,EjzyuTwozXjagMTqqN6hjNpEyW3Q7rX3avE2otRRS8hv
2026-04-12T12:27:00.356Z,BRKFJs1jxrYBKR5sxBiuxTTbyipNBmT6GWenb3c9pump,TRUMP47,filter_5,2026-04-12T00:39:59.430Z,707,1.608e-06,4096,524288,pumpswap,EgcA2ShdHZK4Sg7N6H7yGzTjxpTpunRrbzw231wLWeDh
2026-04-12T12:27:00.517Z,5xjSweEeRNTNHXpEiyp1XBUB2D3MMYCuU8khzgiZpump,FUDGE,filter_2,2026-04-12T00:02:34.174Z,744,2.025e-05,8192,65536,pumpswap,GXBAKvHDgXXwxWWGWmrepfpXstnghwVGEqBmAq2EQgQZ
2026-04-12T12:27:00.700Z,AQiYy4igZ6jeUS5nbTymwLaQfnEg5BAjjZsP1EZkEjBU,Dolores,filter_1,2026-04-11T23:52:34.399Z,754,3.101e-06,4096,65536,pumpswap,9MiNdc2ywiYUm2nr2KTGo8UCmjk3TdKLCZ2B4aAtZ9hq
2026-04-12T12:27:00.892Z,yLT7rHdaNkfnqfg5pxXxCTrx1Rsnagod16DnpKBpump,Nilly,filter_1,2026-04-11T23:45:34.391Z,761,2.996e-06,4096,131072,pumpswap,8vjkK4SAhZ6zkX7gox9DQEmpX7MbiKsp2gRjD4dAS21V
2026-04-12T12:27:01.052Z,9oVRwbx3Ray9bK7CKhqwfqY5NaWYjG3xj1DNYg2mpump,brainlet,filter_2,2026-04-11T22:44:55.606Z,822,1.936e-06,4096,524288,pumpswap,2PW331e9D7pmdELA1m1Uyq6pnEuj5BWB8m7dcBGgJ5xo
2026-04-12T12:27:01.212Z,9XhhPHKnvSd9R8Ygr8kHR6n8YNYd7SMzRHHPFeb2pump,doomer,filter_1,2026-04-11T22:10:33.845Z,856,1.693e-06,4096,262144,pumpswap,DqTPbpJo2UfNFy2v4dHjMoFg9S2wid1RZuF8qfwcJrHx
2026-04-12T12:27:01.407Z,2wwDzQLc3pwgcHrkCadio4Hn3bzYyCptRAewJAEXdoge,MARKC,filter_1,2026-04-11T21:57:35.843Z,869,3.605e-06,4096,65536,meteora,2rVNWK9fRajakX19wtrfJKGE3xNWeubnV5VpYxETUvPX
2026-04-12T12:27:01.600Z,NicGVyEGbJhn52gBtqWM18zKGzRSe9js98AZnRwY8eS,NEGRON,filter_2,2026-04-11T21:33:59.338Z,893,4.104e-07,131072,8388608,raydium,2rXfTt3Xh699TtAUruiz6Vs7vdTrsn55bEm2FKt9y8yE
2026-04-12T12:31:58.727Z,13m54axqgkPrgPwnmtTAHRJdadkFbMs4ZmKqB49Wpump,GEM,filter_2,2026-04-12T11:48:33.565Z,43,2.037e-06,4096,2097152,pumpswap,8PZhqXg4sEZupgRwg2U144eNeXVmYBfbzbgxsQXWQgdS
2026-04-12T12:31:58.923Z,69iu9bE7VYtuen7oNubgHAaYqpyaM6ZvCwoudsoMpump,Audit,filter_1,2026-04-12T10:43:35.244Z,108,1.016e-05,8192,262144,pumpswap,Ap365bq7KpWPse9sRuHnMTwek2XSQ77setZ8hxujTrL6
2026-04-12T12:31:59.107Z,H3UfCEUfNyK5dSQcw2yYBU7pLw5qjE6PeHfmdPQxpump,Monobloc,filter_1,2026-04-12T09:38:36.718Z,173,2.955e-06,,65536,pumpfun,C8mK6iGgSueLyavm4jhqJBMMWsqcj25QfGgFs8j6t9Nu
2026-04-12T12:31:59.292Z,GjHiCdvt1Zeti6rdSJeCqdkNMQKcxCkShRss5rGLWwbF,GNWR,filter_2,2026-04-12T09:33:57.750Z,178,0.1433,262144,2097152,raydium,38Wyp9ogTNGUgLeKt6FV7dpWurAtTobbo6T7fgT51uG9
2026-04-12T12:31:59.481Z,39byoLyCVzpfRoiChZoN96dLCoHF8JEPH5h9Qodypump,YN,filter_1,2026-04-12T09:28:36.955Z,183,1.02e-05,8192,262144,pumpswap,DALWM8Ph5yjigv2AtHYQCMAuCHXkZMQo3P3gqaJuv695
2026-04-12T12:31:59.642Z,GiE8Bf4Y2YHvwKutQUFeR2yaAMPWbkngLvezTWwapump,🪑,filter_2,2026-04-12T08:48:02.735Z,224,0.0003875,65536,2097152,pumpswap,47yRWYckWUBUrbSN7AmhanMDhfydURQf5G3fjhotpjy5
2026-04-12T12:31:59.828Z,AiC9FhtXA1iNGW77MocxebVc9U5baQa4nkUFQhtbpump,Sisyphus,filter_4,2026-04-12T08:12:35.668Z,259,5.656e-06,8192,262144,pumpswap,9wFPVtrpbnuKYpLJLYZDhWSFb7R6dVbkmePUVP4zAjd
2026-04-12T12:31:59.988Z,BvHneYfnCYjfZE52iUhK4bqkcqJjYjMQUJb5FPhCpump,ALONSHOUSE,filter_2,2026-04-12T03:51:56.774Z,520,0.0005172,65536,2097152,pumpswap,6KuCNvUu9NsgTFyo1vQGfeFqsoKq7Jq19LhZeQwtMMVr
2026-04-12T12:32:00.171Z,7cFndW3LZJr5hdT138meuoqQRDR6HYqATxKj2CwPpump,AgentCRM,filter_1,2026-04-12T03:39:36.524Z,532,2.419e-05,16384,262144,pumpswap,9UmjwMC9BVfdCYNaa9xCJwWkJjufeVbQg8xcSqMsSSM5
2026-04-12T12:32:00.356Z,9AEtb967xTMosjp9XFhvHLhscPNYgDWc15jFAZR8pump,RƎ́V,filter_1,2026-04-12T02:44:33.253Z,587,0.0001835,32768,16384,pumpswap,EMm9RL2tHvUvygLCu9WkUMBgnu29K2kePzUuWhiSjdMU
2026-04-12T12:32:00.541Z,Hy58kFcGQuZ9qqbiJL5Ka8FPPmqfU6w4zSqNAyzbpump,Zoomer,filter_5,2026-04-12T02:21:55.989Z,610,2.697e-05,16384,524288,pumpswap,EvDD7gjtfLETpF8m8boLppTCHosWoyoy43AKSttyRia9
2026-04-12T12:32:00.732Z,AdD5EMoGMDiGXcgepXQXneB4fEZuS1QvKqDrN876pump,CRAFT,filter_1,2026-04-12T02:18:34.482Z,613,1.868e-05,8192,131072,pumpswap,Fq6wzHyzh8YXvGS7EYBSNPLs7cr3WSLBw4WCpp5Bbk9n
2026-04-12T12:32:00.915Z,8yeUyEaxBkBgcG5i22zR6JiLmVPbA3p6FUBHjFLFpump,MOG,filter_1,2026-04-12T00:53:40.689Z,698,2.49e-06,4096,262144,pumpswap,8jL5pBxjqyhXzGwYDYZhvdifvuSiP7KWzU8ZCGgssRzk
2026-04-12T12:32:01.116Z,VXnX59zHN7j8FrA971nJij7q2RvPSPa3TioV236pump,COG,filter_1,2026-04-11T23:57:38.153Z,754,2.944e-06,4096,262144,pumpswap,DsEyaDvzkJHPnSwDU251c5pCP1V466nMpwh8KQzEeUuU
2026-04-12T12:32:01.276Z,3SNNxUYmrXUc1mQbtV2NGQTuGKVji4y3MWhyESTypump,CASSIE,filter_4,2026-04-11T23:18:36.635Z,793,3.034e-05,16384,131072,pumpswap,B6nQAKbBTm8xTFHBs4xGUqMJJu6JF5mBcmpEv8MPEQ1i
2026-04-12T12:32:01.460Z,6TRyMNFbS6y444mDECfaENQrVnvZP4XzMr2fa6f8pump,Trump,filter_6,2026-04-11T21:07:35.070Z,924,1.954e-06,4096,1048576,pumpswap,BJLaR38FZ2accuRrABzAWdiMeZ8mF3Ky5tL6q853bgBh
2026-04-12T12:32:01.620Z,EamB9vqC1b4aoyPR6t3hn6CWf48yny84xzCuFJMbpump,Peepa,filter_1,2026-04-11T20:47:42.794Z,944,6.684e-05,32768,1048576,pumpswap,BoB3Dvi5eLGFr86BexBPNY2ZXwMNjWhx3FVCep3X2Vj6
2026-04-12T12:32:01.813Z,AQGaTfXDcvinz6DuxfZEKKFp7hmiWDLis4FtK3chpump,Ivunka,filter_3,2026-04-11T20:41:43.544Z,950,2.738e-06,4096,524288,pumpswap,AHBtpXJ7csokwSXddEDxPFYHcA515g234kXTBMhAVRxe
2026-04-12T12:32:02.010Z,BfZ27pSjL3L8Abm8VuRs5MLjjP21Xv5tUL81Rkyepump,WID,filter_4,2026-04-11T20:41:42.289Z,950,1.362e-05,8192,16384,pumpswap,4zmdmfGwoNb2mfF9PJq2N7x38qpQMwBMphD3HMDx6dak
2026-04-12T12:32:02.172Z,EgiJdQ8dbQHWu1uKS6cQBPaF2sK3a7WFpkjHEgdDpump,Dodger,filter_3,2026-04-11T19:29:11.694Z,1023,1.238e-05,8192,1048576,pumpswap,7yrRRCzf429YQ1xQgdZZMy5KQ5jtkkDC7gUZWyPerhXr
2026-04-12T12:32:02.365Z,7bfbBZXpMYbNjhZ6eQ8Ch8VFAbgcz4WsrY7JtQKcpump,BOATGUY,filter_1,2026-04-11T19:27:26.855Z,1025,3.62e-06,4096,262144,pumpswap,6gALa6BfE8ce8pLYaEFsTkCtxozfbuBR5bMVK3nKeFD4
2026-04-12T12:32:02.558Z,4juv1Wq63My7Bc7rznMZTyuD4aQfRSZGW9uKqFXSpump,Asset,filter_1,2026-04-11T19:27:24.857Z,1025,5.197e-06,8192,8192,pumpswap,6g8ZTMKCKvSsVX92g4SKoBESXgrDL2cR1WLg8i7GZPV9
2026-04-12T12:32:02.720Z,Aq6XmZSohMJeRGU9WswbyQo9paEcKrTEs3xdfDFtpump,Lia,filter_1,2026-04-11T19:25:27.104Z,1027,1.717e-06,4096,524288,pumpswap,BsFk4E3Hm12Mg27XmBoDPuk27WAC78BPfN98AHHpDPcM
2026-04-12T12:32:02.879Z,AUZnnRTdybeMiHrxfueNyBgLHnu4H39kngUh84WMpump,MELANIA,filter_3,2026-04-11T19:24:02.559Z,1028,0.0004206,65536,1048576,pumpswap,DM9Xj9x8A8SEinJdoz4SJH2vdhBdPGSZmhL7DxBgwbBy
2026-04-12T12:32:03.095Z,56MEDV2H1M7DkaikaSg5vpibaSyWhgspCxgPwQJhpump,DNIGGA,filter_1,2026-04-11T19:22:24.852Z,1030,1.967e-06,4096,65536,pumpswap,CAhVRREzXYHDvtu6iwACsei9vhv6mexsGm9hpkeVP1Kj
2026-04-12T12:32:03.278Z,A2Px3FMumMJ7W67VEp9ahFXueEyf9aHpei4TTJ5mpump,BABY,filter_3,2026-04-11T19:14:43.120Z,1037,7.109e-06,8192,1048576,pumpswap,53UgNjZDC6mXsEDTowHLmKi2Y6jzjH2Ee3ybac7jEQRQ
2026-04-12T12:32:03.439Z,wutj1cNsMWyeu9ub61knDRCwU37aVvYuCBn8ZLPj7JL,ZHONEY,filter_1,2026-04-11T19:04:35.959Z,1047,9.311e-06,8192,65536,pumpswap,CtYpMFyZqcJL7mPbDQU9o88g9QpkbzEFSC81J9FzFbF8
2026-04-12T12:32:03.624Z,4oFZFm3s8VKeCnwM2G5X5mZrsPivDyzCLvDYZmVipump,ClawFC,filter_1,2026-04-11T19:00:33.206Z,1051,8.767e-06,8192,131072,pumpswap,BnbuPvQe2TNdhS7CSdsCGS1WY7FYu2kZti9adrqkqpZh
2026-04-12T12:32:03.785Z,5rniCpoweGXgsLZZDohw3fZA5yuXgt87df6GHAxWpump,MOTHER,filter_1,2026-04-11T18:17:31.505Z,1094,5.47e-06,4096,32768,pumpswap,7dzsEYbuQoK1LLAiae7riygcwphP7BTbK6r7Vv94p28M
2026-04-12T12:32:03.944Z,3i8RByhvAaSWh2VSoVieAPzzmc4DpZC9WHVSsDzBpump,FOOLHOUSE,filter_2,2026-04-11T13:59:09.655Z,1353,1.788e-06,4096,262144,pumpswap,G8AJyLtb85QyMbaXZe4k5DdTfLPTD8dEX9xDn2fKqQZD
2026-04-12T12:32:04.128Z,AutFvM5QZqtvjK2SrR8iLwvDEQ7ePnL14Rv7GPFvpump,TripleC,filter_2,2026-04-11T13:57:07.657Z,1355,6.366e-06,8192,524288,pumpswap,Cvk9vLXa9wiqWTxb7q5EP3jdPow5ZBrdn1MLRmergW3v
2026-04-12T12:32:04.312Z,Dj2JhqEaKgPDo9se3A1dtSBVV1FFCxAfFa9SBBWmpump,GoldDancer,filter_2,2026-04-11T13:01:12.368Z,1411,1.654e-05,8192,524288,pumpswap,9hovxHG2vADjGPe7S6agGTx5o72kgojobbpC5UVzLdt5
2026-04-12T12:36:58.720Z,DdpmZkfeANzQuZzt3Ycuc84awmzWkadpNnaukZaLpump,GEM,filter_1,2026-04-12T11:41:35.048Z,55,2.636e-05,16384,65536,pumpswap,C8ZtfQxMsUPmnPTtVn7qFqTx6pQcJ1advjtVQSg6Nksv
2026-04-12T12:36:58.880Z,7jZ9YMaHvtNEva4JwLWMb1SdMVWu5QkbMSYi4dwipump,Table,filter_1,2026-04-12T11:41:34.302Z,55,5.849e-06,8192,262144,pumpswap,eScaeJPmgXK75ViANd48NPzM9CpK5AW9m6rX25v8ttc
2026-04-12T12:36:59.041Z,EEebKSFGquW3jX5cFF9sKA2DwLrvGyF1MFwJBfw3bonk,BANI,filter_2,2026-04-12T10:54:00.793Z,103,1.186e-05,8192,262144,raydium,3ArVLZbgpJnsse18pigFJvuhmf2BhiCPX6XZLHF4e6i7
2026-04-12T12:36:59.201Z,2Eem6sxzq5rvdfxHDDwmJBgAXHinUEkiWnEkAKo9pump,ASHLEE,filter_2,2026-04-12T10:32:34.031Z,124,2.51e-05,16384,262144,pumpswap,96xtTNypm2x2bBCPUP9D8ETja6wjJ4e5bA4q3FvMRLYk
2026-04-12T12:36:59.362Z,34q2KmCvapecJgR6ZrtbCTrzZVtkt3a5mHEA3TuEsWYb,LOL,filter_4,2026-04-12T09:13:33.461Z,203,0.007061,262144,1048576,pumpswap,Dx5wFoszXvND6XYYAjAjUQrGLqDAUrTVH2JmHz6eJDNt
2026-04-12T12:36:59.521Z,EmtpJyHqWqH2xGvdag4DyLFNfnjDM6qTAv9QN17npump,tremp,filter_1,2026-04-12T06:53:33.876Z,343,2.028e-06,4096,262144,pumpswap,3a9vYs5m15vkxtMDLHRNagay3WuJ6FKSNJapdU3qh4rh
2026-04-12T12:36:59.681Z,4CkWXDBNqfqBT5xCon4hrGU3mwqhQ3GSwdQQ1SDnpump,STC,filter_2,2026-04-12T06:33:34.615Z,363,5.791e-05,16384,524288,pumpswap,BfcxnfNQF3cbZmdKbTNvL1fLD4dEjGhXCG9r6JS6EqB4
2026-04-12T12:36:59.873Z,ApvxrH4oet42G4mgHZTtYZ9h2yMwhNZqs7Tqu1Ebpump,NIKUTA,filter_1,2026-04-12T03:23:38.029Z,553,3.336e-06,4096,131072,pumpswap,BLzb2UKri4YMnAeqc8VgWioAz8zN62LrcDsaJB3VcK22
2026-04-12T12:37:00.054Z,D6HZ5Se3X2wEWWYsHp8Ma3wh3yWwFSSdCAFjGC4spump,Cat,filter_4,2026-04-12T03:06:34.258Z,570,1.619e-05,8192,131072,pumpswap,5g91GWPaRMg4DdCUyds858fyAzhaiTVbi563jVKhqLuT
2026-04-12T12:37:00.215Z,7Y445U5CAiLL4icyyPDonXy7zvGGML2TGjyMmwpDpump,WLFI,filter_1,2026-04-12T02:03:35.233Z,633,5.982e-05,16384,262144,pumpswap,EjzyuTwozXjagMTqqN6hjNpEyW3Q7rX3avE2otRRS8hv
2026-04-12T12:37:00.375Z,BRKFJs1jxrYBKR5sxBiuxTTbyipNBmT6GWenb3c9pump,TRUMP47,filter_5,2026-04-12T00:39:59.430Z,717,1.629e-06,4096,524288,pumpswap,EgcA2ShdHZK4Sg7N6H7yGzTjxpTpunRrbzw231wLWeDh
2026-04-12T12:37:00.563Z,5xjSweEeRNTNHXpEiyp1XBUB2D3MMYCuU8khzgiZpump,FUDGE,filter_2,2026-04-12T00:02:34.174Z,754,2.345e-05,16384,65536,pumpswap,GXBAKvHDgXXwxWWGWmrepfpXstnghwVGEqBmAq2EQgQZ
2026-04-12T12:37:00.752Z,AQiYy4igZ6jeUS5nbTymwLaQfnEg5BAjjZsP1EZkEjBU,Dolores,filter_1,2026-04-11T23:52:34.399Z,764,3.101e-06,4096,65536,pumpswap,9MiNdc2ywiYUm2nr2KTGo8UCmjk3TdKLCZ2B4aAtZ9hq
2026-04-12T12:37:00.935Z,yLT7rHdaNkfnqfg5pxXxCTrx1Rsnagod16DnpKBpump,Nilly,filter_1,2026-04-11T23:45:34.391Z,771,2.996e-06,4096,131072,pumpswap,8vjkK4SAhZ6zkX7gox9DQEmpX7MbiKsp2gRjD4dAS21V
2026-04-12T12:37:01.096Z,9oVRwbx3Ray9bK7CKhqwfqY5NaWYjG3xj1DNYg2mpump,brainlet,filter_2,2026-04-11T22:44:55.606Z,832,1.936e-06,4096,524288,pumpswap,2PW331e9D7pmdELA1m1Uyq6pnEuj5BWB8m7dcBGgJ5xo
2026-04-12T12:37:01.299Z,9XhhPHKnvSd9R8Ygr8kHR6n8YNYd7SMzRHHPFeb2pump,doomer,filter_1,2026-04-11T22:10:33.845Z,866,1.693e-06,4096,262144,pumpswap,DqTPbpJo2UfNFy2v4dHjMoFg9S2wid1RZuF8qfwcJrHx
2026-04-12T12:37:01.489Z,2wwDzQLc3pwgcHrkCadio4Hn3bzYyCptRAewJAEXdoge,MARKC,filter_1,2026-04-11T21:57:35.843Z,879,3.682e-06,4096,65536,meteora,2rVNWK9fRajakX19wtrfJKGE3xNWeubnV5VpYxETUvPX
2026-04-12T12:37:01.676Z,NicGVyEGbJhn52gBtqWM18zKGzRSe9js98AZnRwY8eS,NEGRON,filter_2,2026-04-11T21:33:59.338Z,903,4.116e-07,131072,8388608,raydium,2rXfTt3Xh699TtAUruiz6Vs7vdTrsn55bEm2FKt9y8yE
2026-04-12T12:41:58.712Z,13m54axqgkPrgPwnmtTAHRJdadkFbMs4ZmKqB49Wpump,GEM,filter_2,2026-04-12T11:48:33.565Z,53,1.983e-06,4096,2097152,pumpswap,8PZhqXg4sEZupgRwg2U144eNeXVmYBfbzbgxsQXWQgdS
2026-04-12T12:41:58.871Z,69iu9bE7VYtuen7oNubgHAaYqpyaM6ZvCwoudsoMpump,Audit,filter_1,2026-04-12T10:43:35.244Z,118,9.798e-06,8192,262144,pumpswap,Ap365bq7KpWPse9sRuHnMTwek2XSQ77setZ8hxujTrL6
2026-04-12T12:41:59.056Z,H3UfCEUfNyK5dSQcw2yYBU7pLw5qjE6PeHfmdPQxpump,Monobloc,filter_1,2026-04-12T09:38:36.718Z,183,2.95e-06,,65536,pumpfun,C8mK6iGgSueLyavm4jhqJBMMWsqcj25QfGgFs8j6t9Nu
2026-04-12T12:41:59.248Z,GjHiCdvt1Zeti6rdSJeCqdkNMQKcxCkShRss5rGLWwbF,GNWR,filter_2,2026-04-12T09:33:57.750Z,188,0.1483,262144,2097152,raydium,38Wyp9ogTNGUgLeKt6FV7dpWurAtTobbo6T7fgT51uG9
2026-04-12T12:41:59.439Z,39byoLyCVzpfRoiChZoN96dLCoHF8JEPH5h9Qodypump,YN,filter_1,2026-04-12T09:28:36.955Z,193,1.037e-05,8192,262144,pumpswap,DALWM8Ph5yjigv2AtHYQCMAuCHXkZMQo3P3gqaJuv695
2026-04-12T12:41:59.598Z,GiE8Bf4Y2YHvwKutQUFeR2yaAMPWbkngLvezTWwapump,🪑,filter_2,2026-04-12T08:48:02.735Z,234,0.0004031,65536,2097152,pumpswap,47yRWYckWUBUrbSN7AmhanMDhfydURQf5G3fjhotpjy5
2026-04-12T12:41:59.757Z,AiC9FhtXA1iNGW77MocxebVc9U5baQa4nkUFQhtbpump,Sisyphus,filter_4,2026-04-12T08:12:35.668Z,269,4.657e-06,4096,262144,pumpswap,9wFPVtrpbnuKYpLJLYZDhWSFb7R6dVbkmePUVP4zAjd
2026-04-12T12:41:59.917Z,BvHneYfnCYjfZE52iUhK4bqkcqJjYjMQUJb5FPhCpump,ALONSHOUSE,filter_2,2026-04-12T03:51:56.774Z,530,0.000643,65536,2097152,pumpswap,6KuCNvUu9NsgTFyo1vQGfeFqsoKq7Jq19LhZeQwtMMVr
2026-04-12T12:42:00.078Z,7cFndW3LZJr5hdT138meuoqQRDR6HYqATxKj2CwPpump,AgentCRM,filter_1,2026-04-12T03:39:36.524Z,542,2.946e-05,16384,262144,pumpswap,9UmjwMC9BVfdCYNaa9xCJwWkJjufeVbQg8xcSqMsSSM5
2026-04-12T12:42:00.271Z,9AEtb967xTMosjp9XFhvHLhscPNYgDWc15jFAZR8pump,RƎ́V,filter_1,2026-04-12T02:44:33.253Z,597,0.000184,32768,16384,pumpswap,EMm9RL2tHvUvygLCu9WkUMBgnu29K2kePzUuWhiSjdMU
2026-04-12T12:42:00.455Z,Hy58kFcGQuZ9qqbiJL5Ka8FPPmqfU6w4zSqNAyzbpump,Zoomer,filter_5,2026-04-12T02:21:55.989Z,620,2.696e-05,16384,524288,pumpswap,EvDD7gjtfLETpF8m8boLppTCHosWoyoy43AKSttyRia9
2026-04-12T12:42:00.639Z,AdD5EMoGMDiGXcgepXQXneB4fEZuS1QvKqDrN876pump,CRAFT,filter_1,2026-04-12T02:18:34.482Z,623,2.465e-05,16384,131072,pumpswap,Fq6wzHyzh8YXvGS7EYBSNPLs7cr3WSLBw4WCpp5Bbk9n
2026-04-12T12:42:00.821Z,8yeUyEaxBkBgcG5i22zR6JiLmVPbA3p6FUBHjFLFpump,MOG,filter_1,2026-04-12T00:53:40.689Z,708,2.49e-06,4096,262144,pumpswap,8jL5pBxjqyhXzGwYDYZhvdifvuSiP7KWzU8ZCGgssRzk
2026-04-12T12:42:01.002Z,VXnX59zHN7j8FrA971nJij7q2RvPSPa3TioV236pump,COG,filter_1,2026-04-11T23:57:38.153Z,764,2.944e-06,4096,262144,pumpswap,DsEyaDvzkJHPnSwDU251c5pCP1V466nMpwh8KQzEeUuU
2026-04-12T12:42:01.162Z,3SNNxUYmrXUc1mQbtV2NGQTuGKVji4y3MWhyESTypump,CASSIE,filter_4,2026-04-11T23:18:36.635Z,803,2.981e-05,16384,131072,pumpswap,B6nQAKbBTm8xTFHBs4xGUqMJJu6JF5mBcmpEv8MPEQ1i
2026-04-12T12:42:01.321Z,6TRyMNFbS6y444mDECfaENQrVnvZP4XzMr2fa6f8pump,Trump,filter_6,2026-04-11T21:07:35.070Z,934,1.954e-06,4096,1048576,pumpswap,BJLaR38FZ2accuRrABzAWdiMeZ8mF3Ky5tL6q853bgBh
2026-04-12T12:42:01.479Z,EamB9vqC1b4aoyPR6t3hn6CWf48yny84xzCuFJMbpump,Peepa,filter_1,2026-04-11T20:47:42.794Z,954,6.556e-05,32768,524288,pumpswap,BoB3Dvi5eLGFr86BexBPNY2ZXwMNjWhx3FVCep3X2Vj6
2026-04-12T12:42:01.662Z,AQGaTfXDcvinz6DuxfZEKKFp7hmiWDLis4FtK3chpump,Ivunka,filter_3,2026-04-11T20:41:43.544Z,960,2.738e-06,4096,524288,pumpswap,AHBtpXJ7csokwSXddEDxPFYHcA515g234kXTBMhAVRxe
2026-04-12T12:42:01.857Z,BfZ27pSjL3L8Abm8VuRs5MLjjP21Xv5tUL81Rkyepump,WID,filter_4,2026-04-11T20:41:42.289Z,960,1.362e-05,8192,16384,pumpswap,4zmdmfGwoNb2mfF9PJq2N7x38qpQMwBMphD3HMDx6dak
2026-04-12T12:42:02.042Z,EgiJdQ8dbQHWu1uKS6cQBPaF2sK3a7WFpkjHEgdDpump,Dodger,filter_3,2026-04-11T19:29:11.694Z,1033,1.236e-05,8192,1048576,pumpswap,7yrRRCzf429YQ1xQgdZZMy5KQ5jtkkDC7gUZWyPerhXr
2026-04-12T12:42:02.226Z,7bfbBZXpMYbNjhZ6eQ8Ch8VFAbgcz4WsrY7JtQKcpump,BOATGUY,filter_1,2026-04-11T19:27:26.855Z,1035,3.186e-06,4096,262144,pumpswap,6gALa6BfE8ce8pLYaEFsTkCtxozfbuBR5bMVK3nKeFD4
2026-04-12T12:42:02.412Z,4juv1Wq63My7Bc7rznMZTyuD4aQfRSZGW9uKqFXSpump,Asset,filter_1,2026-04-11T19:27:24.857Z,1035,5.197e-06,8192,8192,pumpswap,6g8ZTMKCKvSsVX92g4SKoBESXgrDL2cR1WLg8i7GZPV9
2026-04-12T12:42:02.606Z,Aq6XmZSohMJeRGU9WswbyQo9paEcKrTEs3xdfDFtpump,Lia,filter_1,2026-04-11T19:25:27.104Z,1037,1.717e-06,4096,524288,pumpswap,BsFk4E3Hm12Mg27XmBoDPuk27WAC78BPfN98AHHpDPcM
2026-04-12T12:42:02.798Z,AUZnnRTdybeMiHrxfueNyBgLHnu4H39kngUh84WMpump,MELANIA,filter_3,2026-04-11T19:24:02.559Z,1038,0.0004712,65536,1048576,pumpswap,DM9Xj9x8A8SEinJdoz4SJH2vdhBdPGSZmhL7DxBgwbBy
2026-04-12T12:42:02.981Z,56MEDV2H1M7DkaikaSg5vpibaSyWhgspCxgPwQJhpump,DNIGGA,filter_1,2026-04-11T19:22:24.852Z,1040,1.967e-06,4096,65536,pumpswap,CAhVRREzXYHDvtu6iwACsei9vhv6mexsGm9hpkeVP1Kj
2026-04-12T12:42:03.176Z,A2Px3FMumMJ7W67VEp9ahFXueEyf9aHpei4TTJ5mpump,BABY,filter_3,2026-04-11T19:14:43.120Z,1047,5.826e-06,8192,1048576,pumpswap,53UgNjZDC6mXsEDTowHLmKi2Y6jzjH2Ee3ybac7jEQRQ
2026-04-12T12:42:03.335Z,wutj1cNsMWyeu9ub61knDRCwU37aVvYuCBn8ZLPj7JL,ZHONEY,filter_1,2026-04-11T19:04:35.959Z,1057,9.324e-06,8192,65536,pumpswap,CtYpMFyZqcJL7mPbDQU9o88g9QpkbzEFSC81J9FzFbF8
2026-04-12T12:42:03.518Z,4oFZFm3s8VKeCnwM2G5X5mZrsPivDyzCLvDYZmVipump,ClawFC,filter_1,2026-04-11T19:00:33.206Z,1061,8.792e-06,8192,131072,pumpswap,BnbuPvQe2TNdhS7CSdsCGS1WY7FYu2kZti9adrqkqpZh
2026-04-12T12:42:03.700Z,5rniCpoweGXgsLZZDohw3fZA5yuXgt87df6GHAxWpump,MOTHER,filter_1,2026-04-11T18:17:31.505Z,1104,5.502e-06,4096,32768,pumpswap,7dzsEYbuQoK1LLAiae7riygcwphP7BTbK6r7Vv94p28M
2026-04-12T12:42:03.890Z,3i8RByhvAaSWh2VSoVieAPzzmc4DpZC9WHVSsDzBpump,FOOLHOUSE,filter_2,2026-04-11T13:59:09.655Z,1363,1.788e-06,4096,262144,pumpswap,G8AJyLtb85QyMbaXZe4k5DdTfLPTD8dEX9xDn2fKqQZD
2026-04-12T12:42:04.073Z,AutFvM5QZqtvjK2SrR8iLwvDEQ7ePnL14Rv7GPFvpump,TripleC,filter_2,2026-04-11T13:57:07.657Z,1365,5.923e-06,8192,524288,pumpswap,Cvk9vLXa9wiqWTxb7q5EP3jdPow5ZBrdn1MLRmergW3v
2026-04-12T12:42:04.286Z,Dj2JhqEaKgPDo9se3A1dtSBVV1FFCxAfFa9SBBWmpump,GoldDancer,filter_2,2026-04-11T13:01:12.368Z,1421,1.736e-05,8192,524288,pumpswap,9hovxHG2vADjGPe7S6agGTx5o72kgojobbpC5UVzLdt5
2026-04-12T12:46:58.742Z,DdpmZkfeANzQuZzt3Ycuc84awmzWkadpNnaukZaLpump,GEM,filter_1,2026-04-12T11:41:35.048Z,65,2.517e-05,16384,65536,pumpswap,C8ZtfQxMsUPmnPTtVn7qFqTx6pQcJ1advjtVQSg6Nksv
2026-04-12T12:46:58.902Z,7jZ9YMaHvtNEva4JwLWMb1SdMVWu5QkbMSYi4dwipump,Table,filter_1,2026-04-12T11:41:34.302Z,65,6.193e-06,8192,262144,pumpswap,eScaeJPmgXK75ViANd48NPzM9CpK5AW9m6rX25v8ttc
2026-04-12T12:46:59.063Z,EEebKSFGquW3jX5cFF9sKA2DwLrvGyF1MFwJBfw3bonk,BANI,filter_2,2026-04-12T10:54:00.793Z,113,9.44e-06,8192,262144,raydium,3ArVLZbgpJnsse18pigFJvuhmf2BhiCPX6XZLHF4e6i7
2026-04-12T12:46:59.222Z,2Eem6sxzq5rvdfxHDDwmJBgAXHinUEkiWnEkAKo9pump,ASHLEE,filter_2,2026-04-12T10:32:34.031Z,134,3.018e-05,16384,262144,pumpswap,96xtTNypm2x2bBCPUP9D8ETja6wjJ4e5bA4q3FvMRLYk
2026-04-12T12:46:59.384Z,34q2KmCvapecJgR6ZrtbCTrzZVtkt3a5mHEA3TuEsWYb,LOL,filter_4,2026-04-12T09:13:33.461Z,213,0.007028,262144,1048576,pumpswap,Dx5wFoszXvND6XYYAjAjUQrGLqDAUrTVH2JmHz6eJDNt
2026-04-12T12:46:59.544Z,EmtpJyHqWqH2xGvdag4DyLFNfnjDM6qTAv9QN17npump,tremp,filter_1,2026-04-12T06:53:33.876Z,353,2.028e-06,4096,262144,pumpswap,3a9vYs5m15vkxtMDLHRNagay3WuJ6FKSNJapdU3qh4rh
2026-04-12T12:46:59.705Z,4CkWXDBNqfqBT5xCon4hrGU3mwqhQ3GSwdQQ1SDnpump,STC,filter_2,2026-04-12T06:33:34.615Z,373,5.557e-05,16384,524288,pumpswap,BfcxnfNQF3cbZmdKbTNvL1fLD4dEjGhXCG9r6JS6EqB4
2026-04-12T12:46:59.866Z,ApvxrH4oet42G4mgHZTtYZ9h2yMwhNZqs7Tqu1Ebpump,NIKUTA,filter_1,2026-04-12T03:23:38.029Z,563,3.251e-06,4096,131072,pumpswap,BLzb2UKri4YMnAeqc8VgWioAz8zN62LrcDsaJB3VcK22
2026-04-12T12:47:00.026Z,D6HZ5Se3X2wEWWYsHp8Ma3wh3yWwFSSdCAFjGC4spump,Cat,filter_4,2026-04-12T03:06:34.258Z,580,1.722e-05,8192,131072,pumpswap,5g91GWPaRMg4DdCUyds858fyAzhaiTVbi563jVKhqLuT
2026-04-12T12:47:00.190Z,7Y445U5CAiLL4icyyPDonXy7zvGGML2TGjyMmwpDpump,WLFI,filter_1,2026-04-12T02:03:35.233Z,643,6.502e-05,16384,262144,pumpswap,EjzyuTwozXjagMTqqN6hjNpEyW3Q7rX3avE2otRRS8hv
2026-04-12T12:47:00.357Z,BRKFJs1jxrYBKR5sxBiuxTTbyipNBmT6GWenb3c9pump,TRUMP47,filter_5,2026-04-12T00:39:59.430Z,727,1.629e-06,4096,524288,pumpswap,EgcA2ShdHZK4Sg7N6H7yGzTjxpTpunRrbzw231wLWeDh
2026-04-12T12:47:00.551Z,5xjSweEeRNTNHXpEiyp1XBUB2D3MMYCuU8khzgiZpump,FUDGE,filter_2,2026-04-12T00:02:34.174Z,764,2.251e-05,8192,65536,pumpswap,GXBAKvHDgXXwxWWGWmrepfpXstnghwVGEqBmAq2EQgQZ
2026-04-12T12:47:00.736Z,AQiYy4igZ6jeUS5nbTymwLaQfnEg5BAjjZsP1EZkEjBU,Dolores,filter_1,2026-04-11T23:52:34.399Z,774,3.101e-06,4096,65536,pumpswap,9MiNdc2ywiYUm2nr2KTGo8UCmjk3TdKLCZ2B4aAtZ9hq
2026-04-12T12:47:00.895Z,yLT7rHdaNkfnqfg5pxXxCTrx1Rsnagod16DnpKBpump,Nilly,filter_1,2026-04-11T23:45:34.391Z,781,2.996e-06,4096,131072,pumpswap,8vjkK4SAhZ6zkX7gox9DQEmpX7MbiKsp2gRjD4dAS21V
2026-04-12T12:47:01.089Z,9oVRwbx3Ray9bK7CKhqwfqY5NaWYjG3xj1DNYg2mpump,brainlet,filter_2,2026-04-11T22:44:55.606Z,842,1.936e-06,4096,524288,pumpswap,2PW331e9D7pmdELA1m1Uyq6pnEuj5BWB8m7dcBGgJ5xo
2026-04-12T12:47:01.250Z,9XhhPHKnvSd9R8Ygr8kHR6n8YNYd7SMzRHHPFeb2pump,doomer,filter_1,2026-04-11T22:10:33.845Z,876,1.693e-06,4096,262144,pumpswap,DqTPbpJo2UfNFy2v4dHjMoFg9S2wid1RZuF8qfwcJrHx
2026-04-12T12:47:01.411Z,2wwDzQLc3pwgcHrkCadio4Hn3bzYyCptRAewJAEXdoge,MARKC,filter_1,2026-04-11T21:57:35.843Z,889,3.675e-06,4096,65536,meteora,2rVNWK9fRajakX19wtrfJKGE3xNWeubnV5VpYxETUvPX
2026-04-12T12:47:01.604Z,NicGVyEGbJhn52gBtqWM18zKGzRSe9js98AZnRwY8eS,NEGRON,filter_2,2026-04-11T21:33:59.338Z,913,4.38e-07,131072,8388608,raydium,2rXfTt3Xh699TtAUruiz6Vs7vdTrsn55bEm2FKt9y8yE
2026-04-12T12:51:58.716Z,13m54axqgkPrgPwnmtTAHRJdadkFbMs4ZmKqB49Wpump,GEM,filter_2,2026-04-12T11:48:33.565Z,63,1.97e-06,4096,2097152,pumpswap,8PZhqXg4sEZupgRwg2U144eNeXVmYBfbzbgxsQXWQgdS
2026-04-12T12:51:58.874Z,69iu9bE7VYtuen7oNubgHAaYqpyaM6ZvCwoudsoMpump,Audit,filter_1,2026-04-12T10:43:35.244Z,128,1.015e-05,8192,262144,pumpswap,Ap365bq7KpWPse9sRuHnMTwek2XSQ77setZ8hxujTrL6
2026-04-12T12:51:59.056Z,H3UfCEUfNyK5dSQcw2yYBU7pLw5qjE6PeHfmdPQxpump,Monobloc,filter_1,2026-04-12T09:38:36.718Z,193,2.982e-06,,65536,pumpfun,C8mK6iGgSueLyavm4jhqJBMMWsqcj25QfGgFs8j6t9Nu
2026-04-12T12:51:59.250Z,GjHiCdvt1Zeti6rdSJeCqdkNMQKcxCkShRss5rGLWwbF,GNWR,filter_2,2026-04-12T09:33:57.750Z,198,0.1474,262144,2097152,raydium,38Wyp9ogTNGUgLeKt6FV7dpWurAtTobbo6T7fgT51uG9
2026-04-12T12:51:59.432Z,39byoLyCVzpfRoiChZoN96dLCoHF8JEPH5h9Qodypump,YN,filter_1,2026-04-12T09:28:36.955Z,203,1.243e-05,8192,262144,pumpswap,DALWM8Ph5yjigv2AtHYQCMAuCHXkZMQo3P3gqaJuv695
2026-04-12T12:51:59.593Z,GiE8Bf4Y2YHvwKutQUFeR2yaAMPWbkngLvezTWwapump,🪑,filter_2,2026-04-12T08:48:02.735Z,244,0.0004103,65536,2097152,pumpswap,47yRWYckWUBUrbSN7AmhanMDhfydURQf5G3fjhotpjy5
2026-04-12T12:51:59.753Z,AiC9FhtXA1iNGW77MocxebVc9U5baQa4nkUFQhtbpump,Sisyphus,filter_4,2026-04-12T08:12:35.668Z,279,4.601e-06,4096,262144,pumpswap,9wFPVtrpbnuKYpLJLYZDhWSFb7R6dVbkmePUVP4zAjd
2026-04-12T12:51:59.912Z,BvHneYfnCYjfZE52iUhK4bqkcqJjYjMQUJb5FPhCpump,ALONSHOUSE,filter_2,2026-04-12T03:51:56.774Z,540,0.0006075,65536,2097152,pumpswap,6KuCNvUu9NsgTFyo1vQGfeFqsoKq7Jq19LhZeQwtMMVr
2026-04-12T12:52:00.072Z,7cFndW3LZJr5hdT138meuoqQRDR6HYqATxKj2CwPpump,AgentCRM,filter_1,2026-04-12T03:39:36.524Z,552,2.762e-05,16384,262144,pumpswap,9UmjwMC9BVfdCYNaa9xCJwWkJjufeVbQg8xcSqMsSSM5
2026-04-12T12:52:00.234Z,9AEtb967xTMosjp9XFhvHLhscPNYgDWc15jFAZR8pump,RƎ́V,filter_1,2026-04-12T02:44:33.253Z,607,0.000184,32768,16384,pumpswap,EMm9RL2tHvUvygLCu9WkUMBgnu29K2kePzUuWhiSjdMU
2026-04-12T12:52:00.423Z,Hy58kFcGQuZ9qqbiJL5Ka8FPPmqfU6w4zSqNAyzbpump,Zoomer,filter_5,2026-04-12T02:21:55.989Z,630,2.518e-05,16384,524288,pumpswap,EvDD7gjtfLETpF8m8boLppTCHosWoyoy43AKSttyRia9
2026-04-12T12:52:00.615Z,AdD5EMoGMDiGXcgepXQXneB4fEZuS1QvKqDrN876pump,CRAFT,filter_1,2026-04-12T02:18:34.482Z,633,3.622e-05,16384,131072,pumpswap,Fq6wzHyzh8YXvGS7EYBSNPLs7cr3WSLBw4WCpp5Bbk9n
2026-04-12T12:52:00.775Z,8yeUyEaxBkBgcG5i22zR6JiLmVPbA3p6FUBHjFLFpump,MOG,filter_1,2026-04-12T00:53:40.689Z,718,2.49e-06,4096,262144,pumpswap,8jL5pBxjqyhXzGwYDYZhvdifvuSiP7KWzU8ZCGgssRzk
2026-04-12T12:52:00.936Z,VXnX59zHN7j8FrA971nJij7q2RvPSPa3TioV236pump,COG,filter_1,2026-04-11T23:57:38.153Z,774,2.88e-06,4096,262144,pumpswap,DsEyaDvzkJHPnSwDU251c5pCP1V466nMpwh8KQzEeUuU
2026-04-12T12:52:01.120Z,3SNNxUYmrXUc1mQbtV2NGQTuGKVji4y3MWhyESTypump,CASSIE,filter_4,2026-04-11T23:18:36.635Z,813,2.577e-05,16384,131072,pumpswap,B6nQAKbBTm8xTFHBs4xGUqMJJu6JF5mBcmpEv8MPEQ1i
2026-04-12T12:52:01.279Z,6TRyMNFbS6y444mDECfaENQrVnvZP4XzMr2fa6f8pump,Trump,filter_6,2026-04-11T21:07:35.070Z,944,1.939e-06,4096,1048576,pumpswap,BJLaR38FZ2accuRrABzAWdiMeZ8mF3Ky5tL6q853bgBh
2026-04-12T12:52:01.438Z,EamB9vqC1b4aoyPR6t3hn6CWf48yny84xzCuFJMbpump,Peepa,filter_1,2026-04-11T20:47:42.794Z,964,6.591e-05,32768,524288,pumpswap,BoB3Dvi5eLGFr86BexBPNY2ZXwMNjWhx3FVCep3X2Vj6
2026-04-12T12:52:01.597Z,AQGaTfXDcvinz6DuxfZEKKFp7hmiWDLis4FtK3chpump,Ivunka,filter_3,2026-04-11T20:41:43.544Z,970,2.738e-06,4096,524288,pumpswap,AHBtpXJ7csokwSXddEDxPFYHcA515g234kXTBMhAVRxe
2026-04-12T12:52:01.799Z,BfZ27pSjL3L8Abm8VuRs5MLjjP21Xv5tUL81Rkyepump,WID,filter_4,2026-04-11T20:41:42.289Z,970,1.362e-05,8192,16384,pumpswap,4zmdmfGwoNb2mfF9PJq2N7x38qpQMwBMphD3HMDx6dak
2026-04-12T12:52:01.979Z,EgiJdQ8dbQHWu1uKS6cQBPaF2sK3a7WFpkjHEgdDpump,Dodger,filter_3,2026-04-11T19:29:11.694Z,1043,1.208e-05,8192,1048576,pumpswap,7yrRRCzf429YQ1xQgdZZMy5KQ5jtkkDC7gUZWyPerhXr
2026-04-12T12:52:02.194Z,7bfbBZXpMYbNjhZ6eQ8Ch8VFAbgcz4WsrY7JtQKcpump,BOATGUY,filter_1,2026-04-11T19:27:26.855Z,1045,3.186e-06,4096,262144,pumpswap,6gALa6BfE8ce8pLYaEFsTkCtxozfbuBR5bMVK3nKeFD4
2026-04-12T12:52:02.377Z,4juv1Wq63My7Bc7rznMZTyuD4aQfRSZGW9uKqFXSpump,Asset,filter_1,2026-04-11T19:27:24.857Z,1045,5.787e-06,8192,8192,pumpswap,6g8ZTMKCKvSsVX92g4SKoBESXgrDL2cR1WLg8i7GZPV9
2026-04-12T12:52:02.538Z,Aq6XmZSohMJeRGU9WswbyQo9paEcKrTEs3xdfDFtpump,Lia,filter_1,2026-04-11T19:25:27.104Z,1047,1.718e-06,4096,524288,pumpswap,BsFk4E3Hm12Mg27XmBoDPuk27WAC78BPfN98AHHpDPcM
2026-04-12T12:52:02.696Z,AUZnnRTdybeMiHrxfueNyBgLHnu4H39kngUh84WMpump,MELANIA,filter_3,2026-04-11T19:24:02.559Z,1048,0.0004514,65536,2097152,pumpswap,DM9Xj9x8A8SEinJdoz4SJH2vdhBdPGSZmhL7DxBgwbBy
2026-04-12T12:52:02.880Z,56MEDV2H1M7DkaikaSg5vpibaSyWhgspCxgPwQJhpump,DNIGGA,filter_1,2026-04-11T19:22:24.852Z,1050,1.967e-06,4096,65536,pumpswap,CAhVRREzXYHDvtu6iwACsei9vhv6mexsGm9hpkeVP1Kj
2026-04-12T12:52:03.040Z,A2Px3FMumMJ7W67VEp9ahFXueEyf9aHpei4TTJ5mpump,BABY,filter_3,2026-04-11T19:14:43.120Z,1057,6.113e-06,8192,1048576,pumpswap,53UgNjZDC6mXsEDTowHLmKi2Y6jzjH2Ee3ybac7jEQRQ
2026-04-12T12:52:03.199Z,wutj1cNsMWyeu9ub61knDRCwU37aVvYuCBn8ZLPj7JL,ZHONEY,filter_1,2026-04-11T19:04:35.959Z,1067,9.601e-06,8192,65536,pumpswap,CtYpMFyZqcJL7mPbDQU9o88g9QpkbzEFSC81J9FzFbF8
2026-04-12T12:52:03.386Z,4oFZFm3s8VKeCnwM2G5X5mZrsPivDyzCLvDYZmVipump,ClawFC,filter_1,2026-04-11T19:00:33.206Z,1071,8.935e-06,8192,131072,pumpswap,BnbuPvQe2TNdhS7CSdsCGS1WY7FYu2kZti9adrqkqpZh
2026-04-12T12:52:03.544Z,5rniCpoweGXgsLZZDohw3fZA5yuXgt87df6GHAxWpump,MOTHER,filter_1,2026-04-11T18:17:31.505Z,1114,5.784e-06,8192,32768,pumpswap,7dzsEYbuQoK1LLAiae7riygcwphP7BTbK6r7Vv94p28M
2026-04-12T12:52:03.752Z,3i8RByhvAaSWh2VSoVieAPzzmc4DpZC9WHVSsDzBpump,FOOLHOUSE,filter_2,2026-04-11T13:59:09.655Z,1373,1.708e-06,4096,262144,pumpswap,G8AJyLtb85QyMbaXZe4k5DdTfLPTD8dEX9xDn2fKqQZD
2026-04-12T12:52:03.940Z,AutFvM5QZqtvjK2SrR8iLwvDEQ7ePnL14Rv7GPFvpump,TripleC,filter_2,2026-04-11T13:57:07.657Z,1375,6.487e-06,8192,262144,pumpswap,Cvk9vLXa9wiqWTxb7q5EP3jdPow5ZBrdn1MLRmergW3v
2026-04-12T12:52:04.100Z,Dj2JhqEaKgPDo9se3A1dtSBVV1FFCxAfFa9SBBWmpump,GoldDancer,filter_2,2026-04-11T13:01:12.368Z,1431,1.806e-05,8192,262144,pumpswap,9hovxHG2vADjGPe7S6agGTx5o72kgojobbpC5UVzLdt5
2026-04-12T12:56:58.735Z,9BHt7aq3DFCb74kZjPY5epgVtsWKCeYX1tUWxYwDpump,YN,filter_2,2026-04-12T12:56:56.111Z,0,8.058e-05,16384,131072,pumpswap,EQqvZi6mSaQL95wWkP5vGBX6ZsAkVTqZCV88rQU1fbcY
2026-04-12T12:56:58.893Z,58VuqpXDDA9dxwKULNUnFtHVLRgJqmJYqd296BbCpump,Glowbo,filter_1,2026-04-12T12:55:34.845Z,1,7.003e-06,8192,262144,pumpswap,D9tVJgwno8LtxwUuhtVMSAzvrCKp4xtfdwhDfkZ8sZKZ
2026-04-12T12:56:59.054Z,DdpmZkfeANzQuZzt3Ycuc84awmzWkadpNnaukZaLpump,GEM,filter_1,2026-04-12T11:41:35.048Z,75,2.036e-05,8192,65536,pumpswap,C8ZtfQxMsUPmnPTtVn7qFqTx6pQcJ1advjtVQSg6Nksv
2026-04-12T12:56:59.214Z,7jZ9YMaHvtNEva4JwLWMb1SdMVWu5QkbMSYi4dwipump,Table,filter_1,2026-04-12T11:41:34.302Z,75,5.984e-06,8192,262144,pumpswap,eScaeJPmgXK75ViANd48NPzM9CpK5AW9m6rX25v8ttc
2026-04-12T12:56:59.374Z,EEebKSFGquW3jX5cFF9sKA2DwLrvGyF1MFwJBfw3bonk,BANI,filter_2,2026-04-12T10:54:00.793Z,123,9.831e-06,8192,262144,raydium,3ArVLZbgpJnsse18pigFJvuhmf2BhiCPX6XZLHF4e6i7
2026-04-12T12:56:59.534Z,2Eem6sxzq5rvdfxHDDwmJBgAXHinUEkiWnEkAKo9pump,ASHLEE,filter_2,2026-04-12T10:32:34.031Z,144,2.748e-05,16384,262144,pumpswap,96xtTNypm2x2bBCPUP9D8ETja6wjJ4e5bA4q3FvMRLYk
2026-04-12T12:56:59.695Z,34q2KmCvapecJgR6ZrtbCTrzZVtkt3a5mHEA3TuEsWYb,LOL,filter_4,2026-04-12T09:13:33.461Z,223,0.006948,262144,1048576,pumpswap,Dx5wFoszXvND6XYYAjAjUQrGLqDAUrTVH2JmHz6eJDNt
2026-04-12T12:56:59.854Z,EmtpJyHqWqH2xGvdag4DyLFNfnjDM6qTAv9QN17npump,tremp,filter_1,2026-04-12T06:53:33.876Z,363,2.028e-06,4096,262144,pumpswap,3a9vYs5m15vkxtMDLHRNagay3WuJ6FKSNJapdU3qh4rh
2026-04-12T12:57:00.015Z,4CkWXDBNqfqBT5xCon4hrGU3mwqhQ3GSwdQQ1SDnpump,STC,filter_2,2026-04-12T06:33:34.615Z,383,5.714e-05,16384,524288,pumpswap,BfcxnfNQF3cbZmdKbTNvL1fLD4dEjGhXCG9r6JS6EqB4
2026-04-12T12:57:00.199Z,ApvxrH4oet42G4mgHZTtYZ9h2yMwhNZqs7Tqu1Ebpump,NIKUTA,filter_1,2026-04-12T03:23:38.029Z,573,2.971e-06,4096,131072,pumpswap,BLzb2UKri4YMnAeqc8VgWioAz8zN62LrcDsaJB3VcK22
2026-04-12T12:57:00.359Z,D6HZ5Se3X2wEWWYsHp8Ma3wh3yWwFSSdCAFjGC4spump,Cat,filter_4,2026-04-12T03:06:34.258Z,590,2.055e-05,16384,131072,pumpswap,5g91GWPaRMg4DdCUyds858fyAzhaiTVbi563jVKhqLuT
2026-04-12T12:57:00.519Z,7Y445U5CAiLL4icyyPDonXy7zvGGML2TGjyMmwpDpump,WLFI,filter_1,2026-04-12T02:03:35.233Z,653,7.451e-05,16384,262144,pumpswap,EjzyuTwozXjagMTqqN6hjNpEyW3Q7rX3avE2otRRS8hv
2026-04-12T12:57:00.703Z,BRKFJs1jxrYBKR5sxBiuxTTbyipNBmT6GWenb3c9pump,TRUMP47,filter_5,2026-04-12T00:39:59.430Z,737,1.629e-06,4096,524288,pumpswap,EgcA2ShdHZK4Sg7N6H7yGzTjxpTpunRrbzw231wLWeDh
2026-04-12T12:57:00.902Z,5xjSweEeRNTNHXpEiyp1XBUB2D3MMYCuU8khzgiZpump,FUDGE,filter_2,2026-04-12T00:02:34.174Z,774,2.244e-05,8192,65536,pumpswap,GXBAKvHDgXXwxWWGWmrepfpXstnghwVGEqBmAq2EQgQZ
2026-04-12T12:57:01.094Z,AQiYy4igZ6jeUS5nbTymwLaQfnEg5BAjjZsP1EZkEjBU,Dolores,filter_1,2026-04-11T23:52:34.399Z,784,3.056e-06,4096,65536,pumpswap,9MiNdc2ywiYUm2nr2KTGo8UCmjk3TdKLCZ2B4aAtZ9hq
2026-04-12T12:57:01.286Z,yLT7rHdaNkfnqfg5pxXxCTrx1Rsnagod16DnpKBpump,Nilly,filter_1,2026-04-11T23:45:34.391Z,791,2.996e-06,4096,131072,pumpswap,8vjkK4SAhZ6zkX7gox9DQEmpX7MbiKsp2gRjD4dAS21V
2026-04-12T12:57:01.446Z,9oVRwbx3Ray9bK7CKhqwfqY5NaWYjG3xj1DNYg2mpump,brainlet,filter_2,2026-04-11T22:44:55.606Z,852,1.937e-06,4096,524288,pumpswap,2PW331e9D7pmdELA1m1Uyq6pnEuj5BWB8m7dcBGgJ5xo
2026-04-12T12:57:01.607Z,9XhhPHKnvSd9R8Ygr8kHR6n8YNYd7SMzRHHPFeb2pump,doomer,filter_1,2026-04-11T22:10:33.845Z,886,1.693e-06,4096,262144,pumpswap,DqTPbpJo2UfNFy2v4dHjMoFg9S2wid1RZuF8qfwcJrHx
2026-04-12T12:57:01.800Z,2wwDzQLc3pwgcHrkCadio4Hn3bzYyCptRAewJAEXdoge,MARKC,filter_1,2026-04-11T21:57:35.843Z,899,3.628e-06,4096,65536,meteora,2rVNWK9fRajakX19wtrfJKGE3xNWeubnV5VpYxETUvPX
2026-04-12T12:57:01.983Z,NicGVyEGbJhn52gBtqWM18zKGzRSe9js98AZnRwY8eS,NEGRON,filter_2,2026-04-11T21:33:59.338Z,923,4.363e-07,131072,8388608,raydium,2rXfTt3Xh699TtAUruiz6Vs7vdTrsn55bEm2FKt9y8yE
2026-04-12T13:01:58.750Z,13m54axqgkPrgPwnmtTAHRJdadkFbMs4ZmKqB49Wpump,GEM,filter_2,2026-04-12T11:48:33.565Z,73,1.946e-06,4096,2097152,pumpswap,8PZhqXg4sEZupgRwg2U144eNeXVmYBfbzbgxsQXWQgdS
2026-04-12T13:01:58.909Z,69iu9bE7VYtuen7oNubgHAaYqpyaM6ZvCwoudsoMpump,Audit,filter_1,2026-04-12T10:43:35.244Z,138,9.083e-06,8192,262144,pumpswap,Ap365bq7KpWPse9sRuHnMTwek2XSQ77setZ8hxujTrL6
2026-04-12T13:01:59.094Z,H3UfCEUfNyK5dSQcw2yYBU7pLw5qjE6PeHfmdPQxpump,Monobloc,filter_1,2026-04-12T09:38:36.718Z,203,2.982e-06,,65536,pumpfun,C8mK6iGgSueLyavm4jhqJBMMWsqcj25QfGgFs8j6t9Nu
2026-04-12T13:01:59.278Z,GjHiCdvt1Zeti6rdSJeCqdkNMQKcxCkShRss5rGLWwbF,GNWR,filter_2,2026-04-12T09:33:57.750Z,208,0.1474,262144,2097152,raydium,38Wyp9ogTNGUgLeKt6FV7dpWurAtTobbo6T7fgT51uG9
2026-04-12T13:01:59.474Z,39byoLyCVzpfRoiChZoN96dLCoHF8JEPH5h9Qodypump,YN,filter_1,2026-04-12T09:28:36.955Z,213,1.14e-05,8192,262144,pumpswap,DALWM8Ph5yjigv2AtHYQCMAuCHXkZMQo3P3gqaJuv695
2026-04-12T13:01:59.634Z,GiE8Bf4Y2YHvwKutQUFeR2yaAMPWbkngLvezTWwapump,🪑,filter_2,2026-04-12T08:48:02.735Z,254,0.0003879,65536,2097152,pumpswap,47yRWYckWUBUrbSN7AmhanMDhfydURQf5G3fjhotpjy5
2026-04-12T13:01:59.836Z,AiC9FhtXA1iNGW77MocxebVc9U5baQa4nkUFQhtbpump,Sisyphus,filter_4,2026-04-12T08:12:35.668Z,289,5.347e-06,4096,262144,pumpswap,9wFPVtrpbnuKYpLJLYZDhWSFb7R6dVbkmePUVP4zAjd
2026-04-12T13:02:00.002Z,BvHneYfnCYjfZE52iUhK4bqkcqJjYjMQUJb5FPhCpump,ALONSHOUSE,filter_2,2026-04-12T03:51:56.774Z,550,0.0006468,65536,2097152,pumpswap,6KuCNvUu9NsgTFyo1vQGfeFqsoKq7Jq19LhZeQwtMMVr
2026-04-12T13:02:00.186Z,7cFndW3LZJr5hdT138meuoqQRDR6HYqATxKj2CwPpump,AgentCRM,filter_1,2026-04-12T03:39:36.524Z,562,3.316e-05,16384,262144,pumpswap,9UmjwMC9BVfdCYNaa9xCJwWkJjufeVbQg8xcSqMsSSM5
2026-04-12T13:02:00.368Z,9AEtb967xTMosjp9XFhvHLhscPNYgDWc15jFAZR8pump,RƎ́V,filter_1,2026-04-12T02:44:33.253Z,617,0.000184,32768,16384,pumpswap,EMm9RL2tHvUvygLCu9WkUMBgnu29K2kePzUuWhiSjdMU
2026-04-12T13:02:00.559Z,Hy58kFcGQuZ9qqbiJL5Ka8FPPmqfU6w4zSqNAyzbpump,Zoomer,filter_5,2026-04-12T02:21:55.989Z,640,2.983e-05,16384,524288,pumpswap,EvDD7gjtfLETpF8m8boLppTCHosWoyoy43AKSttyRia9
2026-04-12T13:02:00.742Z,AdD5EMoGMDiGXcgepXQXneB4fEZuS1QvKqDrN876pump,CRAFT,filter_1,2026-04-12T02:18:34.482Z,643,4.071e-05,16384,131072,pumpswap,Fq6wzHyzh8YXvGS7EYBSNPLs7cr3WSLBw4WCpp5Bbk9n
2026-04-12T13:02:00.902Z,8yeUyEaxBkBgcG5i22zR6JiLmVPbA3p6FUBHjFLFpump,MOG,filter_1,2026-04-12T00:53:40.689Z,728,2.49e-06,4096,262144,pumpswap,8jL5pBxjqyhXzGwYDYZhvdifvuSiP7KWzU8ZCGgssRzk
2026-04-12T13:02:01.062Z,VXnX59zHN7j8FrA971nJij7q2RvPSPa3TioV236pump,COG,filter_1,2026-04-11T23:57:38.153Z,784,2.88e-06,4096,262144,pumpswap,DsEyaDvzkJHPnSwDU251c5pCP1V466nMpwh8KQzEeUuU
2026-04-12T13:02:01.248Z,3SNNxUYmrXUc1mQbtV2NGQTuGKVji4y3MWhyESTypump,CASSIE,filter_4,2026-04-11T23:18:36.635Z,823,2.587e-05,16384,131072,pumpswap,B6nQAKbBTm8xTFHBs4xGUqMJJu6JF5mBcmpEv8MPEQ1i
2026-04-12T13:02:01.407Z,6TRyMNFbS6y444mDECfaENQrVnvZP4XzMr2fa6f8pump,Trump,filter_6,2026-04-11T21:07:35.070Z,954,1.939e-06,4096,1048576,pumpswap,BJLaR38FZ2accuRrABzAWdiMeZ8mF3Ky5tL6q853bgBh
2026-04-12T13:02:01.566Z,EamB9vqC1b4aoyPR6t3hn6CWf48yny84xzCuFJMbpump,Peepa,filter_1,2026-04-11T20:47:42.794Z,974,6.796e-05,32768,524288,pumpswap,BoB3Dvi5eLGFr86BexBPNY2ZXwMNjWhx3FVCep3X2Vj6
2026-04-12T13:02:01.759Z,AQGaTfXDcvinz6DuxfZEKKFp7hmiWDLis4FtK3chpump,Ivunka,filter_3,2026-04-11T20:41:43.544Z,980,2.729e-06,4096,524288,pumpswap,AHBtpXJ7csokwSXddEDxPFYHcA515g234kXTBMhAVRxe
2026-04-12T13:02:01.966Z,BfZ27pSjL3L8Abm8VuRs5MLjjP21Xv5tUL81Rkyepump,WID,filter_4,2026-04-11T20:41:42.289Z,980,1.362e-05,8192,16384,pumpswap,4zmdmfGwoNb2mfF9PJq2N7x38qpQMwBMphD3HMDx6dak
2026-04-12T13:02:02.125Z,EgiJdQ8dbQHWu1uKS6cQBPaF2sK3a7WFpkjHEgdDpump,Dodger,filter_3,2026-04-11T19:29:11.694Z,1053,1.291e-05,8192,1048576,pumpswap,7yrRRCzf429YQ1xQgdZZMy5KQ5jtkkDC7gUZWyPerhXr
2026-04-12T13:02:02.318Z,7bfbBZXpMYbNjhZ6eQ8Ch8VFAbgcz4WsrY7JtQKcpump,BOATGUY,filter_1,2026-04-11T19:27:26.855Z,1055,3.155e-06,4096,262144,pumpswap,6gALa6BfE8ce8pLYaEFsTkCtxozfbuBR5bMVK3nKeFD4
2026-04-12T13:02:02.513Z,4juv1Wq63My7Bc7rznMZTyuD4aQfRSZGW9uKqFXSpump,Asset,filter_1,2026-04-11T19:27:24.857Z,1055,5.502e-06,8192,8192,pumpswap,6g8ZTMKCKvSsVX92g4SKoBESXgrDL2cR1WLg8i7GZPV9
2026-04-12T13:02:02.696Z,Aq6XmZSohMJeRGU9WswbyQo9paEcKrTEs3xdfDFtpump,Lia,filter_1,2026-04-11T19:25:27.104Z,1057,1.718e-06,4096,524288,pumpswap,BsFk4E3Hm12Mg27XmBoDPuk27WAC78BPfN98AHHpDPcM
2026-04-12T13:02:02.880Z,AUZnnRTdybeMiHrxfueNyBgLHnu4H39kngUh84WMpump,MELANIA,filter_3,2026-04-11T19:24:02.559Z,1058,0.0004609,65536,2097152,pumpswap,DM9Xj9x8A8SEinJdoz4SJH2vdhBdPGSZmhL7DxBgwbBy
2026-04-12T13:02:03.075Z,56MEDV2H1M7DkaikaSg5vpibaSyWhgspCxgPwQJhpump,DNIGGA,filter_1,2026-04-11T19:22:24.852Z,1060,1.967e-06,4096,65536,pumpswap,CAhVRREzXYHDvtu6iwACsei9vhv6mexsGm9hpkeVP1Kj
2026-04-12T13:02:03.235Z,A2Px3FMumMJ7W67VEp9ahFXueEyf9aHpei4TTJ5mpump,BABY,filter_3,2026-04-11T19:14:43.120Z,1067,6.063e-06,8192,1048576,pumpswap,53UgNjZDC6mXsEDTowHLmKi2Y6jzjH2Ee3ybac7jEQRQ
2026-04-12T13:02:03.429Z,wutj1cNsMWyeu9ub61knDRCwU37aVvYuCBn8ZLPj7JL,ZHONEY,filter_1,2026-04-11T19:04:35.959Z,1077,7.656e-06,8192,65536,pumpswap,CtYpMFyZqcJL7mPbDQU9o88g9QpkbzEFSC81J9FzFbF8
2026-04-12T13:02:03.610Z,4oFZFm3s8VKeCnwM2G5X5mZrsPivDyzCLvDYZmVipump,ClawFC,filter_1,2026-04-11T19:00:33.206Z,1081,9.122e-06,8192,131072,pumpswap,BnbuPvQe2TNdhS7CSdsCGS1WY7FYu2kZti9adrqkqpZh
2026-04-12T13:02:03.791Z,5rniCpoweGXgsLZZDohw3fZA5yuXgt87df6GHAxWpump,MOTHER,filter_1,2026-04-11T18:17:31.505Z,1124,5.82e-06,8192,32768,pumpswap,7dzsEYbuQoK1LLAiae7riygcwphP7BTbK6r7Vv94p28M
2026-04-12T13:02:03.971Z,3i8RByhvAaSWh2VSoVieAPzzmc4DpZC9WHVSsDzBpump,FOOLHOUSE,filter_2,2026-04-11T13:59:09.655Z,1383,1.708e-06,4096,131072,pumpswap,G8AJyLtb85QyMbaXZe4k5DdTfLPTD8dEX9xDn2fKqQZD
2026-04-12T13:02:04.156Z,AutFvM5QZqtvjK2SrR8iLwvDEQ7ePnL14Rv7GPFvpump,TripleC,filter_2,2026-04-11T13:57:07.657Z,1385,5.524e-06,8192,262144,pumpswap,Cvk9vLXa9wiqWTxb7q5EP3jdPow5ZBrdn1MLRmergW3v
2026-04-12T13:06:58.743Z,f5nEHwaQukCmhJTaHA5nYnUvnqc5Tpg86qSjrGspump,NA,filter_1,2026-04-12T13:06:35.363Z,0,1.051e-05,8192,262144,pumpswap,DvJ8FevLWvnB5JG26x2rhjSP9xBiS3nNsKQTTCHxp2Mi
2026-04-12T13:06:58.902Z,58VuqpXDDA9dxwKULNUnFtHVLRgJqmJYqd296BbCpump,Glowbo,filter_1,2026-04-12T13:05:34.852Z,1,6.099e-06,8192,262144,pumpswap,D9tVJgwno8LtxwUuhtVMSAzvrCKp4xtfdwhDfkZ8sZKZ
2026-04-12T13:06:59.061Z,4RUKEudrEN46okm6najQhxnhs6ioKW6tzNWiCFTmpump,Wifejak,filter_5,2026-04-12T13:02:56.612Z,4,0.0002214,32768,524288,pumpswap,3MFQirqeWSkhouwaF4h7RqFyWHtd9xdg2XP4Rns9HsYX
2026-04-12T13:06:59.220Z,9BHt7aq3DFCb74kZjPY5epgVtsWKCeYX1tUWxYwDpump,YN,filter_2,2026-04-12T12:56:56.111Z,10,7.71e-05,16384,131072,pumpswap,EQqvZi6mSaQL95wWkP5vGBX6ZsAkVTqZCV88rQU1fbcY
2026-04-12T13:06:59.380Z,DdpmZkfeANzQuZzt3Ycuc84awmzWkadpNnaukZaLpump,GEM,filter_1,2026-04-12T11:41:35.048Z,85,2.045e-05,8192,65536,pumpswap,C8ZtfQxMsUPmnPTtVn7qFqTx6pQcJ1advjtVQSg6Nksv
2026-04-12T13:06:59.539Z,7jZ9YMaHvtNEva4JwLWMb1SdMVWu5QkbMSYi4dwipump,Table,filter_1,2026-04-12T11:41:34.302Z,85,5.878e-06,8192,262144,pumpswap,eScaeJPmgXK75ViANd48NPzM9CpK5AW9m6rX25v8ttc
2026-04-12T13:06:59.698Z,EEebKSFGquW3jX5cFF9sKA2DwLrvGyF1MFwJBfw3bonk,BANI,filter_2,2026-04-12T10:54:00.793Z,133,1.089e-05,8192,262144,raydium,3ArVLZbgpJnsse18pigFJvuhmf2BhiCPX6XZLHF4e6i7
2026-04-12T13:06:59.856Z,2Eem6sxzq5rvdfxHDDwmJBgAXHinUEkiWnEkAKo9pump,ASHLEE,filter_2,2026-04-12T10:32:34.031Z,154,2.426e-05,16384,262144,pumpswap,96xtTNypm2x2bBCPUP9D8ETja6wjJ4e5bA4q3FvMRLYk
2026-04-12T13:07:00.024Z,34q2KmCvapecJgR6ZrtbCTrzZVtkt3a5mHEA3TuEsWYb,LOL,filter_4,2026-04-12T09:13:33.461Z,233,0.006849,262144,1048576,pumpswap,Dx5wFoszXvND6XYYAjAjUQrGLqDAUrTVH2JmHz6eJDNt
2026-04-12T13:07:00.185Z,EmtpJyHqWqH2xGvdag4DyLFNfnjDM6qTAv9QN17npump,tremp,filter_1,2026-04-12T06:53:33.876Z,373,2.008e-06,4096,262144,pumpswap,3a9vYs5m15vkxtMDLHRNagay3WuJ6FKSNJapdU3qh4rh
2026-04-12T13:07:00.346Z,4CkWXDBNqfqBT5xCon4hrGU3mwqhQ3GSwdQQ1SDnpump,STC,filter_2,2026-04-12T06:33:34.615Z,393,5.351e-05,16384,524288,pumpswap,BfcxnfNQF3cbZmdKbTNvL1fLD4dEjGhXCG9r6JS6EqB4
2026-04-12T13:07:00.548Z,ApvxrH4oet42G4mgHZTtYZ9h2yMwhNZqs7Tqu1Ebpump,NIKUTA,filter_1,2026-04-12T03:23:38.029Z,583,2.812e-06,4096,131072,pumpswap,BLzb2UKri4YMnAeqc8VgWioAz8zN62LrcDsaJB3VcK22
2026-04-12T13:07:00.707Z,D6HZ5Se3X2wEWWYsHp8Ma3wh3yWwFSSdCAFjGC4spump,Cat,filter_4,2026-04-12T03:06:34.258Z,600,2.253e-05,16384,131072,pumpswap,5g91GWPaRMg4DdCUyds858fyAzhaiTVbi563jVKhqLuT
2026-04-12T13:07:00.866Z,7Y445U5CAiLL4icyyPDonXy7zvGGML2TGjyMmwpDpump,WLFI,filter_1,2026-04-12T02:03:35.233Z,663,8.193e-05,16384,262144,pumpswap,EjzyuTwozXjagMTqqN6hjNpEyW3Q7rX3avE2otRRS8hv
2026-04-12T13:07:01.025Z,BRKFJs1jxrYBKR5sxBiuxTTbyipNBmT6GWenb3c9pump,TRUMP47,filter_5,2026-04-12T00:39:59.430Z,747,1.629e-06,4096,524288,pumpswap,EgcA2ShdHZK4Sg7N6H7yGzTjxpTpunRrbzw231wLWeDh
2026-04-12T13:07:01.231Z,5xjSweEeRNTNHXpEiyp1XBUB2D3MMYCuU8khzgiZpump,FUDGE,filter_2,2026-04-12T00:02:34.174Z,784,1.79e-05,8192,65536,pumpswap,GXBAKvHDgXXwxWWGWmrepfpXstnghwVGEqBmAq2EQgQZ
2026-04-12T13:07:01.416Z,AQiYy4igZ6jeUS5nbTymwLaQfnEg5BAjjZsP1EZkEjBU,Dolores,filter_1,2026-04-11T23:52:34.399Z,794,2.961e-06,4096,65536,pumpswap,9MiNdc2ywiYUm2nr2KTGo8UCmjk3TdKLCZ2B4aAtZ9hq
2026-04-12T13:07:01.600Z,yLT7rHdaNkfnqfg5pxXxCTrx1Rsnagod16DnpKBpump,Nilly,filter_1,2026-04-11T23:45:34.391Z,801,2.996e-06,4096,131072,pumpswap,8vjkK4SAhZ6zkX7gox9DQEmpX7MbiKsp2gRjD4dAS21V
2026-04-12T13:07:01.759Z,9oVRwbx3Ray9bK7CKhqwfqY5NaWYjG3xj1DNYg2mpump,brainlet,filter_2,2026-04-11T22:44:55.606Z,862,1.937e-06,4096,524288,pumpswap,2PW331e9D7pmdELA1m1Uyq6pnEuj5BWB8m7dcBGgJ5xo
2026-04-12T13:07:01.918Z,9XhhPHKnvSd9R8Ygr8kHR6n8YNYd7SMzRHHPFeb2pump,doomer,filter_1,2026-04-11T22:10:33.845Z,896,1.693e-06,4096,262144,pumpswap,DqTPbpJo2UfNFy2v4dHjMoFg9S2wid1RZuF8qfwcJrHx
2026-04-12T13:07:02.110Z,2wwDzQLc3pwgcHrkCadio4Hn3bzYyCptRAewJAEXdoge,MARKC,filter_1,2026-04-11T21:57:35.843Z,909,3.628e-06,4096,65536,meteora,2rVNWK9fRajakX19wtrfJKGE3xNWeubnV5VpYxETUvPX
2026-04-12T13:07:02.278Z,NicGVyEGbJhn52gBtqWM18zKGzRSe9js98AZnRwY8eS,NEGRON,filter_2,2026-04-11T21:33:59.338Z,933,4.452e-07,131072,8388608,raydium,2rXfTt3Xh699TtAUruiz6Vs7vdTrsn55bEm2FKt9y8yE
2026-04-12T13:11:58.718Z,13m54axqgkPrgPwnmtTAHRJdadkFbMs4ZmKqB49Wpump,GEM,filter_2,2026-04-12T11:48:33.565Z,83,1.927e-06,4096,2097152,pumpswap,8PZhqXg4sEZupgRwg2U144eNeXVmYBfbzbgxsQXWQgdS
2026-04-12T13:11:58.885Z,69iu9bE7VYtuen7oNubgHAaYqpyaM6ZvCwoudsoMpump,Audit,filter_1,2026-04-12T10:43:35.244Z,148,1.006e-05,8192,262144,pumpswap,Ap365bq7KpWPse9sRuHnMTwek2XSQ77setZ8hxujTrL6
2026-04-12T13:11:59.067Z,H3UfCEUfNyK5dSQcw2yYBU7pLw5qjE6PeHfmdPQxpump,Monobloc,filter_1,2026-04-12T09:38:36.718Z,213,2.982e-06,,65536,pumpfun,C8mK6iGgSueLyavm4jhqJBMMWsqcj25QfGgFs8j6t9Nu
2026-04-12T13:11:59.251Z,GjHiCdvt1Zeti6rdSJeCqdkNMQKcxCkShRss5rGLWwbF,GNWR,filter_2,2026-04-12T09:33:57.750Z,218,0.1468,262144,2097152,raydium,38Wyp9ogTNGUgLeKt6FV7dpWurAtTobbo6T7fgT51uG9
2026-04-12T13:11:59.409Z,39byoLyCVzpfRoiChZoN96dLCoHF8JEPH5h9Qodypump,YN,filter_1,2026-04-12T09:28:36.955Z,223,9.445e-06,8192,262144,pumpswap,DALWM8Ph5yjigv2AtHYQCMAuCHXkZMQo3P3gqaJuv695
2026-04-12T13:11:59.568Z,GiE8Bf4Y2YHvwKutQUFeR2yaAMPWbkngLvezTWwapump,🪑,filter_2,2026-04-12T08:48:02.735Z,264,0.0003709,65536,2097152,pumpswap,47yRWYckWUBUrbSN7AmhanMDhfydURQf5G3fjhotpjy5
2026-04-12T13:11:59.727Z,AiC9FhtXA1iNGW77MocxebVc9U5baQa4nkUFQhtbpump,Sisyphus,filter_4,2026-04-12T08:12:35.668Z,299,5.128e-06,4096,262144,pumpswap,9wFPVtrpbnuKYpLJLYZDhWSFb7R6dVbkmePUVP4zAjd
2026-04-12T13:11:59.886Z,BvHneYfnCYjfZE52iUhK4bqkcqJjYjMQUJb5FPhCpump,ALONSHOUSE,filter_2,2026-04-12T03:51:56.774Z,560,0.000626,65536,2097152,pumpswap,6KuCNvUu9NsgTFyo1vQGfeFqsoKq7Jq19LhZeQwtMMVr
2026-04-12T13:12:00.078Z,7cFndW3LZJr5hdT138meuoqQRDR6HYqATxKj2CwPpump,AgentCRM,filter_1,2026-04-12T03:39:36.524Z,572,3.351e-05,16384,262144,pumpswap,9UmjwMC9BVfdCYNaa9xCJwWkJjufeVbQg8xcSqMsSSM5
2026-04-12T13:12:00.238Z,9AEtb967xTMosjp9XFhvHLhscPNYgDWc15jFAZR8pump,RƎ́V,filter_1,2026-04-12T02:44:33.253Z,627,0.0001835,32768,16384,pumpswap,EMm9RL2tHvUvygLCu9WkUMBgnu29K2kePzUuWhiSjdMU
2026-04-12T13:12:00.397Z,Hy58kFcGQuZ9qqbiJL5Ka8FPPmqfU6w4zSqNAyzbpump,Zoomer,filter_5,2026-04-12T02:21:55.989Z,650,2.858e-05,16384,524288,pumpswap,EvDD7gjtfLETpF8m8boLppTCHosWoyoy43AKSttyRia9
2026-04-12T13:12:00.555Z,AdD5EMoGMDiGXcgepXQXneB4fEZuS1QvKqDrN876pump,CRAFT,filter_1,2026-04-12T02:18:34.482Z,653,3.913e-05,16384,131072,pumpswap,Fq6wzHyzh8YXvGS7EYBSNPLs7cr3WSLBw4WCpp5Bbk9n
2026-04-12T13:12:00.713Z,8yeUyEaxBkBgcG5i22zR6JiLmVPbA3p6FUBHjFLFpump,MOG,filter_1,2026-04-12T00:53:40.689Z,738,2.49e-06,4096,262144,pumpswap,8jL5pBxjqyhXzGwYDYZhvdifvuSiP7KWzU8ZCGgssRzk
2026-04-12T13:12:00.872Z,VXnX59zHN7j8FrA971nJij7q2RvPSPa3TioV236pump,COG,filter_1,2026-04-11T23:57:38.153Z,794,2.88e-06,4096,262144,pumpswap,DsEyaDvzkJHPnSwDU251c5pCP1V466nMpwh8KQzEeUuU
2026-04-12T13:12:01.064Z,3SNNxUYmrXUc1mQbtV2NGQTuGKVji4y3MWhyESTypump,CASSIE,filter_4,2026-04-11T23:18:36.635Z,833,2.477e-05,16384,131072,pumpswap,B6nQAKbBTm8xTFHBs4xGUqMJJu6JF5mBcmpEv8MPEQ1i
2026-04-12T13:12:01.225Z,6TRyMNFbS6y444mDECfaENQrVnvZP4XzMr2fa6f8pump,Trump,filter_6,2026-04-11T21:07:35.070Z,964,1.939e-06,4096,1048576,pumpswap,BJLaR38FZ2accuRrABzAWdiMeZ8mF3Ky5tL6q853bgBh
2026-04-12T13:12:01.383Z,EamB9vqC1b4aoyPR6t3hn6CWf48yny84xzCuFJMbpump,Peepa,filter_1,2026-04-11T20:47:42.794Z,984,7.124e-05,32768,524288,pumpswap,BoB3Dvi5eLGFr86BexBPNY2ZXwMNjWhx3FVCep3X2Vj6
2026-04-12T13:12:01.547Z,AQGaTfXDcvinz6DuxfZEKKFp7hmiWDLis4FtK3chpump,Ivunka,filter_3,2026-04-11T20:41:43.544Z,990,2.729e-06,4096,524288,pumpswap,AHBtpXJ7csokwSXddEDxPFYHcA515g234kXTBMhAVRxe
2026-04-12T13:12:01.760Z,BfZ27pSjL3L8Abm8VuRs5MLjjP21Xv5tUL81Rkyepump,WID,filter_4,2026-04-11T20:41:42.289Z,990,1.362e-05,8192,16384,pumpswap,4zmdmfGwoNb2mfF9PJq2N7x38qpQMwBMphD3HMDx6dak
2026-04-12T13:12:01.921Z,EgiJdQ8dbQHWu1uKS6cQBPaF2sK3a7WFpkjHEgdDpump,Dodger,filter_3,2026-04-11T19:29:11.694Z,1063,1.302e-05,8192,1048576,pumpswap,7yrRRCzf429YQ1xQgdZZMy5KQ5jtkkDC7gUZWyPerhXr
2026-04-12T13:12:02.113Z,7bfbBZXpMYbNjhZ6eQ8Ch8VFAbgcz4WsrY7JtQKcpump,BOATGUY,filter_1,2026-04-11T19:27:26.855Z,1065,3.155e-06,4096,262144,pumpswap,6gALa6BfE8ce8pLYaEFsTkCtxozfbuBR5bMVK3nKeFD4
2026-04-12T13:12:02.296Z,4juv1Wq63My7Bc7rznMZTyuD4aQfRSZGW9uKqFXSpump,Asset,filter_1,2026-04-11T19:27:24.857Z,1065,5.502e-06,8192,8192,pumpswap,6g8ZTMKCKvSsVX92g4SKoBESXgrDL2cR1WLg8i7GZPV9
2026-04-12T13:12:02.454Z,Aq6XmZSohMJeRGU9WswbyQo9paEcKrTEs3xdfDFtpump,Lia,filter_1,2026-04-11T19:25:27.104Z,1067,1.718e-06,4096,524288,pumpswap,BsFk4E3Hm12Mg27XmBoDPuk27WAC78BPfN98AHHpDPcM
2026-04-12T13:12:02.620Z,AUZnnRTdybeMiHrxfueNyBgLHnu4H39kngUh84WMpump,MELANIA,filter_3,2026-04-11T19:24:02.559Z,1068,0.0005135,65536,2097152,pumpswap,DM9Xj9x8A8SEinJdoz4SJH2vdhBdPGSZmhL7DxBgwbBy
2026-04-12T13:12:02.814Z,56MEDV2H1M7DkaikaSg5vpibaSyWhgspCxgPwQJhpump,DNIGGA,filter_1,2026-04-11T19:22:24.852Z,1070,1.967e-06,4096,65536,pumpswap,CAhVRREzXYHDvtu6iwACsei9vhv6mexsGm9hpkeVP1Kj
2026-04-12T13:12:02.973Z,A2Px3FMumMJ7W67VEp9ahFXueEyf9aHpei4TTJ5mpump,BABY,filter_3,2026-04-11T19:14:43.120Z,1077,6.021e-06,8192,1048576,pumpswap,53UgNjZDC6mXsEDTowHLmKi2Y6jzjH2Ee3ybac7jEQRQ
2026-04-12T13:12:03.132Z,wutj1cNsMWyeu9ub61knDRCwU37aVvYuCBn8ZLPj7JL,ZHONEY,filter_1,2026-04-11T19:04:35.959Z,1087,7.398e-06,8192,65536,pumpswap,CtYpMFyZqcJL7mPbDQU9o88g9QpkbzEFSC81J9FzFbF8
2026-04-12T13:12:03.321Z,4oFZFm3s8VKeCnwM2G5X5mZrsPivDyzCLvDYZmVipump,ClawFC,filter_1,2026-04-11T19:00:33.206Z,1091,8.412e-06,8192,131072,pumpswap,BnbuPvQe2TNdhS7CSdsCGS1WY7FYu2kZti9adrqkqpZh
2026-04-12T13:12:03.480Z,5rniCpoweGXgsLZZDohw3fZA5yuXgt87df6GHAxWpump,MOTHER,filter_1,2026-04-11T18:17:31.505Z,1134,5.753e-06,8192,32768,pumpswap,7dzsEYbuQoK1LLAiae7riygcwphP7BTbK6r7Vv94p28M
2026-04-12T13:12:03.638Z,3i8RByhvAaSWh2VSoVieAPzzmc4DpZC9WHVSsDzBpump,FOOLHOUSE,filter_2,2026-04-11T13:59:09.655Z,1393,1.708e-06,4096,131072,pumpswap,G8AJyLtb85QyMbaXZe4k5DdTfLPTD8dEX9xDn2fKqQZD
2026-04-12T13:12:03.818Z,AutFvM5QZqtvjK2SrR8iLwvDEQ7ePnL14Rv7GPFvpump,TripleC,filter_2,2026-04-11T13:57:07.657Z,1395,4.932e-06,4096,262144,pumpswap,Cvk9vLXa9wiqWTxb7q5EP3jdPow5ZBrdn1MLRmergW3v
2026-04-12T13:16:58.790Z,3mLqHini8K337BkUorhMfcsKLNGLXNTeXWcBjEsKpump,TRUCK,filter_1,2026-04-12T13:16:34.861Z,0,3.133e-06,4096,32768,pumpswap,2E1Aw4oifrpvoe91zjUxKAhcKzYBogGDufve849hFBZb
2026-04-12T13:16:58.950Z,4RUKEudrEN46okm6najQhxnhs6ioKW6tzNWiCFTmpump,Wifejak,filter_5,2026-04-12T13:13:56.615Z,3,0.0002563,32768,524288,pumpswap,3MFQirqeWSkhouwaF4h7RqFyWHtd9xdg2XP4Rns9HsYX
2026-04-12T13:16:59.110Z,9BHt7aq3DFCb74kZjPY5epgVtsWKCeYX1tUWxYwDpump,YN,filter_2,2026-04-12T13:13:56.116Z,3,7.695e-05,16384,131072,pumpswap,EQqvZi6mSaQL95wWkP5vGBX6ZsAkVTqZCV88rQU1fbcY
2026-04-12T13:16:59.268Z,f5nEHwaQukCmhJTaHA5nYnUvnqc5Tpg86qSjrGspump,NA,filter_1,2026-04-12T13:06:35.363Z,10,1.146e-05,8192,262144,pumpswap,DvJ8FevLWvnB5JG26x2rhjSP9xBiS3nNsKQTTCHxp2Mi
2026-04-12T13:16:59.428Z,58VuqpXDDA9dxwKULNUnFtHVLRgJqmJYqd296BbCpump,Glowbo,filter_1,2026-04-12T13:05:34.852Z,11,6.517e-06,8192,262144,pumpswap,D9tVJgwno8LtxwUuhtVMSAzvrCKp4xtfdwhDfkZ8sZKZ
2026-04-12T13:16:59.587Z,DdpmZkfeANzQuZzt3Ycuc84awmzWkadpNnaukZaLpump,GEM,filter_1,2026-04-12T11:41:35.048Z,95,1.853e-05,8192,65536,pumpswap,C8ZtfQxMsUPmnPTtVn7qFqTx6pQcJ1advjtVQSg6Nksv
2026-04-12T13:16:59.746Z,7jZ9YMaHvtNEva4JwLWMb1SdMVWu5QkbMSYi4dwipump,Table,filter_1,2026-04-12T11:41:34.302Z,95,5.722e-06,8192,262144,pumpswap,eScaeJPmgXK75ViANd48NPzM9CpK5AW9m6rX25v8ttc
2026-04-12T13:16:59.905Z,EEebKSFGquW3jX5cFF9sKA2DwLrvGyF1MFwJBfw3bonk,BANI,filter_2,2026-04-12T10:54:00.793Z,143,7.694e-06,8192,262144,raydium,3ArVLZbgpJnsse18pigFJvuhmf2BhiCPX6XZLHF4e6i7
2026-04-12T13:17:00.064Z,2Eem6sxzq5rvdfxHDDwmJBgAXHinUEkiWnEkAKo9pump,ASHLEE,filter_2,2026-04-12T10:32:34.031Z,164,2.397e-05,16384,262144,pumpswap,96xtTNypm2x2bBCPUP9D8ETja6wjJ4e5bA4q3FvMRLYk
2026-04-12T13:17:00.228Z,34q2KmCvapecJgR6ZrtbCTrzZVtkt3a5mHEA3TuEsWYb,LOL,filter_4,2026-04-12T09:13:33.461Z,243,0.006705,262144,1048576,pumpswap,Dx5wFoszXvND6XYYAjAjUQrGLqDAUrTVH2JmHz6eJDNt
2026-04-12T13:17:00.389Z,EmtpJyHqWqH2xGvdag4DyLFNfnjDM6qTAv9QN17npump,tremp,filter_1,2026-04-12T06:53:33.876Z,383,2.008e-06,4096,262144,pumpswap,3a9vYs5m15vkxtMDLHRNagay3WuJ6FKSNJapdU3qh4rh
2026-04-12T13:17:00.571Z,4CkWXDBNqfqBT5xCon4hrGU3mwqhQ3GSwdQQ1SDnpump,STC,filter_2,2026-04-12T06:33:34.615Z,403,5.833e-05,16384,524288,pumpswap,BfcxnfNQF3cbZmdKbTNvL1fLD4dEjGhXCG9r6JS6EqB4
2026-04-12T13:17:00.755Z,ApvxrH4oet42G4mgHZTtYZ9h2yMwhNZqs7Tqu1Ebpump,NIKUTA,filter_1,2026-04-12T03:23:38.029Z,593,2.727e-06,4096,131072,pumpswap,BLzb2UKri4YMnAeqc8VgWioAz8zN62LrcDsaJB3VcK22
2026-04-12T13:17:00.934Z,D6HZ5Se3X2wEWWYsHp8Ma3wh3yWwFSSdCAFjGC4spump,Cat,filter_4,2026-04-12T03:06:34.258Z,610,2.074e-05,16384,131072,pumpswap,5g91GWPaRMg4DdCUyds858fyAzhaiTVbi563jVKhqLuT
2026-04-12T13:17:01.095Z,7Y445U5CAiLL4icyyPDonXy7zvGGML2TGjyMmwpDpump,WLFI,filter_1,2026-04-12T02:03:35.233Z,673,7.084e-05,16384,262144,pumpswap,EjzyuTwozXjagMTqqN6hjNpEyW3Q7rX3avE2otRRS8hv
2026-04-12T13:17:01.308Z,BRKFJs1jxrYBKR5sxBiuxTTbyipNBmT6GWenb3c9pump,TRUMP47,filter_5,2026-04-12T00:39:59.430Z,757,1.629e-06,4096,524288,pumpswap,EgcA2ShdHZK4Sg7N6H7yGzTjxpTpunRrbzw231wLWeDh
2026-04-12T13:17:01.499Z,5xjSweEeRNTNHXpEiyp1XBUB2D3MMYCuU8khzgiZpump,FUDGE,filter_2,2026-04-12T00:02:34.174Z,794,1.931e-05,8192,65536,pumpswap,GXBAKvHDgXXwxWWGWmrepfpXstnghwVGEqBmAq2EQgQZ
2026-04-12T13:17:01.693Z,AQiYy4igZ6jeUS5nbTymwLaQfnEg5BAjjZsP1EZkEjBU,Dolores,filter_1,2026-04-11T23:52:34.399Z,804,3.043e-06,4096,65536,pumpswap,9MiNdc2ywiYUm2nr2KTGo8UCmjk3TdKLCZ2B4aAtZ9hq
2026-04-12T13:17:01.897Z,yLT7rHdaNkfnqfg5pxXxCTrx1Rsnagod16DnpKBpump,Nilly,filter_1,2026-04-11T23:45:34.391Z,811,2.533e-06,4096,131072,pumpswap,8vjkK4SAhZ6zkX7gox9DQEmpX7MbiKsp2gRjD4dAS21V
2026-04-12T13:17:02.056Z,9oVRwbx3Ray9bK7CKhqwfqY5NaWYjG3xj1DNYg2mpump,brainlet,filter_2,2026-04-11T22:44:55.606Z,872,1.937e-06,4096,524288,pumpswap,2PW331e9D7pmdELA1m1Uyq6pnEuj5BWB8m7dcBGgJ5xo
2026-04-12T13:17:02.218Z,9XhhPHKnvSd9R8Ygr8kHR6n8YNYd7SMzRHHPFeb2pump,doomer,filter_1,2026-04-11T22:10:33.845Z,906,1.693e-06,4096,262144,pumpswap,DqTPbpJo2UfNFy2v4dHjMoFg9S2wid1RZuF8qfwcJrHx
2026-04-12T13:17:02.402Z,2wwDzQLc3pwgcHrkCadio4Hn3bzYyCptRAewJAEXdoge,MARKC,filter_1,2026-04-11T21:57:35.843Z,919,3.628e-06,4096,65536,meteora,2rVNWK9fRajakX19wtrfJKGE3xNWeubnV5VpYxETUvPX
2026-04-12T13:17:02.586Z,NicGVyEGbJhn52gBtqWM18zKGzRSe9js98AZnRwY8eS,NEGRON,filter_2,2026-04-11T21:33:59.338Z,943,4.428e-07,131072,8388608,raydium,2rXfTt3Xh699TtAUruiz6Vs7vdTrsn55bEm2FKt9y8yE
2026-04-12T13:21:58.733Z,13m54axqgkPrgPwnmtTAHRJdadkFbMs4ZmKqB49Wpump,GEM,filter_2,2026-04-12T11:48:33.565Z,93,1.921e-06,4096,2097152,pumpswap,8PZhqXg4sEZupgRwg2U144eNeXVmYBfbzbgxsQXWQgdS
2026-04-12T13:21:58.892Z,69iu9bE7VYtuen7oNubgHAaYqpyaM6ZvCwoudsoMpump,Audit,filter_1,2026-04-12T10:43:35.244Z,158,7.532e-06,8192,262144,pumpswap,Ap365bq7KpWPse9sRuHnMTwek2XSQ77setZ8hxujTrL6
2026-04-12T13:21:59.086Z,H3UfCEUfNyK5dSQcw2yYBU7pLw5qjE6PeHfmdPQxpump,Monobloc,filter_1,2026-04-12T09:38:36.718Z,223,3.012e-06,,65536,pumpfun,C8mK6iGgSueLyavm4jhqJBMMWsqcj25QfGgFs8j6t9Nu
2026-04-12T13:21:59.281Z,GjHiCdvt1Zeti6rdSJeCqdkNMQKcxCkShRss5rGLWwbF,GNWR,filter_2,2026-04-12T09:33:57.750Z,228,0.1515,262144,4194304,raydium,38Wyp9ogTNGUgLeKt6FV7dpWurAtTobbo6T7fgT51uG9
2026-04-12T13:21:59.441Z,39byoLyCVzpfRoiChZoN96dLCoHF8JEPH5h9Qodypump,YN,filter_1,2026-04-12T09:28:36.955Z,233,9.882e-06,8192,262144,pumpswap,DALWM8Ph5yjigv2AtHYQCMAuCHXkZMQo3P3gqaJuv695
2026-04-12T13:21:59.599Z,GiE8Bf4Y2YHvwKutQUFeR2yaAMPWbkngLvezTWwapump,🪑,filter_2,2026-04-12T08:48:02.735Z,274,0.0003368,65536,2097152,pumpswap,47yRWYckWUBUrbSN7AmhanMDhfydURQf5G3fjhotpjy5
2026-04-12T13:21:59.782Z,AiC9FhtXA1iNGW77MocxebVc9U5baQa4nkUFQhtbpump,Sisyphus,filter_4,2026-04-12T08:12:35.668Z,309,4.657e-06,4096,262144,pumpswap,9wFPVtrpbnuKYpLJLYZDhWSFb7R6dVbkmePUVP4zAjd
2026-04-12T13:21:59.943Z,BvHneYfnCYjfZE52iUhK4bqkcqJjYjMQUJb5FPhCpump,ALONSHOUSE,filter_2,2026-04-12T03:51:56.774Z,570,0.0005591,65536,2097152,pumpswap,6KuCNvUu9NsgTFyo1vQGfeFqsoKq7Jq19LhZeQwtMMVr
2026-04-12T13:22:00.105Z,7cFndW3LZJr5hdT138meuoqQRDR6HYqATxKj2CwPpump,AgentCRM,filter_1,2026-04-12T03:39:36.524Z,582,2.647e-05,16384,262144,pumpswap,9UmjwMC9BVfdCYNaa9xCJwWkJjufeVbQg8xcSqMsSSM5
2026-04-12T13:22:00.298Z,9AEtb967xTMosjp9XFhvHLhscPNYgDWc15jFAZR8pump,RƎ́V,filter_1,2026-04-12T02:44:33.253Z,637,0.0001818,32768,16384,pumpswap,EMm9RL2tHvUvygLCu9WkUMBgnu29K2kePzUuWhiSjdMU
2026-04-12T13:22:00.458Z,Hy58kFcGQuZ9qqbiJL5Ka8FPPmqfU6w4zSqNAyzbpump,Zoomer,filter_5,2026-04-12T02:21:55.989Z,660,2.961e-05,16384,524288,pumpswap,EvDD7gjtfLETpF8m8boLppTCHosWoyoy43AKSttyRia9
2026-04-12T13:22:00.619Z,AdD5EMoGMDiGXcgepXQXneB4fEZuS1QvKqDrN876pump,CRAFT,filter_1,2026-04-12T02:18:34.482Z,663,6.368e-05,16384,131072,pumpswap,Fq6wzHyzh8YXvGS7EYBSNPLs7cr3WSLBw4WCpp5Bbk9n
2026-04-12T13:22:00.802Z,8yeUyEaxBkBgcG5i22zR6JiLmVPbA3p6FUBHjFLFpump,MOG,filter_1,2026-04-12T00:53:40.689Z,748,2.49e-06,4096,262144,pumpswap,8jL5pBxjqyhXzGwYDYZhvdifvuSiP7KWzU8ZCGgssRzk
2026-04-12T13:22:00.962Z,VXnX59zHN7j8FrA971nJij7q2RvPSPa3TioV236pump,COG,filter_1,2026-04-11T23:57:38.153Z,804,2.88e-06,4096,262144,pumpswap,DsEyaDvzkJHPnSwDU251c5pCP1V466nMpwh8KQzEeUuU
2026-04-12T13:22:01.150Z,3SNNxUYmrXUc1mQbtV2NGQTuGKVji4y3MWhyESTypump,CASSIE,filter_4,2026-04-11T23:18:36.635Z,843,2.359e-05,16384,131072,pumpswap,B6nQAKbBTm8xTFHBs4xGUqMJJu6JF5mBcmpEv8MPEQ1i
2026-04-12T13:22:01.311Z,6TRyMNFbS6y444mDECfaENQrVnvZP4XzMr2fa6f8pump,Trump,filter_6,2026-04-11T21:07:35.070Z,974,1.939e-06,4096,1048576,pumpswap,BJLaR38FZ2accuRrABzAWdiMeZ8mF3Ky5tL6q853bgBh
2026-04-12T13:22:01.471Z,EamB9vqC1b4aoyPR6t3hn6CWf48yny84xzCuFJMbpump,Peepa,filter_1,2026-04-11T20:47:42.794Z,994,5.769e-05,16384,524288,pumpswap,BoB3Dvi5eLGFr86BexBPNY2ZXwMNjWhx3FVCep3X2Vj6
2026-04-12T13:22:01.664Z,AQGaTfXDcvinz6DuxfZEKKFp7hmiWDLis4FtK3chpump,Ivunka,filter_3,2026-04-11T20:41:43.544Z,1000,2.729e-06,4096,524288,pumpswap,AHBtpXJ7csokwSXddEDxPFYHcA515g234kXTBMhAVRxe
2026-04-12T13:22:01.850Z,BfZ27pSjL3L8Abm8VuRs5MLjjP21Xv5tUL81Rkyepump,WID,filter_4,2026-04-11T20:41:42.289Z,1000,1.378e-05,8192,16384,pumpswap,4zmdmfGwoNb2mfF9PJq2N7x38qpQMwBMphD3HMDx6dak
2026-04-12T13:22:02.045Z,EgiJdQ8dbQHWu1uKS6cQBPaF2sK3a7WFpkjHEgdDpump,Dodger,filter_3,2026-04-11T19:29:11.694Z,1073,1.199e-05,8192,1048576,pumpswap,7yrRRCzf429YQ1xQgdZZMy5KQ5jtkkDC7gUZWyPerhXr
2026-04-12T13:22:02.231Z,7bfbBZXpMYbNjhZ6eQ8Ch8VFAbgcz4WsrY7JtQKcpump,BOATGUY,filter_1,2026-04-11T19:27:26.855Z,1075,2.92e-06,4096,262144,pumpswap,6gALa6BfE8ce8pLYaEFsTkCtxozfbuBR5bMVK3nKeFD4
2026-04-12T13:22:02.465Z,4juv1Wq63My7Bc7rznMZTyuD4aQfRSZGW9uKqFXSpump,Asset,filter_1,2026-04-11T19:27:24.857Z,1075,5.502e-06,8192,8192,pumpswap,6g8ZTMKCKvSsVX92g4SKoBESXgrDL2cR1WLg8i7GZPV9
2026-04-12T13:22:02.650Z,Aq6XmZSohMJeRGU9WswbyQo9paEcKrTEs3xdfDFtpump,Lia,filter_1,2026-04-11T19:25:27.104Z,1077,1.718e-06,4096,524288,pumpswap,BsFk4E3Hm12Mg27XmBoDPuk27WAC78BPfN98AHHpDPcM
2026-04-12T13:22:02.834Z,AUZnnRTdybeMiHrxfueNyBgLHnu4H39kngUh84WMpump,MELANIA,filter_3,2026-04-11T19:24:02.559Z,1078,8.444e-05,16384,2097152,pumpswap,DM9Xj9x8A8SEinJdoz4SJH2vdhBdPGSZmhL7DxBgwbBy
2026-04-12T13:22:03.029Z,56MEDV2H1M7DkaikaSg5vpibaSyWhgspCxgPwQJhpump,DNIGGA,filter_1,2026-04-11T19:22:24.852Z,1080,1.967e-06,4096,65536,pumpswap,CAhVRREzXYHDvtu6iwACsei9vhv6mexsGm9hpkeVP1Kj
2026-04-12T13:22:03.227Z,A2Px3FMumMJ7W67VEp9ahFXueEyf9aHpei4TTJ5mpump,BABY,filter_3,2026-04-11T19:14:43.120Z,1087,6.024e-06,8192,1048576,pumpswap,53UgNjZDC6mXsEDTowHLmKi2Y6jzjH2Ee3ybac7jEQRQ
2026-04-12T13:22:03.412Z,wutj1cNsMWyeu9ub61knDRCwU37aVvYuCBn8ZLPj7JL,ZHONEY,filter_1,2026-04-11T19:04:35.959Z,1097,7.907e-06,8192,65536,pumpswap,CtYpMFyZqcJL7mPbDQU9o88g9QpkbzEFSC81J9FzFbF8
2026-04-12T13:22:03.605Z,4oFZFm3s8VKeCnwM2G5X5mZrsPivDyzCLvDYZmVipump,ClawFC,filter_1,2026-04-11T19:00:33.206Z,1101,8.421e-06,8192,131072,pumpswap,BnbuPvQe2TNdhS7CSdsCGS1WY7FYu2kZti9adrqkqpZh
2026-04-12T13:22:03.788Z,5rniCpoweGXgsLZZDohw3fZA5yuXgt87df6GHAxWpump,MOTHER,filter_1,2026-04-11T18:17:31.505Z,1144,5.753e-06,8192,32768,pumpswap,7dzsEYbuQoK1LLAiae7riygcwphP7BTbK6r7Vv94p28M
2026-04-12T13:22:03.971Z,3i8RByhvAaSWh2VSoVieAPzzmc4DpZC9WHVSsDzBpump,FOOLHOUSE,filter_2,2026-04-11T13:59:09.655Z,1403,1.708e-06,4096,131072,pumpswap,G8AJyLtb85QyMbaXZe4k5DdTfLPTD8dEX9xDn2fKqQZD
2026-04-12T13:22:04.131Z,AutFvM5QZqtvjK2SrR8iLwvDEQ7ePnL14Rv7GPFvpump,TripleC,filter_2,2026-04-11T13:57:07.657Z,1405,6.326e-06,8192,262144,pumpswap,Cvk9vLXa9wiqWTxb7q5EP3jdPow5ZBrdn1MLRmergW3v
2026-04-12T13:26:58.737Z,3mLqHini8K337BkUorhMfcsKLNGLXNTeXWcBjEsKpump,TRUCK,filter_1,2026-04-12T13:26:35.393Z,0,3.133e-06,4096,32768,pumpswap,2E1Aw4oifrpvoe91zjUxKAhcKzYBogGDufve849hFBZb
2026-04-12T13:26:58.898Z,GfKymcZ95xcJbmgYv9TTTx75f2XWt7S2uSkQVWCWpump,sydney,filter_5,2026-04-12T13:24:57.369Z,2,2.264e-06,4096,1048576,pumpswap,2fKnHjoPasvfG6LDvk85L9XbzJNWfUYBd8bfGj7MAPWq
2026-04-12T13:26:59.059Z,4RUKEudrEN46okm6najQhxnhs6ioKW6tzNWiCFTmpump,Wifejak,filter_5,2026-04-12T13:24:56.619Z,2,0.0002214,32768,524288,pumpswap,3MFQirqeWSkhouwaF4h7RqFyWHtd9xdg2XP4Rns9HsYX
2026-04-12T13:26:59.255Z,9BHt7aq3DFCb74kZjPY5epgVtsWKCeYX1tUWxYwDpump,YN,filter_2,2026-04-12T13:13:56.116Z,13,7.366e-05,16384,131072,pumpswap,EQqvZi6mSaQL95wWkP5vGBX6ZsAkVTqZCV88rQU1fbcY
2026-04-12T13:26:59.415Z,f5nEHwaQukCmhJTaHA5nYnUvnqc5Tpg86qSjrGspump,NA,filter_1,2026-04-12T13:06:35.363Z,20,8.65e-06,8192,262144,pumpswap,DvJ8FevLWvnB5JG26x2rhjSP9xBiS3nNsKQTTCHxp2Mi
2026-04-12T13:26:59.575Z,58VuqpXDDA9dxwKULNUnFtHVLRgJqmJYqd296BbCpump,Glowbo,filter_1,2026-04-12T13:05:34.852Z,21,6.723e-06,8192,262144,pumpswap,D9tVJgwno8LtxwUuhtVMSAzvrCKp4xtfdwhDfkZ8sZKZ
2026-04-12T13:26:59.735Z,DdpmZkfeANzQuZzt3Ycuc84awmzWkadpNnaukZaLpump,GEM,filter_1,2026-04-12T11:41:35.048Z,105,1.704e-05,8192,65536,pumpswap,C8ZtfQxMsUPmnPTtVn7qFqTx6pQcJ1advjtVQSg6Nksv
2026-04-12T13:26:59.898Z,7jZ9YMaHvtNEva4JwLWMb1SdMVWu5QkbMSYi4dwipump,Table,filter_1,2026-04-12T11:41:34.302Z,105,6.03e-06,8192,262144,pumpswap,eScaeJPmgXK75ViANd48NPzM9CpK5AW9m6rX25v8ttc
2026-04-12T13:27:00.060Z,EEebKSFGquW3jX5cFF9sKA2DwLrvGyF1MFwJBfw3bonk,BANI,filter_2,2026-04-12T10:54:00.793Z,153,7.165e-06,8192,262144,raydium,3ArVLZbgpJnsse18pigFJvuhmf2BhiCPX6XZLHF4e6i7
2026-04-12T13:27:00.222Z,2Eem6sxzq5rvdfxHDDwmJBgAXHinUEkiWnEkAKo9pump,ASHLEE,filter_2,2026-04-12T10:32:34.031Z,174,3.147e-05,16384,262144,pumpswap,96xtTNypm2x2bBCPUP9D8ETja6wjJ4e5bA4q3FvMRLYk
2026-04-12T13:27:00.383Z,34q2KmCvapecJgR6ZrtbCTrzZVtkt3a5mHEA3TuEsWYb,LOL,filter_4,2026-04-12T09:13:33.461Z,253,0.007124,262144,1048576,pumpswap,Dx5wFoszXvND6XYYAjAjUQrGLqDAUrTVH2JmHz6eJDNt
2026-04-12T13:27:00.544Z,EmtpJyHqWqH2xGvdag4DyLFNfnjDM6qTAv9QN17npump,tremp,filter_1,2026-04-12T06:53:33.876Z,393,2.008e-06,4096,262144,pumpswap,3a9vYs5m15vkxtMDLHRNagay3WuJ6FKSNJapdU3qh4rh
2026-04-12T13:27:00.706Z,4CkWXDBNqfqBT5xCon4hrGU3mwqhQ3GSwdQQ1SDnpump,STC,filter_2,2026-04-12T06:33:34.615Z,413,5.103e-05,16384,524288,pumpswap,BfcxnfNQF3cbZmdKbTNvL1fLD4dEjGhXCG9r6JS6EqB4
2026-04-12T13:27:00.893Z,ApvxrH4oet42G4mgHZTtYZ9h2yMwhNZqs7Tqu1Ebpump,NIKUTA,filter_1,2026-04-12T03:23:38.029Z,603,2.588e-06,4096,131072,pumpswap,BLzb2UKri4YMnAeqc8VgWioAz8zN62LrcDsaJB3VcK22
2026-04-12T13:27:01.075Z,D6HZ5Se3X2wEWWYsHp8Ma3wh3yWwFSSdCAFjGC4spump,Cat,filter_4,2026-04-12T03:06:34.258Z,620,2.178e-05,16384,131072,pumpswap,5g91GWPaRMg4DdCUyds858fyAzhaiTVbi563jVKhqLuT
2026-04-12T13:27:01.239Z,7Y445U5CAiLL4icyyPDonXy7zvGGML2TGjyMmwpDpump,WLFI,filter_1,2026-04-12T02:03:35.233Z,683,6.989e-05,16384,262144,pumpswap,EjzyuTwozXjagMTqqN6hjNpEyW3Q7rX3avE2otRRS8hv
2026-04-12T13:27:01.425Z,BRKFJs1jxrYBKR5sxBiuxTTbyipNBmT6GWenb3c9pump,TRUMP47,filter_5,2026-04-12T00:39:59.430Z,767,1.629e-06,4096,524288,pumpswap,EgcA2ShdHZK4Sg7N6H7yGzTjxpTpunRrbzw231wLWeDh
2026-04-12T13:27:01.618Z,5xjSweEeRNTNHXpEiyp1XBUB2D3MMYCuU8khzgiZpump,FUDGE,filter_2,2026-04-12T00:02:34.174Z,804,1.899e-05,8192,65536,pumpswap,GXBAKvHDgXXwxWWGWmrepfpXstnghwVGEqBmAq2EQgQZ
2026-04-12T13:27:01.804Z,AQiYy4igZ6jeUS5nbTymwLaQfnEg5BAjjZsP1EZkEjBU,Dolores,filter_1,2026-04-11T23:52:34.399Z,814,2.928e-06,4096,65536,pumpswap,9MiNdc2ywiYUm2nr2KTGo8UCmjk3TdKLCZ2B4aAtZ9hq
2026-04-12T13:27:01.965Z,yLT7rHdaNkfnqfg5pxXxCTrx1Rsnagod16DnpKBpump,Nilly,filter_1,2026-04-11T23:45:34.391Z,821,2.533e-06,4096,131072,pumpswap,8vjkK4SAhZ6zkX7gox9DQEmpX7MbiKsp2gRjD4dAS21V
2026-04-12T13:27:02.126Z,9oVRwbx3Ray9bK7CKhqwfqY5NaWYjG3xj1DNYg2mpump,brainlet,filter_2,2026-04-11T22:44:55.606Z,882,1.927e-06,4096,524288,pumpswap,2PW331e9D7pmdELA1m1Uyq6pnEuj5BWB8m7dcBGgJ5xo
2026-04-12T13:27:02.288Z,9XhhPHKnvSd9R8Ygr8kHR6n8YNYd7SMzRHHPFeb2pump,doomer,filter_1,2026-04-11T22:10:33.845Z,916,1.693e-06,4096,262144,pumpswap,DqTPbpJo2UfNFy2v4dHjMoFg9S2wid1RZuF8qfwcJrHx
2026-04-12T13:27:02.472Z,2wwDzQLc3pwgcHrkCadio4Hn3bzYyCptRAewJAEXdoge,MARKC,filter_1,2026-04-11T21:57:35.843Z,929,3.637e-06,4096,65536,meteora,2rVNWK9fRajakX19wtrfJKGE3xNWeubnV5VpYxETUvPX
2026-04-12T13:27:02.658Z,NicGVyEGbJhn52gBtqWM18zKGzRSe9js98AZnRwY8eS,NEGRON,filter_2,2026-04-11T21:33:59.338Z,953,4.48e-07,131072,8388608,raydium,2rXfTt3Xh699TtAUruiz6Vs7vdTrsn55bEm2FKt9y8yE
2026-04-12T13:31:58.729Z,13m54axqgkPrgPwnmtTAHRJdadkFbMs4ZmKqB49Wpump,GEM,filter_2,2026-04-12T11:48:33.565Z,103,1.92e-06,4096,2097152,pumpswap,8PZhqXg4sEZupgRwg2U144eNeXVmYBfbzbgxsQXWQgdS
2026-04-12T13:31:58.891Z,69iu9bE7VYtuen7oNubgHAaYqpyaM6ZvCwoudsoMpump,Audit,filter_1,2026-04-12T10:43:35.244Z,168,7.545e-06,8192,262144,pumpswap,Ap365bq7KpWPse9sRuHnMTwek2XSQ77setZ8hxujTrL6
2026-04-12T13:31:59.102Z,H3UfCEUfNyK5dSQcw2yYBU7pLw5qjE6PeHfmdPQxpump,Monobloc,filter_1,2026-04-12T09:38:36.718Z,233,3.022e-06,,65536,pumpfun,C8mK6iGgSueLyavm4jhqJBMMWsqcj25QfGgFs8j6t9Nu
2026-04-12T13:31:59.289Z,GjHiCdvt1Zeti6rdSJeCqdkNMQKcxCkShRss5rGLWwbF,GNWR,filter_2,2026-04-12T09:33:57.750Z,238,0.155,262144,4194304,raydium,38Wyp9ogTNGUgLeKt6FV7dpWurAtTobbo6T7fgT51uG9
2026-04-12T13:31:59.480Z,39byoLyCVzpfRoiChZoN96dLCoHF8JEPH5h9Qodypump,YN,filter_1,2026-04-12T09:28:36.955Z,243,9.771e-06,8192,262144,pumpswap,DALWM8Ph5yjigv2AtHYQCMAuCHXkZMQo3P3gqaJuv695
2026-04-12T13:31:59.642Z,GiE8Bf4Y2YHvwKutQUFeR2yaAMPWbkngLvezTWwapump,🪑,filter_2,2026-04-12T08:48:02.735Z,284,0.0003383,65536,2097152,pumpswap,47yRWYckWUBUrbSN7AmhanMDhfydURQf5G3fjhotpjy5
2026-04-12T13:31:59.804Z,AiC9FhtXA1iNGW77MocxebVc9U5baQa4nkUFQhtbpump,Sisyphus,filter_4,2026-04-12T08:12:35.668Z,319,4.719e-06,4096,262144,pumpswap,9wFPVtrpbnuKYpLJLYZDhWSFb7R6dVbkmePUVP4zAjd
2026-04-12T13:31:59.964Z,BvHneYfnCYjfZE52iUhK4bqkcqJjYjMQUJb5FPhCpump,ALONSHOUSE,filter_2,2026-04-12T03:51:56.774Z,580,0.0004875,65536,2097152,pumpswap,6KuCNvUu9NsgTFyo1vQGfeFqsoKq7Jq19LhZeQwtMMVr
2026-04-12T13:32:00.133Z,7cFndW3LZJr5hdT138meuoqQRDR6HYqATxKj2CwPpump,AgentCRM,filter_1,2026-04-12T03:39:36.524Z,592,2.637e-05,16384,262144,pumpswap,9UmjwMC9BVfdCYNaa9xCJwWkJjufeVbQg8xcSqMsSSM5
2026-04-12T13:32:00.299Z,9AEtb967xTMosjp9XFhvHLhscPNYgDWc15jFAZR8pump,RƎ́V,filter_1,2026-04-12T02:44:33.253Z,647,0.0001818,32768,16384,pumpswap,EMm9RL2tHvUvygLCu9WkUMBgnu29K2kePzUuWhiSjdMU
2026-04-12T13:32:00.463Z,Hy58kFcGQuZ9qqbiJL5Ka8FPPmqfU6w4zSqNAyzbpump,Zoomer,filter_5,2026-04-12T02:21:55.989Z,670,2.891e-05,16384,524288,pumpswap,EvDD7gjtfLETpF8m8boLppTCHosWoyoy43AKSttyRia9
2026-04-12T13:32:00.625Z,AdD5EMoGMDiGXcgepXQXneB4fEZuS1QvKqDrN876pump,CRAFT,filter_1,2026-04-12T02:18:34.482Z,673,5.932e-05,16384,131072,pumpswap,Fq6wzHyzh8YXvGS7EYBSNPLs7cr3WSLBw4WCpp5Bbk9n
2026-04-12T13:32:00.787Z,8yeUyEaxBkBgcG5i22zR6JiLmVPbA3p6FUBHjFLFpump,MOG,filter_1,2026-04-12T00:53:40.689Z,758,2.427e-06,4096,262144,pumpswap,8jL5pBxjqyhXzGwYDYZhvdifvuSiP7KWzU8ZCGgssRzk
2026-04-12T13:32:00.950Z,VXnX59zHN7j8FrA971nJij7q2RvPSPa3TioV236pump,COG,filter_1,2026-04-11T23:57:38.153Z,814,2.88e-06,4096,262144,pumpswap,DsEyaDvzkJHPnSwDU251c5pCP1V466nMpwh8KQzEeUuU
2026-04-12T13:32:01.144Z,3SNNxUYmrXUc1mQbtV2NGQTuGKVji4y3MWhyESTypump,CASSIE,filter_4,2026-04-11T23:18:36.635Z,853,2.344e-05,16384,131072,pumpswap,B6nQAKbBTm8xTFHBs4xGUqMJJu6JF5mBcmpEv8MPEQ1i
2026-04-12T13:32:01.306Z,6TRyMNFbS6y444mDECfaENQrVnvZP4XzMr2fa6f8pump,Trump,filter_6,2026-04-11T21:07:35.070Z,984,1.939e-06,4096,1048576,pumpswap,BJLaR38FZ2accuRrABzAWdiMeZ8mF3Ky5tL6q853bgBh
2026-04-12T13:32:01.468Z,EamB9vqC1b4aoyPR6t3hn6CWf48yny84xzCuFJMbpump,Peepa,filter_1,2026-04-11T20:47:42.794Z,1004,5.929e-05,16384,524288,pumpswap,BoB3Dvi5eLGFr86BexBPNY2ZXwMNjWhx3FVCep3X2Vj6
2026-04-12T13:32:01.684Z,AQGaTfXDcvinz6DuxfZEKKFp7hmiWDLis4FtK3chpump,Ivunka,filter_3,2026-04-11T20:41:43.544Z,1010,2.726e-06,4096,524288,pumpswap,AHBtpXJ7csokwSXddEDxPFYHcA515g234kXTBMhAVRxe
2026-04-12T13:32:01.894Z,BfZ27pSjL3L8Abm8VuRs5MLjjP21Xv5tUL81Rkyepump,WID,filter_4,2026-04-11T20:41:42.289Z,1010,1.378e-05,8192,16384,pumpswap,4zmdmfGwoNb2mfF9PJq2N7x38qpQMwBMphD3HMDx6dak
2026-04-12T13:32:02.055Z,EgiJdQ8dbQHWu1uKS6cQBPaF2sK3a7WFpkjHEgdDpump,Dodger,filter_3,2026-04-11T19:29:11.694Z,1083,1.182e-05,8192,1048576,pumpswap,7yrRRCzf429YQ1xQgdZZMy5KQ5jtkkDC7gUZWyPerhXr
2026-04-12T13:32:02.240Z,7bfbBZXpMYbNjhZ6eQ8Ch8VFAbgcz4WsrY7JtQKcpump,BOATGUY,filter_1,2026-04-11T19:27:26.855Z,1085,2.942e-06,4096,262144,pumpswap,6gALa6BfE8ce8pLYaEFsTkCtxozfbuBR5bMVK3nKeFD4
2026-04-12T13:32:02.436Z,4juv1Wq63My7Bc7rznMZTyuD4aQfRSZGW9uKqFXSpump,Asset,filter_1,2026-04-11T19:27:24.857Z,1085,5.251e-06,8192,8192,pumpswap,6g8ZTMKCKvSsVX92g4SKoBESXgrDL2cR1WLg8i7GZPV9
2026-04-12T13:32:02.600Z,Aq6XmZSohMJeRGU9WswbyQo9paEcKrTEs3xdfDFtpump,Lia,filter_1,2026-04-11T19:25:27.104Z,1087,1.708e-06,4096,524288,pumpswap,BsFk4E3Hm12Mg27XmBoDPuk27WAC78BPfN98AHHpDPcM
2026-04-12T13:32:02.795Z,AUZnnRTdybeMiHrxfueNyBgLHnu4H39kngUh84WMpump,MELANIA,filter_3,2026-04-11T19:24:02.559Z,1088,5.063e-05,16384,2097152,pumpswap,DM9Xj9x8A8SEinJdoz4SJH2vdhBdPGSZmhL7DxBgwbBy
2026-04-12T13:32:02.989Z,56MEDV2H1M7DkaikaSg5vpibaSyWhgspCxgPwQJhpump,DNIGGA,filter_1,2026-04-11T19:22:24.852Z,1090,1.967e-06,4096,65536,pumpswap,CAhVRREzXYHDvtu6iwACsei9vhv6mexsGm9hpkeVP1Kj
2026-04-12T13:32:03.190Z,A2Px3FMumMJ7W67VEp9ahFXueEyf9aHpei4TTJ5mpump,BABY,filter_3,2026-04-11T19:14:43.120Z,1097,5.908e-06,8192,1048576,pumpswap,53UgNjZDC6mXsEDTowHLmKi2Y6jzjH2Ee3ybac7jEQRQ
2026-04-12T13:32:03.376Z,wutj1cNsMWyeu9ub61knDRCwU37aVvYuCBn8ZLPj7JL,ZHONEY,filter_1,2026-04-11T19:04:35.959Z,1107,7.258e-06,8192,65536,pumpswap,CtYpMFyZqcJL7mPbDQU9o88g9QpkbzEFSC81J9FzFbF8
2026-04-12T13:32:03.562Z,4oFZFm3s8VKeCnwM2G5X5mZrsPivDyzCLvDYZmVipump,ClawFC,filter_1,2026-04-11T19:00:33.206Z,1111,1.003e-05,8192,131072,pumpswap,BnbuPvQe2TNdhS7CSdsCGS1WY7FYu2kZti9adrqkqpZh
2026-04-12T13:32:03.723Z,5rniCpoweGXgsLZZDohw3fZA5yuXgt87df6GHAxWpump,MOTHER,filter_1,2026-04-11T18:17:31.505Z,1154,5.732e-06,4096,32768,pumpswap,7dzsEYbuQoK1LLAiae7riygcwphP7BTbK6r7Vv94p28M
2026-04-12T13:32:03.884Z,3i8RByhvAaSWh2VSoVieAPzzmc4DpZC9WHVSsDzBpump,FOOLHOUSE,filter_2,2026-04-11T13:59:09.655Z,1413,1.708e-06,4096,131072,pumpswap,G8AJyLtb85QyMbaXZe4k5DdTfLPTD8dEX9xDn2fKqQZD
2026-04-12T13:32:04.049Z,AutFvM5QZqtvjK2SrR8iLwvDEQ7ePnL14Rv7GPFvpump,TripleC,filter_2,2026-04-11T13:57:07.657Z,1415,1.164e-05,8192,262144,pumpswap,Cvk9vLXa9wiqWTxb7q5EP3jdPow5ZBrdn1MLRmergW3v
2026-04-12T13:36:58.741Z,4RUKEudrEN46okm6najQhxnhs6ioKW6tzNWiCFTmpump,Wifejak,filter_5,2026-04-12T13:36:56.886Z,0,0.0002291,32768,524288,pumpswap,3MFQirqeWSkhouwaF4h7RqFyWHtd9xdg2XP4Rns9HsYX
2026-04-12T13:36:58.902Z,3mLqHini8K337BkUorhMfcsKLNGLXNTeXWcBjEsKpump,TRUCK,filter_1,2026-04-12T13:26:35.393Z,10,3.089e-06,4096,32768,pumpswap,2E1Aw4oifrpvoe91zjUxKAhcKzYBogGDufve849hFBZb
2026-04-12T13:36:59.061Z,GfKymcZ95xcJbmgYv9TTTx75f2XWt7S2uSkQVWCWpump,sydney,filter_5,2026-04-12T13:24:57.369Z,12,2.347e-06,4096,1048576,pumpswap,2fKnHjoPasvfG6LDvk85L9XbzJNWfUYBd8bfGj7MAPWq
2026-04-12T13:36:59.225Z,9BHt7aq3DFCb74kZjPY5epgVtsWKCeYX1tUWxYwDpump,YN,filter_2,2026-04-12T13:13:56.116Z,23,6.968e-05,16384,131072,pumpswap,EQqvZi6mSaQL95wWkP5vGBX6ZsAkVTqZCV88rQU1fbcY
2026-04-12T13:36:59.390Z,f5nEHwaQukCmhJTaHA5nYnUvnqc5Tpg86qSjrGspump,NA,filter_1,2026-04-12T13:06:35.363Z,30,1.023e-05,8192,262144,pumpswap,DvJ8FevLWvnB5JG26x2rhjSP9xBiS3nNsKQTTCHxp2Mi
2026-04-12T13:36:59.552Z,58VuqpXDDA9dxwKULNUnFtHVLRgJqmJYqd296BbCpump,Glowbo,filter_1,2026-04-12T13:05:34.852Z,31,6.269e-06,8192,262144,pumpswap,D9tVJgwno8LtxwUuhtVMSAzvrCKp4xtfdwhDfkZ8sZKZ
2026-04-12T13:36:59.711Z,DdpmZkfeANzQuZzt3Ycuc84awmzWkadpNnaukZaLpump,GEM,filter_1,2026-04-12T11:41:35.048Z,115,2.008e-05,8192,65536,pumpswap,C8ZtfQxMsUPmnPTtVn7qFqTx6pQcJ1advjtVQSg6Nksv
2026-04-12T13:36:59.870Z,7jZ9YMaHvtNEva4JwLWMb1SdMVWu5QkbMSYi4dwipump,Table,filter_1,2026-04-12T11:41:34.302Z,115,5.994e-06,8192,262144,pumpswap,eScaeJPmgXK75ViANd48NPzM9CpK5AW9m6rX25v8ttc
2026-04-12T13:37:00.052Z,EEebKSFGquW3jX5cFF9sKA2DwLrvGyF1MFwJBfw3bonk,BANI,filter_2,2026-04-12T10:54:00.793Z,163,8.497e-06,8192,262144,raydium,3ArVLZbgpJnsse18pigFJvuhmf2BhiCPX6XZLHF4e6i7
2026-04-12T13:37:00.214Z,2Eem6sxzq5rvdfxHDDwmJBgAXHinUEkiWnEkAKo9pump,ASHLEE,filter_2,2026-04-12T10:32:34.031Z,184,3.957e-05,16384,262144,pumpswap,96xtTNypm2x2bBCPUP9D8ETja6wjJ4e5bA4q3FvMRLYk
2026-04-12T13:37:00.376Z,34q2KmCvapecJgR6ZrtbCTrzZVtkt3a5mHEA3TuEsWYb,LOL,filter_4,2026-04-12T09:13:33.461Z,263,0.007195,524288,1048576,pumpswap,Dx5wFoszXvND6XYYAjAjUQrGLqDAUrTVH2JmHz6eJDNt
2026-04-12T13:37:00.538Z,EmtpJyHqWqH2xGvdag4DyLFNfnjDM6qTAv9QN17npump,tremp,filter_1,2026-04-12T06:53:33.876Z,403,2.008e-06,4096,262144,pumpswap,3a9vYs5m15vkxtMDLHRNagay3WuJ6FKSNJapdU3qh4rh
2026-04-12T13:37:00.699Z,4CkWXDBNqfqBT5xCon4hrGU3mwqhQ3GSwdQQ1SDnpump,STC,filter_2,2026-04-12T06:33:34.615Z,423,4.732e-05,16384,524288,pumpswap,BfcxnfNQF3cbZmdKbTNvL1fLD4dEjGhXCG9r6JS6EqB4
2026-04-12T13:37:00.905Z,ApvxrH4oet42G4mgHZTtYZ9h2yMwhNZqs7Tqu1Ebpump,NIKUTA,filter_1,2026-04-12T03:23:38.029Z,613,2.555e-06,4096,131072,pumpswap,BLzb2UKri4YMnAeqc8VgWioAz8zN62LrcDsaJB3VcK22
2026-04-12T13:37:01.086Z,D6HZ5Se3X2wEWWYsHp8Ma3wh3yWwFSSdCAFjGC4spump,Cat,filter_4,2026-04-12T03:06:34.258Z,630,2.144e-05,16384,131072,pumpswap,5g91GWPaRMg4DdCUyds858fyAzhaiTVbi563jVKhqLuT
2026-04-12T13:37:01.246Z,7Y445U5CAiLL4icyyPDonXy7zvGGML2TGjyMmwpDpump,WLFI,filter_1,2026-04-12T02:03:35.233Z,693,8.689e-05,16384,262144,pumpswap,EjzyuTwozXjagMTqqN6hjNpEyW3Q7rX3avE2otRRS8hv
2026-04-12T13:37:01.440Z,BRKFJs1jxrYBKR5sxBiuxTTbyipNBmT6GWenb3c9pump,TRUMP47,filter_5,2026-04-12T00:39:59.430Z,777,1.629e-06,4096,524288,pumpswap,EgcA2ShdHZK4Sg7N6H7yGzTjxpTpunRrbzw231wLWeDh
2026-04-12T13:37:01.634Z,5xjSweEeRNTNHXpEiyp1XBUB2D3MMYCuU8khzgiZpump,FUDGE,filter_2,2026-04-12T00:02:34.174Z,814,1.853e-05,8192,65536,pumpswap,GXBAKvHDgXXwxWWGWmrepfpXstnghwVGEqBmAq2EQgQZ
2026-04-12T13:37:01.820Z,AQiYy4igZ6jeUS5nbTymwLaQfnEg5BAjjZsP1EZkEjBU,Dolores,filter_1,2026-04-11T23:52:34.399Z,824,2.982e-06,4096,65536,pumpswap,9MiNdc2ywiYUm2nr2KTGo8UCmjk3TdKLCZ2B4aAtZ9hq
2026-04-12T13:37:01.980Z,yLT7rHdaNkfnqfg5pxXxCTrx1Rsnagod16DnpKBpump,Nilly,filter_1,2026-04-11T23:45:34.391Z,831,2.505e-06,4096,131072,pumpswap,8vjkK4SAhZ6zkX7gox9DQEmpX7MbiKsp2gRjD4dAS21V
2026-04-12T13:37:02.140Z,9oVRwbx3Ray9bK7CKhqwfqY5NaWYjG3xj1DNYg2mpump,brainlet,filter_2,2026-04-11T22:44:55.606Z,892,1.927e-06,4096,524288,pumpswap,2PW331e9D7pmdELA1m1Uyq6pnEuj5BWB8m7dcBGgJ5xo
2026-04-12T13:37:02.298Z,9XhhPHKnvSd9R8Ygr8kHR6n8YNYd7SMzRHHPFeb2pump,doomer,filter_1,2026-04-11T22:10:33.845Z,926,1.693e-06,4096,262144,pumpswap,DqTPbpJo2UfNFy2v4dHjMoFg9S2wid1RZuF8qfwcJrHx
2026-04-12T13:37:02.481Z,2wwDzQLc3pwgcHrkCadio4Hn3bzYyCptRAewJAEXdoge,MARKC,filter_1,2026-04-11T21:57:35.843Z,939,3.637e-06,4096,65536,meteora,2rVNWK9fRajakX19wtrfJKGE3xNWeubnV5VpYxETUvPX
2026-04-12T13:37:02.670Z,NicGVyEGbJhn52gBtqWM18zKGzRSe9js98AZnRwY8eS,NEGRON,filter_2,2026-04-11T21:33:59.338Z,963,4.6e-07,131072,8388608,raydium,2rXfTt3Xh699TtAUruiz6Vs7vdTrsn55bEm2FKt9y8yE
2026-04-12T13:41:58.734Z,13m54axqgkPrgPwnmtTAHRJdadkFbMs4ZmKqB49Wpump,GEM,filter_2,2026-04-12T11:48:33.565Z,113,1.853e-06,4096,2097152,pumpswap,8PZhqXg4sEZupgRwg2U144eNeXVmYBfbzbgxsQXWQgdS
2026-04-12T13:41:58.895Z,69iu9bE7VYtuen7oNubgHAaYqpyaM6ZvCwoudsoMpump,Audit,filter_1,2026-04-12T10:43:35.244Z,178,8.001e-06,8192,262144,pumpswap,Ap365bq7KpWPse9sRuHnMTwek2XSQ77setZ8hxujTrL6
2026-04-12T13:41:59.078Z,H3UfCEUfNyK5dSQcw2yYBU7pLw5qjE6PeHfmdPQxpump,Monobloc,filter_1,2026-04-12T09:38:36.718Z,243,3.022e-06,,65536,pumpfun,C8mK6iGgSueLyavm4jhqJBMMWsqcj25QfGgFs8j6t9Nu
2026-04-12T13:41:59.262Z,GjHiCdvt1Zeti6rdSJeCqdkNMQKcxCkShRss5rGLWwbF,GNWR,filter_2,2026-04-12T09:33:57.750Z,248,0.1582,262144,4194304,raydium,38Wyp9ogTNGUgLeKt6FV7dpWurAtTobbo6T7fgT51uG9
2026-04-12T13:41:59.456Z,39byoLyCVzpfRoiChZoN96dLCoHF8JEPH5h9Qodypump,YN,filter_1,2026-04-12T09:28:36.955Z,253,9.372e-06,8192,262144,pumpswap,DALWM8Ph5yjigv2AtHYQCMAuCHXkZMQo3P3gqaJuv695
2026-04-12T13:41:59.618Z,GiE8Bf4Y2YHvwKutQUFeR2yaAMPWbkngLvezTWwapump,🪑,filter_2,2026-04-12T08:48:02.735Z,294,0.0003319,65536,2097152,pumpswap,47yRWYckWUBUrbSN7AmhanMDhfydURQf5G3fjhotpjy5
2026-04-12T13:41:59.801Z,AiC9FhtXA1iNGW77MocxebVc9U5baQa4nkUFQhtbpump,Sisyphus,filter_4,2026-04-12T08:12:35.668Z,329,4.964e-06,4096,262144,pumpswap,9wFPVtrpbnuKYpLJLYZDhWSFb7R6dVbkmePUVP4zAjd
2026-04-12T13:41:59.961Z,BvHneYfnCYjfZE52iUhK4bqkcqJjYjMQUJb5FPhCpump,ALONSHOUSE,filter_2,2026-04-12T03:51:56.774Z,590,0.0005066,65536,2097152,pumpswap,6KuCNvUu9NsgTFyo1vQGfeFqsoKq7Jq19LhZeQwtMMVr
2026-04-12T13:42:00.125Z,7cFndW3LZJr5hdT138meuoqQRDR6HYqATxKj2CwPpump,AgentCRM,filter_1,2026-04-12T03:39:36.524Z,602,2.42e-05,16384,262144,pumpswap,9UmjwMC9BVfdCYNaa9xCJwWkJjufeVbQg8xcSqMsSSM5
2026-04-12T13:42:00.309Z,9AEtb967xTMosjp9XFhvHLhscPNYgDWc15jFAZR8pump,RƎ́V,filter_1,2026-04-12T02:44:33.253Z,657,0.0001818,32768,16384,pumpswap,EMm9RL2tHvUvygLCu9WkUMBgnu29K2kePzUuWhiSjdMU
2026-04-12T13:42:00.468Z,Hy58kFcGQuZ9qqbiJL5Ka8FPPmqfU6w4zSqNAyzbpump,Zoomer,filter_5,2026-04-12T02:21:55.989Z,680,2.5e-05,16384,524288,pumpswap,EvDD7gjtfLETpF8m8boLppTCHosWoyoy43AKSttyRia9
2026-04-12T13:42:00.652Z,AdD5EMoGMDiGXcgepXQXneB4fEZuS1QvKqDrN876pump,CRAFT,filter_1,2026-04-12T02:18:34.482Z,683,7.072e-05,16384,131072,pumpswap,Fq6wzHyzh8YXvGS7EYBSNPLs7cr3WSLBw4WCpp5Bbk9n
2026-04-12T13:42:00.838Z,8yeUyEaxBkBgcG5i22zR6JiLmVPbA3p6FUBHjFLFpump,MOG,filter_1,2026-04-12T00:53:40.689Z,768,2.413e-06,4096,262144,pumpswap,8jL5pBxjqyhXzGwYDYZhvdifvuSiP7KWzU8ZCGgssRzk
2026-04-12T13:42:00.997Z,VXnX59zHN7j8FrA971nJij7q2RvPSPa3TioV236pump,COG,filter_1,2026-04-11T23:57:38.153Z,824,2.88e-06,4096,262144,pumpswap,DsEyaDvzkJHPnSwDU251c5pCP1V466nMpwh8KQzEeUuU
2026-04-12T13:42:01.179Z,3SNNxUYmrXUc1mQbtV2NGQTuGKVji4y3MWhyESTypump,CASSIE,filter_4,2026-04-11T23:18:36.635Z,863,2.53e-05,16384,131072,pumpswap,B6nQAKbBTm8xTFHBs4xGUqMJJu6JF5mBcmpEv8MPEQ1i
2026-04-12T13:42:01.342Z,6TRyMNFbS6y444mDECfaENQrVnvZP4XzMr2fa6f8pump,Trump,filter_6,2026-04-11T21:07:35.070Z,994,1.939e-06,4096,1048576,pumpswap,BJLaR38FZ2accuRrABzAWdiMeZ8mF3Ky5tL6q853bgBh
2026-04-12T13:42:01.503Z,EamB9vqC1b4aoyPR6t3hn6CWf48yny84xzCuFJMbpump,Peepa,filter_1,2026-04-11T20:47:42.794Z,1014,6.204e-05,16384,524288,pumpswap,BoB3Dvi5eLGFr86BexBPNY2ZXwMNjWhx3FVCep3X2Vj6
2026-04-12T13:42:01.662Z,AQGaTfXDcvinz6DuxfZEKKFp7hmiWDLis4FtK3chpump,Ivunka,filter_3,2026-04-11T20:41:43.544Z,1020,2.726e-06,4096,524288,pumpswap,AHBtpXJ7csokwSXddEDxPFYHcA515g234kXTBMhAVRxe
2026-04-12T13:42:01.878Z,BfZ27pSjL3L8Abm8VuRs5MLjjP21Xv5tUL81Rkyepump,WID,filter_4,2026-04-11T20:41:42.289Z,1020,1.378e-05,8192,16384,pumpswap,4zmdmfGwoNb2mfF9PJq2N7x38qpQMwBMphD3HMDx6dak
2026-04-12T13:42:02.039Z,EgiJdQ8dbQHWu1uKS6cQBPaF2sK3a7WFpkjHEgdDpump,Dodger,filter_3,2026-04-11T19:29:11.694Z,1093,1.334e-05,8192,1048576,pumpswap,7yrRRCzf429YQ1xQgdZZMy5KQ5jtkkDC7gUZWyPerhXr
2026-04-12T13:42:02.223Z,7bfbBZXpMYbNjhZ6eQ8Ch8VFAbgcz4WsrY7JtQKcpump,BOATGUY,filter_1,2026-04-11T19:27:26.855Z,1095,2.942e-06,4096,262144,pumpswap,6gALa6BfE8ce8pLYaEFsTkCtxozfbuBR5bMVK3nKeFD4
2026-04-12T13:42:02.416Z,4juv1Wq63My7Bc7rznMZTyuD4aQfRSZGW9uKqFXSpump,Asset,filter_1,2026-04-11T19:27:24.857Z,1095,5.18e-06,8192,8192,pumpswap,6g8ZTMKCKvSsVX92g4SKoBESXgrDL2cR1WLg8i7GZPV9
2026-04-12T13:42:02.598Z,Aq6XmZSohMJeRGU9WswbyQo9paEcKrTEs3xdfDFtpump,Lia,filter_1,2026-04-11T19:25:27.104Z,1097,1.708e-06,4096,524288,pumpswap,BsFk4E3Hm12Mg27XmBoDPuk27WAC78BPfN98AHHpDPcM
2026-04-12T13:42:02.758Z,AUZnnRTdybeMiHrxfueNyBgLHnu4H39kngUh84WMpump,MELANIA,filter_3,2026-04-11T19:24:02.559Z,1098,5.086e-05,16384,2097152,pumpswap,DM9Xj9x8A8SEinJdoz4SJH2vdhBdPGSZmhL7DxBgwbBy
2026-04-12T13:42:02.951Z,56MEDV2H1M7DkaikaSg5vpibaSyWhgspCxgPwQJhpump,DNIGGA,filter_1,2026-04-11T19:22:24.852Z,1100,1.92e-06,4096,65536,pumpswap,CAhVRREzXYHDvtu6iwACsei9vhv6mexsGm9hpkeVP1Kj
2026-04-12T13:42:03.142Z,A2Px3FMumMJ7W67VEp9ahFXueEyf9aHpei4TTJ5mpump,BABY,filter_3,2026-04-11T19:14:43.120Z,1107,5.861e-06,8192,1048576,pumpswap,53UgNjZDC6mXsEDTowHLmKi2Y6jzjH2Ee3ybac7jEQRQ
2026-04-12T13:42:03.303Z,wutj1cNsMWyeu9ub61knDRCwU37aVvYuCBn8ZLPj7JL,ZHONEY,filter_1,2026-04-11T19:04:35.959Z,1117,6.322e-06,8192,65536,pumpswap,CtYpMFyZqcJL7mPbDQU9o88g9QpkbzEFSC81J9FzFbF8
2026-04-12T13:42:03.488Z,4oFZFm3s8VKeCnwM2G5X5mZrsPivDyzCLvDYZmVipump,ClawFC,filter_1,2026-04-11T19:00:33.206Z,1121,1.036e-05,8192,131072,pumpswap,BnbuPvQe2TNdhS7CSdsCGS1WY7FYu2kZti9adrqkqpZh
2026-04-12T13:42:03.676Z,5rniCpoweGXgsLZZDohw3fZA5yuXgt87df6GHAxWpump,MOTHER,filter_1,2026-04-11T18:17:31.505Z,1164,5.732e-06,4096,32768,pumpswap,7dzsEYbuQoK1LLAiae7riygcwphP7BTbK6r7Vv94p28M
2026-04-12T13:42:03.885Z,3i8RByhvAaSWh2VSoVieAPzzmc4DpZC9WHVSsDzBpump,FOOLHOUSE,filter_2,2026-04-11T13:59:09.655Z,1423,1.708e-06,4096,131072,pumpswap,G8AJyLtb85QyMbaXZe4k5DdTfLPTD8dEX9xDn2fKqQZD
2026-04-12T13:42:04.044Z,AutFvM5QZqtvjK2SrR8iLwvDEQ7ePnL14Rv7GPFvpump,TripleC,filter_2,2026-04-11T13:57:07.657Z,1425,1.12e-05,8192,262144,pumpswap,Cvk9vLXa9wiqWTxb7q5EP3jdPow5ZBrdn1MLRmergW3v
2026-04-12T13:46:58.756Z,8tu56X8VxiqDv6usJq4wJ1ZkMxcoLhPxYnq4ms7Ppump,dunald,filter_1,2026-04-12T13:44:35.626Z,2,2.215e-06,4096,262144,pumpswap,8YbYfseNMB8U9TLrTGgvix6zR1KdSk9ksAZqSWH7umWe
2026-04-12T13:46:58.915Z,4RUKEudrEN46okm6najQhxnhs6ioKW6tzNWiCFTmpump,Wifejak,filter_5,2026-04-12T13:36:56.886Z,10,0.0002063,32768,524288,pumpswap,3MFQirqeWSkhouwaF4h7RqFyWHtd9xdg2XP4Rns9HsYX
2026-04-12T13:46:59.076Z,3mLqHini8K337BkUorhMfcsKLNGLXNTeXWcBjEsKpump,TRUCK,filter_1,2026-04-12T13:26:35.393Z,20,3.089e-06,4096,32768,pumpswap,2E1Aw4oifrpvoe91zjUxKAhcKzYBogGDufve849hFBZb
2026-04-12T13:46:59.235Z,GfKymcZ95xcJbmgYv9TTTx75f2XWt7S2uSkQVWCWpump,sydney,filter_5,2026-04-12T13:24:57.369Z,22,2.118e-06,4096,1048576,pumpswap,2fKnHjoPasvfG6LDvk85L9XbzJNWfUYBd8bfGj7MAPWq
2026-04-12T13:46:59.395Z,9BHt7aq3DFCb74kZjPY5epgVtsWKCeYX1tUWxYwDpump,YN,filter_2,2026-04-12T13:13:56.116Z,33,7.013e-05,16384,262144,pumpswap,EQqvZi6mSaQL95wWkP5vGBX6ZsAkVTqZCV88rQU1fbcY
2026-04-12T13:46:59.555Z,f5nEHwaQukCmhJTaHA5nYnUvnqc5Tpg86qSjrGspump,NA,filter_1,2026-04-12T13:06:35.363Z,40,1.047e-05,8192,262144,pumpswap,DvJ8FevLWvnB5JG26x2rhjSP9xBiS3nNsKQTTCHxp2Mi
2026-04-12T13:46:59.714Z,58VuqpXDDA9dxwKULNUnFtHVLRgJqmJYqd296BbCpump,Glowbo,filter_1,2026-04-12T13:05:34.852Z,41,6.181e-06,8192,262144,pumpswap,D9tVJgwno8LtxwUuhtVMSAzvrCKp4xtfdwhDfkZ8sZKZ
2026-04-12T13:46:59.873Z,DdpmZkfeANzQuZzt3Ycuc84awmzWkadpNnaukZaLpump,GEM,filter_1,2026-04-12T11:41:35.048Z,125,1.727e-05,8192,65536,pumpswap,C8ZtfQxMsUPmnPTtVn7qFqTx6pQcJ1advjtVQSg6Nksv
2026-04-12T13:47:00.064Z,7jZ9YMaHvtNEva4JwLWMb1SdMVWu5QkbMSYi4dwipump,Table,filter_1,2026-04-12T11:41:34.302Z,125,5.08e-06,4096,262144,pumpswap,eScaeJPmgXK75ViANd48NPzM9CpK5AW9m6rX25v8ttc
2026-04-12T13:47:00.225Z,EEebKSFGquW3jX5cFF9sKA2DwLrvGyF1MFwJBfw3bonk,BANI,filter_2,2026-04-12T10:54:00.793Z,173,1.002e-05,8192,262144,raydium,3ArVLZbgpJnsse18pigFJvuhmf2BhiCPX6XZLHF4e6i7
2026-04-12T13:47:00.387Z,2Eem6sxzq5rvdfxHDDwmJBgAXHinUEkiWnEkAKo9pump,ASHLEE,filter_2,2026-04-12T10:32:34.031Z,194,5.542e-05,16384,262144,pumpswap,96xtTNypm2x2bBCPUP9D8ETja6wjJ4e5bA4q3FvMRLYk
2026-04-12T13:47:00.547Z,34q2KmCvapecJgR6ZrtbCTrzZVtkt3a5mHEA3TuEsWYb,LOL,filter_4,2026-04-12T09:13:33.461Z,273,0.007078,262144,1048576,pumpswap,Dx5wFoszXvND6XYYAjAjUQrGLqDAUrTVH2JmHz6eJDNt
2026-04-12T13:47:00.708Z,EmtpJyHqWqH2xGvdag4DyLFNfnjDM6qTAv9QN17npump,tremp,filter_1,2026-04-12T06:53:33.876Z,413,2.008e-06,4096,262144,pumpswap,3a9vYs5m15vkxtMDLHRNagay3WuJ6FKSNJapdU3qh4rh
2026-04-12T13:47:00.869Z,4CkWXDBNqfqBT5xCon4hrGU3mwqhQ3GSwdQQ1SDnpump,STC,filter_2,2026-04-12T06:33:34.615Z,433,4.124e-05,16384,524288,pumpswap,BfcxnfNQF3cbZmdKbTNvL1fLD4dEjGhXCG9r6JS6EqB4
2026-04-12T13:47:01.059Z,ApvxrH4oet42G4mgHZTtYZ9h2yMwhNZqs7Tqu1Ebpump,NIKUTA,filter_1,2026-04-12T03:23:38.029Z,623,2.658e-06,4096,131072,pumpswap,BLzb2UKri4YMnAeqc8VgWioAz8zN62LrcDsaJB3VcK22
2026-04-12T13:47:01.250Z,D6HZ5Se3X2wEWWYsHp8Ma3wh3yWwFSSdCAFjGC4spump,Cat,filter_4,2026-04-12T03:06:34.258Z,640,2.453e-05,16384,131072,pumpswap,5g91GWPaRMg4DdCUyds858fyAzhaiTVbi563jVKhqLuT
2026-04-12T13:47:01.411Z,7Y445U5CAiLL4icyyPDonXy7zvGGML2TGjyMmwpDpump,WLFI,filter_1,2026-04-12T02:03:35.233Z,703,8.582e-05,16384,262144,pumpswap,EjzyuTwozXjagMTqqN6hjNpEyW3Q7rX3avE2otRRS8hv
2026-04-12T13:47:01.604Z,BRKFJs1jxrYBKR5sxBiuxTTbyipNBmT6GWenb3c9pump,TRUMP47,filter_5,2026-04-12T00:39:59.430Z,787,1.629e-06,4096,524288,pumpswap,EgcA2ShdHZK4Sg7N6H7yGzTjxpTpunRrbzw231wLWeDh
2026-04-12T13:47:01.792Z,5xjSweEeRNTNHXpEiyp1XBUB2D3MMYCuU8khzgiZpump,FUDGE,filter_2,2026-04-12T00:02:34.174Z,824,1.847e-05,8192,65536,pumpswap,GXBAKvHDgXXwxWWGWmrepfpXstnghwVGEqBmAq2EQgQZ
2026-04-12T13:47:01.974Z,AQiYy4igZ6jeUS5nbTymwLaQfnEg5BAjjZsP1EZkEjBU,Dolores,filter_1,2026-04-11T23:52:34.399Z,834,2.982e-06,4096,65536,pumpswap,9MiNdc2ywiYUm2nr2KTGo8UCmjk3TdKLCZ2B4aAtZ9hq
2026-04-12T13:47:02.135Z,yLT7rHdaNkfnqfg5pxXxCTrx1Rsnagod16DnpKBpump,Nilly,filter_1,2026-04-11T23:45:34.391Z,841,2.488e-06,4096,131072,pumpswap,8vjkK4SAhZ6zkX7gox9DQEmpX7MbiKsp2gRjD4dAS21V
2026-04-12T13:47:02.322Z,9oVRwbx3Ray9bK7CKhqwfqY5NaWYjG3xj1DNYg2mpump,brainlet,filter_2,2026-04-11T22:44:55.606Z,902,1.869e-06,4096,524288,pumpswap,2PW331e9D7pmdELA1m1Uyq6pnEuj5BWB8m7dcBGgJ5xo
2026-04-12T13:47:02.482Z,9XhhPHKnvSd9R8Ygr8kHR6n8YNYd7SMzRHHPFeb2pump,doomer,filter_1,2026-04-11T22:10:33.845Z,936,1.693e-06,4096,262144,pumpswap,DqTPbpJo2UfNFy2v4dHjMoFg9S2wid1RZuF8qfwcJrHx
2026-04-12T13:47:02.643Z,2wwDzQLc3pwgcHrkCadio4Hn3bzYyCptRAewJAEXdoge,MARKC,filter_1,2026-04-11T21:57:35.843Z,949,3.637e-06,4096,65536,meteora,2rVNWK9fRajakX19wtrfJKGE3xNWeubnV5VpYxETUvPX
2026-04-12T13:47:02.833Z,NicGVyEGbJhn52gBtqWM18zKGzRSe9js98AZnRwY8eS,NEGRON,filter_2,2026-04-11T21:33:59.338Z,973,4.636e-07,131072,8388608,raydium,2rXfTt3Xh699TtAUruiz6Vs7vdTrsn55bEm2FKt9y8yE
2026-04-12T13:51:58.744Z,13m54axqgkPrgPwnmtTAHRJdadkFbMs4ZmKqB49Wpump,GEM,filter_2,2026-04-12T11:48:33.565Z,123,1.833e-06,4096,2097152,pumpswap,8PZhqXg4sEZupgRwg2U144eNeXVmYBfbzbgxsQXWQgdS
2026-04-12T13:51:58.903Z,69iu9bE7VYtuen7oNubgHAaYqpyaM6ZvCwoudsoMpump,Audit,filter_1,2026-04-12T10:43:35.244Z,188,7.933e-06,8192,262144,pumpswap,Ap365bq7KpWPse9sRuHnMTwek2XSQ77setZ8hxujTrL6
2026-04-12T13:51:59.086Z,H3UfCEUfNyK5dSQcw2yYBU7pLw5qjE6PeHfmdPQxpump,Monobloc,filter_1,2026-04-12T09:38:36.718Z,253,3.022e-06,,65536,pumpfun,C8mK6iGgSueLyavm4jhqJBMMWsqcj25QfGgFs8j6t9Nu
2026-04-12T13:51:59.246Z,GjHiCdvt1Zeti6rdSJeCqdkNMQKcxCkShRss5rGLWwbF,GNWR,filter_2,2026-04-12T09:33:57.750Z,258,0.1634,262144,4194304,raydium,38Wyp9ogTNGUgLeKt6FV7dpWurAtTobbo6T7fgT51uG9
2026-04-12T13:51:59.431Z,39byoLyCVzpfRoiChZoN96dLCoHF8JEPH5h9Qodypump,YN,filter_1,2026-04-12T09:28:36.955Z,263,8.323e-06,8192,262144,pumpswap,DALWM8Ph5yjigv2AtHYQCMAuCHXkZMQo3P3gqaJuv695
2026-04-12T13:51:59.591Z,GiE8Bf4Y2YHvwKutQUFeR2yaAMPWbkngLvezTWwapump,🪑,filter_2,2026-04-12T08:48:02.735Z,304,0.0003287,65536,2097152,pumpswap,47yRWYckWUBUrbSN7AmhanMDhfydURQf5G3fjhotpjy5
2026-04-12T13:51:59.776Z,AiC9FhtXA1iNGW77MocxebVc9U5baQa4nkUFQhtbpump,Sisyphus,filter_4,2026-04-12T08:12:35.668Z,339,4.967e-06,4096,262144,pumpswap,9wFPVtrpbnuKYpLJLYZDhWSFb7R6dVbkmePUVP4zAjd
2026-04-12T13:51:59.938Z,BvHneYfnCYjfZE52iUhK4bqkcqJjYjMQUJb5FPhCpump,ALONSHOUSE,filter_2,2026-04-12T03:51:56.774Z,600,0.0005338,65536,2097152,pumpswap,6KuCNvUu9NsgTFyo1vQGfeFqsoKq7Jq19LhZeQwtMMVr
2026-04-12T13:52:00.098Z,7cFndW3LZJr5hdT138meuoqQRDR6HYqATxKj2CwPpump,AgentCRM,filter_1,2026-04-12T03:39:36.524Z,612,4.138e-05,16384,262144,pumpswap,9UmjwMC9BVfdCYNaa9xCJwWkJjufeVbQg8xcSqMsSSM5
2026-04-12T13:52:00.291Z,9AEtb967xTMosjp9XFhvHLhscPNYgDWc15jFAZR8pump,RƎ́V,filter_1,2026-04-12T02:44:33.253Z,667,0.0001839,32768,16384,pumpswap,EMm9RL2tHvUvygLCu9WkUMBgnu29K2kePzUuWhiSjdMU
2026-04-12T13:52:00.478Z,Hy58kFcGQuZ9qqbiJL5Ka8FPPmqfU6w4zSqNAyzbpump,Zoomer,filter_5,2026-04-12T02:21:55.989Z,690,2.513e-05,16384,524288,pumpswap,EvDD7gjtfLETpF8m8boLppTCHosWoyoy43AKSttyRia9
2026-04-12T13:52:00.665Z,AdD5EMoGMDiGXcgepXQXneB4fEZuS1QvKqDrN876pump,CRAFT,filter_1,2026-04-12T02:18:34.482Z,693,6.212e-05,16384,131072,pumpswap,Fq6wzHyzh8YXvGS7EYBSNPLs7cr3WSLBw4WCpp5Bbk9n
2026-04-12T13:52:00.864Z,8yeUyEaxBkBgcG5i22zR6JiLmVPbA3p6FUBHjFLFpump,MOG,filter_1,2026-04-12T00:53:40.689Z,778,2.014e-06,4096,262144,pumpswap,8jL5pBxjqyhXzGwYDYZhvdifvuSiP7KWzU8ZCGgssRzk
2026-04-12T13:52:01.028Z,VXnX59zHN7j8FrA971nJij7q2RvPSPa3TioV236pump,COG,filter_1,2026-04-11T23:57:38.153Z,834,2.88e-06,4096,262144,pumpswap,DsEyaDvzkJHPnSwDU251c5pCP1V466nMpwh8KQzEeUuU
2026-04-12T13:52:01.213Z,3SNNxUYmrXUc1mQbtV2NGQTuGKVji4y3MWhyESTypump,CASSIE,filter_4,2026-04-11T23:18:36.635Z,873,2.53e-05,16384,131072,pumpswap,B6nQAKbBTm8xTFHBs4xGUqMJJu6JF5mBcmpEv8MPEQ1i
2026-04-12T13:52:01.372Z,6TRyMNFbS6y444mDECfaENQrVnvZP4XzMr2fa6f8pump,Trump,filter_6,2026-04-11T21:07:35.070Z,1004,1.939e-06,4096,1048576,pumpswap,BJLaR38FZ2accuRrABzAWdiMeZ8mF3Ky5tL6q853bgBh
2026-04-12T13:52:01.534Z,EamB9vqC1b4aoyPR6t3hn6CWf48yny84xzCuFJMbpump,Peepa,filter_1,2026-04-11T20:47:42.794Z,1024,8.206e-05,32768,524288,pumpswap,BoB3Dvi5eLGFr86BexBPNY2ZXwMNjWhx3FVCep3X2Vj6
2026-04-12T13:52:01.733Z,AQGaTfXDcvinz6DuxfZEKKFp7hmiWDLis4FtK3chpump,Ivunka,filter_3,2026-04-11T20:41:43.544Z,1030,2.726e-06,4096,524288,pumpswap,AHBtpXJ7csokwSXddEDxPFYHcA515g234kXTBMhAVRxe
2026-04-12T13:52:01.924Z,BfZ27pSjL3L8Abm8VuRs5MLjjP21Xv5tUL81Rkyepump,WID,filter_4,2026-04-11T20:41:42.289Z,1030,1.378e-05,8192,16384,pumpswap,4zmdmfGwoNb2mfF9PJq2N7x38qpQMwBMphD3HMDx6dak
2026-04-12T13:52:02.108Z,EgiJdQ8dbQHWu1uKS6cQBPaF2sK3a7WFpkjHEgdDpump,Dodger,filter_3,2026-04-11T19:29:11.694Z,1103,1.324e-05,8192,1048576,pumpswap,7yrRRCzf429YQ1xQgdZZMy5KQ5jtkkDC7gUZWyPerhXr
2026-04-12T13:52:02.294Z,7bfbBZXpMYbNjhZ6eQ8Ch8VFAbgcz4WsrY7JtQKcpump,BOATGUY,filter_1,2026-04-11T19:27:26.855Z,1105,2.903e-06,4096,262144,pumpswap,6gALa6BfE8ce8pLYaEFsTkCtxozfbuBR5bMVK3nKeFD4
2026-04-12T13:52:02.477Z,4juv1Wq63My7Bc7rznMZTyuD4aQfRSZGW9uKqFXSpump,Asset,filter_1,2026-04-11T19:27:24.857Z,1105,5.088e-06,8192,8192,pumpswap,6g8ZTMKCKvSsVX92g4SKoBESXgrDL2cR1WLg8i7GZPV9
2026-04-12T13:52:02.661Z,Aq6XmZSohMJeRGU9WswbyQo9paEcKrTEs3xdfDFtpump,Lia,filter_1,2026-04-11T19:25:27.104Z,1107,1.708e-06,4096,524288,pumpswap,BsFk4E3Hm12Mg27XmBoDPuk27WAC78BPfN98AHHpDPcM
2026-04-12T13:52:02.842Z,AUZnnRTdybeMiHrxfueNyBgLHnu4H39kngUh84WMpump,MELANIA,filter_3,2026-04-11T19:24:02.559Z,1108,5.077e-05,16384,2097152,pumpswap,DM9Xj9x8A8SEinJdoz4SJH2vdhBdPGSZmhL7DxBgwbBy
2026-04-12T13:52:03.036Z,56MEDV2H1M7DkaikaSg5vpibaSyWhgspCxgPwQJhpump,DNIGGA,filter_1,2026-04-11T19:22:24.852Z,1110,1.87e-06,4096,65536,pumpswap,CAhVRREzXYHDvtu6iwACsei9vhv6mexsGm9hpkeVP1Kj
2026-04-12T13:52:03.220Z,A2Px3FMumMJ7W67VEp9ahFXueEyf9aHpei4TTJ5mpump,BABY,filter_3,2026-04-11T19:14:43.120Z,1117,5.956e-06,8192,1048576,pumpswap,53UgNjZDC6mXsEDTowHLmKi2Y6jzjH2Ee3ybac7jEQRQ
2026-04-12T13:52:03.402Z,wutj1cNsMWyeu9ub61knDRCwU37aVvYuCBn8ZLPj7JL,ZHONEY,filter_1,2026-04-11T19:04:35.959Z,1127,6.384e-06,8192,65536,pumpswap,CtYpMFyZqcJL7mPbDQU9o88g9QpkbzEFSC81J9FzFbF8
2026-04-12T13:52:03.590Z,4oFZFm3s8VKeCnwM2G5X5mZrsPivDyzCLvDYZmVipump,ClawFC,filter_1,2026-04-11T19:00:33.206Z,1131,1.054e-05,8192,131072,pumpswap,BnbuPvQe2TNdhS7CSdsCGS1WY7FYu2kZti9adrqkqpZh
2026-04-12T13:52:03.751Z,5rniCpoweGXgsLZZDohw3fZA5yuXgt87df6GHAxWpump,MOTHER,filter_1,2026-04-11T18:17:31.505Z,1174,6.126e-06,8192,32768,pumpswap,7dzsEYbuQoK1LLAiae7riygcwphP7BTbK6r7Vv94p28M
2026-04-12T13:52:03.951Z,3i8RByhvAaSWh2VSoVieAPzzmc4DpZC9WHVSsDzBpump,FOOLHOUSE,filter_2,2026-04-11T13:59:09.655Z,1433,1.697e-06,4096,131072,pumpswap,G8AJyLtb85QyMbaXZe4k5DdTfLPTD8dEX9xDn2fKqQZD
2026-04-12T13:52:04.134Z,AutFvM5QZqtvjK2SrR8iLwvDEQ7ePnL14Rv7GPFvpump,TripleC,filter_2,2026-04-11T13:57:07.657Z,1435,1.079e-05,8192,262144,pumpswap,Cvk9vLXa9wiqWTxb7q5EP3jdPow5ZBrdn1MLRmergW3v
2026-04-12T13:56:58.735Z,3mLqHini8K337BkUorhMfcsKLNGLXNTeXWcBjEsKpump,TRUCK,filter_1,2026-04-12T13:54:35.643Z,2,2.662e-06,4096,32768,pumpswap,2E1Aw4oifrpvoe91zjUxKAhcKzYBogGDufve849hFBZb
2026-04-12T13:56:58.895Z,4RUKEudrEN46okm6najQhxnhs6ioKW6tzNWiCFTmpump,Wifejak,filter_5,2026-04-12T13:53:56.647Z,3,0.0002913,32768,1048576,pumpswap,3MFQirqeWSkhouwaF4h7RqFyWHtd9xdg2XP4Rns9HsYX
2026-04-12T13:56:59.055Z,8tu56X8VxiqDv6usJq4wJ1ZkMxcoLhPxYnq4ms7Ppump,dunald,filter_1,2026-04-12T13:49:36.383Z,7,2.15e-06,4096,262144,pumpswap,8YbYfseNMB8U9TLrTGgvix6zR1KdSk9ksAZqSWH7umWe
2026-04-12T13:56:59.215Z,GfKymcZ95xcJbmgYv9TTTx75f2XWt7S2uSkQVWCWpump,sydney,filter_5,2026-04-12T13:24:57.369Z,32,2.126e-06,4096,1048576,pumpswap,2fKnHjoPasvfG6LDvk85L9XbzJNWfUYBd8bfGj7MAPWq
2026-04-12T13:56:59.375Z,9BHt7aq3DFCb74kZjPY5epgVtsWKCeYX1tUWxYwDpump,YN,filter_2,2026-04-12T13:13:56.116Z,43,7.74e-05,16384,262144,pumpswap,EQqvZi6mSaQL95wWkP5vGBX6ZsAkVTqZCV88rQU1fbcY
2026-04-12T13:56:59.535Z,f5nEHwaQukCmhJTaHA5nYnUvnqc5Tpg86qSjrGspump,NA,filter_1,2026-04-12T13:06:35.363Z,50,1.31e-05,8192,262144,pumpswap,DvJ8FevLWvnB5JG26x2rhjSP9xBiS3nNsKQTTCHxp2Mi
2026-04-12T13:56:59.695Z,58VuqpXDDA9dxwKULNUnFtHVLRgJqmJYqd296BbCpump,Glowbo,filter_1,2026-04-12T13:05:34.852Z,51,5.623e-06,4096,262144,pumpswap,D9tVJgwno8LtxwUuhtVMSAzvrCKp4xtfdwhDfkZ8sZKZ
2026-04-12T13:56:59.855Z,DdpmZkfeANzQuZzt3Ycuc84awmzWkadpNnaukZaLpump,GEM,filter_1,2026-04-12T11:41:35.048Z,135,1.741e-05,8192,65536,pumpswap,C8ZtfQxMsUPmnPTtVn7qFqTx6pQcJ1advjtVQSg6Nksv
2026-04-12T13:57:00.024Z,7jZ9YMaHvtNEva4JwLWMb1SdMVWu5QkbMSYi4dwipump,Table,filter_1,2026-04-12T11:41:34.302Z,135,5.401e-06,4096,262144,pumpswap,eScaeJPmgXK75ViANd48NPzM9CpK5AW9m6rX25v8ttc
2026-04-12T13:57:00.213Z,EEebKSFGquW3jX5cFF9sKA2DwLrvGyF1MFwJBfw3bonk,BANI,filter_2,2026-04-12T10:54:00.793Z,183,7.84e-06,8192,262144,raydium,3ArVLZbgpJnsse18pigFJvuhmf2BhiCPX6XZLHF4e6i7
2026-04-12T13:57:00.374Z,2Eem6sxzq5rvdfxHDDwmJBgAXHinUEkiWnEkAKo9pump,ASHLEE,filter_2,2026-04-12T10:32:34.031Z,204,4.535e-05,16384,262144,pumpswap,96xtTNypm2x2bBCPUP9D8ETja6wjJ4e5bA4q3FvMRLYk
2026-04-12T13:57:00.557Z,34q2KmCvapecJgR6ZrtbCTrzZVtkt3a5mHEA3TuEsWYb,LOL,filter_4,2026-04-12T09:13:33.461Z,283,0.007155,262144,1048576,pumpswap,Dx5wFoszXvND6XYYAjAjUQrGLqDAUrTVH2JmHz6eJDNt
2026-04-12T13:57:00.725Z,EmtpJyHqWqH2xGvdag4DyLFNfnjDM6qTAv9QN17npump,tremp,filter_1,2026-04-12T06:53:33.876Z,423,2.008e-06,4096,262144,pumpswap,3a9vYs5m15vkxtMDLHRNagay3WuJ6FKSNJapdU3qh4rh
2026-04-12T13:57:00.966Z,4CkWXDBNqfqBT5xCon4hrGU3mwqhQ3GSwdQQ1SDnpump,STC,filter_2,2026-04-12T06:33:34.615Z,443,3.644e-05,16384,524288,pumpswap,BfcxnfNQF3cbZmdKbTNvL1fLD4dEjGhXCG9r6JS6EqB4
2026-04-12T13:57:01.171Z,ApvxrH4oet42G4mgHZTtYZ9h2yMwhNZqs7Tqu1Ebpump,NIKUTA,filter_1,2026-04-12T03:23:38.029Z,633,2.623e-06,4096,131072,pumpswap,BLzb2UKri4YMnAeqc8VgWioAz8zN62LrcDsaJB3VcK22
2026-04-12T13:57:01.330Z,D6HZ5Se3X2wEWWYsHp8Ma3wh3yWwFSSdCAFjGC4spump,Cat,filter_4,2026-04-12T03:06:34.258Z,650,2.213e-05,16384,131072,pumpswap,5g91GWPaRMg4DdCUyds858fyAzhaiTVbi563jVKhqLuT
2026-04-12T13:57:01.491Z,7Y445U5CAiLL4icyyPDonXy7zvGGML2TGjyMmwpDpump,WLFI,filter_1,2026-04-12T02:03:35.233Z,713,8.643e-05,16384,262144,pumpswap,EjzyuTwozXjagMTqqN6hjNpEyW3Q7rX3avE2otRRS8hv
2026-04-12T13:57:01.685Z,BRKFJs1jxrYBKR5sxBiuxTTbyipNBmT6GWenb3c9pump,TRUMP47,filter_5,2026-04-12T00:39:59.430Z,797,1.621e-06,4096,524288,pumpswap,EgcA2ShdHZK4Sg7N6H7yGzTjxpTpunRrbzw231wLWeDh
2026-04-12T13:57:01.868Z,5xjSweEeRNTNHXpEiyp1XBUB2D3MMYCuU8khzgiZpump,FUDGE,filter_2,2026-04-12T00:02:34.174Z,834,2.006e-05,8192,65536,pumpswap,GXBAKvHDgXXwxWWGWmrepfpXstnghwVGEqBmAq2EQgQZ
2026-04-12T13:57:02.056Z,AQiYy4igZ6jeUS5nbTymwLaQfnEg5BAjjZsP1EZkEjBU,Dolores,filter_1,2026-04-11T23:52:34.399Z,844,2.982e-06,4096,65536,pumpswap,9MiNdc2ywiYUm2nr2KTGo8UCmjk3TdKLCZ2B4aAtZ9hq
2026-04-12T13:57:02.216Z,yLT7rHdaNkfnqfg5pxXxCTrx1Rsnagod16DnpKBpump,Nilly,filter_1,2026-04-11T23:45:34.391Z,851,2.488e-06,4096,131072,pumpswap,8vjkK4SAhZ6zkX7gox9DQEmpX7MbiKsp2gRjD4dAS21V
2026-04-12T13:57:02.377Z,9oVRwbx3Ray9bK7CKhqwfqY5NaWYjG3xj1DNYg2mpump,brainlet,filter_2,2026-04-11T22:44:55.606Z,912,1.869e-06,4096,524288,pumpswap,2PW331e9D7pmdELA1m1Uyq6pnEuj5BWB8m7dcBGgJ5xo
2026-04-12T13:57:02.537Z,9XhhPHKnvSd9R8Ygr8kHR6n8YNYd7SMzRHHPFeb2pump,doomer,filter_1,2026-04-11T22:10:33.845Z,946,1.693e-06,4096,262144,pumpswap,DqTPbpJo2UfNFy2v4dHjMoFg9S2wid1RZuF8qfwcJrHx
2026-04-12T13:57:02.722Z,2wwDzQLc3pwgcHrkCadio4Hn3bzYyCptRAewJAEXdoge,MARKC,filter_1,2026-04-11T21:57:35.843Z,959,3.539e-06,4096,65536,meteora,2rVNWK9fRajakX19wtrfJKGE3xNWeubnV5VpYxETUvPX
2026-04-12T13:57:02.883Z,NicGVyEGbJhn52gBtqWM18zKGzRSe9js98AZnRwY8eS,NEGRON,filter_2,2026-04-11T21:33:59.338Z,983,4.751e-07,131072,8388608,raydium,2rXfTt3Xh699TtAUruiz6Vs7vdTrsn55bEm2FKt9y8yE
2026-04-12T14:01:58.743Z,EamB9vqC1b4aoyPR6t3hn6CWf48yny84xzCuFJMbpump,Peepa,filter_1,2026-04-12T13:59:34.138Z,2,8.924e-05,32768,524288,pumpswap,BoB3Dvi5eLGFr86BexBPNY2ZXwMNjWhx3FVCep3X2Vj6
2026-04-12T14:01:58.904Z,13m54axqgkPrgPwnmtTAHRJdadkFbMs4ZmKqB49Wpump,GEM,filter_2,2026-04-12T11:48:33.565Z,133,1.855e-06,4096,2097152,pumpswap,8PZhqXg4sEZupgRwg2U144eNeXVmYBfbzbgxsQXWQgdS
2026-04-12T14:01:59.093Z,69iu9bE7VYtuen7oNubgHAaYqpyaM6ZvCwoudsoMpump,Audit,filter_1,2026-04-12T10:43:35.244Z,198,7.038e-06,8192,262144,pumpswap,Ap365bq7KpWPse9sRuHnMTwek2XSQ77setZ8hxujTrL6
2026-04-12T14:01:59.289Z,H3UfCEUfNyK5dSQcw2yYBU7pLw5qjE6PeHfmdPQxpump,Monobloc,filter_1,2026-04-12T09:38:36.718Z,263,3.022e-06,,65536,pumpfun,C8mK6iGgSueLyavm4jhqJBMMWsqcj25QfGgFs8j6t9Nu
2026-04-12T14:01:59.477Z,GjHiCdvt1Zeti6rdSJeCqdkNMQKcxCkShRss5rGLWwbF,GNWR,filter_2,2026-04-12T09:33:57.750Z,268,0.007874,65536,4194304,raydium,38Wyp9ogTNGUgLeKt6FV7dpWurAtTobbo6T7fgT51uG9
2026-04-12T14:01:59.672Z,39byoLyCVzpfRoiChZoN96dLCoHF8JEPH5h9Qodypump,YN,filter_1,2026-04-12T09:28:36.955Z,273,8.261e-06,8192,262144,pumpswap,DALWM8Ph5yjigv2AtHYQCMAuCHXkZMQo3P3gqaJuv695
2026-04-12T14:01:59.835Z,GiE8Bf4Y2YHvwKutQUFeR2yaAMPWbkngLvezTWwapump,🪑,filter_2,2026-04-12T08:48:02.735Z,314,0.0003482,65536,2097152,pumpswap,47yRWYckWUBUrbSN7AmhanMDhfydURQf5G3fjhotpjy5
2026-04-12T14:01:59.996Z,AiC9FhtXA1iNGW77MocxebVc9U5baQa4nkUFQhtbpump,Sisyphus,filter_4,2026-04-12T08:12:35.668Z,349,4.41e-06,4096,262144,pumpswap,9wFPVtrpbnuKYpLJLYZDhWSFb7R6dVbkmePUVP4zAjd
2026-04-12T14:02:00.159Z,BvHneYfnCYjfZE52iUhK4bqkcqJjYjMQUJb5FPhCpump,ALONSHOUSE,filter_2,2026-04-12T03:51:56.774Z,610,0.0004243,65536,2097152,pumpswap,6KuCNvUu9NsgTFyo1vQGfeFqsoKq7Jq19LhZeQwtMMVr
2026-04-12T14:02:00.332Z,7cFndW3LZJr5hdT138meuoqQRDR6HYqATxKj2CwPpump,AgentCRM,filter_1,2026-04-12T03:39:36.524Z,622,3.741e-05,16384,262144,pumpswap,9UmjwMC9BVfdCYNaa9xCJwWkJjufeVbQg8xcSqMsSSM5
2026-04-12T14:02:00.518Z,9AEtb967xTMosjp9XFhvHLhscPNYgDWc15jFAZR8pump,RƎ́V,filter_1,2026-04-12T02:44:33.253Z,677,0.0001816,32768,16384,pumpswap,EMm9RL2tHvUvygLCu9WkUMBgnu29K2kePzUuWhiSjdMU
2026-04-12T14:02:00.683Z,Hy58kFcGQuZ9qqbiJL5Ka8FPPmqfU6w4zSqNAyzbpump,Zoomer,filter_5,2026-04-12T02:21:55.989Z,700,2.202e-05,16384,524288,pumpswap,EvDD7gjtfLETpF8m8boLppTCHosWoyoy43AKSttyRia9
2026-04-12T14:02:00.844Z,AdD5EMoGMDiGXcgepXQXneB4fEZuS1QvKqDrN876pump,CRAFT,filter_1,2026-04-12T02:18:34.482Z,703,5.481e-05,16384,131072,pumpswap,Fq6wzHyzh8YXvGS7EYBSNPLs7cr3WSLBw4WCpp5Bbk9n
2026-04-12T14:02:01.030Z,8yeUyEaxBkBgcG5i22zR6JiLmVPbA3p6FUBHjFLFpump,MOG,filter_1,2026-04-12T00:53:40.689Z,788,1.974e-06,4096,262144,pumpswap,8jL5pBxjqyhXzGwYDYZhvdifvuSiP7KWzU8ZCGgssRzk
2026-04-12T14:02:01.191Z,VXnX59zHN7j8FrA971nJij7q2RvPSPa3TioV236pump,COG,filter_1,2026-04-11T23:57:38.153Z,844,2.829e-06,4096,262144,pumpswap,DsEyaDvzkJHPnSwDU251c5pCP1V466nMpwh8KQzEeUuU
2026-04-12T14:02:01.390Z,3SNNxUYmrXUc1mQbtV2NGQTuGKVji4y3MWhyESTypump,CASSIE,filter_4,2026-04-11T23:18:36.635Z,883,2.559e-05,16384,131072,pumpswap,B6nQAKbBTm8xTFHBs4xGUqMJJu6JF5mBcmpEv8MPEQ1i
2026-04-12T14:02:01.553Z,6TRyMNFbS6y444mDECfaENQrVnvZP4XzMr2fa6f8pump,Trump,filter_6,2026-04-11T21:07:35.070Z,1014,1.939e-06,4096,1048576,pumpswap,BJLaR38FZ2accuRrABzAWdiMeZ8mF3Ky5tL6q853bgBh
2026-04-12T14:02:01.714Z,AQGaTfXDcvinz6DuxfZEKKFp7hmiWDLis4FtK3chpump,Ivunka,filter_3,2026-04-11T20:41:43.544Z,1040,2.726e-06,4096,524288,pumpswap,AHBtpXJ7csokwSXddEDxPFYHcA515g234kXTBMhAVRxe
2026-04-12T14:02:01.930Z,BfZ27pSjL3L8Abm8VuRs5MLjjP21Xv5tUL81Rkyepump,WID,filter_4,2026-04-11T20:41:42.289Z,1040,1.378e-05,8192,16384,pumpswap,4zmdmfGwoNb2mfF9PJq2N7x38qpQMwBMphD3HMDx6dak
2026-04-12T14:02:02.114Z,EgiJdQ8dbQHWu1uKS6cQBPaF2sK3a7WFpkjHEgdDpump,Dodger,filter_3,2026-04-11T19:29:11.694Z,1113,1.447e-05,8192,1048576,pumpswap,7yrRRCzf429YQ1xQgdZZMy5KQ5jtkkDC7gUZWyPerhXr
2026-04-12T14:02:02.329Z,7bfbBZXpMYbNjhZ6eQ8Ch8VFAbgcz4WsrY7JtQKcpump,BOATGUY,filter_1,2026-04-11T19:27:26.855Z,1115,2.903e-06,4096,262144,pumpswap,6gALa6BfE8ce8pLYaEFsTkCtxozfbuBR5bMVK3nKeFD4
2026-04-12T14:02:02.525Z,4juv1Wq63My7Bc7rznMZTyuD4aQfRSZGW9uKqFXSpump,Asset,filter_1,2026-04-11T19:27:24.857Z,1115,4.95e-06,8192,8192,pumpswap,6g8ZTMKCKvSsVX92g4SKoBESXgrDL2cR1WLg8i7GZPV9
2026-04-12T14:02:02.689Z,Aq6XmZSohMJeRGU9WswbyQo9paEcKrTEs3xdfDFtpump,Lia,filter_1,2026-04-11T19:25:27.104Z,1117,1.708e-06,4096,524288,pumpswap,BsFk4E3Hm12Mg27XmBoDPuk27WAC78BPfN98AHHpDPcM
2026-04-12T14:02:02.852Z,AUZnnRTdybeMiHrxfueNyBgLHnu4H39kngUh84WMpump,MELANIA,filter_3,2026-04-11T19:24:02.559Z,1118,5.077e-05,16384,2097152,pumpswap,DM9Xj9x8A8SEinJdoz4SJH2vdhBdPGSZmhL7DxBgwbBy
2026-04-12T14:02:03.041Z,56MEDV2H1M7DkaikaSg5vpibaSyWhgspCxgPwQJhpump,DNIGGA,filter_1,2026-04-11T19:22:24.852Z,1120,1.87e-06,4096,65536,pumpswap,CAhVRREzXYHDvtu6iwACsei9vhv6mexsGm9hpkeVP1Kj
2026-04-12T14:02:03.203Z,A2Px3FMumMJ7W67VEp9ahFXueEyf9aHpei4TTJ5mpump,BABY,filter_3,2026-04-11T19:14:43.120Z,1127,5.912e-06,8192,1048576,pumpswap,53UgNjZDC6mXsEDTowHLmKi2Y6jzjH2Ee3ybac7jEQRQ
2026-04-12T14:02:03.365Z,wutj1cNsMWyeu9ub61knDRCwU37aVvYuCBn8ZLPj7JL,ZHONEY,filter_1,2026-04-11T19:04:35.959Z,1137,7.014e-06,8192,65536,pumpswap,CtYpMFyZqcJL7mPbDQU9o88g9QpkbzEFSC81J9FzFbF8
2026-04-12T14:02:03.556Z,4oFZFm3s8VKeCnwM2G5X5mZrsPivDyzCLvDYZmVipump,ClawFC,filter_1,2026-04-11T19:00:33.206Z,1141,1.132e-05,8192,131072,pumpswap,BnbuPvQe2TNdhS7CSdsCGS1WY7FYu2kZti9adrqkqpZh
2026-04-12T14:02:03.739Z,5rniCpoweGXgsLZZDohw3fZA5yuXgt87df6GHAxWpump,MOTHER,filter_1,2026-04-11T18:17:31.505Z,1184,6.126e-06,8192,32768,pumpswap,7dzsEYbuQoK1LLAiae7riygcwphP7BTbK6r7Vv94p28M
2026-04-12T14:06:58.748Z,3mLqHini8K337BkUorhMfcsKLNGLXNTeXWcBjEsKpump,TRUCK,filter_1,2026-04-12T14:05:34.647Z,1,2.658e-06,4096,32768,pumpswap,2E1Aw4oifrpvoe91zjUxKAhcKzYBogGDufve849hFBZb
2026-04-12T14:06:58.907Z,4RUKEudrEN46okm6najQhxnhs6ioKW6tzNWiCFTmpump,Wifejak,filter_5,2026-04-12T13:58:57.161Z,8,0.0002639,32768,1048576,pumpswap,3MFQirqeWSkhouwaF4h7RqFyWHtd9xdg2XP4Rns9HsYX
2026-04-12T14:06:59.070Z,8tu56X8VxiqDv6usJq4wJ1ZkMxcoLhPxYnq4ms7Ppump,dunald,filter_1,2026-04-12T13:49:36.383Z,17,2.111e-06,4096,262144,pumpswap,8YbYfseNMB8U9TLrTGgvix6zR1KdSk9ksAZqSWH7umWe
2026-04-12T14:06:59.229Z,GfKymcZ95xcJbmgYv9TTTx75f2XWt7S2uSkQVWCWpump,sydney,filter_5,2026-04-12T13:24:57.369Z,42,2.023e-06,4096,1048576,pumpswap,2fKnHjoPasvfG6LDvk85L9XbzJNWfUYBd8bfGj7MAPWq
2026-04-12T14:06:59.387Z,9BHt7aq3DFCb74kZjPY5epgVtsWKCeYX1tUWxYwDpump,YN,filter_2,2026-04-12T13:13:56.116Z,53,7.189e-05,16384,262144,pumpswap,EQqvZi6mSaQL95wWkP5vGBX6ZsAkVTqZCV88rQU1fbcY
2026-04-12T14:06:59.547Z,f5nEHwaQukCmhJTaHA5nYnUvnqc5Tpg86qSjrGspump,NA,filter_1,2026-04-12T13:06:35.363Z,60,3.131e-05,16384,262144,pumpswap,DvJ8FevLWvnB5JG26x2rhjSP9xBiS3nNsKQTTCHxp2Mi
2026-04-12T14:06:59.706Z,58VuqpXDDA9dxwKULNUnFtHVLRgJqmJYqd296BbCpump,Glowbo,filter_1,2026-04-12T13:05:34.852Z,61,5.815e-06,8192,262144,pumpswap,D9tVJgwno8LtxwUuhtVMSAzvrCKp4xtfdwhDfkZ8sZKZ
2026-04-12T14:06:59.865Z,DdpmZkfeANzQuZzt3Ycuc84awmzWkadpNnaukZaLpump,GEM,filter_1,2026-04-12T11:41:35.048Z,145,1.692e-05,8192,65536,pumpswap,C8ZtfQxMsUPmnPTtVn7qFqTx6pQcJ1advjtVQSg6Nksv
2026-04-12T14:07:00.023Z,7jZ9YMaHvtNEva4JwLWMb1SdMVWu5QkbMSYi4dwipump,Table,filter_1,2026-04-12T11:41:34.302Z,145,5.267e-06,4096,262144,pumpswap,eScaeJPmgXK75ViANd48NPzM9CpK5AW9m6rX25v8ttc
2026-04-12T14:07:00.214Z,EEebKSFGquW3jX5cFF9sKA2DwLrvGyF1MFwJBfw3bonk,BANI,filter_2,2026-04-12T10:54:00.793Z,193,7.361e-06,8192,262144,raydium,3ArVLZbgpJnsse18pigFJvuhmf2BhiCPX6XZLHF4e6i7
2026-04-12T14:07:00.377Z,2Eem6sxzq5rvdfxHDDwmJBgAXHinUEkiWnEkAKo9pump,ASHLEE,filter_2,2026-04-12T10:32:34.031Z,214,4.321e-05,16384,262144,pumpswap,96xtTNypm2x2bBCPUP9D8ETja6wjJ4e5bA4q3FvMRLYk
2026-04-12T14:07:00.537Z,34q2KmCvapecJgR6ZrtbCTrzZVtkt3a5mHEA3TuEsWYb,LOL,filter_4,2026-04-12T09:13:33.461Z,293,0.006984,262144,1048576,pumpswap,Dx5wFoszXvND6XYYAjAjUQrGLqDAUrTVH2JmHz6eJDNt
2026-04-12T14:07:00.697Z,EmtpJyHqWqH2xGvdag4DyLFNfnjDM6qTAv9QN17npump,tremp,filter_1,2026-04-12T06:53:33.876Z,433,1.99e-06,4096,262144,pumpswap,3a9vYs5m15vkxtMDLHRNagay3WuJ6FKSNJapdU3qh4rh
2026-04-12T14:07:00.856Z,4CkWXDBNqfqBT5xCon4hrGU3mwqhQ3GSwdQQ1SDnpump,STC,filter_2,2026-04-12T06:33:34.615Z,453,4.067e-05,16384,524288,pumpswap,BfcxnfNQF3cbZmdKbTNvL1fLD4dEjGhXCG9r6JS6EqB4
2026-04-12T14:07:01.043Z,ApvxrH4oet42G4mgHZTtYZ9h2yMwhNZqs7Tqu1Ebpump,NIKUTA,filter_1,2026-04-12T03:23:38.029Z,643,2.623e-06,4096,131072,pumpswap,BLzb2UKri4YMnAeqc8VgWioAz8zN62LrcDsaJB3VcK22
2026-04-12T14:07:01.226Z,D6HZ5Se3X2wEWWYsHp8Ma3wh3yWwFSSdCAFjGC4spump,Cat,filter_4,2026-04-12T03:06:34.258Z,660,2.119e-05,16384,131072,pumpswap,5g91GWPaRMg4DdCUyds858fyAzhaiTVbi563jVKhqLuT
2026-04-12T14:07:01.388Z,7Y445U5CAiLL4icyyPDonXy7zvGGML2TGjyMmwpDpump,WLFI,filter_1,2026-04-12T02:03:35.233Z,723,0.000106,32768,262144,pumpswap,EjzyuTwozXjagMTqqN6hjNpEyW3Q7rX3avE2otRRS8hv
2026-04-12T14:07:01.548Z,BRKFJs1jxrYBKR5sxBiuxTTbyipNBmT6GWenb3c9pump,TRUMP47,filter_5,2026-04-12T00:39:59.430Z,807,1.631e-06,4096,524288,pumpswap,EgcA2ShdHZK4Sg7N6H7yGzTjxpTpunRrbzw231wLWeDh
2026-04-12T14:07:01.738Z,5xjSweEeRNTNHXpEiyp1XBUB2D3MMYCuU8khzgiZpump,FUDGE,filter_2,2026-04-12T00:02:34.174Z,844,2.045e-05,8192,65536,pumpswap,GXBAKvHDgXXwxWWGWmrepfpXstnghwVGEqBmAq2EQgQZ
2026-04-12T14:07:01.950Z,AQiYy4igZ6jeUS5nbTymwLaQfnEg5BAjjZsP1EZkEjBU,Dolores,filter_1,2026-04-11T23:52:34.399Z,854,2.982e-06,4096,65536,pumpswap,9MiNdc2ywiYUm2nr2KTGo8UCmjk3TdKLCZ2B4aAtZ9hq
2026-04-12T14:07:02.135Z,yLT7rHdaNkfnqfg5pxXxCTrx1Rsnagod16DnpKBpump,Nilly,filter_1,2026-04-11T23:45:34.391Z,861,2.488e-06,4096,131072,pumpswap,8vjkK4SAhZ6zkX7gox9DQEmpX7MbiKsp2gRjD4dAS21V
2026-04-12T14:07:02.293Z,9oVRwbx3Ray9bK7CKhqwfqY5NaWYjG3xj1DNYg2mpump,brainlet,filter_2,2026-04-11T22:44:55.606Z,922,1.869e-06,4096,524288,pumpswap,2PW331e9D7pmdELA1m1Uyq6pnEuj5BWB8m7dcBGgJ5xo
2026-04-12T14:07:02.504Z,9XhhPHKnvSd9R8Ygr8kHR6n8YNYd7SMzRHHPFeb2pump,doomer,filter_1,2026-04-11T22:10:33.845Z,956,1.693e-06,4096,262144,pumpswap,DqTPbpJo2UfNFy2v4dHjMoFg9S2wid1RZuF8qfwcJrHx
2026-04-12T14:07:02.696Z,2wwDzQLc3pwgcHrkCadio4Hn3bzYyCptRAewJAEXdoge,MARKC,filter_1,2026-04-11T21:57:35.843Z,969,3.539e-06,4096,65536,meteora,2rVNWK9fRajakX19wtrfJKGE3xNWeubnV5VpYxETUvPX
2026-04-12T14:07:02.890Z,NicGVyEGbJhn52gBtqWM18zKGzRSe9js98AZnRwY8eS,NEGRON,filter_2,2026-04-11T21:33:59.338Z,993,4.839e-07,131072,8388608,raydium,2rXfTt3Xh699TtAUruiz6Vs7vdTrsn55bEm2FKt9y8yE
2026-04-12T14:11:58.738Z,EamB9vqC1b4aoyPR6t3hn6CWf48yny84xzCuFJMbpump,Peepa,filter_1,2026-04-12T14:10:34.395Z,1,8.015e-05,32768,524288,pumpswap,BoB3Dvi5eLGFr86BexBPNY2ZXwMNjWhx3FVCep3X2Vj6
2026-04-12T14:11:58.901Z,13m54axqgkPrgPwnmtTAHRJdadkFbMs4ZmKqB49Wpump,GEM,filter_2,2026-04-12T11:48:33.565Z,143,1.855e-06,4096,2097152,pumpswap,8PZhqXg4sEZupgRwg2U144eNeXVmYBfbzbgxsQXWQgdS
2026-04-12T14:11:59.063Z,69iu9bE7VYtuen7oNubgHAaYqpyaM6ZvCwoudsoMpump,Audit,filter_1,2026-04-12T10:43:35.244Z,208,6.827e-06,8192,262144,pumpswap,Ap365bq7KpWPse9sRuHnMTwek2XSQ77setZ8hxujTrL6
2026-04-12T14:11:59.279Z,H3UfCEUfNyK5dSQcw2yYBU7pLw5qjE6PeHfmdPQxpump,Monobloc,filter_1,2026-04-12T09:38:36.718Z,273,3.126e-06,,65536,pumpfun,C8mK6iGgSueLyavm4jhqJBMMWsqcj25QfGgFs8j6t9Nu
2026-04-12T14:11:59.465Z,GjHiCdvt1Zeti6rdSJeCqdkNMQKcxCkShRss5rGLWwbF,GNWR,filter_2,2026-04-12T09:33:57.750Z,278,0.007901,32,4194304,raydium,38Wyp9ogTNGUgLeKt6FV7dpWurAtTobbo6T7fgT51uG9
2026-04-12T14:11:59.653Z,39byoLyCVzpfRoiChZoN96dLCoHF8JEPH5h9Qodypump,YN,filter_1,2026-04-12T09:28:36.955Z,283,8.292e-06,8192,262144,pumpswap,DALWM8Ph5yjigv2AtHYQCMAuCHXkZMQo3P3gqaJuv695
2026-04-12T14:11:59.815Z,GiE8Bf4Y2YHvwKutQUFeR2yaAMPWbkngLvezTWwapump,🪑,filter_2,2026-04-12T08:48:02.735Z,324,0.0003601,65536,2097152,pumpswap,47yRWYckWUBUrbSN7AmhanMDhfydURQf5G3fjhotpjy5
2026-04-12T14:11:59.977Z,AiC9FhtXA1iNGW77MocxebVc9U5baQa4nkUFQhtbpump,Sisyphus,filter_4,2026-04-12T08:12:35.668Z,359,4.533e-06,4096,262144,pumpswap,9wFPVtrpbnuKYpLJLYZDhWSFb7R6dVbkmePUVP4zAjd
2026-04-12T14:12:00.139Z,BvHneYfnCYjfZE52iUhK4bqkcqJjYjMQUJb5FPhCpump,ALONSHOUSE,filter_2,2026-04-12T03:51:56.774Z,620,0.0004392,65536,2097152,pumpswap,6KuCNvUu9NsgTFyo1vQGfeFqsoKq7Jq19LhZeQwtMMVr
2026-04-12T14:12:00.305Z,7cFndW3LZJr5hdT138meuoqQRDR6HYqATxKj2CwPpump,AgentCRM,filter_1,2026-04-12T03:39:36.524Z,632,3.389e-05,16384,262144,pumpswap,9UmjwMC9BVfdCYNaa9xCJwWkJjufeVbQg8xcSqMsSSM5
2026-04-12T14:12:00.466Z,9AEtb967xTMosjp9XFhvHLhscPNYgDWc15jFAZR8pump,RƎ́V,filter_1,2026-04-12T02:44:33.253Z,687,0.0001806,32768,16384,pumpswap,EMm9RL2tHvUvygLCu9WkUMBgnu29K2kePzUuWhiSjdMU
2026-04-12T14:12:00.629Z,Hy58kFcGQuZ9qqbiJL5Ka8FPPmqfU6w4zSqNAyzbpump,Zoomer,filter_5,2026-04-12T02:21:55.989Z,710,2.161e-05,16384,524288,pumpswap,EvDD7gjtfLETpF8m8boLppTCHosWoyoy43AKSttyRia9
2026-04-12T14:12:00.813Z,AdD5EMoGMDiGXcgepXQXneB4fEZuS1QvKqDrN876pump,CRAFT,filter_1,2026-04-12T02:18:34.482Z,713,5.356e-05,16384,131072,pumpswap,Fq6wzHyzh8YXvGS7EYBSNPLs7cr3WSLBw4WCpp5Bbk9n
2026-04-12T14:12:00.996Z,8yeUyEaxBkBgcG5i22zR6JiLmVPbA3p6FUBHjFLFpump,MOG,filter_1,2026-04-12T00:53:40.689Z,798,1.974e-06,4096,262144,pumpswap,8jL5pBxjqyhXzGwYDYZhvdifvuSiP7KWzU8ZCGgssRzk
2026-04-12T14:12:01.157Z,VXnX59zHN7j8FrA971nJij7q2RvPSPa3TioV236pump,COG,filter_1,2026-04-11T23:57:38.153Z,854,2.829e-06,4096,262144,pumpswap,DsEyaDvzkJHPnSwDU251c5pCP1V466nMpwh8KQzEeUuU
2026-04-12T14:12:01.365Z,3SNNxUYmrXUc1mQbtV2NGQTuGKVji4y3MWhyESTypump,CASSIE,filter_4,2026-04-11T23:18:36.635Z,893,2.419e-05,16384,131072,pumpswap,B6nQAKbBTm8xTFHBs4xGUqMJJu6JF5mBcmpEv8MPEQ1i
2026-04-12T14:12:01.529Z,6TRyMNFbS6y444mDECfaENQrVnvZP4XzMr2fa6f8pump,Trump,filter_6,2026-04-11T21:07:35.070Z,1024,1.939e-06,4096,1048576,pumpswap,BJLaR38FZ2accuRrABzAWdiMeZ8mF3Ky5tL6q853bgBh
2026-04-12T14:12:01.692Z,AQGaTfXDcvinz6DuxfZEKKFp7hmiWDLis4FtK3chpump,Ivunka,filter_3,2026-04-11T20:41:43.544Z,1050,2.726e-06,4096,524288,pumpswap,AHBtpXJ7csokwSXddEDxPFYHcA515g234kXTBMhAVRxe
2026-04-12T14:12:01.880Z,BfZ27pSjL3L8Abm8VuRs5MLjjP21Xv5tUL81Rkyepump,WID,filter_4,2026-04-11T20:41:42.289Z,1050,1.382e-05,8192,16384,pumpswap,4zmdmfGwoNb2mfF9PJq2N7x38qpQMwBMphD3HMDx6dak
2026-04-12T14:12:02.042Z,EgiJdQ8dbQHWu1uKS6cQBPaF2sK3a7WFpkjHEgdDpump,Dodger,filter_3,2026-04-11T19:29:11.694Z,1123,1.426e-05,8192,1048576,pumpswap,7yrRRCzf429YQ1xQgdZZMy5KQ5jtkkDC7gUZWyPerhXr
2026-04-12T14:12:02.236Z,7bfbBZXpMYbNjhZ6eQ8Ch8VFAbgcz4WsrY7JtQKcpump,BOATGUY,filter_1,2026-04-11T19:27:26.855Z,1125,2.955e-06,4096,262144,pumpswap,6gALa6BfE8ce8pLYaEFsTkCtxozfbuBR5bMVK3nKeFD4
2026-04-12T14:12:02.439Z,4juv1Wq63My7Bc7rznMZTyuD4aQfRSZGW9uKqFXSpump,Asset,filter_1,2026-04-11T19:27:24.857Z,1125,4.845e-06,8192,8192,pumpswap,6g8ZTMKCKvSsVX92g4SKoBESXgrDL2cR1WLg8i7GZPV9
2026-04-12T14:12:02.602Z,Aq6XmZSohMJeRGU9WswbyQo9paEcKrTEs3xdfDFtpump,Lia,filter_1,2026-04-11T19:25:27.104Z,1127,1.708e-06,4096,524288,pumpswap,BsFk4E3Hm12Mg27XmBoDPuk27WAC78BPfN98AHHpDPcM
2026-04-12T14:12:02.764Z,AUZnnRTdybeMiHrxfueNyBgLHnu4H39kngUh84WMpump,MELANIA,filter_3,2026-04-11T19:24:02.559Z,1128,5.133e-05,16384,2097152,pumpswap,DM9Xj9x8A8SEinJdoz4SJH2vdhBdPGSZmhL7DxBgwbBy
2026-04-12T14:12:02.951Z,56MEDV2H1M7DkaikaSg5vpibaSyWhgspCxgPwQJhpump,DNIGGA,filter_1,2026-04-11T19:22:24.852Z,1130,1.87e-06,4096,65536,pumpswap,CAhVRREzXYHDvtu6iwACsei9vhv6mexsGm9hpkeVP1Kj
2026-04-12T14:12:03.113Z,A2Px3FMumMJ7W67VEp9ahFXueEyf9aHpei4TTJ5mpump,BABY,filter_3,2026-04-11T19:14:43.120Z,1137,5.84e-06,8192,1048576,pumpswap,53UgNjZDC6mXsEDTowHLmKi2Y6jzjH2Ee3ybac7jEQRQ
2026-04-12T14:12:03.275Z,wutj1cNsMWyeu9ub61knDRCwU37aVvYuCBn8ZLPj7JL,ZHONEY,filter_1,2026-04-11T19:04:35.959Z,1147,7.041e-06,8192,65536,pumpswap,CtYpMFyZqcJL7mPbDQU9o88g9QpkbzEFSC81J9FzFbF8
2026-04-12T14:12:03.464Z,4oFZFm3s8VKeCnwM2G5X5mZrsPivDyzCLvDYZmVipump,ClawFC,filter_1,2026-04-11T19:00:33.206Z,1151,1.175e-05,8192,131072,pumpswap,BnbuPvQe2TNdhS7CSdsCGS1WY7FYu2kZti9adrqkqpZh
2026-04-12T14:12:03.646Z,5rniCpoweGXgsLZZDohw3fZA5yuXgt87df6GHAxWpump,MOTHER,filter_1,2026-04-11T18:17:31.505Z,1194,6.126e-06,8192,32768,pumpswap,7dzsEYbuQoK1LLAiae7riygcwphP7BTbK6r7Vv94p28M
2026-04-12T14:16:58.748Z,3mLqHini8K337BkUorhMfcsKLNGLXNTeXWcBjEsKpump,TRUCK,filter_1,2026-04-12T14:10:35.901Z,6,2.658e-06,4096,32768,pumpswap,2E1Aw4oifrpvoe91zjUxKAhcKzYBogGDufve849hFBZb
2026-04-12T14:16:58.911Z,4RUKEudrEN46okm6najQhxnhs6ioKW6tzNWiCFTmpump,Wifejak,filter_5,2026-04-12T13:58:57.161Z,18,0.0002943,32768,1048576,pumpswap,3MFQirqeWSkhouwaF4h7RqFyWHtd9xdg2XP4Rns9HsYX
2026-04-12T14:16:59.076Z,8tu56X8VxiqDv6usJq4wJ1ZkMxcoLhPxYnq4ms7Ppump,dunald,filter_1,2026-04-12T13:49:36.383Z,27,2.134e-06,4096,262144,pumpswap,8YbYfseNMB8U9TLrTGgvix6zR1KdSk9ksAZqSWH7umWe
2026-04-12T14:16:59.238Z,GfKymcZ95xcJbmgYv9TTTx75f2XWt7S2uSkQVWCWpump,sydney,filter_5,2026-04-12T13:24:57.369Z,52,1.948e-06,4096,1048576,pumpswap,2fKnHjoPasvfG6LDvk85L9XbzJNWfUYBd8bfGj7MAPWq
2026-04-12T14:16:59.400Z,9BHt7aq3DFCb74kZjPY5epgVtsWKCeYX1tUWxYwDpump,YN,filter_2,2026-04-12T13:13:56.116Z,63,6.316e-05,16384,262144,pumpswap,EQqvZi6mSaQL95wWkP5vGBX6ZsAkVTqZCV88rQU1fbcY
2026-04-12T14:16:59.561Z,f5nEHwaQukCmhJTaHA5nYnUvnqc5Tpg86qSjrGspump,NA,filter_1,2026-04-12T13:06:35.363Z,70,3.803e-05,16384,262144,pumpswap,DvJ8FevLWvnB5JG26x2rhjSP9xBiS3nNsKQTTCHxp2Mi
2026-04-12T14:16:59.724Z,58VuqpXDDA9dxwKULNUnFtHVLRgJqmJYqd296BbCpump,Glowbo,filter_1,2026-04-12T13:05:34.852Z,71,5.964e-06,8192,262144,pumpswap,D9tVJgwno8LtxwUuhtVMSAzvrCKp4xtfdwhDfkZ8sZKZ
2026-04-12T14:16:59.886Z,DdpmZkfeANzQuZzt3Ycuc84awmzWkadpNnaukZaLpump,GEM,filter_1,2026-04-12T11:41:35.048Z,155,2.004e-05,8192,65536,pumpswap,C8ZtfQxMsUPmnPTtVn7qFqTx6pQcJ1advjtVQSg6Nksv
2026-04-12T14:17:00.056Z,7jZ9YMaHvtNEva4JwLWMb1SdMVWu5QkbMSYi4dwipump,Table,filter_1,2026-04-12T11:41:34.302Z,155,5.228e-06,4096,262144,pumpswap,eScaeJPmgXK75ViANd48NPzM9CpK5AW9m6rX25v8ttc
2026-04-12T14:17:00.218Z,EEebKSFGquW3jX5cFF9sKA2DwLrvGyF1MFwJBfw3bonk,BANI,filter_2,2026-04-12T10:54:00.793Z,203,8.401e-06,8192,262144,raydium,3ArVLZbgpJnsse18pigFJvuhmf2BhiCPX6XZLHF4e6i7
2026-04-12T14:17:00.381Z,2Eem6sxzq5rvdfxHDDwmJBgAXHinUEkiWnEkAKo9pump,ASHLEE,filter_2,2026-04-12T10:32:34.031Z,224,3.745e-05,16384,262144,pumpswap,96xtTNypm2x2bBCPUP9D8ETja6wjJ4e5bA4q3FvMRLYk
2026-04-12T14:17:00.544Z,34q2KmCvapecJgR6ZrtbCTrzZVtkt3a5mHEA3TuEsWYb,LOL,filter_4,2026-04-12T09:13:33.461Z,303,0.006866,262144,1048576,pumpswap,Dx5wFoszXvND6XYYAjAjUQrGLqDAUrTVH2JmHz6eJDNt
2026-04-12T14:17:00.705Z,EmtpJyHqWqH2xGvdag4DyLFNfnjDM6qTAv9QN17npump,tremp,filter_1,2026-04-12T06:53:33.876Z,443,1.99e-06,4096,262144,pumpswap,3a9vYs5m15vkxtMDLHRNagay3WuJ6FKSNJapdU3qh4rh
2026-04-12T14:17:00.868Z,4CkWXDBNqfqBT5xCon4hrGU3mwqhQ3GSwdQQ1SDnpump,STC,filter_2,2026-04-12T06:33:34.615Z,463,3.955e-05,16384,524288,pumpswap,BfcxnfNQF3cbZmdKbTNvL1fLD4dEjGhXCG9r6JS6EqB4
2026-04-12T14:17:01.060Z,ApvxrH4oet42G4mgHZTtYZ9h2yMwhNZqs7Tqu1Ebpump,NIKUTA,filter_1,2026-04-12T03:23:38.029Z,653,2.623e-06,4096,131072,pumpswap,BLzb2UKri4YMnAeqc8VgWioAz8zN62LrcDsaJB3VcK22
2026-04-12T14:17:01.223Z,D6HZ5Se3X2wEWWYsHp8Ma3wh3yWwFSSdCAFjGC4spump,Cat,filter_4,2026-04-12T03:06:34.258Z,670,1.999e-05,16384,131072,pumpswap,5g91GWPaRMg4DdCUyds858fyAzhaiTVbi563jVKhqLuT
2026-04-12T14:17:01.418Z,7Y445U5CAiLL4icyyPDonXy7zvGGML2TGjyMmwpDpump,WLFI,filter_1,2026-04-12T02:03:35.233Z,733,9.415e-05,32768,524288,pumpswap,EjzyuTwozXjagMTqqN6hjNpEyW3Q7rX3avE2otRRS8hv
2026-04-12T14:17:01.583Z,BRKFJs1jxrYBKR5sxBiuxTTbyipNBmT6GWenb3c9pump,TRUMP47,filter_5,2026-04-12T00:39:59.430Z,817,1.631e-06,4096,524288,pumpswap,EgcA2ShdHZK4Sg7N6H7yGzTjxpTpunRrbzw231wLWeDh
2026-04-12T14:17:01.777Z,5xjSweEeRNTNHXpEiyp1XBUB2D3MMYCuU8khzgiZpump,FUDGE,filter_2,2026-04-12T00:02:34.174Z,854,2.092e-05,8192,65536,pumpswap,GXBAKvHDgXXwxWWGWmrepfpXstnghwVGEqBmAq2EQgQZ
2026-04-12T14:17:01.967Z,AQiYy4igZ6jeUS5nbTymwLaQfnEg5BAjjZsP1EZkEjBU,Dolores,filter_1,2026-04-11T23:52:34.399Z,864,3.173e-06,4096,65536,pumpswap,9MiNdc2ywiYUm2nr2KTGo8UCmjk3TdKLCZ2B4aAtZ9hq
2026-04-12T14:17:02.153Z,yLT7rHdaNkfnqfg5pxXxCTrx1Rsnagod16DnpKBpump,Nilly,filter_1,2026-04-11T23:45:34.391Z,871,2.488e-06,4096,131072,pumpswap,8vjkK4SAhZ6zkX7gox9DQEmpX7MbiKsp2gRjD4dAS21V
2026-04-12T14:17:02.368Z,9oVRwbx3Ray9bK7CKhqwfqY5NaWYjG3xj1DNYg2mpump,brainlet,filter_2,2026-04-11T22:44:55.606Z,932,1.869e-06,4096,524288,pumpswap,2PW331e9D7pmdELA1m1Uyq6pnEuj5BWB8m7dcBGgJ5xo
2026-04-12T14:17:02.530Z,9XhhPHKnvSd9R8Ygr8kHR6n8YNYd7SMzRHHPFeb2pump,doomer,filter_1,2026-04-11T22:10:33.845Z,966,1.693e-06,4096,262144,pumpswap,DqTPbpJo2UfNFy2v4dHjMoFg9S2wid1RZuF8qfwcJrHx
2026-04-12T14:17:02.715Z,2wwDzQLc3pwgcHrkCadio4Hn3bzYyCptRAewJAEXdoge,MARKC,filter_1,2026-04-11T21:57:35.843Z,979,3.539e-06,4096,65536,meteora,2rVNWK9fRajakX19wtrfJKGE3xNWeubnV5VpYxETUvPX
2026-04-12T14:17:02.901Z,NicGVyEGbJhn52gBtqWM18zKGzRSe9js98AZnRwY8eS,NEGRON,filter_2,2026-04-11T21:33:59.338Z,1003,4.996e-07,131072,8388608,raydium,2rXfTt3Xh699TtAUruiz6Vs7vdTrsn55bEm2FKt9y8yE
2026-04-12T14:21:58.742Z,EamB9vqC1b4aoyPR6t3hn6CWf48yny84xzCuFJMbpump,Peepa,filter_1,2026-04-12T14:16:33.657Z,5,8.333e-05,32768,524288,pumpswap,BoB3Dvi5eLGFr86BexBPNY2ZXwMNjWhx3FVCep3X2Vj6
2026-04-12T14:21:58.902Z,13m54axqgkPrgPwnmtTAHRJdadkFbMs4ZmKqB49Wpump,GEM,filter_2,2026-04-12T11:48:33.565Z,153,1.921e-06,4096,2097152,pumpswap,8PZhqXg4sEZupgRwg2U144eNeXVmYBfbzbgxsQXWQgdS
2026-04-12T14:21:59.061Z,69iu9bE7VYtuen7oNubgHAaYqpyaM6ZvCwoudsoMpump,Audit,filter_1,2026-04-12T10:43:35.244Z,218,7.024e-06,8192,262144,pumpswap,Ap365bq7KpWPse9sRuHnMTwek2XSQ77setZ8hxujTrL6
2026-04-12T14:21:59.264Z,H3UfCEUfNyK5dSQcw2yYBU7pLw5qjE6PeHfmdPQxpump,Monobloc,filter_1,2026-04-12T09:38:36.718Z,283,3.126e-06,,65536,pumpfun,C8mK6iGgSueLyavm4jhqJBMMWsqcj25QfGgFs8j6t9Nu
2026-04-12T14:21:59.447Z,GjHiCdvt1Zeti6rdSJeCqdkNMQKcxCkShRss5rGLWwbF,GNWR,filter_2,2026-04-12T09:33:57.750Z,288,0.007901,32,4194304,raydium,38Wyp9ogTNGUgLeKt6FV7dpWurAtTobbo6T7fgT51uG9
2026-04-12T14:21:59.629Z,39byoLyCVzpfRoiChZoN96dLCoHF8JEPH5h9Qodypump,YN,filter_1,2026-04-12T09:28:36.955Z,293,8.658e-06,8192,262144,pumpswap,DALWM8Ph5yjigv2AtHYQCMAuCHXkZMQo3P3gqaJuv695
2026-04-12T14:21:59.790Z,GiE8Bf4Y2YHvwKutQUFeR2yaAMPWbkngLvezTWwapump,🪑,filter_2,2026-04-12T08:48:02.735Z,334,0.0003306,65536,2097152,pumpswap,47yRWYckWUBUrbSN7AmhanMDhfydURQf5G3fjhotpjy5
2026-04-12T14:21:59.951Z,AiC9FhtXA1iNGW77MocxebVc9U5baQa4nkUFQhtbpump,Sisyphus,filter_4,2026-04-12T08:12:35.668Z,369,4.369e-06,4096,262144,pumpswap,9wFPVtrpbnuKYpLJLYZDhWSFb7R6dVbkmePUVP4zAjd
2026-04-12T14:22:00.110Z,BvHneYfnCYjfZE52iUhK4bqkcqJjYjMQUJb5FPhCpump,ALONSHOUSE,filter_2,2026-04-12T03:51:56.774Z,630,0.0004682,65536,2097152,pumpswap,6KuCNvUu9NsgTFyo1vQGfeFqsoKq7Jq19LhZeQwtMMVr
2026-04-12T14:22:00.306Z,7cFndW3LZJr5hdT138meuoqQRDR6HYqATxKj2CwPpump,AgentCRM,filter_1,2026-04-12T03:39:36.524Z,642,4.092e-05,16384,262144,pumpswap,9UmjwMC9BVfdCYNaa9xCJwWkJjufeVbQg8xcSqMsSSM5
2026-04-12T14:22:00.498Z,9AEtb967xTMosjp9XFhvHLhscPNYgDWc15jFAZR8pump,RƎ́V,filter_1,2026-04-12T02:44:33.253Z,697,0.0001825,32768,16384,pumpswap,EMm9RL2tHvUvygLCu9WkUMBgnu29K2kePzUuWhiSjdMU
2026-04-12T14:22:00.684Z,Hy58kFcGQuZ9qqbiJL5Ka8FPPmqfU6w4zSqNAyzbpump,Zoomer,filter_5,2026-04-12T02:21:55.989Z,720,2.236e-05,16384,524288,pumpswap,EvDD7gjtfLETpF8m8boLppTCHosWoyoy43AKSttyRia9
2026-04-12T14:22:00.870Z,AdD5EMoGMDiGXcgepXQXneB4fEZuS1QvKqDrN876pump,CRAFT,filter_1,2026-04-12T02:18:34.482Z,723,4.67e-05,16384,131072,pumpswap,Fq6wzHyzh8YXvGS7EYBSNPLs7cr3WSLBw4WCpp5Bbk9n
2026-04-12T14:22:01.056Z,8yeUyEaxBkBgcG5i22zR6JiLmVPbA3p6FUBHjFLFpump,MOG,filter_1,2026-04-12T00:53:40.689Z,808,1.974e-06,4096,262144,pumpswap,8jL5pBxjqyhXzGwYDYZhvdifvuSiP7KWzU8ZCGgssRzk
2026-04-12T14:22:01.237Z,VXnX59zHN7j8FrA971nJij7q2RvPSPa3TioV236pump,COG,filter_1,2026-04-11T23:57:38.153Z,864,2.694e-06,4096,262144,pumpswap,DsEyaDvzkJHPnSwDU251c5pCP1V466nMpwh8KQzEeUuU
2026-04-12T14:22:01.422Z,3SNNxUYmrXUc1mQbtV2NGQTuGKVji4y3MWhyESTypump,CASSIE,filter_4,2026-04-11T23:18:36.635Z,903,2.291e-05,16384,131072,pumpswap,B6nQAKbBTm8xTFHBs4xGUqMJJu6JF5mBcmpEv8MPEQ1i
2026-04-12T14:22:01.582Z,6TRyMNFbS6y444mDECfaENQrVnvZP4XzMr2fa6f8pump,Trump,filter_6,2026-04-11T21:07:35.070Z,1034,1.939e-06,4096,1048576,pumpswap,BJLaR38FZ2accuRrABzAWdiMeZ8mF3Ky5tL6q853bgBh
2026-04-12T14:22:01.764Z,AQGaTfXDcvinz6DuxfZEKKFp7hmiWDLis4FtK3chpump,Ivunka,filter_3,2026-04-11T20:41:43.544Z,1060,2.726e-06,4096,524288,pumpswap,AHBtpXJ7csokwSXddEDxPFYHcA515g234kXTBMhAVRxe
2026-04-12T14:22:01.948Z,BfZ27pSjL3L8Abm8VuRs5MLjjP21Xv5tUL81Rkyepump,WID,filter_4,2026-04-11T20:41:42.289Z,1060,1.347e-05,8192,16384,pumpswap,4zmdmfGwoNb2mfF9PJq2N7x38qpQMwBMphD3HMDx6dak
2026-04-12T14:22:02.109Z,EgiJdQ8dbQHWu1uKS6cQBPaF2sK3a7WFpkjHEgdDpump,Dodger,filter_3,2026-04-11T19:29:11.694Z,1133,1.443e-05,8192,1048576,pumpswap,7yrRRCzf429YQ1xQgdZZMy5KQ5jtkkDC7gUZWyPerhXr
2026-04-12T14:22:02.293Z,7bfbBZXpMYbNjhZ6eQ8Ch8VFAbgcz4WsrY7JtQKcpump,BOATGUY,filter_1,2026-04-11T19:27:26.855Z,1135,2.955e-06,4096,262144,pumpswap,6gALa6BfE8ce8pLYaEFsTkCtxozfbuBR5bMVK3nKeFD4
2026-04-12T14:22:02.476Z,4juv1Wq63My7Bc7rznMZTyuD4aQfRSZGW9uKqFXSpump,Asset,filter_1,2026-04-11T19:27:24.857Z,1135,4.742e-06,4096,8192,pumpswap,6g8ZTMKCKvSsVX92g4SKoBESXgrDL2cR1WLg8i7GZPV9
2026-04-12T14:22:02.669Z,Aq6XmZSohMJeRGU9WswbyQo9paEcKrTEs3xdfDFtpump,Lia,filter_1,2026-04-11T19:25:27.104Z,1137,1.708e-06,4096,524288,pumpswap,BsFk4E3Hm12Mg27XmBoDPuk27WAC78BPfN98AHHpDPcM
2026-04-12T14:22:02.832Z,AUZnnRTdybeMiHrxfueNyBgLHnu4H39kngUh84WMpump,MELANIA,filter_3,2026-04-11T19:24:02.559Z,1138,5.114e-05,16384,2097152,pumpswap,DM9Xj9x8A8SEinJdoz4SJH2vdhBdPGSZmhL7DxBgwbBy
2026-04-12T14:22:03.025Z,56MEDV2H1M7DkaikaSg5vpibaSyWhgspCxgPwQJhpump,DNIGGA,filter_1,2026-04-11T19:22:24.852Z,1140,1.87e-06,4096,65536,pumpswap,CAhVRREzXYHDvtu6iwACsei9vhv6mexsGm9hpkeVP1Kj
2026-04-12T14:22:03.210Z,A2Px3FMumMJ7W67VEp9ahFXueEyf9aHpei4TTJ5mpump,BABY,filter_3,2026-04-11T19:14:43.120Z,1147,5.702e-06,8192,1048576,pumpswap,53UgNjZDC6mXsEDTowHLmKi2Y6jzjH2Ee3ybac7jEQRQ
2026-04-12T14:22:03.408Z,wutj1cNsMWyeu9ub61knDRCwU37aVvYuCBn8ZLPj7JL,ZHONEY,filter_1,2026-04-11T19:04:35.959Z,1157,6.958e-06,8192,65536,pumpswap,CtYpMFyZqcJL7mPbDQU9o88g9QpkbzEFSC81J9FzFbF8
2026-04-12T14:22:03.568Z,4oFZFm3s8VKeCnwM2G5X5mZrsPivDyzCLvDYZmVipump,ClawFC,filter_1,2026-04-11T19:00:33.206Z,1161,1.057e-05,8192,131072,pumpswap,BnbuPvQe2TNdhS7CSdsCGS1WY7FYu2kZti9adrqkqpZh
2026-04-12T14:22:03.728Z,5rniCpoweGXgsLZZDohw3fZA5yuXgt87df6GHAxWpump,MOTHER,filter_1,2026-04-11T18:17:31.505Z,1204,6.126e-06,8192,32768,pumpswap,7dzsEYbuQoK1LLAiae7riygcwphP7BTbK6r7Vv94p28M
2026-04-12T14:26:58.741Z,3mLqHini8K337BkUorhMfcsKLNGLXNTeXWcBjEsKpump,TRUCK,filter_1,2026-04-12T14:10:35.901Z,16,2.603e-06,4096,32768,pumpswap,2E1Aw4oifrpvoe91zjUxKAhcKzYBogGDufve849hFBZb
2026-04-12T14:26:58.902Z,4RUKEudrEN46okm6najQhxnhs6ioKW6tzNWiCFTmpump,Wifejak,filter_5,2026-04-12T13:58:57.161Z,28,0.0003034,32768,1048576,pumpswap,3MFQirqeWSkhouwaF4h7RqFyWHtd9xdg2XP4Rns9HsYX
2026-04-12T14:26:59.064Z,8tu56X8VxiqDv6usJq4wJ1ZkMxcoLhPxYnq4ms7Ppump,dunald,filter_1,2026-04-12T13:49:36.383Z,37,2.177e-06,4096,262144,pumpswap,8YbYfseNMB8U9TLrTGgvix6zR1KdSk9ksAZqSWH7umWe
2026-04-12T14:26:59.225Z,GfKymcZ95xcJbmgYv9TTTx75f2XWt7S2uSkQVWCWpump,sydney,filter_5,2026-04-12T13:24:57.369Z,62,1.946e-06,4096,1048576,pumpswap,2fKnHjoPasvfG6LDvk85L9XbzJNWfUYBd8bfGj7MAPWq
2026-04-12T14:26:59.388Z,9BHt7aq3DFCb74kZjPY5epgVtsWKCeYX1tUWxYwDpump,YN,filter_2,2026-04-12T13:13:56.116Z,73,5.257e-05,16384,262144,pumpswap,EQqvZi6mSaQL95wWkP5vGBX6ZsAkVTqZCV88rQU1fbcY
2026-04-12T14:26:59.552Z,f5nEHwaQukCmhJTaHA5nYnUvnqc5Tpg86qSjrGspump,NA,filter_1,2026-04-12T13:06:35.363Z,80,3.46e-05,16384,262144,pumpswap,DvJ8FevLWvnB5JG26x2rhjSP9xBiS3nNsKQTTCHxp2Mi
2026-04-12T14:26:59.713Z,58VuqpXDDA9dxwKULNUnFtHVLRgJqmJYqd296BbCpump,Glowbo,filter_1,2026-04-12T13:05:34.852Z,81,6.398e-06,8192,262144,pumpswap,D9tVJgwno8LtxwUuhtVMSAzvrCKp4xtfdwhDfkZ8sZKZ
2026-04-12T14:26:59.872Z,DdpmZkfeANzQuZzt3Ycuc84awmzWkadpNnaukZaLpump,GEM,filter_1,2026-04-12T11:41:35.048Z,165,1.746e-05,8192,65536,pumpswap,C8ZtfQxMsUPmnPTtVn7qFqTx6pQcJ1advjtVQSg6Nksv
2026-04-12T14:27:00.036Z,7jZ9YMaHvtNEva4JwLWMb1SdMVWu5QkbMSYi4dwipump,Table,filter_1,2026-04-12T11:41:34.302Z,165,5.555e-06,4096,262144,pumpswap,eScaeJPmgXK75ViANd48NPzM9CpK5AW9m6rX25v8ttc
2026-04-12T14:27:00.198Z,EEebKSFGquW3jX5cFF9sKA2DwLrvGyF1MFwJBfw3bonk,BANI,filter_2,2026-04-12T10:54:00.793Z,213,9.046e-06,8192,262144,raydium,3ArVLZbgpJnsse18pigFJvuhmf2BhiCPX6XZLHF4e6i7
2026-04-12T14:27:00.359Z,2Eem6sxzq5rvdfxHDDwmJBgAXHinUEkiWnEkAKo9pump,ASHLEE,filter_2,2026-04-12T10:32:34.031Z,234,6.058e-05,16384,262144,pumpswap,96xtTNypm2x2bBCPUP9D8ETja6wjJ4e5bA4q3FvMRLYk
2026-04-12T14:27:00.521Z,34q2KmCvapecJgR6ZrtbCTrzZVtkt3a5mHEA3TuEsWYb,LOL,filter_4,2026-04-12T09:13:33.461Z,313,0.006951,262144,1048576,pumpswap,Dx5wFoszXvND6XYYAjAjUQrGLqDAUrTVH2JmHz6eJDNt
2026-04-12T14:27:00.708Z,EmtpJyHqWqH2xGvdag4DyLFNfnjDM6qTAv9QN17npump,tremp,filter_1,2026-04-12T06:53:33.876Z,453,1.856e-06,4096,262144,pumpswap,3a9vYs5m15vkxtMDLHRNagay3WuJ6FKSNJapdU3qh4rh
2026-04-12T14:27:00.898Z,4CkWXDBNqfqBT5xCon4hrGU3mwqhQ3GSwdQQ1SDnpump,STC,filter_2,2026-04-12T06:33:34.615Z,473,3.416e-05,16384,524288,pumpswap,BfcxnfNQF3cbZmdKbTNvL1fLD4dEjGhXCG9r6JS6EqB4
2026-04-12T14:27:01.085Z,ApvxrH4oet42G4mgHZTtYZ9h2yMwhNZqs7Tqu1Ebpump,NIKUTA,filter_1,2026-04-12T03:23:38.029Z,663,2.824e-06,4096,131072,pumpswap,BLzb2UKri4YMnAeqc8VgWioAz8zN62LrcDsaJB3VcK22
2026-04-12T14:27:01.247Z,D6HZ5Se3X2wEWWYsHp8Ma3wh3yWwFSSdCAFjGC4spump,Cat,filter_4,2026-04-12T03:06:34.258Z,680,2.052e-05,16384,131072,pumpswap,5g91GWPaRMg4DdCUyds858fyAzhaiTVbi563jVKhqLuT
2026-04-12T14:27:01.410Z,7Y445U5CAiLL4icyyPDonXy7zvGGML2TGjyMmwpDpump,WLFI,filter_1,2026-04-12T02:03:35.233Z,743,8.946e-05,32768,524288,pumpswap,EjzyuTwozXjagMTqqN6hjNpEyW3Q7rX3avE2otRRS8hv
2026-04-12T14:27:01.605Z,BRKFJs1jxrYBKR5sxBiuxTTbyipNBmT6GWenb3c9pump,TRUMP47,filter_5,2026-04-12T00:39:59.430Z,827,1.631e-06,4096,524288,pumpswap,EgcA2ShdHZK4Sg7N6H7yGzTjxpTpunRrbzw231wLWeDh
2026-04-12T14:27:01.772Z,5xjSweEeRNTNHXpEiyp1XBUB2D3MMYCuU8khzgiZpump,FUDGE,filter_2,2026-04-12T00:02:34.174Z,864,2.092e-05,8192,65536,pumpswap,GXBAKvHDgXXwxWWGWmrepfpXstnghwVGEqBmAq2EQgQZ
2026-04-12T14:27:01.966Z,AQiYy4igZ6jeUS5nbTymwLaQfnEg5BAjjZsP1EZkEjBU,Dolores,filter_1,2026-04-11T23:52:34.399Z,874,3.517e-06,4096,65536,pumpswap,9MiNdc2ywiYUm2nr2KTGo8UCmjk3TdKLCZ2B4aAtZ9hq
2026-04-12T14:27:02.173Z,yLT7rHdaNkfnqfg5pxXxCTrx1Rsnagod16DnpKBpump,Nilly,filter_1,2026-04-11T23:45:34.391Z,881,2.488e-06,4096,131072,pumpswap,8vjkK4SAhZ6zkX7gox9DQEmpX7MbiKsp2gRjD4dAS21V
2026-04-12T14:27:02.337Z,9oVRwbx3Ray9bK7CKhqwfqY5NaWYjG3xj1DNYg2mpump,brainlet,filter_2,2026-04-11T22:44:55.606Z,942,1.8e-06,4096,524288,pumpswap,2PW331e9D7pmdELA1m1Uyq6pnEuj5BWB8m7dcBGgJ5xo
2026-04-12T14:27:02.499Z,9XhhPHKnvSd9R8Ygr8kHR6n8YNYd7SMzRHHPFeb2pump,doomer,filter_1,2026-04-11T22:10:33.845Z,976,1.693e-06,4096,262144,pumpswap,DqTPbpJo2UfNFy2v4dHjMoFg9S2wid1RZuF8qfwcJrHx
2026-04-12T14:27:02.696Z,2wwDzQLc3pwgcHrkCadio4Hn3bzYyCptRAewJAEXdoge,MARKC,filter_1,2026-04-11T21:57:35.843Z,989,3.336e-06,4096,65536,meteora,2rVNWK9fRajakX19wtrfJKGE3xNWeubnV5VpYxETUvPX
2026-04-12T14:27:02.882Z,NicGVyEGbJhn52gBtqWM18zKGzRSe9js98AZnRwY8eS,NEGRON,filter_2,2026-04-11T21:33:59.338Z,1013,5.088e-07,131072,8388608,raydium,2rXfTt3Xh699TtAUruiz6Vs7vdTrsn55bEm2FKt9y8yE
2026-04-12T14:31:58.734Z,EamB9vqC1b4aoyPR6t3hn6CWf48yny84xzCuFJMbpump,Peepa,filter_1,2026-04-12T14:31:33.902Z,0,7.265e-05,32768,524288,pumpswap,BoB3Dvi5eLGFr86BexBPNY2ZXwMNjWhx3FVCep3X2Vj6
2026-04-12T14:31:58.894Z,13m54axqgkPrgPwnmtTAHRJdadkFbMs4ZmKqB49Wpump,GEM,filter_2,2026-04-12T11:48:33.565Z,163,1.921e-06,4096,2097152,pumpswap,8PZhqXg4sEZupgRwg2U144eNeXVmYBfbzbgxsQXWQgdS
2026-04-12T14:31:59.054Z,69iu9bE7VYtuen7oNubgHAaYqpyaM6ZvCwoudsoMpump,Audit,filter_1,2026-04-12T10:43:35.244Z,228,6.886e-06,8192,262144,pumpswap,Ap365bq7KpWPse9sRuHnMTwek2XSQ77setZ8hxujTrL6
2026-04-12T14:31:59.248Z,H3UfCEUfNyK5dSQcw2yYBU7pLw5qjE6PeHfmdPQxpump,Monobloc,filter_1,2026-04-12T09:38:36.718Z,293,3.126e-06,,65536,pumpfun,C8mK6iGgSueLyavm4jhqJBMMWsqcj25QfGgFs8j6t9Nu
2026-04-12T14:31:59.452Z,GjHiCdvt1Zeti6rdSJeCqdkNMQKcxCkShRss5rGLWwbF,GNWR,filter_2,2026-04-12T09:33:57.750Z,298,0.007901,32,4194304,raydium,38Wyp9ogTNGUgLeKt6FV7dpWurAtTobbo6T7fgT51uG9
2026-04-12T14:31:59.637Z,39byoLyCVzpfRoiChZoN96dLCoHF8JEPH5h9Qodypump,YN,filter_1,2026-04-12T09:28:36.955Z,303,8.087e-06,8192,262144,pumpswap,DALWM8Ph5yjigv2AtHYQCMAuCHXkZMQo3P3gqaJuv695
2026-04-12T14:31:59.799Z,GiE8Bf4Y2YHvwKutQUFeR2yaAMPWbkngLvezTWwapump,🪑,filter_2,2026-04-12T08:48:02.735Z,344,0.000245,32768,2097152,pumpswap,47yRWYckWUBUrbSN7AmhanMDhfydURQf5G3fjhotpjy5
2026-04-12T14:31:59.959Z,AiC9FhtXA1iNGW77MocxebVc9U5baQa4nkUFQhtbpump,Sisyphus,filter_4,2026-04-12T08:12:35.668Z,379,5.309e-06,4096,262144,pumpswap,9wFPVtrpbnuKYpLJLYZDhWSFb7R6dVbkmePUVP4zAjd
2026-04-12T14:32:00.123Z,BvHneYfnCYjfZE52iUhK4bqkcqJjYjMQUJb5FPhCpump,ALONSHOUSE,filter_2,2026-04-12T03:51:56.774Z,640,0.0005497,65536,2097152,pumpswap,6KuCNvUu9NsgTFyo1vQGfeFqsoKq7Jq19LhZeQwtMMVr
2026-04-12T14:32:00.284Z,7cFndW3LZJr5hdT138meuoqQRDR6HYqATxKj2CwPpump,AgentCRM,filter_1,2026-04-12T03:39:36.524Z,652,3.726e-05,16384,262144,pumpswap,9UmjwMC9BVfdCYNaa9xCJwWkJjufeVbQg8xcSqMsSSM5
2026-04-12T14:32:00.445Z,9AEtb967xTMosjp9XFhvHLhscPNYgDWc15jFAZR8pump,RƎ́V,filter_1,2026-04-12T02:44:33.253Z,707,0.0001787,32768,16384,pumpswap,EMm9RL2tHvUvygLCu9WkUMBgnu29K2kePzUuWhiSjdMU
2026-04-12T14:32:00.639Z,Hy58kFcGQuZ9qqbiJL5Ka8FPPmqfU6w4zSqNAyzbpump,Zoomer,filter_5,2026-04-12T02:21:55.989Z,730,2.081e-05,8192,524288,pumpswap,EvDD7gjtfLETpF8m8boLppTCHosWoyoy43AKSttyRia9
2026-04-12T14:32:00.799Z,AdD5EMoGMDiGXcgepXQXneB4fEZuS1QvKqDrN876pump,CRAFT,filter_1,2026-04-12T02:18:34.482Z,733,4.523e-05,16384,131072,pumpswap,Fq6wzHyzh8YXvGS7EYBSNPLs7cr3WSLBw4WCpp5Bbk9n
2026-04-12T14:32:00.960Z,8yeUyEaxBkBgcG5i22zR6JiLmVPbA3p6FUBHjFLFpump,MOG,filter_1,2026-04-12T00:53:40.689Z,818,1.974e-06,4096,262144,pumpswap,8jL5pBxjqyhXzGwYDYZhvdifvuSiP7KWzU8ZCGgssRzk
2026-04-12T14:32:01.122Z,VXnX59zHN7j8FrA971nJij7q2RvPSPa3TioV236pump,COG,filter_1,2026-04-11T23:57:38.153Z,874,2.694e-06,4096,262144,pumpswap,DsEyaDvzkJHPnSwDU251c5pCP1V466nMpwh8KQzEeUuU
2026-04-12T14:32:01.309Z,3SNNxUYmrXUc1mQbtV2NGQTuGKVji4y3MWhyESTypump,CASSIE,filter_4,2026-04-11T23:18:36.635Z,913,2.253e-05,8192,131072,pumpswap,B6nQAKbBTm8xTFHBs4xGUqMJJu6JF5mBcmpEv8MPEQ1i
2026-04-12T14:32:01.471Z,6TRyMNFbS6y444mDECfaENQrVnvZP4XzMr2fa6f8pump,Trump,filter_6,2026-04-11T21:07:35.070Z,1044,1.939e-06,4096,1048576,pumpswap,BJLaR38FZ2accuRrABzAWdiMeZ8mF3Ky5tL6q853bgBh
2026-04-12T14:32:01.633Z,AQGaTfXDcvinz6DuxfZEKKFp7hmiWDLis4FtK3chpump,Ivunka,filter_3,2026-04-11T20:41:43.544Z,1070,2.726e-06,4096,524288,pumpswap,AHBtpXJ7csokwSXddEDxPFYHcA515g234kXTBMhAVRxe
2026-04-12T14:32:01.835Z,BfZ27pSjL3L8Abm8VuRs5MLjjP21Xv5tUL81Rkyepump,WID,filter_4,2026-04-11T20:41:42.289Z,1070,1.347e-05,8192,16384,pumpswap,4zmdmfGwoNb2mfF9PJq2N7x38qpQMwBMphD3HMDx6dak
2026-04-12T14:32:02.001Z,EgiJdQ8dbQHWu1uKS6cQBPaF2sK3a7WFpkjHEgdDpump,Dodger,filter_3,2026-04-11T19:29:11.694Z,1143,1.402e-05,8192,1048576,pumpswap,7yrRRCzf429YQ1xQgdZZMy5KQ5jtkkDC7gUZWyPerhXr
2026-04-12T14:32:02.162Z,7bfbBZXpMYbNjhZ6eQ8Ch8VFAbgcz4WsrY7JtQKcpump,BOATGUY,filter_1,2026-04-11T19:27:26.855Z,1145,2.831e-06,4096,262144,pumpswap,6gALa6BfE8ce8pLYaEFsTkCtxozfbuBR5bMVK3nKeFD4
2026-04-12T14:32:02.357Z,4juv1Wq63My7Bc7rznMZTyuD4aQfRSZGW9uKqFXSpump,Asset,filter_1,2026-04-11T19:27:24.857Z,1145,4.649e-06,4096,8192,pumpswap,6g8ZTMKCKvSsVX92g4SKoBESXgrDL2cR1WLg8i7GZPV9
2026-04-12T14:32:02.518Z,Aq6XmZSohMJeRGU9WswbyQo9paEcKrTEs3xdfDFtpump,Lia,filter_1,2026-04-11T19:25:27.104Z,1147,1.708e-06,4096,524288,pumpswap,BsFk4E3Hm12Mg27XmBoDPuk27WAC78BPfN98AHHpDPcM
2026-04-12T14:32:02.680Z,AUZnnRTdybeMiHrxfueNyBgLHnu4H39kngUh84WMpump,MELANIA,filter_3,2026-04-11T19:24:02.559Z,1148,5.077e-05,16384,2097152,pumpswap,DM9Xj9x8A8SEinJdoz4SJH2vdhBdPGSZmhL7DxBgwbBy
2026-04-12T14:32:02.866Z,56MEDV2H1M7DkaikaSg5vpibaSyWhgspCxgPwQJhpump,DNIGGA,filter_1,2026-04-11T19:22:24.852Z,1150,1.87e-06,4096,65536,pumpswap,CAhVRREzXYHDvtu6iwACsei9vhv6mexsGm9hpkeVP1Kj
2026-04-12T14:32:03.025Z,A2Px3FMumMJ7W67VEp9ahFXueEyf9aHpei4TTJ5mpump,BABY,filter_3,2026-04-11T19:14:43.120Z,1157,5.519e-06,8192,1048576,pumpswap,53UgNjZDC6mXsEDTowHLmKi2Y6jzjH2Ee3ybac7jEQRQ
2026-04-12T14:32:03.214Z,wutj1cNsMWyeu9ub61knDRCwU37aVvYuCBn8ZLPj7JL,ZHONEY,filter_1,2026-04-11T19:04:35.959Z,1167,6.944e-06,8192,65536,pumpswap,CtYpMFyZqcJL7mPbDQU9o88g9QpkbzEFSC81J9FzFbF8
2026-04-12T14:32:03.414Z,4oFZFm3s8VKeCnwM2G5X5mZrsPivDyzCLvDYZmVipump,ClawFC,filter_1,2026-04-11T19:00:33.206Z,1171,9.683e-06,8192,131072,pumpswap,BnbuPvQe2TNdhS7CSdsCGS1WY7FYu2kZti9adrqkqpZh
2026-04-12T14:32:03.574Z,5rniCpoweGXgsLZZDohw3fZA5yuXgt87df6GHAxWpump,MOTHER,filter_1,2026-04-11T18:17:31.505Z,1214,6.126e-06,8192,32768,pumpswap,7dzsEYbuQoK1LLAiae7riygcwphP7BTbK6r7Vv94p28M
2026-04-12T14:36:58.745Z,3mLqHini8K337BkUorhMfcsKLNGLXNTeXWcBjEsKpump,TRUCK,filter_1,2026-04-12T14:10:35.901Z,26,2.588e-06,4096,32768,pumpswap,2E1Aw4oifrpvoe91zjUxKAhcKzYBogGDufve849hFBZb
2026-04-12T14:36:58.907Z,4RUKEudrEN46okm6najQhxnhs6ioKW6tzNWiCFTmpump,Wifejak,filter_5,2026-04-12T13:58:57.161Z,38,0.0002784,32768,1048576,pumpswap,3MFQirqeWSkhouwaF4h7RqFyWHtd9xdg2XP4Rns9HsYX
2026-04-12T14:36:59.068Z,8tu56X8VxiqDv6usJq4wJ1ZkMxcoLhPxYnq4ms7Ppump,dunald,filter_1,2026-04-12T13:49:36.383Z,47,2.177e-06,4096,262144,pumpswap,8YbYfseNMB8U9TLrTGgvix6zR1KdSk9ksAZqSWH7umWe
2026-04-12T14:36:59.230Z,GfKymcZ95xcJbmgYv9TTTx75f2XWt7S2uSkQVWCWpump,sydney,filter_5,2026-04-12T13:24:57.369Z,72,1.897e-06,4096,1048576,pumpswap,2fKnHjoPasvfG6LDvk85L9XbzJNWfUYBd8bfGj7MAPWq
2026-04-12T14:36:59.390Z,9BHt7aq3DFCb74kZjPY5epgVtsWKCeYX1tUWxYwDpump,YN,filter_2,2026-04-12T13:13:56.116Z,83,5.357e-05,16384,262144,pumpswap,EQqvZi6mSaQL95wWkP5vGBX6ZsAkVTqZCV88rQU1fbcY
2026-04-12T14:36:59.551Z,f5nEHwaQukCmhJTaHA5nYnUvnqc5Tpg86qSjrGspump,NA,filter_1,2026-04-12T13:06:35.363Z,90,3.113e-05,16384,262144,pumpswap,DvJ8FevLWvnB5JG26x2rhjSP9xBiS3nNsKQTTCHxp2Mi
2026-04-12T14:36:59.712Z,58VuqpXDDA9dxwKULNUnFtHVLRgJqmJYqd296BbCpump,Glowbo,filter_1,2026-04-12T13:05:34.852Z,91,6.465e-06,8192,262144,pumpswap,D9tVJgwno8LtxwUuhtVMSAzvrCKp4xtfdwhDfkZ8sZKZ
2026-04-12T14:36:59.874Z,DdpmZkfeANzQuZzt3Ycuc84awmzWkadpNnaukZaLpump,GEM,filter_1,2026-04-12T11:41:35.048Z,175,1.465e-05,8192,65536,pumpswap,C8ZtfQxMsUPmnPTtVn7qFqTx6pQcJ1advjtVQSg6Nksv
2026-04-12T14:37:00.037Z,7jZ9YMaHvtNEva4JwLWMb1SdMVWu5QkbMSYi4dwipump,Table,filter_1,2026-04-12T11:41:34.302Z,175,4.684e-06,4096,262144,pumpswap,eScaeJPmgXK75ViANd48NPzM9CpK5AW9m6rX25v8ttc
2026-04-12T14:37:00.199Z,EEebKSFGquW3jX5cFF9sKA2DwLrvGyF1MFwJBfw3bonk,BANI,filter_2,2026-04-12T10:54:00.793Z,223,8.004e-06,8192,262144,raydium,3ArVLZbgpJnsse18pigFJvuhmf2BhiCPX6XZLHF4e6i7
2026-04-12T14:37:00.361Z,2Eem6sxzq5rvdfxHDDwmJBgAXHinUEkiWnEkAKo9pump,ASHLEE,filter_2,2026-04-12T10:32:34.031Z,244,4.41e-05,16384,262144,pumpswap,96xtTNypm2x2bBCPUP9D8ETja6wjJ4e5bA4q3FvMRLYk
2026-04-12T14:37:00.522Z,34q2KmCvapecJgR6ZrtbCTrzZVtkt3a5mHEA3TuEsWYb,LOL,filter_4,2026-04-12T09:13:33.461Z,323,0.006916,262144,1048576,pumpswap,Dx5wFoszXvND6XYYAjAjUQrGLqDAUrTVH2JmHz6eJDNt
2026-04-12T14:37:00.683Z,EmtpJyHqWqH2xGvdag4DyLFNfnjDM6qTAv9QN17npump,tremp,filter_1,2026-04-12T06:53:33.876Z,463,1.856e-06,4096,262144,pumpswap,3a9vYs5m15vkxtMDLHRNagay3WuJ6FKSNJapdU3qh4rh
2026-04-12T14:37:00.845Z,4CkWXDBNqfqBT5xCon4hrGU3mwqhQ3GSwdQQ1SDnpump,STC,filter_2,2026-04-12T06:33:34.615Z,483,2.745e-05,16384,524288,pumpswap,BfcxnfNQF3cbZmdKbTNvL1fLD4dEjGhXCG9r6JS6EqB4
2026-04-12T14:37:01.040Z,ApvxrH4oet42G4mgHZTtYZ9h2yMwhNZqs7Tqu1Ebpump,NIKUTA,filter_1,2026-04-12T03:23:38.029Z,673,2.619e-06,4096,131072,pumpswap,BLzb2UKri4YMnAeqc8VgWioAz8zN62LrcDsaJB3VcK22
2026-04-12T14:37:01.224Z,D6HZ5Se3X2wEWWYsHp8Ma3wh3yWwFSSdCAFjGC4spump,Cat,filter_4,2026-04-12T03:06:34.258Z,690,2.185e-05,16384,131072,pumpswap,5g91GWPaRMg4DdCUyds858fyAzhaiTVbi563jVKhqLuT
2026-04-12T14:37:01.386Z,7Y445U5CAiLL4icyyPDonXy7zvGGML2TGjyMmwpDpump,WLFI,filter_1,2026-04-12T02:03:35.233Z,753,7.955e-05,16384,524288,pumpswap,EjzyuTwozXjagMTqqN6hjNpEyW3Q7rX3avE2otRRS8hv
2026-04-12T14:37:01.549Z,BRKFJs1jxrYBKR5sxBiuxTTbyipNBmT6GWenb3c9pump,TRUMP47,filter_5,2026-04-12T00:39:59.430Z,837,1.609e-06,4096,524288,pumpswap,EgcA2ShdHZK4Sg7N6H7yGzTjxpTpunRrbzw231wLWeDh
2026-04-12T14:37:01.746Z,5xjSweEeRNTNHXpEiyp1XBUB2D3MMYCuU8khzgiZpump,FUDGE,filter_2,2026-04-12T00:02:34.174Z,874,2.1e-05,8192,65536,pumpswap,GXBAKvHDgXXwxWWGWmrepfpXstnghwVGEqBmAq2EQgQZ
2026-04-12T14:37:01.943Z,AQiYy4igZ6jeUS5nbTymwLaQfnEg5BAjjZsP1EZkEjBU,Dolores,filter_1,2026-04-11T23:52:34.399Z,884,3.49e-06,4096,65536,pumpswap,9MiNdc2ywiYUm2nr2KTGo8UCmjk3TdKLCZ2B4aAtZ9hq
2026-04-12T14:37:02.106Z,yLT7rHdaNkfnqfg5pxXxCTrx1Rsnagod16DnpKBpump,Nilly,filter_1,2026-04-11T23:45:34.391Z,891,2.488e-06,4096,131072,pumpswap,8vjkK4SAhZ6zkX7gox9DQEmpX7MbiKsp2gRjD4dAS21V
2026-04-12T14:37:02.268Z,9oVRwbx3Ray9bK7CKhqwfqY5NaWYjG3xj1DNYg2mpump,brainlet,filter_2,2026-04-11T22:44:55.606Z,952,1.8e-06,4096,524288,pumpswap,2PW331e9D7pmdELA1m1Uyq6pnEuj5BWB8m7dcBGgJ5xo
2026-04-12T14:37:02.429Z,9XhhPHKnvSd9R8Ygr8kHR6n8YNYd7SMzRHHPFeb2pump,doomer,filter_1,2026-04-11T22:10:33.845Z,986,1.693e-06,4096,262144,pumpswap,DqTPbpJo2UfNFy2v4dHjMoFg9S2wid1RZuF8qfwcJrHx
2026-04-12T14:37:02.614Z,2wwDzQLc3pwgcHrkCadio4Hn3bzYyCptRAewJAEXdoge,MARKC,filter_1,2026-04-11T21:57:35.843Z,999,3.076e-06,4096,65536,meteora,2rVNWK9fRajakX19wtrfJKGE3xNWeubnV5VpYxETUvPX
2026-04-12T14:37:02.800Z,NicGVyEGbJhn52gBtqWM18zKGzRSe9js98AZnRwY8eS,NEGRON,filter_2,2026-04-11T21:33:59.338Z,1023,4.925e-07,131072,8388608,raydium,2rXfTt3Xh699TtAUruiz6Vs7vdTrsn55bEm2FKt9y8yE
2026-04-12T14:41:58.728Z,EamB9vqC1b4aoyPR6t3hn6CWf48yny84xzCuFJMbpump,Peepa,filter_1,2026-04-12T14:37:33.673Z,4,8.795e-05,32768,524288,pumpswap,BoB3Dvi5eLGFr86BexBPNY2ZXwMNjWhx3FVCep3X2Vj6
2026-04-12T14:41:58.889Z,13m54axqgkPrgPwnmtTAHRJdadkFbMs4ZmKqB49Wpump,GEM,filter_2,2026-04-12T11:48:33.565Z,173,1.937e-06,4096,2097152,pumpswap,8PZhqXg4sEZupgRwg2U144eNeXVmYBfbzbgxsQXWQgdS
2026-04-12T14:41:59.049Z,69iu9bE7VYtuen7oNubgHAaYqpyaM6ZvCwoudsoMpump,Audit,filter_1,2026-04-12T10:43:35.244Z,238,6.892e-06,8192,262144,pumpswap,Ap365bq7KpWPse9sRuHnMTwek2XSQ77setZ8hxujTrL6
2026-04-12T14:41:59.210Z,H3UfCEUfNyK5dSQcw2yYBU7pLw5qjE6PeHfmdPQxpump,Monobloc,filter_1,2026-04-12T09:38:36.718Z,303,3.095e-06,,65536,pumpfun,C8mK6iGgSueLyavm4jhqJBMMWsqcj25QfGgFs8j6t9Nu
2026-04-12T14:41:59.403Z,GjHiCdvt1Zeti6rdSJeCqdkNMQKcxCkShRss5rGLWwbF,GNWR,filter_2,2026-04-12T09:33:57.750Z,308,0.007901,32,4194304,raydium,38Wyp9ogTNGUgLeKt6FV7dpWurAtTobbo6T7fgT51uG9
2026-04-12T14:41:59.592Z,39byoLyCVzpfRoiChZoN96dLCoHF8JEPH5h9Qodypump,YN,filter_1,2026-04-12T09:28:36.955Z,313,8.929e-06,8192,262144,pumpswap,DALWM8Ph5yjigv2AtHYQCMAuCHXkZMQo3P3gqaJuv695
2026-04-12T14:41:59.764Z,GiE8Bf4Y2YHvwKutQUFeR2yaAMPWbkngLvezTWwapump,🪑,filter_2,2026-04-12T08:48:02.735Z,354,0.0002367,32768,2097152,pumpswap,47yRWYckWUBUrbSN7AmhanMDhfydURQf5G3fjhotpjy5
2026-04-12T14:41:59.924Z,AiC9FhtXA1iNGW77MocxebVc9U5baQa4nkUFQhtbpump,Sisyphus,filter_4,2026-04-12T08:12:35.668Z,389,4.456e-06,4096,262144,pumpswap,9wFPVtrpbnuKYpLJLYZDhWSFb7R6dVbkmePUVP4zAjd
2026-04-12T14:42:00.084Z,BvHneYfnCYjfZE52iUhK4bqkcqJjYjMQUJb5FPhCpump,ALONSHOUSE,filter_2,2026-04-12T03:51:56.774Z,650,0.0007359,65536,2097152,pumpswap,6KuCNvUu9NsgTFyo1vQGfeFqsoKq7Jq19LhZeQwtMMVr
2026-04-12T14:42:00.270Z,7cFndW3LZJr5hdT138meuoqQRDR6HYqATxKj2CwPpump,AgentCRM,filter_1,2026-04-12T03:39:36.524Z,662,3.643e-05,16384,262144,pumpswap,9UmjwMC9BVfdCYNaa9xCJwWkJjufeVbQg8xcSqMsSSM5
2026-04-12T14:42:00.453Z,9AEtb967xTMosjp9XFhvHLhscPNYgDWc15jFAZR8pump,RƎ́V,filter_1,2026-04-12T02:44:33.253Z,717,0.0001778,32768,16384,pumpswap,EMm9RL2tHvUvygLCu9WkUMBgnu29K2kePzUuWhiSjdMU
2026-04-12T14:42:00.637Z,Hy58kFcGQuZ9qqbiJL5Ka8FPPmqfU6w4zSqNAyzbpump,Zoomer,filter_5,2026-04-12T02:21:55.989Z,740,1.567e-05,8192,524288,pumpswap,EvDD7gjtfLETpF8m8boLppTCHosWoyoy43AKSttyRia9
2026-04-12T14:42:00.819Z,AdD5EMoGMDiGXcgepXQXneB4fEZuS1QvKqDrN876pump,CRAFT,filter_1,2026-04-12T02:18:34.482Z,743,4.293e-05,16384,131072,pumpswap,Fq6wzHyzh8YXvGS7EYBSNPLs7cr3WSLBw4WCpp5Bbk9n
2026-04-12T14:42:01.004Z,8yeUyEaxBkBgcG5i22zR6JiLmVPbA3p6FUBHjFLFpump,MOG,filter_1,2026-04-12T00:53:40.689Z,828,1.974e-06,4096,262144,pumpswap,8jL5pBxjqyhXzGwYDYZhvdifvuSiP7KWzU8ZCGgssRzk
2026-04-12T14:42:01.194Z,VXnX59zHN7j8FrA971nJij7q2RvPSPa3TioV236pump,COG,filter_1,2026-04-11T23:57:38.153Z,884,2.678e-06,4096,262144,pumpswap,DsEyaDvzkJHPnSwDU251c5pCP1V466nMpwh8KQzEeUuU
2026-04-12T14:42:01.388Z,3SNNxUYmrXUc1mQbtV2NGQTuGKVji4y3MWhyESTypump,CASSIE,filter_4,2026-04-11T23:18:36.635Z,923,2.253e-05,8192,131072,pumpswap,B6nQAKbBTm8xTFHBs4xGUqMJJu6JF5mBcmpEv8MPEQ1i
2026-04-12T14:42:01.553Z,6TRyMNFbS6y444mDECfaENQrVnvZP4XzMr2fa6f8pump,Trump,filter_6,2026-04-11T21:07:35.070Z,1054,1.939e-06,4096,1048576,pumpswap,BJLaR38FZ2accuRrABzAWdiMeZ8mF3Ky5tL6q853bgBh
2026-04-12T14:42:01.738Z,AQGaTfXDcvinz6DuxfZEKKFp7hmiWDLis4FtK3chpump,Ivunka,filter_3,2026-04-11T20:41:43.544Z,1080,2.712e-06,4096,524288,pumpswap,AHBtpXJ7csokwSXddEDxPFYHcA515g234kXTBMhAVRxe
2026-04-12T14:42:01.935Z,BfZ27pSjL3L8Abm8VuRs5MLjjP21Xv5tUL81Rkyepump,WID,filter_4,2026-04-11T20:41:42.289Z,1080,1.347e-05,8192,16384,pumpswap,4zmdmfGwoNb2mfF9PJq2N7x38qpQMwBMphD3HMDx6dak
2026-04-12T14:42:02.096Z,EgiJdQ8dbQHWu1uKS6cQBPaF2sK3a7WFpkjHEgdDpump,Dodger,filter_3,2026-04-11T19:29:11.694Z,1153,1.396e-05,8192,1048576,pumpswap,7yrRRCzf429YQ1xQgdZZMy5KQ5jtkkDC7gUZWyPerhXr
2026-04-12T14:42:02.256Z,7bfbBZXpMYbNjhZ6eQ8Ch8VFAbgcz4WsrY7JtQKcpump,BOATGUY,filter_1,2026-04-11T19:27:26.855Z,1155,2.818e-06,4096,262144,pumpswap,6gALa6BfE8ce8pLYaEFsTkCtxozfbuBR5bMVK3nKeFD4
2026-04-12T14:42:02.460Z,4juv1Wq63My7Bc7rznMZTyuD4aQfRSZGW9uKqFXSpump,Asset,filter_1,2026-04-11T19:27:24.857Z,1155,4.859e-06,8192,8192,pumpswap,6g8ZTMKCKvSsVX92g4SKoBESXgrDL2cR1WLg8i7GZPV9
2026-04-12T14:42:02.652Z,Aq6XmZSohMJeRGU9WswbyQo9paEcKrTEs3xdfDFtpump,Lia,filter_1,2026-04-11T19:25:27.104Z,1157,1.708e-06,4096,524288,pumpswap,BsFk4E3Hm12Mg27XmBoDPuk27WAC78BPfN98AHHpDPcM
2026-04-12T14:42:02.843Z,AUZnnRTdybeMiHrxfueNyBgLHnu4H39kngUh84WMpump,MELANIA,filter_3,2026-04-11T19:24:02.559Z,1158,5.048e-05,16384,2097152,pumpswap,DM9Xj9x8A8SEinJdoz4SJH2vdhBdPGSZmhL7DxBgwbBy
2026-04-12T14:42:03.067Z,56MEDV2H1M7DkaikaSg5vpibaSyWhgspCxgPwQJhpump,DNIGGA,filter_1,2026-04-11T19:22:24.852Z,1160,1.763e-06,4096,65536,pumpswap,CAhVRREzXYHDvtu6iwACsei9vhv6mexsGm9hpkeVP1Kj
2026-04-12T14:42:03.228Z,A2Px3FMumMJ7W67VEp9ahFXueEyf9aHpei4TTJ5mpump,BABY,filter_3,2026-04-11T19:14:43.120Z,1167,5.495e-06,8192,1048576,pumpswap,53UgNjZDC6mXsEDTowHLmKi2Y6jzjH2Ee3ybac7jEQRQ
2026-04-12T14:42:03.413Z,wutj1cNsMWyeu9ub61knDRCwU37aVvYuCBn8ZLPj7JL,ZHONEY,filter_1,2026-04-11T19:04:35.959Z,1177,8.208e-06,8192,65536,pumpswap,CtYpMFyZqcJL7mPbDQU9o88g9QpkbzEFSC81J9FzFbF8
2026-04-12T14:42:03.572Z,4oFZFm3s8VKeCnwM2G5X5mZrsPivDyzCLvDYZmVipump,ClawFC,filter_1,2026-04-11T19:00:33.206Z,1181,9.091e-06,8192,131072,pumpswap,BnbuPvQe2TNdhS7CSdsCGS1WY7FYu2kZti9adrqkqpZh
2026-04-12T14:42:03.731Z,5rniCpoweGXgsLZZDohw3fZA5yuXgt87df6GHAxWpump,MOTHER,filter_1,2026-04-11T18:17:31.505Z,1224,6.126e-06,8192,32768,pumpswap,7dzsEYbuQoK1LLAiae7riygcwphP7BTbK6r7Vv94p28M
2026-04-12T14:46:58.764Z,3mLqHini8K337BkUorhMfcsKLNGLXNTeXWcBjEsKpump,TRUCK,filter_1,2026-04-12T14:10:35.901Z,36,2.588e-06,4096,32768,pumpswap,2E1Aw4oifrpvoe91zjUxKAhcKzYBogGDufve849hFBZb
2026-04-12T14:46:58.923Z,4RUKEudrEN46okm6najQhxnhs6ioKW6tzNWiCFTmpump,Wifejak,filter_5,2026-04-12T13:58:57.161Z,48,0.0003006,32768,1048576,pumpswap,3MFQirqeWSkhouwaF4h7RqFyWHtd9xdg2XP4Rns9HsYX
2026-04-12T14:46:59.082Z,8tu56X8VxiqDv6usJq4wJ1ZkMxcoLhPxYnq4ms7Ppump,dunald,filter_1,2026-04-12T13:49:36.383Z,57,2.177e-06,4096,262144,pumpswap,8YbYfseNMB8U9TLrTGgvix6zR1KdSk9ksAZqSWH7umWe
2026-04-12T14:46:59.291Z,GfKymcZ95xcJbmgYv9TTTx75f2XWt7S2uSkQVWCWpump,sydney,filter_5,2026-04-12T13:24:57.369Z,82,1.884e-06,4096,1048576,pumpswap,2fKnHjoPasvfG6LDvk85L9XbzJNWfUYBd8bfGj7MAPWq
2026-04-12T14:46:59.450Z,9BHt7aq3DFCb74kZjPY5epgVtsWKCeYX1tUWxYwDpump,YN,filter_2,2026-04-12T13:13:56.116Z,93,5.903e-05,16384,262144,pumpswap,EQqvZi6mSaQL95wWkP5vGBX6ZsAkVTqZCV88rQU1fbcY
2026-04-12T14:46:59.610Z,f5nEHwaQukCmhJTaHA5nYnUvnqc5Tpg86qSjrGspump,NA,filter_1,2026-04-12T13:06:35.363Z,100,2.788e-05,16384,262144,pumpswap,DvJ8FevLWvnB5JG26x2rhjSP9xBiS3nNsKQTTCHxp2Mi
2026-04-12T14:46:59.771Z,58VuqpXDDA9dxwKULNUnFtHVLRgJqmJYqd296BbCpump,Glowbo,filter_1,2026-04-12T13:05:34.852Z,101,5.841e-06,8192,262144,pumpswap,D9tVJgwno8LtxwUuhtVMSAzvrCKp4xtfdwhDfkZ8sZKZ
2026-04-12T14:46:59.955Z,DdpmZkfeANzQuZzt3Ycuc84awmzWkadpNnaukZaLpump,GEM,filter_1,2026-04-12T11:41:35.048Z,185,1.4e-05,8192,65536,pumpswap,C8ZtfQxMsUPmnPTtVn7qFqTx6pQcJ1advjtVQSg6Nksv
2026-04-12T14:47:00.116Z,7jZ9YMaHvtNEva4JwLWMb1SdMVWu5QkbMSYi4dwipump,Table,filter_1,2026-04-12T11:41:34.302Z,185,4.341e-06,4096,262144,pumpswap,eScaeJPmgXK75ViANd48NPzM9CpK5AW9m6rX25v8ttc
2026-04-12T14:47:00.309Z,EEebKSFGquW3jX5cFF9sKA2DwLrvGyF1MFwJBfw3bonk,BANI,filter_2,2026-04-12T10:54:00.793Z,233,7.902e-06,8192,262144,raydium,3ArVLZbgpJnsse18pigFJvuhmf2BhiCPX6XZLHF4e6i7
2026-04-12T14:47:00.470Z,2Eem6sxzq5rvdfxHDDwmJBgAXHinUEkiWnEkAKo9pump,ASHLEE,filter_2,2026-04-12T10:32:34.031Z,254,5.263e-05,16384,262144,pumpswap,96xtTNypm2x2bBCPUP9D8ETja6wjJ4e5bA4q3FvMRLYk
2026-04-12T14:47:00.630Z,34q2KmCvapecJgR6ZrtbCTrzZVtkt3a5mHEA3TuEsWYb,LOL,filter_4,2026-04-12T09:13:33.461Z,333,0.006893,262144,1048576,pumpswap,Dx5wFoszXvND6XYYAjAjUQrGLqDAUrTVH2JmHz6eJDNt
2026-04-12T14:47:00.790Z,EmtpJyHqWqH2xGvdag4DyLFNfnjDM6qTAv9QN17npump,tremp,filter_1,2026-04-12T06:53:33.876Z,473,1.856e-06,4096,262144,pumpswap,3a9vYs5m15vkxtMDLHRNagay3WuJ6FKSNJapdU3qh4rh
2026-04-12T14:47:00.949Z,4CkWXDBNqfqBT5xCon4hrGU3mwqhQ3GSwdQQ1SDnpump,STC,filter_2,2026-04-12T06:33:34.615Z,493,2.512e-05,16384,524288,pumpswap,BfcxnfNQF3cbZmdKbTNvL1fLD4dEjGhXCG9r6JS6EqB4
2026-04-12T14:47:01.108Z,ApvxrH4oet42G4mgHZTtYZ9h2yMwhNZqs7Tqu1Ebpump,NIKUTA,filter_1,2026-04-12T03:23:38.029Z,683,2.636e-06,4096,131072,pumpswap,BLzb2UKri4YMnAeqc8VgWioAz8zN62LrcDsaJB3VcK22
2026-04-12T14:47:01.269Z,D6HZ5Se3X2wEWWYsHp8Ma3wh3yWwFSSdCAFjGC4spump,Cat,filter_4,2026-04-12T03:06:34.258Z,700,2.18e-05,16384,131072,pumpswap,5g91GWPaRMg4DdCUyds858fyAzhaiTVbi563jVKhqLuT
2026-04-12T14:47:01.433Z,7Y445U5CAiLL4icyyPDonXy7zvGGML2TGjyMmwpDpump,WLFI,filter_1,2026-04-12T02:03:35.233Z,763,6.584e-05,16384,524288,pumpswap,EjzyuTwozXjagMTqqN6hjNpEyW3Q7rX3avE2otRRS8hv
2026-04-12T14:47:01.593Z,BRKFJs1jxrYBKR5sxBiuxTTbyipNBmT6GWenb3c9pump,TRUMP47,filter_5,2026-04-12T00:39:59.430Z,847,1.628e-06,4096,524288,pumpswap,EgcA2ShdHZK4Sg7N6H7yGzTjxpTpunRrbzw231wLWeDh
2026-04-12T14:47:01.802Z,5xjSweEeRNTNHXpEiyp1XBUB2D3MMYCuU8khzgiZpump,FUDGE,filter_2,2026-04-12T00:02:34.174Z,884,2.082e-05,8192,65536,pumpswap,GXBAKvHDgXXwxWWGWmrepfpXstnghwVGEqBmAq2EQgQZ
2026-04-12T14:47:01.997Z,AQiYy4igZ6jeUS5nbTymwLaQfnEg5BAjjZsP1EZkEjBU,Dolores,filter_1,2026-04-11T23:52:34.399Z,894,3.464e-06,4096,65536,pumpswap,9MiNdc2ywiYUm2nr2KTGo8UCmjk3TdKLCZ2B4aAtZ9hq
2026-04-12T14:47:02.189Z,yLT7rHdaNkfnqfg5pxXxCTrx1Rsnagod16DnpKBpump,Nilly,filter_1,2026-04-11T23:45:34.391Z,901,2.359e-06,4096,131072,pumpswap,8vjkK4SAhZ6zkX7gox9DQEmpX7MbiKsp2gRjD4dAS21V
2026-04-12T14:47:02.399Z,9oVRwbx3Ray9bK7CKhqwfqY5NaWYjG3xj1DNYg2mpump,brainlet,filter_2,2026-04-11T22:44:55.606Z,962,1.8e-06,4096,524288,pumpswap,2PW331e9D7pmdELA1m1Uyq6pnEuj5BWB8m7dcBGgJ5xo
2026-04-12T14:47:02.558Z,9XhhPHKnvSd9R8Ygr8kHR6n8YNYd7SMzRHHPFeb2pump,doomer,filter_1,2026-04-11T22:10:33.845Z,996,1.693e-06,4096,262144,pumpswap,DqTPbpJo2UfNFy2v4dHjMoFg9S2wid1RZuF8qfwcJrHx
2026-04-12T14:47:02.753Z,2wwDzQLc3pwgcHrkCadio4Hn3bzYyCptRAewJAEXdoge,MARKC,filter_1,2026-04-11T21:57:35.843Z,1009,2.861e-06,4096,65536,meteora,2rVNWK9fRajakX19wtrfJKGE3xNWeubnV5VpYxETUvPX
2026-04-12T14:47:02.911Z,NicGVyEGbJhn52gBtqWM18zKGzRSe9js98AZnRwY8eS,NEGRON,filter_2,2026-04-11T21:33:59.338Z,1033,5.076e-07,131072,8388608,raydium,2rXfTt3Xh699TtAUruiz6Vs7vdTrsn55bEm2FKt9y8yE
2026-04-12T14:51:58.734Z,EamB9vqC1b4aoyPR6t3hn6CWf48yny84xzCuFJMbpump,Peepa,filter_1,2026-04-12T14:47:33.671Z,4,0.0001003,32768,524288,pumpswap,BoB3Dvi5eLGFr86BexBPNY2ZXwMNjWhx3FVCep3X2Vj6
2026-04-12T14:51:58.896Z,13m54axqgkPrgPwnmtTAHRJdadkFbMs4ZmKqB49Wpump,GEM,filter_2,2026-04-12T11:48:33.565Z,183,1.937e-06,4096,2097152,pumpswap,8PZhqXg4sEZupgRwg2U144eNeXVmYBfbzbgxsQXWQgdS
2026-04-12T14:51:59.057Z,69iu9bE7VYtuen7oNubgHAaYqpyaM6ZvCwoudsoMpump,Audit,filter_1,2026-04-12T10:43:35.244Z,248,7.044e-06,8192,262144,pumpswap,Ap365bq7KpWPse9sRuHnMTwek2XSQ77setZ8hxujTrL6
2026-04-12T14:51:59.251Z,H3UfCEUfNyK5dSQcw2yYBU7pLw5qjE6PeHfmdPQxpump,Monobloc,filter_1,2026-04-12T09:38:36.718Z,313,3.095e-06,,65536,pumpfun,C8mK6iGgSueLyavm4jhqJBMMWsqcj25QfGgFs8j6t9Nu
2026-04-12T14:51:59.441Z,GjHiCdvt1Zeti6rdSJeCqdkNMQKcxCkShRss5rGLWwbF,GNWR,filter_2,2026-04-12T09:33:57.750Z,318,0.007901,32,4194304,raydium,38Wyp9ogTNGUgLeKt6FV7dpWurAtTobbo6T7fgT51uG9
2026-04-12T14:51:59.635Z,39byoLyCVzpfRoiChZoN96dLCoHF8JEPH5h9Qodypump,YN,filter_1,2026-04-12T09:28:36.955Z,323,9.043e-06,8192,262144,pumpswap,DALWM8Ph5yjigv2AtHYQCMAuCHXkZMQo3P3gqaJuv695
2026-04-12T14:51:59.796Z,GiE8Bf4Y2YHvwKutQUFeR2yaAMPWbkngLvezTWwapump,🪑,filter_2,2026-04-12T08:48:02.735Z,364,0.0002693,32768,2097152,pumpswap,47yRWYckWUBUrbSN7AmhanMDhfydURQf5G3fjhotpjy5
2026-04-12T14:51:59.981Z,AiC9FhtXA1iNGW77MocxebVc9U5baQa4nkUFQhtbpump,Sisyphus,filter_4,2026-04-12T08:12:35.668Z,399,5.182e-06,4096,262144,pumpswap,9wFPVtrpbnuKYpLJLYZDhWSFb7R6dVbkmePUVP4zAjd
2026-04-12T14:52:00.142Z,BvHneYfnCYjfZE52iUhK4bqkcqJjYjMQUJb5FPhCpump,ALONSHOUSE,filter_2,2026-04-12T03:51:56.774Z,660,0.0007394,65536,2097152,pumpswap,6KuCNvUu9NsgTFyo1vQGfeFqsoKq7Jq19LhZeQwtMMVr
2026-04-12T14:52:00.337Z,7cFndW3LZJr5hdT138meuoqQRDR6HYqATxKj2CwPpump,AgentCRM,filter_1,2026-04-12T03:39:36.524Z,672,3.818e-05,16384,262144,pumpswap,9UmjwMC9BVfdCYNaa9xCJwWkJjufeVbQg8xcSqMsSSM5
2026-04-12T14:52:00.528Z,9AEtb967xTMosjp9XFhvHLhscPNYgDWc15jFAZR8pump,RƎ́V,filter_1,2026-04-12T02:44:33.253Z,727,0.0001795,32768,16384,pumpswap,EMm9RL2tHvUvygLCu9WkUMBgnu29K2kePzUuWhiSjdMU
2026-04-12T14:52:00.910Z,Hy58kFcGQuZ9qqbiJL5Ka8FPPmqfU6w4zSqNAyzbpump,Zoomer,filter_5,2026-04-12T02:21:55.989Z,750,1.357e-05,8192,524288,pumpswap,EvDD7gjtfLETpF8m8boLppTCHosWoyoy43AKSttyRia9
2026-04-12T14:52:01.072Z,AdD5EMoGMDiGXcgepXQXneB4fEZuS1QvKqDrN876pump,CRAFT,filter_1,2026-04-12T02:18:34.482Z,753,5.303e-05,16384,131072,pumpswap,Fq6wzHyzh8YXvGS7EYBSNPLs7cr3WSLBw4WCpp5Bbk9n
2026-04-12T14:52:01.265Z,8yeUyEaxBkBgcG5i22zR6JiLmVPbA3p6FUBHjFLFpump,MOG,filter_1,2026-04-12T00:53:40.689Z,838,1.961e-06,4096,262144,pumpswap,8jL5pBxjqyhXzGwYDYZhvdifvuSiP7KWzU8ZCGgssRzk
2026-04-12T14:52:01.427Z,VXnX59zHN7j8FrA971nJij7q2RvPSPa3TioV236pump,COG,filter_1,2026-04-11T23:57:38.153Z,894,2.671e-06,4096,262144,pumpswap,DsEyaDvzkJHPnSwDU251c5pCP1V466nMpwh8KQzEeUuU
2026-04-12T14:52:01.612Z,3SNNxUYmrXUc1mQbtV2NGQTuGKVji4y3MWhyESTypump,CASSIE,filter_4,2026-04-11T23:18:36.635Z,933,1.222e-05,8192,131072,pumpswap,B6nQAKbBTm8xTFHBs4xGUqMJJu6JF5mBcmpEv8MPEQ1i
2026-04-12T14:52:01.774Z,6TRyMNFbS6y444mDECfaENQrVnvZP4XzMr2fa6f8pump,Trump,filter_6,2026-04-11T21:07:35.070Z,1064,1.939e-06,4096,1048576,pumpswap,BJLaR38FZ2accuRrABzAWdiMeZ8mF3Ky5tL6q853bgBh
2026-04-12T14:52:01.968Z,AQGaTfXDcvinz6DuxfZEKKFp7hmiWDLis4FtK3chpump,Ivunka,filter_3,2026-04-11T20:41:43.544Z,1090,2.712e-06,4096,524288,pumpswap,AHBtpXJ7csokwSXddEDxPFYHcA515g234kXTBMhAVRxe
2026-04-12T14:52:02.185Z,BfZ27pSjL3L8Abm8VuRs5MLjjP21Xv5tUL81Rkyepump,WID,filter_4,2026-04-11T20:41:42.289Z,1090,1.374e-05,8192,16384,pumpswap,4zmdmfGwoNb2mfF9PJq2N7x38qpQMwBMphD3HMDx6dak
2026-04-12T14:52:02.369Z,EgiJdQ8dbQHWu1uKS6cQBPaF2sK3a7WFpkjHEgdDpump,Dodger,filter_3,2026-04-11T19:29:11.694Z,1163,1.302e-05,8192,1048576,pumpswap,7yrRRCzf429YQ1xQgdZZMy5KQ5jtkkDC7gUZWyPerhXr
2026-04-12T14:52:02.530Z,7bfbBZXpMYbNjhZ6eQ8Ch8VFAbgcz4WsrY7JtQKcpump,BOATGUY,filter_1,2026-04-11T19:27:26.855Z,1165,2.788e-06,4096,262144,pumpswap,6gALa6BfE8ce8pLYaEFsTkCtxozfbuBR5bMVK3nKeFD4
2026-04-12T14:52:02.718Z,4juv1Wq63My7Bc7rznMZTyuD4aQfRSZGW9uKqFXSpump,Asset,filter_1,2026-04-11T19:27:24.857Z,1165,4.881e-06,8192,8192,pumpswap,6g8ZTMKCKvSsVX92g4SKoBESXgrDL2cR1WLg8i7GZPV9
2026-04-12T14:52:02.906Z,Aq6XmZSohMJeRGU9WswbyQo9paEcKrTEs3xdfDFtpump,Lia,filter_1,2026-04-11T19:25:27.104Z,1167,1.708e-06,4096,524288,pumpswap,BsFk4E3Hm12Mg27XmBoDPuk27WAC78BPfN98AHHpDPcM
2026-04-12T14:52:03.099Z,AUZnnRTdybeMiHrxfueNyBgLHnu4H39kngUh84WMpump,MELANIA,filter_3,2026-04-11T19:24:02.559Z,1168,5.121e-05,16384,2097152,pumpswap,DM9Xj9x8A8SEinJdoz4SJH2vdhBdPGSZmhL7DxBgwbBy
2026-04-12T14:52:03.291Z,56MEDV2H1M7DkaikaSg5vpibaSyWhgspCxgPwQJhpump,DNIGGA,filter_1,2026-04-11T19:22:24.852Z,1170,1.763e-06,4096,65536,pumpswap,CAhVRREzXYHDvtu6iwACsei9vhv6mexsGm9hpkeVP1Kj
2026-04-12T14:52:03.477Z,A2Px3FMumMJ7W67VEp9ahFXueEyf9aHpei4TTJ5mpump,BABY,filter_3,2026-04-11T19:14:43.120Z,1177,5.533e-06,8192,1048576,pumpswap,53UgNjZDC6mXsEDTowHLmKi2Y6jzjH2Ee3ybac7jEQRQ
2026-04-12T14:52:03.660Z,wutj1cNsMWyeu9ub61knDRCwU37aVvYuCBn8ZLPj7JL,ZHONEY,filter_1,2026-04-11T19:04:35.959Z,1187,7.234e-06,8192,65536,pumpswap,CtYpMFyZqcJL7mPbDQU9o88g9QpkbzEFSC81J9FzFbF8
2026-04-12T14:52:03.845Z,4oFZFm3s8VKeCnwM2G5X5mZrsPivDyzCLvDYZmVipump,ClawFC,filter_1,2026-04-11T19:00:33.206Z,1191,1.01e-05,8192,131072,pumpswap,BnbuPvQe2TNdhS7CSdsCGS1WY7FYu2kZti9adrqkqpZh
2026-04-12T14:52:04.029Z,5rniCpoweGXgsLZZDohw3fZA5yuXgt87df6GHAxWpump,MOTHER,filter_1,2026-04-11T18:17:31.505Z,1234,5.666e-06,4096,32768,pumpswap,7dzsEYbuQoK1LLAiae7riygcwphP7BTbK6r7Vv94p28M
2026-04-12T14:56:58.746Z,3mLqHini8K337BkUorhMfcsKLNGLXNTeXWcBjEsKpump,TRUCK,filter_1,2026-04-12T14:10:35.901Z,46,2.537e-06,4096,32768,pumpswap,2E1Aw4oifrpvoe91zjUxKAhcKzYBogGDufve849hFBZb
2026-04-12T14:56:58.906Z,4RUKEudrEN46okm6najQhxnhs6ioKW6tzNWiCFTmpump,Wifejak,filter_5,2026-04-12T13:58:57.161Z,58,0.0003086,32768,1048576,pumpswap,3MFQirqeWSkhouwaF4h7RqFyWHtd9xdg2XP4Rns9HsYX
2026-04-12T14:56:59.065Z,8tu56X8VxiqDv6usJq4wJ1ZkMxcoLhPxYnq4ms7Ppump,dunald,filter_1,2026-04-12T13:49:36.383Z,67,2.177e-06,4096,262144,pumpswap,8YbYfseNMB8U9TLrTGgvix6zR1KdSk9ksAZqSWH7umWe
2026-04-12T14:56:59.224Z,GfKymcZ95xcJbmgYv9TTTx75f2XWt7S2uSkQVWCWpump,sydney,filter_5,2026-04-12T13:24:57.369Z,92,1.884e-06,4096,1048576,pumpswap,2fKnHjoPasvfG6LDvk85L9XbzJNWfUYBd8bfGj7MAPWq
2026-04-12T14:56:59.385Z,9BHt7aq3DFCb74kZjPY5epgVtsWKCeYX1tUWxYwDpump,YN,filter_2,2026-04-12T13:13:56.116Z,103,4.812e-05,16384,262144,pumpswap,EQqvZi6mSaQL95wWkP5vGBX6ZsAkVTqZCV88rQU1fbcY
2026-04-12T14:56:59.544Z,f5nEHwaQukCmhJTaHA5nYnUvnqc5Tpg86qSjrGspump,NA,filter_1,2026-04-12T13:06:35.363Z,110,2.732e-05,16384,262144,pumpswap,DvJ8FevLWvnB5JG26x2rhjSP9xBiS3nNsKQTTCHxp2Mi
2026-04-12T14:56:59.703Z,58VuqpXDDA9dxwKULNUnFtHVLRgJqmJYqd296BbCpump,Glowbo,filter_1,2026-04-12T13:05:34.852Z,111,5.426e-06,4096,262144,pumpswap,D9tVJgwno8LtxwUuhtVMSAzvrCKp4xtfdwhDfkZ8sZKZ
2026-04-12T14:56:59.862Z,DdpmZkfeANzQuZzt3Ycuc84awmzWkadpNnaukZaLpump,GEM,filter_1,2026-04-12T11:41:35.048Z,195,1.376e-05,8192,65536,pumpswap,C8ZtfQxMsUPmnPTtVn7qFqTx6pQcJ1advjtVQSg6Nksv
2026-04-12T14:57:00.022Z,7jZ9YMaHvtNEva4JwLWMb1SdMVWu5QkbMSYi4dwipump,Table,filter_1,2026-04-12T11:41:34.302Z,195,4.154e-06,4096,262144,pumpswap,eScaeJPmgXK75ViANd48NPzM9CpK5AW9m6rX25v8ttc
2026-04-12T14:57:00.181Z,EEebKSFGquW3jX5cFF9sKA2DwLrvGyF1MFwJBfw3bonk,BANI,filter_2,2026-04-12T10:54:00.793Z,243,8.935e-06,8192,262144,raydium,3ArVLZbgpJnsse18pigFJvuhmf2BhiCPX6XZLHF4e6i7
2026-04-12T14:57:00.340Z,2Eem6sxzq5rvdfxHDDwmJBgAXHinUEkiWnEkAKo9pump,ASHLEE,filter_2,2026-04-12T10:32:34.031Z,264,5.229e-05,16384,262144,pumpswap,96xtTNypm2x2bBCPUP9D8ETja6wjJ4e5bA4q3FvMRLYk
2026-04-12T14:57:00.501Z,34q2KmCvapecJgR6ZrtbCTrzZVtkt3a5mHEA3TuEsWYb,LOL,filter_4,2026-04-12T09:13:33.461Z,343,0.006909,262144,1048576,pumpswap,Dx5wFoszXvND6XYYAjAjUQrGLqDAUrTVH2JmHz6eJDNt
2026-04-12T14:57:00.660Z,EmtpJyHqWqH2xGvdag4DyLFNfnjDM6qTAv9QN17npump,tremp,filter_1,2026-04-12T06:53:33.876Z,483,1.856e-06,4096,262144,pumpswap,3a9vYs5m15vkxtMDLHRNagay3WuJ6FKSNJapdU3qh4rh
2026-04-12T14:57:00.819Z,4CkWXDBNqfqBT5xCon4hrGU3mwqhQ3GSwdQQ1SDnpump,STC,filter_2,2026-04-12T06:33:34.615Z,503,2.568e-05,16384,524288,pumpswap,BfcxnfNQF3cbZmdKbTNvL1fLD4dEjGhXCG9r6JS6EqB4
2026-04-12T14:57:00.979Z,ApvxrH4oet42G4mgHZTtYZ9h2yMwhNZqs7Tqu1Ebpump,NIKUTA,filter_1,2026-04-12T03:23:38.029Z,693,2.636e-06,4096,131072,pumpswap,BLzb2UKri4YMnAeqc8VgWioAz8zN62LrcDsaJB3VcK22
2026-04-12T14:57:01.139Z,D6HZ5Se3X2wEWWYsHp8Ma3wh3yWwFSSdCAFjGC4spump,Cat,filter_4,2026-04-12T03:06:34.258Z,710,2.379e-05,16384,131072,pumpswap,5g91GWPaRMg4DdCUyds858fyAzhaiTVbi563jVKhqLuT
2026-04-12T14:57:01.298Z,7Y445U5CAiLL4icyyPDonXy7zvGGML2TGjyMmwpDpump,WLFI,filter_1,2026-04-12T02:03:35.233Z,773,6.267e-05,16384,524288,pumpswap,EjzyuTwozXjagMTqqN6hjNpEyW3Q7rX3avE2otRRS8hv
2026-04-12T14:57:01.482Z,BRKFJs1jxrYBKR5sxBiuxTTbyipNBmT6GWenb3c9pump,TRUMP47,filter_5,2026-04-12T00:39:59.430Z,857,1.606e-06,4096,524288,pumpswap,EgcA2ShdHZK4Sg7N6H7yGzTjxpTpunRrbzw231wLWeDh
2026-04-12T14:57:01.642Z,5xjSweEeRNTNHXpEiyp1XBUB2D3MMYCuU8khzgiZpump,FUDGE,filter_2,2026-04-12T00:02:34.174Z,894,2.02e-05,8192,65536,pumpswap,GXBAKvHDgXXwxWWGWmrepfpXstnghwVGEqBmAq2EQgQZ
2026-04-12T14:57:01.830Z,AQiYy4igZ6jeUS5nbTymwLaQfnEg5BAjjZsP1EZkEjBU,Dolores,filter_1,2026-04-11T23:52:34.399Z,904,3.422e-06,4096,65536,pumpswap,9MiNdc2ywiYUm2nr2KTGo8UCmjk3TdKLCZ2B4aAtZ9hq
2026-04-12T14:57:02.014Z,yLT7rHdaNkfnqfg5pxXxCTrx1Rsnagod16DnpKBpump,Nilly,filter_1,2026-04-11T23:45:34.391Z,911,2.359e-06,4096,131072,pumpswap,8vjkK4SAhZ6zkX7gox9DQEmpX7MbiKsp2gRjD4dAS21V
2026-04-12T14:57:02.173Z,9oVRwbx3Ray9bK7CKhqwfqY5NaWYjG3xj1DNYg2mpump,brainlet,filter_2,2026-04-11T22:44:55.606Z,972,1.8e-06,4096,524288,pumpswap,2PW331e9D7pmdELA1m1Uyq6pnEuj5BWB8m7dcBGgJ5xo
2026-04-12T14:57:02.332Z,9XhhPHKnvSd9R8Ygr8kHR6n8YNYd7SMzRHHPFeb2pump,doomer,filter_1,2026-04-11T22:10:33.845Z,1006,1.693e-06,4096,262144,pumpswap,DqTPbpJo2UfNFy2v4dHjMoFg9S2wid1RZuF8qfwcJrHx
2026-04-12T14:57:02.514Z,2wwDzQLc3pwgcHrkCadio4Hn3bzYyCptRAewJAEXdoge,MARKC,filter_1,2026-04-11T21:57:35.843Z,1019,2.864e-06,4096,65536,meteora,2rVNWK9fRajakX19wtrfJKGE3xNWeubnV5VpYxETUvPX
2026-04-12T14:57:02.674Z,NicGVyEGbJhn52gBtqWM18zKGzRSe9js98AZnRwY8eS,NEGRON,filter_2,2026-04-11T21:33:59.338Z,1043,5.296e-07,131072,8388608,raydium,2rXfTt3Xh699TtAUruiz6Vs7vdTrsn55bEm2FKt9y8yE
