timestamp,mint,symbol,name,chainId,priceUsd,volume5m,volume1h,volume6h,volume24h,liquidity,marketCap,fdv,buyCount5m,sellCount5m,buyCount1h,sellCount1h,pairAge,dexId,firstSeen
2026-04-10T00:01:57.400Z,xmYmMCUFuQ6mVu9yNs44KPz3ALyrntyhivueaw3pump,Sora,ソラちゃん,solana,0.00001619,2048,16384,131072,131072,,16384,16384,29,13,355,300,1775768882000,pumpfun,NEW
2026-04-10T00:01:57.400Z,HdB3FdEqpjnBnFDXGiBjuED2RYsVJFTqwwCY5BfhjgAx,BWT,OFFICIAL BARRON WILLIAM TRUMP,solana,0.0001015,16384,262144,262144,262144,32768,131072,131072,341,683,3744,5212,1775776887000,pumpswap,NEW
2026-04-10T00:01:57.400Z,2AMYvN5zvXMC9ueA6vznaiaEqWrjpxHCisa2Nuc5pump,Chicky,Chicky,solana,0.00009576,64,4096,32768,65536,32768,131072,131072,1,2,70,69,1774938227000,pumpswap,NEW
2026-04-10T00:01:57.400Z,6cfu6Qkqb4BhQ552DMJ2txLSxT7nfv7V69WhyEHTpump,Lizard ,The Waving Lizard ,solana,0.00001068,512,4096,8192,32768,,8192,8192,9,9,124,78,1775728143000,pumpfun,NEW
2026-04-10T00:01:57.400Z,9AEtb967xTMosjp9XFhvHLhscPNYgDWc15jFAZR8pump,RƎ́V,REVÉRSÉ SOCIETY,solana,0.0001455,64,1024,8192,65536,32768,131072,131072,3,1,14,13,1775691640000,pumpswap,NEW
2026-04-10T00:01:57.400Z,HdB3FdEqpjnBnFDXGiBjuED2RYsVJFTqwwCY5BfhjgAx,BWT,OFFICIAL BARRON WILLIAM TRUMP,solana,0.0001015,16384,262144,262144,262144,32768,131072,131072,341,683,3744,5212,1775776887000,pumpswap,REPEAT
2026-04-10T00:01:57.400Z,rG49p6sSbBsrbWbsdEhFFe15uq5nch2eSnQLV4fpump,XPX,XPXpay,solana,0.0005182,128,4096,32768,131072,65536,524288,524288,13,1,62,24,1775717482000,pumpswap,NEW
2026-04-10T00:01:57.400Z,4YiLHDR4B4pE4R5GUMA8HG8YunyeLwcobtEtvwMupump,ROCKET,ROCKET,solana,0.0003600,128,8192,32768,262144,65536,262144,262144,66,47,807,565,1775048719000,pumpswap,NEW
2026-04-10T00:01:57.400Z,FdUmX7zQSZgPxt1D7rtbKQisP4a2MXyejAxEnVvepump,Stoic,Stoicism ,solana,0.0001381,16384,524288,524288,524288,32768,131072,131072,212,134,4502,2983,1775773975000,pumpswap,NEW
2026-04-10T00:01:57.400Z,wwzqJcBxRUDfSZQQv3R4WckkNzpSFjNHkRuzZFcJJZt,JELLYBEAN,JELLYBEAN,solana,0.00003447,,,128,512,16384,32768,32768,,,,,1773329155000,raydium,NEW
2026-04-10T00:01:57.400Z,5j9iwWiesC4vKxHWcuRaqZ1qbQJRjnmJoZKJYA2Ypump,Nostalgia ,Do you remember that one time? ,solana,0.000002527,,256,1024,1024,,2048,2048,,,4,10,1775774800000,pumpfun,NEW
2026-04-10T00:01:57.400Z,DNj6DDhWiK3MHYM9oyEzpKwJ2oYhVexxDvReGTN6pump,MEMETF,MemeTF,solana,0.000003533,1024,4096,32768,32768,,4096,4096,,18,42,58,1775765043000,pumpfun,NEW
2026-04-10T00:01:57.400Z,BEYgnrA1PTj9rrWfe7EEEFpD7KbBGXgjpEQNcM5ppump,WOJI,wojimoji,solana,0.000003465,256,524288,1048576,1048576,4096,4096,4096,4,4,2183,2371,1775772988000,pumpswap,NEW
2026-04-10T00:01:57.400Z,78E7b7iA5AbSLBss3Whhbmh81pncYS4bRVsFpRx9pump,FARTROCKET,Fart Rocket,solana,0.000001791,,256,1048576,1048576,4096,2048,2048,,,4,26,1775773501000,pumpswap,NEW
2026-04-10T00:01:57.400Z,gqqPZaSV2UDmEi3dhBzA6u6x5ZTLAXPntHZ5gQ4pump,Monke,Monke,solana,0.00001051,,256,2048,8192,8192,8192,8192,,,6,12,1773824795000,pumpswap,NEW
2026-04-10T00:01:57.400Z,41QbtLKqJmPCP5TmnHx9pVQtwCGDc1GV5A4WVfy9pump,MOODUANG,Moo Duang,solana,0.00004870,256,16384,65536,131072,16384,65536,65536,4,5,226,153,1775743897000,pumpswap,NEW
2026-04-10T00:01:57.400Z,6DHUPxbG7evPY17zHSsmZWbc3wgQEPAdoH9KawBJvVHU,888,888,solana,0.00002113,,32,1024,1024,4096,16384,16384,,,2,,1716383884000,raydium,NEW
2026-04-10T00:01:57.400Z,CZEd2GHTe5s8iJsw4VVbnmvmwuUhZC3t6WHqhtCZpump,Kris Jenner,皇太后,solana,0.00001206,32,1024,4096,16384,8192,16384,16384,3,1,10,8,1774884164000,pumpswap,NEW
2026-04-10T00:01:57.400Z,DFPGnooMjWMttYGF2Pegmsp4Vj2VFhLyrxc5Cp1wpump,CR,Crypto Revolution ,solana,0.00003715,,512,1024,4096,16384,32768,32768,,,4,,1775619853000,pumpswap,NEW
2026-04-10T00:01:57.400Z,Drfv7jnfTXpEMuppzBZnBxpSyfpTWUqeTqMhoGfzpump,PEPE,PEPE,solana,0.0001359,1024,16384,131072,262144,32768,131072,131072,162,72,2293,986,1775163619000,pumpswap,NEW
2026-04-10T00:01:57.400Z,FGGPS8iF8DMu2NYWr7nqx83TxXPBSNLciupEVYtqpump,boomer,boomer,solana,0.000003221,,512,131072,131072,,4096,4096,,,6,19,1775769600000,pumpfun,NEW
2026-04-10T00:01:57.400Z,E1LcEbomSMMEDmvGdyG84auj9m8D26gLHXm4qSaWpump,ACTB,Act B : The Satoshi Prophecy,solana,0.000001958,,64,1048576,1048576,4096,2048,2048,,,2,8,1775770358000,pumpswap,NEW
2026-04-10T00:01:57.400Z,65AhQVGatKKr2wYMcKB7DLbyzZrvALtEA5ZcHuacpump,MMIWG2S,MMIWG2SLGBTQQIA+,solana,0.0001476,128,65536,262144,1048576,32768,131072,131072,23,8,521,411,1775699055000,pumpswap,NEW
2026-04-10T00:01:57.400Z,65AhQVGatKKr2wYMcKB7DLbyzZrvALtEA5ZcHuacpump,MMIWG2S,MMIWG2SLGBTQQIA+,solana,0.0001476,128,65536,262144,1048576,32768,131072,131072,23,8,521,411,1775699055000,pumpswap,REPEAT
2026-04-10T00:01:57.400Z,tNCAMwnoRXoPyyoonuea5X1HHvfTTgHUsK16cBupump,LOLFART,LOL Fart,solana,0.000001930,,32,1048576,1048576,4096,2048,2048,,,,4,1775767494000,pumpswap,NEW
2026-04-10T00:01:57.400Z,Huh3G975pLP3WTXKDnsaCTu7enAoFsHMFJCbFLeNpump,FOMO,FOMO,solana,0.0004319,256,1024,16384,32768,65536,262144,262144,1,1,5,9,1772016102000,pumpswap,NEW
2026-04-10T00:01:57.400Z,4HuQ3J9JLMNUTQ5ybh9ja3E4Pu78jv52FfeNNgzPpump,IRyS,IRyS,solana,0.000002041,,128,1048576,1048576,4096,2048,2048,,,6,321,1775766499000,pumpswap,NEW
2026-04-10T00:01:57.400Z,AThx9qd79fndAR9A48wd4pqhZSDqre78Gj67QcUgpump,Upril,Upril,solana,0.00001753,16,2048,65536,65536,,16384,16384,4,,82,14,1775764768000,pumpfun,NEW
2026-04-10T00:01:57.400Z,9SeCSdbPzz95KomGUGEV9Shn2zGXNmMJhE9J72Hipump,Iroha,イロハ,solana,0.001683,4096,32768,262144,2097152,131072,2097152,2097152,20,60,205,313,1775525060000,pumpswap,NEW
2026-04-10T00:06:57.400Z,xmYmMCUFuQ6mVu9yNs44KPz3ALyrntyhivueaw3pump,Sora,ソラちゃん,solana,0.00001619,512,16384,131072,131072,,16384,16384,6,7,324,280,1775768882000,pumpfun,REPEAT
2026-04-10T00:06:57.400Z,HdB3FdEqpjnBnFDXGiBjuED2RYsVJFTqwwCY5BfhjgAx,BWT,OFFICIAL BARRON WILLIAM TRUMP,solana,0.0001026,16384,262144,262144,262144,32768,131072,131072,354,305,4117,5603,1775776887000,pumpswap,REPEAT
2026-04-10T00:06:57.400Z,2AMYvN5zvXMC9ueA6vznaiaEqWrjpxHCisa2Nuc5pump,Chicky,Chicky,solana,0.00009832,512,4096,32768,65536,32768,131072,131072,13,9,84,77,1774938227000,pumpswap,REPEAT
2026-04-10T00:06:57.400Z,6cfu6Qkqb4BhQ552DMJ2txLSxT7nfv7V69WhyEHTpump,Lizard ,The Waving Lizard ,solana,0.00001028,256,4096,8192,32768,,8192,8192,6,2,127,80,1775728143000,pumpfun,REPEAT
2026-04-10T00:06:57.400Z,9AEtb967xTMosjp9XFhvHLhscPNYgDWc15jFAZR8pump,RƎ́V,REVÉRSÉ SOCIETY,solana,0.0001443,16,512,8192,65536,32768,131072,131072,,5,13,16,1775691640000,pumpswap,REPEAT
2026-04-10T00:06:57.400Z,HdB3FdEqpjnBnFDXGiBjuED2RYsVJFTqwwCY5BfhjgAx,BWT,OFFICIAL BARRON WILLIAM TRUMP,solana,0.0001026,16384,262144,262144,262144,32768,131072,131072,354,305,4117,5603,1775776887000,pumpswap,REPEAT
2026-04-10T00:06:57.400Z,rG49p6sSbBsrbWbsdEhFFe15uq5nch2eSnQLV4fpump,XPX,XPXpay,solana,0.0005109,32,4096,16384,131072,65536,524288,524288,6,1,67,25,1775717482000,pumpswap,REPEAT
2026-04-10T00:06:57.400Z,4YiLHDR4B4pE4R5GUMA8HG8YunyeLwcobtEtvwMupump,ROCKET,ROCKET,solana,0.0003659,512,8192,65536,262144,65536,262144,262144,64,44,806,570,1775048719000,pumpswap,REPEAT
2026-04-10T00:06:57.400Z,FdUmX7zQSZgPxt1D7rtbKQisP4a2MXyejAxEnVvepump,Stoic,Stoicism ,solana,0.0001273,8192,524288,524288,524288,32768,131072,131072,180,109,4494,2956,1775773975000,pumpswap,REPEAT
2026-04-10T00:06:57.400Z,wwzqJcBxRUDfSZQQv3R4WckkNzpSFjNHkRuzZFcJJZt,JELLYBEAN,JELLYBEAN,solana,0.00003447,,,128,512,16384,32768,32768,,,,,1773329155000,raydium,REPEAT
2026-04-10T00:06:57.400Z,5j9iwWiesC4vKxHWcuRaqZ1qbQJRjnmJoZKJYA2Ypump,Nostalgia ,Do you remember that one time? ,solana,0.000002527,,128,1024,1024,,2048,2048,,,1,6,1775774800000,pumpfun,REPEAT
2026-04-10T00:06:57.400Z,DNj6DDhWiK3MHYM9oyEzpKwJ2oYhVexxDvReGTN6pump,MEMETF,MemeTF,solana,0.000003482,64,4096,32768,32768,,4096,4096,2,3,35,51,1775765043000,pumpfun,REPEAT
2026-04-10T00:06:57.400Z,BEYgnrA1PTj9rrWfe7EEEFpD7KbBGXgjpEQNcM5ppump,WOJI,wojimoji,solana,0.000003411,16,524288,1048576,1048576,4096,4096,4096,1,4,1929,2185,1775772988000,pumpswap,REPEAT
2026-04-10T00:06:57.400Z,78E7b7iA5AbSLBss3Whhbmh81pncYS4bRVsFpRx9pump,FARTROCKET,Fart Rocket,solana,0.000001791,,256,1048576,1048576,4096,2048,2048,,,2,19,1775773501000,pumpswap,REPEAT
2026-04-10T00:06:57.400Z,gqqPZaSV2UDmEi3dhBzA6u6x5ZTLAXPntHZ5gQ4pump,Monke,Monke,solana,0.00001051,,256,2048,8192,8192,8192,8192,,,5,12,1773824795000,pumpswap,REPEAT
2026-04-10T00:06:57.400Z,41QbtLKqJmPCP5TmnHx9pVQtwCGDc1GV5A4WVfy9pump,MOODUANG,Moo Duang,solana,0.00004817,128,8192,65536,131072,16384,65536,65536,1,2,159,109,1775743897000,pumpswap,REPEAT
2026-04-10T00:06:57.400Z,6DHUPxbG7evPY17zHSsmZWbc3wgQEPAdoH9KawBJvVHU,888,888,solana,0.00002113,,32,1024,1024,4096,16384,16384,,,2,,1716383884000,raydium,REPEAT
2026-04-10T00:06:57.400Z,CZEd2GHTe5s8iJsw4VVbnmvmwuUhZC3t6WHqhtCZpump,Kris Jenner,皇太后,solana,0.00001233,256,1024,4096,16384,8192,16384,16384,8,2,15,7,1774884164000,pumpswap,REPEAT
2026-04-10T00:06:57.400Z,DFPGnooMjWMttYGF2Pegmsp4Vj2VFhLyrxc5Cp1wpump,CR,Crypto Revolution ,solana,0.00003202,512,1024,2048,4096,16384,32768,32768,5,1,9,1,1775619853000,pumpswap,REPEAT
2026-04-10T00:06:57.400Z,Drfv7jnfTXpEMuppzBZnBxpSyfpTWUqeTqMhoGfzpump,PEPE,PEPE,solana,0.0001405,1024,16384,131072,262144,32768,131072,131072,176,74,2311,991,1775163619000,pumpswap,REPEAT
2026-04-10T00:06:57.400Z,FGGPS8iF8DMu2NYWr7nqx83TxXPBSNLciupEVYtqpump,boomer,boomer,solana,0.000003221,,512,131072,131072,,4096,4096,,,6,15,1775769600000,pumpfun,REPEAT
2026-04-10T00:06:57.400Z,E1LcEbomSMMEDmvGdyG84auj9m8D26gLHXm4qSaWpump,ACTB,Act B : The Satoshi Prophecy,solana,0.000001958,,64,1048576,1048576,4096,2048,2048,,,1,7,1775770358000,pumpswap,REPEAT
2026-04-10T00:06:57.400Z,65AhQVGatKKr2wYMcKB7DLbyzZrvALtEA5ZcHuacpump,MMIWG2S,MMIWG2SLGBTQQIA+,solana,0.0001366,4096,65536,262144,1048576,32768,131072,131072,37,32,515,407,1775699055000,pumpswap,REPEAT
2026-04-10T00:06:57.400Z,65AhQVGatKKr2wYMcKB7DLbyzZrvALtEA5ZcHuacpump,MMIWG2S,MMIWG2SLGBTQQIA+,solana,0.0001366,4096,65536,262144,1048576,32768,131072,131072,37,32,515,407,1775699055000,pumpswap,REPEAT
2026-04-10T00:06:57.400Z,tNCAMwnoRXoPyyoonuea5X1HHvfTTgHUsK16cBupump,LOLFART,LOL Fart,solana,0.000001930,,32,1048576,1048576,4096,2048,2048,,,,4,1775767494000,pumpswap,REPEAT
2026-04-10T00:06:57.400Z,Huh3G975pLP3WTXKDnsaCTu7enAoFsHMFJCbFLeNpump,FOMO,FOMO,solana,0.0004319,,1024,16384,32768,65536,262144,262144,,,4,8,1772016102000,pumpswap,REPEAT
2026-04-10T00:06:57.400Z,4HuQ3J9JLMNUTQ5ybh9ja3E4Pu78jv52FfeNNgzPpump,IRyS,IRyS,solana,0.000002041,,128,1048576,1048576,4096,2048,2048,,,5,11,1775766499000,pumpswap,REPEAT
2026-04-10T00:06:57.400Z,AThx9qd79fndAR9A48wd4pqhZSDqre78Gj67QcUgpump,Upril,Upril,solana,0.00001756,8,2048,65536,65536,,16384,16384,5,,81,14,1775764768000,pumpfun,REPEAT
2026-04-10T00:06:57.400Z,9SeCSdbPzz95KomGUGEV9Shn2zGXNmMJhE9J72Hipump,Iroha,イロハ,solana,0.001642,4096,32768,262144,2097152,131072,2097152,2097152,13,21,206,324,1775525060000,pumpswap,REPEAT
2026-04-10T00:11:57.399Z,H1CknM7TXz134nY5YT7KUYG6fL2Egn4ieLyzkTk7BAGS,PUNCH,パンチ,solana,0.0001074,1024,32768,262144,524288,16384,131072,131072,15,11,247,182,1775694809000,meteora,NEW
2026-04-10T00:11:57.399Z,xmYmMCUFuQ6mVu9yNs44KPz3ALyrntyhivueaw3pump,Sora,ソラちゃん,solana,0.00001596,256,16384,131072,131072,,16384,16384,3,3,311,272,1775768882000,pumpfun,REPEAT
2026-04-10T00:11:57.399Z,HdB3FdEqpjnBnFDXGiBjuED2RYsVJFTqwwCY5BfhjgAx,BWT,OFFICIAL BARRON WILLIAM TRUMP,solana,0.0001023,8192,262144,262144,262144,32768,131072,131072,163,517,4303,6134,1775776887000,pumpswap,REPEAT
2026-04-10T00:11:57.399Z,2AMYvN5zvXMC9ueA6vznaiaEqWrjpxHCisa2Nuc5pump,Chicky,Chicky,solana,0.00009832,,4096,32768,65536,32768,131072,131072,,,64,59,1774938227000,pumpswap,REPEAT
2026-04-10T00:11:57.399Z,6cfu6Qkqb4BhQ552DMJ2txLSxT7nfv7V69WhyEHTpump,Lizard ,The Waving Lizard ,solana,0.000008943,512,8192,8192,32768,,8192,8192,5,3,132,83,1775728143000,pumpfun,REPEAT
2026-04-10T00:11:57.399Z,9AEtb967xTMosjp9XFhvHLhscPNYgDWc15jFAZR8pump,RƎ́V,REVÉRSÉ SOCIETY,solana,0.0001467,32,1024,8192,65536,32768,131072,131072,3,,16,16,1775691640000,pumpswap,REPEAT
2026-04-10T00:11:57.399Z,HdB3FdEqpjnBnFDXGiBjuED2RYsVJFTqwwCY5BfhjgAx,BWT,OFFICIAL BARRON WILLIAM TRUMP,solana,0.0001023,8192,262144,262144,262144,32768,131072,131072,163,517,4303,6134,1775776887000,pumpswap,REPEAT
2026-04-10T00:11:57.399Z,rG49p6sSbBsrbWbsdEhFFe15uq5nch2eSnQLV4fpump,XPX,XPXpay,solana,0.0005069,128,4096,16384,131072,65536,524288,524288,1,2,66,24,1775717482000,pumpswap,REPEAT
2026-04-10T00:11:57.399Z,4YiLHDR4B4pE4R5GUMA8HG8YunyeLwcobtEtvwMupump,ROCKET,ROCKET,solana,0.0003693,128,8192,65536,262144,65536,262144,262144,64,38,798,555,1775048719000,pumpswap,REPEAT
2026-04-10T00:11:57.399Z,FdUmX7zQSZgPxt1D7rtbKQisP4a2MXyejAxEnVvepump,Stoic,Stoicism ,solana,0.0001641,32768,262144,524288,524288,32768,131072,131072,374,236,4175,2675,1775773975000,pumpswap,REPEAT
2026-04-10T00:11:57.399Z,wwzqJcBxRUDfSZQQv3R4WckkNzpSFjNHkRuzZFcJJZt,JELLYBEAN,JELLYBEAN,solana,0.00003447,,,128,512,16384,32768,32768,,,,,1773329155000,raydium,REPEAT
2026-04-10T00:11:57.399Z,5j9iwWiesC4vKxHWcuRaqZ1qbQJRjnmJoZKJYA2Ypump,Nostalgia ,Do you remember that one time? ,solana,0.000002527,,128,1024,1024,,2048,2048,,,1,6,1775774800000,pumpfun,REPEAT
2026-04-10T00:11:57.399Z,DNj6DDhWiK3MHYM9oyEzpKwJ2oYhVexxDvReGTN6pump,MEMETF,MemeTF,solana,0.000003340,64,2048,32768,32768,,4096,4096,,2,21,45,1775765043000,pumpfun,REPEAT
2026-04-10T00:11:57.399Z,BEYgnrA1PTj9rrWfe7EEEFpD7KbBGXgjpEQNcM5ppump,WOJI,wojimoji,solana,0.000003025,128,262144,1048576,1048576,4096,4096,4096,2,5,1562,1964,1775772988000,pumpswap,REPEAT
2026-04-10T00:11:57.399Z,78E7b7iA5AbSLBss3Whhbmh81pncYS4bRVsFpRx9pump,FARTROCKET,Fart Rocket,solana,0.000001817,64,256,1048576,1048576,4096,2048,2048,2,1,3,17,1775773501000,pumpswap,REPEAT
2026-04-10T00:11:57.399Z,gqqPZaSV2UDmEi3dhBzA6u6x5ZTLAXPntHZ5gQ4pump,Monke,Monke,solana,0.00001051,,256,2048,8192,8192,8192,8192,,,5,12,1773824795000,pumpswap,REPEAT
2026-04-10T00:11:57.399Z,41QbtLKqJmPCP5TmnHx9pVQtwCGDc1GV5A4WVfy9pump,MOODUANG,Moo Duang,solana,0.00004845,0,8192,65536,131072,16384,65536,65536,1,,107,78,1775743897000,pumpswap,REPEAT
2026-04-10T00:11:57.399Z,6DHUPxbG7evPY17zHSsmZWbc3wgQEPAdoH9KawBJvVHU,888,888,solana,0.00002113,,32,1024,1024,4096,16384,16384,,,2,,1716383884000,raydium,REPEAT
2026-04-10T00:11:57.399Z,CZEd2GHTe5s8iJsw4VVbnmvmwuUhZC3t6WHqhtCZpump,Kris Jenner,皇太后,solana,0.00001226,32,1024,4096,16384,8192,16384,16384,,1,15,8,1774884164000,pumpswap,REPEAT
2026-04-10T00:11:57.399Z,DFPGnooMjWMttYGF2Pegmsp4Vj2VFhLyrxc5Cp1wpump,CR,Crypto Revolution ,solana,0.00003689,512,2048,2048,4096,16384,32768,32768,1,2,11,3,1775619853000,pumpswap,REPEAT
2026-04-10T00:11:57.399Z,Drfv7jnfTXpEMuppzBZnBxpSyfpTWUqeTqMhoGfzpump,PEPE,PEPE,solana,0.0001407,1024,16384,131072,262144,32768,131072,131072,173,72,2299,991,1775163619000,pumpswap,REPEAT
2026-04-10T00:11:57.399Z,FGGPS8iF8DMu2NYWr7nqx83TxXPBSNLciupEVYtqpump,boomer,boomer,solana,0.000003221,,512,131072,131072,,4096,4096,,,6,11,1775769600000,pumpfun,REPEAT
2026-04-10T00:11:57.399Z,E1LcEbomSMMEDmvGdyG84auj9m8D26gLHXm4qSaWpump,ACTB,Act B : The Satoshi Prophecy,solana,0.000001958,,32,1048576,1048576,4096,2048,2048,,,,5,1775770358000,pumpswap,REPEAT
2026-04-10T00:11:57.399Z,65AhQVGatKKr2wYMcKB7DLbyzZrvALtEA5ZcHuacpump,MMIWG2S,MMIWG2SLGBTQQIA+,solana,0.0001334,1024,65536,262144,1048576,32768,131072,131072,23,19,523,399,1775699055000,pumpswap,REPEAT
2026-04-10T00:11:57.399Z,65AhQVGatKKr2wYMcKB7DLbyzZrvALtEA5ZcHuacpump,MMIWG2S,MMIWG2SLGBTQQIA+,solana,0.0001334,1024,65536,262144,1048576,32768,131072,131072,23,19,523,399,1775699055000,pumpswap,REPEAT
2026-04-10T00:11:57.399Z,tNCAMwnoRXoPyyoonuea5X1HHvfTTgHUsK16cBupump,LOLFART,LOL Fart,solana,0.000001930,,32,1048576,1048576,4096,2048,2048,,,,4,1775767494000,pumpswap,REPEAT
2026-04-10T00:11:57.399Z,Huh3G975pLP3WTXKDnsaCTu7enAoFsHMFJCbFLeNpump,FOMO,FOMO,solana,0.0004319,,1024,16384,32768,65536,262144,262144,,,4,8,1772016102000,pumpswap,REPEAT
2026-04-10T00:11:57.399Z,4HuQ3J9JLMNUTQ5ybh9ja3E4Pu78jv52FfeNNgzPpump,IRyS,IRyS,solana,0.000002070,8,128,1048576,1048576,4096,2048,2048,1,,6,9,1775766499000,pumpswap,REPEAT
2026-04-10T00:11:57.399Z,AThx9qd79fndAR9A48wd4pqhZSDqre78Gj67QcUgpump,Upril,Upril,solana,0.00001755,1,2048,65536,65536,,16384,16384,1,,75,14,1775764768000,pumpfun,REPEAT
2026-04-10T00:16:57.400Z,H1CknM7TXz134nY5YT7KUYG6fL2Egn4ieLyzkTk7BAGS,PUNCH,パンチ,solana,0.0001113,512,32768,262144,524288,32768,131072,131072,4,8,245,185,1775694809000,meteora,REPEAT
2026-04-10T00:16:57.400Z,xmYmMCUFuQ6mVu9yNs44KPz3ALyrntyhivueaw3pump,Sora,ソラちゃん,solana,0.00001825,1024,16384,131072,131072,,16384,16384,10,3,126,166,1775768882000,pumpfun,REPEAT
2026-04-10T00:16:57.400Z,HdB3FdEqpjnBnFDXGiBjuED2RYsVJFTqwwCY5BfhjgAx,BWT,OFFICIAL BARRON WILLIAM TRUMP,solana,0.00008746,16384,262144,262144,262144,32768,65536,65536,311,613,4633,6817,1775776887000,pumpswap,REPEAT
2026-04-10T00:16:57.400Z,2AMYvN5zvXMC9ueA6vznaiaEqWrjpxHCisa2Nuc5pump,Chicky,Chicky,solana,0.00009984,1024,4096,32768,65536,32768,131072,131072,2,10,63,63,1774938227000,pumpswap,REPEAT
2026-04-10T00:16:57.400Z,6cfu6Qkqb4BhQ552DMJ2txLSxT7nfv7V69WhyEHTpump,Lizard ,The Waving Lizard ,solana,0.000008566,256,8192,8192,32768,,8192,8192,6,2,123,72,1775728143000,pumpfun,REPEAT
2026-04-10T00:16:57.400Z,9AEtb967xTMosjp9XFhvHLhscPNYgDWc15jFAZR8pump,RƎ́V,REVÉRSÉ SOCIETY,solana,0.0001471,16,1024,8192,65536,32768,131072,131072,1,1,17,17,1775691640000,pumpswap,REPEAT
2026-04-10T00:16:57.400Z,HdB3FdEqpjnBnFDXGiBjuED2RYsVJFTqwwCY5BfhjgAx,BWT,OFFICIAL BARRON WILLIAM TRUMP,solana,0.00008746,16384,262144,262144,262144,32768,65536,65536,311,613,4633,6817,1775776887000,pumpswap,REPEAT
2026-04-10T00:16:57.400Z,rG49p6sSbBsrbWbsdEhFFe15uq5nch2eSnQLV4fpump,XPX,XPXpay,solana,0.0005110,256,4096,16384,131072,65536,524288,524288,1,3,66,24,1775717482000,pumpswap,REPEAT
2026-04-10T00:16:57.400Z,4YiLHDR4B4pE4R5GUMA8HG8YunyeLwcobtEtvwMupump,ROCKET,ROCKET,solana,0.0003712,512,8192,32768,262144,65536,524288,524288,68,47,817,570,1775048719000,pumpswap,REPEAT
2026-04-10T00:16:57.400Z,FdUmX7zQSZgPxt1D7rtbKQisP4a2MXyejAxEnVvepump,Stoic,Stoicism ,solana,0.0001555,16384,262144,524288,524288,32768,131072,131072,294,155,4144,2618,1775773975000,pumpswap,REPEAT
2026-04-10T00:16:57.400Z,wwzqJcBxRUDfSZQQv3R4WckkNzpSFjNHkRuzZFcJJZt,JELLYBEAN,JELLYBEAN,solana,0.00003447,,,128,512,16384,32768,32768,,,,,1773329155000,raydium,REPEAT
2026-04-10T00:16:57.400Z,5j9iwWiesC4vKxHWcuRaqZ1qbQJRjnmJoZKJYA2Ypump,Nostalgia ,Do you remember that one time? ,solana,0.000002527,,128,1024,1024,,2048,2048,,,1,6,1775774800000,pumpfun,REPEAT
2026-04-10T00:16:57.400Z,DNj6DDhWiK3MHYM9oyEzpKwJ2oYhVexxDvReGTN6pump,MEMETF,MemeTF,solana,0.000003195,64,2048,32768,32768,,4096,4096,,4,15,45,1775765043000,pumpfun,REPEAT
2026-04-10T00:16:57.400Z,BEYgnrA1PTj9rrWfe7EEEFpD7KbBGXgjpEQNcM5ppump,WOJI,wojimoji,solana,0.000002858,64,262144,1048576,1048576,4096,2048,2048,,4,1231,1700,1775772988000,pumpswap,REPEAT
2026-04-10T00:16:57.400Z,78E7b7iA5AbSLBss3Whhbmh81pncYS4bRVsFpRx9pump,FARTROCKET,Fart Rocket,solana,0.000001983,64,512,1048576,1048576,4096,2048,2048,3,,5,15,1775773501000,pumpswap,REPEAT
2026-04-10T00:16:57.400Z,gqqPZaSV2UDmEi3dhBzA6u6x5ZTLAXPntHZ5gQ4pump,Monke,Monke,solana,0.00001051,,256,2048,8192,8192,8192,8192,,,5,12,1773824795000,pumpswap,REPEAT
2026-04-10T00:16:57.400Z,41QbtLKqJmPCP5TmnHx9pVQtwCGDc1GV5A4WVfy9pump,MOODUANG,Moo Duang,solana,0.00004193,1024,8192,65536,131072,16384,32768,32768,3,6,99,70,1775743897000,pumpswap,REPEAT
2026-04-10T00:16:57.400Z,6DHUPxbG7evPY17zHSsmZWbc3wgQEPAdoH9KawBJvVHU,888,888,solana,0.00002113,,32,1024,1024,4096,16384,16384,,,2,,1716383884000,raydium,REPEAT
2026-04-10T00:16:57.400Z,CZEd2GHTe5s8iJsw4VVbnmvmwuUhZC3t6WHqhtCZpump,Kris Jenner,皇太后,solana,0.00001226,,512,4096,16384,8192,16384,16384,,,12,6,1774884164000,pumpswap,REPEAT
2026-04-10T00:16:57.400Z,DFPGnooMjWMttYGF2Pegmsp4Vj2VFhLyrxc5Cp1wpump,CR,Crypto Revolution ,solana,0.00003689,,2048,2048,4096,16384,32768,32768,,,11,3,1775619853000,pumpswap,REPEAT
2026-04-10T00:16:57.400Z,Drfv7jnfTXpEMuppzBZnBxpSyfpTWUqeTqMhoGfzpump,PEPE,PEPE,solana,0.0001404,1024,16384,131072,262144,32768,131072,131072,178,75,2297,977,1775163619000,pumpswap,REPEAT
2026-04-10T00:16:57.400Z,FGGPS8iF8DMu2NYWr7nqx83TxXPBSNLciupEVYtqpump,boomer,boomer,solana,0.000003221,,512,131072,131072,,4096,4096,,,4,10,1775769600000,pumpfun,REPEAT
2026-04-10T00:16:57.400Z,E1LcEbomSMMEDmvGdyG84auj9m8D26gLHXm4qSaWpump,ACTB,Act B : The Satoshi Prophecy,solana,0.000001958,,32,1048576,1048576,4096,2048,2048,,,,5,1775770358000,pumpswap,REPEAT
2026-04-10T00:16:57.400Z,65AhQVGatKKr2wYMcKB7DLbyzZrvALtEA5ZcHuacpump,MMIWG2S,MMIWG2SLGBTQQIA+,solana,0.0001359,2048,65536,262144,1048576,32768,131072,131072,25,15,532,382,1775699055000,pumpswap,REPEAT
2026-04-10T00:16:57.400Z,65AhQVGatKKr2wYMcKB7DLbyzZrvALtEA5ZcHuacpump,MMIWG2S,MMIWG2SLGBTQQIA+,solana,0.0001359,2048,65536,262144,1048576,32768,131072,131072,25,15,532,382,1775699055000,pumpswap,REPEAT
2026-04-10T00:16:57.400Z,tNCAMwnoRXoPyyoonuea5X1HHvfTTgHUsK16cBupump,LOLFART,LOL Fart,solana,0.000001930,,32,1048576,1048576,4096,2048,2048,,,,3,1775767494000,pumpswap,REPEAT
2026-04-10T00:16:57.400Z,Huh3G975pLP3WTXKDnsaCTu7enAoFsHMFJCbFLeNpump,FOMO,FOMO,solana,0.0004319,,1024,16384,32768,65536,262144,262144,,,3,6,1772016102000,pumpswap,REPEAT
2026-04-10T00:16:57.400Z,4HuQ3J9JLMNUTQ5ybh9ja3E4Pu78jv52FfeNNgzPpump,IRyS,IRyS,solana,0.000002050,0,32,1048576,1048576,4096,2048,2048,,1,4,9,1775766499000,pumpswap,REPEAT
2026-04-10T00:16:57.400Z,AThx9qd79fndAR9A48wd4pqhZSDqre78Gj67QcUgpump,Upril,Upril,solana,0.00001759,16,2048,65536,65536,,16384,16384,9,3,80,16,1775764768000,pumpfun,REPEAT
2026-04-10T00:21:57.401Z,QPXY96HU7oCpqTYV8xH17DYyjbyp6mGiGcW922Lgvpr,KACHIBI2,Kawaii Chibi V2 ,solana,0.0000002189,8,2048,8192,16384,8192,16384,16384,,2,23,15,1775505502000,raydium,NEW
2026-04-10T00:21:57.401Z,2f4sWXXaXKHuQArYh94pddb7hkGWATp9MFScy26tpump,FART,Fart,solana,0.0001832,65536,524288,524288,524288,32768,131072,131072,592,368,2115,1490,1775779711000,pumpswap,NEW
2026-04-10T00:21:57.401Z,H1CknM7TXz134nY5YT7KUYG6fL2Egn4ieLyzkTk7BAGS,PUNCH,パンチ,solana,0.0001217,1024,16384,262144,524288,32768,131072,131072,12,9,233,179,1775694809000,meteora,REPEAT
2026-04-10T00:21:57.401Z,xmYmMCUFuQ6mVu9yNs44KPz3ALyrntyhivueaw3pump,Sora,ソラちゃん,solana,0.00001713,512,8192,131072,131072,,16384,16384,4,3,114,88,1775768882000,pumpfun,REPEAT
2026-04-10T00:21:57.401Z,HdB3FdEqpjnBnFDXGiBjuED2RYsVJFTqwwCY5BfhjgAx,BWT,OFFICIAL BARRON WILLIAM TRUMP,solana,0.00007764,8192,262144,262144,262144,16384,65536,65536,167,564,4668,7340,1775776887000,pumpswap,REPEAT
2026-04-10T00:21:57.401Z,2AMYvN5zvXMC9ueA6vznaiaEqWrjpxHCisa2Nuc5pump,Chicky,Chicky,solana,0.00009728,256,4096,32768,65536,32768,131072,131072,2,4,63,66,1774938227000,pumpswap,REPEAT
2026-04-10T00:21:57.401Z,6cfu6Qkqb4BhQ552DMJ2txLSxT7nfv7V69WhyEHTpump,Lizard ,The Waving Lizard ,solana,0.000008747,128,8192,8192,32768,,8192,8192,2,1,108,60,1775728143000,pumpfun,REPEAT
2026-04-10T00:21:57.401Z,9AEtb967xTMosjp9XFhvHLhscPNYgDWc15jFAZR8pump,RƎ́V,REVÉRSÉ SOCIETY,solana,0.0001437,64,1024,8192,65536,32768,131072,131072,,2,17,17,1775691640000,pumpswap,REPEAT
2026-04-10T00:21:57.401Z,HdB3FdEqpjnBnFDXGiBjuED2RYsVJFTqwwCY5BfhjgAx,BWT,OFFICIAL BARRON WILLIAM TRUMP,solana,0.00007764,8192,262144,262144,262144,16384,65536,65536,167,564,4668,7340,1775776887000,pumpswap,REPEAT
2026-04-10T00:21:57.401Z,rG49p6sSbBsrbWbsdEhFFe15uq5nch2eSnQLV4fpump,XPX,XPXpay,solana,0.0005101,128,4096,16384,131072,65536,524288,524288,1,1,65,23,1775717482000,pumpswap,REPEAT
2026-04-10T00:21:57.401Z,4YiLHDR4B4pE4R5GUMA8HG8YunyeLwcobtEtvwMupump,ROCKET,ROCKET,solana,0.0003791,512,8192,32768,262144,65536,524288,524288,59,44,811,565,1775048719000,pumpswap,REPEAT
2026-04-10T00:21:57.401Z,FdUmX7zQSZgPxt1D7rtbKQisP4a2MXyejAxEnVvepump,Stoic,Stoicism ,solana,0.0001593,16384,262144,524288,524288,32768,131072,131072,328,175,4332,2699,1775773975000,pumpswap,REPEAT
2026-04-10T00:21:57.401Z,wwzqJcBxRUDfSZQQv3R4WckkNzpSFjNHkRuzZFcJJZt,JELLYBEAN,JELLYBEAN,solana,0.00003447,,,128,512,16384,32768,32768,,,,,1773329155000,raydium,REPEAT
2026-04-10T00:21:57.401Z,5j9iwWiesC4vKxHWcuRaqZ1qbQJRjnmJoZKJYA2Ypump,Nostalgia ,Do you remember that one time? ,solana,0.000002527,,64,1024,1024,,2048,2048,,,1,5,1775774800000,pumpfun,REPEAT
2026-04-10T00:21:57.401Z,DNj6DDhWiK3MHYM9oyEzpKwJ2oYhVexxDvReGTN6pump,MEMETF,MemeTF,solana,0.000003195,,2048,32768,32768,,4096,4096,,,6,40,1775765043000,pumpfun,REPEAT
2026-04-10T00:21:57.401Z,BEYgnrA1PTj9rrWfe7EEEFpD7KbBGXgjpEQNcM5ppump,WOJI,wojimoji,solana,0.000002623,128,262144,1048576,1048576,4096,2048,2048,1,3,927,1408,1775772988000,pumpswap,REPEAT
2026-04-10T00:21:57.401Z,78E7b7iA5AbSLBss3Whhbmh81pncYS4bRVsFpRx9pump,FARTROCKET,Fart Rocket,solana,0.000001983,,256,1048576,1048576,4096,2048,2048,,,5,10,1775773501000,pumpswap,REPEAT
2026-04-10T00:21:57.401Z,gqqPZaSV2UDmEi3dhBzA6u6x5ZTLAXPntHZ5gQ4pump,Monke,Monke,solana,0.00001051,,256,2048,8192,8192,8192,8192,,,3,12,1773824795000,pumpswap,REPEAT
2026-04-10T00:21:57.401Z,41QbtLKqJmPCP5TmnHx9pVQtwCGDc1GV5A4WVfy9pump,MOODUANG,Moo Duang,solana,0.00004255,16,8192,65536,131072,16384,32768,32768,3,,90,62,1775743897000,pumpswap,REPEAT
2026-04-10T00:21:57.401Z,6DHUPxbG7evPY17zHSsmZWbc3wgQEPAdoH9KawBJvVHU,888,888,solana,0.00002113,,32,1024,1024,4096,16384,16384,,,2,,1716383884000,raydium,REPEAT
2026-04-10T00:21:57.401Z,CZEd2GHTe5s8iJsw4VVbnmvmwuUhZC3t6WHqhtCZpump,Kris Jenner,皇太后,solana,0.00001226,16,512,4096,16384,8192,16384,16384,1,1,13,7,1774884164000,pumpswap,REPEAT
2026-04-10T00:21:57.401Z,DFPGnooMjWMttYGF2Pegmsp4Vj2VFhLyrxc5Cp1wpump,CR,Crypto Revolution ,solana,0.00003689,,2048,2048,4096,16384,32768,32768,,,11,3,1775619853000,pumpswap,REPEAT
2026-04-10T00:21:57.401Z,Drfv7jnfTXpEMuppzBZnBxpSyfpTWUqeTqMhoGfzpump,PEPE,PEPE,solana,0.0001409,2048,16384,131072,262144,32768,131072,131072,183,77,2299,983,1775163619000,pumpswap,REPEAT
2026-04-10T00:21:57.401Z,FGGPS8iF8DMu2NYWr7nqx83TxXPBSNLciupEVYtqpump,boomer,boomer,solana,0.000003221,,128,131072,131072,,4096,4096,,,3,4,1775769600000,pumpfun,REPEAT
2026-04-10T00:21:57.401Z,E1LcEbomSMMEDmvGdyG84auj9m8D26gLHXm4qSaWpump,ACTB,Act B : The Satoshi Prophecy,solana,0.000001958,,32,1048576,1048576,4096,2048,2048,,,,4,1775770358000,pumpswap,REPEAT
2026-04-10T00:21:57.401Z,65AhQVGatKKr2wYMcKB7DLbyzZrvALtEA5ZcHuacpump,MMIWG2S,MMIWG2SLGBTQQIA+,solana,0.0001255,1024,32768,262144,1048576,32768,131072,131072,12,14,446,331,1775699055000,pumpswap,REPEAT
2026-04-10T00:21:57.401Z,65AhQVGatKKr2wYMcKB7DLbyzZrvALtEA5ZcHuacpump,MMIWG2S,MMIWG2SLGBTQQIA+,solana,0.0001255,1024,32768,262144,1048576,32768,131072,131072,12,14,446,331,1775699055000,pumpswap,REPEAT
2026-04-10T00:21:57.401Z,tNCAMwnoRXoPyyoonuea5X1HHvfTTgHUsK16cBupump,LOLFART,LOL Fart,solana,0.000001930,,32,1048576,1048576,4096,2048,2048,,,,2,1775767494000,pumpswap,REPEAT
2026-04-10T00:21:57.401Z,Huh3G975pLP3WTXKDnsaCTu7enAoFsHMFJCbFLeNpump,FOMO,FOMO,solana,0.0004319,,1024,16384,32768,65536,262144,262144,,,3,5,1772016102000,pumpswap,REPEAT
2026-04-10T00:26:57.402Z,3W837NEB9cwzE6Awb9iyrRBy72zaeCNy2Zcsx2Tzpump,CHITOSHI,Satoshification,solana,0.0002785,65536,262144,262144,262144,32768,262144,262144,332,255,1839,1350,1775779700000,pumpswap,NEW
2026-04-10T00:26:57.402Z,3TYgKwkE2Y3rxdw9osLRSpxpXmSC1C1oo19W9KHspump,BULL,Bull,solana,0.001912,1024,32768,262144,1048576,131072,2097152,2097152,23,24,460,360,1774278163000,pumpswap,NEW
2026-04-10T00:26:57.402Z,QPXY96HU7oCpqTYV8xH17DYyjbyp6mGiGcW922Lgvpr,KACHIBI2,Kawaii Chibi V2 ,solana,0.0000002247,64,2048,8192,16384,8192,16384,16384,2,2,22,15,1775505502000,raydium,REPEAT
2026-04-10T00:26:57.402Z,2f4sWXXaXKHuQArYh94pddb7hkGWATp9MFScy26tpump,FART,Fart,solana,0.0001402,65536,524288,524288,524288,32768,131072,131072,362,247,2566,1799,1775779711000,pumpswap,REPEAT
2026-04-10T00:26:57.402Z,H1CknM7TXz134nY5YT7KUYG6fL2Egn4ieLyzkTk7BAGS,PUNCH,パンチ,solana,0.0001216,128,16384,262144,524288,32768,131072,131072,7,2,231,170,1775694809000,meteora,REPEAT
2026-04-10T00:26:57.402Z,xmYmMCUFuQ6mVu9yNs44KPz3ALyrntyhivueaw3pump,Sora,ソラちゃん,solana,0.00001469,512,8192,131072,131072,,16384,16384,2,5,102,82,1775768882000,pumpfun,REPEAT
2026-04-10T00:26:57.402Z,HdB3FdEqpjnBnFDXGiBjuED2RYsVJFTqwwCY5BfhjgAx,BWT,OFFICIAL BARRON WILLIAM TRUMP,solana,0.00009633,8192,262144,262144,262144,32768,131072,131072,163,558,3917,7007,1775776887000,pumpswap,REPEAT
2026-04-10T00:26:57.402Z,2AMYvN5zvXMC9ueA6vznaiaEqWrjpxHCisa2Nuc5pump,Chicky,Chicky,solana,0.00009699,128,4096,32768,65536,32768,131072,131072,1,2,61,65,1774938227000,pumpswap,REPEAT
2026-04-10T00:26:57.402Z,6cfu6Qkqb4BhQ552DMJ2txLSxT7nfv7V69WhyEHTpump,Lizard ,The Waving Lizard ,solana,0.000008890,128,8192,8192,32768,,8192,8192,4,2,101,52,1775728143000,pumpfun,REPEAT
2026-04-10T00:26:57.402Z,9AEtb967xTMosjp9XFhvHLhscPNYgDWc15jFAZR8pump,RƎ́V,REVÉRSÉ SOCIETY,solana,0.0001444,64,1024,8192,65536,32768,131072,131072,1,3,17,18,1775691640000,pumpswap,REPEAT
2026-04-10T00:26:57.402Z,HdB3FdEqpjnBnFDXGiBjuED2RYsVJFTqwwCY5BfhjgAx,BWT,OFFICIAL BARRON WILLIAM TRUMP,solana,0.00009633,8192,262144,262144,262144,32768,131072,131072,163,558,3917,7007,1775776887000,pumpswap,REPEAT
2026-04-10T00:26:57.402Z,rG49p6sSbBsrbWbsdEhFFe15uq5nch2eSnQLV4fpump,XPX,XPXpay,solana,0.0005093,16,4096,16384,131072,65536,524288,524288,5,1,70,24,1775717482000,pumpswap,REPEAT
2026-04-10T00:26:57.402Z,4YiLHDR4B4pE4R5GUMA8HG8YunyeLwcobtEtvwMupump,ROCKET,ROCKET,solana,0.0003784,32,8192,32768,262144,65536,524288,524288,66,51,808,579,1775048719000,pumpswap,REPEAT
2026-04-10T00:26:57.402Z,FdUmX7zQSZgPxt1D7rtbKQisP4a2MXyejAxEnVvepump,Stoic,Stoicism ,solana,0.0001616,16384,262144,524288,524288,32768,131072,131072,274,168,4149,2541,1775773975000,pumpswap,REPEAT
2026-04-10T00:26:57.402Z,wwzqJcBxRUDfSZQQv3R4WckkNzpSFjNHkRuzZFcJJZt,JELLYBEAN,JELLYBEAN,solana,0.00003447,,,128,512,16384,32768,32768,,,,,1773329155000,raydium,REPEAT
2026-04-10T00:26:57.402Z,5j9iwWiesC4vKxHWcuRaqZ1qbQJRjnmJoZKJYA2Ypump,Nostalgia ,Do you remember that one time? ,solana,0.000002527,,64,1024,1024,,2048,2048,,,1,2,1775774800000,pumpfun,REPEAT
2026-04-10T00:26:57.402Z,DNj6DDhWiK3MHYM9oyEzpKwJ2oYhVexxDvReGTN6pump,MEMETF,MemeTF,solana,0.000003275,32,2048,32768,32768,,4096,4096,1,1,6,38,1775765043000,pumpfun,REPEAT
2026-04-10T00:26:57.402Z,BEYgnrA1PTj9rrWfe7EEEFpD7KbBGXgjpEQNcM5ppump,WOJI,wojimoji,solana,0.000002597,16,131072,1048576,1048576,4096,2048,2048,1,4,700,1211,1775772988000,pumpswap,REPEAT
2026-04-10T00:26:57.402Z,78E7b7iA5AbSLBss3Whhbmh81pncYS4bRVsFpRx9pump,FARTROCKET,Fart Rocket,solana,0.000001897,64,256,1048576,1048576,4096,2048,2048,1,3,6,11,1775773501000,pumpswap,REPEAT
2026-04-10T00:26:57.402Z,gqqPZaSV2UDmEi3dhBzA6u6x5ZTLAXPntHZ5gQ4pump,Monke,Monke,solana,0.00001051,,256,2048,8192,8192,8192,8192,,,2,11,1773824795000,pumpswap,REPEAT
2026-04-10T00:26:57.402Z,41QbtLKqJmPCP5TmnHx9pVQtwCGDc1GV5A4WVfy9pump,MOODUANG,Moo Duang,solana,0.00004320,64,8192,65536,131072,16384,32768,32768,3,2,83,60,1775743897000,pumpswap,REPEAT
2026-04-10T00:26:57.402Z,6DHUPxbG7evPY17zHSsmZWbc3wgQEPAdoH9KawBJvVHU,888,888,solana,0.00002113,,32,1024,1024,4096,16384,16384,,,2,,1716383884000,raydium,REPEAT
2026-04-10T00:26:57.402Z,CZEd2GHTe5s8iJsw4VVbnmvmwuUhZC3t6WHqhtCZpump,Kris Jenner,皇太后,solana,0.00001111,512,1024,4096,16384,8192,8192,8192,12,2,24,9,1774884164000,pumpswap,REPEAT
2026-04-10T00:26:57.402Z,DFPGnooMjWMttYGF2Pegmsp4Vj2VFhLyrxc5Cp1wpump,CR,Crypto Revolution ,solana,0.00003689,,2048,2048,4096,16384,32768,32768,,,10,3,1775619853000,pumpswap,REPEAT
2026-04-10T00:26:57.402Z,Drfv7jnfTXpEMuppzBZnBxpSyfpTWUqeTqMhoGfzpump,PEPE,PEPE,solana,0.0001433,1024,16384,131072,262144,32768,131072,131072,180,72,2301,968,1775163619000,pumpswap,REPEAT
2026-04-10T00:26:57.402Z,FGGPS8iF8DMu2NYWr7nqx83TxXPBSNLciupEVYtqpump,boomer,boomer,solana,0.000003298,128,256,131072,131072,,4096,4096,3,2,6,5,1775769600000,pumpfun,REPEAT
2026-04-10T00:26:57.402Z,E1LcEbomSMMEDmvGdyG84auj9m8D26gLHXm4qSaWpump,ACTB,Act B : The Satoshi Prophecy,solana,0.000001931,0,16,1048576,1048576,4096,2048,2048,,1,,4,1775770358000,pumpswap,REPEAT
2026-04-10T00:26:57.402Z,65AhQVGatKKr2wYMcKB7DLbyzZrvALtEA5ZcHuacpump,MMIWG2S,MMIWG2SLGBTQQIA+,solana,0.0001328,512,32768,262144,1048576,32768,131072,131072,15,9,425,309,1775699055000,pumpswap,REPEAT
2026-04-10T00:26:57.402Z,65AhQVGatKKr2wYMcKB7DLbyzZrvALtEA5ZcHuacpump,MMIWG2S,MMIWG2SLGBTQQIA+,solana,0.0001328,512,32768,262144,1048576,32768,131072,131072,15,9,425,309,1775699055000,pumpswap,REPEAT
2026-04-10T00:31:57.401Z,2f4sWXXaXKHuQArYh94pddb7hkGWATp9MFScy26tpump,FART,Fart,solana,0.0002637,65536,524288,524288,524288,32768,262144,262144,511,312,3181,2177,1775779711000,pumpswap,REPEAT
2026-04-10T00:31:57.401Z,98t9PEJF5QvAdGhu3MuQ2ww57NkRV1Rg7evSZNFxpump,$BABYTAN,BabyTan,solana,0.000007440,128,1024,2048,16384,,8192,8192,4,,51,8,1775571529000,pumpfun,NEW
2026-04-10T00:31:57.401Z,3W837NEB9cwzE6Awb9iyrRBy72zaeCNy2Zcsx2Tzpump,CHITOSHI,Satoshification,solana,0.0003044,65536,524288,524288,524288,32768,262144,262144,364,245,2244,1619,1775779700000,pumpswap,REPEAT
2026-04-10T00:31:57.401Z,3TYgKwkE2Y3rxdw9osLRSpxpXmSC1C1oo19W9KHspump,BULL,Bull,solana,0.001921,1024,32768,262144,1048576,131072,2097152,2097152,37,24,472,346,1774278163000,pumpswap,REPEAT
2026-04-10T00:31:57.401Z,QPXY96HU7oCpqTYV8xH17DYyjbyp6mGiGcW922Lgvpr,KACHIBI2,Kawaii Chibi V2 ,solana,0.0000002246,,1024,8192,16384,8192,16384,16384,,1,21,13,1775505502000,raydium,REPEAT
2026-04-10T00:31:57.401Z,2f4sWXXaXKHuQArYh94pddb7hkGWATp9MFScy26tpump,FART,Fart,solana,0.0002637,65536,524288,524288,524288,32768,262144,262144,511,312,3181,2177,1775779711000,pumpswap,REPEAT
2026-04-10T00:31:57.401Z,H1CknM7TXz134nY5YT7KUYG6fL2Egn4ieLyzkTk7BAGS,PUNCH,パンチ,solana,0.0001161,512,16384,262144,524288,32768,131072,131072,4,3,228,169,1775694809000,meteora,REPEAT
2026-04-10T00:31:57.401Z,xmYmMCUFuQ6mVu9yNs44KPz3ALyrntyhivueaw3pump,Sora,ソラちゃん,solana,0.00001343,1024,8192,131072,131072,,16384,16384,7,14,105,88,1775768882000,pumpfun,REPEAT
2026-04-10T00:31:57.401Z,HdB3FdEqpjnBnFDXGiBjuED2RYsVJFTqwwCY5BfhjgAx,BWT,OFFICIAL BARRON WILLIAM TRUMP,solana,0.0001102,8192,262144,262144,262144,32768,131072,131072,142,549,3372,6671,1775776887000,pumpswap,REPEAT
2026-04-10T00:31:57.401Z,2AMYvN5zvXMC9ueA6vznaiaEqWrjpxHCisa2Nuc5pump,Chicky,Chicky,solana,0.00009838,8,4096,32768,65536,32768,131072,131072,1,,44,48,1774938227000,pumpswap,REPEAT
2026-04-10T00:31:57.401Z,6cfu6Qkqb4BhQ552DMJ2txLSxT7nfv7V69WhyEHTpump,Lizard ,The Waving Lizard ,solana,0.000009215,64,8192,8192,32768,,8192,8192,3,,99,46,1775728143000,pumpfun,REPEAT
2026-04-10T00:31:57.401Z,9AEtb967xTMosjp9XFhvHLhscPNYgDWc15jFAZR8pump,RƎ́V,REVÉRSÉ SOCIETY,solana,0.0001444,,1024,8192,65536,32768,131072,131072,,,16,18,1775691640000,pumpswap,REPEAT
2026-04-10T00:31:57.401Z,HdB3FdEqpjnBnFDXGiBjuED2RYsVJFTqwwCY5BfhjgAx,BWT,OFFICIAL BARRON WILLIAM TRUMP,solana,0.0001102,8192,262144,262144,262144,32768,131072,131072,142,549,3372,6671,1775776887000,pumpswap,REPEAT
2026-04-10T00:31:57.401Z,rG49p6sSbBsrbWbsdEhFFe15uq5nch2eSnQLV4fpump,XPX,XPXpay,solana,0.0005089,32,4096,16384,131072,65536,524288,524288,1,3,70,28,1775717482000,pumpswap,REPEAT
2026-04-10T00:31:57.401Z,4YiLHDR4B4pE4R5GUMA8HG8YunyeLwcobtEtvwMupump,ROCKET,ROCKET,solana,0.0003792,256,4096,32768,262144,65536,524288,524288,65,48,807,584,1775048719000,pumpswap,REPEAT
2026-04-10T00:31:57.401Z,FdUmX7zQSZgPxt1D7rtbKQisP4a2MXyejAxEnVvepump,Stoic,Stoicism ,solana,0.0001586,16384,262144,524288,524288,32768,131072,131072,261,134,3984,2386,1775773975000,pumpswap,REPEAT
2026-04-10T00:31:57.401Z,wwzqJcBxRUDfSZQQv3R4WckkNzpSFjNHkRuzZFcJJZt,JELLYBEAN,JELLYBEAN,solana,0.00003447,,,128,512,16384,32768,32768,,,,,1773329155000,raydium,REPEAT
2026-04-10T00:31:57.401Z,5j9iwWiesC4vKxHWcuRaqZ1qbQJRjnmJoZKJYA2Ypump,Nostalgia ,Do you remember that one time? ,solana,0.000002527,,64,1024,1024,,2048,2048,,,1,2,1775774800000,pumpfun,REPEAT
2026-04-10T00:31:57.401Z,DNj6DDhWiK3MHYM9oyEzpKwJ2oYhVexxDvReGTN6pump,MEMETF,MemeTF,solana,0.000003275,,2048,32768,32768,,4096,4096,,,6,38,1775765043000,pumpfun,REPEAT
2026-04-10T00:31:57.401Z,BEYgnrA1PTj9rrWfe7EEEFpD7KbBGXgjpEQNcM5ppump,WOJI,wojimoji,solana,0.000002635,0,65536,1048576,1048576,4096,2048,2048,1,,428,1037,1775772988000,pumpswap,REPEAT
2026-04-10T00:31:57.401Z,78E7b7iA5AbSLBss3Whhbmh81pncYS4bRVsFpRx9pump,FARTROCKET,Fart Rocket,solana,0.000001840,0,256,1048576,1048576,4096,2048,2048,,1,6,10,1775773501000,pumpswap,REPEAT
2026-04-10T00:31:57.401Z,gqqPZaSV2UDmEi3dhBzA6u6x5ZTLAXPntHZ5gQ4pump,Monke,Monke,solana,0.00001026,64,256,2048,8192,8192,8192,8192,,1,2,12,1773824795000,pumpswap,REPEAT
2026-04-10T00:31:57.401Z,41QbtLKqJmPCP5TmnHx9pVQtwCGDc1GV5A4WVfy9pump,MOODUANG,Moo Duang,solana,0.00003869,512,8192,65536,131072,16384,32768,32768,7,7,78,64,1775743897000,pumpswap,REPEAT
2026-04-10T00:31:57.401Z,6DHUPxbG7evPY17zHSsmZWbc3wgQEPAdoH9KawBJvVHU,888,888,solana,0.00002113,,32,1024,1024,4096,16384,16384,,,1,,1716383884000,raydium,REPEAT
2026-04-10T00:31:57.401Z,CZEd2GHTe5s8iJsw4VVbnmvmwuUhZC3t6WHqhtCZpump,Kris Jenner,皇太后,solana,0.00001116,8,1024,4096,16384,8192,8192,8192,1,,25,9,1774884164000,pumpswap,REPEAT
2026-04-10T00:31:57.401Z,DFPGnooMjWMttYGF2Pegmsp4Vj2VFhLyrxc5Cp1wpump,CR,Crypto Revolution ,solana,0.00003736,8,2048,2048,4096,16384,32768,32768,1,,10,3,1775619853000,pumpswap,REPEAT
2026-04-10T00:31:57.401Z,Drfv7jnfTXpEMuppzBZnBxpSyfpTWUqeTqMhoGfzpump,PEPE,PEPE,solana,0.0001706,4096,16384,131072,262144,32768,131072,131072,211,89,2330,977,1775163619000,pumpswap,REPEAT
2026-04-10T00:31:57.401Z,FGGPS8iF8DMu2NYWr7nqx83TxXPBSNLciupEVYtqpump,boomer,boomer,solana,0.000003298,,256,131072,131072,,4096,4096,,,6,5,1775769600000,pumpfun,REPEAT
2026-04-10T00:31:57.401Z,E1LcEbomSMMEDmvGdyG84auj9m8D26gLHXm4qSaWpump,ACTB,Act B : The Satoshi Prophecy,solana,0.000001931,,16,1048576,1048576,4096,2048,2048,,,,2,1775770358000,pumpswap,REPEAT
2026-04-10T00:36:57.402Z,61bSahZBWZgws8HQNSV57mtASrDAN3HBT9DwQNG3Bjt,mememan,Meme Man,solana,0.00009963,512,8192,32768,65536,32768,131072,131072,4,6,79,58,1775463353000,pumpswap,NEW
2026-04-10T00:36:57.402Z,2f4sWXXaXKHuQArYh94pddb7hkGWATp9MFScy26tpump,FART,Fart,solana,0.0001615,65536,524288,524288,524288,32768,131072,131072,333,256,3577,2464,1775779711000,pumpswap,REPEAT
2026-04-10T00:36:57.402Z,98t9PEJF5QvAdGhu3MuQ2ww57NkRV1Rg7evSZNFxpump,$BABYTAN,BabyTan,solana,0.000008924,512,2048,4096,16384,,8192,8192,11,4,64,12,1775571529000,pumpfun,REPEAT
2026-04-10T00:36:57.402Z,3W837NEB9cwzE6Awb9iyrRBy72zaeCNy2Zcsx2Tzpump,CHITOSHI,Satoshification,solana,0.0003448,65536,524288,524288,524288,32768,262144,262144,354,186,2638,1827,1775779700000,pumpswap,REPEAT
2026-04-10T00:36:57.402Z,3TYgKwkE2Y3rxdw9osLRSpxpXmSC1C1oo19W9KHspump,BULL,Bull,solana,0.001930,1024,32768,262144,1048576,131072,2097152,2097152,20,22,494,341,1774278163000,pumpswap,REPEAT
2026-04-10T00:36:57.402Z,QPXY96HU7oCpqTYV8xH17DYyjbyp6mGiGcW922Lgvpr,KACHIBI2,Kawaii Chibi V2 ,solana,0.0000002241,32,1024,8192,16384,8192,16384,16384,1,1,22,12,1775505502000,raydium,REPEAT
2026-04-10T00:36:57.402Z,2f4sWXXaXKHuQArYh94pddb7hkGWATp9MFScy26tpump,FART,Fart,solana,0.0001615,65536,524288,524288,524288,32768,131072,131072,333,256,3577,2464,1775779711000,pumpswap,REPEAT
2026-04-10T00:36:57.402Z,H1CknM7TXz134nY5YT7KUYG6fL2Egn4ieLyzkTk7BAGS,PUNCH,パンチ,solana,0.0001313,1024,16384,262144,524288,32768,131072,131072,8,3,229,167,1775694809000,meteora,REPEAT
2026-04-10T00:36:57.402Z,xmYmMCUFuQ6mVu9yNs44KPz3ALyrntyhivueaw3pump,Sora,ソラちゃん,solana,0.00001483,256,8192,131072,131072,,16384,16384,7,4,111,74,1775768882000,pumpfun,REPEAT
2026-04-10T00:36:57.402Z,HdB3FdEqpjnBnFDXGiBjuED2RYsVJFTqwwCY5BfhjgAx,BWT,OFFICIAL BARRON WILLIAM TRUMP,solana,0.00007577,32768,262144,262144,262144,16384,65536,65536,368,738,3356,7228,1775776887000,pumpswap,REPEAT
2026-04-10T00:36:57.402Z,2AMYvN5zvXMC9ueA6vznaiaEqWrjpxHCisa2Nuc5pump,Chicky,Chicky,solana,0.00009838,,4096,32768,65536,32768,131072,131072,,,44,47,1774938227000,pumpswap,REPEAT
2026-04-10T00:36:57.402Z,6cfu6Qkqb4BhQ552DMJ2txLSxT7nfv7V69WhyEHTpump,Lizard ,The Waving Lizard ,solana,0.000009437,64,4096,8192,32768,,8192,8192,3,,81,40,1775728143000,pumpfun,REPEAT
2026-04-10T00:36:57.402Z,9AEtb967xTMosjp9XFhvHLhscPNYgDWc15jFAZR8pump,RƎ́V,REVÉRSÉ SOCIETY,solana,0.0001427,4,512,8192,32768,32768,131072,131072,,1,12,16,1775691640000,pumpswap,REPEAT
2026-04-10T00:36:57.402Z,HdB3FdEqpjnBnFDXGiBjuED2RYsVJFTqwwCY5BfhjgAx,BWT,OFFICIAL BARRON WILLIAM TRUMP,solana,0.00007577,32768,262144,262144,262144,16384,65536,65536,368,738,3356,7228,1775776887000,pumpswap,REPEAT
2026-04-10T00:36:57.402Z,rG49p6sSbBsrbWbsdEhFFe15uq5nch2eSnQLV4fpump,XPX,XPXpay,solana,0.0005156,8,4096,16384,131072,65536,524288,524288,2,,71,28,1775717482000,pumpswap,REPEAT
2026-04-10T00:36:57.402Z,4YiLHDR4B4pE4R5GUMA8HG8YunyeLwcobtEtvwMupump,ROCKET,ROCKET,solana,0.0003770,128,4096,32768,262144,65536,524288,524288,66,46,807,577,1775048719000,pumpswap,REPEAT
2026-04-10T00:36:57.402Z,FdUmX7zQSZgPxt1D7rtbKQisP4a2MXyejAxEnVvepump,Stoic,Stoicism ,solana,0.0001453,8192,262144,524288,524288,32768,131072,131072,247,128,3709,2209,1775773975000,pumpswap,REPEAT
2026-04-10T00:36:57.402Z,wwzqJcBxRUDfSZQQv3R4WckkNzpSFjNHkRuzZFcJJZt,JELLYBEAN,JELLYBEAN,solana,0.00003447,,,128,512,16384,32768,32768,,,,,1773329155000,raydium,REPEAT
2026-04-10T00:36:57.402Z,5j9iwWiesC4vKxHWcuRaqZ1qbQJRjnmJoZKJYA2Ypump,Nostalgia ,Do you remember that one time? ,solana,0.000002527,,64,1024,1024,,2048,2048,,,1,2,1775774800000,pumpfun,REPEAT
2026-04-10T00:36:57.402Z,DNj6DDhWiK3MHYM9oyEzpKwJ2oYhVexxDvReGTN6pump,MEMETF,MemeTF,solana,0.000003108,64,2048,32768,32768,,4096,4096,,4,6,38,1775765043000,pumpfun,REPEAT
2026-04-10T00:36:57.402Z,BEYgnrA1PTj9rrWfe7EEEFpD7KbBGXgjpEQNcM5ppump,WOJI,wojimoji,solana,0.000002607,1,16384,1048576,1048576,4096,2048,2048,1,2,166,758,1775772988000,pumpswap,REPEAT
2026-04-10T00:36:57.402Z,78E7b7iA5AbSLBss3Whhbmh81pncYS4bRVsFpRx9pump,FARTROCKET,Fart Rocket,solana,0.000001840,,256,1048576,1048576,4096,2048,2048,,,6,9,1775773501000,pumpswap,REPEAT
2026-04-10T00:36:57.402Z,gqqPZaSV2UDmEi3dhBzA6u6x5ZTLAXPntHZ5gQ4pump,Monke,Monke,solana,0.00001026,,128,2048,8192,8192,8192,8192,,,1,4,1773824795000,pumpswap,REPEAT
2026-04-10T00:36:57.402Z,41QbtLKqJmPCP5TmnHx9pVQtwCGDc1GV5A4WVfy9pump,MOODUANG,Moo Duang,solana,0.00003851,64,8192,65536,131072,16384,32768,32768,2,2,63,60,1775743897000,pumpswap,REPEAT
2026-04-10T00:36:57.402Z,6DHUPxbG7evPY17zHSsmZWbc3wgQEPAdoH9KawBJvVHU,888,888,solana,0.00002113,,,1024,1024,4096,16384,16384,,,,,1716383884000,raydium,REPEAT
2026-04-10T00:36:57.402Z,CZEd2GHTe5s8iJsw4VVbnmvmwuUhZC3t6WHqhtCZpump,Kris Jenner,皇太后,solana,0.00001116,,1024,4096,16384,8192,8192,8192,,,25,9,1774884164000,pumpswap,REPEAT
2026-04-10T00:36:57.402Z,DFPGnooMjWMttYGF2Pegmsp4Vj2VFhLyrxc5Cp1wpump,CR,Crypto Revolution ,solana,0.00003736,,2048,2048,4096,16384,32768,32768,,,10,3,1775619853000,pumpswap,REPEAT
2026-04-10T00:36:57.402Z,Drfv7jnfTXpEMuppzBZnBxpSyfpTWUqeTqMhoGfzpump,PEPE,PEPE,solana,0.0001552,4096,16384,131072,262144,32768,131072,131072,191,94,2343,999,1775163619000,pumpswap,REPEAT
2026-04-10T00:36:57.402Z,FGGPS8iF8DMu2NYWr7nqx83TxXPBSNLciupEVYtqpump,boomer,boomer,solana,0.000003298,,256,131072,131072,,4096,4096,,,6,5,1775769600000,pumpfun,REPEAT
2026-04-10T00:41:57.404Z,ATgsKWXnmEyrv3BvBndyQP55Xg49RhhGgFktasv2pump,SOLTAR,Soltar,solana,0.00004401,128,128,1024,2048,16384,32768,32768,1,1,3,2,1774183067000,pumpswap,NEW
2026-04-10T00:41:57.404Z,61bSahZBWZgws8HQNSV57mtASrDAN3HBT9DwQNG3Bjt,mememan,Meme Man,solana,0.00009916,512,8192,32768,65536,32768,131072,131072,7,5,81,61,1775463353000,pumpswap,REPEAT
2026-04-10T00:41:57.404Z,2f4sWXXaXKHuQArYh94pddb7hkGWATp9MFScy26tpump,FART,Fart,solana,0.0002329,65536,524288,524288,524288,32768,262144,262144,402,334,4026,2824,1775779711000,pumpswap,REPEAT
2026-04-10T00:41:57.404Z,98t9PEJF5QvAdGhu3MuQ2ww57NkRV1Rg7evSZNFxpump,$BABYTAN,BabyTan,solana,0.000009681,512,2048,4096,16384,,8192,8192,10,6,73,18,1775571529000,pumpfun,REPEAT
2026-04-10T00:41:57.404Z,3W837NEB9cwzE6Awb9iyrRBy72zaeCNy2Zcsx2Tzpump,CHITOSHI,Satoshification,solana,0.0003056,65536,524288,524288,524288,32768,262144,262144,336,218,3011,2063,1775779700000,pumpswap,REPEAT
2026-04-10T00:41:57.404Z,3TYgKwkE2Y3rxdw9osLRSpxpXmSC1C1oo19W9KHspump,BULL,Bull,solana,0.001924,2048,32768,262144,1048576,131072,2097152,2097152,61,27,530,344,1774278163000,pumpswap,REPEAT
2026-04-10T00:41:57.404Z,QPXY96HU7oCpqTYV8xH17DYyjbyp6mGiGcW922Lgvpr,KACHIBI2,Kawaii Chibi V2 ,solana,0.0000002780,512,2048,8192,16384,8192,32768,32768,4,4,26,15,1775505502000,raydium,REPEAT
2026-04-10T00:41:57.404Z,2f4sWXXaXKHuQArYh94pddb7hkGWATp9MFScy26tpump,FART,Fart,solana,0.0002329,65536,524288,524288,524288,32768,262144,262144,402,334,4026,2824,1775779711000,pumpswap,REPEAT
2026-04-10T00:41:57.404Z,H1CknM7TXz134nY5YT7KUYG6fL2Egn4ieLyzkTk7BAGS,PUNCH,パンチ,solana,0.0001635,2048,16384,262144,524288,32768,131072,131072,13,17,240,180,1775694809000,meteora,REPEAT
2026-04-10T00:41:57.404Z,xmYmMCUFuQ6mVu9yNs44KPz3ALyrntyhivueaw3pump,Sora,ソラちゃん,solana,0.00001674,1024,8192,131072,131072,,16384,16384,3,3,97,70,1775768882000,pumpfun,REPEAT
2026-04-10T00:41:57.404Z,HdB3FdEqpjnBnFDXGiBjuED2RYsVJFTqwwCY5BfhjgAx,BWT,OFFICIAL BARRON WILLIAM TRUMP,solana,0.00007133,8192,262144,262144,262144,16384,65536,65536,205,564,3318,7667,1775776887000,pumpswap,REPEAT
2026-04-10T00:41:57.404Z,2AMYvN5zvXMC9ueA6vznaiaEqWrjpxHCisa2Nuc5pump,Chicky,Chicky,solana,0.00009693,16,4096,32768,65536,32768,131072,131072,,1,43,46,1774938227000,pumpswap,REPEAT
2026-04-10T00:41:57.404Z,6cfu6Qkqb4BhQ552DMJ2txLSxT7nfv7V69WhyEHTpump,Lizard ,The Waving Lizard ,solana,0.000009322,256,4096,8192,32768,,8192,8192,1,2,75,37,1775728143000,pumpfun,REPEAT
2026-04-10T00:41:57.404Z,9AEtb967xTMosjp9XFhvHLhscPNYgDWc15jFAZR8pump,RƎ́V,REVÉRSÉ SOCIETY,solana,0.0001450,32,512,8192,32768,32768,131072,131072,2,,13,15,1775691640000,pumpswap,REPEAT
2026-04-10T00:41:57.404Z,HdB3FdEqpjnBnFDXGiBjuED2RYsVJFTqwwCY5BfhjgAx,BWT,OFFICIAL BARRON WILLIAM TRUMP,solana,0.00007133,8192,262144,262144,262144,16384,65536,65536,205,564,3318,7667,1775776887000,pumpswap,REPEAT
2026-04-10T00:41:57.404Z,rG49p6sSbBsrbWbsdEhFFe15uq5nch2eSnQLV4fpump,XPX,XPXpay,solana,0.0005178,128,4096,16384,131072,65536,524288,524288,1,1,69,28,1775717482000,pumpswap,REPEAT
2026-04-10T00:41:57.404Z,4YiLHDR4B4pE4R5GUMA8HG8YunyeLwcobtEtvwMupump,ROCKET,ROCKET,solana,0.0003714,1024,4096,32768,262144,65536,524288,524288,73,47,808,569,1775048719000,pumpswap,REPEAT
2026-04-10T00:41:57.404Z,FdUmX7zQSZgPxt1D7rtbKQisP4a2MXyejAxEnVvepump,Stoic,Stoicism ,solana,0.0001586,8192,262144,524288,524288,32768,131072,131072,227,128,3499,2060,1775773975000,pumpswap,REPEAT
2026-04-10T00:41:57.404Z,wwzqJcBxRUDfSZQQv3R4WckkNzpSFjNHkRuzZFcJJZt,JELLYBEAN,JELLYBEAN,solana,0.00003447,,,128,512,16384,32768,32768,,,,,1773329155000,raydium,REPEAT
2026-04-10T00:41:57.404Z,5j9iwWiesC4vKxHWcuRaqZ1qbQJRjnmJoZKJYA2Ypump,Nostalgia ,Do you remember that one time? ,solana,0.000002527,,32,1024,1024,,2048,2048,,,,1,1775774800000,pumpfun,REPEAT
2026-04-10T00:41:57.404Z,DNj6DDhWiK3MHYM9oyEzpKwJ2oYhVexxDvReGTN6pump,MEMETF,MemeTF,solana,0.000003108,,2048,32768,32768,,4096,4096,,,4,36,1775765043000,pumpfun,REPEAT
2026-04-10T00:41:57.404Z,BEYgnrA1PTj9rrWfe7EEEFpD7KbBGXgjpEQNcM5ppump,WOJI,wojimoji,solana,0.000002711,32,2048,1048576,1048576,4096,2048,2048,1,1,66,67,1775772988000,pumpswap,REPEAT
2026-04-10T00:41:57.404Z,78E7b7iA5AbSLBss3Whhbmh81pncYS4bRVsFpRx9pump,FARTROCKET,Fart Rocket,solana,0.000001883,16,256,1048576,1048576,4096,2048,2048,1,,7,6,1775773501000,pumpswap,REPEAT
2026-04-10T00:41:57.404Z,gqqPZaSV2UDmEi3dhBzA6u6x5ZTLAXPntHZ5gQ4pump,Monke,Monke,solana,0.00001022,16,128,2048,8192,8192,8192,8192,1,1,1,5,1773824795000,pumpswap,REPEAT
2026-04-10T00:41:57.404Z,41QbtLKqJmPCP5TmnHx9pVQtwCGDc1GV5A4WVfy9pump,MOODUANG,Moo Duang,solana,0.00003709,128,4096,65536,131072,16384,32768,32768,,2,49,55,1775743897000,pumpswap,REPEAT
2026-04-10T00:41:57.404Z,6DHUPxbG7evPY17zHSsmZWbc3wgQEPAdoH9KawBJvVHU,888,888,solana,0.00002113,,,1024,1024,4096,16384,16384,,,,,1716383884000,raydium,REPEAT
2026-04-10T00:41:57.404Z,CZEd2GHTe5s8iJsw4VVbnmvmwuUhZC3t6WHqhtCZpump,Kris Jenner,皇太后,solana,0.00001116,,1024,4096,16384,8192,8192,8192,,,25,9,1774884164000,pumpswap,REPEAT
2026-04-10T00:41:57.404Z,DFPGnooMjWMttYGF2Pegmsp4Vj2VFhLyrxc5Cp1wpump,CR,Crypto Revolution ,solana,0.00003737,4,2048,2048,4096,16384,32768,32768,1,,11,3,1775619853000,pumpswap,REPEAT
2026-04-10T00:41:57.404Z,Drfv7jnfTXpEMuppzBZnBxpSyfpTWUqeTqMhoGfzpump,PEPE,PEPE,solana,0.0001495,4096,32768,131072,262144,32768,131072,131072,219,102,2378,1024,1775163619000,pumpswap,REPEAT
2026-04-10T00:46:57.404Z,2f4sWXXaXKHuQArYh94pddb7hkGWATp9MFScy26tpump,FART,Fart,solana,0.0001961,65536,1048576,1048576,1048576,32768,262144,262144,338,258,4425,3172,1775779711000,pumpswap,REPEAT
2026-04-10T00:46:57.404Z,ATgsKWXnmEyrv3BvBndyQP55Xg49RhhGgFktasv2pump,SOLTAR,Soltar,solana,0.00004455,8,256,1024,4096,16384,32768,32768,,1,4,2,1774183067000,pumpswap,REPEAT
2026-04-10T00:46:57.404Z,61bSahZBWZgws8HQNSV57mtASrDAN3HBT9DwQNG3Bjt,mememan,Meme Man,solana,0.0001008,512,8192,32768,65536,32768,131072,131072,7,4,84,62,1775463353000,pumpswap,REPEAT
2026-04-10T00:46:57.404Z,2f4sWXXaXKHuQArYh94pddb7hkGWATp9MFScy26tpump,FART,Fart,solana,0.0001961,65536,1048576,1048576,1048576,32768,262144,262144,338,258,4425,3172,1775779711000,pumpswap,REPEAT
2026-04-10T00:46:57.404Z,98t9PEJF5QvAdGhu3MuQ2ww57NkRV1Rg7evSZNFxpump,$BABYTAN,BabyTan,solana,0.000009707,128,2048,4096,16384,,8192,8192,7,6,80,24,1775571529000,pumpfun,REPEAT
2026-04-10T00:46:57.404Z,3W837NEB9cwzE6Awb9iyrRBy72zaeCNy2Zcsx2Tzpump,CHITOSHI,Satoshification,solana,0.0002981,65536,524288,524288,524288,32768,262144,262144,287,167,3312,2245,1775779700000,pumpswap,REPEAT
2026-04-10T00:46:57.404Z,3TYgKwkE2Y3rxdw9osLRSpxpXmSC1C1oo19W9KHspump,BULL,Bull,solana,0.001918,2048,32768,262144,1048576,131072,2097152,2097152,64,21,566,338,1774278163000,pumpswap,REPEAT
2026-04-10T00:46:57.404Z,QPXY96HU7oCpqTYV8xH17DYyjbyp6mGiGcW922Lgvpr,KACHIBI2,Kawaii Chibi V2 ,solana,0.0000002670,256,2048,8192,16384,8192,32768,32768,1,2,26,18,1775505502000,raydium,REPEAT
2026-04-10T00:46:57.404Z,2f4sWXXaXKHuQArYh94pddb7hkGWATp9MFScy26tpump,FART,Fart,solana,0.0001961,65536,1048576,1048576,1048576,32768,262144,262144,338,258,4425,3172,1775779711000,pumpswap,REPEAT
2026-04-10T00:46:57.404Z,H1CknM7TXz134nY5YT7KUYG6fL2Egn4ieLyzkTk7BAGS,PUNCH,パンチ,solana,0.0001296,2048,16384,262144,524288,32768,131072,131072,7,17,225,178,1775694809000,meteora,REPEAT
2026-04-10T00:46:57.404Z,xmYmMCUFuQ6mVu9yNs44KPz3ALyrntyhivueaw3pump,Sora,ソラちゃん,solana,0.00002026,1024,8192,131072,131072,,16384,16384,6,6,95,67,1775768882000,pumpfun,REPEAT
2026-04-10T00:46:57.404Z,HdB3FdEqpjnBnFDXGiBjuED2RYsVJFTqwwCY5BfhjgAx,BWT,OFFICIAL BARRON WILLIAM TRUMP,solana,0.00003438,16384,262144,262144,262144,16384,32768,32768,258,700,3415,8079,1775776887000,pumpswap,REPEAT
2026-04-10T00:46:57.404Z,2AMYvN5zvXMC9ueA6vznaiaEqWrjpxHCisa2Nuc5pump,Chicky,Chicky,solana,0.00009681,16,2048,32768,65536,32768,131072,131072,,1,31,40,1774938227000,pumpswap,REPEAT
2026-04-10T00:46:57.404Z,6cfu6Qkqb4BhQ552DMJ2txLSxT7nfv7V69WhyEHTpump,Lizard ,The Waving Lizard ,solana,0.00001156,512,4096,8192,32768,,8192,8192,4,,66,31,1775728143000,pumpfun,REPEAT
2026-04-10T00:46:57.404Z,9AEtb967xTMosjp9XFhvHLhscPNYgDWc15jFAZR8pump,RƎ́V,REVÉRSÉ SOCIETY,solana,0.0001430,,512,8192,32768,32768,131072,131072,,,13,15,1775691640000,pumpswap,REPEAT
2026-04-10T00:46:57.404Z,HdB3FdEqpjnBnFDXGiBjuED2RYsVJFTqwwCY5BfhjgAx,BWT,OFFICIAL BARRON WILLIAM TRUMP,solana,0.00003438,16384,262144,262144,262144,16384,32768,32768,258,700,3415,8079,1775776887000,pumpswap,REPEAT
2026-04-10T00:46:57.404Z,rG49p6sSbBsrbWbsdEhFFe15uq5nch2eSnQLV4fpump,XPX,XPXpay,solana,0.0005207,8,1024,16384,131072,65536,524288,524288,1,,57,16,1775717482000,pumpswap,REPEAT
2026-04-10T00:46:57.404Z,4YiLHDR4B4pE4R5GUMA8HG8YunyeLwcobtEtvwMupump,ROCKET,ROCKET,solana,0.0003796,512,4096,32768,262144,65536,524288,524288,65,44,811,562,1775048719000,pumpswap,REPEAT
2026-04-10T00:46:57.404Z,FdUmX7zQSZgPxt1D7rtbKQisP4a2MXyejAxEnVvepump,Stoic,Stoicism ,solana,0.0001506,16384,262144,524288,524288,32768,131072,131072,393,191,3469,1974,1775773975000,pumpswap,REPEAT
2026-04-10T00:46:57.404Z,wwzqJcBxRUDfSZQQv3R4WckkNzpSFjNHkRuzZFcJJZt,JELLYBEAN,JELLYBEAN,solana,0.00003447,,,128,512,16384,32768,32768,,,,,1773329155000,raydium,REPEAT
2026-04-10T00:46:57.404Z,5j9iwWiesC4vKxHWcuRaqZ1qbQJRjnmJoZKJYA2Ypump,Nostalgia ,Do you remember that one time? ,solana,0.000002527,,32,1024,1024,,2048,2048,,,,1,1775774800000,pumpfun,REPEAT
2026-04-10T00:46:57.404Z,DNj6DDhWiK3MHYM9oyEzpKwJ2oYhVexxDvReGTN6pump,MEMETF,MemeTF,solana,0.000003102,0,1024,32768,32768,,4096,4096,,1,4,35,1775765043000,pumpfun,REPEAT
2026-04-10T00:46:57.404Z,BEYgnrA1PTj9rrWfe7EEEFpD7KbBGXgjpEQNcM5ppump,WOJI,wojimoji,solana,0.000002811,64,2048,1048576,1048576,4096,2048,2048,1,,41,53,1775772988000,pumpswap,REPEAT
2026-04-10T00:46:57.404Z,78E7b7iA5AbSLBss3Whhbmh81pncYS4bRVsFpRx9pump,FARTROCKET,Fart Rocket,solana,0.000001883,,256,1048576,1048576,4096,2048,2048,,,7,6,1775773501000,pumpswap,REPEAT
2026-04-10T00:46:57.404Z,gqqPZaSV2UDmEi3dhBzA6u6x5ZTLAXPntHZ5gQ4pump,Monke,Monke,solana,0.00001006,16,128,2048,8192,8192,8192,8192,,1,1,4,1773824795000,pumpswap,REPEAT
2026-04-10T00:46:57.404Z,41QbtLKqJmPCP5TmnHx9pVQtwCGDc1GV5A4WVfy9pump,MOODUANG,Moo Duang,solana,0.00003830,128,4096,65536,131072,16384,32768,32768,5,,44,39,1775743897000,pumpswap,REPEAT
2026-04-10T00:46:57.404Z,6DHUPxbG7evPY17zHSsmZWbc3wgQEPAdoH9KawBJvVHU,888,888,solana,0.00002113,,,1024,1024,4096,16384,16384,,,,,1716383884000,raydium,REPEAT
2026-04-10T00:46:57.404Z,CZEd2GHTe5s8iJsw4VVbnmvmwuUhZC3t6WHqhtCZpump,Kris Jenner,皇太后,solana,0.00001176,64,1024,4096,16384,8192,16384,16384,,3,33,12,1774884164000,pumpswap,REPEAT
2026-04-10T00:46:57.404Z,DFPGnooMjWMttYGF2Pegmsp4Vj2VFhLyrxc5Cp1wpump,CR,Crypto Revolution ,solana,0.00003686,4,1024,2048,4096,16384,32768,32768,,1,10,4,1775619853000,pumpswap,REPEAT
2026-04-10T00:51:57.405Z,2f4sWXXaXKHuQArYh94pddb7hkGWATp9MFScy26tpump,FART,Fart,solana,0.0001894,65536,1048576,1048576,1048576,32768,262144,262144,285,247,4746,3454,1775779711000,pumpswap,REPEAT
2026-04-10T00:51:57.405Z,ATgsKWXnmEyrv3BvBndyQP55Xg49RhhGgFktasv2pump,SOLTAR,Soltar,solana,0.00004527,8,256,1024,2048,16384,32768,32768,1,,5,2,1774183067000,pumpswap,REPEAT
2026-04-10T00:51:57.405Z,61bSahZBWZgws8HQNSV57mtASrDAN3HBT9DwQNG3Bjt,mememan,Meme Man,solana,0.00009427,512,8192,32768,65536,32768,131072,131072,5,8,85,67,1775463353000,pumpswap,REPEAT
2026-04-10T00:51:57.405Z,2f4sWXXaXKHuQArYh94pddb7hkGWATp9MFScy26tpump,FART,Fart,solana,0.0001894,65536,1048576,1048576,1048576,32768,262144,262144,285,247,4746,3454,1775779711000,pumpswap,REPEAT
2026-04-10T00:51:57.405Z,98t9PEJF5QvAdGhu3MuQ2ww57NkRV1Rg7evSZNFxpump,$BABYTAN,BabyTan,solana,0.000009724,128,2048,4096,16384,,8192,8192,7,6,87,30,1775571529000,pumpfun,REPEAT
2026-04-10T00:51:57.405Z,3W837NEB9cwzE6Awb9iyrRBy72zaeCNy2Zcsx2Tzpump,CHITOSHI,Satoshification,solana,0.0003447,65536,524288,524288,524288,65536,262144,262144,393,257,3722,2522,1775779700000,pumpswap,REPEAT
2026-04-10T00:51:57.405Z,3TYgKwkE2Y3rxdw9osLRSpxpXmSC1C1oo19W9KHspump,BULL,Bull,solana,0.001916,1024,32768,262144,1048576,131072,2097152,2097152,16,24,557,337,1774278163000,pumpswap,REPEAT
2026-04-10T00:51:57.405Z,QPXY96HU7oCpqTYV8xH17DYyjbyp6mGiGcW922Lgvpr,KACHIBI2,Kawaii Chibi V2 ,solana,0.0000002840,128,2048,8192,16384,8192,32768,32768,3,3,29,22,1775505502000,raydium,REPEAT
2026-04-10T00:51:57.405Z,2f4sWXXaXKHuQArYh94pddb7hkGWATp9MFScy26tpump,FART,Fart,solana,0.0001894,65536,1048576,1048576,1048576,32768,262144,262144,285,247,4746,3454,1775779711000,pumpswap,REPEAT
2026-04-10T00:51:57.405Z,H1CknM7TXz134nY5YT7KUYG6fL2Egn4ieLyzkTk7BAGS,PUNCH,パンチ,solana,0.0001327,2048,16384,262144,524288,32768,131072,131072,16,10,211,163,1775694809000,meteora,REPEAT
2026-04-10T00:51:57.405Z,xmYmMCUFuQ6mVu9yNs44KPz3ALyrntyhivueaw3pump,Sora,ソラちゃん,solana,0.00002272,2048,8192,131072,131072,,16384,16384,13,7,106,71,1775768882000,pumpfun,REPEAT
2026-04-10T00:51:57.405Z,HdB3FdEqpjnBnFDXGiBjuED2RYsVJFTqwwCY5BfhjgAx,BWT,OFFICIAL BARRON WILLIAM TRUMP,solana,0.00001965,8192,262144,524288,524288,8192,16384,16384,203,660,3249,7986,1775776887000,pumpswap,REPEAT
2026-04-10T00:51:57.405Z,2AMYvN5zvXMC9ueA6vznaiaEqWrjpxHCisa2Nuc5pump,Chicky,Chicky,solana,0.00009836,64,2048,32768,65536,32768,131072,131072,2,2,32,39,1774938227000,pumpswap,REPEAT
2026-04-10T00:51:57.405Z,6cfu6Qkqb4BhQ552DMJ2txLSxT7nfv7V69WhyEHTpump,Lizard ,The Waving Lizard ,solana,0.00001169,256,4096,8192,32768,,16384,16384,5,1,58,28,1775728143000,pumpfun,REPEAT
2026-04-10T00:51:57.405Z,9AEtb967xTMosjp9XFhvHLhscPNYgDWc15jFAZR8pump,RƎ́V,REVÉRSÉ SOCIETY,solana,0.0001429,8,512,8192,32768,32768,131072,131072,1,1,12,15,1775691640000,pumpswap,REPEAT
2026-04-10T00:51:57.405Z,HdB3FdEqpjnBnFDXGiBjuED2RYsVJFTqwwCY5BfhjgAx,BWT,OFFICIAL BARRON WILLIAM TRUMP,solana,0.00001965,8192,262144,524288,524288,8192,16384,16384,203,660,3249,7986,1775776887000,pumpswap,REPEAT
2026-04-10T00:51:57.405Z,rG49p6sSbBsrbWbsdEhFFe15uq5nch2eSnQLV4fpump,XPX,XPXpay,solana,0.0005207,,1024,16384,131072,65536,524288,524288,,,36,14,1775717482000,pumpswap,REPEAT
2026-04-10T00:51:57.405Z,4YiLHDR4B4pE4R5GUMA8HG8YunyeLwcobtEtvwMupump,ROCKET,ROCKET,solana,0.0003745,2048,8192,32768,262144,65536,524288,524288,84,64,827,584,1775048719000,pumpswap,REPEAT
2026-04-10T00:51:57.405Z,FdUmX7zQSZgPxt1D7rtbKQisP4a2MXyejAxEnVvepump,Stoic,Stoicism ,solana,0.00009113,32768,262144,1048576,1048576,32768,65536,65536,402,209,3573,1997,1775773975000,pumpswap,REPEAT
2026-04-10T00:51:57.405Z,wwzqJcBxRUDfSZQQv3R4WckkNzpSFjNHkRuzZFcJJZt,JELLYBEAN,JELLYBEAN,solana,0.00003447,,,128,512,16384,32768,32768,,,,,1773329155000,raydium,REPEAT
2026-04-10T00:51:57.405Z,5j9iwWiesC4vKxHWcuRaqZ1qbQJRjnmJoZKJYA2Ypump,Nostalgia ,Do you remember that one time? ,solana,0.000002527,,,1024,1024,,2048,2048,,,,,1775774800000,pumpfun,REPEAT
2026-04-10T00:51:57.405Z,DNj6DDhWiK3MHYM9oyEzpKwJ2oYhVexxDvReGTN6pump,MEMETF,MemeTF,solana,0.000002890,128,2048,32768,32768,,2048,2048,,1,3,35,1775765043000,pumpfun,REPEAT
2026-04-10T00:51:57.405Z,BEYgnrA1PTj9rrWfe7EEEFpD7KbBGXgjpEQNcM5ppump,WOJI,wojimoji,solana,0.000002818,32,1024,1048576,1048576,4096,2048,2048,1,1,24,37,1775772988000,pumpswap,REPEAT
2026-04-10T00:51:57.405Z,78E7b7iA5AbSLBss3Whhbmh81pncYS4bRVsFpRx9pump,FARTROCKET,Fart Rocket,solana,0.000001884,0,256,1048576,1048576,4096,2048,2048,,1,7,6,1775773501000,pumpswap,REPEAT
2026-04-10T00:51:57.405Z,gqqPZaSV2UDmEi3dhBzA6u6x5ZTLAXPntHZ5gQ4pump,Monke,Monke,solana,0.00001006,,128,2048,8192,8192,8192,8192,,,1,4,1773824795000,pumpswap,REPEAT
2026-04-10T00:51:57.405Z,41QbtLKqJmPCP5TmnHx9pVQtwCGDc1GV5A4WVfy9pump,MOODUANG,Moo Duang,solana,0.00004019,512,4096,65536,131072,16384,32768,32768,3,3,39,35,1775743897000,pumpswap,REPEAT
2026-04-10T00:51:57.405Z,6DHUPxbG7evPY17zHSsmZWbc3wgQEPAdoH9KawBJvVHU,888,888,solana,0.00002113,,,1024,1024,4096,16384,16384,,,,,1716383884000,raydium,REPEAT
2026-04-10T00:51:57.405Z,CZEd2GHTe5s8iJsw4VVbnmvmwuUhZC3t6WHqhtCZpump,Kris Jenner,皇太后,solana,0.00001176,,1024,4096,16384,8192,16384,16384,,,33,12,1774884164000,pumpswap,REPEAT
2026-04-10T00:51:57.405Z,DFPGnooMjWMttYGF2Pegmsp4Vj2VFhLyrxc5Cp1wpump,CR,Crypto Revolution ,solana,0.00003686,,1024,2048,4096,16384,32768,32768,,,9,4,1775619853000,pumpswap,REPEAT
2026-04-10T00:56:57.407Z,2f4sWXXaXKHuQArYh94pddb7hkGWATp9MFScy26tpump,FART,Fart,solana,0.0002400,65536,1048576,1048576,1048576,32768,262144,262144,355,285,5131,3763,1775779711000,pumpswap,REPEAT
2026-04-10T00:56:57.407Z,ATgsKWXnmEyrv3BvBndyQP55Xg49RhhGgFktasv2pump,SOLTAR,Soltar,solana,0.00004527,,256,1024,2048,16384,32768,32768,,,5,2,1774183067000,pumpswap,REPEAT
2026-04-10T00:56:57.407Z,61bSahZBWZgws8HQNSV57mtASrDAN3HBT9DwQNG3Bjt,mememan,Meme Man,solana,0.00009124,512,8192,32768,65536,32768,65536,65536,5,8,88,74,1775463353000,pumpswap,REPEAT
2026-04-10T00:56:57.407Z,2f4sWXXaXKHuQArYh94pddb7hkGWATp9MFScy26tpump,FART,Fart,solana,0.0002400,65536,1048576,1048576,1048576,32768,262144,262144,355,285,5131,3763,1775779711000,pumpswap,REPEAT
2026-04-10T00:56:57.407Z,98t9PEJF5QvAdGhu3MuQ2ww57NkRV1Rg7evSZNFxpump,$BABYTAN,BabyTan,solana,0.000009429,128,2048,4096,16384,,8192,8192,6,7,93,37,1775571529000,pumpfun,REPEAT
2026-04-10T00:56:57.407Z,3W837NEB9cwzE6Awb9iyrRBy72zaeCNy2Zcsx2Tzpump,CHITOSHI,Satoshification,solana,0.0003851,65536,1048576,1048576,1048576,65536,524288,524288,328,203,4076,2750,1775779700000,pumpswap,REPEAT
2026-04-10T00:56:57.407Z,3TYgKwkE2Y3rxdw9osLRSpxpXmSC1C1oo19W9KHspump,BULL,Bull,solana,0.001968,2048,32768,262144,1048576,131072,2097152,2097152,63,23,595,338,1774278163000,pumpswap,REPEAT
2026-04-10T00:56:57.407Z,QPXY96HU7oCpqTYV8xH17DYyjbyp6mGiGcW922Lgvpr,KACHIBI2,Kawaii Chibi V2 ,solana,0.0000002838,,2048,8192,16384,8192,32768,32768,,2,29,24,1775505502000,raydium,REPEAT
2026-04-10T00:56:57.407Z,2f4sWXXaXKHuQArYh94pddb7hkGWATp9MFScy26tpump,FART,Fart,solana,0.0002400,65536,1048576,1048576,1048576,32768,262144,262144,355,285,5131,3763,1775779711000,pumpswap,REPEAT
2026-04-10T00:56:57.407Z,H1CknM7TXz134nY5YT7KUYG6fL2Egn4ieLyzkTk7BAGS,PUNCH,パンチ,solana,0.0001515,1024,16384,262144,524288,32768,131072,131072,10,15,157,145,1775694809000,meteora,REPEAT
2026-04-10T00:56:57.407Z,xmYmMCUFuQ6mVu9yNs44KPz3ALyrntyhivueaw3pump,Sora,ソラちゃん,solana,0.00002781,4096,16384,131072,131072,,32768,32768,53,15,142,81,1775768882000,pumpfun,REPEAT
2026-04-10T00:56:57.407Z,HdB3FdEqpjnBnFDXGiBjuED2RYsVJFTqwwCY5BfhjgAx,BWT,OFFICIAL BARRON WILLIAM TRUMP,solana,0.00002023,4096,131072,524288,524288,8192,16384,16384,147,612,3031,7760,1775776887000,pumpswap,REPEAT
2026-04-10T00:56:57.407Z,2AMYvN5zvXMC9ueA6vznaiaEqWrjpxHCisa2Nuc5pump,Chicky,Chicky,solana,0.00009706,16,2048,32768,65536,32768,131072,131072,1,1,29,36,1774938227000,pumpswap,REPEAT
2026-04-10T00:56:57.407Z,6cfu6Qkqb4BhQ552DMJ2txLSxT7nfv7V69WhyEHTpump,Lizard ,The Waving Lizard ,solana,0.00001223,128,4096,8192,32768,,16384,16384,4,,51,23,1775728143000,pumpfun,REPEAT
2026-04-10T00:56:57.407Z,9AEtb967xTMosjp9XFhvHLhscPNYgDWc15jFAZR8pump,RƎ́V,REVÉRSÉ SOCIETY,solana,0.0001426,4,512,4096,32768,32768,131072,131072,,1,11,16,1775691640000,pumpswap,REPEAT
2026-04-10T00:56:57.407Z,HdB3FdEqpjnBnFDXGiBjuED2RYsVJFTqwwCY5BfhjgAx,BWT,OFFICIAL BARRON WILLIAM TRUMP,solana,0.00002023,4096,131072,524288,524288,8192,16384,16384,147,612,3031,7760,1775776887000,pumpswap,REPEAT
2026-04-10T00:56:57.407Z,rG49p6sSbBsrbWbsdEhFFe15uq5nch2eSnQLV4fpump,XPX,XPXpay,solana,0.0005207,,1024,16384,131072,65536,524288,524288,,,34,13,1775717482000,pumpswap,REPEAT
2026-04-10T00:56:57.407Z,4YiLHDR4B4pE4R5GUMA8HG8YunyeLwcobtEtvwMupump,ROCKET,ROCKET,solana,0.0003786,16,4096,32768,262144,65536,524288,524288,66,42,830,585,1775048719000,pumpswap,REPEAT
2026-04-10T00:56:57.407Z,FdUmX7zQSZgPxt1D7rtbKQisP4a2MXyejAxEnVvepump,Stoic,Stoicism ,solana,0.00008486,16384,262144,1048576,1048576,32768,65536,65536,253,163,3540,1980,1775773975000,pumpswap,REPEAT
2026-04-10T00:56:57.407Z,wwzqJcBxRUDfSZQQv3R4WckkNzpSFjNHkRuzZFcJJZt,JELLYBEAN,JELLYBEAN,solana,0.00003447,,,128,512,16384,32768,32768,,,,,1773329155000,raydium,REPEAT
2026-04-10T00:56:57.407Z,5j9iwWiesC4vKxHWcuRaqZ1qbQJRjnmJoZKJYA2Ypump,Nostalgia ,Do you remember that one time? ,solana,0.000002527,,,1024,1024,,2048,2048,,,,,1775774800000,pumpfun,REPEAT
2026-04-10T00:56:57.407Z,DNj6DDhWiK3MHYM9oyEzpKwJ2oYhVexxDvReGTN6pump,MEMETF,MemeTF,solana,0.000002890,,2048,32768,32768,,2048,2048,,,3,34,1775765043000,pumpfun,REPEAT
2026-04-10T00:56:57.407Z,BEYgnrA1PTj9rrWfe7EEEFpD7KbBGXgjpEQNcM5ppump,WOJI,wojimoji,solana,0.000002818,16,512,1048576,1048576,4096,2048,2048,2,1,18,29,1775772988000,pumpswap,REPEAT
2026-04-10T00:56:57.407Z,78E7b7iA5AbSLBss3Whhbmh81pncYS4bRVsFpRx9pump,FARTROCKET,Fart Rocket,solana,0.000001884,,256,1048576,1048576,4096,2048,2048,,,7,6,1775773501000,pumpswap,REPEAT
2026-04-10T00:56:57.407Z,gqqPZaSV2UDmEi3dhBzA6u6x5ZTLAXPntHZ5gQ4pump,Monke,Monke,solana,0.000009982,16,128,2048,8192,8192,8192,8192,,1,1,4,1773824795000,pumpswap,REPEAT
2026-04-10T00:56:57.407Z,41QbtLKqJmPCP5TmnHx9pVQtwCGDc1GV5A4WVfy9pump,MOODUANG,Moo Duang,solana,0.00004082,128,4096,65536,131072,16384,32768,32768,3,2,36,34,1775743897000,pumpswap,REPEAT
2026-04-10T00:56:57.407Z,6DHUPxbG7evPY17zHSsmZWbc3wgQEPAdoH9KawBJvVHU,888,888,solana,0.00002113,,,1024,1024,4096,16384,16384,,,,,1716383884000,raydium,REPEAT
2026-04-10T00:56:57.407Z,CZEd2GHTe5s8iJsw4VVbnmvmwuUhZC3t6WHqhtCZpump,Kris Jenner,皇太后,solana,0.00001176,,1024,4096,16384,8192,16384,16384,,,33,10,1774884164000,pumpswap,REPEAT
2026-04-10T00:56:57.407Z,DFPGnooMjWMttYGF2Pegmsp4Vj2VFhLyrxc5Cp1wpump,CR,Crypto Revolution ,solana,0.00003686,,1024,2048,4096,16384,32768,32768,,,9,4,1775619853000,pumpswap,REPEAT
2026-04-10T01:01:57.408Z,2f4sWXXaXKHuQArYh94pddb7hkGWATp9MFScy26tpump,FART,Fart,solana,0.0003071,131072,1048576,1048576,1048576,32768,262144,262144,431,320,5604,4113,1775779711000,pumpswap,REPEAT
2026-04-10T01:01:57.408Z,ATgsKWXnmEyrv3BvBndyQP55Xg49RhhGgFktasv2pump,SOLTAR,Soltar,solana,0.00004417,128,256,1024,2048,16384,32768,32768,1,1,6,3,1774183067000,pumpswap,REPEAT
2026-04-10T01:01:57.408Z,61bSahZBWZgws8HQNSV57mtASrDAN3HBT9DwQNG3Bjt,mememan,Meme Man,solana,0.00009521,256,8192,32768,65536,32768,131072,131072,6,3,91,74,1775463353000,pumpswap,REPEAT
2026-04-10T01:01:57.408Z,2f4sWXXaXKHuQArYh94pddb7hkGWATp9MFScy26tpump,FART,Fart,solana,0.0003071,131072,1048576,1048576,1048576,32768,262144,262144,431,320,5604,4113,1775779711000,pumpswap,REPEAT
2026-04-10T01:01:57.408Z,98t9PEJF5QvAdGhu3MuQ2ww57NkRV1Rg7evSZNFxpump,$BABYTAN,BabyTan,solana,0.000009424,64,2048,4096,16384,,8192,8192,3,3,96,40,1775571529000,pumpfun,REPEAT
2026-04-10T01:01:57.408Z,3W837NEB9cwzE6Awb9iyrRBy72zaeCNy2Zcsx2Tzpump,CHITOSHI,Satoshification,solana,0.0003569,65536,1048576,1048576,1048576,65536,262144,262144,361,160,4465,2921,1775779700000,pumpswap,REPEAT
2026-04-10T01:01:57.408Z,3TYgKwkE2Y3rxdw9osLRSpxpXmSC1C1oo19W9KHspump,BULL,Bull,solana,0.001920,2048,16384,262144,1048576,131072,2097152,2097152,20,32,556,333,1774278163000,pumpswap,REPEAT
2026-04-10T01:01:57.408Z,QPXY96HU7oCpqTYV8xH17DYyjbyp6mGiGcW922Lgvpr,KACHIBI2,Kawaii Chibi V2 ,solana,0.0000002829,4,2048,8192,16384,8192,32768,32768,,2,29,26,1775505502000,raydium,REPEAT
2026-04-10T01:01:57.408Z,2f4sWXXaXKHuQArYh94pddb7hkGWATp9MFScy26tpump,FART,Fart,solana,0.0003071,131072,1048576,1048576,1048576,32768,262144,262144,431,320,5604,4113,1775779711000,pumpswap,REPEAT
2026-04-10T01:01:57.408Z,H1CknM7TXz134nY5YT7KUYG6fL2Egn4ieLyzkTk7BAGS,PUNCH,パンチ,solana,0.0001723,2048,16384,262144,524288,32768,131072,131072,17,12,165,139,1775694809000,meteora,REPEAT
2026-04-10T01:01:57.408Z,xmYmMCUFuQ6mVu9yNs44KPz3ALyrntyhivueaw3pump,Sora,ソラちゃん,solana,0.00002955,2048,16384,131072,131072,,32768,32768,22,11,139,81,1775768882000,pumpfun,REPEAT
2026-04-10T01:01:57.408Z,HdB3FdEqpjnBnFDXGiBjuED2RYsVJFTqwwCY5BfhjgAx,BWT,OFFICIAL BARRON WILLIAM TRUMP,solana,0.00002680,4096,131072,524288,524288,16384,32768,32768,144,567,2829,7609,1775776887000,pumpswap,REPEAT
2026-04-10T01:01:57.408Z,2AMYvN5zvXMC9ueA6vznaiaEqWrjpxHCisa2Nuc5pump,Chicky,Chicky,solana,0.00009702,128,2048,32768,65536,32768,131072,131072,2,2,17,29,1774938227000,pumpswap,REPEAT
2026-04-10T01:01:57.408Z,6cfu6Qkqb4BhQ552DMJ2txLSxT7nfv7V69WhyEHTpump,Lizard ,The Waving Lizard ,solana,0.00001146,128,2048,8192,32768,,8192,8192,,4,42,18,1775728143000,pumpfun,REPEAT
2026-04-10T01:01:57.408Z,9AEtb967xTMosjp9XFhvHLhscPNYgDWc15jFAZR8pump,RƎ́V,REVÉRSÉ SOCIETY,solana,0.0001435,128,512,4096,32768,32768,131072,131072,3,1,11,16,1775691640000,pumpswap,REPEAT
2026-04-10T01:01:57.408Z,HdB3FdEqpjnBnFDXGiBjuED2RYsVJFTqwwCY5BfhjgAx,BWT,OFFICIAL BARRON WILLIAM TRUMP,solana,0.00002680,4096,131072,524288,524288,16384,32768,32768,144,567,2829,7609,1775776887000,pumpswap,REPEAT
2026-04-10T01:01:57.408Z,rG49p6sSbBsrbWbsdEhFFe15uq5nch2eSnQLV4fpump,XPX,XPXpay,solana,0.0005216,32,1024,16384,131072,65536,524288,524288,1,,15,13,1775717482000,pumpswap,REPEAT
2026-04-10T01:01:57.408Z,4YiLHDR4B4pE4R5GUMA8HG8YunyeLwcobtEtvwMupump,ROCKET,ROCKET,solana,0.0003731,64,4096,32768,262144,65536,524288,524288,51,33,808,568,1775048719000,pumpswap,REPEAT
2026-04-10T01:01:57.408Z,FdUmX7zQSZgPxt1D7rtbKQisP4a2MXyejAxEnVvepump,Stoic,Stoicism ,solana,0.00007567,16384,262144,1048576,1048576,16384,65536,65536,382,198,3710,2038,1775773975000,pumpswap,REPEAT
2026-04-10T01:01:57.408Z,wwzqJcBxRUDfSZQQv3R4WckkNzpSFjNHkRuzZFcJJZt,JELLYBEAN,JELLYBEAN,solana,0.00003447,,,128,512,16384,32768,32768,,,,,1773329155000,raydium,REPEAT
2026-04-10T01:01:57.408Z,5j9iwWiesC4vKxHWcuRaqZ1qbQJRjnmJoZKJYA2Ypump,Nostalgia ,Do you remember that one time? ,solana,0.000002527,,,1024,1024,,2048,2048,,,,,1775774800000,pumpfun,REPEAT
2026-04-10T01:01:57.408Z,DNj6DDhWiK3MHYM9oyEzpKwJ2oYhVexxDvReGTN6pump,MEMETF,MemeTF,solana,0.000002890,1,512,32768,32768,,2048,2048,1,,4,16,1775765043000,pumpfun,REPEAT
2026-04-10T01:01:57.408Z,BEYgnrA1PTj9rrWfe7EEEFpD7KbBGXgjpEQNcM5ppump,WOJI,wojimoji,solana,0.000002853,32,512,1048576,1048576,4096,2048,2048,1,,15,24,1775772988000,pumpswap,REPEAT
2026-04-10T01:01:57.408Z,78E7b7iA5AbSLBss3Whhbmh81pncYS4bRVsFpRx9pump,FARTROCKET,Fart Rocket,solana,0.000001882,0,256,1048576,1048576,4096,2048,2048,,1,7,7,1775773501000,pumpswap,REPEAT
2026-04-10T01:01:57.408Z,gqqPZaSV2UDmEi3dhBzA6u6x5ZTLAXPntHZ5gQ4pump,Monke,Monke,solana,0.000009982,,128,2048,8192,8192,8192,8192,,,1,4,1773824795000,pumpswap,REPEAT
2026-04-10T01:01:57.408Z,41QbtLKqJmPCP5TmnHx9pVQtwCGDc1GV5A4WVfy9pump,MOODUANG,Moo Duang,solana,0.00003899,128,4096,65536,131072,16384,32768,32768,2,1,37,32,1775743897000,pumpswap,REPEAT
2026-04-10T01:01:57.408Z,6DHUPxbG7evPY17zHSsmZWbc3wgQEPAdoH9KawBJvVHU,888,888,solana,0.00002113,,,1024,1024,4096,16384,16384,,,,,1716383884000,raydium,REPEAT
2026-04-10T01:01:57.408Z,CZEd2GHTe5s8iJsw4VVbnmvmwuUhZC3t6WHqhtCZpump,Kris Jenner,皇太后,solana,0.00001176,,1024,4096,16384,8192,16384,16384,,,30,10,1774884164000,pumpswap,REPEAT
2026-04-10T01:01:57.408Z,DFPGnooMjWMttYGF2Pegmsp4Vj2VFhLyrxc5Cp1wpump,CR,Crypto Revolution ,solana,0.00003686,,1024,2048,4096,16384,32768,32768,,,9,4,1775619853000,pumpswap,REPEAT
2026-04-10T01:06:57.409Z,CmtYYjTBYxj5ExeyREFoM5gMNDo4GQ4sjrE7Vx9upump,HUNTER,HunterBidenSmokingCrackCoin,solana,0.000008259,2048,16384,16384,16384,,8192,8192,21,12,312,211,1775779065000,pumpfun,NEW
2026-04-10T01:06:57.409Z,9SeCSdbPzz95KomGUGEV9Shn2zGXNmMJhE9J72Hipump,Iroha,イロハ,solana,0.001327,2048,32768,262144,2097152,131072,1048576,1048576,24,12,346,232,1775525060000,pumpswap,REPEAT
2026-04-10T01:06:57.409Z,2f4sWXXaXKHuQArYh94pddb7hkGWATp9MFScy26tpump,FART,Fart,solana,0.0003871,131072,1048576,1048576,1048576,65536,524288,524288,508,439,6186,4627,1775779711000,pumpswap,REPEAT
2026-04-10T01:06:57.409Z,ATgsKWXnmEyrv3BvBndyQP55Xg49RhhGgFktasv2pump,SOLTAR,Soltar,solana,0.00004417,,256,1024,2048,16384,32768,32768,,,6,3,1774183067000,pumpswap,REPEAT
2026-04-10T01:06:57.409Z,61bSahZBWZgws8HQNSV57mtASrDAN3HBT9DwQNG3Bjt,mememan,Meme Man,solana,0.0001072,512,8192,32768,65536,32768,131072,131072,13,6,98,77,1775463353000,pumpswap,REPEAT
2026-04-10T01:06:57.409Z,2f4sWXXaXKHuQArYh94pddb7hkGWATp9MFScy26tpump,FART,Fart,solana,0.0003871,131072,1048576,1048576,1048576,65536,524288,524288,508,439,6186,4627,1775779711000,pumpswap,REPEAT
2026-04-10T01:06:57.409Z,98t9PEJF5QvAdGhu3MuQ2ww57NkRV1Rg7evSZNFxpump,$BABYTAN,BabyTan,solana,0.000009418,64,2048,4096,16384,,8192,8192,3,3,89,43,1775571529000,pumpfun,REPEAT
2026-04-10T01:06:57.409Z,3W837NEB9cwzE6Awb9iyrRBy72zaeCNy2Zcsx2Tzpump,CHITOSHI,Satoshification,solana,0.0003855,65536,1048576,1048576,1048576,65536,524288,524288,348,174,4842,3104,1775779700000,pumpswap,REPEAT
2026-04-10T01:06:57.409Z,3TYgKwkE2Y3rxdw9osLRSpxpXmSC1C1oo19W9KHspump,BULL,Bull,solana,0.001934,2048,16384,262144,1048576,131072,2097152,2097152,100,23,593,330,1774278163000,pumpswap,REPEAT
2026-04-10T01:06:57.409Z,QPXY96HU7oCpqTYV8xH17DYyjbyp6mGiGcW922Lgvpr,KACHIBI2,Kawaii Chibi V2 ,solana,0.0000002816,8,2048,8192,16384,8192,32768,32768,,2,25,28,1775505502000,raydium,REPEAT
2026-04-10T01:06:57.409Z,2f4sWXXaXKHuQArYh94pddb7hkGWATp9MFScy26tpump,FART,Fart,solana,0.0003871,131072,1048576,1048576,1048576,65536,524288,524288,508,439,6186,4627,1775779711000,pumpswap,REPEAT
2026-04-10T01:06:57.409Z,H1CknM7TXz134nY5YT7KUYG6fL2Egn4ieLyzkTk7BAGS,PUNCH,パンチ,solana,0.0001889,1024,16384,262144,524288,32768,262144,262144,11,1,172,127,1775694809000,meteora,REPEAT
2026-04-10T01:06:57.409Z,xmYmMCUFuQ6mVu9yNs44KPz3ALyrntyhivueaw3pump,Sora,ソラちゃん,solana,0.00004637,32768,32768,32768,32768,16384,65536,65536,490,263,490,263,1775782979000,pumpswap,REPEAT
2026-04-10T01:06:57.409Z,HdB3FdEqpjnBnFDXGiBjuED2RYsVJFTqwwCY5BfhjgAx,BWT,OFFICIAL BARRON WILLIAM TRUMP,solana,0.00002771,4096,131072,524288,524288,16384,32768,32768,117,552,2574,7889,1775776887000,pumpswap,REPEAT
2026-04-10T01:06:57.409Z,2AMYvN5zvXMC9ueA6vznaiaEqWrjpxHCisa2Nuc5pump,Chicky,Chicky,solana,0.00009759,16,2048,32768,65536,32768,131072,131072,1,,18,27,1774938227000,pumpswap,REPEAT
2026-04-10T01:06:57.409Z,6cfu6Qkqb4BhQ552DMJ2txLSxT7nfv7V69WhyEHTpump,Lizard ,The Waving Lizard ,solana,0.00001149,8,2048,8192,32768,,8192,8192,2,,40,16,1775728143000,pumpfun,REPEAT
2026-04-10T01:06:57.409Z,9AEtb967xTMosjp9XFhvHLhscPNYgDWc15jFAZR8pump,RƎ́V,REVÉRSÉ SOCIETY,solana,0.0001453,256,512,8192,32768,32768,131072,131072,3,1,14,12,1775691640000,pumpswap,REPEAT
2026-04-10T01:06:57.409Z,HdB3FdEqpjnBnFDXGiBjuED2RYsVJFTqwwCY5BfhjgAx,BWT,OFFICIAL BARRON WILLIAM TRUMP,solana,0.00002771,4096,131072,524288,524288,16384,32768,32768,117,552,2574,7889,1775776887000,pumpswap,REPEAT
2026-04-10T01:06:57.409Z,rG49p6sSbBsrbWbsdEhFFe15uq5nch2eSnQLV4fpump,XPX,XPXpay,solana,0.0005127,0,1024,16384,131072,65536,524288,524288,,1,15,14,1775717482000,pumpswap,REPEAT
2026-04-10T01:06:57.409Z,4YiLHDR4B4pE4R5GUMA8HG8YunyeLwcobtEtvwMupump,ROCKET,ROCKET,solana,0.0003784,256,8192,32768,262144,65536,524288,524288,50,35,804,567,1775048719000,pumpswap,REPEAT
2026-04-10T01:06:57.409Z,FdUmX7zQSZgPxt1D7rtbKQisP4a2MXyejAxEnVvepump,Stoic,Stoicism ,solana,0.0001018,8192,262144,1048576,1048576,32768,131072,131072,217,151,3762,2131,1775773975000,pumpswap,REPEAT
2026-04-10T01:06:57.409Z,wwzqJcBxRUDfSZQQv3R4WckkNzpSFjNHkRuzZFcJJZt,JELLYBEAN,JELLYBEAN,solana,0.00003447,,,128,512,16384,32768,32768,,,,,1773329155000,raydium,REPEAT
2026-04-10T01:06:57.409Z,5j9iwWiesC4vKxHWcuRaqZ1qbQJRjnmJoZKJYA2Ypump,Nostalgia ,Do you remember that one time? ,solana,0.000002527,,,1024,1024,,2048,2048,,,,,1775774800000,pumpfun,REPEAT
2026-04-10T01:06:57.409Z,DNj6DDhWiK3MHYM9oyEzpKwJ2oYhVexxDvReGTN6pump,MEMETF,MemeTF,solana,0.000002890,,256,32768,32768,,2048,2048,,,2,13,1775765043000,pumpfun,REPEAT
2026-04-10T01:06:57.409Z,BEYgnrA1PTj9rrWfe7EEEFpD7KbBGXgjpEQNcM5ppump,WOJI,wojimoji,solana,0.000002820,32,512,1048576,1048576,4096,2048,2048,,1,15,23,1775772988000,pumpswap,REPEAT
2026-04-10T01:06:57.409Z,78E7b7iA5AbSLBss3Whhbmh81pncYS4bRVsFpRx9pump,FARTROCKET,Fart Rocket,solana,0.000001882,,256,1048576,1048576,4096,2048,2048,,,7,7,1775773501000,pumpswap,REPEAT
2026-04-10T01:06:57.409Z,gqqPZaSV2UDmEi3dhBzA6u6x5ZTLAXPntHZ5gQ4pump,Monke,Monke,solana,0.000009982,,128,2048,8192,8192,8192,8192,,,1,4,1773824795000,pumpswap,REPEAT
2026-04-10T01:06:57.409Z,41QbtLKqJmPCP5TmnHx9pVQtwCGDc1GV5A4WVfy9pump,MOODUANG,Moo Duang,solana,0.00003864,64,4096,65536,131072,16384,32768,32768,1,1,36,32,1775743897000,pumpswap,REPEAT
2026-04-10T01:06:57.409Z,6DHUPxbG7evPY17zHSsmZWbc3wgQEPAdoH9KawBJvVHU,888,888,solana,0.00002154,8,8,1024,1024,4096,16384,16384,1,1,1,1,1716383884000,raydium,REPEAT
2026-04-10T01:11:57.410Z,6XjY7mBgYNEV8tk6NxybMF1RdkSuWopCSHW9ejJ5DHwn,IMAGINE,Grok Imagine,solana,0.00002151,128,256,1024,8192,16384,16384,16384,3,,3,1,1773975732000,pumpswap,NEW
2026-04-10T01:11:57.410Z,CmtYYjTBYxj5ExeyREFoM5gMNDo4GQ4sjrE7Vx9upump,HUNTER,HunterBidenSmokingCrackCoin,solana,0.00001383,4096,16384,32768,32768,,16384,16384,97,55,369,237,1775779065000,pumpfun,REPEAT
2026-04-10T01:11:57.410Z,9SeCSdbPzz95KomGUGEV9Shn2zGXNmMJhE9J72Hipump,Iroha,イロハ,solana,0.001374,2048,32768,262144,2097152,131072,1048576,1048576,18,14,232,172,1775525060000,pumpswap,REPEAT
2026-04-10T01:11:57.410Z,2f4sWXXaXKHuQArYh94pddb7hkGWATp9MFScy26tpump,FART,Fart,solana,0.0003081,65536,1048576,1048576,1048576,32768,262144,262144,495,259,6061,4452,1775779711000,pumpswap,REPEAT
2026-04-10T01:11:57.410Z,ATgsKWXnmEyrv3BvBndyQP55Xg49RhhGgFktasv2pump,SOLTAR,Soltar,solana,0.00004417,,256,1024,2048,16384,32768,32768,,,6,3,1774183067000,pumpswap,REPEAT
2026-04-10T01:11:57.410Z,61bSahZBWZgws8HQNSV57mtASrDAN3HBT9DwQNG3Bjt,mememan,Meme Man,solana,0.0001166,1024,8192,32768,65536,32768,131072,131072,7,5,93,72,1775463353000,pumpswap,REPEAT
2026-04-10T01:11:57.410Z,2f4sWXXaXKHuQArYh94pddb7hkGWATp9MFScy26tpump,FART,Fart,solana,0.0003081,65536,1048576,1048576,1048576,32768,262144,262144,495,259,6061,4452,1775779711000,pumpswap,REPEAT
2026-04-10T01:11:57.410Z,98t9PEJF5QvAdGhu3MuQ2ww57NkRV1Rg7evSZNFxpump,$BABYTAN,BabyTan,solana,0.000009436,64,2048,4096,16384,,8192,8192,3,5,91,47,1775571529000,pumpfun,REPEAT
2026-04-10T01:11:57.410Z,3W837NEB9cwzE6Awb9iyrRBy72zaeCNy2Zcsx2Tzpump,CHITOSHI,Satoshification,solana,0.0003572,65536,1048576,1048576,1048576,65536,262144,262144,345,167,4669,2934,1775779700000,pumpswap,REPEAT
2026-04-10T01:11:57.410Z,3TYgKwkE2Y3rxdw9osLRSpxpXmSC1C1oo19W9KHspump,BULL,Bull,solana,0.001958,512,16384,262144,1048576,131072,2097152,2097152,17,24,551,332,1774278163000,pumpswap,REPEAT
2026-04-10T01:11:57.410Z,QPXY96HU7oCpqTYV8xH17DYyjbyp6mGiGcW922Lgvpr,KACHIBI2,Kawaii Chibi V2 ,solana,0.0000002832,8,2048,8192,16384,8192,32768,32768,1,,26,28,1775505502000,raydium,REPEAT
2026-04-10T01:11:57.410Z,2f4sWXXaXKHuQArYh94pddb7hkGWATp9MFScy26tpump,FART,Fart,solana,0.0003081,65536,1048576,1048576,1048576,32768,262144,262144,495,259,6061,4452,1775779711000,pumpswap,REPEAT
2026-04-10T01:11:57.410Z,H1CknM7TXz134nY5YT7KUYG6fL2Egn4ieLyzkTk7BAGS,PUNCH,パンチ,solana,0.0002229,16384,32768,262144,524288,32768,262144,262144,43,36,199,153,1775694809000,meteora,REPEAT
2026-04-10T01:11:57.410Z,xmYmMCUFuQ6mVu9yNs44KPz3ALyrntyhivueaw3pump,Sora,ソラちゃん,solana,0.00004872,16384,32768,32768,32768,16384,65536,65536,322,255,835,533,1775782979000,pumpswap,REPEAT
2026-04-10T01:11:57.410Z,HdB3FdEqpjnBnFDXGiBjuED2RYsVJFTqwwCY5BfhjgAx,BWT,OFFICIAL BARRON WILLIAM TRUMP,solana,0.00002657,4096,131072,524288,524288,16384,32768,32768,87,563,2482,7903,1775776887000,pumpswap,REPEAT
2026-04-10T01:11:57.410Z,2AMYvN5zvXMC9ueA6vznaiaEqWrjpxHCisa2Nuc5pump,Chicky,Chicky,solana,0.0001002,256,2048,32768,65536,32768,131072,131072,12,1,27,26,1774938227000,pumpswap,REPEAT
2026-04-10T01:11:57.410Z,6cfu6Qkqb4BhQ552DMJ2txLSxT7nfv7V69WhyEHTpump,Lizard ,The Waving Lizard ,solana,0.00001149,,2048,8192,32768,,8192,8192,,,34,12,1775728143000,pumpfun,REPEAT
2026-04-10T01:11:57.410Z,9AEtb967xTMosjp9XFhvHLhscPNYgDWc15jFAZR8pump,RƎ́V,REVÉRSÉ SOCIETY,solana,0.0001457,128,1024,8192,32768,32768,131072,131072,2,1,13,13,1775691640000,pumpswap,REPEAT
2026-04-10T01:11:57.410Z,HdB3FdEqpjnBnFDXGiBjuED2RYsVJFTqwwCY5BfhjgAx,BWT,OFFICIAL BARRON WILLIAM TRUMP,solana,0.00002657,4096,131072,524288,524288,16384,32768,32768,87,563,2482,7903,1775776887000,pumpswap,REPEAT
2026-04-10T01:11:57.410Z,rG49p6sSbBsrbWbsdEhFFe15uq5nch2eSnQLV4fpump,XPX,XPXpay,solana,0.0005142,4,512,16384,131072,65536,524288,524288,,2,14,12,1775717482000,pumpswap,REPEAT
2026-04-10T01:11:57.410Z,4YiLHDR4B4pE4R5GUMA8HG8YunyeLwcobtEtvwMupump,ROCKET,ROCKET,solana,0.0003832,256,4096,32768,262144,65536,524288,524288,51,34,805,570,1775048719000,pumpswap,REPEAT
2026-04-10T01:11:57.410Z,FdUmX7zQSZgPxt1D7rtbKQisP4a2MXyejAxEnVvepump,Stoic,Stoicism ,solana,0.00007488,16384,262144,1048576,1048576,16384,65536,65536,309,996,3737,3035,1775773975000,pumpswap,REPEAT
2026-04-10T01:11:57.410Z,wwzqJcBxRUDfSZQQv3R4WckkNzpSFjNHkRuzZFcJJZt,JELLYBEAN,JELLYBEAN,solana,0.00003447,,,128,512,16384,32768,32768,,,,,1773329155000,raydium,REPEAT
2026-04-10T01:11:57.410Z,5j9iwWiesC4vKxHWcuRaqZ1qbQJRjnmJoZKJYA2Ypump,Nostalgia ,Do you remember that one time? ,solana,0.000002527,,,1024,1024,,2048,2048,,,,,1775774800000,pumpfun,REPEAT
2026-04-10T01:11:57.410Z,DNj6DDhWiK3MHYM9oyEzpKwJ2oYhVexxDvReGTN6pump,MEMETF,MemeTF,solana,0.000002890,,256,32768,32768,,2048,2048,,,2,11,1775765043000,pumpfun,REPEAT
2026-04-10T01:11:57.410Z,BEYgnrA1PTj9rrWfe7EEEFpD7KbBGXgjpEQNcM5ppump,WOJI,wojimoji,solana,0.000002792,4,512,1048576,1048576,4096,2048,2048,,1,13,19,1775772988000,pumpswap,REPEAT
2026-04-10T01:11:57.410Z,78E7b7iA5AbSLBss3Whhbmh81pncYS4bRVsFpRx9pump,FARTROCKET,Fart Rocket,solana,0.000001882,,128,1048576,1048576,4096,2048,2048,,,4,6,1775773501000,pumpswap,REPEAT
2026-04-10T01:11:57.410Z,gqqPZaSV2UDmEi3dhBzA6u6x5ZTLAXPntHZ5gQ4pump,Monke,Monke,solana,0.000009982,,128,2048,8192,8192,8192,8192,,,1,4,1773824795000,pumpswap,REPEAT
2026-04-10T01:11:57.410Z,41QbtLKqJmPCP5TmnHx9pVQtwCGDc1GV5A4WVfy9pump,MOODUANG,Moo Duang,solana,0.00003875,64,4096,65536,131072,16384,32768,32768,1,1,37,31,1775743897000,pumpswap,REPEAT
2026-04-10T01:16:57.411Z,6XjY7mBgYNEV8tk6NxybMF1RdkSuWopCSHW9ejJ5DHwn,IMAGINE,Grok Imagine,solana,0.00002156,8,256,1024,8192,16384,16384,16384,,1,3,2,1773975732000,pumpswap,REPEAT
2026-04-10T01:16:57.411Z,CmtYYjTBYxj5ExeyREFoM5gMNDo4GQ4sjrE7Vx9upump,HUNTER,HunterBidenSmokingCrackCoin,solana,0.00001542,2048,16384,32768,32768,,16384,16384,58,17,390,241,1775779065000,pumpfun,REPEAT
2026-04-10T01:16:57.411Z,9SeCSdbPzz95KomGUGEV9Shn2zGXNmMJhE9J72Hipump,Iroha,イロハ,solana,0.001317,2048,32768,262144,2097152,131072,1048576,1048576,11,14,230,169,1775525060000,pumpswap,REPEAT
2026-04-10T01:16:57.411Z,2f4sWXXaXKHuQArYh94pddb7hkGWATp9MFScy26tpump,FART,Fart,solana,0.0002830,65536,1048576,1048576,1048576,32768,262144,262144,344,201,5584,4016,1775779711000,pumpswap,REPEAT
2026-04-10T01:16:57.411Z,ATgsKWXnmEyrv3BvBndyQP55Xg49RhhGgFktasv2pump,SOLTAR,Soltar,solana,0.00004449,8,256,1024,2048,16384,32768,32768,1,,5,3,1774183067000,pumpswap,REPEAT
2026-04-10T01:16:57.411Z,61bSahZBWZgws8HQNSV57mtASrDAN3HBT9DwQNG3Bjt,mememan,Meme Man,solana,0.0001250,512,8192,32768,65536,32768,131072,131072,13,3,100,71,1775463353000,pumpswap,REPEAT
2026-04-10T01:16:57.411Z,2f4sWXXaXKHuQArYh94pddb7hkGWATp9MFScy26tpump,FART,Fart,solana,0.0002830,65536,1048576,1048576,1048576,32768,262144,262144,344,201,5584,4016,1775779711000,pumpswap,REPEAT
2026-04-10T01:16:57.411Z,98t9PEJF5QvAdGhu3MuQ2ww57NkRV1Rg7evSZNFxpump,$BABYTAN,BabyTan,solana,0.000009480,64,2048,4096,16384,,8192,8192,5,3,66,48,1775571529000,pumpfun,REPEAT
2026-04-10T01:16:57.411Z,3W837NEB9cwzE6Awb9iyrRBy72zaeCNy2Zcsx2Tzpump,CHITOSHI,Satoshification,solana,0.0003190,32768,1048576,1048576,1048576,32768,262144,262144,318,176,4553,2775,1775779700000,pumpswap,REPEAT
2026-04-10T01:16:57.411Z,3TYgKwkE2Y3rxdw9osLRSpxpXmSC1C1oo19W9KHspump,BULL,Bull,solana,0.001979,2048,16384,262144,1048576,131072,2097152,2097152,63,26,552,315,1774278163000,pumpswap,REPEAT
2026-04-10T01:16:57.411Z,QPXY96HU7oCpqTYV8xH17DYyjbyp6mGiGcW922Lgvpr,KACHIBI2,Kawaii Chibi V2 ,solana,0.0000002839,0,1024,8192,16384,8192,32768,32768,,2,13,26,1775505502000,raydium,REPEAT
2026-04-10T01:16:57.411Z,2f4sWXXaXKHuQArYh94pddb7hkGWATp9MFScy26tpump,FART,Fart,solana,0.0002830,65536,1048576,1048576,1048576,32768,262144,262144,344,201,5584,4016,1775779711000,pumpswap,REPEAT
2026-04-10T01:16:57.411Z,H1CknM7TXz134nY5YT7KUYG6fL2Egn4ieLyzkTk7BAGS,PUNCH,パンチ,solana,0.0002518,4096,32768,262144,524288,32768,262144,262144,31,14,226,156,1775694809000,meteora,REPEAT
2026-04-10T01:16:57.411Z,xmYmMCUFuQ6mVu9yNs44KPz3ALyrntyhivueaw3pump,Sora,ソラちゃん,solana,0.00004856,16384,65536,65536,65536,16384,65536,65536,252,200,1089,737,1775782979000,pumpswap,REPEAT
2026-04-10T01:16:57.411Z,HdB3FdEqpjnBnFDXGiBjuED2RYsVJFTqwwCY5BfhjgAx,BWT,OFFICIAL BARRON WILLIAM TRUMP,solana,0.00002159,4096,131072,524288,524288,16384,16384,16384,91,78,2259,7330,1775776887000,pumpswap,REPEAT
2026-04-10T01:16:57.411Z,2AMYvN5zvXMC9ueA6vznaiaEqWrjpxHCisa2Nuc5pump,Chicky,Chicky,solana,0.00009933,16,1024,16384,65536,32768,131072,131072,,1,26,18,1774938227000,pumpswap,REPEAT
2026-04-10T01:16:57.411Z,6cfu6Qkqb4BhQ552DMJ2txLSxT7nfv7V69WhyEHTpump,Lizard ,The Waving Lizard ,solana,0.00001115,128,2048,8192,32768,,8192,8192,2,1,30,11,1775728143000,pumpfun,REPEAT
2026-04-10T01:16:57.411Z,9AEtb967xTMosjp9XFhvHLhscPNYgDWc15jFAZR8pump,RƎ́V,REVÉRSÉ SOCIETY,solana,0.0001490,128,1024,8192,32768,32768,131072,131072,2,,14,12,1775691640000,pumpswap,REPEAT
2026-04-10T01:16:57.411Z,HdB3FdEqpjnBnFDXGiBjuED2RYsVJFTqwwCY5BfhjgAx,BWT,OFFICIAL BARRON WILLIAM TRUMP,solana,0.00002159,4096,131072,524288,524288,16384,16384,16384,91,78,2259,7330,1775776887000,pumpswap,REPEAT
2026-04-10T01:16:57.411Z,rG49p6sSbBsrbWbsdEhFFe15uq5nch2eSnQLV4fpump,XPX,XPXpay,solana,0.0005142,,512,16384,131072,65536,524288,524288,,,14,11,1775717482000,pumpswap,REPEAT
2026-04-10T01:16:57.411Z,4YiLHDR4B4pE4R5GUMA8HG8YunyeLwcobtEtvwMupump,ROCKET,ROCKET,solana,0.0003885,1024,8192,32768,262144,65536,524288,524288,55,29,795,553,1775048719000,pumpswap,REPEAT
2026-04-10T01:16:57.411Z,FdUmX7zQSZgPxt1D7rtbKQisP4a2MXyejAxEnVvepump,Stoic,Stoicism ,solana,0.00008089,8192,262144,1048576,1048576,32768,65536,65536,166,121,3656,3218,1775773975000,pumpswap,REPEAT
2026-04-10T01:16:57.411Z,wwzqJcBxRUDfSZQQv3R4WckkNzpSFjNHkRuzZFcJJZt,JELLYBEAN,JELLYBEAN,solana,0.00003315,128,128,256,512,16384,32768,32768,2,1,2,1,1773329155000,raydium,REPEAT
2026-04-10T01:16:57.411Z,5j9iwWiesC4vKxHWcuRaqZ1qbQJRjnmJoZKJYA2Ypump,Nostalgia ,Do you remember that one time? ,solana,0.000002527,,,1024,1024,,2048,2048,,,,,1775774800000,pumpfun,REPEAT
2026-04-10T01:16:57.411Z,DNj6DDhWiK3MHYM9oyEzpKwJ2oYhVexxDvReGTN6pump,MEMETF,MemeTF,solana,0.000002873,16,256,32768,32768,,2048,2048,,1,2,8,1775765043000,pumpfun,REPEAT
2026-04-10T01:16:57.411Z,BEYgnrA1PTj9rrWfe7EEEFpD7KbBGXgjpEQNcM5ppump,WOJI,wojimoji,solana,0.000002712,64,256,1048576,1048576,4096,2048,2048,,1,13,17,1775772988000,pumpswap,REPEAT
2026-04-10T01:16:57.411Z,78E7b7iA5AbSLBss3Whhbmh81pncYS4bRVsFpRx9pump,FARTROCKET,Fart Rocket,solana,0.000001882,,64,1048576,1048576,4096,2048,2048,,,2,6,1775773501000,pumpswap,REPEAT
2026-04-10T01:16:57.411Z,gqqPZaSV2UDmEi3dhBzA6u6x5ZTLAXPntHZ5gQ4pump,Monke,Monke,solana,0.000009982,,128,2048,8192,8192,8192,8192,,,1,4,1773824795000,pumpswap,REPEAT
2026-04-10T01:16:57.411Z,41QbtLKqJmPCP5TmnHx9pVQtwCGDc1GV5A4WVfy9pump,MOODUANG,Moo Duang,solana,0.00003851,64,2048,65536,131072,16384,32768,32768,1,1,37,28,1775743897000,pumpswap,REPEAT
2026-04-10T01:21:57.410Z,6XjY7mBgYNEV8tk6NxybMF1RdkSuWopCSHW9ejJ5DHwn,IMAGINE,Grok Imagine,solana,0.00002156,,256,1024,8192,16384,16384,16384,,,3,2,1773975732000,pumpswap,REPEAT
2026-04-10T01:21:57.410Z,CmtYYjTBYxj5ExeyREFoM5gMNDo4GQ4sjrE7Vx9upump,HUNTER,HunterBidenSmokingCrackCoin,solana,0.000009083,4096,16384,32768,32768,,8192,8192,67,46,413,269,1775779065000,pumpfun,REPEAT
2026-04-10T01:21:57.410Z,9SeCSdbPzz95KomGUGEV9Shn2zGXNmMJhE9J72Hipump,Iroha,イロハ,solana,0.001309,4096,32768,262144,2097152,131072,1048576,1048576,31,14,255,169,1775525060000,pumpswap,REPEAT
2026-04-10T01:21:57.410Z,2f4sWXXaXKHuQArYh94pddb7hkGWATp9MFScy26tpump,FART,Fart,solana,0.0002307,65536,1048576,1048576,1048576,32768,262144,262144,292,193,5215,3790,1775779711000,pumpswap,REPEAT
2026-04-10T01:21:57.410Z,ATgsKWXnmEyrv3BvBndyQP55Xg49RhhGgFktasv2pump,SOLTAR,Soltar,solana,0.00004449,,256,1024,2048,16384,32768,32768,,,5,3,1774183067000,pumpswap,REPEAT
2026-04-10T01:21:57.410Z,61bSahZBWZgws8HQNSV57mtASrDAN3HBT9DwQNG3Bjt,mememan,Meme Man,solana,0.0001383,1024,8192,32768,65536,32768,131072,131072,22,8,117,79,1775463353000,pumpswap,REPEAT
2026-04-10T01:21:57.410Z,2f4sWXXaXKHuQArYh94pddb7hkGWATp9MFScy26tpump,FART,Fart,solana,0.0002307,65536,1048576,1048576,1048576,32768,262144,262144,292,193,5215,3790,1775779711000,pumpswap,REPEAT
2026-04-10T01:21:57.410Z,98t9PEJF5QvAdGhu3MuQ2ww57NkRV1Rg7evSZNFxpump,$BABYTAN,BabyTan,solana,0.000009717,128,2048,4096,16384,,8192,8192,5,3,70,47,1775571529000,pumpfun,REPEAT
2026-04-10T01:21:57.410Z,3W837NEB9cwzE6Awb9iyrRBy72zaeCNy2Zcsx2Tzpump,CHITOSHI,Satoshification,solana,0.0003276,65536,1048576,1048576,1048576,32768,262144,262144,278,154,4332,2545,1775779700000,pumpswap,REPEAT
2026-04-10T01:21:57.410Z,3TYgKwkE2Y3rxdw9osLRSpxpXmSC1C1oo19W9KHspump,BULL,Bull,solana,0.001969,1024,16384,262144,1048576,131072,2097152,2097152,18,21,550,310,1774278163000,pumpswap,REPEAT
2026-04-10T01:21:57.410Z,QPXY96HU7oCpqTYV8xH17DYyjbyp6mGiGcW922Lgvpr,KACHIBI2,Kawaii Chibi V2 ,solana,0.0000002815,16,1024,8192,16384,8192,32768,32768,,1,12,25,1775505502000,raydium,REPEAT
2026-04-10T01:21:57.410Z,2f4sWXXaXKHuQArYh94pddb7hkGWATp9MFScy26tpump,FART,Fart,solana,0.0002307,65536,1048576,1048576,1048576,32768,262144,262144,292,193,5215,3790,1775779711000,pumpswap,REPEAT
2026-04-10T01:21:57.410Z,H1CknM7TXz134nY5YT7KUYG6fL2Egn4ieLyzkTk7BAGS,PUNCH,パンチ,solana,0.0002185,4096,32768,262144,524288,32768,262144,262144,28,18,241,169,1775694809000,meteora,REPEAT
2026-04-10T01:21:57.410Z,xmYmMCUFuQ6mVu9yNs44KPz3ALyrntyhivueaw3pump,Sora,ソラちゃん,solana,0.00007263,32768,65536,65536,65536,16384,65536,65536,357,302,1446,1040,1775782979000,pumpswap,REPEAT
2026-04-10T01:21:57.410Z,HdB3FdEqpjnBnFDXGiBjuED2RYsVJFTqwwCY5BfhjgAx,BWT,OFFICIAL BARRON WILLIAM TRUMP,solana,0.00002134,1024,131072,524288,524288,16384,16384,16384,57,263,2138,6961,1775776887000,pumpswap,REPEAT
2026-04-10T01:21:57.410Z,2AMYvN5zvXMC9ueA6vznaiaEqWrjpxHCisa2Nuc5pump,Chicky,Chicky,solana,0.00009844,4,1024,16384,65536,32768,131072,131072,,1,22,16,1774938227000,pumpswap,REPEAT
2026-04-10T01:21:57.410Z,6cfu6Qkqb4BhQ552DMJ2txLSxT7nfv7V69WhyEHTpump,Lizard ,The Waving Lizard ,solana,0.00001131,32,2048,8192,32768,,8192,8192,1,,29,10,1775728143000,pumpfun,REPEAT
2026-04-10T01:21:57.410Z,9AEtb967xTMosjp9XFhvHLhscPNYgDWc15jFAZR8pump,RƎ́V,REVÉRSÉ SOCIETY,solana,0.0001480,128,1024,8192,32768,32768,131072,131072,3,1,17,12,1775691640000,pumpswap,REPEAT
2026-04-10T01:21:57.410Z,HdB3FdEqpjnBnFDXGiBjuED2RYsVJFTqwwCY5BfhjgAx,BWT,OFFICIAL BARRON WILLIAM TRUMP,solana,0.00002134,1024,131072,524288,524288,16384,16384,16384,57,263,2138,6961,1775776887000,pumpswap,REPEAT
2026-04-10T01:21:57.410Z,rG49p6sSbBsrbWbsdEhFFe15uq5nch2eSnQLV4fpump,XPX,XPXpay,solana,0.0005188,64,512,16384,131072,65536,524288,524288,1,1,14,11,1775717482000,pumpswap,REPEAT
2026-04-10T01:21:57.410Z,4YiLHDR4B4pE4R5GUMA8HG8YunyeLwcobtEtvwMupump,ROCKET,ROCKET,solana,0.0004107,2048,8192,32768,262144,65536,524288,524288,69,57,812,566,1775048719000,pumpswap,REPEAT
2026-04-10T01:21:57.410Z,FdUmX7zQSZgPxt1D7rtbKQisP4a2MXyejAxEnVvepump,Stoic,Stoicism ,solana,0.00007456,8192,262144,1048576,1048576,16384,65536,65536,163,97,3512,3147,1775773975000,pumpswap,REPEAT
2026-04-10T01:21:57.410Z,wwzqJcBxRUDfSZQQv3R4WckkNzpSFjNHkRuzZFcJJZt,JELLYBEAN,JELLYBEAN,solana,0.00003278,32,128,256,512,16384,32768,32768,,1,2,2,1773329155000,raydium,REPEAT
2026-04-10T01:21:57.410Z,5j9iwWiesC4vKxHWcuRaqZ1qbQJRjnmJoZKJYA2Ypump,Nostalgia ,Do you remember that one time? ,solana,0.000002527,,,1024,1024,,2048,2048,,,,,1775774800000,pumpfun,REPEAT
2026-04-10T01:21:57.410Z,DNj6DDhWiK3MHYM9oyEzpKwJ2oYhVexxDvReGTN6pump,MEMETF,MemeTF,solana,0.000002873,,256,32768,32768,,2048,2048,,,2,8,1775765043000,pumpfun,REPEAT
2026-04-10T01:21:57.410Z,BEYgnrA1PTj9rrWfe7EEEFpD7KbBGXgjpEQNcM5ppump,WOJI,wojimoji,solana,0.000002634,16,256,1048576,1048576,4096,2048,2048,1,2,13,15,1775772988000,pumpswap,REPEAT
2026-04-10T01:21:57.410Z,78E7b7iA5AbSLBss3Whhbmh81pncYS4bRVsFpRx9pump,FARTROCKET,Fart Rocket,solana,0.000001882,,64,1048576,1048576,4096,2048,2048,,,2,6,1775773501000,pumpswap,REPEAT
2026-04-10T01:21:57.410Z,gqqPZaSV2UDmEi3dhBzA6u6x5ZTLAXPntHZ5gQ4pump,Monke,Monke,solana,0.00001017,32,128,2048,8192,8192,8192,8192,1,,2,4,1773824795000,pumpswap,REPEAT
2026-04-10T01:21:57.410Z,41QbtLKqJmPCP5TmnHx9pVQtwCGDc1GV5A4WVfy9pump,MOODUANG,Moo Duang,solana,0.00003817,64,2048,65536,131072,16384,32768,32768,3,2,37,30,1775743897000,pumpswap,REPEAT
2026-04-10T01:26:57.411Z,6XjY7mBgYNEV8tk6NxybMF1RdkSuWopCSHW9ejJ5DHwn,IMAGINE,Grok Imagine,solana,0.00002156,,256,1024,8192,16384,16384,16384,,,3,2,1773975732000,pumpswap,REPEAT
2026-04-10T01:26:57.411Z,CmtYYjTBYxj5ExeyREFoM5gMNDo4GQ4sjrE7Vx9upump,HUNTER,HunterBidenSmokingCrackCoin,solana,0.000008116,2048,16384,32768,32768,,8192,8192,30,19,419,262,1775779065000,pumpfun,REPEAT
2026-04-10T01:26:57.411Z,9SeCSdbPzz95KomGUGEV9Shn2zGXNmMJhE9J72Hipump,Iroha,イロハ,solana,0.001356,2048,32768,262144,2097152,131072,1048576,1048576,8,26,225,183,1775525060000,pumpswap,REPEAT
2026-04-10T01:26:57.411Z,2f4sWXXaXKHuQArYh94pddb7hkGWATp9MFScy26tpump,FART,Fart,solana,0.0002396,65536,1048576,1048576,1048576,32768,262144,262144,246,174,5010,3665,1775779711000,pumpswap,REPEAT
2026-04-10T01:26:57.411Z,ATgsKWXnmEyrv3BvBndyQP55Xg49RhhGgFktasv2pump,SOLTAR,Soltar,solana,0.00004449,,256,1024,2048,16384,32768,32768,,,5,3,1774183067000,pumpswap,REPEAT
2026-04-10T01:26:57.411Z,61bSahZBWZgws8HQNSV57mtASrDAN3HBT9DwQNG3Bjt,mememan,Meme Man,solana,0.0001373,2048,16384,32768,131072,32768,131072,131072,9,8,122,86,1775463353000,pumpswap,REPEAT
2026-04-10T01:26:57.411Z,2f4sWXXaXKHuQArYh94pddb7hkGWATp9MFScy26tpump,FART,Fart,solana,0.0002396,65536,1048576,1048576,1048576,32768,262144,262144,246,174,5010,3665,1775779711000,pumpswap,REPEAT
2026-04-10T01:26:57.411Z,98t9PEJF5QvAdGhu3MuQ2ww57NkRV1Rg7evSZNFxpump,$BABYTAN,BabyTan,solana,0.000009758,128,2048,4096,16384,,8192,8192,5,4,71,50,1775571529000,pumpfun,REPEAT
2026-04-10T01:26:57.411Z,3W837NEB9cwzE6Awb9iyrRBy72zaeCNy2Zcsx2Tzpump,CHITOSHI,Satoshification,solana,0.0003108,65536,1048576,1048576,1048576,32768,262144,262144,360,162,4334,2430,1775779700000,pumpswap,REPEAT
2026-04-10T01:26:57.411Z,3TYgKwkE2Y3rxdw9osLRSpxpXmSC1C1oo19W9KHspump,BULL,Bull,solana,0.001974,1024,16384,262144,1048576,131072,2097152,2097152,19,28,546,314,1774278163000,pumpswap,REPEAT
2026-04-10T01:26:57.411Z,QPXY96HU7oCpqTYV8xH17DYyjbyp6mGiGcW922Lgvpr,KACHIBI2,Kawaii Chibi V2 ,solana,0.0000002834,2,1024,8192,16384,8192,32768,32768,1,1,12,24,1775505502000,raydium,REPEAT
2026-04-10T01:26:57.411Z,2f4sWXXaXKHuQArYh94pddb7hkGWATp9MFScy26tpump,FART,Fart,solana,0.0002396,65536,1048576,1048576,1048576,32768,262144,262144,246,174,5010,3665,1775779711000,pumpswap,REPEAT
2026-04-10T01:26:57.411Z,H1CknM7TXz134nY5YT7KUYG6fL2Egn4ieLyzkTk7BAGS,PUNCH,パンチ,solana,0.0001928,2048,32768,262144,524288,32768,262144,262144,12,14,245,180,1775694809000,meteora,REPEAT
2026-04-10T01:26:57.411Z,xmYmMCUFuQ6mVu9yNs44KPz3ALyrntyhivueaw3pump,Sora,ソラちゃん,solana,0.00009364,16384,131072,131072,131072,32768,131072,131072,222,201,1670,1245,1775782979000,pumpswap,REPEAT
2026-04-10T01:26:57.411Z,HdB3FdEqpjnBnFDXGiBjuED2RYsVJFTqwwCY5BfhjgAx,BWT,OFFICIAL BARRON WILLIAM TRUMP,solana,0.00001680,2048,131072,524288,524288,8192,16384,16384,144,505,2105,6874,1775776887000,pumpswap,REPEAT
2026-04-10T01:26:57.411Z,2AMYvN5zvXMC9ueA6vznaiaEqWrjpxHCisa2Nuc5pump,Chicky,Chicky,solana,0.00009799,32,1024,16384,65536,32768,131072,131072,1,2,22,16,1774938227000,pumpswap,REPEAT
2026-04-10T01:26:57.411Z,6cfu6Qkqb4BhQ552DMJ2txLSxT7nfv7V69WhyEHTpump,Lizard ,The Waving Lizard ,solana,0.00001116,32,2048,8192,32768,,8192,8192,,1,25,9,1775728143000,pumpfun,REPEAT
2026-04-10T01:26:57.411Z,9AEtb967xTMosjp9XFhvHLhscPNYgDWc15jFAZR8pump,RƎ́V,REVÉRSÉ SOCIETY,solana,0.0001474,8,1024,8192,32768,32768,131072,131072,,1,16,10,1775691640000,pumpswap,REPEAT
2026-04-10T01:26:57.411Z,HdB3FdEqpjnBnFDXGiBjuED2RYsVJFTqwwCY5BfhjgAx,BWT,OFFICIAL BARRON WILLIAM TRUMP,solana,0.00001680,2048,131072,524288,524288,8192,16384,16384,144,505,2105,6874,1775776887000,pumpswap,REPEAT
2026-04-10T01:26:57.411Z,rG49p6sSbBsrbWbsdEhFFe15uq5nch2eSnQLV4fpump,XPX,XPXpay,solana,0.0005188,,256,16384,131072,65536,524288,524288,,,9,9,1775717482000,pumpswap,REPEAT
2026-04-10T01:26:57.411Z,4YiLHDR4B4pE4R5GUMA8HG8YunyeLwcobtEtvwMupump,ROCKET,ROCKET,solana,0.0004032,512,8192,32768,262144,65536,524288,524288,53,41,805,556,1775048719000,pumpswap,REPEAT
2026-04-10T01:26:57.411Z,FdUmX7zQSZgPxt1D7rtbKQisP4a2MXyejAxEnVvepump,Stoic,Stoicism ,solana,0.00009186,4096,131072,1048576,1048576,32768,65536,65536,106,103,3384,3112,1775773975000,pumpswap,REPEAT
2026-04-10T01:26:57.411Z,wwzqJcBxRUDfSZQQv3R4WckkNzpSFjNHkRuzZFcJJZt,JELLYBEAN,JELLYBEAN,solana,0.00003278,,128,256,512,16384,32768,32768,,,2,2,1773329155000,raydium,REPEAT
2026-04-10T01:26:57.411Z,5j9iwWiesC4vKxHWcuRaqZ1qbQJRjnmJoZKJYA2Ypump,Nostalgia ,Do you remember that one time? ,solana,0.000002534,32,32,1024,1024,,2048,2048,6,1,6,1,1775774800000,pumpfun,REPEAT
2026-04-10T01:26:57.411Z,DNj6DDhWiK3MHYM9oyEzpKwJ2oYhVexxDvReGTN6pump,MEMETF,MemeTF,solana,0.000002863,2,256,32768,32768,,2048,2048,,1,1,8,1775765043000,pumpfun,REPEAT
2026-04-10T01:26:57.411Z,BEYgnrA1PTj9rrWfe7EEEFpD7KbBGXgjpEQNcM5ppump,WOJI,wojimoji,solana,0.000002634,,256,1048576,1048576,4096,2048,2048,,,12,12,1775772988000,pumpswap,REPEAT
2026-04-10T01:26:57.411Z,78E7b7iA5AbSLBss3Whhbmh81pncYS4bRVsFpRx9pump,FARTROCKET,Fart Rocket,solana,0.000001882,,16,1048576,1048576,4096,2048,2048,,,1,3,1775773501000,pumpswap,REPEAT
2026-04-10T01:26:57.411Z,gqqPZaSV2UDmEi3dhBzA6u6x5ZTLAXPntHZ5gQ4pump,Monke,Monke,solana,0.00001009,16,128,2048,8192,8192,8192,8192,,1,2,5,1773824795000,pumpswap,REPEAT
2026-04-10T01:26:57.411Z,41QbtLKqJmPCP5TmnHx9pVQtwCGDc1GV5A4WVfy9pump,MOODUANG,Moo Duang,solana,0.00003560,256,2048,65536,131072,16384,32768,32768,2,2,36,27,1775743897000,pumpswap,REPEAT
2026-04-10T01:31:57.412Z,6XjY7mBgYNEV8tk6NxybMF1RdkSuWopCSHW9ejJ5DHwn,IMAGINE,Grok Imagine,solana,0.00002119,64,256,1024,8192,16384,16384,16384,,1,3,3,1773975732000,pumpswap,REPEAT
2026-04-10T01:31:57.412Z,CmtYYjTBYxj5ExeyREFoM5gMNDo4GQ4sjrE7Vx9upump,HUNTER,HunterBidenSmokingCrackCoin,solana,0.000006538,2048,16384,32768,32768,,8192,8192,31,34,419,265,1775779065000,pumpfun,REPEAT
2026-04-10T01:31:57.412Z,9SeCSdbPzz95KomGUGEV9Shn2zGXNmMJhE9J72Hipump,Iroha,イロハ,solana,0.001266,2048,32768,262144,2097152,131072,1048576,1048576,23,10,208,176,1775525060000,pumpswap,REPEAT
2026-04-10T01:31:57.412Z,2f4sWXXaXKHuQArYh94pddb7hkGWATp9MFScy26tpump,FART,Fart,solana,0.0001884,65536,1048576,2097152,2097152,32768,262144,262144,272,182,4721,3510,1775779711000,pumpswap,REPEAT
2026-04-10T01:31:57.412Z,ATgsKWXnmEyrv3BvBndyQP55Xg49RhhGgFktasv2pump,SOLTAR,Soltar,solana,0.00004446,1,256,1024,2048,16384,32768,32768,1,,6,3,1774183067000,pumpswap,REPEAT
2026-04-10T01:31:57.412Z,61bSahZBWZgws8HQNSV57mtASrDAN3HBT9DwQNG3Bjt,mememan,Meme Man,solana,0.0001561,1024,16384,32768,131072,32768,131072,131072,12,11,122,92,1775463353000,pumpswap,REPEAT
2026-04-10T01:31:57.412Z,2f4sWXXaXKHuQArYh94pddb7hkGWATp9MFScy26tpump,FART,Fart,solana,0.0001884,65536,1048576,2097152,2097152,32768,262144,262144,272,182,4721,3510,1775779711000,pumpswap,REPEAT
2026-04-10T01:31:57.412Z,98t9PEJF5QvAdGhu3MuQ2ww57NkRV1Rg7evSZNFxpump,$BABYTAN,BabyTan,solana,0.000009756,32,2048,4096,16384,,8192,8192,1,2,68,51,1775571529000,pumpfun,REPEAT
2026-04-10T01:31:57.412Z,3W837NEB9cwzE6Awb9iyrRBy72zaeCNy2Zcsx2Tzpump,CHITOSHI,Satoshification,solana,0.0002838,65536,1048576,1048576,1048576,32768,262144,262144,360,184,4307,2356,1775779700000,pumpswap,REPEAT
2026-04-10T01:31:57.412Z,3TYgKwkE2Y3rxdw9osLRSpxpXmSC1C1oo19W9KHspump,BULL,Bull,solana,0.002023,4096,16384,262144,1048576,131072,2097152,2097152,28,36,510,324,1774278163000,pumpswap,REPEAT
2026-04-10T01:31:57.412Z,QPXY96HU7oCpqTYV8xH17DYyjbyp6mGiGcW922Lgvpr,KACHIBI2,Kawaii Chibi V2 ,solana,0.0000002823,16,1024,8192,16384,8192,32768,32768,1,4,13,27,1775505502000,raydium,REPEAT
2026-04-10T01:31:57.412Z,2f4sWXXaXKHuQArYh94pddb7hkGWATp9MFScy26tpump,FART,Fart,solana,0.0001884,65536,1048576,2097152,2097152,32768,262144,262144,272,182,4721,3510,1775779711000,pumpswap,REPEAT
2026-04-10T01:31:57.412Z,H1CknM7TXz134nY5YT7KUYG6fL2Egn4ieLyzkTk7BAGS,PUNCH,パンチ,solana,0.0001879,1024,32768,262144,524288,32768,262144,262144,14,7,261,185,1775694809000,meteora,REPEAT
2026-04-10T01:31:57.412Z,xmYmMCUFuQ6mVu9yNs44KPz3ALyrntyhivueaw3pump,Sora,ソラちゃん,solana,0.00009828,16384,131072,131072,131072,32768,131072,131072,344,185,2019,1430,1775782979000,pumpswap,REPEAT
2026-04-10T01:31:57.412Z,HdB3FdEqpjnBnFDXGiBjuED2RYsVJFTqwwCY5BfhjgAx,BWT,OFFICIAL BARRON WILLIAM TRUMP,solana,0.00001680,4096,131072,524288,524288,8192,16384,16384,94,556,2065,6851,1775776887000,pumpswap,REPEAT
2026-04-10T01:31:57.412Z,2AMYvN5zvXMC9ueA6vznaiaEqWrjpxHCisa2Nuc5pump,Chicky,Chicky,solana,0.00009601,256,1024,16384,65536,32768,131072,131072,2,5,23,21,1774938227000,pumpswap,REPEAT
2026-04-10T01:31:57.412Z,6cfu6Qkqb4BhQ552DMJ2txLSxT7nfv7V69WhyEHTpump,Lizard ,The Waving Lizard ,solana,0.00001116,,2048,8192,32768,,8192,8192,,,22,9,1775728143000,pumpfun,REPEAT
2026-04-10T01:31:57.412Z,9AEtb967xTMosjp9XFhvHLhscPNYgDWc15jFAZR8pump,RƎ́V,REVÉRSÉ SOCIETY,solana,0.0001474,8,1024,8192,32768,32768,131072,131072,,1,16,11,1775691640000,pumpswap,REPEAT
2026-04-10T01:31:57.412Z,HdB3FdEqpjnBnFDXGiBjuED2RYsVJFTqwwCY5BfhjgAx,BWT,OFFICIAL BARRON WILLIAM TRUMP,solana,0.00001680,4096,131072,524288,524288,8192,16384,16384,94,556,2065,6851,1775776887000,pumpswap,REPEAT
2026-04-10T01:31:57.412Z,rG49p6sSbBsrbWbsdEhFFe15uq5nch2eSnQLV4fpump,XPX,XPXpay,solana,0.0005333,512,1024,16384,131072,65536,524288,524288,3,3,11,9,1775717482000,pumpswap,REPEAT
2026-04-10T01:31:57.412Z,4YiLHDR4B4pE4R5GUMA8HG8YunyeLwcobtEtvwMupump,ROCKET,ROCKET,solana,0.0004014,128,8192,32768,262144,65536,524288,524288,59,49,810,565,1775048719000,pumpswap,REPEAT
2026-04-10T01:31:57.412Z,FdUmX7zQSZgPxt1D7rtbKQisP4a2MXyejAxEnVvepump,Stoic,Stoicism ,solana,0.00009622,8192,131072,1048576,1048576,32768,131072,131072,128,102,3276,3124,1775773975000,pumpswap,REPEAT
2026-04-10T01:31:57.412Z,wwzqJcBxRUDfSZQQv3R4WckkNzpSFjNHkRuzZFcJJZt,JELLYBEAN,JELLYBEAN,solana,0.00003278,,128,256,512,16384,32768,32768,,,2,2,1773329155000,raydium,REPEAT
2026-04-10T01:31:57.412Z,5j9iwWiesC4vKxHWcuRaqZ1qbQJRjnmJoZKJYA2Ypump,Nostalgia ,Do you remember that one time? ,solana,0.000002537,128,128,1024,1024,,2048,2048,7,3,13,4,1775774800000,pumpfun,REPEAT
2026-04-10T01:31:57.412Z,DNj6DDhWiK3MHYM9oyEzpKwJ2oYhVexxDvReGTN6pump,MEMETF,MemeTF,solana,0.000002757,64,256,32768,32768,,2048,2048,,2,1,10,1775765043000,pumpfun,REPEAT
2026-04-10T01:31:57.412Z,BEYgnrA1PTj9rrWfe7EEEFpD7KbBGXgjpEQNcM5ppump,WOJI,wojimoji,solana,0.000002634,,256,1048576,1048576,4096,2048,2048,,,11,12,1775772988000,pumpswap,REPEAT
2026-04-10T01:31:57.412Z,78E7b7iA5AbSLBss3Whhbmh81pncYS4bRVsFpRx9pump,FARTROCKET,Fart Rocket,solana,0.000001882,,16,1048576,1048576,4096,2048,2048,,,1,2,1775773501000,pumpswap,REPEAT
2026-04-10T01:31:57.412Z,gqqPZaSV2UDmEi3dhBzA6u6x5ZTLAXPntHZ5gQ4pump,Monke,Monke,solana,0.00001009,,128,2048,8192,8192,8192,8192,,,2,4,1773824795000,pumpswap,REPEAT
2026-04-10T01:31:57.412Z,41QbtLKqJmPCP5TmnHx9pVQtwCGDc1GV5A4WVfy9pump,MOODUANG,Moo Duang,solana,0.00003578,8,2048,65536,131072,16384,32768,32768,1,,29,21,1775743897000,pumpswap,REPEAT
2026-04-10T01:36:57.413Z,Fc1mGwtNZthtxfaKDLvTMJXjM2Bvyy5XtHq9Jarupump,Enough,Enough To Live,solana,0.00001212,512,4096,32768,262144,8192,16384,16384,16,6,58,60,1775748691000,pumpswap,NEW
2026-04-10T01:36:57.413Z,7WgtNx2R5tVw98PdZuhgjbcDkEtaxyEFDxWtYQ5nbonk,Barron ,Official Barron Coin,solana,0.0001025,1024,32768,131072,262144,32768,131072,131072,13,8,177,142,1775762127000,raydium,NEW
2026-04-10T01:36:57.413Z,6XjY7mBgYNEV8tk6NxybMF1RdkSuWopCSHW9ejJ5DHwn,IMAGINE,Grok Imagine,solana,0.00002119,,256,1024,8192,16384,16384,16384,,,3,3,1773975732000,pumpswap,REPEAT
2026-04-10T01:36:57.413Z,CmtYYjTBYxj5ExeyREFoM5gMNDo4GQ4sjrE7Vx9upump,HUNTER,HunterBidenSmokingCrackCoin,solana,0.000006680,1024,16384,32768,32768,,8192,8192,11,12,382,248,1775779065000,pumpfun,REPEAT
2026-04-10T01:36:57.413Z,9SeCSdbPzz95KomGUGEV9Shn2zGXNmMJhE9J72Hipump,Iroha,イロハ,solana,0.001258,4096,32768,262144,2097152,131072,1048576,1048576,31,22,243,189,1775525060000,pumpswap,REPEAT
2026-04-10T01:36:57.413Z,2f4sWXXaXKHuQArYh94pddb7hkGWATp9MFScy26tpump,FART,Fart,solana,0.0001277,65536,1048576,2097152,2097152,32768,131072,131072,359,271,4732,3518,1775779711000,pumpswap,REPEAT
2026-04-10T01:36:57.413Z,ATgsKWXnmEyrv3BvBndyQP55Xg49RhhGgFktasv2pump,SOLTAR,Soltar,solana,0.00004446,,256,1024,2048,16384,32768,32768,,,6,3,1774183067000,pumpswap,REPEAT
2026-04-10T01:36:57.413Z,61bSahZBWZgws8HQNSV57mtASrDAN3HBT9DwQNG3Bjt,mememan,Meme Man,solana,0.0001331,2048,16384,32768,131072,32768,131072,131072,5,12,122,98,1775463353000,pumpswap,REPEAT
2026-04-10T01:36:57.413Z,2f4sWXXaXKHuQArYh94pddb7hkGWATp9MFScy26tpump,FART,Fart,solana,0.0001277,65536,1048576,2097152,2097152,32768,131072,131072,359,271,4732,3518,1775779711000,pumpswap,REPEAT
2026-04-10T01:36:57.413Z,98t9PEJF5QvAdGhu3MuQ2ww57NkRV1Rg7evSZNFxpump,$BABYTAN,BabyTan,solana,0.000009967,64,2048,4096,16384,,8192,8192,3,1,59,49,1775571529000,pumpfun,REPEAT
2026-04-10T01:36:57.413Z,3W837NEB9cwzE6Awb9iyrRBy72zaeCNy2Zcsx2Tzpump,CHITOSHI,Satoshification,solana,0.0002456,65536,524288,1048576,1048576,32768,262144,262144,355,253,4290,2430,1775779700000,pumpswap,REPEAT
2026-04-10T01:36:57.413Z,3TYgKwkE2Y3rxdw9osLRSpxpXmSC1C1oo19W9KHspump,BULL,Bull,solana,0.002043,1024,16384,262144,1048576,131072,2097152,2097152,22,24,512,324,1774278163000,pumpswap,REPEAT
2026-04-10T01:36:57.413Z,QPXY96HU7oCpqTYV8xH17DYyjbyp6mGiGcW922Lgvpr,KACHIBI2,Kawaii Chibi V2 ,solana,0.0000002818,16,1024,8192,16384,8192,32768,32768,1,3,13,29,1775505502000,raydium,REPEAT
2026-04-10T01:36:57.413Z,2f4sWXXaXKHuQArYh94pddb7hkGWATp9MFScy26tpump,FART,Fart,solana,0.0001277,65536,1048576,2097152,2097152,32768,131072,131072,359,271,4732,3518,1775779711000,pumpswap,REPEAT
2026-04-10T01:36:57.413Z,H1CknM7TXz134nY5YT7KUYG6fL2Egn4ieLyzkTk7BAGS,PUNCH,パンチ,solana,0.0001872,4096,32768,262144,524288,32768,262144,262144,24,12,277,187,1775694809000,meteora,REPEAT
2026-04-10T01:36:57.413Z,xmYmMCUFuQ6mVu9yNs44KPz3ALyrntyhivueaw3pump,Sora,ソラちゃん,solana,0.0001355,65536,131072,131072,131072,32768,131072,131072,508,358,2531,1796,1775782979000,pumpswap,REPEAT
2026-04-10T01:36:57.413Z,HdB3FdEqpjnBnFDXGiBjuED2RYsVJFTqwwCY5BfhjgAx,BWT,OFFICIAL BARRON WILLIAM TRUMP,solana,0.00001695,2048,65536,524288,524288,8192,16384,16384,50,538,1744,6634,1775776887000,pumpswap,REPEAT
2026-04-10T01:36:57.413Z,2AMYvN5zvXMC9ueA6vznaiaEqWrjpxHCisa2Nuc5pump,Chicky,Chicky,solana,0.00009719,16,1024,16384,65536,32768,131072,131072,2,,25,21,1774938227000,pumpswap,REPEAT
2026-04-10T01:36:57.413Z,6cfu6Qkqb4BhQ552DMJ2txLSxT7nfv7V69WhyEHTpump,Lizard ,The Waving Lizard ,solana,0.00001119,4,2048,8192,32768,,8192,8192,,1,19,10,1775728143000,pumpfun,REPEAT
2026-04-10T01:36:57.413Z,9AEtb967xTMosjp9XFhvHLhscPNYgDWc15jFAZR8pump,RƎ́V,REVÉRSÉ SOCIETY,solana,0.0001480,0,1024,8192,32768,32768,131072,131072,,1,16,11,1775691640000,pumpswap,REPEAT
2026-04-10T01:36:57.413Z,HdB3FdEqpjnBnFDXGiBjuED2RYsVJFTqwwCY5BfhjgAx,BWT,OFFICIAL BARRON WILLIAM TRUMP,solana,0.00001695,2048,65536,524288,524288,8192,16384,16384,50,538,1744,6634,1775776887000,pumpswap,REPEAT
2026-04-10T01:36:57.413Z,rG49p6sSbBsrbWbsdEhFFe15uq5nch2eSnQLV4fpump,XPX,XPXpay,solana,0.0005348,256,1024,16384,131072,65536,524288,524288,3,1,12,10,1775717482000,pumpswap,REPEAT
2026-04-10T01:36:57.413Z,4YiLHDR4B4pE4R5GUMA8HG8YunyeLwcobtEtvwMupump,ROCKET,ROCKET,solana,0.0003964,512,8192,32768,262144,65536,524288,524288,51,28,797,544,1775048719000,pumpswap,REPEAT
2026-04-10T01:36:57.413Z,FdUmX7zQSZgPxt1D7rtbKQisP4a2MXyejAxEnVvepump,Stoic,Stoicism ,solana,0.0001229,8192,131072,1048576,1048576,32768,131072,131072,212,113,3318,3145,1775773975000,pumpswap,REPEAT
2026-04-10T01:36:57.413Z,wwzqJcBxRUDfSZQQv3R4WckkNzpSFjNHkRuzZFcJJZt,JELLYBEAN,JELLYBEAN,solana,0.00003278,,128,256,512,16384,32768,32768,,,2,2,1773329155000,raydium,REPEAT
2026-04-10T01:36:57.413Z,5j9iwWiesC4vKxHWcuRaqZ1qbQJRjnmJoZKJYA2Ypump,Nostalgia ,Do you remember that one time? ,solana,0.000002537,,128,1024,1024,,2048,2048,,,13,4,1775774800000,pumpfun,REPEAT
2026-04-10T01:36:57.413Z,DNj6DDhWiK3MHYM9oyEzpKwJ2oYhVexxDvReGTN6pump,MEMETF,MemeTF,solana,0.000002757,,128,32768,32768,,2048,2048,,,1,6,1775765043000,pumpfun,REPEAT
2026-04-10T01:36:57.413Z,BEYgnrA1PTj9rrWfe7EEEFpD7KbBGXgjpEQNcM5ppump,WOJI,wojimoji,solana,0.000002623,2,256,1048576,1048576,4096,2048,2048,,1,10,11,1775772988000,pumpswap,REPEAT
2026-04-10T01:36:57.413Z,78E7b7iA5AbSLBss3Whhbmh81pncYS4bRVsFpRx9pump,FARTROCKET,Fart Rocket,solana,0.000001882,,16,1048576,1048576,4096,2048,2048,,,1,2,1775773501000,pumpswap,REPEAT
2026-04-10T01:41:57.412Z,AHFQ4tB5Fj1HTCB6sQ7MdtJf5fUHS7pdJ9sZAK3tpump,Mythos,Claude Mythos,solana,0.0002785,1024,32768,131072,262144,32768,262144,262144,6,6,218,191,1774618831000,pumpswap,NEW
2026-04-10T01:41:57.412Z,Fc1mGwtNZthtxfaKDLvTMJXjM2Bvyy5XtHq9Jarupump,Enough,Enough To Live,solana,0.00001157,64,4096,32768,262144,8192,8192,8192,3,3,53,62,1775748691000,pumpswap,REPEAT
2026-04-10T01:41:57.412Z,7WgtNx2R5tVw98PdZuhgjbcDkEtaxyEFDxWtYQ5nbonk,Barron ,Official Barron Coin,solana,0.0001151,1024,32768,131072,262144,32768,131072,131072,21,11,185,133,1775762127000,raydium,REPEAT
2026-04-10T01:41:57.412Z,6XjY7mBgYNEV8tk6NxybMF1RdkSuWopCSHW9ejJ5DHwn,IMAGINE,Grok Imagine,solana,0.00002119,,256,1024,8192,16384,16384,16384,,,3,3,1773975732000,pumpswap,REPEAT
2026-04-10T01:41:57.412Z,CmtYYjTBYxj5ExeyREFoM5gMNDo4GQ4sjrE7Vx9upump,HUNTER,HunterBidenSmokingCrackCoin,solana,0.000006864,256,16384,32768,32768,,8192,8192,5,5,380,243,1775779065000,pumpfun,REPEAT
2026-04-10T01:41:57.412Z,9SeCSdbPzz95KomGUGEV9Shn2zGXNmMJhE9J72Hipump,Iroha,イロハ,solana,0.001101,32768,65536,262144,2097152,65536,1048576,1048576,114,40,347,194,1775525060000,pumpswap,REPEAT
2026-04-10T01:41:57.412Z,2f4sWXXaXKHuQArYh94pddb7hkGWATp9MFScy26tpump,FART,Fart,solana,0.0001003,65536,1048576,2097152,2097152,32768,131072,131072,348,252,4644,3360,1775779711000,pumpswap,REPEAT
2026-04-10T01:41:57.412Z,ATgsKWXnmEyrv3BvBndyQP55Xg49RhhGgFktasv2pump,SOLTAR,Soltar,solana,0.00004446,,128,1024,2048,16384,32768,32768,,,4,2,1774183067000,pumpswap,REPEAT
2026-04-10T01:41:57.412Z,61bSahZBWZgws8HQNSV57mtASrDAN3HBT9DwQNG3Bjt,mememan,Meme Man,solana,0.0001524,1024,16384,32768,131072,32768,131072,131072,10,8,125,101,1775463353000,pumpswap,REPEAT
2026-04-10T01:41:57.412Z,2f4sWXXaXKHuQArYh94pddb7hkGWATp9MFScy26tpump,FART,Fart,solana,0.0001003,65536,1048576,2097152,2097152,32768,131072,131072,348,252,4644,3360,1775779711000,pumpswap,REPEAT
2026-04-10T01:41:57.412Z,98t9PEJF5QvAdGhu3MuQ2ww57NkRV1Rg7evSZNFxpump,$BABYTAN,BabyTan,solana,0.000009977,4,1024,4096,16384,,8192,8192,,2,49,44,1775571529000,pumpfun,REPEAT
2026-04-10T01:41:57.412Z,3W837NEB9cwzE6Awb9iyrRBy72zaeCNy2Zcsx2Tzpump,CHITOSHI,Satoshification,solana,0.0002185,32768,524288,1048576,1048576,32768,262144,262144,306,127,4262,2333,1775779700000,pumpswap,REPEAT
2026-04-10T01:41:57.412Z,3TYgKwkE2Y3rxdw9osLRSpxpXmSC1C1oo19W9KHspump,BULL,Bull,solana,0.002028,1024,16384,262144,1048576,131072,2097152,2097152,63,20,515,318,1774278163000,pumpswap,REPEAT
2026-04-10T01:41:57.412Z,QPXY96HU7oCpqTYV8xH17DYyjbyp6mGiGcW922Lgvpr,KACHIBI2,Kawaii Chibi V2 ,solana,0.0000002847,32,512,8192,16384,8192,32768,32768,1,1,10,24,1775505502000,raydium,REPEAT
2026-04-10T01:41:57.412Z,2f4sWXXaXKHuQArYh94pddb7hkGWATp9MFScy26tpump,FART,Fart,solana,0.0001003,65536,1048576,2097152,2097152,32768,131072,131072,348,252,4644,3360,1775779711000,pumpswap,REPEAT
2026-04-10T01:41:57.412Z,H1CknM7TXz134nY5YT7KUYG6fL2Egn4ieLyzkTk7BAGS,PUNCH,パンチ,solana,0.0001714,1024,32768,262144,524288,32768,131072,131072,5,10,274,185,1775694809000,meteora,REPEAT
2026-04-10T01:41:57.412Z,xmYmMCUFuQ6mVu9yNs44KPz3ALyrntyhivueaw3pump,Sora,ソラちゃん,solana,0.0001134,16384,262144,262144,262144,32768,131072,131072,270,163,2805,1969,1775782979000,pumpswap,REPEAT
2026-04-10T01:41:57.412Z,HdB3FdEqpjnBnFDXGiBjuED2RYsVJFTqwwCY5BfhjgAx,BWT,OFFICIAL BARRON WILLIAM TRUMP,solana,0.00001477,1024,65536,524288,524288,8192,16384,16384,43,514,1570,6547,1775776887000,pumpswap,REPEAT
2026-04-10T01:41:57.412Z,2AMYvN5zvXMC9ueA6vznaiaEqWrjpxHCisa2Nuc5pump,Chicky,Chicky,solana,0.00009975,512,2048,16384,65536,32768,131072,131072,19,2,44,22,1774938227000,pumpswap,REPEAT
2026-04-10T01:41:57.412Z,6cfu6Qkqb4BhQ552DMJ2txLSxT7nfv7V69WhyEHTpump,Lizard ,The Waving Lizard ,solana,0.000009104,512,2048,16384,32768,,8192,8192,1,3,19,11,1775728143000,pumpfun,REPEAT
2026-04-10T01:41:57.412Z,9AEtb967xTMosjp9XFhvHLhscPNYgDWc15jFAZR8pump,RƎ́V,REVÉRSÉ SOCIETY,solana,0.0001505,32,1024,8192,32768,32768,131072,131072,5,,19,11,1775691640000,pumpswap,REPEAT
2026-04-10T01:41:57.412Z,HdB3FdEqpjnBnFDXGiBjuED2RYsVJFTqwwCY5BfhjgAx,BWT,OFFICIAL BARRON WILLIAM TRUMP,solana,0.00001477,1024,65536,524288,524288,8192,16384,16384,43,514,1570,6547,1775776887000,pumpswap,REPEAT
2026-04-10T01:41:57.412Z,rG49p6sSbBsrbWbsdEhFFe15uq5nch2eSnQLV4fpump,XPX,XPXpay,solana,0.0005348,,1024,16384,131072,65536,524288,524288,,,11,9,1775717482000,pumpswap,REPEAT
2026-04-10T01:41:57.412Z,4YiLHDR4B4pE4R5GUMA8HG8YunyeLwcobtEtvwMupump,ROCKET,ROCKET,solana,0.0003896,256,8192,32768,262144,65536,524288,524288,52,34,787,540,1775048719000,pumpswap,REPEAT
2026-04-10T01:41:57.412Z,FdUmX7zQSZgPxt1D7rtbKQisP4a2MXyejAxEnVvepump,Stoic,Stoicism ,solana,0.0001238,8192,131072,1048576,1048576,32768,131072,131072,147,95,3251,3133,1775773975000,pumpswap,REPEAT
2026-04-10T01:41:57.412Z,wwzqJcBxRUDfSZQQv3R4WckkNzpSFjNHkRuzZFcJJZt,JELLYBEAN,JELLYBEAN,solana,0.00003314,32,128,256,512,16384,32768,32768,1,,3,2,1773329155000,raydium,REPEAT
2026-04-10T01:41:57.412Z,5j9iwWiesC4vKxHWcuRaqZ1qbQJRjnmJoZKJYA2Ypump,Nostalgia ,Do you remember that one time? ,solana,0.000002537,,128,1024,1024,,2048,2048,,,13,4,1775774800000,pumpfun,REPEAT
2026-04-10T01:41:57.412Z,DNj6DDhWiK3MHYM9oyEzpKwJ2oYhVexxDvReGTN6pump,MEMETF,MemeTF,solana,0.000002757,,128,32768,32768,,2048,2048,,,1,6,1775765043000,pumpfun,REPEAT
2026-04-10T01:41:57.412Z,BEYgnrA1PTj9rrWfe7EEEFpD7KbBGXgjpEQNcM5ppump,WOJI,wojimoji,solana,0.000002611,16,256,1048576,1048576,4096,2048,2048,,1,8,11,1775772988000,pumpswap,REPEAT
2026-04-10T01:46:57.414Z,AHFQ4tB5Fj1HTCB6sQ7MdtJf5fUHS7pdJ9sZAK3tpump,Mythos,Claude Mythos,solana,0.0002756,256,32768,131072,262144,32768,262144,262144,4,4,172,182,1774618831000,pumpswap,REPEAT
2026-04-10T01:46:57.414Z,Fc1mGwtNZthtxfaKDLvTMJXjM2Bvyy5XtHq9Jarupump,Enough,Enough To Live,solana,0.00001090,128,4096,32768,262144,8192,8192,8192,1,3,55,57,1775748691000,pumpswap,REPEAT
2026-04-10T01:46:57.414Z,7WgtNx2R5tVw98PdZuhgjbcDkEtaxyEFDxWtYQ5nbonk,Barron ,Official Barron Coin,solana,0.0001150,512,32768,131072,262144,32768,131072,131072,7,11,176,136,1775762127000,raydium,REPEAT
2026-04-10T01:46:57.414Z,6XjY7mBgYNEV8tk6NxybMF1RdkSuWopCSHW9ejJ5DHwn,IMAGINE,Grok Imagine,solana,0.00002119,,256,1024,8192,16384,16384,16384,,,3,3,1773975732000,pumpswap,REPEAT
2026-04-10T01:46:57.414Z,CmtYYjTBYxj5ExeyREFoM5gMNDo4GQ4sjrE7Vx9upump,HUNTER,HunterBidenSmokingCrackCoin,solana,0.000006450,256,16384,32768,32768,,8192,8192,1,7,373,244,1775779065000,pumpfun,REPEAT
2026-04-10T01:46:57.414Z,9SeCSdbPzz95KomGUGEV9Shn2zGXNmMJhE9J72Hipump,Iroha,イロハ,solana,0.001148,8192,65536,262144,2097152,131072,1048576,1048576,42,53,385,245,1775525060000,pumpswap,REPEAT
2026-04-10T01:46:57.414Z,2f4sWXXaXKHuQArYh94pddb7hkGWATp9MFScy26tpump,FART,Fart,solana,0.000003086,32768,1048576,2097152,2097152,4096,4096,4096,207,1041,4495,4124,1775779711000,pumpswap,REPEAT
2026-04-10T01:46:57.414Z,ATgsKWXnmEyrv3BvBndyQP55Xg49RhhGgFktasv2pump,SOLTAR,Soltar,solana,0.00004446,,128,1024,2048,16384,32768,32768,,,4,1,1774183067000,pumpswap,REPEAT
2026-04-10T01:46:57.414Z,61bSahZBWZgws8HQNSV57mtASrDAN3HBT9DwQNG3Bjt,mememan,Meme Man,solana,0.0001366,1024,16384,32768,131072,32768,131072,131072,5,15,125,110,1775463353000,pumpswap,REPEAT
2026-04-10T01:46:57.414Z,2f4sWXXaXKHuQArYh94pddb7hkGWATp9MFScy26tpump,FART,Fart,solana,0.000003086,32768,1048576,2097152,2097152,4096,4096,4096,207,1041,4495,4124,1775779711000,pumpswap,REPEAT
2026-04-10T01:46:57.414Z,98t9PEJF5QvAdGhu3MuQ2ww57NkRV1Rg7evSZNFxpump,$BABYTAN,BabyTan,solana,0.00001061,128,1024,4096,16384,,8192,8192,3,,45,38,1775571529000,pumpfun,REPEAT
2026-04-10T01:46:57.414Z,3W837NEB9cwzE6Awb9iyrRBy72zaeCNy2Zcsx2Tzpump,CHITOSHI,Satoshification,solana,0.0001767,65536,524288,1048576,1048576,32768,131072,131072,307,179,4275,2332,1775779700000,pumpswap,REPEAT
2026-04-10T01:46:57.414Z,3TYgKwkE2Y3rxdw9osLRSpxpXmSC1C1oo19W9KHspump,BULL,Bull,solana,0.001971,2048,16384,262144,1048576,131072,2097152,2097152,20,28,468,325,1774278163000,pumpswap,REPEAT
2026-04-10T01:46:57.414Z,QPXY96HU7oCpqTYV8xH17DYyjbyp6mGiGcW922Lgvpr,KACHIBI2,Kawaii Chibi V2 ,solana,0.0000002817,32,256,8192,16384,8192,32768,32768,,3,9,24,1775505502000,raydium,REPEAT
2026-04-10T01:46:57.414Z,2f4sWXXaXKHuQArYh94pddb7hkGWATp9MFScy26tpump,FART,Fart,solana,0.000003086,32768,1048576,2097152,2097152,4096,4096,4096,207,1041,4495,4124,1775779711000,pumpswap,REPEAT
2026-04-10T01:46:57.414Z,H1CknM7TXz134nY5YT7KUYG6fL2Egn4ieLyzkTk7BAGS,PUNCH,パンチ,solana,0.0001652,512,32768,131072,524288,32768,131072,131072,4,3,243,172,1775694809000,meteora,REPEAT
2026-04-10T01:46:57.414Z,xmYmMCUFuQ6mVu9yNs44KPz3ALyrntyhivueaw3pump,Sora,ソラちゃん,solana,0.0001398,16384,262144,262144,262144,32768,131072,131072,240,167,3153,2210,1775782979000,pumpswap,REPEAT
2026-04-10T01:46:57.414Z,HdB3FdEqpjnBnFDXGiBjuED2RYsVJFTqwwCY5BfhjgAx,BWT,OFFICIAL BARRON WILLIAM TRUMP,solana,0.00001536,2048,65536,524288,524288,8192,16384,16384,75,538,1368,6332,1775776887000,pumpswap,REPEAT
2026-04-10T01:46:57.414Z,2AMYvN5zvXMC9ueA6vznaiaEqWrjpxHCisa2Nuc5pump,Chicky,Chicky,solana,0.0001050,1024,2048,32768,65536,32768,131072,131072,4,8,48,29,1774938227000,pumpswap,REPEAT
2026-04-10T01:46:57.414Z,6cfu6Qkqb4BhQ552DMJ2txLSxT7nfv7V69WhyEHTpump,Lizard ,The Waving Lizard ,solana,0.000007605,512,2048,16384,32768,,8192,8192,2,4,17,15,1775728143000,pumpfun,REPEAT
2026-04-10T01:46:57.414Z,9AEtb967xTMosjp9XFhvHLhscPNYgDWc15jFAZR8pump,RƎ́V,REVÉRSÉ SOCIETY,solana,0.0001512,64,1024,8192,32768,32768,131072,131072,3,1,22,11,1775691640000,pumpswap,REPEAT
2026-04-10T01:46:57.414Z,HdB3FdEqpjnBnFDXGiBjuED2RYsVJFTqwwCY5BfhjgAx,BWT,OFFICIAL BARRON WILLIAM TRUMP,solana,0.00001536,2048,65536,524288,524288,8192,16384,16384,75,538,1368,6332,1775776887000,pumpswap,REPEAT
2026-04-10T01:46:57.414Z,rG49p6sSbBsrbWbsdEhFFe15uq5nch2eSnQLV4fpump,XPX,XPXpay,solana,0.0005321,32,1024,16384,131072,65536,524288,524288,1,3,10,12,1775717482000,pumpswap,REPEAT
2026-04-10T01:46:57.414Z,4YiLHDR4B4pE4R5GUMA8HG8YunyeLwcobtEtvwMupump,ROCKET,ROCKET,solana,0.0003949,256,8192,32768,262144,65536,524288,524288,64,36,789,533,1775048719000,pumpswap,REPEAT
2026-04-10T01:46:57.414Z,FdUmX7zQSZgPxt1D7rtbKQisP4a2MXyejAxEnVvepump,Stoic,Stoicism ,solana,0.0001166,4096,131072,1048576,1048576,32768,131072,131072,76,51,2946,3002,1775773975000,pumpswap,REPEAT
2026-04-10T01:46:57.414Z,wwzqJcBxRUDfSZQQv3R4WckkNzpSFjNHkRuzZFcJJZt,JELLYBEAN,JELLYBEAN,solana,0.00003293,16,256,256,512,16384,32768,32768,,1,3,3,1773329155000,raydium,REPEAT
2026-04-10T01:46:57.414Z,5j9iwWiesC4vKxHWcuRaqZ1qbQJRjnmJoZKJYA2Ypump,Nostalgia ,Do you remember that one time? ,solana,0.000002537,,128,1024,1024,,2048,2048,,,13,4,1775774800000,pumpfun,REPEAT
2026-04-10T01:46:57.414Z,DNj6DDhWiK3MHYM9oyEzpKwJ2oYhVexxDvReGTN6pump,MEMETF,MemeTF,solana,0.000002757,,128,32768,32768,,2048,2048,,,1,5,1775765043000,pumpfun,REPEAT
2026-04-10T01:46:57.414Z,BEYgnrA1PTj9rrWfe7EEEFpD7KbBGXgjpEQNcM5ppump,WOJI,wojimoji,solana,0.000002611,,256,1048576,1048576,4096,2048,2048,,,7,11,1775772988000,pumpswap,REPEAT
2026-04-10T01:51:57.416Z,AHFQ4tB5Fj1HTCB6sQ7MdtJf5fUHS7pdJ9sZAK3tpump,Mythos,Claude Mythos,solana,0.0002677,512,32768,131072,262144,32768,262144,262144,5,2,143,163,1774618831000,pumpswap,REPEAT
2026-04-10T01:51:57.416Z,Fc1mGwtNZthtxfaKDLvTMJXjM2Bvyy5XtHq9Jarupump,Enough,Enough To Live,solana,0.00001268,256,4096,32768,262144,8192,16384,16384,14,1,67,53,1775748691000,pumpswap,REPEAT
2026-04-10T01:51:57.416Z,7WgtNx2R5tVw98PdZuhgjbcDkEtaxyEFDxWtYQ5nbonk,Barron ,Official Barron Coin,solana,0.0001094,512,32768,131072,262144,32768,131072,131072,3,8,172,130,1775762127000,raydium,REPEAT
2026-04-10T01:51:57.416Z,6XjY7mBgYNEV8tk6NxybMF1RdkSuWopCSHW9ejJ5DHwn,IMAGINE,Grok Imagine,solana,0.00002119,,256,1024,8192,16384,16384,16384,,,3,3,1773975732000,pumpswap,REPEAT
2026-04-10T01:51:57.416Z,CmtYYjTBYxj5ExeyREFoM5gMNDo4GQ4sjrE7Vx9upump,HUNTER,HunterBidenSmokingCrackCoin,solana,0.000005816,1024,16384,32768,32768,,8192,8192,7,10,367,248,1775779065000,pumpfun,REPEAT
2026-04-10T01:51:57.416Z,9SeCSdbPzz95KomGUGEV9Shn2zGXNmMJhE9J72Hipump,Iroha,イロハ,solana,0.001159,2048,65536,262144,2097152,131072,1048576,1048576,13,16,389,254,1775525060000,pumpswap,REPEAT
2026-04-10T01:51:57.416Z,2f4sWXXaXKHuQArYh94pddb7hkGWATp9MFScy26tpump,FART,Fart,solana,0.000004222,512,1048576,2097152,2097152,4096,4096,4096,28,24,4212,3881,1775779711000,pumpswap,REPEAT
2026-04-10T01:51:57.416Z,ATgsKWXnmEyrv3BvBndyQP55Xg49RhhGgFktasv2pump,SOLTAR,Soltar,solana,0.00004317,128,256,1024,2048,16384,32768,32768,,2,3,3,1774183067000,pumpswap,REPEAT
2026-04-10T01:51:57.416Z,61bSahZBWZgws8HQNSV57mtASrDAN3HBT9DwQNG3Bjt,mememan,Meme Man,solana,0.0001421,1024,16384,32768,131072,32768,131072,131072,5,7,124,109,1775463353000,pumpswap,REPEAT
2026-04-10T01:51:57.416Z,2f4sWXXaXKHuQArYh94pddb7hkGWATp9MFScy26tpump,FART,Fart,solana,0.000004222,512,1048576,2097152,2097152,4096,4096,4096,28,24,4212,3881,1775779711000,pumpswap,REPEAT
2026-04-10T01:51:57.416Z,98t9PEJF5QvAdGhu3MuQ2ww57NkRV1Rg7evSZNFxpump,$BABYTAN,BabyTan,solana,0.00001041,64,1024,4096,16384,,8192,8192,,1,38,33,1775571529000,pumpfun,REPEAT
2026-04-10T01:51:57.416Z,3W837NEB9cwzE6Awb9iyrRBy72zaeCNy2Zcsx2Tzpump,CHITOSHI,Satoshification,solana,0.0001188,32768,524288,1048576,1048576,32768,131072,131072,301,229,4173,2296,1775779700000,pumpswap,REPEAT
2026-04-10T01:51:57.416Z,3TYgKwkE2Y3rxdw9osLRSpxpXmSC1C1oo19W9KHspump,BULL,Bull,solana,0.001962,1024,16384,262144,1048576,131072,2097152,2097152,61,19,513,321,1774278163000,pumpswap,REPEAT
2026-04-10T01:51:57.416Z,QPXY96HU7oCpqTYV8xH17DYyjbyp6mGiGcW922Lgvpr,KACHIBI2,Kawaii Chibi V2 ,solana,0.0000002818,0,128,8192,16384,8192,32768,32768,,1,6,22,1775505502000,raydium,REPEAT
2026-04-10T01:51:57.416Z,2f4sWXXaXKHuQArYh94pddb7hkGWATp9MFScy26tpump,FART,Fart,solana,0.000004222,512,1048576,2097152,2097152,4096,4096,4096,28,24,4212,3881,1775779711000,pumpswap,REPEAT
2026-04-10T01:51:57.416Z,H1CknM7TXz134nY5YT7KUYG6fL2Egn4ieLyzkTk7BAGS,PUNCH,パンチ,solana,0.0001945,2048,32768,131072,524288,32768,262144,262144,22,5,251,166,1775694809000,meteora,REPEAT
2026-04-10T01:51:57.416Z,xmYmMCUFuQ6mVu9yNs44KPz3ALyrntyhivueaw3pump,Sora,ソラちゃん,solana,0.0001815,32768,262144,262144,262144,32768,131072,131072,322,274,3554,2543,1775782979000,pumpswap,REPEAT
2026-04-10T01:51:57.416Z,HdB3FdEqpjnBnFDXGiBjuED2RYsVJFTqwwCY5BfhjgAx,BWT,OFFICIAL BARRON WILLIAM TRUMP,solana,0.00001931,2048,32768,524288,524288,8192,16384,16384,41,515,1172,6149,1775776887000,pumpswap,REPEAT
2026-04-10T01:51:57.416Z,2AMYvN5zvXMC9ueA6vznaiaEqWrjpxHCisa2Nuc5pump,Chicky,Chicky,solana,0.0001039,128,2048,32768,65536,32768,131072,131072,,3,46,30,1774938227000,pumpswap,REPEAT
2026-04-10T01:51:57.416Z,6cfu6Qkqb4BhQ552DMJ2txLSxT7nfv7V69WhyEHTpump,Lizard ,The Waving Lizard ,solana,0.000008810,256,2048,16384,32768,,8192,8192,7,,19,14,1775728143000,pumpfun,REPEAT
2026-04-10T01:51:57.416Z,9AEtb967xTMosjp9XFhvHLhscPNYgDWc15jFAZR8pump,RƎ́V,REVÉRSÉ SOCIETY,solana,0.0001497,4,1024,8192,32768,32768,131072,131072,,1,21,11,1775691640000,pumpswap,REPEAT
2026-04-10T01:51:57.416Z,HdB3FdEqpjnBnFDXGiBjuED2RYsVJFTqwwCY5BfhjgAx,BWT,OFFICIAL BARRON WILLIAM TRUMP,solana,0.00001931,2048,32768,524288,524288,8192,16384,16384,41,515,1172,6149,1775776887000,pumpswap,REPEAT
2026-04-10T01:51:57.416Z,rG49p6sSbBsrbWbsdEhFFe15uq5nch2eSnQLV4fpump,XPX,XPXpay,solana,0.0005321,8,1024,16384,131072,65536,524288,524288,1,2,11,14,1775717482000,pumpswap,REPEAT
2026-04-10T01:51:57.416Z,4YiLHDR4B4pE4R5GUMA8HG8YunyeLwcobtEtvwMupump,ROCKET,ROCKET,solana,0.0003966,512,8192,32768,262144,65536,524288,524288,70,46,780,519,1775048719000,pumpswap,REPEAT
2026-04-10T01:51:57.416Z,FdUmX7zQSZgPxt1D7rtbKQisP4a2MXyejAxEnVvepump,Stoic,Stoicism ,solana,0.00009779,8192,131072,1048576,1048576,32768,131072,131072,110,51,2708,2867,1775773975000,pumpswap,REPEAT
2026-04-10T01:51:57.416Z,wwzqJcBxRUDfSZQQv3R4WckkNzpSFjNHkRuzZFcJJZt,JELLYBEAN,JELLYBEAN,solana,0.00003293,,256,256,512,16384,32768,32768,,,3,3,1773329155000,raydium,REPEAT
2026-04-10T01:51:57.416Z,5j9iwWiesC4vKxHWcuRaqZ1qbQJRjnmJoZKJYA2Ypump,Nostalgia ,Do you remember that one time? ,solana,0.000002537,,128,1024,1024,,2048,2048,,,13,4,1775774800000,pumpfun,REPEAT
2026-04-10T01:51:57.416Z,DNj6DDhWiK3MHYM9oyEzpKwJ2oYhVexxDvReGTN6pump,MEMETF,MemeTF,solana,0.000002757,,64,32768,32768,,2048,2048,,,1,4,1775765043000,pumpfun,REPEAT
2026-04-10T01:51:57.416Z,BEYgnrA1PTj9rrWfe7EEEFpD7KbBGXgjpEQNcM5ppump,WOJI,wojimoji,solana,0.000002591,0,128,1048576,1048576,4096,2048,2048,,1,6,11,1775772988000,pumpswap,REPEAT
2026-04-10T01:56:57.416Z,AHFQ4tB5Fj1HTCB6sQ7MdtJf5fUHS7pdJ9sZAK3tpump,Mythos,Claude Mythos,solana,0.0002642,32,16384,131072,262144,32768,262144,262144,2,2,122,141,1774618831000,pumpswap,REPEAT
2026-04-10T01:56:57.416Z,Fc1mGwtNZthtxfaKDLvTMJXjM2Bvyy5XtHq9Jarupump,Enough,Enough To Live,solana,0.00001252,64,4096,32768,262144,8192,16384,16384,2,2,65,52,1775748691000,pumpswap,REPEAT
2026-04-10T01:56:57.416Z,7WgtNx2R5tVw98PdZuhgjbcDkEtaxyEFDxWtYQ5nbonk,Barron ,Official Barron Coin,solana,0.0001046,512,32768,131072,262144,32768,131072,131072,4,4,156,133,1775762127000,raydium,REPEAT
2026-04-10T01:56:57.416Z,6XjY7mBgYNEV8tk6NxybMF1RdkSuWopCSHW9ejJ5DHwn,IMAGINE,Grok Imagine,solana,0.00002119,,256,512,8192,16384,16384,16384,,,3,3,1773975732000,pumpswap,REPEAT
2026-04-10T01:56:57.416Z,CmtYYjTBYxj5ExeyREFoM5gMNDo4GQ4sjrE7Vx9upump,HUNTER,HunterBidenSmokingCrackCoin,solana,0.000005299,256,16384,32768,32768,,4096,4096,5,9,338,237,1775779065000,pumpfun,REPEAT
2026-04-10T01:56:57.416Z,9SeCSdbPzz95KomGUGEV9Shn2zGXNmMJhE9J72Hipump,Iroha,イロハ,solana,0.001146,4096,65536,262144,2097152,131072,1048576,1048576,27,23,407,269,1775525060000,pumpswap,REPEAT
2026-04-10T01:56:57.416Z,2f4sWXXaXKHuQArYh94pddb7hkGWATp9MFScy26tpump,FART,Fart,solana,0.000004195,512,1048576,2097152,2097152,4096,4096,4096,9,15,3825,3582,1775779711000,pumpswap,REPEAT
2026-04-10T01:56:57.416Z,ATgsKWXnmEyrv3BvBndyQP55Xg49RhhGgFktasv2pump,SOLTAR,Soltar,solana,0.00004317,,256,1024,2048,16384,32768,32768,,,3,3,1774183067000,pumpswap,REPEAT
2026-04-10T01:56:57.416Z,61bSahZBWZgws8HQNSV57mtASrDAN3HBT9DwQNG3Bjt,mememan,Meme Man,solana,0.0001285,2048,16384,32768,131072,32768,131072,131072,8,6,127,107,1775463353000,pumpswap,REPEAT
2026-04-10T01:56:57.416Z,2f4sWXXaXKHuQArYh94pddb7hkGWATp9MFScy26tpump,FART,Fart,solana,0.000004195,512,1048576,2097152,2097152,4096,4096,4096,9,15,3825,3582,1775779711000,pumpswap,REPEAT
2026-04-10T01:56:57.416Z,98t9PEJF5QvAdGhu3MuQ2ww57NkRV1Rg7evSZNFxpump,$BABYTAN,BabyTan,solana,0.00001035,64,1024,4096,16384,,8192,8192,1,1,33,27,1775571529000,pumpfun,REPEAT
2026-04-10T01:56:57.416Z,3W837NEB9cwzE6Awb9iyrRBy72zaeCNy2Zcsx2Tzpump,CHITOSHI,Satoshification,solana,0.000004581,32768,524288,1048576,1048576,4096,4096,4096,110,1357,3931,3443,1775779700000,pumpswap,REPEAT
2026-04-10T01:56:57.416Z,3TYgKwkE2Y3rxdw9osLRSpxpXmSC1C1oo19W9KHspump,BULL,Bull,solana,0.001964,1024,16384,262144,1048576,131072,2097152,2097152,24,24,469,321,1774278163000,pumpswap,REPEAT
2026-04-10T01:56:57.416Z,QPXY96HU7oCpqTYV8xH17DYyjbyp6mGiGcW922Lgvpr,KACHIBI2,Kawaii Chibi V2 ,solana,0.0000001972,1024,1024,8192,16384,8192,16384,16384,,2,6,22,1775505502000,raydium,REPEAT
2026-04-10T01:56:57.416Z,2f4sWXXaXKHuQArYh94pddb7hkGWATp9MFScy26tpump,FART,Fart,solana,0.000004195,512,1048576,2097152,2097152,4096,4096,4096,9,15,3825,3582,1775779711000,pumpswap,REPEAT
2026-04-10T01:56:57.416Z,H1CknM7TXz134nY5YT7KUYG6fL2Egn4ieLyzkTk7BAGS,PUNCH,パンチ,solana,0.0001994,512,32768,131072,524288,32768,262144,262144,8,7,251,162,1775694809000,meteora,REPEAT
2026-04-10T01:56:57.416Z,xmYmMCUFuQ6mVu9yNs44KPz3ALyrntyhivueaw3pump,Sora,ソラちゃん,solana,0.0001598,16384,262144,262144,262144,32768,131072,131072,236,148,3855,2734,1775782979000,pumpswap,REPEAT
2026-04-10T01:56:57.416Z,HdB3FdEqpjnBnFDXGiBjuED2RYsVJFTqwwCY5BfhjgAx,BWT,OFFICIAL BARRON WILLIAM TRUMP,solana,0.00001591,2048,32768,524288,524288,8192,16384,16384,40,512,1052,6016,1775776887000,pumpswap,REPEAT
2026-04-10T01:56:57.416Z,2AMYvN5zvXMC9ueA6vznaiaEqWrjpxHCisa2Nuc5pump,Chicky,Chicky,solana,0.0001031,64,2048,32768,65536,32768,131072,131072,,2,45,31,1774938227000,pumpswap,REPEAT
2026-04-10T01:56:57.416Z,6cfu6Qkqb4BhQ552DMJ2txLSxT7nfv7V69WhyEHTpump,Lizard ,The Waving Lizard ,solana,0.000008135,256,2048,16384,32768,,8192,8192,,5,15,19,1775728143000,pumpfun,REPEAT
2026-04-10T01:56:57.416Z,9AEtb967xTMosjp9XFhvHLhscPNYgDWc15jFAZR8pump,RƎ́V,REVÉRSÉ SOCIETY,solana,0.0001428,512,1024,4096,32768,32768,131072,131072,3,4,24,14,1775691640000,pumpswap,REPEAT
2026-04-10T01:56:57.416Z,HdB3FdEqpjnBnFDXGiBjuED2RYsVJFTqwwCY5BfhjgAx,BWT,OFFICIAL BARRON WILLIAM TRUMP,solana,0.00001591,2048,32768,524288,524288,8192,16384,16384,40,512,1052,6016,1775776887000,pumpswap,REPEAT
2026-04-10T01:56:57.416Z,rG49p6sSbBsrbWbsdEhFFe15uq5nch2eSnQLV4fpump,XPX,XPXpay,solana,0.0005321,,1024,16384,131072,65536,524288,524288,,,11,14,1775717482000,pumpswap,REPEAT
2026-04-10T01:56:57.416Z,4YiLHDR4B4pE4R5GUMA8HG8YunyeLwcobtEtvwMupump,ROCKET,ROCKET,solana,0.0003835,2048,8192,32768,262144,65536,524288,524288,74,54,789,532,1775048719000,pumpswap,REPEAT
2026-04-10T01:56:57.416Z,FdUmX7zQSZgPxt1D7rtbKQisP4a2MXyejAxEnVvepump,Stoic,Stoicism ,solana,0.0001070,4096,131072,1048576,1048576,32768,131072,131072,41,34,2484,2738,1775773975000,pumpswap,REPEAT
2026-04-10T01:56:57.416Z,wwzqJcBxRUDfSZQQv3R4WckkNzpSFjNHkRuzZFcJJZt,JELLYBEAN,JELLYBEAN,solana,0.00003293,,256,256,512,16384,32768,32768,,,3,3,1773329155000,raydium,REPEAT
2026-04-10T01:56:57.416Z,5j9iwWiesC4vKxHWcuRaqZ1qbQJRjnmJoZKJYA2Ypump,Nostalgia ,Do you remember that one time? ,solana,0.000002546,0,128,1024,1024,,2048,2048,,1,13,5,1775774800000,pumpfun,REPEAT
2026-04-10T01:56:57.416Z,DNj6DDhWiK3MHYM9oyEzpKwJ2oYhVexxDvReGTN6pump,MEMETF,MemeTF,solana,0.000002757,,64,32768,32768,,2048,2048,,,1,4,1775765043000,pumpfun,REPEAT
2026-04-10T01:56:57.416Z,BEYgnrA1PTj9rrWfe7EEEFpD7KbBGXgjpEQNcM5ppump,WOJI,wojimoji,solana,0.000002591,,128,1048576,1048576,4096,2048,2048,,,4,10,1775772988000,pumpswap,REPEAT
2026-04-10T02:01:57.417Z,AHFQ4tB5Fj1HTCB6sQ7MdtJf5fUHS7pdJ9sZAK3tpump,Mythos,Claude Mythos,solana,0.0002699,256,16384,131072,262144,32768,262144,262144,4,4,104,82,1774618831000,pumpswap,REPEAT
2026-04-10T02:01:57.417Z,Fc1mGwtNZthtxfaKDLvTMJXjM2Bvyy5XtHq9Jarupump,Enough,Enough To Live,solana,0.00001204,2,2048,32768,262144,8192,16384,16384,1,,60,53,1775748691000,pumpswap,REPEAT
2026-04-10T02:01:57.417Z,7WgtNx2R5tVw98PdZuhgjbcDkEtaxyEFDxWtYQ5nbonk,Barron ,Official Barron Coin,solana,0.0001066,256,16384,131072,262144,32768,131072,131072,1,5,143,127,1775762127000,raydium,REPEAT
2026-04-10T02:01:57.417Z,6XjY7mBgYNEV8tk6NxybMF1RdkSuWopCSHW9ejJ5DHwn,IMAGINE,Grok Imagine,solana,0.00002119,8,256,512,8192,16384,16384,16384,1,,4,3,1773975732000,pumpswap,REPEAT
2026-04-10T02:01:57.417Z,CmtYYjTBYxj5ExeyREFoM5gMNDo4GQ4sjrE7Vx9upump,HUNTER,HunterBidenSmokingCrackCoin,solana,0.000005279,32,16384,32768,32768,,4096,4096,3,5,341,235,1775779065000,pumpfun,REPEAT
2026-04-10T02:01:57.417Z,9SeCSdbPzz95KomGUGEV9Shn2zGXNmMJhE9J72Hipump,Iroha,イロハ,solana,0.001123,4096,65536,262144,2097152,131072,1048576,1048576,16,32,390,293,1775525060000,pumpswap,REPEAT
2026-04-10T02:01:57.417Z,2f4sWXXaXKHuQArYh94pddb7hkGWATp9MFScy26tpump,FART,Fart,solana,0.000005659,1024,524288,2097152,2097152,8192,4096,4096,13,16,3334,3203,1775779711000,pumpswap,REPEAT
2026-04-10T02:01:57.417Z,ATgsKWXnmEyrv3BvBndyQP55Xg49RhhGgFktasv2pump,SOLTAR,Soltar,solana,0.00004354,16,128,1024,2048,16384,32768,32768,2,,4,2,1774183067000,pumpswap,REPEAT
2026-04-10T02:01:57.417Z,61bSahZBWZgws8HQNSV57mtASrDAN3HBT9DwQNG3Bjt,mememan,Meme Man,solana,0.0001342,512,16384,32768,131072,32768,131072,131072,5,5,123,108,1775463353000,pumpswap,REPEAT
2026-04-10T02:01:57.417Z,2f4sWXXaXKHuQArYh94pddb7hkGWATp9MFScy26tpump,FART,Fart,solana,0.000005659,1024,524288,2097152,2097152,8192,4096,4096,13,16,3334,3203,1775779711000,pumpswap,REPEAT
2026-04-10T02:01:57.417Z,98t9PEJF5QvAdGhu3MuQ2ww57NkRV1Rg7evSZNFxpump,$BABYTAN,BabyTan,solana,0.00001027,64,1024,4096,16384,,8192,8192,2,1,32,25,1775571529000,pumpfun,REPEAT
2026-04-10T02:01:57.417Z,3W837NEB9cwzE6Awb9iyrRBy72zaeCNy2Zcsx2Tzpump,CHITOSHI,Satoshification,solana,0.000005716,512,524288,1048576,1048576,8192,4096,4096,44,24,3586,3299,1775779700000,pumpswap,REPEAT
2026-04-10T02:01:57.417Z,3TYgKwkE2Y3rxdw9osLRSpxpXmSC1C1oo19W9KHspump,BULL,Bull,solana,0.001963,1024,16384,262144,1048576,131072,2097152,2097152,21,23,469,312,1774278163000,pumpswap,REPEAT
2026-04-10T02:01:57.417Z,QPXY96HU7oCpqTYV8xH17DYyjbyp6mGiGcW922Lgvpr,KACHIBI2,Kawaii Chibi V2 ,solana,0.0000001963,2,1024,8192,16384,8192,16384,16384,,2,6,22,1775505502000,raydium,REPEAT
2026-04-10T02:01:57.417Z,2f4sWXXaXKHuQArYh94pddb7hkGWATp9MFScy26tpump,FART,Fart,solana,0.000005659,1024,524288,2097152,2097152,8192,4096,4096,13,16,3334,3203,1775779711000,pumpswap,REPEAT
2026-04-10T02:01:57.417Z,H1CknM7TXz134nY5YT7KUYG6fL2Egn4ieLyzkTk7BAGS,PUNCH,パンチ,solana,0.0001996,512,32768,131072,524288,32768,262144,262144,3,3,234,152,1775694809000,meteora,REPEAT
2026-04-10T02:01:57.417Z,xmYmMCUFuQ6mVu9yNs44KPz3ALyrntyhivueaw3pump,Sora,ソラちゃん,solana,0.0001586,32768,262144,262144,262144,32768,131072,131072,293,195,4149,2929,1775782979000,pumpswap,REPEAT
2026-04-10T02:01:57.417Z,HdB3FdEqpjnBnFDXGiBjuED2RYsVJFTqwwCY5BfhjgAx,BWT,OFFICIAL BARRON WILLIAM TRUMP,solana,0.00001249,2048,32768,524288,524288,8192,16384,16384,70,522,973,5945,1775776887000,pumpswap,REPEAT
2026-04-10T02:01:57.417Z,2AMYvN5zvXMC9ueA6vznaiaEqWrjpxHCisa2Nuc5pump,Chicky,Chicky,solana,0.0001019,64,2048,32768,65536,32768,131072,131072,,1,42,31,1774938227000,pumpswap,REPEAT
2026-04-10T02:01:57.417Z,6cfu6Qkqb4BhQ552DMJ2txLSxT7nfv7V69WhyEHTpump,Lizard ,The Waving Lizard ,solana,0.000007998,32,2048,16384,32768,,8192,8192,2,2,17,17,1775728143000,pumpfun,REPEAT
2026-04-10T02:01:57.417Z,9AEtb967xTMosjp9XFhvHLhscPNYgDWc15jFAZR8pump,RƎ́V,REVÉRSÉ SOCIETY,solana,0.0001405,64,1024,4096,32768,32768,131072,131072,2,3,23,16,1775691640000,pumpswap,REPEAT
2026-04-10T02:01:57.417Z,HdB3FdEqpjnBnFDXGiBjuED2RYsVJFTqwwCY5BfhjgAx,BWT,OFFICIAL BARRON WILLIAM TRUMP,solana,0.00001249,2048,32768,524288,524288,8192,16384,16384,70,522,973,5945,1775776887000,pumpswap,REPEAT
2026-04-10T02:01:57.417Z,rG49p6sSbBsrbWbsdEhFFe15uq5nch2eSnQLV4fpump,XPX,XPXpay,solana,0.0005298,16,1024,16384,131072,65536,524288,524288,1,2,11,16,1775717482000,pumpswap,REPEAT
2026-04-10T02:01:57.417Z,4YiLHDR4B4pE4R5GUMA8HG8YunyeLwcobtEtvwMupump,ROCKET,ROCKET,solana,0.0003739,1024,8192,32768,262144,65536,524288,524288,68,38,799,527,1775048719000,pumpswap,REPEAT
2026-04-10T02:01:57.417Z,FdUmX7zQSZgPxt1D7rtbKQisP4a2MXyejAxEnVvepump,Stoic,Stoicism ,solana,0.0001155,4096,131072,1048576,1048576,32768,131072,131072,62,64,2166,2605,1775773975000,pumpswap,REPEAT
2026-04-10T02:01:57.417Z,wwzqJcBxRUDfSZQQv3R4WckkNzpSFjNHkRuzZFcJJZt,JELLYBEAN,JELLYBEAN,solana,0.00003293,,256,256,512,16384,32768,32768,,,3,3,1773329155000,raydium,REPEAT
2026-04-10T02:01:57.417Z,5j9iwWiesC4vKxHWcuRaqZ1qbQJRjnmJoZKJYA2Ypump,Nostalgia ,Do you remember that one time? ,solana,0.000002546,,128,1024,1024,,2048,2048,,,13,5,1775774800000,pumpfun,REPEAT
2026-04-10T02:01:57.417Z,DNj6DDhWiK3MHYM9oyEzpKwJ2oYhVexxDvReGTN6pump,MEMETF,MemeTF,solana,0.000002757,,64,32768,32768,,2048,2048,,,,4,1775765043000,pumpfun,REPEAT
2026-04-10T02:01:57.417Z,BEYgnrA1PTj9rrWfe7EEEFpD7KbBGXgjpEQNcM5ppump,WOJI,wojimoji,solana,0.000002563,8,128,1048576,1048576,4096,2048,2048,,2,3,12,1775772988000,pumpswap,REPEAT
2026-04-10T02:06:57.418Z,AHFQ4tB5Fj1HTCB6sQ7MdtJf5fUHS7pdJ9sZAK3tpump,Mythos,Claude Mythos,solana,0.0002703,0,16384,131072,262144,32768,262144,262144,1,,91,71,1774618831000,pumpswap,REPEAT
2026-04-10T02:06:57.418Z,Fc1mGwtNZthtxfaKDLvTMJXjM2Bvyy5XtHq9Jarupump,Enough,Enough To Live,solana,0.00001057,256,2048,32768,262144,8192,8192,8192,,7,51,51,1775748691000,pumpswap,REPEAT
2026-04-10T02:06:57.418Z,7WgtNx2R5tVw98PdZuhgjbcDkEtaxyEFDxWtYQ5nbonk,Barron ,Official Barron Coin,solana,0.0001207,1024,16384,131072,262144,32768,131072,131072,547,7,679,122,1775762127000,raydium,REPEAT
2026-04-10T02:06:57.418Z,6XjY7mBgYNEV8tk6NxybMF1RdkSuWopCSHW9ejJ5DHwn,IMAGINE,Grok Imagine,solana,0.00002137,32,256,512,8192,16384,16384,16384,1,,5,2,1773975732000,pumpswap,REPEAT
2026-04-10T02:06:57.418Z,CmtYYjTBYxj5ExeyREFoM5gMNDo4GQ4sjrE7Vx9upump,HUNTER,HunterBidenSmokingCrackCoin,solana,0.000009663,2048,16384,32768,32768,,8192,8192,23,4,352,237,1775779065000,pumpfun,REPEAT
2026-04-10T02:06:57.418Z,9SeCSdbPzz95KomGUGEV9Shn2zGXNmMJhE9J72Hipump,Iroha,イロハ,solana,0.001115,2048,65536,262144,2097152,131072,1048576,1048576,12,16,375,297,1775525060000,pumpswap,REPEAT
2026-04-10T02:06:57.418Z,2f4sWXXaXKHuQArYh94pddb7hkGWATp9MFScy26tpump,FART,Fart,solana,0.000005040,2048,524288,2097152,2097152,8192,4096,4096,14,15,2791,2743,1775779711000,pumpswap,REPEAT
2026-04-10T02:06:57.418Z,ATgsKWXnmEyrv3BvBndyQP55Xg49RhhGgFktasv2pump,SOLTAR,Soltar,solana,0.00004354,,128,1024,2048,16384,32768,32768,,,4,2,1774183067000,pumpswap,REPEAT
2026-04-10T02:06:57.418Z,61bSahZBWZgws8HQNSV57mtASrDAN3HBT9DwQNG3Bjt,mememan,Meme Man,solana,0.0001372,2048,16384,65536,131072,32768,131072,131072,13,4,123,106,1775463353000,pumpswap,REPEAT
2026-04-10T02:06:57.418Z,2f4sWXXaXKHuQArYh94pddb7hkGWATp9MFScy26tpump,FART,Fart,solana,0.000005040,2048,524288,2097152,2097152,8192,4096,4096,14,15,2791,2743,1775779711000,pumpswap,REPEAT
2026-04-10T02:06:57.418Z,98t9PEJF5QvAdGhu3MuQ2ww57NkRV1Rg7evSZNFxpump,$BABYTAN,BabyTan,solana,0.000009207,256,1024,4096,16384,,8192,8192,,5,29,27,1775571529000,pumpfun,REPEAT
2026-04-10T02:06:57.418Z,3W837NEB9cwzE6Awb9iyrRBy72zaeCNy2Zcsx2Tzpump,CHITOSHI,Satoshification,solana,0.000004368,512,524288,1048576,1048576,4096,4096,4096,16,20,3233,3126,1775779700000,pumpswap,REPEAT
2026-04-10T02:06:57.418Z,3TYgKwkE2Y3rxdw9osLRSpxpXmSC1C1oo19W9KHspump,BULL,Bull,solana,0.001984,1024,16384,262144,1048576,131072,2097152,2097152,66,23,433,313,1774278163000,pumpswap,REPEAT
2026-04-10T02:06:57.418Z,QPXY96HU7oCpqTYV8xH17DYyjbyp6mGiGcW922Lgvpr,KACHIBI2,Kawaii Chibi V2 ,solana,0.0000001953,16,1024,8192,16384,8192,16384,16384,1,3,7,23,1775505502000,raydium,REPEAT
2026-04-10T02:06:57.418Z,2f4sWXXaXKHuQArYh94pddb7hkGWATp9MFScy26tpump,FART,Fart,solana,0.000005040,2048,524288,2097152,2097152,8192,4096,4096,14,15,2791,2743,1775779711000,pumpswap,REPEAT
2026-04-10T02:06:57.418Z,H1CknM7TXz134nY5YT7KUYG6fL2Egn4ieLyzkTk7BAGS,PUNCH,パンチ,solana,0.0001987,128,32768,131072,524288,32768,262144,262144,3,3,223,152,1775694809000,meteora,REPEAT
2026-04-10T02:06:57.418Z,xmYmMCUFuQ6mVu9yNs44KPz3ALyrntyhivueaw3pump,Sora,ソラちゃん,solana,0.0001288,16384,262144,262144,262144,32768,131072,131072,159,150,3838,2817,1775782979000,pumpswap,REPEAT
2026-04-10T02:06:57.418Z,HdB3FdEqpjnBnFDXGiBjuED2RYsVJFTqwwCY5BfhjgAx,BWT,OFFICIAL BARRON WILLIAM TRUMP,solana,0.00001403,1024,32768,524288,524288,8192,16384,16384,56,543,910,5913,1775776887000,pumpswap,REPEAT
2026-04-10T02:06:57.418Z,2AMYvN5zvXMC9ueA6vznaiaEqWrjpxHCisa2Nuc5pump,Chicky,Chicky,solana,0.0001017,64,2048,32768,65536,32768,131072,131072,2,1,43,32,1774938227000,pumpswap,REPEAT
2026-04-10T02:06:57.418Z,6cfu6Qkqb4BhQ552DMJ2txLSxT7nfv7V69WhyEHTpump,Lizard ,The Waving Lizard ,solana,0.000008765,512,2048,16384,32768,,8192,8192,10,3,25,20,1775728143000,pumpfun,REPEAT
2026-04-10T02:06:57.418Z,9AEtb967xTMosjp9XFhvHLhscPNYgDWc15jFAZR8pump,RƎ́V,REVÉRSÉ SOCIETY,solana,0.0001407,8,1024,4096,32768,32768,131072,131072,2,2,21,17,1775691640000,pumpswap,REPEAT
2026-04-10T02:06:57.418Z,HdB3FdEqpjnBnFDXGiBjuED2RYsVJFTqwwCY5BfhjgAx,BWT,OFFICIAL BARRON WILLIAM TRUMP,solana,0.00001403,1024,32768,524288,524288,8192,16384,16384,56,543,910,5913,1775776887000,pumpswap,REPEAT
2026-04-10T02:06:57.418Z,rG49p6sSbBsrbWbsdEhFFe15uq5nch2eSnQLV4fpump,XPX,XPXpay,solana,0.0005366,4,1024,16384,131072,65536,524288,524288,1,,12,14,1775717482000,pumpswap,REPEAT
2026-04-10T02:06:57.418Z,4YiLHDR4B4pE4R5GUMA8HG8YunyeLwcobtEtvwMupump,ROCKET,ROCKET,solana,0.0003793,512,8192,32768,262144,65536,524288,524288,69,45,807,532,1775048719000,pumpswap,REPEAT
2026-04-10T02:06:57.418Z,FdUmX7zQSZgPxt1D7rtbKQisP4a2MXyejAxEnVvepump,Stoic,Stoicism ,solana,0.0001047,4096,131072,1048576,1048576,32768,131072,131072,41,34,1923,2401,1775773975000,pumpswap,REPEAT
2026-04-10T02:06:57.418Z,wwzqJcBxRUDfSZQQv3R4WckkNzpSFjNHkRuzZFcJJZt,JELLYBEAN,JELLYBEAN,solana,0.00003293,,256,256,512,16384,32768,32768,,,3,3,1773329155000,raydium,REPEAT
2026-04-10T02:06:57.418Z,5j9iwWiesC4vKxHWcuRaqZ1qbQJRjnmJoZKJYA2Ypump,Nostalgia ,Do you remember that one time? ,solana,0.000002546,,128,1024,1024,,2048,2048,,,13,5,1775774800000,pumpfun,REPEAT
2026-04-10T02:06:57.418Z,DNj6DDhWiK3MHYM9oyEzpKwJ2oYhVexxDvReGTN6pump,MEMETF,MemeTF,solana,0.000002755,2,64,32768,32768,,2048,2048,,1,,5,1775765043000,pumpfun,REPEAT
2026-04-10T02:06:57.418Z,BEYgnrA1PTj9rrWfe7EEEFpD7KbBGXgjpEQNcM5ppump,WOJI,wojimoji,solana,0.000002563,,128,1048576,1048576,4096,2048,2048,,,2,10,1775772988000,pumpswap,REPEAT
2026-04-10T02:11:57.418Z,AHFQ4tB5Fj1HTCB6sQ7MdtJf5fUHS7pdJ9sZAK3tpump,Mythos,Claude Mythos,solana,0.0002710,32,8192,65536,262144,32768,262144,262144,3,,82,59,1774618831000,pumpswap,REPEAT
2026-04-10T02:11:57.418Z,Fc1mGwtNZthtxfaKDLvTMJXjM2Bvyy5XtHq9Jarupump,Enough,Enough To Live,solana,0.00001057,,2048,32768,262144,8192,8192,8192,,,50,46,1775748691000,pumpswap,REPEAT
2026-04-10T02:11:57.418Z,7WgtNx2R5tVw98PdZuhgjbcDkEtaxyEFDxWtYQ5nbonk,Barron ,Official Barron Coin,solana,0.0001212,256,16384,131072,262144,32768,131072,131072,15,6,689,122,1775762127000,raydium,REPEAT
2026-04-10T02:11:57.418Z,6XjY7mBgYNEV8tk6NxybMF1RdkSuWopCSHW9ejJ5DHwn,IMAGINE,Grok Imagine,solana,0.00002137,,128,512,8192,16384,16384,16384,,,2,2,1773975732000,pumpswap,REPEAT
2026-04-10T02:11:57.418Z,CmtYYjTBYxj5ExeyREFoM5gMNDo4GQ4sjrE7Vx9upump,HUNTER,HunterBidenSmokingCrackCoin,solana,0.00001275,4096,16384,32768,32768,,16384,16384,40,16,291,186,1775779065000,pumpfun,REPEAT
2026-04-10T02:11:57.418Z,9SeCSdbPzz95KomGUGEV9Shn2zGXNmMJhE9J72Hipump,Iroha,イロハ,solana,0.001113,1024,65536,262144,2097152,131072,1048576,1048576,7,11,364,293,1775525060000,pumpswap,REPEAT
2026-04-10T02:11:57.418Z,2f4sWXXaXKHuQArYh94pddb7hkGWATp9MFScy26tpump,FART,Fart,solana,0.000005134,1024,524288,2097152,2097152,8192,4096,4096,12,15,2278,2486,1775779711000,pumpswap,REPEAT
2026-04-10T02:11:57.418Z,ATgsKWXnmEyrv3BvBndyQP55Xg49RhhGgFktasv2pump,SOLTAR,Soltar,solana,0.00004354,,128,1024,2048,16384,32768,32768,,,4,2,1774183067000,pumpswap,REPEAT
2026-04-10T02:11:57.418Z,61bSahZBWZgws8HQNSV57mtASrDAN3HBT9DwQNG3Bjt,mememan,Meme Man,solana,0.0001369,512,16384,65536,131072,32768,131072,131072,6,6,122,106,1775463353000,pumpswap,REPEAT
2026-04-10T02:11:57.418Z,2f4sWXXaXKHuQArYh94pddb7hkGWATp9MFScy26tpump,FART,Fart,solana,0.000005134,1024,524288,2097152,2097152,8192,4096,4096,12,15,2278,2486,1775779711000,pumpswap,REPEAT
2026-04-10T02:11:57.418Z,98t9PEJF5QvAdGhu3MuQ2ww57NkRV1Rg7evSZNFxpump,$BABYTAN,BabyTan,solana,0.000009218,1,1024,4096,16384,,8192,8192,1,,26,22,1775571529000,pumpfun,REPEAT
2026-04-10T02:11:57.418Z,3W837NEB9cwzE6Awb9iyrRBy72zaeCNy2Zcsx2Tzpump,CHITOSHI,Satoshification,solana,0.000004349,32,524288,1048576,1048576,4096,4096,4096,2,9,2865,2958,1775779700000,pumpswap,REPEAT
2026-04-10T02:11:57.418Z,3TYgKwkE2Y3rxdw9osLRSpxpXmSC1C1oo19W9KHspump,BULL,Bull,solana,0.001981,1024,16384,262144,1048576,131072,2097152,2097152,22,26,437,312,1774278163000,pumpswap,REPEAT
2026-04-10T02:11:57.418Z,QPXY96HU7oCpqTYV8xH17DYyjbyp6mGiGcW922Lgvpr,KACHIBI2,Kawaii Chibi V2 ,solana,0.0000001956,0,1024,8192,16384,8192,16384,16384,,1,6,24,1775505502000,raydium,REPEAT
2026-04-10T02:11:57.418Z,2f4sWXXaXKHuQArYh94pddb7hkGWATp9MFScy26tpump,FART,Fart,solana,0.000005134,1024,524288,2097152,2097152,8192,4096,4096,12,15,2278,2486,1775779711000,pumpswap,REPEAT
2026-04-10T02:11:57.418Z,H1CknM7TXz134nY5YT7KUYG6fL2Egn4ieLyzkTk7BAGS,PUNCH,パンチ,solana,0.0001749,1024,32768,131072,524288,32768,131072,131072,6,8,185,123,1775694809000,meteora,REPEAT
2026-04-10T02:11:57.418Z,xmYmMCUFuQ6mVu9yNs44KPz3ALyrntyhivueaw3pump,Sora,ソラちゃん,solana,0.0001228,32768,262144,262144,262144,32768,131072,131072,360,240,3917,2818,1775782979000,pumpswap,REPEAT
2026-04-10T02:11:57.418Z,HdB3FdEqpjnBnFDXGiBjuED2RYsVJFTqwwCY5BfhjgAx,BWT,OFFICIAL BARRON WILLIAM TRUMP,solana,0.00001478,512,32768,524288,524288,8192,16384,16384,28,522,836,5848,1775776887000,pumpswap,REPEAT
2026-04-10T02:11:57.418Z,2AMYvN5zvXMC9ueA6vznaiaEqWrjpxHCisa2Nuc5pump,Chicky,Chicky,solana,0.0001013,64,2048,32768,65536,32768,131072,131072,,1,30,30,1774938227000,pumpswap,REPEAT
2026-04-10T02:11:57.418Z,6cfu6Qkqb4BhQ552DMJ2txLSxT7nfv7V69WhyEHTpump,Lizard ,The Waving Lizard ,solana,0.000008578,64,2048,16384,32768,,8192,8192,1,4,26,24,1775728143000,pumpfun,REPEAT
2026-04-10T02:11:57.418Z,9AEtb967xTMosjp9XFhvHLhscPNYgDWc15jFAZR8pump,RƎ́V,REVÉRSÉ SOCIETY,solana,0.0001408,64,1024,4096,32768,32768,131072,131072,1,2,21,18,1775691640000,pumpswap,REPEAT
2026-04-10T02:11:57.418Z,HdB3FdEqpjnBnFDXGiBjuED2RYsVJFTqwwCY5BfhjgAx,BWT,OFFICIAL BARRON WILLIAM TRUMP,solana,0.00001478,512,32768,524288,524288,8192,16384,16384,28,522,836,5848,1775776887000,pumpswap,REPEAT
2026-04-10T02:11:57.418Z,rG49p6sSbBsrbWbsdEhFFe15uq5nch2eSnQLV4fpump,XPX,XPXpay,solana,0.0005306,16,1024,16384,131072,65536,524288,524288,,2,11,14,1775717482000,pumpswap,REPEAT
2026-04-10T02:11:57.418Z,4YiLHDR4B4pE4R5GUMA8HG8YunyeLwcobtEtvwMupump,ROCKET,ROCKET,solana,0.0003852,64,8192,32768,262144,65536,524288,524288,64,37,812,529,1775048719000,pumpswap,REPEAT
2026-04-10T02:11:57.418Z,FdUmX7zQSZgPxt1D7rtbKQisP4a2MXyejAxEnVvepump,Stoic,Stoicism ,solana,0.0001021,4096,131072,1048576,1048576,32768,131072,131072,47,51,1599,1318,1775773975000,pumpswap,REPEAT
2026-04-10T02:11:57.418Z,wwzqJcBxRUDfSZQQv3R4WckkNzpSFjNHkRuzZFcJJZt,JELLYBEAN,JELLYBEAN,solana,0.00003293,,256,256,512,16384,32768,32768,,,3,3,1773329155000,raydium,REPEAT
2026-04-10T02:11:57.418Z,5j9iwWiesC4vKxHWcuRaqZ1qbQJRjnmJoZKJYA2Ypump,Nostalgia ,Do you remember that one time? ,solana,0.000002546,,128,1024,1024,,2048,2048,,,13,5,1775774800000,pumpfun,REPEAT
2026-04-10T02:11:57.418Z,DNj6DDhWiK3MHYM9oyEzpKwJ2oYhVexxDvReGTN6pump,MEMETF,MemeTF,solana,0.000002755,,64,16384,32768,,2048,2048,,,,5,1775765043000,pumpfun,REPEAT
2026-04-10T02:11:57.418Z,BEYgnrA1PTj9rrWfe7EEEFpD7KbBGXgjpEQNcM5ppump,WOJI,wojimoji,solana,0.000002555,8,128,1048576,1048576,4096,2048,2048,1,2,3,10,1775772988000,pumpswap,REPEAT
2026-04-10T02:16:57.420Z,AHFQ4tB5Fj1HTCB6sQ7MdtJf5fUHS7pdJ9sZAK3tpump,Mythos,Claude Mythos,solana,0.0003274,8192,16384,131072,262144,65536,262144,262144,43,41,110,90,1774618831000,pumpswap,REPEAT
2026-04-10T02:16:57.420Z,Fc1mGwtNZthtxfaKDLvTMJXjM2Bvyy5XtHq9Jarupump,Enough,Enough To Live,solana,0.00001125,256,2048,32768,262144,8192,8192,8192,5,2,54,42,1775748691000,pumpswap,REPEAT
2026-04-10T02:16:57.420Z,7WgtNx2R5tVw98PdZuhgjbcDkEtaxyEFDxWtYQ5nbonk,Barron ,Official Barron Coin,solana,0.0001199,128,16384,131072,262144,32768,131072,131072,2,2,690,118,1775762127000,raydium,REPEAT
2026-04-10T02:16:57.420Z,6XjY7mBgYNEV8tk6NxybMF1RdkSuWopCSHW9ejJ5DHwn,IMAGINE,Grok Imagine,solana,0.00002137,,128,512,8192,16384,16384,16384,,,2,1,1773975732000,pumpswap,REPEAT
2026-04-10T02:16:57.420Z,CmtYYjTBYxj5ExeyREFoM5gMNDo4GQ4sjrE7Vx9upump,HUNTER,HunterBidenSmokingCrackCoin,solana,0.00001130,1024,16384,65536,65536,,8192,8192,18,15,252,184,1775779065000,pumpfun,REPEAT
2026-04-10T02:16:57.420Z,9SeCSdbPzz95KomGUGEV9Shn2zGXNmMJhE9J72Hipump,Iroha,イロハ,solana,0.001115,512,65536,262144,2097152,131072,1048576,1048576,6,8,360,286,1775525060000,pumpswap,REPEAT
2026-04-10T02:16:57.420Z,2f4sWXXaXKHuQArYh94pddb7hkGWATp9MFScy26tpump,FART,Fart,solana,0.000005681,256,524288,2097152,2097152,8192,4096,4096,12,3,1927,2277,1775779711000,pumpswap,REPEAT
2026-04-10T02:16:57.420Z,ATgsKWXnmEyrv3BvBndyQP55Xg49RhhGgFktasv2pump,SOLTAR,Soltar,solana,0.00004354,,128,1024,2048,16384,32768,32768,,,3,2,1774183067000,pumpswap,REPEAT
2026-04-10T02:16:57.420Z,61bSahZBWZgws8HQNSV57mtASrDAN3HBT9DwQNG3Bjt,mememan,Meme Man,solana,0.0001353,256,16384,65536,131072,32768,131072,131072,3,10,112,109,1775463353000,pumpswap,REPEAT
2026-04-10T02:16:57.420Z,2f4sWXXaXKHuQArYh94pddb7hkGWATp9MFScy26tpump,FART,Fart,solana,0.000005681,256,524288,2097152,2097152,8192,4096,4096,12,3,1927,2277,1775779711000,pumpswap,REPEAT
2026-04-10T02:16:57.420Z,98t9PEJF5QvAdGhu3MuQ2ww57NkRV1Rg7evSZNFxpump,$BABYTAN,BabyTan,solana,0.000009218,,1024,4096,16384,,8192,8192,,,21,19,1775571529000,pumpfun,REPEAT
2026-04-10T02:16:57.420Z,3W837NEB9cwzE6Awb9iyrRBy72zaeCNy2Zcsx2Tzpump,CHITOSHI,Satoshification,solana,0.000003925,64,524288,1048576,1048576,4096,4096,4096,4,5,2544,2782,1775779700000,pumpswap,REPEAT
2026-04-10T02:16:57.420Z,3TYgKwkE2Y3rxdw9osLRSpxpXmSC1C1oo19W9KHspump,BULL,Bull,solana,0.001976,2048,16384,262144,1048576,131072,2097152,2097152,21,28,393,312,1774278163000,pumpswap,REPEAT
2026-04-10T02:16:57.420Z,QPXY96HU7oCpqTYV8xH17DYyjbyp6mGiGcW922Lgvpr,KACHIBI2,Kawaii Chibi V2 ,solana,0.0000001961,8,1024,8192,16384,8192,16384,16384,1,,7,22,1775505502000,raydium,REPEAT
2026-04-10T02:16:57.420Z,2f4sWXXaXKHuQArYh94pddb7hkGWATp9MFScy26tpump,FART,Fart,solana,0.000005681,256,524288,2097152,2097152,8192,4096,4096,12,3,1927,2277,1775779711000,pumpswap,REPEAT
2026-04-10T02:16:57.420Z,H1CknM7TXz134nY5YT7KUYG6fL2Egn4ieLyzkTk7BAGS,PUNCH,パンチ,solana,0.0001769,2048,16384,131072,524288,32768,131072,131072,9,15,167,124,1775694809000,meteora,REPEAT
2026-04-10T02:16:57.420Z,xmYmMCUFuQ6mVu9yNs44KPz3ALyrntyhivueaw3pump,Sora,ソラちゃん,solana,0.0001013,16384,262144,524288,524288,32768,131072,131072,191,108,3870,2738,1775782979000,pumpswap,REPEAT
2026-04-10T02:16:57.420Z,HdB3FdEqpjnBnFDXGiBjuED2RYsVJFTqwwCY5BfhjgAx,BWT,OFFICIAL BARRON WILLIAM TRUMP,solana,0.00001366,1024,16384,524288,524288,8192,16384,16384,23,528,762,6307,1775776887000,pumpswap,REPEAT
2026-04-10T02:16:57.420Z,2AMYvN5zvXMC9ueA6vznaiaEqWrjpxHCisa2Nuc5pump,Chicky,Chicky,solana,0.00009810,128,2048,32768,65536,32768,131072,131072,3,2,38,30,1774938227000,pumpswap,REPEAT
2026-04-10T02:16:57.420Z,6cfu6Qkqb4BhQ552DMJ2txLSxT7nfv7V69WhyEHTpump,Lizard ,The Waving Lizard ,solana,0.000008303,64,2048,16384,32768,,8192,8192,1,1,25,24,1775728143000,pumpfun,REPEAT
2026-04-10T02:16:57.420Z,9AEtb967xTMosjp9XFhvHLhscPNYgDWc15jFAZR8pump,RƎ́V,REVÉRSÉ SOCIETY,solana,0.0001430,64,1024,4096,32768,32768,131072,131072,1,,20,17,1775691640000,pumpswap,REPEAT
2026-04-10T02:16:57.420Z,HdB3FdEqpjnBnFDXGiBjuED2RYsVJFTqwwCY5BfhjgAx,BWT,OFFICIAL BARRON WILLIAM TRUMP,solana,0.00001366,1024,16384,524288,524288,8192,16384,16384,23,528,762,6307,1775776887000,pumpswap,REPEAT
2026-04-10T02:16:57.420Z,rG49p6sSbBsrbWbsdEhFFe15uq5nch2eSnQLV4fpump,XPX,XPXpay,solana,0.0005306,,1024,16384,131072,65536,524288,524288,,,11,13,1775717482000,pumpswap,REPEAT
2026-04-10T02:16:57.420Z,4YiLHDR4B4pE4R5GUMA8HG8YunyeLwcobtEtvwMupump,ROCKET,ROCKET,solana,0.0003799,32,8192,32768,262144,65536,524288,524288,64,46,814,543,1775048719000,pumpswap,REPEAT
2026-04-10T02:16:57.420Z,FdUmX7zQSZgPxt1D7rtbKQisP4a2MXyejAxEnVvepump,Stoic,Stoicism ,solana,0.0001121,4096,65536,1048576,1048576,32768,131072,131072,61,32,1447,1022,1775773975000,pumpswap,REPEAT
2026-04-10T02:16:57.420Z,wwzqJcBxRUDfSZQQv3R4WckkNzpSFjNHkRuzZFcJJZt,JELLYBEAN,JELLYBEAN,solana,0.00003293,,64,256,512,16384,32768,32768,,,1,1,1773329155000,raydium,REPEAT
2026-04-10T02:16:57.420Z,5j9iwWiesC4vKxHWcuRaqZ1qbQJRjnmJoZKJYA2Ypump,Nostalgia ,Do you remember that one time? ,solana,0.000002546,,128,1024,1024,,2048,2048,,,13,5,1775774800000,pumpfun,REPEAT
2026-04-10T02:16:57.420Z,DNj6DDhWiK3MHYM9oyEzpKwJ2oYhVexxDvReGTN6pump,MEMETF,MemeTF,solana,0.000002755,,64,16384,32768,,2048,2048,,,,4,1775765043000,pumpfun,REPEAT
2026-04-10T02:16:57.420Z,BEYgnrA1PTj9rrWfe7EEEFpD7KbBGXgjpEQNcM5ppump,WOJI,wojimoji,solana,0.000002591,,64,1048576,1048576,4096,2048,2048,,,4,9,1775772988000,pumpswap,REPEAT
2026-04-10T02:21:57.420Z,AHFQ4tB5Fj1HTCB6sQ7MdtJf5fUHS7pdJ9sZAK3tpump,Mythos,Claude Mythos,solana,0.0003214,512,16384,131072,262144,65536,262144,262144,4,4,105,84,1774618831000,pumpswap,REPEAT
2026-04-10T02:21:57.420Z,Fc1mGwtNZthtxfaKDLvTMJXjM2Bvyy5XtHq9Jarupump,Enough,Enough To Live,solana,0.00001085,128,2048,32768,262144,8192,8192,8192,1,4,50,42,1775748691000,pumpswap,REPEAT
2026-04-10T02:21:57.420Z,7WgtNx2R5tVw98PdZuhgjbcDkEtaxyEFDxWtYQ5nbonk,Barron ,Official Barron Coin,solana,0.0001175,128,16384,131072,262144,32768,131072,131072,11,5,696,122,1775762127000,raydium,REPEAT
2026-04-10T02:21:57.420Z,6XjY7mBgYNEV8tk6NxybMF1RdkSuWopCSHW9ejJ5DHwn,IMAGINE,Grok Imagine,solana,0.00002137,,128,512,8192,16384,16384,16384,,,2,1,1773975732000,pumpswap,REPEAT
2026-04-10T02:21:57.420Z,CmtYYjTBYxj5ExeyREFoM5gMNDo4GQ4sjrE7Vx9upump,HUNTER,HunterBidenSmokingCrackCoin,solana,0.00001979,8192,32768,65536,65536,,16384,16384,97,72,284,210,1775779065000,pumpfun,REPEAT
2026-04-10T02:21:57.420Z,9SeCSdbPzz95KomGUGEV9Shn2zGXNmMJhE9J72Hipump,Iroha,イロハ,solana,0.001072,2048,65536,262144,2097152,65536,1048576,1048576,25,13,356,285,1775525060000,pumpswap,REPEAT
2026-04-10T02:21:57.420Z,2f4sWXXaXKHuQArYh94pddb7hkGWATp9MFScy26tpump,FART,Fart,solana,0.000005941,128,262144,2097152,2097152,8192,8192,8192,9,4,1629,2074,1775779711000,pumpswap,REPEAT
2026-04-10T02:21:57.420Z,ATgsKWXnmEyrv3BvBndyQP55Xg49RhhGgFktasv2pump,SOLTAR,Soltar,solana,0.00004354,,128,1024,2048,16384,32768,32768,,,3,2,1774183067000,pumpswap,REPEAT
2026-04-10T02:21:57.420Z,61bSahZBWZgws8HQNSV57mtASrDAN3HBT9DwQNG3Bjt,mememan,Meme Man,solana,0.0001285,512,16384,65536,131072,32768,131072,131072,,10,88,110,1775463353000,pumpswap,REPEAT
2026-04-10T02:21:57.420Z,2f4sWXXaXKHuQArYh94pddb7hkGWATp9MFScy26tpump,FART,Fart,solana,0.000005941,128,262144,2097152,2097152,8192,8192,8192,9,4,1629,2074,1775779711000,pumpswap,REPEAT
2026-04-10T02:21:57.420Z,98t9PEJF5QvAdGhu3MuQ2ww57NkRV1Rg7evSZNFxpump,$BABYTAN,BabyTan,solana,0.000009224,32,1024,4096,16384,,8192,8192,5,4,22,20,1775571529000,pumpfun,REPEAT
2026-04-10T02:21:57.420Z,3W837NEB9cwzE6Awb9iyrRBy72zaeCNy2Zcsx2Tzpump,CHITOSHI,Satoshification,solana,0.000003761,64,262144,1048576,1048576,4096,4096,4096,,10,2251,2636,1775779700000,pumpswap,REPEAT
2026-04-10T02:21:57.420Z,3TYgKwkE2Y3rxdw9osLRSpxpXmSC1C1oo19W9KHspump,BULL,Bull,solana,0.001992,1024,16384,262144,1048576,131072,2097152,2097152,20,18,394,307,1774278163000,pumpswap,REPEAT
2026-04-10T02:21:57.420Z,QPXY96HU7oCpqTYV8xH17DYyjbyp6mGiGcW922Lgvpr,KACHIBI2,Kawaii Chibi V2 ,solana,0.0000001959,4,1024,8192,16384,8192,16384,16384,1,1,7,23,1775505502000,raydium,REPEAT
2026-04-10T02:21:57.420Z,2f4sWXXaXKHuQArYh94pddb7hkGWATp9MFScy26tpump,FART,Fart,solana,0.000005941,128,262144,2097152,2097152,8192,8192,8192,9,4,1629,2074,1775779711000,pumpswap,REPEAT
2026-04-10T02:21:57.420Z,H1CknM7TXz134nY5YT7KUYG6fL2Egn4ieLyzkTk7BAGS,PUNCH,パンチ,solana,0.0001708,1024,16384,131072,524288,32768,131072,131072,4,9,142,119,1775694809000,meteora,REPEAT
2026-04-10T02:21:57.420Z,xmYmMCUFuQ6mVu9yNs44KPz3ALyrntyhivueaw3pump,Sora,ソラちゃん,solana,0.00009208,16384,262144,524288,524288,32768,65536,65536,216,160,3739,2602,1775782979000,pumpswap,REPEAT
2026-04-10T02:21:57.420Z,HdB3FdEqpjnBnFDXGiBjuED2RYsVJFTqwwCY5BfhjgAx,BWT,OFFICIAL BARRON WILLIAM TRUMP,solana,0.00001380,512,16384,524288,524288,8192,16384,16384,19,429,695,6453,1775776887000,pumpswap,REPEAT
2026-04-10T02:21:57.420Z,2AMYvN5zvXMC9ueA6vznaiaEqWrjpxHCisa2Nuc5pump,Chicky,Chicky,solana,0.00009811,2,2048,32768,65536,32768,131072,131072,1,,39,29,1774938227000,pumpswap,REPEAT
2026-04-10T02:21:57.420Z,6cfu6Qkqb4BhQ552DMJ2txLSxT7nfv7V69WhyEHTpump,Lizard ,The Waving Lizard ,solana,0.000008578,64,2048,16384,32768,,8192,8192,1,1,25,25,1775728143000,pumpfun,REPEAT
2026-04-10T02:21:57.420Z,9AEtb967xTMosjp9XFhvHLhscPNYgDWc15jFAZR8pump,RƎ́V,REVÉRSÉ SOCIETY,solana,0.0001430,,1024,4096,32768,32768,131072,131072,,,17,16,1775691640000,pumpswap,REPEAT
2026-04-10T02:21:57.420Z,HdB3FdEqpjnBnFDXGiBjuED2RYsVJFTqwwCY5BfhjgAx,BWT,OFFICIAL BARRON WILLIAM TRUMP,solana,0.00001380,512,16384,524288,524288,8192,16384,16384,19,429,695,6453,1775776887000,pumpswap,REPEAT
2026-04-10T02:21:57.420Z,rG49p6sSbBsrbWbsdEhFFe15uq5nch2eSnQLV4fpump,XPX,XPXpay,solana,0.0005305,32,1024,16384,131072,65536,524288,524288,1,1,11,14,1775717482000,pumpswap,REPEAT
2026-04-10T02:21:57.420Z,4YiLHDR4B4pE4R5GUMA8HG8YunyeLwcobtEtvwMupump,ROCKET,ROCKET,solana,0.0003814,1024,8192,32768,262144,65536,524288,524288,71,46,809,527,1775048719000,pumpswap,REPEAT
2026-04-10T02:21:57.420Z,FdUmX7zQSZgPxt1D7rtbKQisP4a2MXyejAxEnVvepump,Stoic,Stoicism ,solana,0.00009776,2048,65536,1048576,1048576,32768,131072,131072,45,32,1308,945,1775773975000,pumpswap,REPEAT
2026-04-10T02:21:57.420Z,wwzqJcBxRUDfSZQQv3R4WckkNzpSFjNHkRuzZFcJJZt,JELLYBEAN,JELLYBEAN,solana,0.00003293,,64,256,512,16384,32768,32768,,,1,1,1773329155000,raydium,REPEAT
2026-04-10T02:21:57.420Z,5j9iwWiesC4vKxHWcuRaqZ1qbQJRjnmJoZKJYA2Ypump,Nostalgia ,Do you remember that one time? ,solana,0.000002546,,128,1024,1024,,2048,2048,,,13,5,1775774800000,pumpfun,REPEAT
2026-04-10T02:21:57.420Z,DNj6DDhWiK3MHYM9oyEzpKwJ2oYhVexxDvReGTN6pump,MEMETF,MemeTF,solana,0.000002755,,64,16384,32768,,2048,2048,,,,4,1775765043000,pumpfun,REPEAT
2026-04-10T02:21:57.420Z,BEYgnrA1PTj9rrWfe7EEEFpD7KbBGXgjpEQNcM5ppump,WOJI,wojimoji,solana,0.000002553,4,32,1048576,1048576,4096,2048,2048,,2,3,10,1775772988000,pumpswap,REPEAT
2026-04-10T02:26:57.421Z,9YiTzXRbgoE1MtyxQ4sGF3vbdX944HNdcBmVpPQppump,umi,umi,solana,0.00002892,128,512,4096,32768,16384,32768,32768,5,1,16,9,1774642896000,pumpswap,NEW
2026-04-10T02:26:57.421Z,AHFQ4tB5Fj1HTCB6sQ7MdtJf5fUHS7pdJ9sZAK3tpump,Mythos,Claude Mythos,solana,0.0003165,512,16384,131072,262144,65536,262144,262144,2,4,96,85,1774618831000,pumpswap,REPEAT
2026-04-10T02:26:57.421Z,Fc1mGwtNZthtxfaKDLvTMJXjM2Bvyy5XtHq9Jarupump,Enough,Enough To Live,solana,0.00001033,128,2048,32768,262144,8192,8192,8192,,2,45,37,1775748691000,pumpswap,REPEAT
2026-04-10T02:26:57.421Z,7WgtNx2R5tVw98PdZuhgjbcDkEtaxyEFDxWtYQ5nbonk,Barron ,Official Barron Coin,solana,0.0001188,4096,16384,131072,262144,32768,131072,131072,26,13,681,102,1775762127000,raydium,REPEAT
2026-04-10T02:26:57.421Z,6XjY7mBgYNEV8tk6NxybMF1RdkSuWopCSHW9ejJ5DHwn,IMAGINE,Grok Imagine,solana,0.00002114,32,128,512,8192,16384,16384,16384,,1,2,2,1773975732000,pumpswap,REPEAT
2026-04-10T02:26:57.421Z,CmtYYjTBYxj5ExeyREFoM5gMNDo4GQ4sjrE7Vx9upump,HUNTER,HunterBidenSmokingCrackCoin,solana,0.00001683,4096,32768,65536,65536,,16384,16384,41,31,296,221,1775779065000,pumpfun,REPEAT
2026-04-10T02:26:57.421Z,9SeCSdbPzz95KomGUGEV9Shn2zGXNmMJhE9J72Hipump,Iroha,イロハ,solana,0.001053,16384,65536,262144,2097152,65536,1048576,1048576,82,44,436,305,1775525060000,pumpswap,REPEAT
2026-04-10T02:26:57.421Z,2f4sWXXaXKHuQArYh94pddb7hkGWATp9MFScy26tpump,FART,Fart,solana,0.000005487,128,262144,2097152,2097152,8192,4096,4096,2,6,1373,1900,1775779711000,pumpswap,REPEAT
2026-04-10T02:26:57.421Z,ATgsKWXnmEyrv3BvBndyQP55Xg49RhhGgFktasv2pump,SOLTAR,Soltar,solana,0.00004314,32,128,1024,2048,16384,32768,32768,1,1,5,3,1774183067000,pumpswap,REPEAT
2026-04-10T02:26:57.421Z,61bSahZBWZgws8HQNSV57mtASrDAN3HBT9DwQNG3Bjt,mememan,Meme Man,solana,0.0001283,128,16384,65536,131072,32768,131072,131072,2,3,79,101,1775463353000,pumpswap,REPEAT
2026-04-10T02:26:57.421Z,2f4sWXXaXKHuQArYh94pddb7hkGWATp9MFScy26tpump,FART,Fart,solana,0.000005487,128,262144,2097152,2097152,8192,4096,4096,2,6,1373,1900,1775779711000,pumpswap,REPEAT
2026-04-10T02:26:57.421Z,98t9PEJF5QvAdGhu3MuQ2ww57NkRV1Rg7evSZNFxpump,$BABYTAN,BabyTan,solana,0.000009229,32,1024,4096,16384,,8192,8192,4,4,20,20,1775571529000,pumpfun,REPEAT
2026-04-10T02:26:57.421Z,3W837NEB9cwzE6Awb9iyrRBy72zaeCNy2Zcsx2Tzpump,CHITOSHI,Satoshification,solana,0.000003783,64,262144,1048576,1048576,4096,4096,4096,3,3,1878,2468,1775779700000,pumpswap,REPEAT
2026-04-10T02:26:57.421Z,3TYgKwkE2Y3rxdw9osLRSpxpXmSC1C1oo19W9KHspump,BULL,Bull,solana,0.001982,1024,16384,262144,1048576,131072,2097152,2097152,20,19,396,301,1774278163000,pumpswap,REPEAT
2026-04-10T02:26:57.421Z,QPXY96HU7oCpqTYV8xH17DYyjbyp6mGiGcW922Lgvpr,KACHIBI2,Kawaii Chibi V2 ,solana,0.0000001959,,1024,8192,16384,8192,16384,16384,,2,6,24,1775505502000,raydium,REPEAT
2026-04-10T02:26:57.421Z,2f4sWXXaXKHuQArYh94pddb7hkGWATp9MFScy26tpump,FART,Fart,solana,0.000005487,128,262144,2097152,2097152,8192,4096,4096,2,6,1373,1900,1775779711000,pumpswap,REPEAT
2026-04-10T02:26:57.421Z,H1CknM7TXz134nY5YT7KUYG6fL2Egn4ieLyzkTk7BAGS,PUNCH,パンチ,solana,0.0001693,512,16384,131072,524288,32768,131072,131072,6,5,130,109,1775694809000,meteora,REPEAT
2026-04-10T02:26:57.421Z,xmYmMCUFuQ6mVu9yNs44KPz3ALyrntyhivueaw3pump,Sora,ソラちゃん,solana,0.00007853,32768,262144,524288,524288,16384,65536,65536,367,210,3893,2627,1775782979000,pumpswap,REPEAT
2026-04-10T02:26:57.421Z,HdB3FdEqpjnBnFDXGiBjuED2RYsVJFTqwwCY5BfhjgAx,BWT,OFFICIAL BARRON WILLIAM TRUMP,solana,0.00001428,128,16384,524288,524288,8192,16384,16384,9,403,544,6389,1775776887000,pumpswap,REPEAT
2026-04-10T02:26:57.421Z,2AMYvN5zvXMC9ueA6vznaiaEqWrjpxHCisa2Nuc5pump,Chicky,Chicky,solana,0.00009773,64,4096,32768,65536,32768,131072,131072,1,1,39,28,1774938227000,pumpswap,REPEAT
2026-04-10T02:26:57.421Z,6cfu6Qkqb4BhQ552DMJ2txLSxT7nfv7V69WhyEHTpump,Lizard ,The Waving Lizard ,solana,0.000006715,512,4096,16384,32768,,8192,8192,1,5,26,29,1775728143000,pumpfun,REPEAT
2026-04-10T02:26:57.421Z,9AEtb967xTMosjp9XFhvHLhscPNYgDWc15jFAZR8pump,RƎ́V,REVÉRSÉ SOCIETY,solana,0.0001419,64,1024,4096,32768,32768,131072,131072,1,2,18,17,1775691640000,pumpswap,REPEAT
2026-04-10T02:26:57.421Z,HdB3FdEqpjnBnFDXGiBjuED2RYsVJFTqwwCY5BfhjgAx,BWT,OFFICIAL BARRON WILLIAM TRUMP,solana,0.00001428,128,16384,524288,524288,8192,16384,16384,9,403,544,6389,1775776887000,pumpswap,REPEAT
2026-04-10T02:26:57.421Z,rG49p6sSbBsrbWbsdEhFFe15uq5nch2eSnQLV4fpump,XPX,XPXpay,solana,0.0005371,8,1024,16384,131072,65536,524288,524288,1,,12,14,1775717482000,pumpswap,REPEAT
2026-04-10T02:26:57.421Z,4YiLHDR4B4pE4R5GUMA8HG8YunyeLwcobtEtvwMupump,ROCKET,ROCKET,solana,0.0003761,512,8192,32768,262144,65536,524288,524288,71,48,818,533,1775048719000,pumpswap,REPEAT
2026-04-10T02:26:57.421Z,FdUmX7zQSZgPxt1D7rtbKQisP4a2MXyejAxEnVvepump,Stoic,Stoicism ,solana,0.0001000,1024,65536,1048576,1048576,32768,131072,131072,37,18,1190,813,1775773975000,pumpswap,REPEAT
2026-04-10T02:26:57.421Z,wwzqJcBxRUDfSZQQv3R4WckkNzpSFjNHkRuzZFcJJZt,JELLYBEAN,JELLYBEAN,solana,0.00003293,,64,256,512,16384,32768,32768,,,1,1,1773329155000,raydium,REPEAT
2026-04-10T02:26:57.421Z,5j9iwWiesC4vKxHWcuRaqZ1qbQJRjnmJoZKJYA2Ypump,Nostalgia ,Do you remember that one time? ,solana,0.000002546,,128,1024,1024,,2048,2048,,,7,4,1775774800000,pumpfun,REPEAT
2026-04-10T02:26:57.421Z,DNj6DDhWiK3MHYM9oyEzpKwJ2oYhVexxDvReGTN6pump,MEMETF,MemeTF,solana,0.000002755,,64,16384,32768,,2048,2048,,,,3,1775765043000,pumpfun,REPEAT
2026-04-10T02:31:57.421Z,BBYEvoXYaWQxvWb2x4ugwAPnVTiqqoFtxHLtagf3PEPE,BABYPEPE,BABYPEPE,solana,0.00002455,512,65536,131072,131072,16384,32768,32768,2,7,1262,779,1775781591000,pumpswap,NEW
2026-04-10T02:31:57.421Z,9YiTzXRbgoE1MtyxQ4sGF3vbdX944HNdcBmVpPQppump,umi,umi,solana,0.00003022,512,1024,4096,32768,16384,32768,32768,9,4,29,14,1774642896000,pumpswap,REPEAT
2026-04-10T02:31:57.421Z,AHFQ4tB5Fj1HTCB6sQ7MdtJf5fUHS7pdJ9sZAK3tpump,Mythos,Claude Mythos,solana,0.0003245,512,16384,131072,262144,65536,262144,262144,7,6,96,82,1774618831000,pumpswap,REPEAT
2026-04-10T02:31:57.421Z,Fc1mGwtNZthtxfaKDLvTMJXjM2Bvyy5XtHq9Jarupump,Enough,Enough To Live,solana,0.00001005,2,2048,32768,262144,8192,8192,8192,,2,46,37,1775748691000,pumpswap,REPEAT
2026-04-10T02:31:57.421Z,7WgtNx2R5tVw98PdZuhgjbcDkEtaxyEFDxWtYQ5nbonk,Barron ,Official Barron Coin,solana,0.0001195,256,8192,131072,262144,32768,131072,131072,8,5,679,98,1775762127000,raydium,REPEAT
2026-04-10T02:31:57.421Z,6XjY7mBgYNEV8tk6NxybMF1RdkSuWopCSHW9ejJ5DHwn,IMAGINE,Grok Imagine,solana,0.00002114,,128,512,8192,16384,16384,16384,,,2,1,1773975732000,pumpswap,REPEAT
2026-04-10T02:31:57.421Z,CmtYYjTBYxj5ExeyREFoM5gMNDo4GQ4sjrE7Vx9upump,HUNTER,HunterBidenSmokingCrackCoin,solana,0.00002316,2048,32768,65536,65536,,16384,16384,31,5,294,192,1775779065000,pumpfun,REPEAT
2026-04-10T02:31:57.421Z,9SeCSdbPzz95KomGUGEV9Shn2zGXNmMJhE9J72Hipump,Iroha,イロハ,solana,0.001057,8192,65536,262144,2097152,65536,1048576,1048576,56,31,462,329,1775525060000,pumpswap,REPEAT
2026-04-10T02:31:57.421Z,2f4sWXXaXKHuQArYh94pddb7hkGWATp9MFScy26tpump,FART,Fart,solana,0.000005487,,131072,2097152,2097152,8192,4096,4096,,,1069,1699,1775779711000,pumpswap,REPEAT
2026-04-10T02:31:57.421Z,ATgsKWXnmEyrv3BvBndyQP55Xg49RhhGgFktasv2pump,SOLTAR,Soltar,solana,0.00004314,,128,1024,2048,16384,32768,32768,,,4,3,1774183067000,pumpswap,REPEAT
2026-04-10T02:31:57.421Z,61bSahZBWZgws8HQNSV57mtASrDAN3HBT9DwQNG3Bjt,mememan,Meme Man,solana,0.0001292,128,8192,65536,131072,32768,131072,131072,1,,68,89,1775463353000,pumpswap,REPEAT
2026-04-10T02:31:57.421Z,2f4sWXXaXKHuQArYh94pddb7hkGWATp9MFScy26tpump,FART,Fart,solana,0.000005487,,131072,2097152,2097152,8192,4096,4096,,,1069,1699,1775779711000,pumpswap,REPEAT
2026-04-10T02:31:57.421Z,98t9PEJF5QvAdGhu3MuQ2ww57NkRV1Rg7evSZNFxpump,$BABYTAN,BabyTan,solana,0.000009227,32,1024,4096,16384,,8192,8192,3,3,21,22,1775571529000,pumpfun,REPEAT
2026-04-10T02:31:57.421Z,3W837NEB9cwzE6Awb9iyrRBy72zaeCNy2Zcsx2Tzpump,CHITOSHI,Satoshification,solana,0.000003783,,262144,1048576,1048576,4096,4096,4096,,,1499,2259,1775779700000,pumpswap,REPEAT
2026-04-10T02:31:57.421Z,3TYgKwkE2Y3rxdw9osLRSpxpXmSC1C1oo19W9KHspump,BULL,Bull,solana,0.002002,2048,16384,262144,1048576,131072,2097152,2097152,20,21,388,286,1774278163000,pumpswap,REPEAT
2026-04-10T02:31:57.421Z,QPXY96HU7oCpqTYV8xH17DYyjbyp6mGiGcW922Lgvpr,KACHIBI2,Kawaii Chibi V2 ,solana,0.0000001959,,1024,8192,16384,8192,16384,16384,,,5,20,1775505502000,raydium,REPEAT
2026-04-10T02:31:57.421Z,2f4sWXXaXKHuQArYh94pddb7hkGWATp9MFScy26tpump,FART,Fart,solana,0.000005487,,131072,2097152,2097152,8192,4096,4096,,,1069,1699,1775779711000,pumpswap,REPEAT
2026-04-10T02:31:57.421Z,H1CknM7TXz134nY5YT7KUYG6fL2Egn4ieLyzkTk7BAGS,PUNCH,パンチ,solana,0.0001718,512,16384,131072,524288,32768,131072,131072,9,3,123,104,1775694809000,meteora,REPEAT
2026-04-10T02:31:57.421Z,xmYmMCUFuQ6mVu9yNs44KPz3ALyrntyhivueaw3pump,Sora,ソラちゃん,solana,0.00007570,16384,262144,524288,524288,16384,65536,65536,181,143,3729,2589,1775782979000,pumpswap,REPEAT
2026-04-10T02:31:57.421Z,HdB3FdEqpjnBnFDXGiBjuED2RYsVJFTqwwCY5BfhjgAx,BWT,OFFICIAL BARRON WILLIAM TRUMP,solana,0.00001781,1024,16384,524288,524288,8192,16384,16384,25,9,486,5823,1775776887000,pumpswap,REPEAT
2026-04-10T02:31:57.421Z,2AMYvN5zvXMC9ueA6vznaiaEqWrjpxHCisa2Nuc5pump,Chicky,Chicky,solana,0.00009772,256,4096,32768,65536,32768,131072,131072,1,1,38,24,1774938227000,pumpswap,REPEAT
2026-04-10T02:31:57.421Z,6cfu6Qkqb4BhQ552DMJ2txLSxT7nfv7V69WhyEHTpump,Lizard ,The Waving Lizard ,solana,0.000006316,128,4096,16384,32768,,8192,8192,1,2,27,31,1775728143000,pumpfun,REPEAT
2026-04-10T02:31:57.421Z,9AEtb967xTMosjp9XFhvHLhscPNYgDWc15jFAZR8pump,RƎ́V,REVÉRSÉ SOCIETY,solana,0.0001419,,1024,4096,32768,32768,131072,131072,,,18,16,1775691640000,pumpswap,REPEAT
2026-04-10T02:31:57.421Z,HdB3FdEqpjnBnFDXGiBjuED2RYsVJFTqwwCY5BfhjgAx,BWT,OFFICIAL BARRON WILLIAM TRUMP,solana,0.00001781,1024,16384,524288,524288,8192,16384,16384,25,9,486,5823,1775776887000,pumpswap,REPEAT
2026-04-10T02:31:57.421Z,rG49p6sSbBsrbWbsdEhFFe15uq5nch2eSnQLV4fpump,XPX,XPXpay,solana,0.0005378,32,256,16384,131072,65536,524288,524288,3,1,11,12,1775717482000,pumpswap,REPEAT
2026-04-10T02:31:57.421Z,4YiLHDR4B4pE4R5GUMA8HG8YunyeLwcobtEtvwMupump,ROCKET,ROCKET,solana,0.0003780,128,8192,32768,262144,65536,524288,524288,62,45,818,527,1775048719000,pumpswap,REPEAT
2026-04-10T02:31:57.421Z,FdUmX7zQSZgPxt1D7rtbKQisP4a2MXyejAxEnVvepump,Stoic,Stoicism ,solana,0.0001033,4096,65536,1048576,1048576,32768,131072,131072,58,31,1094,707,1775773975000,pumpswap,REPEAT
2026-04-10T02:31:57.421Z,wwzqJcBxRUDfSZQQv3R4WckkNzpSFjNHkRuzZFcJJZt,JELLYBEAN,JELLYBEAN,solana,0.00003293,,64,256,512,16384,32768,32768,,,1,1,1773329155000,raydium,REPEAT
2026-04-10T02:31:57.421Z,5j9iwWiesC4vKxHWcuRaqZ1qbQJRjnmJoZKJYA2Ypump,Nostalgia ,Do you remember that one time? ,solana,0.000002546,,0,1024,1024,,2048,2048,,,,1,1775774800000,pumpfun,REPEAT
2026-04-10T02:36:57.422Z,BBYEvoXYaWQxvWb2x4ugwAPnVTiqqoFtxHLtagf3PEPE,BABYPEPE,BABYPEPE,solana,0.00002550,256,65536,131072,131072,16384,32768,32768,4,3,1092,684,1775781591000,pumpswap,REPEAT
2026-04-10T02:36:57.422Z,9YiTzXRbgoE1MtyxQ4sGF3vbdX944HNdcBmVpPQppump,umi,umi,solana,0.00003157,256,1024,8192,32768,16384,32768,32768,10,1,39,13,1774642896000,pumpswap,REPEAT
2026-04-10T02:36:57.422Z,AHFQ4tB5Fj1HTCB6sQ7MdtJf5fUHS7pdJ9sZAK3tpump,Mythos,Claude Mythos,solana,0.0002949,1024,16384,131072,262144,65536,262144,262144,6,8,101,92,1774618831000,pumpswap,REPEAT
2026-04-10T02:36:57.422Z,Fc1mGwtNZthtxfaKDLvTMJXjM2Bvyy5XtHq9Jarupump,Enough,Enough To Live,solana,0.000009953,128,2048,32768,262144,8192,8192,8192,2,2,32,31,1775748691000,pumpswap,REPEAT
2026-04-10T02:36:57.422Z,7WgtNx2R5tVw98PdZuhgjbcDkEtaxyEFDxWtYQ5nbonk,Barron ,Official Barron Coin,solana,0.0001232,128,8192,131072,262144,32768,131072,131072,7,2,668,92,1775762127000,raydium,REPEAT
2026-04-10T02:36:57.422Z,6XjY7mBgYNEV8tk6NxybMF1RdkSuWopCSHW9ejJ5DHwn,IMAGINE,Grok Imagine,solana,0.00002114,,128,512,8192,16384,16384,16384,,,2,1,1773975732000,pumpswap,REPEAT
2026-04-10T02:36:57.422Z,CmtYYjTBYxj5ExeyREFoM5gMNDo4GQ4sjrE7Vx9upump,HUNTER,HunterBidenSmokingCrackCoin,solana,0.00002020,1024,32768,65536,65536,,16384,16384,14,14,297,194,1775779065000,pumpfun,REPEAT
2026-04-10T02:36:57.422Z,9SeCSdbPzz95KomGUGEV9Shn2zGXNmMJhE9J72Hipump,Iroha,イロハ,solana,0.001088,2048,65536,262144,2097152,65536,1048576,1048576,14,27,446,334,1775525060000,pumpswap,REPEAT
2026-04-10T02:36:57.422Z,2f4sWXXaXKHuQArYh94pddb7hkGWATp9MFScy26tpump,FART,Fart,solana,0.000005495,256,131072,2097152,2097152,8192,4096,4096,3,6,686,1420,1775779711000,pumpswap,REPEAT
2026-04-10T02:36:57.422Z,ATgsKWXnmEyrv3BvBndyQP55Xg49RhhGgFktasv2pump,SOLTAR,Soltar,solana,0.00004381,16,128,1024,2048,16384,32768,32768,1,,5,3,1774183067000,pumpswap,REPEAT
2026-04-10T02:36:57.422Z,61bSahZBWZgws8HQNSV57mtASrDAN3HBT9DwQNG3Bjt,mememan,Meme Man,solana,0.0001259,256,8192,65536,131072,32768,131072,131072,2,3,66,81,1775463353000,pumpswap,REPEAT
2026-04-10T02:36:57.422Z,2f4sWXXaXKHuQArYh94pddb7hkGWATp9MFScy26tpump,FART,Fart,solana,0.000005495,256,131072,2097152,2097152,8192,4096,4096,3,6,686,1420,1775779711000,pumpswap,REPEAT
2026-04-10T02:36:57.422Z,98t9PEJF5QvAdGhu3MuQ2ww57NkRV1Rg7evSZNFxpump,$BABYTAN,BabyTan,solana,0.000009244,32,512,4096,16384,,8192,8192,4,3,23,24,1775571529000,pumpfun,REPEAT
2026-04-10T02:36:57.422Z,3W837NEB9cwzE6Awb9iyrRBy72zaeCNy2Zcsx2Tzpump,CHITOSHI,Satoshification,solana,0.000003764,16,131072,1048576,1048576,4096,4096,4096,,4,1128,2001,1775779700000,pumpswap,REPEAT
2026-04-10T02:36:57.422Z,3TYgKwkE2Y3rxdw9osLRSpxpXmSC1C1oo19W9KHspump,BULL,Bull,solana,0.001940,2048,16384,262144,1048576,131072,2097152,2097152,23,26,390,288,1774278163000,pumpswap,REPEAT
2026-04-10T02:36:57.422Z,QPXY96HU7oCpqTYV8xH17DYyjbyp6mGiGcW922Lgvpr,KACHIBI2,Kawaii Chibi V2 ,solana,0.0000001959,,1024,8192,16384,8192,16384,16384,,,4,17,1775505502000,raydium,REPEAT
2026-04-10T02:36:57.422Z,2f4sWXXaXKHuQArYh94pddb7hkGWATp9MFScy26tpump,FART,Fart,solana,0.000005495,256,131072,2097152,2097152,8192,4096,4096,3,6,686,1420,1775779711000,pumpswap,REPEAT
2026-04-10T02:36:57.422Z,H1CknM7TXz134nY5YT7KUYG6fL2Egn4ieLyzkTk7BAGS,PUNCH,パンチ,solana,0.0002344,1024,16384,131072,524288,32768,262144,262144,12,12,112,108,1775694809000,meteora,REPEAT
2026-04-10T02:36:57.422Z,xmYmMCUFuQ6mVu9yNs44KPz3ALyrntyhivueaw3pump,Sora,ソラちゃん,solana,0.00008335,16384,262144,524288,524288,16384,65536,65536,115,93,3335,2316,1775782979000,pumpswap,REPEAT
2026-04-10T02:36:57.422Z,HdB3FdEqpjnBnFDXGiBjuED2RYsVJFTqwwCY5BfhjgAx,BWT,OFFICIAL BARRON WILLIAM TRUMP,solana,0.00001880,512,16384,524288,524288,8192,16384,16384,12,13,443,5270,1775776887000,pumpswap,REPEAT
2026-04-10T02:36:57.422Z,2AMYvN5zvXMC9ueA6vznaiaEqWrjpxHCisa2Nuc5pump,Chicky,Chicky,solana,0.0001040,256,4096,32768,65536,32768,131072,131072,2,1,52,27,1774938227000,pumpswap,REPEAT
2026-04-10T02:36:57.422Z,6cfu6Qkqb4BhQ552DMJ2txLSxT7nfv7V69WhyEHTpump,Lizard ,The Waving Lizard ,solana,0.000006233,32,4096,16384,32768,,8192,8192,,3,27,32,1775728143000,pumpfun,REPEAT
2026-04-10T02:36:57.422Z,9AEtb967xTMosjp9XFhvHLhscPNYgDWc15jFAZR8pump,RƎ́V,REVÉRSÉ SOCIETY,solana,0.0001416,4,1024,4096,32768,32768,131072,131072,,1,18,16,1775691640000,pumpswap,REPEAT
2026-04-10T02:36:57.422Z,HdB3FdEqpjnBnFDXGiBjuED2RYsVJFTqwwCY5BfhjgAx,BWT,OFFICIAL BARRON WILLIAM TRUMP,solana,0.00001880,512,16384,524288,524288,8192,16384,16384,12,13,443,5270,1775776887000,pumpswap,REPEAT
2026-04-10T02:36:57.422Z,rG49p6sSbBsrbWbsdEhFFe15uq5nch2eSnQLV4fpump,XPX,XPXpay,solana,0.0005386,4,128,16384,131072,65536,524288,524288,1,,11,11,1775717482000,pumpswap,REPEAT
2026-04-10T02:36:57.422Z,4YiLHDR4B4pE4R5GUMA8HG8YunyeLwcobtEtvwMupump,ROCKET,ROCKET,solana,0.0003767,128,8192,32768,262144,65536,524288,524288,63,51,824,550,1775048719000,pumpswap,REPEAT
2026-04-10T02:36:57.422Z,FdUmX7zQSZgPxt1D7rtbKQisP4a2MXyejAxEnVvepump,Stoic,Stoicism ,solana,0.00009729,4096,65536,1048576,1048576,32768,131072,131072,51,32,872,589,1775773975000,pumpswap,REPEAT
2026-04-10T02:36:57.422Z,wwzqJcBxRUDfSZQQv3R4WckkNzpSFjNHkRuzZFcJJZt,JELLYBEAN,JELLYBEAN,solana,0.00003293,,64,256,512,16384,32768,32768,,,1,1,1773329155000,raydium,REPEAT
2026-04-10T02:36:57.422Z,5j9iwWiesC4vKxHWcuRaqZ1qbQJRjnmJoZKJYA2Ypump,Nostalgia ,Do you remember that one time? ,solana,0.000002546,,0,1024,1024,,2048,2048,,,,1,1775774800000,pumpfun,REPEAT
2026-04-10T02:41:57.423Z,BBYEvoXYaWQxvWb2x4ugwAPnVTiqqoFtxHLtagf3PEPE,BABYPEPE,BABYPEPE,solana,0.00002855,512,65536,131072,131072,16384,32768,32768,9,3,935,580,1775781591000,pumpswap,REPEAT
2026-04-10T02:41:57.423Z,9YiTzXRbgoE1MtyxQ4sGF3vbdX944HNdcBmVpPQppump,umi,umi,solana,0.00003164,64,1024,8192,32768,16384,32768,32768,3,2,38,14,1774642896000,pumpswap,REPEAT
2026-04-10T02:41:57.423Z,AHFQ4tB5Fj1HTCB6sQ7MdtJf5fUHS7pdJ9sZAK3tpump,Mythos,Claude Mythos,solana,0.0002910,256,16384,131072,262144,65536,262144,262144,4,4,98,90,1774618831000,pumpswap,REPEAT
2026-04-10T02:41:57.423Z,Fc1mGwtNZthtxfaKDLvTMJXjM2Bvyy5XtHq9Jarupump,Enough,Enough To Live,solana,0.00001069,128,2048,32768,262144,8192,8192,8192,7,1,36,28,1775748691000,pumpswap,REPEAT
2026-04-10T02:41:57.423Z,7WgtNx2R5tVw98PdZuhgjbcDkEtaxyEFDxWtYQ5nbonk,Barron ,Official Barron Coin,solana,0.0001161,1024,8192,131072,262144,32768,131072,131072,6,7,649,85,1775762127000,raydium,REPEAT
2026-04-10T02:41:57.423Z,6XjY7mBgYNEV8tk6NxybMF1RdkSuWopCSHW9ejJ5DHwn,IMAGINE,Grok Imagine,solana,0.00002114,,128,512,8192,16384,16384,16384,,,2,1,1773975732000,pumpswap,REPEAT
2026-04-10T02:41:57.423Z,CmtYYjTBYxj5ExeyREFoM5gMNDo4GQ4sjrE7Vx9upump,HUNTER,HunterBidenSmokingCrackCoin,solana,0.00001871,2048,32768,65536,65536,,16384,16384,25,25,317,214,1775779065000,pumpfun,REPEAT
2026-04-10T02:41:57.423Z,9SeCSdbPzz95KomGUGEV9Shn2zGXNmMJhE9J72Hipump,Iroha,イロハ,solana,0.001091,2048,65536,262144,2097152,65536,1048576,1048576,17,14,345,302,1775525060000,pumpswap,REPEAT
2026-04-10T02:41:57.423Z,2f4sWXXaXKHuQArYh94pddb7hkGWATp9MFScy26tpump,FART,Fart,solana,0.000005765,128,65536,2097152,2097152,8192,4096,4096,1,,321,1152,1775779711000,pumpswap,REPEAT
2026-04-10T02:41:57.423Z,ATgsKWXnmEyrv3BvBndyQP55Xg49RhhGgFktasv2pump,SOLTAR,Soltar,solana,0.00004381,,128,1024,2048,16384,32768,32768,,,5,3,1774183067000,pumpswap,REPEAT
2026-04-10T02:41:57.423Z,61bSahZBWZgws8HQNSV57mtASrDAN3HBT9DwQNG3Bjt,mememan,Meme Man,solana,0.0001234,64,8192,65536,131072,32768,131072,131072,,3,54,76,1775463353000,pumpswap,REPEAT
2026-04-10T02:41:57.423Z,2f4sWXXaXKHuQArYh94pddb7hkGWATp9MFScy26tpump,FART,Fart,solana,0.000005765,128,65536,2097152,2097152,8192,4096,4096,1,,321,1152,1775779711000,pumpswap,REPEAT
2026-04-10T02:41:57.423Z,98t9PEJF5QvAdGhu3MuQ2ww57NkRV1Rg7evSZNFxpump,$BABYTAN,BabyTan,solana,0.000009235,32,1024,4096,16384,,8192,8192,4,3,26,25,1775571529000,pumpfun,REPEAT
2026-04-10T02:41:57.423Z,3W837NEB9cwzE6Awb9iyrRBy72zaeCNy2Zcsx2Tzpump,CHITOSHI,Satoshification,solana,0.000003783,16,131072,1048576,1048576,4096,4096,4096,2,3,814,1870,1775779700000,pumpswap,REPEAT
2026-04-10T02:41:57.423Z,3TYgKwkE2Y3rxdw9osLRSpxpXmSC1C1oo19W9KHspump,BULL,Bull,solana,0.001963,2048,16384,262144,1048576,131072,2097152,2097152,60,23,389,290,1774278163000,pumpswap,REPEAT
2026-04-10T02:41:57.423Z,QPXY96HU7oCpqTYV8xH17DYyjbyp6mGiGcW922Lgvpr,KACHIBI2,Kawaii Chibi V2 ,solana,0.0000001959,,1024,8192,16384,8192,16384,16384,,,3,16,1775505502000,raydium,REPEAT
2026-04-10T02:41:57.423Z,2f4sWXXaXKHuQArYh94pddb7hkGWATp9MFScy26tpump,FART,Fart,solana,0.000005765,128,65536,2097152,2097152,8192,4096,4096,1,,321,1152,1775779711000,pumpswap,REPEAT
2026-04-10T02:41:57.423Z,H1CknM7TXz134nY5YT7KUYG6fL2Egn4ieLyzkTk7BAGS,PUNCH,パンチ,solana,0.0002109,2048,16384,131072,524288,32768,262144,262144,12,13,122,110,1775694809000,meteora,REPEAT
2026-04-10T02:41:57.423Z,xmYmMCUFuQ6mVu9yNs44KPz3ALyrntyhivueaw3pump,Sora,ソラちゃん,solana,0.00008963,8192,262144,524288,524288,32768,65536,65536,77,56,3144,2214,1775782979000,pumpswap,REPEAT
2026-04-10T02:41:57.423Z,HdB3FdEqpjnBnFDXGiBjuED2RYsVJFTqwwCY5BfhjgAx,BWT,OFFICIAL BARRON WILLIAM TRUMP,solana,0.00001974,512,16384,524288,524288,8192,16384,16384,15,7,414,4723,1775776887000,pumpswap,REPEAT
2026-04-10T02:41:57.423Z,2AMYvN5zvXMC9ueA6vznaiaEqWrjpxHCisa2Nuc5pump,Chicky,Chicky,solana,0.0001005,512,4096,32768,65536,32768,131072,131072,2,4,35,29,1774938227000,pumpswap,REPEAT
2026-04-10T02:41:57.423Z,6cfu6Qkqb4BhQ552DMJ2txLSxT7nfv7V69WhyEHTpump,Lizard ,The Waving Lizard ,solana,0.000006233,,2048,16384,32768,,8192,8192,,,26,29,1775728143000,pumpfun,REPEAT
2026-04-10T02:41:57.423Z,9AEtb967xTMosjp9XFhvHLhscPNYgDWc15jFAZR8pump,RƎ́V,REVÉRSÉ SOCIETY,solana,0.0001413,32,1024,4096,32768,32768,131072,131072,,1,13,17,1775691640000,pumpswap,REPEAT
2026-04-10T02:41:57.423Z,HdB3FdEqpjnBnFDXGiBjuED2RYsVJFTqwwCY5BfhjgAx,BWT,OFFICIAL BARRON WILLIAM TRUMP,solana,0.00001974,512,16384,524288,524288,8192,16384,16384,15,7,414,4723,1775776887000,pumpswap,REPEAT
2026-04-10T02:41:57.423Z,rG49p6sSbBsrbWbsdEhFFe15uq5nch2eSnQLV4fpump,XPX,XPXpay,solana,0.0005319,32,256,16384,131072,65536,524288,524288,1,2,12,13,1775717482000,pumpswap,REPEAT
2026-04-10T02:41:57.423Z,4YiLHDR4B4pE4R5GUMA8HG8YunyeLwcobtEtvwMupump,ROCKET,ROCKET,solana,0.0003765,8,8192,32768,262144,65536,524288,524288,63,43,832,557,1775048719000,pumpswap,REPEAT
2026-04-10T02:41:57.423Z,FdUmX7zQSZgPxt1D7rtbKQisP4a2MXyejAxEnVvepump,Stoic,Stoicism ,solana,0.0001260,4096,65536,1048576,1048576,32768,131072,131072,80,73,782,549,1775773975000,pumpswap,REPEAT
2026-04-10T02:41:57.423Z,wwzqJcBxRUDfSZQQv3R4WckkNzpSFjNHkRuzZFcJJZt,JELLYBEAN,JELLYBEAN,solana,0.00003293,,16,256,512,16384,32768,32768,,,,1,1773329155000,raydium,REPEAT
2026-04-10T02:41:57.423Z,5j9iwWiesC4vKxHWcuRaqZ1qbQJRjnmJoZKJYA2Ypump,Nostalgia ,Do you remember that one time? ,solana,0.000002546,,0,1024,1024,,2048,2048,,,,1,1775774800000,pumpfun,REPEAT
2026-04-10T02:46:57.423Z,5552z6Qp2xr596ox1UVN4ppDwwyjCfY8cXwzHMXgMcaS,MOLTING,Molting,solana,0.001375,2048,32768,131072,262144,131072,1048576,1048576,18,11,165,191,1769857955000,orca,NEW
2026-04-10T02:46:57.423Z,BBYEvoXYaWQxvWb2x4ugwAPnVTiqqoFtxHLtagf3PEPE,BABYPEPE,BABYPEPE,solana,0.00002622,512,32768,131072,131072,16384,32768,32768,5,4,764,458,1775781591000,pumpswap,REPEAT
2026-04-10T02:46:57.423Z,9YiTzXRbgoE1MtyxQ4sGF3vbdX944HNdcBmVpPQppump,umi,umi,solana,0.00003296,512,1024,8192,32768,16384,32768,32768,4,4,39,17,1774642896000,pumpswap,REPEAT
2026-04-10T02:46:57.423Z,AHFQ4tB5Fj1HTCB6sQ7MdtJf5fUHS7pdJ9sZAK3tpump,Mythos,Claude Mythos,solana,0.0002910,,16384,131072,262144,65536,262144,262144,,,92,84,1774618831000,pumpswap,REPEAT
2026-04-10T02:46:57.423Z,Fc1mGwtNZthtxfaKDLvTMJXjM2Bvyy5XtHq9Jarupump,Enough,Enough To Live,solana,0.00001052,32,2048,32768,262144,8192,8192,8192,,1,35,26,1775748691000,pumpswap,REPEAT
2026-04-10T02:46:57.423Z,7WgtNx2R5tVw98PdZuhgjbcDkEtaxyEFDxWtYQ5nbonk,Barron ,Official Barron Coin,solana,0.00008540,4096,16384,131072,262144,32768,65536,65536,30,22,672,96,1775762127000,raydium,REPEAT
2026-04-10T02:46:57.423Z,6XjY7mBgYNEV8tk6NxybMF1RdkSuWopCSHW9ejJ5DHwn,IMAGINE,Grok Imagine,solana,0.00002114,,128,512,8192,16384,16384,16384,,,2,1,1773975732000,pumpswap,REPEAT
2026-04-10T02:46:57.423Z,CmtYYjTBYxj5ExeyREFoM5gMNDo4GQ4sjrE7Vx9upump,HUNTER,HunterBidenSmokingCrackCoin,solana,0.00002631,8192,32768,65536,65536,,32768,32768,61,32,378,239,1775779065000,pumpfun,REPEAT
2026-04-10T02:46:57.423Z,9SeCSdbPzz95KomGUGEV9Shn2zGXNmMJhE9J72Hipump,Iroha,イロハ,solana,0.001112,2048,65536,262144,2097152,131072,1048576,1048576,15,16,319,263,1775525060000,pumpswap,REPEAT
2026-04-10T02:46:57.423Z,2f4sWXXaXKHuQArYh94pddb7hkGWATp9MFScy26tpump,FART,Fart,solana,0.000005880,8,8192,2097152,2097152,8192,8192,8192,,1,110,108,1775779711000,pumpswap,REPEAT
2026-04-10T02:46:57.423Z,ATgsKWXnmEyrv3BvBndyQP55Xg49RhhGgFktasv2pump,SOLTAR,Soltar,solana,0.00004381,,128,1024,2048,16384,32768,32768,,,5,3,1774183067000,pumpswap,REPEAT
2026-04-10T02:46:57.423Z,61bSahZBWZgws8HQNSV57mtASrDAN3HBT9DwQNG3Bjt,mememan,Meme Man,solana,0.0001141,1024,8192,65536,131072,32768,131072,131072,4,3,53,64,1775463353000,pumpswap,REPEAT
2026-04-10T02:46:57.423Z,2f4sWXXaXKHuQArYh94pddb7hkGWATp9MFScy26tpump,FART,Fart,solana,0.000005880,,8192,2097152,2097152,8192,8192,8192,,,105,103,1775779711000,pumpswap,REPEAT
2026-04-10T02:46:57.423Z,98t9PEJF5QvAdGhu3MuQ2ww57NkRV1Rg7evSZNFxpump,$BABYTAN,BabyTan,solana,0.000009229,8,512,4096,16384,,8192,8192,1,2,24,27,1775571529000,pumpfun,REPEAT
2026-04-10T02:46:57.423Z,3W837NEB9cwzE6Awb9iyrRBy72zaeCNy2Zcsx2Tzpump,CHITOSHI,Satoshification,solana,0.000003704,32,65536,1048576,1048576,4096,4096,4096,,7,491,1681,1775779700000,pumpswap,REPEAT
2026-04-10T02:46:57.423Z,3TYgKwkE2Y3rxdw9osLRSpxpXmSC1C1oo19W9KHspump,BULL,Bull,solana,0.001936,1024,16384,131072,1048576,131072,2097152,2097152,19,24,388,287,1774278163000,pumpswap,REPEAT
2026-04-10T02:46:57.423Z,QPXY96HU7oCpqTYV8xH17DYyjbyp6mGiGcW922Lgvpr,KACHIBI2,Kawaii Chibi V2 ,solana,0.0000001959,,1024,8192,16384,8192,16384,16384,,,3,13,1775505502000,raydium,REPEAT
2026-04-10T02:46:57.423Z,2f4sWXXaXKHuQArYh94pddb7hkGWATp9MFScy26tpump,FART,Fart,solana,0.000005880,,8192,2097152,2097152,8192,8192,8192,,,105,103,1775779711000,pumpswap,REPEAT
2026-04-10T02:46:57.423Z,H1CknM7TXz134nY5YT7KUYG6fL2Egn4ieLyzkTk7BAGS,PUNCH,パンチ,solana,0.0002491,2048,16384,131072,524288,32768,262144,262144,11,9,123,118,1775694809000,meteora,REPEAT
2026-04-10T02:46:57.423Z,xmYmMCUFuQ6mVu9yNs44KPz3ALyrntyhivueaw3pump,Sora,ソラちゃん,solana,0.00008384,8192,262144,524288,524288,16384,65536,65536,85,87,2898,2069,1775782979000,pumpswap,REPEAT
2026-04-10T02:46:57.423Z,HdB3FdEqpjnBnFDXGiBjuED2RYsVJFTqwwCY5BfhjgAx,BWT,OFFICIAL BARRON WILLIAM TRUMP,solana,0.00001893,1024,16384,524288,524288,8192,16384,16384,23,11,390,4195,1775776887000,pumpswap,REPEAT
2026-04-10T02:46:57.423Z,2AMYvN5zvXMC9ueA6vznaiaEqWrjpxHCisa2Nuc5pump,Chicky,Chicky,solana,0.0001021,128,2048,32768,65536,32768,131072,131072,2,,33,21,1774938227000,pumpswap,REPEAT
2026-04-10T02:46:57.423Z,6cfu6Qkqb4BhQ552DMJ2txLSxT7nfv7V69WhyEHTpump,Lizard ,The Waving Lizard ,solana,0.000005857,128,2048,16384,32768,,8192,8192,,1,24,26,1775728143000,pumpfun,REPEAT
2026-04-10T02:46:57.423Z,9AEtb967xTMosjp9XFhvHLhscPNYgDWc15jFAZR8pump,RƎ́V,REVÉRSÉ SOCIETY,solana,0.0001437,128,1024,4096,32768,32768,131072,131072,3,1,13,17,1775691640000,pumpswap,REPEAT
2026-04-10T02:46:57.423Z,HdB3FdEqpjnBnFDXGiBjuED2RYsVJFTqwwCY5BfhjgAx,BWT,OFFICIAL BARRON WILLIAM TRUMP,solana,0.00001893,1024,16384,524288,524288,8192,16384,16384,23,11,390,4195,1775776887000,pumpswap,REPEAT
2026-04-10T02:46:57.423Z,rG49p6sSbBsrbWbsdEhFFe15uq5nch2eSnQLV4fpump,XPX,XPXpay,solana,0.0005312,4,128,16384,131072,65536,524288,524288,,1,11,11,1775717482000,pumpswap,REPEAT
2026-04-10T02:46:57.423Z,4YiLHDR4B4pE4R5GUMA8HG8YunyeLwcobtEtvwMupump,ROCKET,ROCKET,solana,0.0003715,64,4096,32768,262144,65536,524288,524288,57,37,827,556,1775048719000,pumpswap,REPEAT
2026-04-10T02:46:57.423Z,FdUmX7zQSZgPxt1D7rtbKQisP4a2MXyejAxEnVvepump,Stoic,Stoicism ,solana,0.0001186,4096,65536,1048576,1048576,32768,131072,131072,51,43,714,523,1775773975000,pumpswap,REPEAT
2026-04-10T02:46:57.423Z,wwzqJcBxRUDfSZQQv3R4WckkNzpSFjNHkRuzZFcJJZt,JELLYBEAN,JELLYBEAN,solana,0.00003293,,,256,512,16384,32768,32768,,,,,1773329155000,raydium,REPEAT
2026-04-10T02:51:57.424Z,9wcYq6LTC4vqgAWr5VQLwsR1Rc5CyzRbcTFtNLzFpump,Daisy,Daisy,solana,0.0001143,65536,262144,262144,262144,32768,131072,131072,366,212,9064,6697,1775788309000,pumpswap,NEW
2026-04-10T02:51:57.424Z,5552z6Qp2xr596ox1UVN4ppDwwyjCfY8cXwzHMXgMcaS,MOLTING,Molting,solana,0.001296,8192,32768,131072,262144,131072,1048576,1048576,24,30,170,198,1769857955000,orca,REPEAT
2026-04-10T02:51:57.424Z,BBYEvoXYaWQxvWb2x4ugwAPnVTiqqoFtxHLtagf3PEPE,BABYPEPE,BABYPEPE,solana,0.00002573,32,32768,131072,131072,16384,32768,32768,,5,577,354,1775781591000,pumpswap,REPEAT
2026-04-10T02:51:57.424Z,9YiTzXRbgoE1MtyxQ4sGF3vbdX944HNdcBmVpPQppump,umi,umi,solana,0.00003291,64,1024,8192,32768,16384,32768,32768,2,2,40,19,1774642896000,pumpswap,REPEAT
2026-04-10T02:51:57.424Z,AHFQ4tB5Fj1HTCB6sQ7MdtJf5fUHS7pdJ9sZAK3tpump,Mythos,Claude Mythos,solana,0.0003020,2048,16384,131072,262144,65536,262144,262144,13,3,104,85,1774618831000,pumpswap,REPEAT
2026-04-10T02:51:57.424Z,Fc1mGwtNZthtxfaKDLvTMJXjM2Bvyy5XtHq9Jarupump,Enough,Enough To Live,solana,0.00001025,32,1024,32768,262144,8192,8192,8192,,3,21,28,1775748691000,pumpswap,REPEAT
2026-04-10T02:51:57.424Z,7WgtNx2R5tVw98PdZuhgjbcDkEtaxyEFDxWtYQ5nbonk,Barron ,Official Barron Coin,solana,0.00007358,2048,16384,131072,262144,32768,65536,65536,37,4,710,95,1775762127000,raydium,REPEAT
2026-04-10T02:51:57.424Z,6XjY7mBgYNEV8tk6NxybMF1RdkSuWopCSHW9ejJ5DHwn,IMAGINE,Grok Imagine,solana,0.00002114,,128,512,8192,16384,16384,16384,,,2,1,1773975732000,pumpswap,REPEAT
2026-04-10T02:51:57.424Z,CmtYYjTBYxj5ExeyREFoM5gMNDo4GQ4sjrE7Vx9upump,HUNTER,HunterBidenSmokingCrackCoin,solana,0.00002439,4096,32768,65536,65536,,32768,32768,46,48,415,277,1775779065000,pumpfun,REPEAT
2026-04-10T02:51:57.424Z,9SeCSdbPzz95KomGUGEV9Shn2zGXNmMJhE9J72Hipump,Iroha,イロハ,solana,0.001105,4096,65536,262144,2097152,65536,1048576,1048576,15,27,321,277,1775525060000,pumpswap,REPEAT
2026-04-10T02:51:57.424Z,2f4sWXXaXKHuQArYh94pddb7hkGWATp9MFScy26tpump,FART,Fart,solana,0.000005859,2,4096,2097152,2097152,8192,8192,8192,,1,81,84,1775779711000,pumpswap,REPEAT
2026-04-10T02:51:57.424Z,ATgsKWXnmEyrv3BvBndyQP55Xg49RhhGgFktasv2pump,SOLTAR,Soltar,solana,0.00004381,,64,1024,2048,16384,32768,32768,,,5,1,1774183067000,pumpswap,REPEAT
2026-04-10T02:51:57.424Z,61bSahZBWZgws8HQNSV57mtASrDAN3HBT9DwQNG3Bjt,mememan,Meme Man,solana,0.0001090,512,8192,65536,131072,32768,131072,131072,4,4,52,60,1775463353000,pumpswap,REPEAT
2026-04-10T02:51:57.424Z,2f4sWXXaXKHuQArYh94pddb7hkGWATp9MFScy26tpump,FART,Fart,solana,0.000005859,2,4096,2097152,2097152,8192,8192,8192,,1,77,81,1775779711000,pumpswap,REPEAT
2026-04-10T02:51:57.424Z,98t9PEJF5QvAdGhu3MuQ2ww57NkRV1Rg7evSZNFxpump,$BABYTAN,BabyTan,solana,0.000009229,,512,4096,16384,,8192,8192,,,24,26,1775571529000,pumpfun,REPEAT
2026-04-10T02:51:57.424Z,3W837NEB9cwzE6Awb9iyrRBy72zaeCNy2Zcsx2Tzpump,CHITOSHI,Satoshification,solana,0.000003744,2,32768,1048576,1048576,4096,4096,4096,1,,187,1448,1775779700000,pumpswap,REPEAT
2026-04-10T02:51:57.424Z,3TYgKwkE2Y3rxdw9osLRSpxpXmSC1C1oo19W9KHspump,BULL,Bull,solana,0.001911,2048,16384,131072,1048576,131072,2097152,2097152,58,26,385,295,1774278163000,pumpswap,REPEAT
2026-04-10T02:51:57.424Z,QPXY96HU7oCpqTYV8xH17DYyjbyp6mGiGcW922Lgvpr,KACHIBI2,Kawaii Chibi V2 ,solana,0.0000001955,1,1024,8192,16384,8192,16384,16384,,1,3,13,1775505502000,raydium,REPEAT
2026-04-10T02:51:57.424Z,2f4sWXXaXKHuQArYh94pddb7hkGWATp9MFScy26tpump,FART,Fart,solana,0.000005859,2,4096,2097152,2097152,8192,8192,8192,,1,77,81,1775779711000,pumpswap,REPEAT
2026-04-10T02:51:57.424Z,H1CknM7TXz134nY5YT7KUYG6fL2Egn4ieLyzkTk7BAGS,PUNCH,パンチ,solana,0.0002491,4096,16384,131072,524288,32768,262144,262144,42,22,155,133,1775694809000,meteora,REPEAT
2026-04-10T02:51:57.424Z,xmYmMCUFuQ6mVu9yNs44KPz3ALyrntyhivueaw3pump,Sora,ソラちゃん,solana,0.00007983,4096,262144,524288,524288,16384,65536,65536,58,28,2559,1773,1775782979000,pumpswap,REPEAT
2026-04-10T02:51:57.424Z,HdB3FdEqpjnBnFDXGiBjuED2RYsVJFTqwwCY5BfhjgAx,BWT,OFFICIAL BARRON WILLIAM TRUMP,solana,0.00001782,2048,16384,524288,524288,8192,16384,16384,27,9,378,3670,1775776887000,pumpswap,REPEAT
2026-04-10T02:51:57.424Z,2AMYvN5zvXMC9ueA6vznaiaEqWrjpxHCisa2Nuc5pump,Chicky,Chicky,solana,0.00009987,128,2048,32768,65536,32768,131072,131072,,2,33,22,1774938227000,pumpswap,REPEAT
2026-04-10T02:51:57.424Z,6cfu6Qkqb4BhQ552DMJ2txLSxT7nfv7V69WhyEHTpump,Lizard ,The Waving Lizard ,solana,0.000006303,128,2048,16384,32768,,8192,8192,2,,19,26,1775728143000,pumpfun,REPEAT
2026-04-10T02:51:57.424Z,9AEtb967xTMosjp9XFhvHLhscPNYgDWc15jFAZR8pump,RƎ́V,REVÉRSÉ SOCIETY,solana,0.0001538,512,1024,8192,32768,32768,131072,131072,8,1,21,17,1775691640000,pumpswap,REPEAT
2026-04-10T02:51:57.424Z,HdB3FdEqpjnBnFDXGiBjuED2RYsVJFTqwwCY5BfhjgAx,BWT,OFFICIAL BARRON WILLIAM TRUMP,solana,0.00001782,2048,16384,524288,524288,8192,16384,16384,27,9,378,3670,1775776887000,pumpswap,REPEAT
2026-04-10T02:51:57.424Z,rG49p6sSbBsrbWbsdEhFFe15uq5nch2eSnQLV4fpump,XPX,XPXpay,solana,0.0005310,32,128,16384,131072,65536,524288,524288,1,1,11,10,1775717482000,pumpswap,REPEAT
2026-04-10T02:51:57.424Z,4YiLHDR4B4pE4R5GUMA8HG8YunyeLwcobtEtvwMupump,ROCKET,ROCKET,solana,0.0003667,512,4096,32768,262144,65536,262144,262144,46,35,807,545,1775048719000,pumpswap,REPEAT
2026-04-10T02:51:57.424Z,FdUmX7zQSZgPxt1D7rtbKQisP4a2MXyejAxEnVvepump,Stoic,Stoicism ,solana,0.0001357,4096,65536,1048576,1048576,32768,131072,131072,48,31,667,503,1775773975000,pumpswap,REPEAT
2026-04-10T02:56:57.425Z,9wcYq6LTC4vqgAWr5VQLwsR1Rc5CyzRbcTFtNLzFpump,Daisy,Daisy,solana,0.0001048,65536,262144,262144,262144,32768,131072,131072,504,296,9614,7028,1775788309000,pumpswap,REPEAT
2026-04-10T02:56:57.425Z,5552z6Qp2xr596ox1UVN4ppDwwyjCfY8cXwzHMXgMcaS,MOLTING,Molting,solana,0.001349,2048,32768,131072,262144,131072,1048576,1048576,22,7,175,197,1769857955000,orca,REPEAT
2026-04-10T02:56:57.425Z,BBYEvoXYaWQxvWb2x4ugwAPnVTiqqoFtxHLtagf3PEPE,BABYPEPE,BABYPEPE,solana,0.00002763,1024,16384,131072,131072,16384,32768,32768,7,4,416,256,1775781591000,pumpswap,REPEAT
2026-04-10T02:56:57.425Z,9YiTzXRbgoE1MtyxQ4sGF3vbdX944HNdcBmVpPQppump,umi,umi,solana,0.00003284,64,1024,8192,32768,16384,32768,32768,2,2,42,18,1774642896000,pumpswap,REPEAT
2026-04-10T02:56:57.425Z,AHFQ4tB5Fj1HTCB6sQ7MdtJf5fUHS7pdJ9sZAK3tpump,Mythos,Claude Mythos,solana,0.0003086,512,16384,131072,262144,65536,262144,262144,26,11,127,95,1774618831000,pumpswap,REPEAT
2026-04-10T02:56:57.425Z,Fc1mGwtNZthtxfaKDLvTMJXjM2Bvyy5XtHq9Jarupump,Enough,Enough To Live,solana,0.00001036,8,1024,32768,262144,8192,8192,8192,1,,20,24,1775748691000,pumpswap,REPEAT
2026-04-10T02:56:57.425Z,7WgtNx2R5tVw98PdZuhgjbcDkEtaxyEFDxWtYQ5nbonk,Barron ,Official Barron Coin,solana,0.00007143,512,16384,131072,262144,32768,65536,65536,10,6,717,97,1775762127000,raydium,REPEAT
2026-04-10T02:56:57.425Z,6XjY7mBgYNEV8tk6NxybMF1RdkSuWopCSHW9ejJ5DHwn,IMAGINE,Grok Imagine,solana,0.00002114,,128,512,8192,16384,16384,16384,,,2,1,1773975732000,pumpswap,REPEAT
2026-04-10T02:56:57.425Z,CmtYYjTBYxj5ExeyREFoM5gMNDo4GQ4sjrE7Vx9upump,HUNTER,HunterBidenSmokingCrackCoin,solana,0.00002058,1024,32768,65536,65536,,16384,16384,14,45,424,314,1775779065000,pumpfun,REPEAT
2026-04-10T02:56:57.425Z,9SeCSdbPzz95KomGUGEV9Shn2zGXNmMJhE9J72Hipump,Iroha,イロハ,solana,0.001045,2048,65536,262144,2097152,65536,1048576,1048576,18,14,312,268,1775525060000,pumpswap,REPEAT
2026-04-10T02:56:57.425Z,2f4sWXXaXKHuQArYh94pddb7hkGWATp9MFScy26tpump,FART,Fart,solana,0.000005859,,4096,2097152,2097152,8192,8192,8192,,,71,69,1775779711000,pumpswap,REPEAT
2026-04-10T02:56:57.425Z,ATgsKWXnmEyrv3BvBndyQP55Xg49RhhGgFktasv2pump,SOLTAR,Soltar,solana,0.00004381,,64,1024,2048,16384,32768,32768,,,5,1,1774183067000,pumpswap,REPEAT
2026-04-10T02:56:57.425Z,61bSahZBWZgws8HQNSV57mtASrDAN3HBT9DwQNG3Bjt,mememan,Meme Man,solana,0.0001180,512,8192,65536,131072,32768,131072,131072,19,1,63,55,1775463353000,pumpswap,REPEAT
2026-04-10T02:56:57.425Z,2f4sWXXaXKHuQArYh94pddb7hkGWATp9MFScy26tpump,FART,Fart,solana,0.000005859,,4096,2097152,2097152,8192,8192,8192,,,70,67,1775779711000,pumpswap,REPEAT
2026-04-10T02:56:57.425Z,98t9PEJF5QvAdGhu3MuQ2ww57NkRV1Rg7evSZNFxpump,$BABYTAN,BabyTan,solana,0.000009229,,512,4096,16384,,8192,8192,,,23,25,1775571529000,pumpfun,REPEAT
2026-04-10T02:56:57.425Z,3W837NEB9cwzE6Awb9iyrRBy72zaeCNy2Zcsx2Tzpump,CHITOSHI,Satoshification,solana,0.000003624,32,2048,1048576,1048576,4096,4096,4096,,4,76,94,1775779700000,pumpswap,REPEAT
2026-04-10T02:56:57.425Z,3TYgKwkE2Y3rxdw9osLRSpxpXmSC1C1oo19W9KHspump,BULL,Bull,solana,0.001933,1024,16384,131072,1048576,131072,2097152,2097152,99,22,462,294,1774278163000,pumpswap,REPEAT
2026-04-10T02:56:57.425Z,QPXY96HU7oCpqTYV8xH17DYyjbyp6mGiGcW922Lgvpr,KACHIBI2,Kawaii Chibi V2 ,solana,0.0000001952,,32,8192,16384,8192,16384,16384,,2,3,13,1775505502000,raydium,REPEAT
2026-04-10T02:56:57.425Z,2f4sWXXaXKHuQArYh94pddb7hkGWATp9MFScy26tpump,FART,Fart,solana,0.000005859,,4096,2097152,2097152,8192,8192,8192,,,70,67,1775779711000,pumpswap,REPEAT
2026-04-10T02:56:57.425Z,H1CknM7TXz134nY5YT7KUYG6fL2Egn4ieLyzkTk7BAGS,PUNCH,パンチ,solana,0.0003319,8192,32768,131072,524288,32768,262144,262144,56,43,206,170,1775694809000,meteora,REPEAT
2026-04-10T02:56:57.425Z,xmYmMCUFuQ6mVu9yNs44KPz3ALyrntyhivueaw3pump,Sora,ソラちゃん,solana,0.00005386,16384,262144,524288,524288,16384,65536,65536,190,133,2445,1712,1775782979000,pumpswap,REPEAT
2026-04-10T02:56:57.425Z,HdB3FdEqpjnBnFDXGiBjuED2RYsVJFTqwwCY5BfhjgAx,BWT,OFFICIAL BARRON WILLIAM TRUMP,solana,0.00001644,1024,16384,524288,524288,8192,16384,16384,27,17,364,3263,1775776887000,pumpswap,REPEAT
2026-04-10T02:56:57.425Z,2AMYvN5zvXMC9ueA6vznaiaEqWrjpxHCisa2Nuc5pump,Chicky,Chicky,solana,0.0001031,256,4096,32768,65536,32768,131072,131072,3,1,36,20,1774938227000,pumpswap,REPEAT
2026-04-10T02:56:57.425Z,6cfu6Qkqb4BhQ552DMJ2txLSxT7nfv7V69WhyEHTpump,Lizard ,The Waving Lizard ,solana,0.000006291,2,2048,16384,32768,,8192,8192,1,,20,21,1775728143000,pumpfun,REPEAT
2026-04-10T02:56:57.425Z,9AEtb967xTMosjp9XFhvHLhscPNYgDWc15jFAZR8pump,RƎ́V,REVÉRSÉ SOCIETY,solana,0.0001510,128,1024,8192,32768,32768,131072,131072,3,2,21,15,1775691640000,pumpswap,REPEAT
2026-04-10T02:56:57.425Z,HdB3FdEqpjnBnFDXGiBjuED2RYsVJFTqwwCY5BfhjgAx,BWT,OFFICIAL BARRON WILLIAM TRUMP,solana,0.00001603,1024,16384,524288,524288,8192,16384,16384,18,14,351,3158,1775776887000,pumpswap,REPEAT
2026-04-10T02:56:57.425Z,rG49p6sSbBsrbWbsdEhFFe15uq5nch2eSnQLV4fpump,XPX,XPXpay,solana,0.0005310,,128,16384,131072,65536,524288,524288,,,11,10,1775717482000,pumpswap,REPEAT
2026-04-10T02:56:57.425Z,4YiLHDR4B4pE4R5GUMA8HG8YunyeLwcobtEtvwMupump,ROCKET,ROCKET,solana,0.0003477,4096,8192,32768,262144,65536,262144,262144,67,43,820,553,1775048719000,pumpswap,REPEAT
2026-04-10T02:56:57.425Z,FdUmX7zQSZgPxt1D7rtbKQisP4a2MXyejAxEnVvepump,Stoic,Stoicism ,solana,0.0001514,8192,65536,1048576,1048576,32768,131072,131072,93,78,724,561,1775773975000,pumpswap,REPEAT
2026-04-10T03:01:57.425Z,9wcYq6LTC4vqgAWr5VQLwsR1Rc5CyzRbcTFtNLzFpump,Daisy,Daisy,solana,0.0001050,131072,524288,524288,524288,32768,131072,131072,634,311,10298,7375,1775788309000,pumpswap,REPEAT
2026-04-10T03:01:57.425Z,5552z6Qp2xr596ox1UVN4ppDwwyjCfY8cXwzHMXgMcaS,MOLTING,Molting,solana,0.001354,512,32768,131072,262144,131072,1048576,1048576,11,6,162,186,1769857955000,orca,REPEAT
2026-04-10T03:01:57.425Z,BBYEvoXYaWQxvWb2x4ugwAPnVTiqqoFtxHLtagf3PEPE,BABYPEPE,BABYPEPE,solana,0.00002999,128,16384,131072,131072,16384,32768,32768,8,,262,163,1775781591000,pumpswap,REPEAT
2026-04-10T03:01:57.425Z,9YiTzXRbgoE1MtyxQ4sGF3vbdX944HNdcBmVpPQppump,umi,umi,solana,0.00003287,64,2048,8192,32768,16384,32768,32768,2,3,46,22,1774642896000,pumpswap,REPEAT
2026-04-10T03:01:57.425Z,AHFQ4tB5Fj1HTCB6sQ7MdtJf5fUHS7pdJ9sZAK3tpump,Mythos,Claude Mythos,solana,0.0003229,1024,16384,131072,262144,65536,262144,262144,5,5,129,96,1774618831000,pumpswap,REPEAT
2026-04-10T03:01:57.425Z,Fc1mGwtNZthtxfaKDLvTMJXjM2Bvyy5XtHq9Jarupump,Enough,Enough To Live,solana,0.00001145,256,1024,32768,262144,8192,8192,8192,15,1,34,25,1775748691000,pumpswap,REPEAT
2026-04-10T03:01:57.425Z,7WgtNx2R5tVw98PdZuhgjbcDkEtaxyEFDxWtYQ5nbonk,Barron ,Official Barron Coin,solana,0.00007180,512,16384,131072,262144,32768,65536,65536,11,6,727,98,1775762127000,raydium,REPEAT
2026-04-10T03:01:57.425Z,6XjY7mBgYNEV8tk6NxybMF1RdkSuWopCSHW9ejJ5DHwn,IMAGINE,Grok Imagine,solana,0.00002114,,64,512,8192,16384,16384,16384,,,1,1,1773975732000,pumpswap,REPEAT
2026-04-10T03:01:57.425Z,CmtYYjTBYxj5ExeyREFoM5gMNDo4GQ4sjrE7Vx9upump,HUNTER,HunterBidenSmokingCrackCoin,solana,0.00002185,2048,32768,65536,65536,,16384,16384,23,14,442,323,1775779065000,pumpfun,REPEAT
2026-04-10T03:01:57.425Z,9SeCSdbPzz95KomGUGEV9Shn2zGXNmMJhE9J72Hipump,Iroha,イロハ,solana,0.001085,2048,65536,262144,2097152,65536,1048576,1048576,16,12,314,251,1775525060000,pumpswap,REPEAT
2026-04-10T03:01:57.425Z,2f4sWXXaXKHuQArYh94pddb7hkGWATp9MFScy26tpump,FART,Fart,solana,0.000005841,4,4096,2097152,2097152,8192,8192,8192,,2,56,54,1775779711000,pumpswap,REPEAT
2026-04-10T03:01:57.425Z,ATgsKWXnmEyrv3BvBndyQP55Xg49RhhGgFktasv2pump,SOLTAR,Soltar,solana,0.00004393,32,64,2048,2048,16384,32768,32768,2,,5,1,1774183067000,pumpswap,REPEAT
2026-04-10T03:01:57.425Z,61bSahZBWZgws8HQNSV57mtASrDAN3HBT9DwQNG3Bjt,mememan,Meme Man,solana,0.0001086,512,8192,65536,131072,32768,131072,131072,3,3,61,53,1775463353000,pumpswap,REPEAT
2026-04-10T03:01:57.425Z,2f4sWXXaXKHuQArYh94pddb7hkGWATp9MFScy26tpump,FART,Fart,solana,0.000005841,4,4096,2097152,2097152,8192,8192,8192,,2,56,54,1775779711000,pumpswap,REPEAT
2026-04-10T03:01:57.425Z,98t9PEJF5QvAdGhu3MuQ2ww57NkRV1Rg7evSZNFxpump,$BABYTAN,BabyTan,solana,0.000009193,4,512,4096,16384,,8192,8192,,1,21,25,1775571529000,pumpfun,REPEAT
2026-04-10T03:01:57.425Z,3W837NEB9cwzE6Awb9iyrRBy72zaeCNy2Zcsx2Tzpump,CHITOSHI,Satoshification,solana,0.000003471,64,1024,1048576,1048576,4096,4096,4096,,4,32,73,1775779700000,pumpswap,REPEAT
2026-04-10T03:01:57.425Z,3TYgKwkE2Y3rxdw9osLRSpxpXmSC1C1oo19W9KHspump,BULL,Bull,solana,0.001905,2048,16384,131072,1048576,131072,2097152,2097152,59,28,502,301,1774278163000,pumpswap,REPEAT
2026-04-10T03:01:57.425Z,QPXY96HU7oCpqTYV8xH17DYyjbyp6mGiGcW922Lgvpr,KACHIBI2,Kawaii Chibi V2 ,solana,0.0000001952,,32,8192,16384,8192,16384,16384,,,3,11,1775505502000,raydium,REPEAT
2026-04-10T03:01:57.425Z,2f4sWXXaXKHuQArYh94pddb7hkGWATp9MFScy26tpump,FART,Fart,solana,0.000005841,4,4096,2097152,2097152,8192,8192,8192,,2,50,51,1775779711000,pumpswap,REPEAT
2026-04-10T03:01:57.425Z,H1CknM7TXz134nY5YT7KUYG6fL2Egn4ieLyzkTk7BAGS,PUNCH,パンチ,solana,0.0002825,8192,32768,131072,524288,32768,262144,262144,41,17,262,198,1775694809000,meteora,REPEAT
2026-04-10T03:01:57.425Z,xmYmMCUFuQ6mVu9yNs44KPz3ALyrntyhivueaw3pump,Sora,ソラちゃん,solana,0.00008850,16384,262144,524288,524288,32768,65536,65536,204,121,2325,1629,1775782979000,pumpswap,REPEAT
2026-04-10T03:01:57.425Z,HdB3FdEqpjnBnFDXGiBjuED2RYsVJFTqwwCY5BfhjgAx,BWT,OFFICIAL BARRON WILLIAM TRUMP,solana,0.00001568,256,8192,524288,524288,8192,16384,16384,6,8,300,2735,1775776887000,pumpswap,REPEAT
2026-04-10T03:01:57.425Z,2AMYvN5zvXMC9ueA6vznaiaEqWrjpxHCisa2Nuc5pump,Chicky,Chicky,solana,0.0001014,64,4096,16384,65536,32768,131072,131072,,1,36,21,1774938227000,pumpswap,REPEAT
2026-04-10T03:01:57.425Z,6cfu6Qkqb4BhQ552DMJ2txLSxT7nfv7V69WhyEHTpump,Lizard ,The Waving Lizard ,solana,0.000006306,4,2048,16384,32768,,8192,8192,1,1,19,20,1775728143000,pumpfun,REPEAT
2026-04-10T03:01:57.425Z,9AEtb967xTMosjp9XFhvHLhscPNYgDWc15jFAZR8pump,RƎ́V,REVÉRSÉ SOCIETY,solana,0.0001506,32,1024,8192,32768,32768,131072,131072,,1,19,13,1775691640000,pumpswap,REPEAT
2026-04-10T03:01:57.425Z,HdB3FdEqpjnBnFDXGiBjuED2RYsVJFTqwwCY5BfhjgAx,BWT,OFFICIAL BARRON WILLIAM TRUMP,solana,0.00001568,128,8192,524288,524288,8192,16384,16384,4,5,274,2634,1775776887000,pumpswap,REPEAT
2026-04-10T03:01:57.425Z,rG49p6sSbBsrbWbsdEhFFe15uq5nch2eSnQLV4fpump,XPX,XPXpay,solana,0.0005310,,128,16384,131072,65536,524288,524288,,,10,8,1775717482000,pumpswap,REPEAT
2026-04-10T03:01:57.425Z,4YiLHDR4B4pE4R5GUMA8HG8YunyeLwcobtEtvwMupump,ROCKET,ROCKET,solana,0.0003545,1024,8192,32768,262144,65536,262144,262144,60,41,827,565,1775048719000,pumpswap,REPEAT
2026-04-10T03:01:57.425Z,FdUmX7zQSZgPxt1D7rtbKQisP4a2MXyejAxEnVvepump,Stoic,Stoicism ,solana,0.0001372,4096,65536,1048576,1048576,32768,131072,131072,57,39,722,537,1775773975000,pumpswap,REPEAT
2026-04-10T03:06:57.426Z,9wcYq6LTC4vqgAWr5VQLwsR1Rc5CyzRbcTFtNLzFpump,Daisy,Daisy,solana,0.0001204,65536,524288,524288,524288,32768,131072,131072,448,254,10793,7657,1775788309000,pumpswap,REPEAT
2026-04-10T03:06:57.426Z,5552z6Qp2xr596ox1UVN4ppDwwyjCfY8cXwzHMXgMcaS,MOLTING,Molting,solana,0.001340,1024,16384,131072,262144,131072,1048576,1048576,11,13,153,161,1769857955000,orca,REPEAT
2026-04-10T03:06:57.426Z,BBYEvoXYaWQxvWb2x4ugwAPnVTiqqoFtxHLtagf3PEPE,BABYPEPE,BABYPEPE,solana,0.00002916,64,8192,131072,131072,16384,32768,32768,1,5,97,76,1775781591000,pumpswap,REPEAT
2026-04-10T03:06:57.426Z,9YiTzXRbgoE1MtyxQ4sGF3vbdX944HNdcBmVpPQppump,umi,umi,solana,0.00003293,64,2048,4096,32768,16384,32768,32768,2,2,45,23,1774642896000,pumpswap,REPEAT
2026-04-10T03:06:57.426Z,AHFQ4tB5Fj1HTCB6sQ7MdtJf5fUHS7pdJ9sZAK3tpump,Mythos,Claude Mythos,solana,0.0002919,2048,16384,131072,262144,65536,262144,262144,8,10,137,106,1774618831000,pumpswap,REPEAT
2026-04-10T03:06:57.426Z,Fc1mGwtNZthtxfaKDLvTMJXjM2Bvyy5XtHq9Jarupump,Enough,Enough To Live,solana,0.00001123,128,1024,32768,262144,8192,8192,8192,3,2,37,20,1775748691000,pumpswap,REPEAT
2026-04-10T03:06:57.426Z,7WgtNx2R5tVw98PdZuhgjbcDkEtaxyEFDxWtYQ5nbonk,Barron ,Official Barron Coin,solana,0.00007127,256,16384,131072,262144,32768,65536,65536,10,3,189,96,1775762127000,raydium,REPEAT
2026-04-10T03:06:57.426Z,6XjY7mBgYNEV8tk6NxybMF1RdkSuWopCSHW9ejJ5DHwn,IMAGINE,Grok Imagine,solana,0.00002114,,32,512,8192,16384,16384,16384,,,,1,1773975732000,pumpswap,REPEAT
2026-04-10T03:06:57.426Z,CmtYYjTBYxj5ExeyREFoM5gMNDo4GQ4sjrE7Vx9upump,HUNTER,HunterBidenSmokingCrackCoin,solana,0.00002029,2048,32768,65536,65536,,16384,16384,27,11,434,328,1775779065000,pumpfun,REPEAT
2026-04-10T03:06:57.426Z,9SeCSdbPzz95KomGUGEV9Shn2zGXNmMJhE9J72Hipump,Iroha,イロハ,solana,0.001065,512,65536,262144,2097152,65536,1048576,1048576,13,6,315,242,1775525060000,pumpswap,REPEAT
2026-04-10T03:06:57.426Z,2f4sWXXaXKHuQArYh94pddb7hkGWATp9MFScy26tpump,FART,Fart,solana,0.000006132,64,2048,2097152,2097152,8192,8192,8192,4,2,45,40,1775779711000,pumpswap,REPEAT
2026-04-10T03:06:57.426Z,ATgsKWXnmEyrv3BvBndyQP55Xg49RhhGgFktasv2pump,SOLTAR,Soltar,solana,0.00004393,,64,2048,2048,16384,32768,32768,,,5,1,1774183067000,pumpswap,REPEAT
2026-04-10T03:06:57.426Z,61bSahZBWZgws8HQNSV57mtASrDAN3HBT9DwQNG3Bjt,mememan,Meme Man,solana,0.0001125,256,4096,65536,131072,32768,131072,131072,10,2,57,51,1775463353000,pumpswap,REPEAT
2026-04-10T03:06:57.426Z,2f4sWXXaXKHuQArYh94pddb7hkGWATp9MFScy26tpump,FART,Fart,solana,0.000006132,64,2048,2097152,2097152,8192,8192,8192,4,2,45,40,1775779711000,pumpswap,REPEAT
2026-04-10T03:06:57.426Z,98t9PEJF5QvAdGhu3MuQ2ww57NkRV1Rg7evSZNFxpump,$BABYTAN,BabyTan,solana,0.000009270,32,128,4096,16384,,8192,8192,1,1,22,20,1775571529000,pumpfun,REPEAT
2026-04-10T03:06:57.426Z,3W837NEB9cwzE6Awb9iyrRBy72zaeCNy2Zcsx2Tzpump,CHITOSHI,Satoshification,solana,0.000003482,64,512,1048576,1048576,4096,4096,4096,3,1,19,54,1775779700000,pumpswap,REPEAT
2026-04-10T03:06:57.426Z,3TYgKwkE2Y3rxdw9osLRSpxpXmSC1C1oo19W9KHspump,BULL,Bull,solana,0.001932,2048,16384,131072,1048576,131072,2097152,2097152,60,22,497,302,1774278163000,pumpswap,REPEAT
2026-04-10T03:06:57.426Z,QPXY96HU7oCpqTYV8xH17DYyjbyp6mGiGcW922Lgvpr,KACHIBI2,Kawaii Chibi V2 ,solana,0.0000001952,,16,8192,16384,8192,16384,16384,,,2,8,1775505502000,raydium,REPEAT
2026-04-10T03:06:57.426Z,2f4sWXXaXKHuQArYh94pddb7hkGWATp9MFScy26tpump,FART,Fart,solana,0.000006258,128,2048,2097152,2097152,8192,8192,8192,5,,44,37,1775779711000,pumpswap,REPEAT
2026-04-10T03:06:57.426Z,H1CknM7TXz134nY5YT7KUYG6fL2Egn4ieLyzkTk7BAGS,PUNCH,パンチ,solana,0.0003103,4096,32768,131072,524288,32768,262144,262144,25,13,295,211,1775694809000,meteora,REPEAT
2026-04-10T03:06:57.426Z,xmYmMCUFuQ6mVu9yNs44KPz3ALyrntyhivueaw3pump,Sora,ソラちゃん,solana,0.00008929,16384,262144,524288,524288,32768,65536,65536,192,120,2324,1587,1775782979000,pumpswap,REPEAT
2026-04-10T03:06:57.426Z,HdB3FdEqpjnBnFDXGiBjuED2RYsVJFTqwwCY5BfhjgAx,BWT,OFFICIAL BARRON WILLIAM TRUMP,solana,0.00001488,512,8192,524288,524288,8192,16384,16384,9,6,253,2194,1775776887000,pumpswap,REPEAT
2026-04-10T03:06:57.426Z,2AMYvN5zvXMC9ueA6vznaiaEqWrjpxHCisa2Nuc5pump,Chicky,Chicky,solana,0.0001000,64,4096,16384,65536,32768,131072,131072,,1,34,23,1774938227000,pumpswap,REPEAT
2026-04-10T03:06:57.426Z,6cfu6Qkqb4BhQ552DMJ2txLSxT7nfv7V69WhyEHTpump,Lizard ,The Waving Lizard ,solana,0.000005229,512,2048,16384,32768,,4096,4096,,2,9,19,1775728143000,pumpfun,REPEAT
2026-04-10T03:06:57.426Z,9AEtb967xTMosjp9XFhvHLhscPNYgDWc15jFAZR8pump,RƎ́V,REVÉRSÉ SOCIETY,solana,0.0001523,64,1024,8192,32768,32768,131072,131072,3,2,20,13,1775691640000,pumpswap,REPEAT
2026-04-10T03:06:57.426Z,HdB3FdEqpjnBnFDXGiBjuED2RYsVJFTqwwCY5BfhjgAx,BWT,OFFICIAL BARRON WILLIAM TRUMP,solana,0.00001488,512,8192,524288,524288,8192,16384,16384,8,6,243,2087,1775776887000,pumpswap,REPEAT
2026-04-10T03:06:57.426Z,rG49p6sSbBsrbWbsdEhFFe15uq5nch2eSnQLV4fpump,XPX,XPXpay,solana,0.0005366,16,128,16384,131072,65536,524288,524288,1,,10,8,1775717482000,pumpswap,REPEAT
2026-04-10T03:06:57.426Z,4YiLHDR4B4pE4R5GUMA8HG8YunyeLwcobtEtvwMupump,ROCKET,ROCKET,solana,0.0003666,256,8192,32768,262144,65536,262144,262144,56,34,826,571,1775048719000,pumpswap,REPEAT
2026-04-10T03:06:57.426Z,FdUmX7zQSZgPxt1D7rtbKQisP4a2MXyejAxEnVvepump,Stoic,Stoicism ,solana,0.0001326,2048,65536,1048576,1048576,32768,131072,131072,49,23,728,529,1775773975000,pumpswap,REPEAT
2026-04-10T03:11:57.427Z,9wcYq6LTC4vqgAWr5VQLwsR1Rc5CyzRbcTFtNLzFpump,Daisy,Daisy,solana,0.0001128,4096,524288,524288,524288,32768,131072,131072,101,105,10926,7773,1775788309000,pumpswap,REPEAT
2026-04-10T03:11:57.427Z,5552z6Qp2xr596ox1UVN4ppDwwyjCfY8cXwzHMXgMcaS,MOLTING,Molting,solana,0.001308,512,16384,131072,262144,131072,1048576,1048576,4,12,145,168,1769857955000,orca,REPEAT
2026-04-10T03:11:57.427Z,BBYEvoXYaWQxvWb2x4ugwAPnVTiqqoFtxHLtagf3PEPE,BABYPEPE,BABYPEPE,solana,0.00002911,128,4096,131072,131072,16384,32768,32768,2,5,53,58,1775781591000,pumpswap,REPEAT
2026-04-10T03:11:57.427Z,9YiTzXRbgoE1MtyxQ4sGF3vbdX944HNdcBmVpPQppump,umi,umi,solana,0.00003308,256,2048,4096,32768,16384,32768,32768,5,6,50,29,1774642896000,pumpswap,REPEAT
2026-04-10T03:11:57.427Z,AHFQ4tB5Fj1HTCB6sQ7MdtJf5fUHS7pdJ9sZAK3tpump,Mythos,Claude Mythos,solana,0.0002834,512,16384,131072,262144,32768,262144,262144,1,4,134,108,1774618831000,pumpswap,REPEAT
2026-04-10T03:11:57.427Z,Fc1mGwtNZthtxfaKDLvTMJXjM2Bvyy5XtHq9Jarupump,Enough,Enough To Live,solana,0.00001110,512,2048,32768,262144,8192,8192,8192,10,8,47,28,1775748691000,pumpswap,REPEAT
2026-04-10T03:11:57.427Z,7WgtNx2R5tVw98PdZuhgjbcDkEtaxyEFDxWtYQ5nbonk,Barron ,Official Barron Coin,solana,0.00007169,32,16384,131072,262144,32768,65536,65536,4,1,178,90,1775762127000,raydium,REPEAT
2026-04-10T03:11:57.427Z,6XjY7mBgYNEV8tk6NxybMF1RdkSuWopCSHW9ejJ5DHwn,IMAGINE,Grok Imagine,solana,0.00002095,0,32,512,8192,16384,16384,16384,,1,,2,1773975732000,pumpswap,REPEAT
2026-04-10T03:11:57.427Z,CmtYYjTBYxj5ExeyREFoM5gMNDo4GQ4sjrE7Vx9upump,HUNTER,HunterBidenSmokingCrackCoin,solana,0.00002201,1024,32768,65536,65536,,16384,16384,25,11,418,316,1775779065000,pumpfun,REPEAT
2026-04-10T03:11:57.427Z,9SeCSdbPzz95KomGUGEV9Shn2zGXNmMJhE9J72Hipump,Iroha,イロハ,solana,0.0009404,16384,65536,262144,2097152,65536,1048576,1048576,105,32,410,264,1775525060000,pumpswap,REPEAT
2026-04-10T03:11:57.427Z,2f4sWXXaXKHuQArYh94pddb7hkGWATp9MFScy26tpump,FART,Fart,solana,0.000006127,32,1024,2097152,2097152,8192,8192,8192,,2,34,27,1775779711000,pumpswap,REPEAT
2026-04-10T03:11:57.427Z,ATgsKWXnmEyrv3BvBndyQP55Xg49RhhGgFktasv2pump,SOLTAR,Soltar,solana,0.00004393,,64,2048,2048,16384,32768,32768,,,5,1,1774183067000,pumpswap,REPEAT
2026-04-10T03:11:57.427Z,61bSahZBWZgws8HQNSV57mtASrDAN3HBT9DwQNG3Bjt,mememan,Meme Man,solana,0.0001139,256,4096,65536,131072,32768,131072,131072,9,1,59,46,1775463353000,pumpswap,REPEAT
2026-04-10T03:11:57.427Z,2f4sWXXaXKHuQArYh94pddb7hkGWATp9MFScy26tpump,FART,Fart,solana,0.000006127,32,1024,2097152,2097152,8192,8192,8192,,2,34,27,1775779711000,pumpswap,REPEAT
2026-04-10T03:11:57.427Z,98t9PEJF5QvAdGhu3MuQ2ww57NkRV1Rg7evSZNFxpump,$BABYTAN,BabyTan,solana,0.000009270,,128,4096,16384,,8192,8192,,,21,20,1775571529000,pumpfun,REPEAT
2026-04-10T03:11:57.427Z,3W837NEB9cwzE6Awb9iyrRBy72zaeCNy2Zcsx2Tzpump,CHITOSHI,Satoshification,solana,0.000003482,,512,1048576,1048576,4096,4096,4096,,,15,41,1775779700000,pumpswap,REPEAT
2026-04-10T03:11:57.427Z,3TYgKwkE2Y3rxdw9osLRSpxpXmSC1C1oo19W9KHspump,BULL,Bull,solana,0.001915,1024,16384,131072,1048576,131072,2097152,2097152,16,21,493,298,1774278163000,pumpswap,REPEAT
2026-04-10T03:11:57.427Z,QPXY96HU7oCpqTYV8xH17DYyjbyp6mGiGcW922Lgvpr,KACHIBI2,Kawaii Chibi V2 ,solana,0.0000001952,,16,8192,16384,8192,16384,16384,,,2,7,1775505502000,raydium,REPEAT
2026-04-10T03:11:57.427Z,2f4sWXXaXKHuQArYh94pddb7hkGWATp9MFScy26tpump,FART,Fart,solana,0.000006047,32,1024,2097152,2097152,8192,8192,8192,,2,31,28,1775779711000,pumpswap,REPEAT
2026-04-10T03:11:57.427Z,H1CknM7TXz134nY5YT7KUYG6fL2Egn4ieLyzkTk7BAGS,PUNCH,パンチ,solana,0.0003097,4096,32768,131072,524288,32768,262144,262144,26,18,310,216,1775694809000,meteora,REPEAT
2026-04-10T03:11:57.427Z,xmYmMCUFuQ6mVu9yNs44KPz3ALyrntyhivueaw3pump,Sora,ソラちゃん,solana,0.00007970,4096,131072,524288,524288,16384,65536,65536,105,49,2062,1384,1775782979000,pumpswap,REPEAT
2026-04-10T03:11:57.427Z,HdB3FdEqpjnBnFDXGiBjuED2RYsVJFTqwwCY5BfhjgAx,BWT,OFFICIAL BARRON WILLIAM TRUMP,solana,0.00001401,2048,8192,524288,524288,8192,16384,16384,46,16,271,1676,1775776887000,pumpswap,REPEAT
2026-04-10T03:11:57.427Z,2AMYvN5zvXMC9ueA6vznaiaEqWrjpxHCisa2Nuc5pump,Chicky,Chicky,solana,0.0001000,,2048,16384,65536,32768,131072,131072,,,29,20,1774938227000,pumpswap,REPEAT
2026-04-10T03:11:57.427Z,6cfu6Qkqb4BhQ552DMJ2txLSxT7nfv7V69WhyEHTpump,Lizard ,The Waving Lizard ,solana,0.000005339,256,2048,16384,32768,,4096,4096,5,2,12,17,1775728143000,pumpfun,REPEAT
2026-04-10T03:11:57.427Z,9AEtb967xTMosjp9XFhvHLhscPNYgDWc15jFAZR8pump,RƎ́V,REVÉRSÉ SOCIETY,solana,0.0001527,32,1024,8192,32768,32768,131072,131072,1,,19,12,1775691640000,pumpswap,REPEAT
2026-04-10T03:11:57.427Z,HdB3FdEqpjnBnFDXGiBjuED2RYsVJFTqwwCY5BfhjgAx,BWT,OFFICIAL BARRON WILLIAM TRUMP,solana,0.00001401,2048,8192,524288,524288,8192,16384,16384,46,16,271,1676,1775776887000,pumpswap,REPEAT
2026-04-10T03:11:57.427Z,rG49p6sSbBsrbWbsdEhFFe15uq5nch2eSnQLV4fpump,XPX,XPXpay,solana,0.0005409,256,256,16384,131072,65536,524288,524288,3,2,13,8,1775717482000,pumpswap,REPEAT
2026-04-10T03:11:57.427Z,4YiLHDR4B4pE4R5GUMA8HG8YunyeLwcobtEtvwMupump,ROCKET,ROCKET,solana,0.0003604,512,8192,32768,262144,65536,262144,262144,55,41,828,577,1775048719000,pumpswap,REPEAT
2026-04-10T03:11:57.427Z,FdUmX7zQSZgPxt1D7rtbKQisP4a2MXyejAxEnVvepump,Stoic,Stoicism ,solana,0.0001356,2048,65536,1048576,1048576,32768,131072,131072,35,24,728,509,1775773975000,pumpswap,REPEAT
2026-04-10T03:16:57.427Z,9wcYq6LTC4vqgAWr5VQLwsR1Rc5CyzRbcTFtNLzFpump,Daisy,Daisy,solana,0.00004075,32768,524288,524288,524288,16384,32768,32768,330,334,11257,8112,1775788309000,pumpswap,REPEAT
2026-04-10T03:16:57.427Z,5552z6Qp2xr596ox1UVN4ppDwwyjCfY8cXwzHMXgMcaS,MOLTING,Molting,solana,0.001268,1024,16384,131072,262144,131072,1048576,1048576,13,12,149,167,1769857955000,orca,REPEAT
2026-04-10T03:16:57.427Z,BBYEvoXYaWQxvWb2x4ugwAPnVTiqqoFtxHLtagf3PEPE,BABYPEPE,BABYPEPE,solana,0.00002926,8,4096,131072,131072,16384,32768,32768,1,,47,52,1775781591000,pumpswap,REPEAT
2026-04-10T03:16:57.427Z,9YiTzXRbgoE1MtyxQ4sGF3vbdX944HNdcBmVpPQppump,umi,umi,solana,0.00003271,128,2048,4096,32768,16384,32768,32768,2,5,52,34,1774642896000,pumpswap,REPEAT
2026-04-10T03:16:57.427Z,AHFQ4tB5Fj1HTCB6sQ7MdtJf5fUHS7pdJ9sZAK3tpump,Mythos,Claude Mythos,solana,0.0002778,512,16384,131072,262144,32768,262144,262144,3,3,93,70,1774618831000,pumpswap,REPEAT
2026-04-10T03:16:57.427Z,Fc1mGwtNZthtxfaKDLvTMJXjM2Bvyy5XtHq9Jarupump,Enough,Enough To Live,solana,0.00001110,,2048,16384,262144,8192,8192,8192,,,42,26,1775748691000,pumpswap,REPEAT
2026-04-10T03:16:57.427Z,7WgtNx2R5tVw98PdZuhgjbcDkEtaxyEFDxWtYQ5nbonk,Barron ,Official Barron Coin,solana,0.00007069,128,16384,131072,262144,32768,65536,65536,7,6,183,92,1775762127000,raydium,REPEAT
2026-04-10T03:16:57.427Z,6XjY7mBgYNEV8tk6NxybMF1RdkSuWopCSHW9ejJ5DHwn,IMAGINE,Grok Imagine,solana,0.00002123,,64,512,8192,16384,16384,16384,,,1,2,1773975732000,pumpswap,REPEAT
2026-04-10T03:16:57.427Z,CmtYYjTBYxj5ExeyREFoM5gMNDo4GQ4sjrE7Vx9upump,HUNTER,HunterBidenSmokingCrackCoin,solana,0.00002115,1024,32768,65536,65536,,16384,16384,9,6,412,315,1775779065000,pumpfun,REPEAT
2026-04-10T03:16:57.427Z,9SeCSdbPzz95KomGUGEV9Shn2zGXNmMJhE9J72Hipump,Iroha,イロハ,solana,0.0009173,16384,65536,262144,2097152,65536,1048576,1048576,252,92,689,362,1775525060000,pumpswap,REPEAT
2026-04-10T03:16:57.427Z,2f4sWXXaXKHuQArYh94pddb7hkGWATp9MFScy26tpump,FART,Fart,solana,0.000006143,16,1024,2097152,2097152,8192,8192,8192,1,,23,25,1775779711000,pumpswap,REPEAT
2026-04-10T03:16:57.427Z,ATgsKWXnmEyrv3BvBndyQP55Xg49RhhGgFktasv2pump,SOLTAR,Soltar,solana,0.00004393,,64,1024,2048,16384,32768,32768,,,5,1,1774183067000,pumpswap,REPEAT
2026-04-10T03:16:57.427Z,61bSahZBWZgws8HQNSV57mtASrDAN3HBT9DwQNG3Bjt,mememan,Meme Man,solana,0.00009560,4096,8192,65536,131072,32768,131072,131072,129,27,185,62,1775463353000,pumpswap,REPEAT
2026-04-10T03:16:57.427Z,2f4sWXXaXKHuQArYh94pddb7hkGWATp9MFScy26tpump,FART,Fart,solana,0.000006143,16,1024,2097152,2097152,8192,8192,8192,1,,23,25,1775779711000,pumpswap,REPEAT
2026-04-10T03:16:57.427Z,98t9PEJF5QvAdGhu3MuQ2ww57NkRV1Rg7evSZNFxpump,$BABYTAN,BabyTan,solana,0.000009270,,128,4096,16384,,8192,8192,,,21,20,1775571529000,pumpfun,REPEAT
2026-04-10T03:16:57.427Z,3W837NEB9cwzE6Awb9iyrRBy72zaeCNy2Zcsx2Tzpump,CHITOSHI,Satoshification,solana,0.000005569,512,1024,1048576,1048576,8192,4096,4096,3,2,14,38,1775779700000,pumpswap,REPEAT
2026-04-10T03:16:57.427Z,3TYgKwkE2Y3rxdw9osLRSpxpXmSC1C1oo19W9KHspump,BULL,Bull,solana,0.001928,1024,16384,131072,1048576,131072,2097152,2097152,20,19,493,290,1774278163000,pumpswap,REPEAT
2026-04-10T03:16:57.427Z,QPXY96HU7oCpqTYV8xH17DYyjbyp6mGiGcW922Lgvpr,KACHIBI2,Kawaii Chibi V2 ,solana,0.0000001952,,8,8192,16384,8192,16384,16384,,,1,6,1775505502000,raydium,REPEAT
2026-04-10T03:16:57.427Z,2f4sWXXaXKHuQArYh94pddb7hkGWATp9MFScy26tpump,FART,Fart,solana,0.000006143,16,1024,2097152,2097152,8192,8192,8192,1,,23,25,1775779711000,pumpswap,REPEAT
2026-04-10T03:16:57.427Z,H1CknM7TXz134nY5YT7KUYG6fL2Egn4ieLyzkTk7BAGS,PUNCH,パンチ,solana,0.0003503,8192,65536,131072,524288,32768,262144,262144,45,21,351,220,1775694809000,meteora,REPEAT
2026-04-10T03:16:57.427Z,xmYmMCUFuQ6mVu9yNs44KPz3ALyrntyhivueaw3pump,Sora,ソラちゃん,solana,0.00007235,4096,131072,524288,524288,16384,65536,65536,72,55,1932,1322,1775782979000,pumpswap,REPEAT
2026-04-10T03:16:57.427Z,HdB3FdEqpjnBnFDXGiBjuED2RYsVJFTqwwCY5BfhjgAx,BWT,OFFICIAL BARRON WILLIAM TRUMP,solana,0.00001727,1024,16384,524288,524288,8192,16384,16384,16,14,265,1161,1775776887000,pumpswap,REPEAT
2026-04-10T03:16:57.427Z,2AMYvN5zvXMC9ueA6vznaiaEqWrjpxHCisa2Nuc5pump,Chicky,Chicky,solana,0.00009871,128,2048,16384,65536,32768,131072,131072,,2,26,21,1774938227000,pumpswap,REPEAT
2026-04-10T03:16:57.427Z,6cfu6Qkqb4BhQ552DMJ2txLSxT7nfv7V69WhyEHTpump,Lizard ,The Waving Lizard ,solana,0.000005339,,2048,16384,32768,,4096,4096,,,12,16,1775728143000,pumpfun,REPEAT
2026-04-10T03:16:57.427Z,9AEtb967xTMosjp9XFhvHLhscPNYgDWc15jFAZR8pump,RƎ́V,REVÉRSÉ SOCIETY,solana,0.0001530,,1024,4096,32768,32768,131072,131072,,,21,13,1775691640000,pumpswap,REPEAT
2026-04-10T03:16:57.427Z,HdB3FdEqpjnBnFDXGiBjuED2RYsVJFTqwwCY5BfhjgAx,BWT,OFFICIAL BARRON WILLIAM TRUMP,solana,0.00001727,1024,16384,524288,524288,8192,16384,16384,16,14,265,1161,1775776887000,pumpswap,REPEAT
2026-04-10T03:16:57.427Z,rG49p6sSbBsrbWbsdEhFFe15uq5nch2eSnQLV4fpump,XPX,XPXpay,solana,0.0005427,128,512,16384,131072,65536,524288,524288,2,1,15,9,1775717482000,pumpswap,REPEAT
2026-04-10T03:16:57.427Z,4YiLHDR4B4pE4R5GUMA8HG8YunyeLwcobtEtvwMupump,ROCKET,ROCKET,solana,0.0003603,256,8192,32768,262144,65536,262144,262144,56,40,829,578,1775048719000,pumpswap,REPEAT
2026-04-10T03:16:57.427Z,FdUmX7zQSZgPxt1D7rtbKQisP4a2MXyejAxEnVvepump,Stoic,Stoicism ,solana,0.0001407,2048,65536,1048576,1048576,32768,131072,131072,38,23,709,515,1775773975000,pumpswap,REPEAT
2026-04-10T03:21:57.428Z,FaBG5QafPfxKJLDDz4jesLothFrjcjeS96SMnWLepump,Hotate,ほたてくん,solana,0.00001064,1024,32768,32768,32768,,8192,8192,21,4,442,304,1775789595000,pumpfun,NEW
2026-04-10T03:21:57.428Z,9wcYq6LTC4vqgAWr5VQLwsR1Rc5CyzRbcTFtNLzFpump,Daisy,Daisy,solana,0.00004932,32768,524288,524288,524288,16384,65536,65536,352,269,11632,8403,1775788309000,pumpswap,REPEAT
2026-04-10T03:21:57.428Z,5552z6Qp2xr596ox1UVN4ppDwwyjCfY8cXwzHMXgMcaS,MOLTING,Molting,solana,0.001266,1024,16384,131072,262144,131072,1048576,1048576,10,10,155,170,1769857955000,orca,REPEAT
2026-04-10T03:21:57.428Z,BBYEvoXYaWQxvWb2x4ugwAPnVTiqqoFtxHLtagf3PEPE,BABYPEPE,BABYPEPE,solana,0.00002964,64,4096,131072,131072,16384,32768,32768,1,1,47,44,1775781591000,pumpswap,REPEAT
2026-04-10T03:21:57.428Z,9YiTzXRbgoE1MtyxQ4sGF3vbdX944HNdcBmVpPQppump,umi,umi,solana,0.00003121,512,2048,8192,32768,16384,32768,32768,3,4,56,38,1774642896000,pumpswap,REPEAT
2026-04-10T03:21:57.428Z,AHFQ4tB5Fj1HTCB6sQ7MdtJf5fUHS7pdJ9sZAK3tpump,Mythos,Claude Mythos,solana,0.0002773,512,16384,131072,262144,32768,262144,262144,3,3,88,67,1774618831000,pumpswap,REPEAT
2026-04-10T03:21:57.428Z,Fc1mGwtNZthtxfaKDLvTMJXjM2Bvyy5XtHq9Jarupump,Enough,Enough To Live,solana,0.00001089,16,2048,16384,262144,8192,8192,8192,,3,41,25,1775748691000,pumpswap,REPEAT
2026-04-10T03:21:57.428Z,7WgtNx2R5tVw98PdZuhgjbcDkEtaxyEFDxWtYQ5nbonk,Barron ,Official Barron Coin,solana,0.00007085,16,16384,131072,262144,32768,65536,65536,6,1,179,88,1775762127000,raydium,REPEAT
2026-04-10T03:21:57.428Z,6XjY7mBgYNEV8tk6NxybMF1RdkSuWopCSHW9ejJ5DHwn,IMAGINE,Grok Imagine,solana,0.00002123,,64,512,8192,16384,16384,16384,,,1,2,1773975732000,pumpswap,REPEAT
2026-04-10T03:21:57.428Z,CmtYYjTBYxj5ExeyREFoM5gMNDo4GQ4sjrE7Vx9upump,HUNTER,HunterBidenSmokingCrackCoin,solana,0.00002140,256,32768,65536,65536,,16384,16384,5,5,320,248,1775779065000,pumpfun,REPEAT
2026-04-10T03:21:57.428Z,9SeCSdbPzz95KomGUGEV9Shn2zGXNmMJhE9J72Hipump,Iroha,イロハ,solana,0.0009918,8192,65536,262144,2097152,65536,1048576,1048576,53,90,721,440,1775525060000,pumpswap,REPEAT
2026-04-10T03:21:57.428Z,2f4sWXXaXKHuQArYh94pddb7hkGWATp9MFScy26tpump,FART,Fart,solana,0.000006075,4,512,2097152,2097152,8192,8192,8192,,1,13,22,1775779711000,pumpswap,REPEAT
2026-04-10T03:21:57.428Z,ATgsKWXnmEyrv3BvBndyQP55Xg49RhhGgFktasv2pump,SOLTAR,Soltar,solana,0.00004393,,64,1024,2048,16384,32768,32768,,,4,1,1774183067000,pumpswap,REPEAT
2026-04-10T03:21:57.428Z,61bSahZBWZgws8HQNSV57mtASrDAN3HBT9DwQNG3Bjt,mememan,Meme Man,solana,0.00009538,512,8192,65536,131072,32768,131072,131072,8,22,196,77,1775463353000,pumpswap,REPEAT
2026-04-10T03:21:57.428Z,2f4sWXXaXKHuQArYh94pddb7hkGWATp9MFScy26tpump,FART,Fart,solana,0.000006075,4,512,2097152,2097152,8192,8192,8192,,1,13,22,1775779711000,pumpswap,REPEAT
2026-04-10T03:21:57.428Z,98t9PEJF5QvAdGhu3MuQ2ww57NkRV1Rg7evSZNFxpump,$BABYTAN,BabyTan,solana,0.000009270,,128,4096,16384,,8192,8192,,,16,16,1775571529000,pumpfun,REPEAT
2026-04-10T03:21:57.428Z,3W837NEB9cwzE6Awb9iyrRBy72zaeCNy2Zcsx2Tzpump,CHITOSHI,Satoshification,solana,0.000005431,,1024,1048576,1048576,8192,4096,4096,,,13,27,1775779700000,pumpswap,REPEAT
2026-04-10T03:21:57.428Z,3TYgKwkE2Y3rxdw9osLRSpxpXmSC1C1oo19W9KHspump,BULL,Bull,solana,0.002000,2048,16384,131072,1048576,131072,2097152,2097152,52,35,534,306,1774278163000,pumpswap,REPEAT
2026-04-10T03:21:57.428Z,QPXY96HU7oCpqTYV8xH17DYyjbyp6mGiGcW922Lgvpr,KACHIBI2,Kawaii Chibi V2 ,solana,0.0000001952,,1,8192,16384,8192,16384,16384,,,,5,1775505502000,raydium,REPEAT
2026-04-10T03:21:57.428Z,2f4sWXXaXKHuQArYh94pddb7hkGWATp9MFScy26tpump,FART,Fart,solana,0.000006075,4,512,2097152,2097152,8192,8192,8192,,1,13,22,1775779711000,pumpswap,REPEAT
2026-04-10T03:21:57.428Z,H1CknM7TXz134nY5YT7KUYG6fL2Egn4ieLyzkTk7BAGS,PUNCH,パンチ,solana,0.0003462,4096,65536,131072,524288,32768,262144,262144,26,12,373,222,1775694809000,meteora,REPEAT
2026-04-10T03:21:57.428Z,xmYmMCUFuQ6mVu9yNs44KPz3ALyrntyhivueaw3pump,Sora,ソラちゃん,solana,0.00006779,8192,131072,524288,524288,16384,65536,65536,89,50,1791,1198,1775782979000,pumpswap,REPEAT
2026-04-10T03:21:57.428Z,HdB3FdEqpjnBnFDXGiBjuED2RYsVJFTqwwCY5BfhjgAx,BWT,OFFICIAL BARRON WILLIAM TRUMP,solana,0.00001519,1024,16384,524288,524288,8192,16384,16384,11,11,251,645,1775776887000,pumpswap,REPEAT
2026-04-10T03:21:57.428Z,2AMYvN5zvXMC9ueA6vznaiaEqWrjpxHCisa2Nuc5pump,Chicky,Chicky,solana,0.00009929,128,2048,16384,65536,32768,131072,131072,2,1,27,22,1774938227000,pumpswap,REPEAT
2026-04-10T03:21:57.428Z,6cfu6Qkqb4BhQ552DMJ2txLSxT7nfv7V69WhyEHTpump,Lizard ,The Waving Lizard ,solana,0.000005339,,2048,16384,32768,,4096,4096,,,11,15,1775728143000,pumpfun,REPEAT
2026-04-10T03:21:57.428Z,9AEtb967xTMosjp9XFhvHLhscPNYgDWc15jFAZR8pump,RƎ́V,REVÉRSÉ SOCIETY,solana,0.0001562,256,1024,8192,32768,32768,131072,131072,5,,26,13,1775691640000,pumpswap,REPEAT
2026-04-10T03:21:57.428Z,HdB3FdEqpjnBnFDXGiBjuED2RYsVJFTqwwCY5BfhjgAx,BWT,OFFICIAL BARRON WILLIAM TRUMP,solana,0.00001519,1024,16384,524288,524288,8192,16384,16384,11,11,251,645,1775776887000,pumpswap,REPEAT
2026-04-10T03:21:57.428Z,rG49p6sSbBsrbWbsdEhFFe15uq5nch2eSnQLV4fpump,XPX,XPXpay,solana,0.0005474,64,512,16384,131072,65536,524288,524288,2,,16,8,1775717482000,pumpswap,REPEAT
2026-04-10T03:21:57.428Z,4YiLHDR4B4pE4R5GUMA8HG8YunyeLwcobtEtvwMupump,ROCKET,ROCKET,solana,0.0003633,128,8192,32768,262144,65536,262144,262144,62,34,832,575,1775048719000,pumpswap,REPEAT
2026-04-10T03:26:57.428Z,FaBG5QafPfxKJLDDz4jesLothFrjcjeS96SMnWLepump,Hotate,ほたてくん,solana,0.00001606,4096,32768,32768,32768,,16384,16384,67,32,510,336,1775789595000,pumpfun,REPEAT
2026-04-10T03:26:57.428Z,9wcYq6LTC4vqgAWr5VQLwsR1Rc5CyzRbcTFtNLzFpump,Daisy,Daisy,solana,0.000003163,8192,524288,524288,524288,4096,4096,4096,140,214,11777,8626,1775788309000,pumpswap,REPEAT
2026-04-10T03:26:57.428Z,5552z6Qp2xr596ox1UVN4ppDwwyjCfY8cXwzHMXgMcaS,MOLTING,Molting,solana,0.001248,256,16384,131072,262144,131072,1048576,1048576,3,4,155,167,1769857955000,orca,REPEAT
2026-04-10T03:26:57.428Z,BBYEvoXYaWQxvWb2x4ugwAPnVTiqqoFtxHLtagf3PEPE,BABYPEPE,BABYPEPE,solana,0.00002871,32,4096,131072,131072,16384,32768,32768,,1,47,45,1775781591000,pumpswap,REPEAT
2026-04-10T03:26:57.428Z,9YiTzXRbgoE1MtyxQ4sGF3vbdX944HNdcBmVpPQppump,umi,umi,solana,0.00003079,128,2048,8192,32768,16384,32768,32768,7,2,54,38,1774642896000,pumpswap,REPEAT
2026-04-10T03:26:57.428Z,AHFQ4tB5Fj1HTCB6sQ7MdtJf5fUHS7pdJ9sZAK3tpump,Mythos,Claude Mythos,solana,0.0002655,1024,16384,131072,262144,32768,262144,262144,4,3,90,66,1774618831000,pumpswap,REPEAT
2026-04-10T03:26:57.428Z,Fc1mGwtNZthtxfaKDLvTMJXjM2Bvyy5XtHq9Jarupump,Enough,Enough To Live,solana,0.00001170,128,2048,16384,262144,8192,16384,16384,11,2,51,25,1775748691000,pumpswap,REPEAT
2026-04-10T03:26:57.428Z,7WgtNx2R5tVw98PdZuhgjbcDkEtaxyEFDxWtYQ5nbonk,Barron ,Official Barron Coin,solana,0.00007784,512,8192,131072,262144,32768,65536,65536,15,6,167,82,1775762127000,raydium,REPEAT
2026-04-10T03:26:57.428Z,6XjY7mBgYNEV8tk6NxybMF1RdkSuWopCSHW9ejJ5DHwn,IMAGINE,Grok Imagine,solana,0.00002123,,8,512,8192,16384,16384,16384,,,1,1,1773975732000,pumpswap,REPEAT
2026-04-10T03:26:57.428Z,CmtYYjTBYxj5ExeyREFoM5gMNDo4GQ4sjrE7Vx9upump,HUNTER,HunterBidenSmokingCrackCoin,solana,0.00001879,2048,32768,65536,65536,,16384,16384,30,16,309,233,1775779065000,pumpfun,REPEAT
2026-04-10T03:26:57.428Z,9SeCSdbPzz95KomGUGEV9Shn2zGXNmMJhE9J72Hipump,Iroha,イロハ,solana,0.001001,4096,65536,262144,2097152,65536,1048576,1048576,22,84,648,479,1775525060000,pumpswap,REPEAT
2026-04-10T03:26:57.428Z,2f4sWXXaXKHuQArYh94pddb7hkGWATp9MFScy26tpump,FART,Fart,solana,0.000006059,,512,2097152,2097152,8192,8192,8192,,1,11,17,1775779711000,pumpswap,REPEAT
2026-04-10T03:26:57.428Z,ATgsKWXnmEyrv3BvBndyQP55Xg49RhhGgFktasv2pump,SOLTAR,Soltar,solana,0.00004393,,32,1024,2048,16384,32768,32768,,,3,,1774183067000,pumpswap,REPEAT
2026-04-10T03:26:57.428Z,61bSahZBWZgws8HQNSV57mtASrDAN3HBT9DwQNG3Bjt,mememan,Meme Man,solana,0.00009127,256,8192,65536,131072,32768,65536,65536,6,14,200,90,1775463353000,pumpswap,REPEAT
2026-04-10T03:26:57.428Z,2f4sWXXaXKHuQArYh94pddb7hkGWATp9MFScy26tpump,FART,Fart,solana,0.000006059,,512,2097152,2097152,8192,8192,8192,,1,11,17,1775779711000,pumpswap,REPEAT
2026-04-10T03:26:57.428Z,98t9PEJF5QvAdGhu3MuQ2ww57NkRV1Rg7evSZNFxpump,$BABYTAN,BabyTan,solana,0.000009525,64,256,4096,16384,,8192,8192,2,,14,12,1775571529000,pumpfun,REPEAT
2026-04-10T03:26:57.428Z,3W837NEB9cwzE6Awb9iyrRBy72zaeCNy2Zcsx2Tzpump,CHITOSHI,Satoshification,solana,0.000004998,128,1024,1048576,1048576,8192,4096,4096,2,4,12,30,1775779700000,pumpswap,REPEAT
2026-04-10T03:26:57.428Z,3TYgKwkE2Y3rxdw9osLRSpxpXmSC1C1oo19W9KHspump,BULL,Bull,solana,0.001992,1024,16384,131072,1048576,131072,2097152,2097152,21,26,534,312,1774278163000,pumpswap,REPEAT
2026-04-10T03:26:57.428Z,QPXY96HU7oCpqTYV8xH17DYyjbyp6mGiGcW922Lgvpr,KACHIBI2,Kawaii Chibi V2 ,solana,0.0000001952,,1,8192,16384,8192,16384,16384,,,,3,1775505502000,raydium,REPEAT
2026-04-10T03:26:57.428Z,2f4sWXXaXKHuQArYh94pddb7hkGWATp9MFScy26tpump,FART,Fart,solana,0.000006059,,512,2097152,2097152,8192,8192,8192,,1,11,17,1775779711000,pumpswap,REPEAT
2026-04-10T03:26:57.428Z,H1CknM7TXz134nY5YT7KUYG6fL2Egn4ieLyzkTk7BAGS,PUNCH,パンチ,solana,0.0003326,4096,65536,131072,524288,32768,262144,262144,25,11,395,228,1775694809000,meteora,REPEAT
2026-04-10T03:26:57.428Z,xmYmMCUFuQ6mVu9yNs44KPz3ALyrntyhivueaw3pump,Sora,ソラちゃん,solana,0.00009357,8192,131072,524288,524288,32768,131072,131072,84,45,1507,1024,1775782979000,pumpswap,REPEAT
2026-04-10T03:26:57.428Z,HdB3FdEqpjnBnFDXGiBjuED2RYsVJFTqwwCY5BfhjgAx,BWT,OFFICIAL BARRON WILLIAM TRUMP,solana,0.00001608,512,16384,524288,524288,8192,16384,16384,9,9,250,147,1775776887000,pumpswap,REPEAT
2026-04-10T03:26:57.428Z,2AMYvN5zvXMC9ueA6vznaiaEqWrjpxHCisa2Nuc5pump,Chicky,Chicky,solana,0.00009953,32,2048,16384,65536,32768,131072,131072,2,,28,21,1774938227000,pumpswap,REPEAT
2026-04-10T03:26:57.428Z,6cfu6Qkqb4BhQ552DMJ2txLSxT7nfv7V69WhyEHTpump,Lizard ,The Waving Lizard ,solana,0.000005295,16,1024,16384,32768,,4096,4096,1,1,11,11,1775728143000,pumpfun,REPEAT
2026-04-10T03:26:57.428Z,9AEtb967xTMosjp9XFhvHLhscPNYgDWc15jFAZR8pump,RƎ́V,REVÉRSÉ SOCIETY,solana,0.0001604,128,2048,8192,32768,32768,131072,131072,5,3,32,15,1775691640000,pumpswap,REPEAT
2026-04-10T03:26:57.428Z,HdB3FdEqpjnBnFDXGiBjuED2RYsVJFTqwwCY5BfhjgAx,BWT,OFFICIAL BARRON WILLIAM TRUMP,solana,0.00001608,512,16384,524288,524288,8192,16384,16384,9,9,250,147,1775776887000,pumpswap,REPEAT
2026-04-10T03:26:57.428Z,rG49p6sSbBsrbWbsdEhFFe15uq5nch2eSnQLV4fpump,XPX,XPXpay,solana,0.0005463,8,512,16384,131072,65536,524288,524288,1,1,17,9,1775717482000,pumpswap,REPEAT
2026-04-10T03:26:57.428Z,4YiLHDR4B4pE4R5GUMA8HG8YunyeLwcobtEtvwMupump,ROCKET,ROCKET,solana,0.0003576,2,8192,32768,262144,65536,262144,262144,53,39,820,567,1775048719000,pumpswap,REPEAT
2026-04-10T03:31:57.428Z,FaBG5QafPfxKJLDDz4jesLothFrjcjeS96SMnWLepump,Hotate,ほたてくん,solana,0.00001494,4096,32768,32768,32768,,16384,16384,36,33,545,369,1775789595000,pumpfun,REPEAT
2026-04-10T03:31:57.428Z,9wcYq6LTC4vqgAWr5VQLwsR1Rc5CyzRbcTFtNLzFpump,Daisy,Daisy,solana,0.000003851,1024,524288,524288,524288,4096,4096,4096,30,36,11761,8660,1775788309000,pumpswap,REPEAT
2026-04-10T03:31:57.428Z,5552z6Qp2xr596ox1UVN4ppDwwyjCfY8cXwzHMXgMcaS,MOLTING,Molting,solana,0.001315,1024,16384,131072,262144,131072,1048576,1048576,13,4,167,165,1769857955000,orca,REPEAT
2026-04-10T03:31:57.428Z,BBYEvoXYaWQxvWb2x4ugwAPnVTiqqoFtxHLtagf3PEPE,BABYPEPE,BABYPEPE,solana,0.00002849,8,2048,131072,131072,16384,32768,32768,,2,43,39,1775781591000,pumpswap,REPEAT
2026-04-10T03:31:57.428Z,9YiTzXRbgoE1MtyxQ4sGF3vbdX944HNdcBmVpPQppump,umi,umi,solana,0.00003061,64,2048,8192,32768,16384,32768,32768,3,3,48,37,1774642896000,pumpswap,REPEAT
2026-04-10T03:31:57.428Z,AHFQ4tB5Fj1HTCB6sQ7MdtJf5fUHS7pdJ9sZAK3tpump,Mythos,Claude Mythos,solana,0.0002948,2048,16384,131072,262144,65536,262144,262144,6,3,86,60,1774618831000,pumpswap,REPEAT
2026-04-10T03:31:57.428Z,Fc1mGwtNZthtxfaKDLvTMJXjM2Bvyy5XtHq9Jarupump,Enough,Enough To Live,solana,0.00001098,128,2048,16384,262144,8192,8192,8192,,6,51,29,1775748691000,pumpswap,REPEAT
2026-04-10T03:31:57.428Z,7WgtNx2R5tVw98PdZuhgjbcDkEtaxyEFDxWtYQ5nbonk,Barron ,Official Barron Coin,solana,0.00007821,32,8192,131072,262144,32768,65536,65536,28,21,186,98,1775762127000,raydium,REPEAT
2026-04-10T03:31:57.428Z,6XjY7mBgYNEV8tk6NxybMF1RdkSuWopCSHW9ejJ5DHwn,IMAGINE,Grok Imagine,solana,0.00002123,,8,512,8192,16384,16384,16384,,,1,1,1773975732000,pumpswap,REPEAT
2026-04-10T03:31:57.428Z,CmtYYjTBYxj5ExeyREFoM5gMNDo4GQ4sjrE7Vx9upump,HUNTER,HunterBidenSmokingCrackCoin,solana,0.00001518,1024,32768,65536,65536,,16384,16384,6,14,286,244,1775779065000,pumpfun,REPEAT
2026-04-10T03:31:57.428Z,9SeCSdbPzz95KomGUGEV9Shn2zGXNmMJhE9J72Hipump,Iroha,イロハ,solana,0.0009788,1024,65536,262144,2097152,65536,1048576,1048576,15,16,607,465,1775525060000,pumpswap,REPEAT
2026-04-10T03:31:57.428Z,2f4sWXXaXKHuQArYh94pddb7hkGWATp9MFScy26tpump,FART,Fart,solana,0.000006015,8,512,2097152,2097152,8192,8192,8192,,3,11,20,1775779711000,pumpswap,REPEAT
2026-04-10T03:31:57.428Z,ATgsKWXnmEyrv3BvBndyQP55Xg49RhhGgFktasv2pump,SOLTAR,Soltar,solana,0.00004393,,32,1024,2048,16384,32768,32768,,,3,,1774183067000,pumpswap,REPEAT
2026-04-10T03:31:57.428Z,61bSahZBWZgws8HQNSV57mtASrDAN3HBT9DwQNG3Bjt,mememan,Meme Man,solana,0.00009297,256,8192,65536,131072,32768,131072,131072,7,11,205,102,1775463353000,pumpswap,REPEAT
2026-04-10T03:31:57.428Z,2f4sWXXaXKHuQArYh94pddb7hkGWATp9MFScy26tpump,FART,Fart,solana,0.000006015,8,512,2097152,2097152,8192,8192,8192,,3,11,20,1775779711000,pumpswap,REPEAT
2026-04-10T03:31:57.428Z,98t9PEJF5QvAdGhu3MuQ2ww57NkRV1Rg7evSZNFxpump,$BABYTAN,BabyTan,solana,0.000009264,64,256,4096,16384,,8192,8192,1,1,12,10,1775571529000,pumpfun,REPEAT
2026-04-10T03:31:57.428Z,3W837NEB9cwzE6Awb9iyrRBy72zaeCNy2Zcsx2Tzpump,CHITOSHI,Satoshification,solana,0.000005572,128,1024,1048576,1048576,8192,4096,4096,4,2,16,30,1775779700000,pumpswap,REPEAT
2026-04-10T03:31:57.428Z,3TYgKwkE2Y3rxdw9osLRSpxpXmSC1C1oo19W9KHspump,BULL,Bull,solana,0.002001,2048,16384,131072,1048576,131072,2097152,2097152,25,38,537,326,1774278163000,pumpswap,REPEAT
2026-04-10T03:31:57.428Z,QPXY96HU7oCpqTYV8xH17DYyjbyp6mGiGcW922Lgvpr,KACHIBI2,Kawaii Chibi V2 ,solana,0.0000001984,32,32,8192,16384,8192,16384,16384,1,,1,3,1775505502000,raydium,REPEAT
2026-04-10T03:31:57.428Z,2f4sWXXaXKHuQArYh94pddb7hkGWATp9MFScy26tpump,FART,Fart,solana,0.000006015,8,512,2097152,2097152,8192,8192,8192,,3,11,20,1775779711000,pumpswap,REPEAT
2026-04-10T03:31:57.428Z,H1CknM7TXz134nY5YT7KUYG6fL2Egn4ieLyzkTk7BAGS,PUNCH,パンチ,solana,0.0003859,4096,65536,131072,524288,32768,524288,524288,24,20,412,245,1775694809000,meteora,REPEAT
2026-04-10T03:31:57.428Z,xmYmMCUFuQ6mVu9yNs44KPz3ALyrntyhivueaw3pump,Sora,ソラちゃん,solana,0.0001220,16384,131072,524288,524288,32768,131072,131072,156,94,1483,975,1775782979000,pumpswap,REPEAT
2026-04-10T03:31:57.428Z,HdB3FdEqpjnBnFDXGiBjuED2RYsVJFTqwwCY5BfhjgAx,BWT,OFFICIAL BARRON WILLIAM TRUMP,solana,0.00001956,512,16384,524288,524288,8192,16384,16384,21,8,242,145,1775776887000,pumpswap,REPEAT
2026-04-10T03:31:57.428Z,2AMYvN5zvXMC9ueA6vznaiaEqWrjpxHCisa2Nuc5pump,Chicky,Chicky,solana,0.00009765,64,2048,16384,65536,32768,131072,131072,1,3,14,21,1774938227000,pumpswap,REPEAT
2026-04-10T03:31:57.428Z,6cfu6Qkqb4BhQ552DMJ2txLSxT7nfv7V69WhyEHTpump,Lizard ,The Waving Lizard ,solana,0.000005295,,1024,16384,32768,,4096,4096,,,10,10,1775728143000,pumpfun,REPEAT
2026-04-10T03:31:57.428Z,9AEtb967xTMosjp9XFhvHLhscPNYgDWc15jFAZR8pump,RƎ́V,REVÉRSÉ SOCIETY,solana,0.0001604,128,2048,8192,32768,32768,131072,131072,1,3,33,17,1775691640000,pumpswap,REPEAT
2026-04-10T03:31:57.428Z,HdB3FdEqpjnBnFDXGiBjuED2RYsVJFTqwwCY5BfhjgAx,BWT,OFFICIAL BARRON WILLIAM TRUMP,solana,0.00001956,512,16384,524288,524288,8192,16384,16384,21,8,242,145,1775776887000,pumpswap,REPEAT
2026-04-10T03:31:57.428Z,rG49p6sSbBsrbWbsdEhFFe15uq5nch2eSnQLV4fpump,XPX,XPXpay,solana,0.0005468,4,512,16384,131072,65536,524288,524288,2,,16,8,1775717482000,pumpswap,REPEAT
2026-04-10T03:31:57.428Z,4YiLHDR4B4pE4R5GUMA8HG8YunyeLwcobtEtvwMupump,ROCKET,ROCKET,solana,0.0003701,1024,8192,32768,262144,65536,262144,262144,66,49,835,579,1775048719000,pumpswap,REPEAT
2026-04-10T03:36:57.428Z,FaBG5QafPfxKJLDDz4jesLothFrjcjeS96SMnWLepump,Hotate,ほたてくん,solana,0.00001698,1024,32768,32768,32768,,16384,16384,24,13,569,382,1775789595000,pumpfun,REPEAT
2026-04-10T03:36:57.428Z,9wcYq6LTC4vqgAWr5VQLwsR1Rc5CyzRbcTFtNLzFpump,Daisy,Daisy,solana,0.000004652,256,524288,524288,524288,4096,4096,4096,16,7,4318,3116,1775788309000,pumpswap,REPEAT
2026-04-10T03:36:57.428Z,5552z6Qp2xr596ox1UVN4ppDwwyjCfY8cXwzHMXgMcaS,MOLTING,Molting,solana,0.001303,2048,16384,131072,262144,131072,1048576,1048576,11,11,166,152,1769857955000,orca,REPEAT
2026-04-10T03:36:57.428Z,BBYEvoXYaWQxvWb2x4ugwAPnVTiqqoFtxHLtagf3PEPE,BABYPEPE,BABYPEPE,solana,0.00002848,4,2048,131072,131072,16384,32768,32768,,1,38,37,1775781591000,pumpswap,REPEAT
2026-04-10T03:36:57.428Z,9YiTzXRbgoE1MtyxQ4sGF3vbdX944HNdcBmVpPQppump,umi,umi,solana,0.00003062,64,2048,8192,32768,16384,32768,32768,2,2,40,38,1774642896000,pumpswap,REPEAT
2026-04-10T03:36:57.428Z,AHFQ4tB5Fj1HTCB6sQ7MdtJf5fUHS7pdJ9sZAK3tpump,Mythos,Claude Mythos,solana,0.0002962,2048,16384,131072,262144,65536,262144,262144,10,10,90,61,1774618831000,pumpswap,REPEAT
2026-04-10T03:36:57.428Z,Fc1mGwtNZthtxfaKDLvTMJXjM2Bvyy5XtHq9Jarupump,Enough,Enough To Live,solana,0.00001071,64,2048,16384,262144,8192,8192,8192,,2,48,29,1775748691000,pumpswap,REPEAT
2026-04-10T03:36:57.428Z,7WgtNx2R5tVw98PdZuhgjbcDkEtaxyEFDxWtYQ5nbonk,Barron ,Official Barron Coin,solana,0.00007753,64,8192,131072,262144,32768,65536,65536,3,3,180,99,1775762127000,raydium,REPEAT
2026-04-10T03:36:57.428Z,6XjY7mBgYNEV8tk6NxybMF1RdkSuWopCSHW9ejJ5DHwn,IMAGINE,Grok Imagine,solana,0.00002123,,8,512,8192,16384,16384,16384,,,1,1,1773975732000,pumpswap,REPEAT
2026-04-10T03:36:57.428Z,CmtYYjTBYxj5ExeyREFoM5gMNDo4GQ4sjrE7Vx9upump,HUNTER,HunterBidenSmokingCrackCoin,solana,0.00001406,2048,32768,65536,65536,,16384,16384,24,11,298,239,1775779065000,pumpfun,REPEAT
2026-04-10T03:36:57.428Z,9SeCSdbPzz95KomGUGEV9Shn2zGXNmMJhE9J72Hipump,Iroha,イロハ,solana,0.0009561,2048,65536,262144,2097152,65536,1048576,1048576,21,12,614,450,1775525060000,pumpswap,REPEAT
2026-04-10T03:36:57.428Z,2f4sWXXaXKHuQArYh94pddb7hkGWATp9MFScy26tpump,FART,Fart,solana,0.000005813,64,512,2097152,2097152,8192,8192,8192,,3,8,17,1775779711000,pumpswap,REPEAT
2026-04-10T03:36:57.428Z,ATgsKWXnmEyrv3BvBndyQP55Xg49RhhGgFktasv2pump,SOLTAR,Soltar,solana,0.00004393,,32,1024,2048,16384,32768,32768,,,2,,1774183067000,pumpswap,REPEAT
2026-04-10T03:36:57.428Z,61bSahZBWZgws8HQNSV57mtASrDAN3HBT9DwQNG3Bjt,mememan,Meme Man,solana,0.00008977,256,8192,65536,131072,32768,65536,65536,2,8,205,107,1775463353000,pumpswap,REPEAT
2026-04-10T03:36:57.428Z,2f4sWXXaXKHuQArYh94pddb7hkGWATp9MFScy26tpump,FART,Fart,solana,0.000005813,64,512,2097152,2097152,8192,8192,8192,,3,8,17,1775779711000,pumpswap,REPEAT
2026-04-10T03:36:57.428Z,98t9PEJF5QvAdGhu3MuQ2ww57NkRV1Rg7evSZNFxpump,$BABYTAN,BabyTan,solana,0.000009264,,256,4096,16384,,8192,8192,,,9,7,1775571529000,pumpfun,REPEAT
2026-04-10T03:36:57.428Z,3W837NEB9cwzE6Awb9iyrRBy72zaeCNy2Zcsx2Tzpump,CHITOSHI,Satoshification,solana,0.000005580,16,1024,1048576,1048576,8192,4096,4096,2,1,18,29,1775779700000,pumpswap,REPEAT
2026-04-10T03:36:57.428Z,3TYgKwkE2Y3rxdw9osLRSpxpXmSC1C1oo19W9KHspump,BULL,Bull,solana,0.001963,2048,16384,131072,1048576,131072,2097152,2097152,23,24,535,324,1774278163000,pumpswap,REPEAT
2026-04-10T03:36:57.428Z,QPXY96HU7oCpqTYV8xH17DYyjbyp6mGiGcW922Lgvpr,KACHIBI2,Kawaii Chibi V2 ,solana,0.0000001984,,32,8192,16384,8192,16384,16384,,,1,3,1775505502000,raydium,REPEAT
2026-04-10T03:36:57.428Z,2f4sWXXaXKHuQArYh94pddb7hkGWATp9MFScy26tpump,FART,Fart,solana,0.000005813,64,512,2097152,2097152,8192,8192,8192,,3,8,17,1775779711000,pumpswap,REPEAT
2026-04-10T03:36:57.428Z,H1CknM7TXz134nY5YT7KUYG6fL2Egn4ieLyzkTk7BAGS,PUNCH,パンチ,solana,0.0003573,8192,65536,262144,524288,32768,262144,262144,33,27,441,266,1775694809000,meteora,REPEAT
2026-04-10T03:36:57.428Z,xmYmMCUFuQ6mVu9yNs44KPz3ALyrntyhivueaw3pump,Sora,ソラちゃん,solana,0.0001360,8192,131072,524288,524288,32768,131072,131072,124,97,1487,974,1775782979000,pumpswap,REPEAT
2026-04-10T03:36:57.428Z,HdB3FdEqpjnBnFDXGiBjuED2RYsVJFTqwwCY5BfhjgAx,BWT,OFFICIAL BARRON WILLIAM TRUMP,solana,0.00001786,1024,16384,524288,524288,8192,16384,16384,12,15,239,146,1775776887000,pumpswap,REPEAT
2026-04-10T03:36:57.428Z,2AMYvN5zvXMC9ueA6vznaiaEqWrjpxHCisa2Nuc5pump,Chicky,Chicky,solana,0.00009912,32,1024,16384,65536,32768,131072,131072,1,,13,20,1774938227000,pumpswap,REPEAT
2026-04-10T03:36:57.428Z,6cfu6Qkqb4BhQ552DMJ2txLSxT7nfv7V69WhyEHTpump,Lizard ,The Waving Lizard ,solana,0.000005305,1,1024,16384,32768,,4096,4096,1,,11,7,1775728143000,pumpfun,REPEAT
2026-04-10T03:36:57.428Z,9AEtb967xTMosjp9XFhvHLhscPNYgDWc15jFAZR8pump,RƎ́V,REVÉRSÉ SOCIETY,solana,0.0001617,16,2048,8192,32768,32768,131072,131072,2,1,38,18,1775691640000,pumpswap,REPEAT
2026-04-10T03:36:57.428Z,HdB3FdEqpjnBnFDXGiBjuED2RYsVJFTqwwCY5BfhjgAx,BWT,OFFICIAL BARRON WILLIAM TRUMP,solana,0.00001786,1024,16384,524288,524288,8192,16384,16384,12,15,239,146,1775776887000,pumpswap,REPEAT
2026-04-10T03:36:57.428Z,rG49p6sSbBsrbWbsdEhFFe15uq5nch2eSnQLV4fpump,XPX,XPXpay,solana,0.0005403,8,512,16384,131072,65536,524288,524288,,1,15,9,1775717482000,pumpswap,REPEAT
2026-04-10T03:36:57.428Z,4YiLHDR4B4pE4R5GUMA8HG8YunyeLwcobtEtvwMupump,ROCKET,ROCKET,solana,0.0003644,256,8192,32768,262144,65536,262144,262144,43,40,827,583,1775048719000,pumpswap,REPEAT
2026-04-10T03:41:57.430Z,FaBG5QafPfxKJLDDz4jesLothFrjcjeS96SMnWLepump,Hotate,ほたてくん,solana,0.00001619,2048,32768,32768,32768,,16384,16384,30,18,599,400,1775789595000,pumpfun,REPEAT
2026-04-10T03:41:57.430Z,9wcYq6LTC4vqgAWr5VQLwsR1Rc5CyzRbcTFtNLzFpump,Daisy,Daisy,solana,0.000003995,256,524288,524288,524288,4096,4096,4096,11,13,3746,2617,1775788309000,pumpswap,REPEAT
2026-04-10T03:41:57.430Z,5552z6Qp2xr596ox1UVN4ppDwwyjCfY8cXwzHMXgMcaS,MOLTING,Molting,solana,0.001275,256,16384,131072,262144,131072,1048576,1048576,6,4,164,136,1769857955000,orca,REPEAT
2026-04-10T03:41:57.430Z,BBYEvoXYaWQxvWb2x4ugwAPnVTiqqoFtxHLtagf3PEPE,BABYPEPE,BABYPEPE,solana,0.00002811,32,2048,131072,131072,16384,32768,32768,,3,29,37,1775781591000,pumpswap,REPEAT
2026-04-10T03:41:57.430Z,9YiTzXRbgoE1MtyxQ4sGF3vbdX944HNdcBmVpPQppump,umi,umi,solana,0.00003046,64,2048,8192,32768,16384,32768,32768,3,3,40,39,1774642896000,pumpswap,REPEAT
2026-04-10T03:41:57.430Z,AHFQ4tB5Fj1HTCB6sQ7MdtJf5fUHS7pdJ9sZAK3tpump,Mythos,Claude Mythos,solana,0.0003015,256,16384,131072,262144,65536,262144,262144,4,2,90,60,1774618831000,pumpswap,REPEAT
2026-04-10T03:41:57.430Z,Fc1mGwtNZthtxfaKDLvTMJXjM2Bvyy5XtHq9Jarupump,Enough,Enough To Live,solana,0.00001071,,1024,16384,262144,8192,8192,8192,,,40,28,1775748691000,pumpswap,REPEAT
2026-04-10T03:41:57.430Z,7WgtNx2R5tVw98PdZuhgjbcDkEtaxyEFDxWtYQ5nbonk,Barron ,Official Barron Coin,solana,0.00006056,1024,8192,131072,262144,16384,65536,65536,4,5,177,97,1775762127000,raydium,REPEAT
2026-04-10T03:41:57.430Z,6XjY7mBgYNEV8tk6NxybMF1RdkSuWopCSHW9ejJ5DHwn,IMAGINE,Grok Imagine,solana,0.00002123,,8,512,8192,16384,16384,16384,,,1,1,1773975732000,pumpswap,REPEAT
2026-04-10T03:41:57.430Z,CmtYYjTBYxj5ExeyREFoM5gMNDo4GQ4sjrE7Vx9upump,HUNTER,HunterBidenSmokingCrackCoin,solana,0.00001338,2048,32768,65536,65536,,16384,16384,24,21,296,235,1775779065000,pumpfun,REPEAT
2026-04-10T03:41:57.430Z,9SeCSdbPzz95KomGUGEV9Shn2zGXNmMJhE9J72Hipump,Iroha,イロハ,solana,0.0009514,4096,65536,262144,2097152,65536,1048576,1048576,23,12,620,448,1775525060000,pumpswap,REPEAT
2026-04-10T03:41:57.430Z,2f4sWXXaXKHuQArYh94pddb7hkGWATp9MFScy26tpump,FART,Fart,solana,0.000005592,128,512,2097152,2097152,8192,4096,4096,,1,7,18,1775779711000,pumpswap,REPEAT
2026-04-10T03:41:57.430Z,ATgsKWXnmEyrv3BvBndyQP55Xg49RhhGgFktasv2pump,SOLTAR,Soltar,solana,0.00004393,,32,1024,2048,16384,32768,32768,,,2,,1774183067000,pumpswap,REPEAT
2026-04-10T03:41:57.430Z,61bSahZBWZgws8HQNSV57mtASrDAN3HBT9DwQNG3Bjt,mememan,Meme Man,solana,0.00008885,256,8192,65536,131072,32768,65536,65536,8,6,213,110,1775463353000,pumpswap,REPEAT
2026-04-10T03:41:57.430Z,2f4sWXXaXKHuQArYh94pddb7hkGWATp9MFScy26tpump,FART,Fart,solana,0.000005592,128,512,2097152,2097152,8192,4096,4096,,1,7,18,1775779711000,pumpswap,REPEAT
2026-04-10T03:41:57.430Z,98t9PEJF5QvAdGhu3MuQ2ww57NkRV1Rg7evSZNFxpump,$BABYTAN,BabyTan,solana,0.000009356,16,256,4096,16384,,8192,8192,1,,6,4,1775571529000,pumpfun,REPEAT
2026-04-10T03:41:57.430Z,3W837NEB9cwzE6Awb9iyrRBy72zaeCNy2Zcsx2Tzpump,CHITOSHI,Satoshification,solana,0.000005583,,1024,1048576,1048576,8192,4096,4096,,1,16,27,1775779700000,pumpswap,REPEAT
2026-04-10T03:41:57.430Z,3TYgKwkE2Y3rxdw9osLRSpxpXmSC1C1oo19W9KHspump,BULL,Bull,solana,0.001956,1024,16384,131072,1048576,131072,2097152,2097152,23,21,497,321,1774278163000,pumpswap,REPEAT
2026-04-10T03:41:57.430Z,QPXY96HU7oCpqTYV8xH17DYyjbyp6mGiGcW922Lgvpr,KACHIBI2,Kawaii Chibi V2 ,solana,0.0000001984,,32,8192,16384,8192,16384,16384,,,1,3,1775505502000,raydium,REPEAT
2026-04-10T03:41:57.430Z,2f4sWXXaXKHuQArYh94pddb7hkGWATp9MFScy26tpump,FART,Fart,solana,0.000005592,128,512,2097152,2097152,8192,4096,4096,,1,7,18,1775779711000,pumpswap,REPEAT
2026-04-10T03:41:57.430Z,H1CknM7TXz134nY5YT7KUYG6fL2Egn4ieLyzkTk7BAGS,PUNCH,パンチ,solana,0.0003394,2048,65536,262144,524288,32768,262144,262144,12,13,446,265,1775694809000,meteora,REPEAT
2026-04-10T03:41:57.430Z,xmYmMCUFuQ6mVu9yNs44KPz3ALyrntyhivueaw3pump,Sora,ソラちゃん,solana,0.0001246,8192,131072,524288,524288,32768,131072,131072,127,97,1531,1012,1775782979000,pumpswap,REPEAT
2026-04-10T03:41:57.430Z,HdB3FdEqpjnBnFDXGiBjuED2RYsVJFTqwwCY5BfhjgAx,BWT,OFFICIAL BARRON WILLIAM TRUMP,solana,0.00001800,256,8192,524288,524288,8192,16384,16384,9,10,228,144,1775776887000,pumpswap,REPEAT
2026-04-10T03:41:57.430Z,2AMYvN5zvXMC9ueA6vznaiaEqWrjpxHCisa2Nuc5pump,Chicky,Chicky,solana,0.00009946,,1024,16384,65536,32768,131072,131072,,,12,16,1774938227000,pumpswap,REPEAT
2026-04-10T03:41:57.430Z,6cfu6Qkqb4BhQ552DMJ2txLSxT7nfv7V69WhyEHTpump,Lizard ,The Waving Lizard ,solana,0.000005305,,1024,16384,32768,,4096,4096,,,11,7,1775728143000,pumpfun,REPEAT
2026-04-10T03:41:57.430Z,9AEtb967xTMosjp9XFhvHLhscPNYgDWc15jFAZR8pump,RƎ́V,REVÉRSÉ SOCIETY,solana,0.0001622,32,2048,8192,32768,32768,131072,131072,2,1,40,18,1775691640000,pumpswap,REPEAT
2026-04-10T03:41:57.430Z,HdB3FdEqpjnBnFDXGiBjuED2RYsVJFTqwwCY5BfhjgAx,BWT,OFFICIAL BARRON WILLIAM TRUMP,solana,0.00001800,256,8192,524288,524288,8192,16384,16384,9,10,228,144,1775776887000,pumpswap,REPEAT
2026-04-10T03:41:57.430Z,rG49p6sSbBsrbWbsdEhFFe15uq5nch2eSnQLV4fpump,XPX,XPXpay,solana,0.0005393,64,512,16384,131072,65536,524288,524288,,2,14,9,1775717482000,pumpswap,REPEAT
2026-04-10T03:41:57.430Z,4YiLHDR4B4pE4R5GUMA8HG8YunyeLwcobtEtvwMupump,ROCKET,ROCKET,solana,0.0003615,128,8192,32768,262144,65536,262144,262144,60,47,835,595,1775048719000,pumpswap,REPEAT
2026-04-10T03:46:57.430Z,FaBG5QafPfxKJLDDz4jesLothFrjcjeS96SMnWLepump,Hotate,ほたてくん,solana,0.00001571,1024,32768,32768,32768,,16384,16384,18,17,618,417,1775789595000,pumpfun,REPEAT
2026-04-10T03:46:57.430Z,9wcYq6LTC4vqgAWr5VQLwsR1Rc5CyzRbcTFtNLzFpump,Daisy,Daisy,solana,0.000004893,256,524288,524288,524288,4096,4096,4096,16,7,3157,2233,1775788309000,pumpswap,REPEAT
2026-04-10T03:46:57.430Z,5552z6Qp2xr596ox1UVN4ppDwwyjCfY8cXwzHMXgMcaS,MOLTING,Molting,solana,0.001277,512,16384,131072,262144,131072,1048576,1048576,7,4,153,130,1769857955000,orca,REPEAT
2026-04-10T03:46:57.430Z,BBYEvoXYaWQxvWb2x4ugwAPnVTiqqoFtxHLtagf3PEPE,BABYPEPE,BABYPEPE,solana,0.00003133,256,2048,131072,131072,16384,32768,32768,7,,31,33,1775781591000,pumpswap,REPEAT
2026-04-10T03:46:57.430Z,9YiTzXRbgoE1MtyxQ4sGF3vbdX944HNdcBmVpPQppump,umi,umi,solana,0.00002931,256,2048,8192,32768,16384,32768,32768,4,3,40,38,1774642896000,pumpswap,REPEAT
2026-04-10T03:46:57.430Z,AHFQ4tB5Fj1HTCB6sQ7MdtJf5fUHS7pdJ9sZAK3tpump,Mythos,Claude Mythos,solana,0.0003033,256,16384,131072,262144,65536,262144,262144,5,3,91,63,1774618831000,pumpswap,REPEAT
2026-04-10T03:46:57.430Z,Fc1mGwtNZthtxfaKDLvTMJXjM2Bvyy5XtHq9Jarupump,Enough,Enough To Live,solana,0.00001159,256,2048,16384,262144,8192,16384,16384,6,2,46,29,1775748691000,pumpswap,REPEAT
2026-04-10T03:46:57.430Z,7WgtNx2R5tVw98PdZuhgjbcDkEtaxyEFDxWtYQ5nbonk,Barron ,Official Barron Coin,solana,0.00006094,256,8192,131072,262144,16384,65536,65536,7,2,152,70,1775762127000,raydium,REPEAT
2026-04-10T03:46:57.430Z,6XjY7mBgYNEV8tk6NxybMF1RdkSuWopCSHW9ejJ5DHwn,IMAGINE,Grok Imagine,solana,0.00002123,,8,512,8192,16384,16384,16384,,,1,1,1773975732000,pumpswap,REPEAT
2026-04-10T03:46:57.430Z,CmtYYjTBYxj5ExeyREFoM5gMNDo4GQ4sjrE7Vx9upump,HUNTER,HunterBidenSmokingCrackCoin,solana,0.00001820,2048,16384,65536,65536,,16384,16384,26,7,263,211,1775779065000,pumpfun,REPEAT
2026-04-10T03:46:57.430Z,9SeCSdbPzz95KomGUGEV9Shn2zGXNmMJhE9J72Hipump,Iroha,イロハ,solana,0.0009449,2048,65536,262144,2097152,65536,1048576,1048576,32,17,637,446,1775525060000,pumpswap,REPEAT
2026-04-10T03:46:57.430Z,2f4sWXXaXKHuQArYh94pddb7hkGWATp9MFScy26tpump,FART,Fart,solana,0.000005592,,512,2097152,2097152,8192,4096,4096,,,7,17,1775779711000,pumpswap,REPEAT
2026-04-10T03:46:57.430Z,ATgsKWXnmEyrv3BvBndyQP55Xg49RhhGgFktasv2pump,SOLTAR,Soltar,solana,0.00004393,,32,512,2048,16384,32768,32768,,,2,,1774183067000,pumpswap,REPEAT
2026-04-10T03:46:57.430Z,61bSahZBWZgws8HQNSV57mtASrDAN3HBT9DwQNG3Bjt,mememan,Meme Man,solana,0.00009458,512,8192,65536,131072,32768,131072,131072,12,3,221,110,1775463353000,pumpswap,REPEAT
2026-04-10T03:46:57.430Z,2f4sWXXaXKHuQArYh94pddb7hkGWATp9MFScy26tpump,FART,Fart,solana,0.000005592,,512,2097152,2097152,8192,4096,4096,,,7,17,1775779711000,pumpswap,REPEAT
2026-04-10T03:46:57.430Z,98t9PEJF5QvAdGhu3MuQ2ww57NkRV1Rg7evSZNFxpump,$BABYTAN,BabyTan,solana,0.000009367,1,256,4096,16384,,8192,8192,1,,6,2,1775571529000,pumpfun,REPEAT
2026-04-10T03:46:57.430Z,3W837NEB9cwzE6Awb9iyrRBy72zaeCNy2Zcsx2Tzpump,CHITOSHI,Satoshification,solana,0.000005656,1,1024,1048576,1048576,8192,4096,4096,1,1,17,21,1775779700000,pumpswap,REPEAT
2026-04-10T03:46:57.430Z,3TYgKwkE2Y3rxdw9osLRSpxpXmSC1C1oo19W9KHspump,BULL,Bull,solana,0.001910,2048,16384,131072,1048576,131072,2097152,2097152,21,21,498,319,1774278163000,pumpswap,REPEAT
2026-04-10T03:46:57.430Z,QPXY96HU7oCpqTYV8xH17DYyjbyp6mGiGcW922Lgvpr,KACHIBI2,Kawaii Chibi V2 ,solana,0.0000001984,,32,8192,16384,8192,16384,16384,,,1,3,1775505502000,raydium,REPEAT
2026-04-10T03:46:57.430Z,2f4sWXXaXKHuQArYh94pddb7hkGWATp9MFScy26tpump,FART,Fart,solana,0.000005592,,512,2097152,2097152,8192,4096,4096,,,7,17,1775779711000,pumpswap,REPEAT
2026-04-10T03:46:57.430Z,H1CknM7TXz134nY5YT7KUYG6fL2Egn4ieLyzkTk7BAGS,PUNCH,パンチ,solana,0.0003783,4096,65536,262144,524288,32768,524288,524288,21,12,451,272,1775694809000,meteora,REPEAT
2026-04-10T03:46:57.430Z,xmYmMCUFuQ6mVu9yNs44KPz3ALyrntyhivueaw3pump,Sora,ソラちゃん,solana,0.0001512,16384,131072,524288,524288,32768,131072,131072,136,69,1581,987,1775782979000,pumpswap,REPEAT
2026-04-10T03:46:57.430Z,HdB3FdEqpjnBnFDXGiBjuED2RYsVJFTqwwCY5BfhjgAx,BWT,OFFICIAL BARRON WILLIAM TRUMP,solana,0.00002158,1024,8192,524288,524288,16384,16384,16384,34,9,232,140,1775776887000,pumpswap,REPEAT
2026-04-10T03:46:57.430Z,2AMYvN5zvXMC9ueA6vznaiaEqWrjpxHCisa2Nuc5pump,Chicky,Chicky,solana,0.00009804,8,1024,16384,65536,32768,131072,131072,,1,10,15,1774938227000,pumpswap,REPEAT
2026-04-10T03:46:57.430Z,6cfu6Qkqb4BhQ552DMJ2txLSxT7nfv7V69WhyEHTpump,Lizard ,The Waving Lizard ,solana,0.000005495,64,1024,16384,32768,,4096,4096,1,,12,6,1775728143000,pumpfun,REPEAT
2026-04-10T03:46:57.430Z,9AEtb967xTMosjp9XFhvHLhscPNYgDWc15jFAZR8pump,RƎ́V,REVÉRSÉ SOCIETY,solana,0.0001629,128,2048,8192,32768,32768,131072,131072,2,2,39,18,1775691640000,pumpswap,REPEAT
2026-04-10T03:46:57.430Z,HdB3FdEqpjnBnFDXGiBjuED2RYsVJFTqwwCY5BfhjgAx,BWT,OFFICIAL BARRON WILLIAM TRUMP,solana,0.00002158,1024,8192,524288,524288,16384,16384,16384,34,9,232,140,1775776887000,pumpswap,REPEAT
2026-04-10T03:46:57.430Z,rG49p6sSbBsrbWbsdEhFFe15uq5nch2eSnQLV4fpump,XPX,XPXpay,solana,0.0005443,128,512,16384,131072,65536,524288,524288,2,2,15,10,1775717482000,pumpswap,REPEAT
2026-04-10T03:46:57.430Z,4YiLHDR4B4pE4R5GUMA8HG8YunyeLwcobtEtvwMupump,ROCKET,ROCKET,solana,0.0003692,1024,8192,32768,262144,65536,262144,262144,68,46,832,597,1775048719000,pumpswap,REPEAT
2026-04-10T03:51:57.430Z,FaBG5QafPfxKJLDDz4jesLothFrjcjeS96SMnWLepump,Hotate,ほたてくん,solana,0.00001774,1024,32768,32768,32768,,16384,16384,31,12,649,429,1775789595000,pumpfun,REPEAT
2026-04-10T03:51:57.430Z,9wcYq6LTC4vqgAWr5VQLwsR1Rc5CyzRbcTFtNLzFpump,Daisy,Daisy,solana,0.000004960,64,262144,524288,524288,4096,4096,4096,1,9,2747,1996,1775788309000,pumpswap,REPEAT
2026-04-10T03:51:57.430Z,5552z6Qp2xr596ox1UVN4ppDwwyjCfY8cXwzHMXgMcaS,MOLTING,Molting,solana,0.001329,1024,16384,131072,262144,131072,1048576,1048576,9,5,137,103,1769857955000,orca,REPEAT
2026-04-10T03:51:57.430Z,BBYEvoXYaWQxvWb2x4ugwAPnVTiqqoFtxHLtagf3PEPE,BABYPEPE,BABYPEPE,solana,0.00003133,,2048,131072,131072,16384,32768,32768,,,31,27,1775781591000,pumpswap,REPEAT
2026-04-10T03:51:57.430Z,9YiTzXRbgoE1MtyxQ4sGF3vbdX944HNdcBmVpPQppump,umi,umi,solana,0.00002912,128,2048,8192,32768,16384,32768,32768,2,3,40,39,1774642896000,pumpswap,REPEAT
2026-04-10T03:51:57.430Z,AHFQ4tB5Fj1HTCB6sQ7MdtJf5fUHS7pdJ9sZAK3tpump,Mythos,Claude Mythos,solana,0.0002923,512,8192,131072,262144,65536,262144,262144,2,5,80,64,1774618831000,pumpswap,REPEAT
2026-04-10T03:51:57.430Z,Fc1mGwtNZthtxfaKDLvTMJXjM2Bvyy5XtHq9Jarupump,Enough,Enough To Live,solana,0.00001222,128,2048,16384,262144,8192,16384,16384,2,,48,26,1775748691000,pumpswap,REPEAT
2026-04-10T03:51:57.430Z,7WgtNx2R5tVw98PdZuhgjbcDkEtaxyEFDxWtYQ5nbonk,Barron ,Official Barron Coin,solana,0.00006704,1024,4096,131072,262144,32768,65536,65536,9,5,123,71,1775762127000,raydium,REPEAT
2026-04-10T03:51:57.430Z,6XjY7mBgYNEV8tk6NxybMF1RdkSuWopCSHW9ejJ5DHwn,IMAGINE,Grok Imagine,solana,0.00002081,32,64,512,8192,16384,16384,16384,,1,1,2,1773975732000,pumpswap,REPEAT
2026-04-10T03:51:57.430Z,CmtYYjTBYxj5ExeyREFoM5gMNDo4GQ4sjrE7Vx9upump,HUNTER,HunterBidenSmokingCrackCoin,solana,0.00001692,1024,16384,131072,131072,,16384,16384,5,8,221,172,1775779065000,pumpfun,REPEAT
2026-04-10T03:51:57.430Z,9SeCSdbPzz95KomGUGEV9Shn2zGXNmMJhE9J72Hipump,Iroha,イロハ,solana,0.0009313,4096,65536,262144,2097152,65536,1048576,1048576,34,14,656,433,1775525060000,pumpswap,REPEAT
2026-04-10T03:51:57.430Z,2f4sWXXaXKHuQArYh94pddb7hkGWATp9MFScy26tpump,FART,Fart,solana,0.000005374,4,512,2097152,2097152,8192,4096,4096,1,1,8,17,1775779711000,pumpswap,REPEAT
2026-04-10T03:51:57.430Z,ATgsKWXnmEyrv3BvBndyQP55Xg49RhhGgFktasv2pump,SOLTAR,Soltar,solana,0.00004393,,32,512,2048,16384,32768,32768,,,2,,1774183067000,pumpswap,REPEAT
2026-04-10T03:51:57.430Z,61bSahZBWZgws8HQNSV57mtASrDAN3HBT9DwQNG3Bjt,mememan,Meme Man,solana,0.00009545,256,8192,65536,131072,32768,131072,131072,3,3,220,109,1775463353000,pumpswap,REPEAT
2026-04-10T03:51:57.430Z,2f4sWXXaXKHuQArYh94pddb7hkGWATp9MFScy26tpump,FART,Fart,solana,0.000005374,4,512,2097152,2097152,8192,4096,4096,1,1,8,17,1775779711000,pumpswap,REPEAT
2026-04-10T03:51:57.430Z,98t9PEJF5QvAdGhu3MuQ2ww57NkRV1Rg7evSZNFxpump,$BABYTAN,BabyTan,solana,0.000009367,,256,4096,16384,,8192,8192,,,6,2,1775571529000,pumpfun,REPEAT
2026-04-10T03:51:57.430Z,3W837NEB9cwzE6Awb9iyrRBy72zaeCNy2Zcsx2Tzpump,CHITOSHI,Satoshification,solana,0.000005458,32,1024,1048576,1048576,8192,4096,4096,,3,16,24,1775779700000,pumpswap,REPEAT
2026-04-10T03:51:57.430Z,3TYgKwkE2Y3rxdw9osLRSpxpXmSC1C1oo19W9KHspump,BULL,Bull,solana,0.001939,2048,16384,131072,1048576,131072,2097152,2097152,61,21,499,312,1774278163000,pumpswap,REPEAT
2026-04-10T03:51:57.430Z,QPXY96HU7oCpqTYV8xH17DYyjbyp6mGiGcW922Lgvpr,KACHIBI2,Kawaii Chibi V2 ,solana,0.0000001989,2,32,8192,16384,8192,16384,16384,1,,2,2,1775505502000,raydium,REPEAT
2026-04-10T03:51:57.430Z,2f4sWXXaXKHuQArYh94pddb7hkGWATp9MFScy26tpump,FART,Fart,solana,0.000005374,4,512,2097152,2097152,8192,4096,4096,1,1,8,17,1775779711000,pumpswap,REPEAT
2026-04-10T03:51:57.430Z,H1CknM7TXz134nY5YT7KUYG6fL2Egn4ieLyzkTk7BAGS,PUNCH,パンチ,solana,0.0003248,2048,65536,262144,524288,32768,262144,262144,11,14,421,266,1775694809000,meteora,REPEAT
2026-04-10T03:51:57.430Z,xmYmMCUFuQ6mVu9yNs44KPz3ALyrntyhivueaw3pump,Sora,ソラちゃん,solana,0.0001285,8192,131072,524288,524288,32768,131072,131072,82,58,1614,1018,1775782979000,pumpswap,REPEAT
2026-04-10T03:51:57.430Z,HdB3FdEqpjnBnFDXGiBjuED2RYsVJFTqwwCY5BfhjgAx,BWT,OFFICIAL BARRON WILLIAM TRUMP,solana,0.00002054,512,8192,524288,524288,8192,16384,16384,15,18,224,148,1775776887000,pumpswap,REPEAT
2026-04-10T03:51:57.430Z,2AMYvN5zvXMC9ueA6vznaiaEqWrjpxHCisa2Nuc5pump,Chicky,Chicky,solana,0.00009778,16,1024,16384,65536,32768,131072,131072,,1,10,14,1774938227000,pumpswap,REPEAT
2026-04-10T03:51:57.430Z,6cfu6Qkqb4BhQ552DMJ2txLSxT7nfv7V69WhyEHTpump,Lizard ,The Waving Lizard ,solana,0.000005495,,512,16384,32768,,4096,4096,,,10,6,1775728143000,pumpfun,REPEAT
2026-04-10T03:51:57.430Z,9AEtb967xTMosjp9XFhvHLhscPNYgDWc15jFAZR8pump,RƎ́V,REVÉRSÉ SOCIETY,solana,0.0001639,128,1024,8192,32768,32768,131072,131072,2,,33,18,1775691640000,pumpswap,REPEAT
2026-04-10T03:51:57.430Z,HdB3FdEqpjnBnFDXGiBjuED2RYsVJFTqwwCY5BfhjgAx,BWT,OFFICIAL BARRON WILLIAM TRUMP,solana,0.00002054,512,8192,524288,524288,8192,16384,16384,15,18,224,148,1775776887000,pumpswap,REPEAT
2026-04-10T03:51:57.430Z,rG49p6sSbBsrbWbsdEhFFe15uq5nch2eSnQLV4fpump,XPX,XPXpay,solana,0.0005375,256,1024,16384,131072,65536,524288,524288,5,3,20,12,1775717482000,pumpswap,REPEAT
2026-04-10T03:51:57.430Z,4YiLHDR4B4pE4R5GUMA8HG8YunyeLwcobtEtvwMupump,ROCKET,ROCKET,solana,0.0003601,1024,8192,32768,262144,65536,262144,262144,73,43,842,593,1775048719000,pumpswap,REPEAT
2026-04-10T03:56:57.431Z,FaBG5QafPfxKJLDDz4jesLothFrjcjeS96SMnWLepump,Hotate,ほたてくん,solana,0.00001789,1024,32768,32768,32768,,16384,16384,18,13,450,313,1775789595000,pumpfun,REPEAT
2026-04-10T03:56:57.431Z,9wcYq6LTC4vqgAWr5VQLwsR1Rc5CyzRbcTFtNLzFpump,Daisy,Daisy,solana,0.000005114,32,262144,524288,524288,4096,4096,4096,3,3,2196,1667,1775788309000,pumpswap,REPEAT
2026-04-10T03:56:57.431Z,5552z6Qp2xr596ox1UVN4ppDwwyjCfY8cXwzHMXgMcaS,MOLTING,Molting,solana,0.001348,1024,8192,131072,262144,131072,1048576,1048576,6,8,116,105,1769857955000,orca,REPEAT
2026-04-10T03:56:57.431Z,BBYEvoXYaWQxvWb2x4ugwAPnVTiqqoFtxHLtagf3PEPE,BABYPEPE,BABYPEPE,solana,0.00003058,256,1024,131072,131072,16384,32768,32768,2,3,26,26,1775781591000,pumpswap,REPEAT
2026-04-10T03:56:57.431Z,9YiTzXRbgoE1MtyxQ4sGF3vbdX944HNdcBmVpPQppump,umi,umi,solana,0.00002909,128,2048,8192,32768,16384,32768,32768,3,2,42,39,1774642896000,pumpswap,REPEAT
2026-04-10T03:56:57.431Z,AHFQ4tB5Fj1HTCB6sQ7MdtJf5fUHS7pdJ9sZAK3tpump,Mythos,Claude Mythos,solana,0.0002761,512,8192,131072,262144,32768,262144,262144,4,4,57,57,1774618831000,pumpswap,REPEAT
2026-04-10T03:56:57.431Z,Fc1mGwtNZthtxfaKDLvTMJXjM2Bvyy5XtHq9Jarupump,Enough,Enough To Live,solana,0.00001208,256,2048,16384,262144,8192,16384,16384,7,2,54,28,1775748691000,pumpswap,REPEAT
2026-04-10T03:56:57.431Z,7WgtNx2R5tVw98PdZuhgjbcDkEtaxyEFDxWtYQ5nbonk,Barron ,Official Barron Coin,solana,0.00006639,2,4096,131072,262144,32768,65536,65536,1,1,113,66,1775762127000,raydium,REPEAT
2026-04-10T03:56:57.431Z,6XjY7mBgYNEV8tk6NxybMF1RdkSuWopCSHW9ejJ5DHwn,IMAGINE,Grok Imagine,solana,0.00002113,64,128,512,8192,16384,16384,16384,1,,2,2,1773975732000,pumpswap,REPEAT
2026-04-10T03:56:57.431Z,CmtYYjTBYxj5ExeyREFoM5gMNDo4GQ4sjrE7Vx9upump,HUNTER,HunterBidenSmokingCrackCoin,solana,0.00001464,1024,16384,131072,131072,,16384,16384,9,8,217,131,1775779065000,pumpfun,REPEAT
2026-04-10T03:56:57.431Z,9SeCSdbPzz95KomGUGEV9Shn2zGXNmMJhE9J72Hipump,Iroha,イロハ,solana,0.0009179,2048,65536,262144,2097152,65536,1048576,1048576,14,16,649,432,1775525060000,pumpswap,REPEAT
2026-04-10T03:56:57.431Z,2f4sWXXaXKHuQArYh94pddb7hkGWATp9MFScy26tpump,FART,Fart,solana,0.000005374,,512,2097152,2097152,8192,4096,4096,,,8,17,1775779711000,pumpswap,REPEAT
2026-04-10T03:56:57.431Z,ATgsKWXnmEyrv3BvBndyQP55Xg49RhhGgFktasv2pump,SOLTAR,Soltar,solana,0.00004393,,32,512,2048,16384,32768,32768,,,2,,1774183067000,pumpswap,REPEAT
2026-04-10T03:56:57.431Z,61bSahZBWZgws8HQNSV57mtASrDAN3HBT9DwQNG3Bjt,mememan,Meme Man,solana,0.00009460,256,8192,65536,131072,32768,131072,131072,6,6,207,114,1775463353000,pumpswap,REPEAT
2026-04-10T03:56:57.431Z,2f4sWXXaXKHuQArYh94pddb7hkGWATp9MFScy26tpump,FART,Fart,solana,0.000005374,,512,2097152,2097152,8192,4096,4096,,,8,17,1775779711000,pumpswap,REPEAT
2026-04-10T03:56:57.431Z,98t9PEJF5QvAdGhu3MuQ2ww57NkRV1Rg7evSZNFxpump,$BABYTAN,BabyTan,solana,0.000009367,,256,4096,16384,,8192,8192,,,6,2,1775571529000,pumpfun,REPEAT
2026-04-10T03:56:57.431Z,3W837NEB9cwzE6Awb9iyrRBy72zaeCNy2Zcsx2Tzpump,CHITOSHI,Satoshification,solana,0.000005752,2048,4096,1048576,1048576,8192,4096,4096,18,15,33,35,1775779700000,pumpswap,REPEAT
2026-04-10T03:56:57.431Z,3TYgKwkE2Y3rxdw9osLRSpxpXmSC1C1oo19W9KHspump,BULL,Bull,solana,0.001946,1024,16384,131072,1048576,131072,2097152,2097152,15,20,415,305,1774278163000,pumpswap,REPEAT
2026-04-10T03:56:57.431Z,QPXY96HU7oCpqTYV8xH17DYyjbyp6mGiGcW922Lgvpr,KACHIBI2,Kawaii Chibi V2 ,solana,0.0000001989,,32,8192,16384,8192,16384,16384,,,2,,1775505502000,raydium,REPEAT
2026-04-10T03:56:57.431Z,2f4sWXXaXKHuQArYh94pddb7hkGWATp9MFScy26tpump,FART,Fart,solana,0.000005374,,512,2097152,2097152,8192,4096,4096,,,8,17,1775779711000,pumpswap,REPEAT
2026-04-10T03:56:57.431Z,H1CknM7TXz134nY5YT7KUYG6fL2Egn4ieLyzkTk7BAGS,PUNCH,パンチ,solana,0.0003295,4096,65536,262144,524288,32768,262144,262144,22,14,369,227,1775694809000,meteora,REPEAT
2026-04-10T03:56:57.431Z,xmYmMCUFuQ6mVu9yNs44KPz3ALyrntyhivueaw3pump,Sora,ソラちゃん,solana,0.0001136,4096,131072,524288,524288,32768,131072,131072,54,62,1463,961,1775782979000,pumpswap,REPEAT
2026-04-10T03:56:57.431Z,HdB3FdEqpjnBnFDXGiBjuED2RYsVJFTqwwCY5BfhjgAx,BWT,OFFICIAL BARRON WILLIAM TRUMP,solana,0.00002423,512,8192,524288,524288,16384,32768,32768,20,8,216,138,1775776887000,pumpswap,REPEAT
2026-04-10T03:56:57.431Z,2AMYvN5zvXMC9ueA6vznaiaEqWrjpxHCisa2Nuc5pump,Chicky,Chicky,solana,0.00009778,,512,16384,65536,32768,131072,131072,,,7,13,1774938227000,pumpswap,REPEAT
2026-04-10T03:56:57.431Z,6cfu6Qkqb4BhQ552DMJ2txLSxT7nfv7V69WhyEHTpump,Lizard ,The Waving Lizard ,solana,0.000005495,,512,16384,32768,,4096,4096,,,9,6,1775728143000,pumpfun,REPEAT
2026-04-10T03:56:57.431Z,9AEtb967xTMosjp9XFhvHLhscPNYgDWc15jFAZR8pump,RƎ́V,REVÉRSÉ SOCIETY,solana,0.0001650,4,1024,8192,32768,32768,131072,131072,2,,32,16,1775691640000,pumpswap,REPEAT
2026-04-10T03:56:57.431Z,HdB3FdEqpjnBnFDXGiBjuED2RYsVJFTqwwCY5BfhjgAx,BWT,OFFICIAL BARRON WILLIAM TRUMP,solana,0.00002423,512,8192,524288,524288,16384,32768,32768,20,8,216,138,1775776887000,pumpswap,REPEAT
2026-04-10T03:56:57.431Z,rG49p6sSbBsrbWbsdEhFFe15uq5nch2eSnQLV4fpump,XPX,XPXpay,solana,0.0005367,16,1024,16384,131072,65536,524288,524288,,2,20,14,1775717482000,pumpswap,REPEAT
2026-04-10T03:56:57.431Z,4YiLHDR4B4pE4R5GUMA8HG8YunyeLwcobtEtvwMupump,ROCKET,ROCKET,solana,0.0003638,128,8192,32768,262144,65536,262144,262144,69,48,829,590,1775048719000,pumpswap,REPEAT
2026-04-10T04:01:57.431Z,2ZKy5wqQ59fxeTiUEVLrL24XseTPhizSwpn2R5hfpump,LOLNAH,The Disbelief Coin,solana,0.000006514,8192,8192,8192,8192,,8192,8192,143,76,149,80,1775792505000,pumpfun,NEW
2026-04-10T04:01:57.431Z,FaBG5QafPfxKJLDDz4jesLothFrjcjeS96SMnWLepump,Hotate,ほたてくん,solana,0.00001869,2048,32768,65536,65536,,16384,16384,16,22,385,253,1775789595000,pumpfun,REPEAT
2026-04-10T04:01:57.431Z,9wcYq6LTC4vqgAWr5VQLwsR1Rc5CyzRbcTFtNLzFpump,Daisy,Daisy,solana,0.000005394,128,131072,524288,524288,8192,4096,4096,8,1,1523,1330,1775788309000,pumpswap,REPEAT
2026-04-10T04:01:57.431Z,5552z6Qp2xr596ox1UVN4ppDwwyjCfY8cXwzHMXgMcaS,MOLTING,Molting,solana,0.001336,512,8192,131072,262144,131072,1048576,1048576,5,6,114,108,1769857955000,orca,REPEAT
2026-04-10T04:01:57.431Z,BBYEvoXYaWQxvWb2x4ugwAPnVTiqqoFtxHLtagf3PEPE,BABYPEPE,BABYPEPE,solana,0.00003058,,1024,131072,131072,16384,32768,32768,,,18,26,1775781591000,pumpswap,REPEAT
2026-04-10T04:01:57.431Z,9YiTzXRbgoE1MtyxQ4sGF3vbdX944HNdcBmVpPQppump,umi,umi,solana,0.00002904,64,2048,8192,32768,16384,32768,32768,3,2,43,38,1774642896000,pumpswap,REPEAT
2026-04-10T04:01:57.431Z,AHFQ4tB5Fj1HTCB6sQ7MdtJf5fUHS7pdJ9sZAK3tpump,Mythos,Claude Mythos,solana,0.0002733,128,8192,131072,262144,32768,262144,262144,1,3,52,56,1774618831000,pumpswap,REPEAT
2026-04-10T04:01:57.431Z,Fc1mGwtNZthtxfaKDLvTMJXjM2Bvyy5XtHq9Jarupump,Enough,Enough To Live,solana,0.00001112,256,2048,16384,262144,8192,8192,8192,,2,39,29,1775748691000,pumpswap,REPEAT
2026-04-10T04:01:57.431Z,7WgtNx2R5tVw98PdZuhgjbcDkEtaxyEFDxWtYQ5nbonk,Barron ,Official Barron Coin,solana,0.00006310,512,4096,131072,262144,32768,65536,65536,5,3,105,61,1775762127000,raydium,REPEAT
2026-04-10T04:01:57.431Z,6XjY7mBgYNEV8tk6NxybMF1RdkSuWopCSHW9ejJ5DHwn,IMAGINE,Grok Imagine,solana,0.00002113,,128,512,8192,16384,16384,16384,,,2,2,1773975732000,pumpswap,REPEAT
2026-04-10T04:01:57.431Z,CmtYYjTBYxj5ExeyREFoM5gMNDo4GQ4sjrE7Vx9upump,HUNTER,HunterBidenSmokingCrackCoin,solana,0.00001512,512,16384,131072,131072,,16384,16384,7,4,201,121,1775779065000,pumpfun,REPEAT
2026-04-10T04:01:57.431Z,9SeCSdbPzz95KomGUGEV9Shn2zGXNmMJhE9J72Hipump,Iroha,イロハ,solana,0.0009295,2048,65536,262144,2097152,65536,1048576,1048576,19,21,653,441,1775525060000,pumpswap,REPEAT
2026-04-10T04:01:57.431Z,2f4sWXXaXKHuQArYh94pddb7hkGWATp9MFScy26tpump,FART,Fart,solana,0.000005374,,512,2097152,2097152,8192,4096,4096,,,8,15,1775779711000,pumpswap,REPEAT
2026-04-10T04:01:57.431Z,ATgsKWXnmEyrv3BvBndyQP55Xg49RhhGgFktasv2pump,SOLTAR,Soltar,solana,0.00004286,64,64,1024,2048,16384,32768,32768,,1,,1,1774183067000,pumpswap,REPEAT
2026-04-10T04:01:57.431Z,61bSahZBWZgws8HQNSV57mtASrDAN3HBT9DwQNG3Bjt,mememan,Meme Man,solana,0.00009085,128,8192,65536,131072,32768,65536,65536,1,5,206,117,1775463353000,pumpswap,REPEAT
2026-04-10T04:01:57.431Z,2f4sWXXaXKHuQArYh94pddb7hkGWATp9MFScy26tpump,FART,Fart,solana,0.000005374,,512,2097152,2097152,8192,4096,4096,,,8,15,1775779711000,pumpswap,REPEAT
2026-04-10T04:01:57.431Z,98t9PEJF5QvAdGhu3MuQ2ww57NkRV1Rg7evSZNFxpump,$BABYTAN,BabyTan,solana,0.000009367,,256,4096,16384,,8192,8192,,,6,1,1775571529000,pumpfun,REPEAT
2026-04-10T04:01:57.431Z,3W837NEB9cwzE6Awb9iyrRBy72zaeCNy2Zcsx2Tzpump,CHITOSHI,Satoshification,solana,0.000006216,128,4096,1048576,1048576,8192,8192,8192,5,1,39,32,1775779700000,pumpswap,REPEAT
2026-04-10T04:01:57.431Z,3TYgKwkE2Y3rxdw9osLRSpxpXmSC1C1oo19W9KHspump,BULL,Bull,solana,0.002003,4096,16384,131072,1048576,131072,2097152,2097152,99,92,473,370,1774278163000,pumpswap,REPEAT
2026-04-10T04:01:57.431Z,QPXY96HU7oCpqTYV8xH17DYyjbyp6mGiGcW922Lgvpr,KACHIBI2,Kawaii Chibi V2 ,solana,0.0000002225,256,256,8192,16384,8192,16384,16384,1,,3,,1775505502000,raydium,REPEAT
2026-04-10T04:01:57.431Z,2f4sWXXaXKHuQArYh94pddb7hkGWATp9MFScy26tpump,FART,Fart,solana,0.000005374,,512,2097152,2097152,8192,4096,4096,,,8,15,1775779711000,pumpswap,REPEAT
2026-04-10T04:01:57.431Z,H1CknM7TXz134nY5YT7KUYG6fL2Egn4ieLyzkTk7BAGS,PUNCH,パンチ,solana,0.0002790,4096,65536,262144,524288,32768,262144,262144,32,20,350,229,1775694809000,meteora,REPEAT
2026-04-10T04:01:57.431Z,xmYmMCUFuQ6mVu9yNs44KPz3ALyrntyhivueaw3pump,Sora,ソラちゃん,solana,0.0001029,4096,131072,524288,524288,32768,131072,131072,54,43,1274,850,1775782979000,pumpswap,REPEAT
2026-04-10T04:01:57.431Z,HdB3FdEqpjnBnFDXGiBjuED2RYsVJFTqwwCY5BfhjgAx,BWT,OFFICIAL BARRON WILLIAM TRUMP,solana,0.00002933,2048,8192,524288,524288,16384,32768,32768,39,20,249,150,1775776887000,pumpswap,REPEAT
2026-04-10T04:01:57.431Z,2AMYvN5zvXMC9ueA6vznaiaEqWrjpxHCisa2Nuc5pump,Chicky,Chicky,solana,0.00009778,,512,16384,65536,32768,131072,131072,,,7,11,1774938227000,pumpswap,REPEAT
2026-04-10T04:01:57.431Z,6cfu6Qkqb4BhQ552DMJ2txLSxT7nfv7V69WhyEHTpump,Lizard ,The Waving Lizard ,solana,0.000005495,,512,16384,32768,,4096,4096,,,8,5,1775728143000,pumpfun,REPEAT
2026-04-10T04:01:57.431Z,9AEtb967xTMosjp9XFhvHLhscPNYgDWc15jFAZR8pump,RƎ́V,REVÉRSÉ SOCIETY,solana,0.0001650,,1024,8192,32768,32768,131072,131072,,,32,15,1775691640000,pumpswap,REPEAT
2026-04-10T04:01:57.431Z,HdB3FdEqpjnBnFDXGiBjuED2RYsVJFTqwwCY5BfhjgAx,BWT,OFFICIAL BARRON WILLIAM TRUMP,solana,0.00002933,2048,8192,524288,524288,16384,32768,32768,39,20,249,150,1775776887000,pumpswap,REPEAT
2026-04-10T04:01:57.431Z,rG49p6sSbBsrbWbsdEhFFe15uq5nch2eSnQLV4fpump,XPX,XPXpay,solana,0.0005432,8,1024,16384,131072,65536,524288,524288,1,,21,14,1775717482000,pumpswap,REPEAT
2026-04-10T04:06:57.433Z,98t9PEJF5QvAdGhu3MuQ2ww57NkRV1Rg7evSZNFxpump,$BABYTAN,BabyTan,solana,0.000009367,,256,4096,16384,,8192,8192,,,5,1,1775571529000,pumpfun,REPEAT
2026-04-10T04:06:57.433Z,2ZKy5wqQ59fxeTiUEVLrL24XseTPhizSwpn2R5hfpump,LOLNAH,The Disbelief Coin,solana,0.000005325,2048,8192,8192,8192,,4096,4096,47,33,195,113,1775792505000,pumpfun,REPEAT
2026-04-10T04:06:57.433Z,FaBG5QafPfxKJLDDz4jesLothFrjcjeS96SMnWLepump,Hotate,ほたてくん,solana,0.00001779,2048,32768,65536,65536,,16384,16384,18,16,358,238,1775789595000,pumpfun,REPEAT
2026-04-10T04:06:57.433Z,9wcYq6LTC4vqgAWr5VQLwsR1Rc5CyzRbcTFtNLzFpump,Daisy,Daisy,solana,0.000006216,256,65536,524288,524288,8192,8192,8192,16,6,1061,1072,1775788309000,pumpswap,REPEAT
2026-04-10T04:06:57.433Z,5552z6Qp2xr596ox1UVN4ppDwwyjCfY8cXwzHMXgMcaS,MOLTING,Molting,solana,0.001353,2048,16384,131072,262144,131072,1048576,1048576,7,12,111,105,1769857955000,orca,REPEAT
2026-04-10T04:06:57.433Z,BBYEvoXYaWQxvWb2x4ugwAPnVTiqqoFtxHLtagf3PEPE,BABYPEPE,BABYPEPE,solana,0.00003025,32,1024,131072,131072,16384,32768,32768,,3,17,24,1775781591000,pumpswap,REPEAT
2026-04-10T04:06:57.433Z,9YiTzXRbgoE1MtyxQ4sGF3vbdX944HNdcBmVpPQppump,umi,umi,solana,0.00002891,128,2048,8192,32768,16384,32768,32768,4,5,45,41,1774642896000,pumpswap,REPEAT
2026-04-10T04:06:57.433Z,AHFQ4tB5Fj1HTCB6sQ7MdtJf5fUHS7pdJ9sZAK3tpump,Mythos,Claude Mythos,solana,0.0002624,1024,8192,131072,262144,32768,262144,262144,7,4,52,50,1774618831000,pumpswap,REPEAT
2026-04-10T04:06:57.433Z,Fc1mGwtNZthtxfaKDLvTMJXjM2Bvyy5XtHq9Jarupump,Enough,Enough To Live,solana,0.000009954,16,2048,16384,262144,8192,8192,8192,3,,40,33,1775748691000,pumpswap,REPEAT
2026-04-10T04:06:57.433Z,7WgtNx2R5tVw98PdZuhgjbcDkEtaxyEFDxWtYQ5nbonk,Barron ,Official Barron Coin,solana,0.00006318,32,4096,131072,262144,32768,65536,65536,1,,95,58,1775762127000,raydium,REPEAT
2026-04-10T04:06:57.433Z,6XjY7mBgYNEV8tk6NxybMF1RdkSuWopCSHW9ejJ5DHwn,IMAGINE,Grok Imagine,solana,0.00002113,,128,512,8192,16384,16384,16384,,,2,2,1773975732000,pumpswap,REPEAT
2026-04-10T04:06:57.433Z,CmtYYjTBYxj5ExeyREFoM5gMNDo4GQ4sjrE7Vx9upump,HUNTER,HunterBidenSmokingCrackCoin,solana,0.00001609,1024,16384,131072,131072,,16384,16384,15,7,190,117,1775779065000,pumpfun,REPEAT
2026-04-10T04:06:57.433Z,9SeCSdbPzz95KomGUGEV9Shn2zGXNmMJhE9J72Hipump,Iroha,イロハ,solana,0.0009526,2048,65536,262144,2097152,65536,1048576,1048576,6,16,646,450,1775525060000,pumpswap,REPEAT
2026-04-10T04:06:57.433Z,2f4sWXXaXKHuQArYh94pddb7hkGWATp9MFScy26tpump,FART,Fart,solana,0.000005365,4,256,2097152,2097152,8192,4096,4096,,2,2,15,1775779711000,pumpswap,REPEAT
2026-04-10T04:06:57.433Z,ATgsKWXnmEyrv3BvBndyQP55Xg49RhhGgFktasv2pump,SOLTAR,Soltar,solana,0.00004286,,64,1024,2048,16384,32768,32768,,,,1,1774183067000,pumpswap,REPEAT
2026-04-10T04:06:57.433Z,61bSahZBWZgws8HQNSV57mtASrDAN3HBT9DwQNG3Bjt,mememan,Meme Man,solana,0.00009213,16,8192,65536,131072,32768,65536,65536,3,2,198,117,1775463353000,pumpswap,REPEAT
2026-04-10T04:06:57.433Z,2f4sWXXaXKHuQArYh94pddb7hkGWATp9MFScy26tpump,FART,Fart,solana,0.000005365,4,256,2097152,2097152,8192,4096,4096,,2,2,15,1775779711000,pumpswap,REPEAT
2026-04-10T04:06:57.433Z,98t9PEJF5QvAdGhu3MuQ2ww57NkRV1Rg7evSZNFxpump,$BABYTAN,BabyTan,solana,0.000009367,,256,4096,16384,,8192,8192,,,5,1,1775571529000,pumpfun,REPEAT
2026-04-10T04:06:57.433Z,3W837NEB9cwzE6Awb9iyrRBy72zaeCNy2Zcsx2Tzpump,CHITOSHI,Satoshification,solana,0.000006161,8,4096,1048576,1048576,8192,8192,8192,3,1,39,32,1775779700000,pumpswap,REPEAT
2026-04-10T04:06:57.433Z,3TYgKwkE2Y3rxdw9osLRSpxpXmSC1C1oo19W9KHspump,BULL,Bull,solana,0.002021,1024,16384,131072,1048576,131072,2097152,2097152,18,17,462,372,1774278163000,pumpswap,REPEAT
2026-04-10T04:06:57.433Z,QPXY96HU7oCpqTYV8xH17DYyjbyp6mGiGcW922Lgvpr,KACHIBI2,Kawaii Chibi V2 ,solana,0.0000002310,64,512,8192,16384,8192,16384,16384,1,,4,,1775505502000,raydium,REPEAT
2026-04-10T04:06:57.433Z,2f4sWXXaXKHuQArYh94pddb7hkGWATp9MFScy26tpump,FART,Fart,solana,0.000005365,4,256,2097152,2097152,8192,4096,4096,,2,2,15,1775779711000,pumpswap,REPEAT
2026-04-10T04:06:57.433Z,H1CknM7TXz134nY5YT7KUYG6fL2Egn4ieLyzkTk7BAGS,PUNCH,パンチ,solana,0.0003082,2048,65536,262144,524288,32768,262144,262144,23,12,355,235,1775694809000,meteora,REPEAT
2026-04-10T04:06:57.433Z,xmYmMCUFuQ6mVu9yNs44KPz3ALyrntyhivueaw3pump,Sora,ソラちゃん,solana,0.0001229,4096,131072,524288,524288,32768,131072,131072,57,27,1164,793,1775782979000,pumpswap,REPEAT
2026-04-10T04:06:57.433Z,HdB3FdEqpjnBnFDXGiBjuED2RYsVJFTqwwCY5BfhjgAx,BWT,OFFICIAL BARRON WILLIAM TRUMP,solana,0.00002519,1024,16384,524288,524288,16384,32768,32768,18,16,258,160,1775776887000,pumpswap,REPEAT
2026-04-10T04:06:57.433Z,2AMYvN5zvXMC9ueA6vznaiaEqWrjpxHCisa2Nuc5pump,Chicky,Chicky,solana,0.00009929,32,512,16384,65536,32768,131072,131072,1,,8,8,1774938227000,pumpswap,REPEAT
2026-04-10T04:06:57.433Z,6cfu6Qkqb4BhQ552DMJ2txLSxT7nfv7V69WhyEHTpump,Lizard ,The Waving Lizard ,solana,0.000005481,4,256,16384,32768,,4096,4096,,1,8,4,1775728143000,pumpfun,REPEAT
2026-04-10T04:06:57.433Z,9AEtb967xTMosjp9XFhvHLhscPNYgDWc15jFAZR8pump,RƎ́V,REVÉRSÉ SOCIETY,solana,0.0001622,64,1024,8192,32768,32768,131072,131072,1,3,30,16,1775691640000,pumpswap,REPEAT
2026-04-10T04:11:57.434Z,98t9PEJF5QvAdGhu3MuQ2ww57NkRV1Rg7evSZNFxpump,$BABYTAN,BabyTan,solana,0.000009556,64,256,4096,16384,,8192,8192,2,,7,1,1775571529000,pumpfun,REPEAT
2026-04-10T04:11:57.434Z,2ZKy5wqQ59fxeTiUEVLrL24XseTPhizSwpn2R5hfpump,LOLNAH,The Disbelief Coin,solana,0.000006272,1024,8192,8192,8192,,8192,8192,46,29,241,135,1775792505000,pumpfun,REPEAT
2026-04-10T04:11:57.434Z,FaBG5QafPfxKJLDDz4jesLothFrjcjeS96SMnWLepump,Hotate,ほたてくん,solana,0.00001745,1024,16384,65536,65536,,16384,16384,12,11,329,227,1775789595000,pumpfun,REPEAT
2026-04-10T04:11:57.434Z,9wcYq6LTC4vqgAWr5VQLwsR1Rc5CyzRbcTFtNLzFpump,Daisy,Daisy,solana,0.000006070,64,65536,524288,524288,8192,8192,8192,3,7,963,969,1775788309000,pumpswap,REPEAT
2026-04-10T04:11:57.434Z,5552z6Qp2xr596ox1UVN4ppDwwyjCfY8cXwzHMXgMcaS,MOLTING,Molting,solana,0.001324,256,16384,131072,262144,131072,1048576,1048576,5,6,112,99,1769857955000,orca,REPEAT
2026-04-10T04:11:57.434Z,BBYEvoXYaWQxvWb2x4ugwAPnVTiqqoFtxHLtagf3PEPE,BABYPEPE,BABYPEPE,solana,0.00003148,128,1024,131072,131072,16384,32768,32768,4,,19,17,1775781591000,pumpswap,REPEAT
2026-04-10T04:11:57.434Z,9YiTzXRbgoE1MtyxQ4sGF3vbdX944HNdcBmVpPQppump,umi,umi,solana,0.00002827,256,2048,8192,32768,16384,32768,32768,4,3,44,38,1774642896000,pumpswap,REPEAT
2026-04-10T04:11:57.434Z,AHFQ4tB5Fj1HTCB6sQ7MdtJf5fUHS7pdJ9sZAK3tpump,Mythos,Claude Mythos,solana,0.0002618,512,8192,131072,262144,32768,262144,262144,8,1,59,47,1774618831000,pumpswap,REPEAT
2026-04-10T04:11:57.434Z,Fc1mGwtNZthtxfaKDLvTMJXjM2Bvyy5XtHq9Jarupump,Enough,Enough To Live,solana,0.000009672,64,1024,16384,262144,8192,8192,8192,,1,30,26,1775748691000,pumpswap,REPEAT
2026-04-10T04:11:57.434Z,7WgtNx2R5tVw98PdZuhgjbcDkEtaxyEFDxWtYQ5nbonk,Barron ,Official Barron Coin,solana,0.00006222,64,4096,131072,262144,16384,65536,65536,1,2,91,59,1775762127000,raydium,REPEAT
2026-04-10T04:11:57.434Z,6XjY7mBgYNEV8tk6NxybMF1RdkSuWopCSHW9ejJ5DHwn,IMAGINE,Grok Imagine,solana,0.00002113,,128,512,8192,16384,16384,16384,,,1,1,1773975732000,pumpswap,REPEAT
2026-04-10T04:11:57.434Z,CmtYYjTBYxj5ExeyREFoM5gMNDo4GQ4sjrE7Vx9upump,HUNTER,HunterBidenSmokingCrackCoin,solana,0.00001630,32,16384,131072,131072,,16384,16384,6,,168,105,1775779065000,pumpfun,REPEAT
2026-04-10T04:11:57.434Z,9SeCSdbPzz95KomGUGEV9Shn2zGXNmMJhE9J72Hipump,Iroha,イロハ,solana,0.0009713,4096,65536,262144,2097152,65536,1048576,1048576,21,34,527,438,1775525060000,pumpswap,REPEAT
2026-04-10T04:11:57.434Z,2f4sWXXaXKHuQArYh94pddb7hkGWATp9MFScy26tpump,FART,Fart,solana,0.000005365,,256,2097152,2097152,8192,4096,4096,,,2,12,1775779711000,pumpswap,REPEAT
2026-04-10T04:11:57.434Z,ATgsKWXnmEyrv3BvBndyQP55Xg49RhhGgFktasv2pump,SOLTAR,Soltar,solana,0.00004198,64,128,1024,2048,16384,32768,32768,,1,,2,1774183067000,pumpswap,REPEAT
2026-04-10T04:11:57.434Z,61bSahZBWZgws8HQNSV57mtASrDAN3HBT9DwQNG3Bjt,mememan,Meme Man,solana,0.00008620,2048,8192,65536,131072,32768,65536,65536,40,10,229,126,1775463353000,pumpswap,REPEAT
2026-04-10T04:11:57.434Z,2f4sWXXaXKHuQArYh94pddb7hkGWATp9MFScy26tpump,FART,Fart,solana,0.000005365,,256,2097152,2097152,8192,4096,4096,,,2,12,1775779711000,pumpswap,REPEAT
2026-04-10T04:11:57.434Z,98t9PEJF5QvAdGhu3MuQ2ww57NkRV1Rg7evSZNFxpump,$BABYTAN,BabyTan,solana,0.000009556,64,256,4096,16384,,8192,8192,2,,7,1,1775571529000,pumpfun,REPEAT
2026-04-10T04:11:57.434Z,3W837NEB9cwzE6Awb9iyrRBy72zaeCNy2Zcsx2Tzpump,CHITOSHI,Satoshification,solana,0.000006164,4,4096,1048576,1048576,8192,8192,8192,1,1,40,34,1775779700000,pumpswap,REPEAT
2026-04-10T04:11:57.434Z,3TYgKwkE2Y3rxdw9osLRSpxpXmSC1C1oo19W9KHspump,BULL,Bull,solana,0.001995,1024,16384,131072,1048576,131072,2097152,2097152,14,16,460,369,1774278163000,pumpswap,REPEAT
2026-04-10T04:11:57.434Z,QPXY96HU7oCpqTYV8xH17DYyjbyp6mGiGcW922Lgvpr,KACHIBI2,Kawaii Chibi V2 ,solana,0.0000002335,32,512,8192,16384,8192,32768,32768,1,,5,,1775505502000,raydium,REPEAT
2026-04-10T04:11:57.434Z,2f4sWXXaXKHuQArYh94pddb7hkGWATp9MFScy26tpump,FART,Fart,solana,0.000005365,,256,2097152,2097152,8192,4096,4096,,,2,12,1775779711000,pumpswap,REPEAT
2026-04-10T04:11:57.434Z,H1CknM7TXz134nY5YT7KUYG6fL2Egn4ieLyzkTk7BAGS,PUNCH,パンチ,solana,0.0002870,2048,65536,262144,524288,32768,262144,262144,13,9,338,224,1775694809000,meteora,REPEAT
2026-04-10T04:11:57.434Z,xmYmMCUFuQ6mVu9yNs44KPz3ALyrntyhivueaw3pump,Sora,ソラちゃん,solana,0.0001238,4096,131072,524288,524288,32768,131072,131072,55,43,1138,793,1775782979000,pumpswap,REPEAT
2026-04-10T04:11:57.434Z,HdB3FdEqpjnBnFDXGiBjuED2RYsVJFTqwwCY5BfhjgAx,BWT,OFFICIAL BARRON WILLIAM TRUMP,solana,0.00002496,1024,8192,524288,524288,16384,32768,32768,18,221,234,365,1775776887000,pumpswap,REPEAT
2026-04-10T04:11:57.434Z,2AMYvN5zvXMC9ueA6vznaiaEqWrjpxHCisa2Nuc5pump,Chicky,Chicky,solana,0.00009962,8,512,16384,65536,32768,131072,131072,1,,9,8,1774938227000,pumpswap,REPEAT
2026-04-10T04:11:57.434Z,6cfu6Qkqb4BhQ552DMJ2txLSxT7nfv7V69WhyEHTpump,Lizard ,The Waving Lizard ,solana,0.000005481,,64,16384,32768,,4096,4096,,,3,2,1775728143000,pumpfun,REPEAT
2026-04-10T04:11:57.434Z,9AEtb967xTMosjp9XFhvHLhscPNYgDWc15jFAZR8pump,RƎ́V,REVÉRSÉ SOCIETY,solana,0.0001617,8,1024,8192,32768,32768,131072,131072,,1,29,16,1775691640000,pumpswap,REPEAT
2026-04-10T04:16:57.435Z,98t9PEJF5QvAdGhu3MuQ2ww57NkRV1Rg7evSZNFxpump,$BABYTAN,BabyTan,solana,0.000009378,64,256,4096,16384,,8192,8192,,1,7,2,1775571529000,pumpfun,REPEAT
2026-04-10T04:16:57.435Z,2ZKy5wqQ59fxeTiUEVLrL24XseTPhizSwpn2R5hfpump,LOLNAH,The Disbelief Coin,solana,0.000004463,1024,16384,16384,16384,,4096,4096,36,34,280,169,1775792505000,pumpfun,REPEAT
2026-04-10T04:16:57.435Z,FaBG5QafPfxKJLDDz4jesLothFrjcjeS96SMnWLepump,Hotate,ほたてくん,solana,0.00002527,4096,16384,65536,65536,,32768,32768,53,25,343,215,1775789595000,pumpfun,REPEAT
2026-04-10T04:16:57.435Z,9wcYq6LTC4vqgAWr5VQLwsR1Rc5CyzRbcTFtNLzFpump,Daisy,Daisy,solana,0.000006933,256,65536,524288,524288,8192,8192,8192,10,1,620,614,1775788309000,pumpswap,REPEAT
2026-04-10T04:16:57.435Z,5552z6Qp2xr596ox1UVN4ppDwwyjCfY8cXwzHMXgMcaS,MOLTING,Molting,solana,0.001322,128,8192,131072,262144,131072,1048576,1048576,5,4,103,91,1769857955000,orca,REPEAT
2026-04-10T04:16:57.435Z,BBYEvoXYaWQxvWb2x4ugwAPnVTiqqoFtxHLtagf3PEPE,BABYPEPE,BABYPEPE,solana,0.00003109,0,1024,131072,131072,16384,32768,32768,,2,14,19,1775781591000,pumpswap,REPEAT
2026-04-10T04:16:57.435Z,9YiTzXRbgoE1MtyxQ4sGF3vbdX944HNdcBmVpPQppump,umi,umi,solana,0.00002773,128,2048,8192,32768,16384,32768,32768,3,2,44,35,1774642896000,pumpswap,REPEAT
2026-04-10T04:16:57.435Z,AHFQ4tB5Fj1HTCB6sQ7MdtJf5fUHS7pdJ9sZAK3tpump,Mythos,Claude Mythos,solana,0.0002598,32,8192,131072,262144,32768,262144,262144,,2,57,46,1774618831000,pumpswap,REPEAT
2026-04-10T04:16:57.435Z,Fc1mGwtNZthtxfaKDLvTMJXjM2Bvyy5XtHq9Jarupump,Enough,Enough To Live,solana,0.000009471,32,1024,16384,262144,8192,8192,8192,2,3,32,29,1775748691000,pumpswap,REPEAT
2026-04-10T04:16:57.435Z,7WgtNx2R5tVw98PdZuhgjbcDkEtaxyEFDxWtYQ5nbonk,Barron ,Official Barron Coin,solana,0.00006099,128,4096,131072,262144,16384,65536,65536,8,2,91,55,1775762127000,raydium,REPEAT
2026-04-10T04:16:57.435Z,6XjY7mBgYNEV8tk6NxybMF1RdkSuWopCSHW9ejJ5DHwn,IMAGINE,Grok Imagine,solana,0.00002113,,128,512,8192,16384,16384,16384,,,1,1,1773975732000,pumpswap,REPEAT
2026-04-10T04:16:57.435Z,CmtYYjTBYxj5ExeyREFoM5gMNDo4GQ4sjrE7Vx9upump,HUNTER,HunterBidenSmokingCrackCoin,solana,0.00001884,512,16384,131072,131072,,16384,16384,14,3,173,102,1775779065000,pumpfun,REPEAT
2026-04-10T04:16:57.435Z,9SeCSdbPzz95KomGUGEV9Shn2zGXNmMJhE9J72Hipump,Iroha,イロハ,solana,0.0009923,2048,32768,262144,2097152,65536,1048576,1048576,14,20,279,362,1775525060000,pumpswap,REPEAT
2026-04-10T04:16:57.435Z,2f4sWXXaXKHuQArYh94pddb7hkGWATp9MFScy26tpump,FART,Fart,solana,0.000005365,,256,2097152,2097152,8192,4096,4096,,,1,12,1775779711000,pumpswap,REPEAT
2026-04-10T04:16:57.435Z,ATgsKWXnmEyrv3BvBndyQP55Xg49RhhGgFktasv2pump,SOLTAR,Soltar,solana,0.00004198,,128,1024,2048,16384,32768,32768,,,,2,1774183067000,pumpswap,REPEAT
2026-04-10T04:16:57.435Z,61bSahZBWZgws8HQNSV57mtASrDAN3HBT9DwQNG3Bjt,mememan,Meme Man,solana,0.00008495,1024,4096,65536,131072,32768,65536,65536,7,7,107,102,1775463353000,pumpswap,REPEAT
2026-04-10T04:16:57.435Z,2f4sWXXaXKHuQArYh94pddb7hkGWATp9MFScy26tpump,FART,Fart,solana,0.000005365,,256,2097152,2097152,8192,4096,4096,,,1,12,1775779711000,pumpswap,REPEAT
2026-04-10T04:16:57.435Z,98t9PEJF5QvAdGhu3MuQ2ww57NkRV1Rg7evSZNFxpump,$BABYTAN,BabyTan,solana,0.000009378,64,256,4096,16384,,8192,8192,,1,7,2,1775571529000,pumpfun,REPEAT
2026-04-10T04:16:57.435Z,3W837NEB9cwzE6Awb9iyrRBy72zaeCNy2Zcsx2Tzpump,CHITOSHI,Satoshification,solana,0.000006188,8,2048,1048576,1048576,8192,8192,8192,1,,38,32,1775779700000,pumpswap,REPEAT
2026-04-10T04:16:57.435Z,3TYgKwkE2Y3rxdw9osLRSpxpXmSC1C1oo19W9KHspump,BULL,Bull,solana,0.002012,1024,16384,131072,1048576,131072,2097152,2097152,26,21,458,372,1774278163000,pumpswap,REPEAT
2026-04-10T04:16:57.435Z,QPXY96HU7oCpqTYV8xH17DYyjbyp6mGiGcW922Lgvpr,KACHIBI2,Kawaii Chibi V2 ,solana,0.0000002335,,512,8192,16384,8192,32768,32768,,,5,,1775505502000,raydium,REPEAT
2026-04-10T04:16:57.435Z,2f4sWXXaXKHuQArYh94pddb7hkGWATp9MFScy26tpump,FART,Fart,solana,0.000005365,,256,2097152,2097152,8192,4096,4096,,,1,12,1775779711000,pumpswap,REPEAT
2026-04-10T04:16:57.435Z,H1CknM7TXz134nY5YT7KUYG6fL2Egn4ieLyzkTk7BAGS,PUNCH,パンチ,solana,0.0003069,1024,65536,262144,524288,32768,262144,262144,12,10,306,215,1775694809000,meteora,REPEAT
2026-04-10T04:16:57.435Z,xmYmMCUFuQ6mVu9yNs44KPz3ALyrntyhivueaw3pump,Sora,ソラちゃん,solana,0.0001163,2048,131072,524288,524288,32768,131072,131072,42,21,1123,764,1775782979000,pumpswap,REPEAT
2026-04-10T04:16:57.435Z,HdB3FdEqpjnBnFDXGiBjuED2RYsVJFTqwwCY5BfhjgAx,BWT,OFFICIAL BARRON WILLIAM TRUMP,solana,0.00002371,256,8192,524288,524288,16384,32768,32768,8,422,225,866,1775776887000,pumpswap,REPEAT
2026-04-10T04:16:57.435Z,2AMYvN5zvXMC9ueA6vznaiaEqWrjpxHCisa2Nuc5pump,Chicky,Chicky,solana,0.00009923,64,512,16384,65536,32768,131072,131072,1,2,11,8,1774938227000,pumpswap,REPEAT
2026-04-10T04:16:57.435Z,6cfu6Qkqb4BhQ552DMJ2txLSxT7nfv7V69WhyEHTpump,Lizard ,The Waving Lizard ,solana,0.000005465,8,64,16384,32768,,4096,4096,,1,3,3,1775728143000,pumpfun,REPEAT
2026-04-10T04:16:57.435Z,9AEtb967xTMosjp9XFhvHLhscPNYgDWc15jFAZR8pump,RƎ́V,REVÉRSÉ SOCIETY,solana,0.0001617,,1024,8192,32768,32768,131072,131072,,,27,15,1775691640000,pumpswap,REPEAT
2026-04-10T04:21:57.435Z,98t9PEJF5QvAdGhu3MuQ2ww57NkRV1Rg7evSZNFxpump,$BABYTAN,BabyTan,solana,0.000009378,,256,4096,16384,,8192,8192,,,7,2,1775571529000,pumpfun,REPEAT
2026-04-10T04:21:57.435Z,2ZKy5wqQ59fxeTiUEVLrL24XseTPhizSwpn2R5hfpump,LOLNAH,The Disbelief Coin,solana,0.000004386,1024,16384,16384,16384,,4096,4096,45,27,319,194,1775792505000,pumpfun,REPEAT
2026-04-10T04:21:57.435Z,FaBG5QafPfxKJLDDz4jesLothFrjcjeS96SMnWLepump,Hotate,ほたてくん,solana,0.00002364,4096,32768,65536,65536,,32768,32768,54,29,377,240,1775789595000,pumpfun,REPEAT
2026-04-10T04:21:57.435Z,9wcYq6LTC4vqgAWr5VQLwsR1Rc5CyzRbcTFtNLzFpump,Daisy,Daisy,solana,0.000007414,256,16384,524288,524288,8192,8192,8192,3,4,267,342,1775788309000,pumpswap,REPEAT
2026-04-10T04:21:57.435Z,5552z6Qp2xr596ox1UVN4ppDwwyjCfY8cXwzHMXgMcaS,MOLTING,Molting,solana,0.001449,4096,16384,131072,262144,131072,1048576,1048576,7,19,100,100,1769857955000,orca,REPEAT
2026-04-10T04:21:57.435Z,BBYEvoXYaWQxvWb2x4ugwAPnVTiqqoFtxHLtagf3PEPE,BABYPEPE,BABYPEPE,solana,0.00003148,8,512,131072,131072,16384,32768,32768,1,1,14,16,1775781591000,pumpswap,REPEAT
2026-04-10T04:21:57.435Z,9YiTzXRbgoE1MtyxQ4sGF3vbdX944HNdcBmVpPQppump,umi,umi,solana,0.00002764,64,2048,8192,32768,16384,32768,32768,4,2,45,33,1774642896000,pumpswap,REPEAT
2026-04-10T04:21:57.435Z,AHFQ4tB5Fj1HTCB6sQ7MdtJf5fUHS7pdJ9sZAK3tpump,Mythos,Claude Mythos,solana,0.0002480,2048,8192,131072,262144,32768,262144,262144,42,4,96,47,1774618831000,pumpswap,REPEAT
2026-04-10T04:21:57.435Z,Fc1mGwtNZthtxfaKDLvTMJXjM2Bvyy5XtHq9Jarupump,Enough,Enough To Live,solana,0.000009363,2,1024,16384,262144,8192,8192,8192,,1,32,28,1775748691000,pumpswap,REPEAT
2026-04-10T04:21:57.435Z,7WgtNx2R5tVw98PdZuhgjbcDkEtaxyEFDxWtYQ5nbonk,Barron ,Official Barron Coin,solana,0.00006253,128,4096,131072,262144,32768,65536,65536,10,,95,53,1775762127000,raydium,REPEAT
2026-04-10T04:21:57.435Z,6XjY7mBgYNEV8tk6NxybMF1RdkSuWopCSHW9ejJ5DHwn,IMAGINE,Grok Imagine,solana,0.00002113,,128,512,8192,16384,16384,16384,,,1,1,1773975732000,pumpswap,REPEAT
2026-04-10T04:21:57.435Z,CmtYYjTBYxj5ExeyREFoM5gMNDo4GQ4sjrE7Vx9upump,HUNTER,HunterBidenSmokingCrackCoin,solana,0.00002392,2048,16384,131072,131072,,32768,32768,27,7,194,104,1775779065000,pumpfun,REPEAT
2026-04-10T04:21:57.435Z,9SeCSdbPzz95KomGUGEV9Shn2zGXNmMJhE9J72Hipump,Iroha,イロハ,solana,0.001030,4096,32768,262144,2097152,65536,1048576,1048576,27,49,254,316,1775525060000,pumpswap,REPEAT
2026-04-10T04:21:57.435Z,2f4sWXXaXKHuQArYh94pddb7hkGWATp9MFScy26tpump,FART,Fart,solana,0.000005365,,256,2097152,2097152,8192,4096,4096,,,1,11,1775779711000,pumpswap,REPEAT
2026-04-10T04:21:57.435Z,ATgsKWXnmEyrv3BvBndyQP55Xg49RhhGgFktasv2pump,SOLTAR,Soltar,solana,0.00004198,,128,512,2048,16384,32768,32768,,,,2,1774183067000,pumpswap,REPEAT
2026-04-10T04:21:57.435Z,61bSahZBWZgws8HQNSV57mtASrDAN3HBT9DwQNG3Bjt,mememan,Meme Man,solana,0.00008009,1024,8192,65536,131072,32768,65536,65536,34,9,133,90,1775463353000,pumpswap,REPEAT
2026-04-10T04:21:57.435Z,2f4sWXXaXKHuQArYh94pddb7hkGWATp9MFScy26tpump,FART,Fart,solana,0.000005365,,256,2097152,2097152,8192,4096,4096,,,1,11,1775779711000,pumpswap,REPEAT
2026-04-10T04:21:57.435Z,98t9PEJF5QvAdGhu3MuQ2ww57NkRV1Rg7evSZNFxpump,$BABYTAN,BabyTan,solana,0.000009409,8,256,4096,16384,,8192,8192,1,,8,2,1775571529000,pumpfun,REPEAT
2026-04-10T04:21:57.435Z,3W837NEB9cwzE6Awb9iyrRBy72zaeCNy2Zcsx2Tzpump,CHITOSHI,Satoshification,solana,0.000006164,32,2048,1048576,1048576,8192,8192,8192,2,1,40,32,1775779700000,pumpswap,REPEAT
2026-04-10T04:21:57.435Z,3TYgKwkE2Y3rxdw9osLRSpxpXmSC1C1oo19W9KHspump,BULL,Bull,solana,0.002029,1024,16384,131072,1048576,131072,2097152,2097152,20,21,460,360,1774278163000,pumpswap,REPEAT
2026-04-10T04:21:57.435Z,QPXY96HU7oCpqTYV8xH17DYyjbyp6mGiGcW922Lgvpr,KACHIBI2,Kawaii Chibi V2 ,solana,0.0000002335,,512,8192,16384,8192,32768,32768,,,5,,1775505502000,raydium,REPEAT
2026-04-10T04:21:57.435Z,2f4sWXXaXKHuQArYh94pddb7hkGWATp9MFScy26tpump,FART,Fart,solana,0.000005365,,256,2097152,2097152,8192,4096,4096,,,1,11,1775779711000,pumpswap,REPEAT
2026-04-10T04:21:57.435Z,H1CknM7TXz134nY5YT7KUYG6fL2Egn4ieLyzkTk7BAGS,PUNCH,パンチ,solana,0.0002968,1024,65536,262144,524288,32768,262144,262144,9,11,286,217,1775694809000,meteora,REPEAT
2026-04-10T04:21:57.435Z,xmYmMCUFuQ6mVu9yNs44KPz3ALyrntyhivueaw3pump,Sora,ソラちゃん,solana,0.0001335,4096,131072,524288,524288,32768,131072,131072,45,31,1096,754,1775782979000,pumpswap,REPEAT
2026-04-10T04:21:57.435Z,HdB3FdEqpjnBnFDXGiBjuED2RYsVJFTqwwCY5BfhjgAx,BWT,OFFICIAL BARRON WILLIAM TRUMP,solana,0.00002099,512,8192,524288,524288,8192,16384,16384,9,434,227,1391,1775776887000,pumpswap,REPEAT
2026-04-10T04:21:57.435Z,2AMYvN5zvXMC9ueA6vznaiaEqWrjpxHCisa2Nuc5pump,Chicky,Chicky,solana,0.0001015,1024,1024,16384,65536,32768,131072,131072,14,12,23,19,1774938227000,pumpswap,REPEAT
2026-04-10T04:21:57.435Z,6cfu6Qkqb4BhQ552DMJ2txLSxT7nfv7V69WhyEHTpump,Lizard ,The Waving Lizard ,solana,0.000005455,4,128,16384,32768,,4096,4096,,1,3,4,1775728143000,pumpfun,REPEAT
2026-04-10T04:21:57.435Z,9AEtb967xTMosjp9XFhvHLhscPNYgDWc15jFAZR8pump,RƎ́V,REVÉRSÉ SOCIETY,solana,0.0001619,2,1024,8192,32768,32768,131072,131072,,1,21,16,1775691640000,pumpswap,REPEAT
2026-04-10T04:26:57.436Z,98t9PEJF5QvAdGhu3MuQ2ww57NkRV1Rg7evSZNFxpump,$BABYTAN,BabyTan,solana,0.00001059,256,512,4096,16384,,8192,8192,5,1,10,3,1775571529000,pumpfun,REPEAT
2026-04-10T04:26:57.436Z,2ZKy5wqQ59fxeTiUEVLrL24XseTPhizSwpn2R5hfpump,LOLNAH,The Disbelief Coin,solana,0.000004818,512,16384,16384,16384,,4096,4096,30,21,349,215,1775792505000,pumpfun,REPEAT
2026-04-10T04:26:57.436Z,FaBG5QafPfxKJLDDz4jesLothFrjcjeS96SMnWLepump,Hotate,ほたてくん,solana,0.00002148,1024,16384,65536,65536,,16384,16384,24,19,334,225,1775789595000,pumpfun,REPEAT
2026-04-10T04:26:57.436Z,9wcYq6LTC4vqgAWr5VQLwsR1Rc5CyzRbcTFtNLzFpump,Daisy,Daisy,solana,0.000008401,256,4096,524288,524288,8192,8192,8192,13,4,142,114,1775788309000,pumpswap,REPEAT
2026-04-10T04:26:57.436Z,5552z6Qp2xr596ox1UVN4ppDwwyjCfY8cXwzHMXgMcaS,MOLTING,Molting,solana,0.001447,2048,16384,131072,262144,131072,1048576,1048576,17,15,115,114,1769857955000,orca,REPEAT
2026-04-10T04:26:57.436Z,BBYEvoXYaWQxvWb2x4ugwAPnVTiqqoFtxHLtagf3PEPE,BABYPEPE,BABYPEPE,solana,0.00003107,16,512,131072,131072,16384,32768,32768,1,2,16,17,1775781591000,pumpswap,REPEAT
2026-04-10T04:26:57.436Z,9YiTzXRbgoE1MtyxQ4sGF3vbdX944HNdcBmVpPQppump,umi,umi,solana,0.00002933,256,2048,8192,32768,16384,32768,32768,4,1,46,33,1774642896000,pumpswap,REPEAT
2026-04-10T04:26:57.436Z,AHFQ4tB5Fj1HTCB6sQ7MdtJf5fUHS7pdJ9sZAK3tpump,Mythos,Claude Mythos,solana,0.0002408,8192,16384,131072,262144,32768,262144,262144,96,25,191,69,1774618831000,pumpswap,REPEAT
2026-04-10T04:26:57.436Z,Fc1mGwtNZthtxfaKDLvTMJXjM2Bvyy5XtHq9Jarupump,Enough,Enough To Live,solana,0.000009363,,1024,16384,262144,8192,8192,8192,,,21,26,1775748691000,pumpswap,REPEAT
2026-04-10T04:26:57.436Z,7WgtNx2R5tVw98PdZuhgjbcDkEtaxyEFDxWtYQ5nbonk,Barron ,Official Barron Coin,solana,0.00006042,512,4096,131072,262144,16384,65536,65536,8,5,88,52,1775762127000,raydium,REPEAT
2026-04-10T04:26:57.436Z,6XjY7mBgYNEV8tk6NxybMF1RdkSuWopCSHW9ejJ5DHwn,IMAGINE,Grok Imagine,solana,0.00002111,2,128,512,8192,16384,16384,16384,,1,1,2,1773975732000,pumpswap,REPEAT
2026-04-10T04:26:57.436Z,CmtYYjTBYxj5ExeyREFoM5gMNDo4GQ4sjrE7Vx9upump,HUNTER,HunterBidenSmokingCrackCoin,solana,0.00002140,512,16384,131072,131072,,16384,16384,2,8,168,96,1775779065000,pumpfun,REPEAT
2026-04-10T04:26:57.436Z,9SeCSdbPzz95KomGUGEV9Shn2zGXNmMJhE9J72Hipump,Iroha,イロハ,solana,0.001027,4096,32768,262144,2097152,65536,1048576,1048576,11,17,245,252,1775525060000,pumpswap,REPEAT
2026-04-10T04:26:57.436Z,2f4sWXXaXKHuQArYh94pddb7hkGWATp9MFScy26tpump,FART,Fart,solana,0.000005365,,256,2097152,2097152,8192,4096,4096,,,1,10,1775779711000,pumpswap,REPEAT
2026-04-10T04:26:57.436Z,ATgsKWXnmEyrv3BvBndyQP55Xg49RhhGgFktasv2pump,SOLTAR,Soltar,solana,0.00004198,,128,512,2048,16384,32768,32768,,,,2,1774183067000,pumpswap,REPEAT
2026-04-10T04:26:57.436Z,61bSahZBWZgws8HQNSV57mtASrDAN3HBT9DwQNG3Bjt,mememan,Meme Man,solana,0.00008267,256,8192,65536,131072,32768,65536,65536,9,8,136,84,1775463353000,pumpswap,REPEAT
2026-04-10T04:26:57.436Z,2f4sWXXaXKHuQArYh94pddb7hkGWATp9MFScy26tpump,FART,Fart,solana,0.000005365,,256,2097152,2097152,8192,4096,4096,,,1,10,1775779711000,pumpswap,REPEAT
2026-04-10T04:26:57.436Z,98t9PEJF5QvAdGhu3MuQ2ww57NkRV1Rg7evSZNFxpump,$BABYTAN,BabyTan,solana,0.00001026,512,512,4096,16384,,8192,8192,4,2,10,4,1775571529000,pumpfun,REPEAT
2026-04-10T04:26:57.436Z,3W837NEB9cwzE6Awb9iyrRBy72zaeCNy2Zcsx2Tzpump,CHITOSHI,Satoshification,solana,0.000006096,32,2048,1048576,1048576,8192,8192,8192,,1,38,29,1775779700000,pumpswap,REPEAT
2026-04-10T04:26:57.436Z,3TYgKwkE2Y3rxdw9osLRSpxpXmSC1C1oo19W9KHspump,BULL,Bull,solana,0.002036,2048,16384,131072,1048576,131072,2097152,2097152,25,31,465,366,1774278163000,pumpswap,REPEAT
2026-04-10T04:26:57.436Z,QPXY96HU7oCpqTYV8xH17DYyjbyp6mGiGcW922Lgvpr,KACHIBI2,Kawaii Chibi V2 ,solana,0.0000002335,,256,8192,16384,8192,32768,32768,,,4,,1775505502000,raydium,REPEAT
2026-04-10T04:26:57.436Z,2f4sWXXaXKHuQArYh94pddb7hkGWATp9MFScy26tpump,FART,Fart,solana,0.000005365,,256,2097152,2097152,8192,4096,4096,,,1,10,1775779711000,pumpswap,REPEAT
2026-04-10T04:26:57.436Z,H1CknM7TXz134nY5YT7KUYG6fL2Egn4ieLyzkTk7BAGS,PUNCH,パンチ,solana,0.0002840,4096,65536,262144,524288,32768,262144,262144,29,18,311,227,1775694809000,meteora,REPEAT
2026-04-10T04:26:57.436Z,xmYmMCUFuQ6mVu9yNs44KPz3ALyrntyhivueaw3pump,Sora,ソラちゃん,solana,0.0001264,4096,131072,524288,524288,32768,131072,131072,56,33,1063,737,1775782979000,pumpswap,REPEAT
2026-04-10T04:26:57.436Z,HdB3FdEqpjnBnFDXGiBjuED2RYsVJFTqwwCY5BfhjgAx,BWT,OFFICIAL BARRON WILLIAM TRUMP,solana,0.00002186,256,8192,524288,524288,16384,16384,16384,22,421,248,1895,1775776887000,pumpswap,REPEAT
2026-04-10T04:26:57.436Z,2AMYvN5zvXMC9ueA6vznaiaEqWrjpxHCisa2Nuc5pump,Chicky,Chicky,solana,0.0001014,32,1024,16384,65536,32768,131072,131072,2,1,22,19,1774938227000,pumpswap,REPEAT
2026-04-10T04:26:57.436Z,6cfu6Qkqb4BhQ552DMJ2txLSxT7nfv7V69WhyEHTpump,Lizard ,The Waving Lizard ,solana,0.000005455,,64,16384,32768,,4096,4096,,,2,3,1775728143000,pumpfun,REPEAT
2026-04-10T04:26:57.436Z,9AEtb967xTMosjp9XFhvHLhscPNYgDWc15jFAZR8pump,RƎ́V,REVÉRSÉ SOCIETY,solana,0.0001626,32,512,8192,32768,32768,131072,131072,2,1,17,13,1775691640000,pumpswap,REPEAT
2026-04-10T04:31:57.437Z,U5sdyqACGtTDyyvSL3yqwSHo1vzUJmNuifjKVSbpump,Stacy,True Stacy,solana,0.00001343,8192,32768,32768,32768,,16384,16384,320,138,698,335,1775794955000,pumpfun,NEW
2026-04-10T04:31:57.437Z,98t9PEJF5QvAdGhu3MuQ2ww57NkRV1Rg7evSZNFxpump,$BABYTAN,BabyTan,solana,0.00001026,64,512,4096,16384,,8192,8192,,1,9,3,1775571529000,pumpfun,REPEAT
2026-04-10T04:31:57.437Z,2ZKy5wqQ59fxeTiUEVLrL24XseTPhizSwpn2R5hfpump,LOLNAH,The Disbelief Coin,solana,0.000004736,512,16384,16384,16384,,4096,4096,20,22,369,235,1775792505000,pumpfun,REPEAT
2026-04-10T04:31:57.437Z,FaBG5QafPfxKJLDDz4jesLothFrjcjeS96SMnWLepump,Hotate,ほたてくん,solana,0.00002264,1024,16384,65536,65536,,16384,16384,17,9,315,201,1775789595000,pumpfun,REPEAT
2026-04-10T04:31:57.437Z,9wcYq6LTC4vqgAWr5VQLwsR1Rc5CyzRbcTFtNLzFpump,Daisy,Daisy,solana,0.000009200,256,4096,524288,524288,8192,8192,8192,19,5,132,81,1775788309000,pumpswap,REPEAT
2026-04-10T04:31:57.437Z,5552z6Qp2xr596ox1UVN4ppDwwyjCfY8cXwzHMXgMcaS,MOLTING,Molting,solana,0.001445,2048,16384,131072,262144,131072,1048576,1048576,9,13,114,123,1769857955000,orca,REPEAT
2026-04-10T04:31:57.437Z,BBYEvoXYaWQxvWb2x4ugwAPnVTiqqoFtxHLtagf3PEPE,BABYPEPE,BABYPEPE,solana,0.00002792,128,1024,131072,131072,16384,32768,32768,3,6,19,22,1775781591000,pumpswap,REPEAT
2026-04-10T04:31:57.437Z,9YiTzXRbgoE1MtyxQ4sGF3vbdX944HNdcBmVpPQppump,umi,umi,solana,0.00002972,128,2048,8192,32768,16384,32768,32768,3,1,46,31,1774642896000,pumpswap,REPEAT
2026-04-10T04:31:57.437Z,AHFQ4tB5Fj1HTCB6sQ7MdtJf5fUHS7pdJ9sZAK3tpump,Mythos,Claude Mythos,solana,0.0002384,64,16384,131072,262144,32768,262144,262144,2,16,193,84,1774618831000,pumpswap,REPEAT
2026-04-10T04:31:57.437Z,Fc1mGwtNZthtxfaKDLvTMJXjM2Bvyy5XtHq9Jarupump,Enough,Enough To Live,solana,0.000009463,8,1024,16384,262144,8192,8192,8192,1,2,22,22,1775748691000,pumpswap,REPEAT
2026-04-10T04:31:57.437Z,7WgtNx2R5tVw98PdZuhgjbcDkEtaxyEFDxWtYQ5nbonk,Barron ,Official Barron Coin,solana,0.00006005,32,4096,131072,262144,16384,65536,65536,,1,61,32,1775762127000,raydium,REPEAT
2026-04-10T04:31:57.437Z,6XjY7mBgYNEV8tk6NxybMF1RdkSuWopCSHW9ejJ5DHwn,IMAGINE,Grok Imagine,solana,0.00002111,,128,512,8192,16384,16384,16384,,,1,2,1773975732000,pumpswap,REPEAT
2026-04-10T04:31:57.437Z,CmtYYjTBYxj5ExeyREFoM5gMNDo4GQ4sjrE7Vx9upump,HUNTER,HunterBidenSmokingCrackCoin,solana,0.00002273,512,16384,131072,131072,,16384,16384,13,7,172,89,1775779065000,pumpfun,REPEAT
2026-04-10T04:31:57.437Z,9SeCSdbPzz95KomGUGEV9Shn2zGXNmMJhE9J72Hipump,Iroha,イロハ,solana,0.001039,1024,32768,262144,2097152,65536,1048576,1048576,10,10,240,248,1775525060000,pumpswap,REPEAT
2026-04-10T04:31:57.437Z,2f4sWXXaXKHuQArYh94pddb7hkGWATp9MFScy26tpump,FART,Fart,solana,0.000005365,,256,2097152,2097152,8192,4096,4096,,,1,7,1775779711000,pumpswap,REPEAT
2026-04-10T04:31:57.437Z,ATgsKWXnmEyrv3BvBndyQP55Xg49RhhGgFktasv2pump,SOLTAR,Soltar,solana,0.00004160,32,256,1024,2048,16384,32768,32768,1,2,1,4,1774183067000,pumpswap,REPEAT
2026-04-10T04:31:57.437Z,61bSahZBWZgws8HQNSV57mtASrDAN3HBT9DwQNG3Bjt,mememan,Meme Man,solana,0.00008777,512,8192,65536,131072,32768,65536,65536,2,11,132,84,1775463353000,pumpswap,REPEAT
2026-04-10T04:31:57.437Z,2f4sWXXaXKHuQArYh94pddb7hkGWATp9MFScy26tpump,FART,Fart,solana,0.000005365,,256,2097152,2097152,8192,4096,4096,,,1,7,1775779711000,pumpswap,REPEAT
2026-04-10T04:31:57.437Z,98t9PEJF5QvAdGhu3MuQ2ww57NkRV1Rg7evSZNFxpump,$BABYTAN,BabyTan,solana,0.00001026,,512,4096,16384,,8192,8192,,,9,3,1775571529000,pumpfun,REPEAT
2026-04-10T04:31:57.437Z,3W837NEB9cwzE6Awb9iyrRBy72zaeCNy2Zcsx2Tzpump,CHITOSHI,Satoshification,solana,0.000006096,,2048,1048576,1048576,8192,8192,8192,,,34,27,1775779700000,pumpswap,REPEAT
2026-04-10T04:31:57.437Z,3TYgKwkE2Y3rxdw9osLRSpxpXmSC1C1oo19W9KHspump,BULL,Bull,solana,0.002059,2048,16384,131072,1048576,131072,2097152,2097152,66,28,506,357,1774278163000,pumpswap,REPEAT
2026-04-10T04:31:57.437Z,QPXY96HU7oCpqTYV8xH17DYyjbyp6mGiGcW922Lgvpr,KACHIBI2,Kawaii Chibi V2 ,solana,0.0000002335,,256,8192,16384,8192,32768,32768,,,4,,1775505502000,raydium,REPEAT
2026-04-10T04:31:57.437Z,2f4sWXXaXKHuQArYh94pddb7hkGWATp9MFScy26tpump,FART,Fart,solana,0.000005365,,256,2097152,2097152,8192,4096,4096,,,1,7,1775779711000,pumpswap,REPEAT
2026-04-10T04:31:57.437Z,H1CknM7TXz134nY5YT7KUYG6fL2Egn4ieLyzkTk7BAGS,PUNCH,パンチ,solana,0.0002803,2048,65536,262144,524288,32768,262144,262144,9,15,295,224,1775694809000,meteora,REPEAT
2026-04-10T04:31:57.437Z,xmYmMCUFuQ6mVu9yNs44KPz3ALyrntyhivueaw3pump,Sora,ソラちゃん,solana,0.0001015,8192,65536,524288,524288,32768,131072,131072,69,67,981,711,1775782979000,pumpswap,REPEAT
2026-04-10T04:31:57.437Z,HdB3FdEqpjnBnFDXGiBjuED2RYsVJFTqwwCY5BfhjgAx,BWT,OFFICIAL BARRON WILLIAM TRUMP,solana,0.00002406,512,8192,524288,524288,16384,32768,32768,10,431,234,2411,1775776887000,pumpswap,REPEAT
2026-04-10T04:31:57.437Z,2AMYvN5zvXMC9ueA6vznaiaEqWrjpxHCisa2Nuc5pump,Chicky,Chicky,solana,0.0001030,8,1024,16384,65536,32768,131072,131072,1,,22,17,1774938227000,pumpswap,REPEAT
2026-04-10T04:31:57.437Z,6cfu6Qkqb4BhQ552DMJ2txLSxT7nfv7V69WhyEHTpump,Lizard ,The Waving Lizard ,solana,0.000005455,,64,16384,32768,,4096,4096,,,2,3,1775728143000,pumpfun,REPEAT
2026-04-10T04:36:57.437Z,9AEtb967xTMosjp9XFhvHLhscPNYgDWc15jFAZR8pump,RƎ́V,REVÉRSÉ SOCIETY,solana,0.0001619,128,512,8192,32768,32768,131072,131072,2,3,14,13,1775691640000,pumpswap,REPEAT
2026-04-10T04:36:57.437Z,U5sdyqACGtTDyyvSL3yqwSHo1vzUJmNuifjKVSbpump,Stacy,True Stacy,solana,0.00001855,8192,32768,32768,32768,,16384,16384,263,138,968,484,1775794955000,pumpfun,REPEAT
2026-04-10T04:36:57.437Z,98t9PEJF5QvAdGhu3MuQ2ww57NkRV1Rg7evSZNFxpump,$BABYTAN,BabyTan,solana,0.00001023,4,512,4096,16384,,8192,8192,,1,9,4,1775571529000,pumpfun,REPEAT
2026-04-10T04:36:57.437Z,2ZKy5wqQ59fxeTiUEVLrL24XseTPhizSwpn2R5hfpump,LOLNAH,The Disbelief Coin,solana,0.000004759,512,16384,16384,16384,,4096,4096,12,6,381,241,1775792505000,pumpfun,REPEAT
2026-04-10T04:36:57.437Z,FaBG5QafPfxKJLDDz4jesLothFrjcjeS96SMnWLepump,Hotate,ほたてくん,solana,0.00002297,512,16384,65536,65536,,16384,16384,15,9,306,200,1775789595000,pumpfun,REPEAT
2026-04-10T04:36:57.437Z,9wcYq6LTC4vqgAWr5VQLwsR1Rc5CyzRbcTFtNLzFpump,Daisy,Daisy,solana,0.000008923,128,2048,524288,524288,8192,8192,8192,6,12,123,79,1775788309000,pumpswap,REPEAT
2026-04-10T04:36:57.437Z,5552z6Qp2xr596ox1UVN4ppDwwyjCfY8cXwzHMXgMcaS,MOLTING,Molting,solana,0.001497,2048,16384,131072,262144,131072,2097152,2097152,11,7,113,119,1769857955000,orca,REPEAT
2026-04-10T04:36:57.437Z,BBYEvoXYaWQxvWb2x4ugwAPnVTiqqoFtxHLtagf3PEPE,BABYPEPE,BABYPEPE,solana,0.00002227,512,2048,131072,131072,8192,16384,16384,1,6,20,27,1775781591000,pumpswap,REPEAT
2026-04-10T04:36:57.437Z,9YiTzXRbgoE1MtyxQ4sGF3vbdX944HNdcBmVpPQppump,umi,umi,solana,0.00003129,256,2048,8192,32768,16384,32768,32768,4,3,48,32,1774642896000,pumpswap,REPEAT
2026-04-10T04:36:57.437Z,AHFQ4tB5Fj1HTCB6sQ7MdtJf5fUHS7pdJ9sZAK3tpump,Mythos,Claude Mythos,solana,0.0002305,512,16384,131072,262144,32768,131072,131072,19,9,202,88,1774618831000,pumpswap,REPEAT
2026-04-10T04:36:57.437Z,Fc1mGwtNZthtxfaKDLvTMJXjM2Bvyy5XtHq9Jarupump,Enough,Enough To Live,solana,0.00001043,256,1024,16384,262144,8192,8192,8192,4,1,26,21,1775748691000,pumpswap,REPEAT
2026-04-10T04:36:57.437Z,7WgtNx2R5tVw98PdZuhgjbcDkEtaxyEFDxWtYQ5nbonk,Barron ,Official Barron Coin,solana,0.00005908,128,4096,131072,262144,16384,65536,65536,24,13,82,41,1775762127000,raydium,REPEAT
2026-04-10T04:36:57.437Z,6XjY7mBgYNEV8tk6NxybMF1RdkSuWopCSHW9ejJ5DHwn,IMAGINE,Grok Imagine,solana,0.00002111,,128,512,8192,16384,16384,16384,,,1,2,1773975732000,pumpswap,REPEAT
2026-04-10T04:36:57.437Z,CmtYYjTBYxj5ExeyREFoM5gMNDo4GQ4sjrE7Vx9upump,HUNTER,HunterBidenSmokingCrackCoin,solana,0.00002402,2048,16384,131072,131072,,32768,32768,9,5,157,84,1775779065000,pumpfun,REPEAT
2026-04-10T04:36:57.437Z,9SeCSdbPzz95KomGUGEV9Shn2zGXNmMJhE9J72Hipump,Iroha,イロハ,solana,0.001004,1024,32768,262144,2097152,65536,1048576,1048576,13,14,233,255,1775525060000,pumpswap,REPEAT
2026-04-10T04:36:57.437Z,2f4sWXXaXKHuQArYh94pddb7hkGWATp9MFScy26tpump,FART,Fart,solana,0.000005366,2,8,2097152,2097152,8192,4096,4096,1,1,2,4,1775779711000,pumpswap,REPEAT
2026-04-10T04:36:57.437Z,ATgsKWXnmEyrv3BvBndyQP55Xg49RhhGgFktasv2pump,SOLTAR,Soltar,solana,0.00004214,2,256,1024,2048,16384,32768,32768,1,,2,4,1774183067000,pumpswap,REPEAT
2026-04-10T04:36:57.437Z,61bSahZBWZgws8HQNSV57mtASrDAN3HBT9DwQNG3Bjt,mememan,Meme Man,solana,0.00008797,256,8192,65536,131072,32768,65536,65536,5,12,135,88,1775463353000,pumpswap,REPEAT
2026-04-10T04:36:57.437Z,2f4sWXXaXKHuQArYh94pddb7hkGWATp9MFScy26tpump,FART,Fart,solana,0.000005366,2,8,2097152,2097152,8192,4096,4096,1,1,2,4,1775779711000,pumpswap,REPEAT
2026-04-10T04:36:57.437Z,98t9PEJF5QvAdGhu3MuQ2ww57NkRV1Rg7evSZNFxpump,$BABYTAN,BabyTan,solana,0.00001023,4,512,4096,16384,,8192,8192,,1,9,4,1775571529000,pumpfun,REPEAT
2026-04-10T04:36:57.437Z,3W837NEB9cwzE6Awb9iyrRBy72zaeCNy2Zcsx2Tzpump,CHITOSHI,Satoshification,solana,0.000005884,8,2048,1048576,1048576,8192,8192,8192,,1,32,27,1775779700000,pumpswap,REPEAT
2026-04-10T04:36:57.437Z,3TYgKwkE2Y3rxdw9osLRSpxpXmSC1C1oo19W9KHspump,BULL,Bull,solana,0.002045,2048,16384,131072,1048576,131072,2097152,2097152,20,27,504,359,1774278163000,pumpswap,REPEAT
2026-04-10T04:36:57.437Z,QPXY96HU7oCpqTYV8xH17DYyjbyp6mGiGcW922Lgvpr,KACHIBI2,Kawaii Chibi V2 ,solana,0.0000002379,32,512,8192,16384,8192,32768,32768,1,,5,,1775505502000,raydium,REPEAT
2026-04-10T04:36:57.437Z,2f4sWXXaXKHuQArYh94pddb7hkGWATp9MFScy26tpump,FART,Fart,solana,0.000005366,2,8,2097152,2097152,8192,4096,4096,1,1,2,4,1775779711000,pumpswap,REPEAT
2026-04-10T04:36:57.437Z,H1CknM7TXz134nY5YT7KUYG6fL2Egn4ieLyzkTk7BAGS,PUNCH,パンチ,solana,0.0002938,1024,32768,262144,524288,32768,262144,262144,6,8,255,190,1775694809000,meteora,REPEAT
2026-04-10T04:36:57.437Z,xmYmMCUFuQ6mVu9yNs44KPz3ALyrntyhivueaw3pump,Sora,ソラちゃん,solana,0.00009228,8192,65536,524288,524288,32768,65536,65536,85,52,986,689,1775782979000,pumpswap,REPEAT
2026-04-10T04:36:57.437Z,HdB3FdEqpjnBnFDXGiBjuED2RYsVJFTqwwCY5BfhjgAx,BWT,OFFICIAL BARRON WILLIAM TRUMP,solana,0.00002017,512,8192,524288,524288,8192,16384,16384,4,437,226,2929,1775776887000,pumpswap,REPEAT
2026-04-10T04:41:57.439Z,99Z4AnrTHDhiGwYPyB4kE3Nap8oo8SqBPircah7Apump,SBTI,SBTI来了,solana,0.000009791,16384,65536,65536,65536,,8192,8192,261,144,656,402,1775795593000,pumpfun,NEW
2026-04-10T04:41:57.439Z,9AEtb967xTMosjp9XFhvHLhscPNYgDWc15jFAZR8pump,RƎ́V,REVÉRSÉ SOCIETY,solana,0.0001623,128,512,8192,32768,32768,131072,131072,1,1,13,13,1775691640000,pumpswap,REPEAT
2026-04-10T04:41:57.439Z,U5sdyqACGtTDyyvSL3yqwSHo1vzUJmNuifjKVSbpump,Stacy,True Stacy,solana,0.00003184,8192,8192,8192,8192,16384,32768,32768,116,108,116,108,1775796046000,pumpswap,REPEAT
2026-04-10T04:41:57.439Z,98t9PEJF5QvAdGhu3MuQ2ww57NkRV1Rg7evSZNFxpump,$BABYTAN,BabyTan,solana,0.00001023,,512,4096,16384,,8192,8192,,,8,4,1775571529000,pumpfun,REPEAT
2026-04-10T04:41:57.439Z,2ZKy5wqQ59fxeTiUEVLrL24XseTPhizSwpn2R5hfpump,LOLNAH,The Disbelief Coin,solana,0.000004414,256,16384,16384,16384,,4096,4096,4,6,385,247,1775792505000,pumpfun,REPEAT
2026-04-10T04:41:57.439Z,FaBG5QafPfxKJLDDz4jesLothFrjcjeS96SMnWLepump,Hotate,ほたてくん,solana,0.00002628,512,16384,65536,65536,,32768,32768,11,4,287,183,1775789595000,pumpfun,REPEAT
2026-04-10T04:41:57.439Z,9wcYq6LTC4vqgAWr5VQLwsR1Rc5CyzRbcTFtNLzFpump,Daisy,Daisy,solana,0.000008803,256,2048,524288,524288,8192,8192,8192,19,5,128,70,1775788309000,pumpswap,REPEAT
2026-04-10T04:41:57.439Z,5552z6Qp2xr596ox1UVN4ppDwwyjCfY8cXwzHMXgMcaS,MOLTING,Molting,solana,0.001517,1024,16384,131072,262144,131072,2097152,2097152,12,17,123,136,1769857955000,orca,REPEAT
2026-04-10T04:41:57.439Z,BBYEvoXYaWQxvWb2x4ugwAPnVTiqqoFtxHLtagf3PEPE,BABYPEPE,BABYPEPE,solana,0.00002241,16,2048,131072,131072,16384,16384,16384,1,1,21,26,1775781591000,pumpswap,REPEAT
2026-04-10T04:41:57.439Z,9YiTzXRbgoE1MtyxQ4sGF3vbdX944HNdcBmVpPQppump,umi,umi,solana,0.00003142,64,2048,8192,32768,16384,32768,32768,3,1,48,30,1774642896000,pumpswap,REPEAT
2026-04-10T04:41:57.439Z,AHFQ4tB5Fj1HTCB6sQ7MdtJf5fUHS7pdJ9sZAK3tpump,Mythos,Claude Mythos,solana,0.0002300,128,16384,131072,262144,32768,131072,131072,3,6,207,95,1774618831000,pumpswap,REPEAT
2026-04-10T04:41:57.439Z,Fc1mGwtNZthtxfaKDLvTMJXjM2Bvyy5XtHq9Jarupump,Enough,Enough To Live,solana,0.00001025,64,1024,16384,262144,8192,8192,8192,2,3,28,24,1775748691000,pumpswap,REPEAT
2026-04-10T04:41:57.439Z,7WgtNx2R5tVw98PdZuhgjbcDkEtaxyEFDxWtYQ5nbonk,Barron ,Official Barron Coin,solana,0.00006279,256,4096,131072,262144,32768,65536,65536,5,1,81,37,1775762127000,raydium,REPEAT
2026-04-10T04:41:57.439Z,6XjY7mBgYNEV8tk6NxybMF1RdkSuWopCSHW9ejJ5DHwn,IMAGINE,Grok Imagine,solana,0.00002111,,128,512,8192,16384,16384,16384,,,1,2,1773975732000,pumpswap,REPEAT
2026-04-10T04:41:57.439Z,CmtYYjTBYxj5ExeyREFoM5gMNDo4GQ4sjrE7Vx9upump,HUNTER,HunterBidenSmokingCrackCoin,solana,0.00002443,512,8192,131072,131072,,32768,32768,8,5,141,68,1775779065000,pumpfun,REPEAT
2026-04-10T04:41:57.439Z,9SeCSdbPzz95KomGUGEV9Shn2zGXNmMJhE9J72Hipump,Iroha,イロハ,solana,0.001055,4096,32768,262144,2097152,65536,1048576,1048576,11,47,224,293,1775525060000,pumpswap,REPEAT
2026-04-10T04:41:57.439Z,2f4sWXXaXKHuQArYh94pddb7hkGWATp9MFScy26tpump,FART,Fart,solana,0.000005366,,8,2097152,2097152,8192,4096,4096,,,2,4,1775779711000,pumpswap,REPEAT
2026-04-10T04:41:57.439Z,ATgsKWXnmEyrv3BvBndyQP55Xg49RhhGgFktasv2pump,SOLTAR,Soltar,solana,0.00003835,256,512,1024,2048,16384,32768,32768,,3,2,7,1774183067000,pumpswap,REPEAT
2026-04-10T04:41:57.439Z,61bSahZBWZgws8HQNSV57mtASrDAN3HBT9DwQNG3Bjt,mememan,Meme Man,solana,0.00008731,64,8192,65536,131072,32768,65536,65536,6,4,133,86,1775463353000,pumpswap,REPEAT
2026-04-10T04:41:57.439Z,2f4sWXXaXKHuQArYh94pddb7hkGWATp9MFScy26tpump,FART,Fart,solana,0.000005366,,8,2097152,2097152,8192,4096,4096,,,2,4,1775779711000,pumpswap,REPEAT
2026-04-10T04:41:57.439Z,98t9PEJF5QvAdGhu3MuQ2ww57NkRV1Rg7evSZNFxpump,$BABYTAN,BabyTan,solana,0.00001023,,512,4096,16384,,8192,8192,,,8,4,1775571529000,pumpfun,REPEAT
2026-04-10T04:41:57.439Z,3W837NEB9cwzE6Awb9iyrRBy72zaeCNy2Zcsx2Tzpump,CHITOSHI,Satoshification,solana,0.000005876,0,2048,1048576,1048576,8192,8192,8192,,1,32,28,1775779700000,pumpswap,REPEAT
2026-04-10T04:41:57.439Z,3TYgKwkE2Y3rxdw9osLRSpxpXmSC1C1oo19W9KHspump,BULL,Bull,solana,0.002024,4096,16384,131072,1048576,131072,2097152,2097152,26,22,508,359,1774278163000,pumpswap,REPEAT
2026-04-10T04:41:57.439Z,QPXY96HU7oCpqTYV8xH17DYyjbyp6mGiGcW922Lgvpr,KACHIBI2,Kawaii Chibi V2 ,solana,0.0000002379,,512,8192,16384,8192,32768,32768,,,5,,1775505502000,raydium,REPEAT
2026-04-10T04:41:57.439Z,2f4sWXXaXKHuQArYh94pddb7hkGWATp9MFScy26tpump,FART,Fart,solana,0.000005366,,8,2097152,2097152,8192,4096,4096,,,2,4,1775779711000,pumpswap,REPEAT
2026-04-10T04:41:57.439Z,H1CknM7TXz134nY5YT7KUYG6fL2Egn4ieLyzkTk7BAGS,PUNCH,パンチ,solana,0.0002994,1024,32768,262144,524288,32768,262144,262144,6,5,250,175,1775694809000,meteora,REPEAT
2026-04-10T04:41:57.439Z,xmYmMCUFuQ6mVu9yNs44KPz3ALyrntyhivueaw3pump,Sora,ソラちゃん,solana,0.0001021,2048,65536,524288,524288,32768,131072,131072,21,32,884,640,1775782979000,pumpswap,REPEAT
2026-04-10T04:41:57.439Z,HdB3FdEqpjnBnFDXGiBjuED2RYsVJFTqwwCY5BfhjgAx,BWT,OFFICIAL BARRON WILLIAM TRUMP,solana,0.00001731,1024,8192,524288,524288,8192,16384,16384,18,441,247,3449,1775776887000,pumpswap,REPEAT
2026-04-10T04:46:57.439Z,99Z4AnrTHDhiGwYPyB4kE3Nap8oo8SqBPircah7Apump,SBTI,SBTI来了,solana,0.000007557,4096,65536,65536,65536,,8192,8192,103,73,759,474,1775795593000,pumpfun,REPEAT
2026-04-10T04:46:57.439Z,9AEtb967xTMosjp9XFhvHLhscPNYgDWc15jFAZR8pump,RƎ́V,REVÉRSÉ SOCIETY,solana,0.0001623,,512,4096,32768,32768,131072,131072,,,11,11,1775691640000,pumpswap,REPEAT
2026-04-10T04:46:57.439Z,U5sdyqACGtTDyyvSL3yqwSHo1vzUJmNuifjKVSbpump,Stacy,True Stacy,solana,0.00003788,16384,32768,32768,32768,16384,32768,32768,459,322,642,479,1775796046000,pumpswap,REPEAT
2026-04-10T04:46:57.439Z,98t9PEJF5QvAdGhu3MuQ2ww57NkRV1Rg7evSZNFxpump,$BABYTAN,BabyTan,solana,0.00001014,32,512,4096,16384,,8192,8192,,1,7,5,1775571529000,pumpfun,REPEAT
2026-04-10T04:46:57.439Z,2ZKy5wqQ59fxeTiUEVLrL24XseTPhizSwpn2R5hfpump,LOLNAH,The Disbelief Coin,solana,0.000004577,256,16384,16384,16384,,4096,4096,6,4,386,248,1775792505000,pumpfun,REPEAT
2026-04-10T04:46:57.439Z,FaBG5QafPfxKJLDDz4jesLothFrjcjeS96SMnWLepump,Hotate,ほたてくん,solana,0.00002757,2048,16384,65536,65536,,32768,32768,25,16,293,185,1775789595000,pumpfun,REPEAT
2026-04-10T04:46:57.439Z,9wcYq6LTC4vqgAWr5VQLwsR1Rc5CyzRbcTFtNLzFpump,Daisy,Daisy,solana,0.000009008,32,2048,524288,524288,8192,8192,8192,4,,115,62,1775788309000,pumpswap,REPEAT
2026-04-10T04:46:57.439Z,5552z6Qp2xr596ox1UVN4ppDwwyjCfY8cXwzHMXgMcaS,MOLTING,Molting,solana,0.001552,1024,16384,131072,262144,131072,2097152,2097152,15,8,131,141,1769857955000,orca,REPEAT
2026-04-10T04:46:57.439Z,BBYEvoXYaWQxvWb2x4ugwAPnVTiqqoFtxHLtagf3PEPE,BABYPEPE,BABYPEPE,solana,0.00002241,8,1024,131072,131072,16384,16384,16384,1,1,15,27,1775781591000,pumpswap,REPEAT
2026-04-10T04:46:57.439Z,9YiTzXRbgoE1MtyxQ4sGF3vbdX944HNdcBmVpPQppump,umi,umi,solana,0.00003222,128,2048,8192,32768,16384,32768,32768,5,2,49,29,1774642896000,pumpswap,REPEAT
2026-04-10T04:46:57.439Z,AHFQ4tB5Fj1HTCB6sQ7MdtJf5fUHS7pdJ9sZAK3tpump,Mythos,Claude Mythos,solana,0.0002448,1024,16384,131072,262144,32768,262144,262144,12,4,217,96,1774618831000,pumpswap,REPEAT
2026-04-10T04:46:57.439Z,Fc1mGwtNZthtxfaKDLvTMJXjM2Bvyy5XtHq9Jarupump,Enough,Enough To Live,solana,0.000008225,512,2048,16384,262144,8192,8192,8192,6,6,28,28,1775748691000,pumpswap,REPEAT
2026-04-10T04:46:57.439Z,7WgtNx2R5tVw98PdZuhgjbcDkEtaxyEFDxWtYQ5nbonk,Barron ,Official Barron Coin,solana,0.00006296,32,2048,131072,262144,32768,65536,65536,1,1,75,36,1775762127000,raydium,REPEAT
2026-04-10T04:46:57.439Z,6XjY7mBgYNEV8tk6NxybMF1RdkSuWopCSHW9ejJ5DHwn,IMAGINE,Grok Imagine,solana,0.00002111,,128,512,8192,16384,16384,16384,,,1,2,1773975732000,pumpswap,REPEAT
2026-04-10T04:46:57.439Z,CmtYYjTBYxj5ExeyREFoM5gMNDo4GQ4sjrE7Vx9upump,HUNTER,HunterBidenSmokingCrackCoin,solana,0.00002459,2048,16384,131072,131072,,32768,32768,14,10,130,70,1775779065000,pumpfun,REPEAT
2026-04-10T04:46:57.439Z,9SeCSdbPzz95KomGUGEV9Shn2zGXNmMJhE9J72Hipump,Iroha,イロハ,solana,0.001037,1024,32768,262144,2097152,65536,1048576,1048576,7,17,200,293,1775525060000,pumpswap,REPEAT
2026-04-10T04:46:57.439Z,2f4sWXXaXKHuQArYh94pddb7hkGWATp9MFScy26tpump,FART,Fart,solana,0.000005366,,8,2097152,2097152,8192,4096,4096,,,2,4,1775779711000,pumpswap,REPEAT
2026-04-10T04:46:57.439Z,ATgsKWXnmEyrv3BvBndyQP55Xg49RhhGgFktasv2pump,SOLTAR,Soltar,solana,0.00003878,32,512,1024,2048,16384,32768,32768,2,,4,7,1774183067000,pumpswap,REPEAT
2026-04-10T04:46:57.439Z,61bSahZBWZgws8HQNSV57mtASrDAN3HBT9DwQNG3Bjt,mememan,Meme Man,solana,0.00008926,1024,8192,65536,131072,32768,65536,65536,8,10,129,93,1775463353000,pumpswap,REPEAT
2026-04-10T04:46:57.439Z,2f4sWXXaXKHuQArYh94pddb7hkGWATp9MFScy26tpump,FART,Fart,solana,0.000005366,,8,2097152,2097152,8192,4096,4096,,,2,4,1775779711000,pumpswap,REPEAT
2026-04-10T04:46:57.439Z,98t9PEJF5QvAdGhu3MuQ2ww57NkRV1Rg7evSZNFxpump,$BABYTAN,BabyTan,solana,0.00001014,32,512,4096,16384,,8192,8192,,1,7,5,1775571529000,pumpfun,REPEAT
2026-04-10T04:46:57.439Z,3W837NEB9cwzE6Awb9iyrRBy72zaeCNy2Zcsx2Tzpump,CHITOSHI,Satoshification,solana,0.000005876,,2048,1048576,1048576,8192,8192,8192,,,31,26,1775779700000,pumpswap,REPEAT
2026-04-10T04:46:57.439Z,3TYgKwkE2Y3rxdw9osLRSpxpXmSC1C1oo19W9KHspump,BULL,Bull,solana,0.002050,1024,16384,131072,1048576,131072,2097152,2097152,23,24,510,363,1774278163000,pumpswap,REPEAT
2026-04-10T04:46:57.439Z,QPXY96HU7oCpqTYV8xH17DYyjbyp6mGiGcW922Lgvpr,KACHIBI2,Kawaii Chibi V2 ,solana,0.0000002379,,512,8192,16384,8192,32768,32768,,,5,,1775505502000,raydium,REPEAT
2026-04-10T04:46:57.439Z,2f4sWXXaXKHuQArYh94pddb7hkGWATp9MFScy26tpump,FART,Fart,solana,0.000005366,,8,2097152,2097152,8192,4096,4096,,,2,4,1775779711000,pumpswap,REPEAT
2026-04-10T04:46:57.439Z,H1CknM7TXz134nY5YT7KUYG6fL2Egn4ieLyzkTk7BAGS,PUNCH,パンチ,solana,0.0002981,512,32768,262144,524288,32768,262144,262144,8,1,229,161,1775694809000,meteora,REPEAT
2026-04-10T04:46:57.439Z,xmYmMCUFuQ6mVu9yNs44KPz3ALyrntyhivueaw3pump,Sora,ソラちゃん,solana,0.00007623,8192,65536,524288,524288,16384,65536,65536,97,50,874,627,1775782979000,pumpswap,REPEAT
2026-04-10T04:46:57.439Z,HdB3FdEqpjnBnFDXGiBjuED2RYsVJFTqwwCY5BfhjgAx,BWT,OFFICIAL BARRON WILLIAM TRUMP,solana,0.00001335,1024,8192,524288,524288,8192,16384,16384,42,440,257,3969,1775776887000,pumpswap,REPEAT
2026-04-10T04:51:57.438Z,99Z4AnrTHDhiGwYPyB4kE3Nap8oo8SqBPircah7Apump,SBTI,SBTI来了,solana,0.000009557,8192,65536,65536,65536,,8192,8192,145,63,906,540,1775795593000,pumpfun,REPEAT
2026-04-10T04:51:57.438Z,9AEtb967xTMosjp9XFhvHLhscPNYgDWc15jFAZR8pump,RƎ́V,REVÉRSÉ SOCIETY,solana,0.0001633,64,512,4096,32768,32768,131072,131072,1,1,10,12,1775691640000,pumpswap,REPEAT
2026-04-10T04:51:57.438Z,U5sdyqACGtTDyyvSL3yqwSHo1vzUJmNuifjKVSbpump,Stacy,True Stacy,solana,0.00003396,16384,65536,65536,65536,16384,32768,32768,382,293,1060,807,1775796046000,pumpswap,REPEAT
2026-04-10T04:51:57.438Z,98t9PEJF5QvAdGhu3MuQ2ww57NkRV1Rg7evSZNFxpump,$BABYTAN,BabyTan,solana,0.00001014,,512,4096,16384,,8192,8192,,,7,5,1775571529000,pumpfun,REPEAT
2026-04-10T04:51:57.438Z,2ZKy5wqQ59fxeTiUEVLrL24XseTPhizSwpn2R5hfpump,LOLNAH,The Disbelief Coin,solana,0.000004502,64,16384,16384,16384,,4096,4096,1,3,387,250,1775792505000,pumpfun,REPEAT
2026-04-10T04:51:57.438Z,FaBG5QafPfxKJLDDz4jesLothFrjcjeS96SMnWLepump,Hotate,ほたてくん,solana,0.00002889,2048,16384,65536,65536,,32768,32768,23,24,285,197,1775789595000,pumpfun,REPEAT
2026-04-10T04:51:57.438Z,9wcYq6LTC4vqgAWr5VQLwsR1Rc5CyzRbcTFtNLzFpump,Daisy,Daisy,solana,0.000008465,128,2048,524288,524288,8192,8192,8192,,9,114,62,1775788309000,pumpswap,REPEAT
2026-04-10T04:51:57.438Z,5552z6Qp2xr596ox1UVN4ppDwwyjCfY8cXwzHMXgMcaS,MOLTING,Molting,solana,0.001631,2048,16384,131072,262144,131072,2097152,2097152,24,15,148,151,1769857955000,orca,REPEAT
2026-04-10T04:51:57.438Z,BBYEvoXYaWQxvWb2x4ugwAPnVTiqqoFtxHLtagf3PEPE,BABYPEPE,BABYPEPE,solana,0.00002213,32,2048,131072,131072,8192,16384,16384,1,2,16,29,1775781591000,pumpswap,REPEAT
2026-04-10T04:51:57.438Z,9YiTzXRbgoE1MtyxQ4sGF3vbdX944HNdcBmVpPQppump,umi,umi,solana,0.00003207,256,2048,8192,32768,16384,32768,32768,6,3,50,28,1774642896000,pumpswap,REPEAT
2026-04-10T04:51:57.438Z,AHFQ4tB5Fj1HTCB6sQ7MdtJf5fUHS7pdJ9sZAK3tpump,Mythos,Claude Mythos,solana,0.0002619,1024,16384,131072,262144,32768,262144,262144,10,17,225,108,1774618831000,pumpswap,REPEAT
2026-04-10T04:51:57.438Z,Fc1mGwtNZthtxfaKDLvTMJXjM2Bvyy5XtHq9Jarupump,Enough,Enough To Live,solana,0.000008532,256,2048,16384,262144,8192,8192,8192,5,1,31,29,1775748691000,pumpswap,REPEAT
2026-04-10T04:51:57.438Z,7WgtNx2R5tVw98PdZuhgjbcDkEtaxyEFDxWtYQ5nbonk,Barron ,Official Barron Coin,solana,0.00006329,64,2048,131072,262144,32768,65536,65536,5,5,70,35,1775762127000,raydium,REPEAT
2026-04-10T04:51:57.438Z,6XjY7mBgYNEV8tk6NxybMF1RdkSuWopCSHW9ejJ5DHwn,IMAGINE,Grok Imagine,solana,0.00002155,64,128,512,8192,16384,16384,16384,1,,2,1,1773975732000,pumpswap,REPEAT
2026-04-10T04:51:57.438Z,CmtYYjTBYxj5ExeyREFoM5gMNDo4GQ4sjrE7Vx9upump,HUNTER,HunterBidenSmokingCrackCoin,solana,0.00002920,1024,16384,131072,131072,,32768,32768,22,5,145,68,1775779065000,pumpfun,REPEAT
2026-04-10T04:51:57.438Z,9SeCSdbPzz95KomGUGEV9Shn2zGXNmMJhE9J72Hipump,Iroha,イロハ,solana,0.001027,512,32768,262144,2097152,65536,1048576,1048576,4,7,171,286,1775525060000,pumpswap,REPEAT
2026-04-10T04:51:57.438Z,2f4sWXXaXKHuQArYh94pddb7hkGWATp9MFScy26tpump,FART,Fart,solana,0.000005366,,8,2097152,2097152,8192,4096,4096,,,1,3,1775779711000,pumpswap,REPEAT
2026-04-10T04:51:57.438Z,ATgsKWXnmEyrv3BvBndyQP55Xg49RhhGgFktasv2pump,SOLTAR,Soltar,solana,0.00003878,,512,1024,2048,16384,32768,32768,,,4,7,1774183067000,pumpswap,REPEAT
2026-04-10T04:51:57.438Z,61bSahZBWZgws8HQNSV57mtASrDAN3HBT9DwQNG3Bjt,mememan,Meme Man,solana,0.00008590,256,8192,65536,131072,32768,65536,65536,2,11,128,101,1775463353000,pumpswap,REPEAT
2026-04-10T04:51:57.438Z,2f4sWXXaXKHuQArYh94pddb7hkGWATp9MFScy26tpump,FART,Fart,solana,0.000005366,,8,2097152,2097152,8192,4096,4096,,,1,3,1775779711000,pumpswap,REPEAT
2026-04-10T04:51:57.438Z,98t9PEJF5QvAdGhu3MuQ2ww57NkRV1Rg7evSZNFxpump,$BABYTAN,BabyTan,solana,0.00001014,,512,4096,16384,,8192,8192,,,7,5,1775571529000,pumpfun,REPEAT
2026-04-10T04:51:57.438Z,3W837NEB9cwzE6Awb9iyrRBy72zaeCNy2Zcsx2Tzpump,CHITOSHI,Satoshification,solana,0.000005975,8,2048,1048576,1048576,8192,8192,8192,1,,32,24,1775779700000,pumpswap,REPEAT
2026-04-10T04:51:57.438Z,3TYgKwkE2Y3rxdw9osLRSpxpXmSC1C1oo19W9KHspump,BULL,Bull,solana,0.002076,2048,16384,131072,1048576,131072,2097152,2097152,21,21,471,363,1774278163000,pumpswap,REPEAT
2026-04-10T04:51:57.438Z,QPXY96HU7oCpqTYV8xH17DYyjbyp6mGiGcW922Lgvpr,KACHIBI2,Kawaii Chibi V2 ,solana,0.0000002379,,512,8192,16384,8192,32768,32768,,,4,,1775505502000,raydium,REPEAT
2026-04-10T04:51:57.438Z,2f4sWXXaXKHuQArYh94pddb7hkGWATp9MFScy26tpump,FART,Fart,solana,0.000005366,,8,2097152,2097152,8192,4096,4096,,,1,3,1775779711000,pumpswap,REPEAT
2026-04-10T04:51:57.438Z,H1CknM7TXz134nY5YT7KUYG6fL2Egn4ieLyzkTk7BAGS,PUNCH,パンチ,solana,0.0002756,512,32768,262144,524288,32768,262144,262144,8,7,228,153,1775694809000,meteora,REPEAT
2026-04-10T04:51:57.438Z,xmYmMCUFuQ6mVu9yNs44KPz3ALyrntyhivueaw3pump,Sora,ソラちゃん,solana,0.00009006,8192,65536,524288,524288,32768,65536,65536,79,48,856,604,1775782979000,pumpswap,REPEAT
2026-04-10T04:51:57.438Z,HdB3FdEqpjnBnFDXGiBjuED2RYsVJFTqwwCY5BfhjgAx,BWT,OFFICIAL BARRON WILLIAM TRUMP,solana,0.00001400,256,8192,524288,524288,8192,16384,16384,9,435,254,4477,1775776887000,pumpswap,REPEAT
2026-04-10T04:56:57.439Z,99Z4AnrTHDhiGwYPyB4kE3Nap8oo8SqBPircah7Apump,SBTI,SBTI来了,solana,0.000007928,4096,65536,65536,65536,,8192,8192,95,50,1001,590,1775795593000,pumpfun,REPEAT
2026-04-10T04:56:57.439Z,9AEtb967xTMosjp9XFhvHLhscPNYgDWc15jFAZR8pump,RƎ́V,REVÉRSÉ SOCIETY,solana,0.0001621,8,512,4096,32768,32768,131072,131072,,1,8,13,1775691640000,pumpswap,REPEAT
2026-04-10T04:56:57.439Z,U5sdyqACGtTDyyvSL3yqwSHo1vzUJmNuifjKVSbpump,Stacy,True Stacy,solana,0.00004101,16384,65536,65536,65536,16384,32768,32768,320,228,1422,1062,1775796046000,pumpswap,REPEAT
2026-04-10T04:56:57.439Z,98t9PEJF5QvAdGhu3MuQ2ww57NkRV1Rg7evSZNFxpump,$BABYTAN,BabyTan,solana,0.00001014,,512,4096,16384,,8192,8192,,,7,5,1775571529000,pumpfun,REPEAT
2026-04-10T04:56:57.439Z,2ZKy5wqQ59fxeTiUEVLrL24XseTPhizSwpn2R5hfpump,LOLNAH,The Disbelief Coin,solana,0.000003989,256,16384,16384,16384,,4096,4096,1,8,388,258,1775792505000,pumpfun,REPEAT
2026-04-10T04:56:57.439Z,FaBG5QafPfxKJLDDz4jesLothFrjcjeS96SMnWLepump,Hotate,ほたてくん,solana,0.00002872,2048,16384,65536,65536,,32768,32768,15,12,282,193,1775789595000,pumpfun,REPEAT
2026-04-10T04:56:57.439Z,9wcYq6LTC4vqgAWr5VQLwsR1Rc5CyzRbcTFtNLzFpump,Daisy,Daisy,solana,0.000007010,512,4096,524288,524288,8192,8192,8192,10,5,125,64,1775788309000,pumpswap,REPEAT
2026-04-10T04:56:57.439Z,5552z6Qp2xr596ox1UVN4ppDwwyjCfY8cXwzHMXgMcaS,MOLTING,Molting,solana,0.001600,1024,16384,131072,262144,131072,2097152,2097152,8,8,149,151,1769857955000,orca,REPEAT
2026-04-10T04:56:57.439Z,BBYEvoXYaWQxvWb2x4ugwAPnVTiqqoFtxHLtagf3PEPE,BABYPEPE,BABYPEPE,solana,0.00002209,4,1024,131072,131072,8192,16384,16384,,1,14,27,1775781591000,pumpswap,REPEAT
2026-04-10T04:56:57.439Z,9YiTzXRbgoE1MtyxQ4sGF3vbdX944HNdcBmVpPQppump,umi,umi,solana,0.00003153,128,2048,8192,32768,16384,32768,32768,3,4,50,31,1774642896000,pumpswap,REPEAT
2026-04-10T04:56:57.439Z,AHFQ4tB5Fj1HTCB6sQ7MdtJf5fUHS7pdJ9sZAK3tpump,Mythos,Claude Mythos,solana,0.0002419,1024,16384,131072,262144,32768,262144,262144,5,13,230,116,1774618831000,pumpswap,REPEAT
2026-04-10T04:56:57.439Z,Fc1mGwtNZthtxfaKDLvTMJXjM2Bvyy5XtHq9Jarupump,Enough,Enough To Live,solana,0.000008230,64,2048,16384,262144,8192,8192,8192,,8,24,35,1775748691000,pumpswap,REPEAT
2026-04-10T04:56:57.439Z,7WgtNx2R5tVw98PdZuhgjbcDkEtaxyEFDxWtYQ5nbonk,Barron ,Official Barron Coin,solana,0.00006329,0,2048,131072,262144,32768,65536,65536,57,50,146,103,1775762127000,raydium,REPEAT
2026-04-10T04:56:57.439Z,6XjY7mBgYNEV8tk6NxybMF1RdkSuWopCSHW9ejJ5DHwn,IMAGINE,Grok Imagine,solana,0.00002155,,64,512,8192,16384,16384,16384,,,1,1,1773975732000,pumpswap,REPEAT
2026-04-10T04:56:57.439Z,CmtYYjTBYxj5ExeyREFoM5gMNDo4GQ4sjrE7Vx9upump,HUNTER,HunterBidenSmokingCrackCoin,solana,0.00003431,8192,8192,8192,8192,16384,32768,32768,132,124,132,124,1775796857000,pumpswap,REPEAT
2026-04-10T04:56:57.439Z,9SeCSdbPzz95KomGUGEV9Shn2zGXNmMJhE9J72Hipump,Iroha,イロハ,solana,0.001016,512,32768,262144,2097152,65536,1048576,1048576,12,4,170,275,1775525060000,pumpswap,REPEAT
2026-04-10T04:56:57.439Z,2f4sWXXaXKHuQArYh94pddb7hkGWATp9MFScy26tpump,FART,Fart,solana,0.000005366,,8,2097152,2097152,8192,4096,4096,,,1,3,1775779711000,pumpswap,REPEAT
2026-04-10T04:56:57.439Z,ATgsKWXnmEyrv3BvBndyQP55Xg49RhhGgFktasv2pump,SOLTAR,Soltar,solana,0.00003878,,512,1024,2048,16384,32768,32768,,,4,7,1774183067000,pumpswap,REPEAT
2026-04-10T04:56:57.439Z,61bSahZBWZgws8HQNSV57mtASrDAN3HBT9DwQNG3Bjt,mememan,Meme Man,solana,0.00008461,256,8192,65536,131072,32768,65536,65536,1,9,122,103,1775463353000,pumpswap,REPEAT
2026-04-10T04:56:57.439Z,2f4sWXXaXKHuQArYh94pddb7hkGWATp9MFScy26tpump,FART,Fart,solana,0.000005366,,8,2097152,2097152,8192,4096,4096,,,1,3,1775779711000,pumpswap,REPEAT
2026-04-10T04:56:57.439Z,98t9PEJF5QvAdGhu3MuQ2ww57NkRV1Rg7evSZNFxpump,$BABYTAN,BabyTan,solana,0.00001014,,512,4096,16384,,8192,8192,,,7,5,1775571529000,pumpfun,REPEAT
2026-04-10T04:56:57.439Z,3W837NEB9cwzE6Awb9iyrRBy72zaeCNy2Zcsx2Tzpump,CHITOSHI,Satoshification,solana,0.000006008,4,256,1048576,1048576,8192,8192,8192,1,,14,9,1775779700000,pumpswap,REPEAT
2026-04-10T04:56:57.439Z,3TYgKwkE2Y3rxdw9osLRSpxpXmSC1C1oo19W9KHspump,BULL,Bull,solana,0.002030,2048,32768,131072,1048576,131072,2097152,2097152,23,27,475,368,1774278163000,pumpswap,REPEAT
2026-04-10T04:56:57.439Z,QPXY96HU7oCpqTYV8xH17DYyjbyp6mGiGcW922Lgvpr,KACHIBI2,Kawaii Chibi V2 ,solana,0.0000002379,,512,8192,16384,8192,32768,32768,,,4,,1775505502000,raydium,REPEAT
2026-04-10T04:56:57.439Z,2f4sWXXaXKHuQArYh94pddb7hkGWATp9MFScy26tpump,FART,Fart,solana,0.000005366,,8,2097152,2097152,8192,4096,4096,,,1,3,1775779711000,pumpswap,REPEAT
2026-04-10T04:56:57.439Z,H1CknM7TXz134nY5YT7KUYG6fL2Egn4ieLyzkTk7BAGS,PUNCH,パンチ,solana,0.0002843,256,32768,262144,524288,32768,262144,262144,7,3,223,141,1775694809000,meteora,REPEAT
2026-04-10T04:56:57.439Z,xmYmMCUFuQ6mVu9yNs44KPz3ALyrntyhivueaw3pump,Sora,ソラちゃん,solana,0.00008057,2048,65536,524288,524288,16384,65536,65536,34,43,828,568,1775782979000,pumpswap,REPEAT
2026-04-10T04:56:57.439Z,HdB3FdEqpjnBnFDXGiBjuED2RYsVJFTqwwCY5BfhjgAx,BWT,OFFICIAL BARRON WILLIAM TRUMP,solana,0.00001339,512,8192,524288,524288,8192,16384,16384,8,445,242,5004,1775776887000,pumpswap,REPEAT
2026-04-10T05:01:57.440Z,99Z4AnrTHDhiGwYPyB4kE3Nap8oo8SqBPircah7Apump,SBTI,SBTI来了,solana,0.000009410,4096,65536,65536,65536,,8192,8192,82,43,1083,633,1775795593000,pumpfun,REPEAT
2026-04-10T05:01:57.440Z,9AEtb967xTMosjp9XFhvHLhscPNYgDWc15jFAZR8pump,RƎ́V,REVÉRSÉ SOCIETY,solana,0.0001621,,512,4096,32768,32768,131072,131072,,,8,13,1775691640000,pumpswap,REPEAT
2026-04-10T05:01:57.440Z,U5sdyqACGtTDyyvSL3yqwSHo1vzUJmNuifjKVSbpump,Stacy,True Stacy,solana,0.00002949,8192,65536,65536,65536,16384,32768,32768,253,191,1688,1275,1775796046000,pumpswap,REPEAT
2026-04-10T05:01:57.440Z,98t9PEJF5QvAdGhu3MuQ2ww57NkRV1Rg7evSZNFxpump,$BABYTAN,BabyTan,solana,0.00001014,,512,4096,16384,,8192,8192,,,7,5,1775571529000,pumpfun,REPEAT
2026-04-10T05:01:57.440Z,2ZKy5wqQ59fxeTiUEVLrL24XseTPhizSwpn2R5hfpump,LOLNAH,The Disbelief Coin,solana,0.000003685,256,8192,16384,16384,,4096,4096,4,6,255,188,1775792505000,pumpfun,REPEAT
2026-04-10T05:01:57.440Z,FaBG5QafPfxKJLDDz4jesLothFrjcjeS96SMnWLepump,Hotate,ほたてくん,solana,0.00002528,1024,16384,65536,65536,,32768,32768,13,14,281,185,1775789595000,pumpfun,REPEAT
2026-04-10T05:01:57.440Z,9wcYq6LTC4vqgAWr5VQLwsR1Rc5CyzRbcTFtNLzFpump,Daisy,Daisy,solana,0.000007985,256,4096,524288,524288,8192,8192,8192,15,2,131,64,1775788309000,pumpswap,REPEAT
2026-04-10T05:01:57.440Z,5552z6Qp2xr596ox1UVN4ppDwwyjCfY8cXwzHMXgMcaS,MOLTING,Molting,solana,0.001577,1024,16384,131072,262144,131072,2097152,2097152,13,4,158,150,1769857955000,orca,REPEAT
2026-04-10T05:01:57.440Z,BBYEvoXYaWQxvWb2x4ugwAPnVTiqqoFtxHLtagf3PEPE,BABYPEPE,BABYPEPE,solana,0.00002204,16,1024,131072,131072,8192,16384,16384,,1,14,28,1775781591000,pumpswap,REPEAT
2026-04-10T05:01:57.440Z,9YiTzXRbgoE1MtyxQ4sGF3vbdX944HNdcBmVpPQppump,umi,umi,solana,0.00002925,128,2048,8192,32768,16384,32768,32768,3,2,51,33,1774642896000,pumpswap,REPEAT
2026-04-10T05:01:57.440Z,AHFQ4tB5Fj1HTCB6sQ7MdtJf5fUHS7pdJ9sZAK3tpump,Mythos,Claude Mythos,solana,0.0002446,256,16384,131072,262144,32768,262144,262144,2,4,230,117,1774618831000,pumpswap,REPEAT
2026-04-10T05:01:57.440Z,Fc1mGwtNZthtxfaKDLvTMJXjM2Bvyy5XtHq9Jarupump,Enough,Enough To Live,solana,0.000008175,16,1024,16384,262144,8192,8192,8192,1,2,24,29,1775748691000,pumpswap,REPEAT
2026-04-10T05:01:57.440Z,7WgtNx2R5tVw98PdZuhgjbcDkEtaxyEFDxWtYQ5nbonk,Barron ,Official Barron Coin,solana,0.00006328,,2048,131072,262144,32768,65536,65536,,,141,101,1775762127000,raydium,REPEAT
2026-04-10T05:01:57.440Z,6XjY7mBgYNEV8tk6NxybMF1RdkSuWopCSHW9ejJ5DHwn,IMAGINE,Grok Imagine,solana,0.00002155,,64,512,8192,16384,16384,16384,,,1,1,1773975732000,pumpswap,REPEAT
2026-04-10T05:01:57.440Z,CmtYYjTBYxj5ExeyREFoM5gMNDo4GQ4sjrE7Vx9upump,HUNTER,HunterBidenSmokingCrackCoin,solana,0.00003495,16384,32768,32768,32768,16384,32768,32768,225,153,361,280,1775796857000,pumpswap,REPEAT
2026-04-10T05:01:57.440Z,9SeCSdbPzz95KomGUGEV9Shn2zGXNmMJhE9J72Hipump,Iroha,イロハ,solana,0.0009765,2048,32768,262144,2097152,65536,1048576,1048576,17,15,168,270,1775525060000,pumpswap,REPEAT
2026-04-10T05:01:57.440Z,2f4sWXXaXKHuQArYh94pddb7hkGWATp9MFScy26tpump,FART,Fart,solana,0.000005383,0,8,2097152,2097152,8192,4096,4096,,2,1,5,1775779711000,pumpswap,REPEAT
2026-04-10T05:01:57.440Z,ATgsKWXnmEyrv3BvBndyQP55Xg49RhhGgFktasv2pump,SOLTAR,Soltar,solana,0.00003878,,512,1024,2048,16384,32768,32768,,,4,6,1774183067000,pumpswap,REPEAT
2026-04-10T05:01:57.440Z,61bSahZBWZgws8HQNSV57mtASrDAN3HBT9DwQNG3Bjt,mememan,Meme Man,solana,0.00008114,32,8192,65536,131072,32768,65536,65536,1,5,159,104,1775463353000,pumpswap,REPEAT
2026-04-10T05:01:57.440Z,2f4sWXXaXKHuQArYh94pddb7hkGWATp9MFScy26tpump,FART,Fart,solana,0.000005383,0,8,2097152,2097152,8192,4096,4096,,2,1,5,1775779711000,pumpswap,REPEAT
2026-04-10T05:01:57.440Z,98t9PEJF5QvAdGhu3MuQ2ww57NkRV1Rg7evSZNFxpump,$BABYTAN,BabyTan,solana,0.00001014,,512,4096,16384,,8192,8192,,,7,5,1775571529000,pumpfun,REPEAT
2026-04-10T05:01:57.440Z,3W837NEB9cwzE6Awb9iyrRBy72zaeCNy2Zcsx2Tzpump,CHITOSHI,Satoshification,solana,0.000006040,8,128,1048576,1048576,8192,8192,8192,1,,10,8,1775779700000,pumpswap,REPEAT
2026-04-10T05:01:57.440Z,3TYgKwkE2Y3rxdw9osLRSpxpXmSC1C1oo19W9KHspump,BULL,Bull,solana,0.002133,4096,32768,131072,1048576,131072,2097152,2097152,102,97,435,374,1774278163000,pumpswap,REPEAT
2026-04-10T05:01:57.440Z,QPXY96HU7oCpqTYV8xH17DYyjbyp6mGiGcW922Lgvpr,KACHIBI2,Kawaii Chibi V2 ,solana,0.0000002379,,128,8192,16384,8192,32768,32768,,,3,,1775505502000,raydium,REPEAT
2026-04-10T05:01:57.440Z,2f4sWXXaXKHuQArYh94pddb7hkGWATp9MFScy26tpump,FART,Fart,solana,0.000005383,0,8,2097152,2097152,8192,4096,4096,,2,1,5,1775779711000,pumpswap,REPEAT
2026-04-10T05:01:57.440Z,H1CknM7TXz134nY5YT7KUYG6fL2Egn4ieLyzkTk7BAGS,PUNCH,パンチ,solana,0.0002665,1024,16384,262144,524288,32768,262144,262144,7,3,193,120,1775694809000,meteora,REPEAT
2026-04-10T05:01:57.440Z,xmYmMCUFuQ6mVu9yNs44KPz3ALyrntyhivueaw3pump,Sora,ソラちゃん,solana,0.0001029,4096,65536,524288,524288,32768,131072,131072,67,42,837,562,1775782979000,pumpswap,REPEAT
2026-04-10T05:01:57.440Z,HdB3FdEqpjnBnFDXGiBjuED2RYsVJFTqwwCY5BfhjgAx,BWT,OFFICIAL BARRON WILLIAM TRUMP,solana,0.00001536,512,8192,524288,524288,8192,16384,16384,14,454,228,5520,1775776887000,pumpswap,REPEAT
2026-04-10T05:06:57.441Z,99Z4AnrTHDhiGwYPyB4kE3Nap8oo8SqBPircah7Apump,SBTI,SBTI来了,solana,0.000008143,4096,65536,65536,65536,,8192,8192,66,43,1149,678,1775795593000,pumpfun,REPEAT
2026-04-10T05:06:57.441Z,9AEtb967xTMosjp9XFhvHLhscPNYgDWc15jFAZR8pump,RƎ́V,REVÉRSÉ SOCIETY,solana,0.0001647,64,512,4096,32768,32768,131072,131072,1,,8,10,1775691640000,pumpswap,REPEAT
2026-04-10T05:06:57.441Z,U5sdyqACGtTDyyvSL3yqwSHo1vzUJmNuifjKVSbpump,Stacy,True Stacy,solana,0.000009685,8192,131072,131072,131072,8192,8192,8192,267,273,2026,1632,1775796046000,pumpswap,REPEAT
2026-04-10T05:06:57.441Z,98t9PEJF5QvAdGhu3MuQ2ww57NkRV1Rg7evSZNFxpump,$BABYTAN,BabyTan,solana,0.00001021,8,512,4096,16384,,8192,8192,1,,8,5,1775571529000,pumpfun,REPEAT
2026-04-10T05:06:57.441Z,2ZKy5wqQ59fxeTiUEVLrL24XseTPhizSwpn2R5hfpump,LOLNAH,The Disbelief Coin,solana,0.000003605,128,8192,16384,16384,,4096,4096,1,2,203,164,1775792505000,pumpfun,REPEAT
2026-04-10T05:06:57.441Z,FaBG5QafPfxKJLDDz4jesLothFrjcjeS96SMnWLepump,Hotate,ほたてくん,solana,0.00002591,2048,16384,65536,65536,,32768,32768,11,16,272,185,1775789595000,pumpfun,REPEAT
2026-04-10T05:06:57.441Z,9wcYq6LTC4vqgAWr5VQLwsR1Rc5CyzRbcTFtNLzFpump,Daisy,Daisy,solana,0.000008318,128,4096,524288,524288,8192,8192,8192,8,3,122,62,1775788309000,pumpswap,REPEAT
2026-04-10T05:06:57.441Z,5552z6Qp2xr596ox1UVN4ppDwwyjCfY8cXwzHMXgMcaS,MOLTING,Molting,solana,0.001599,1024,16384,131072,262144,131072,2097152,2097152,9,5,159,144,1769857955000,orca,REPEAT
2026-04-10T05:06:57.441Z,BBYEvoXYaWQxvWb2x4ugwAPnVTiqqoFtxHLtagf3PEPE,BABYPEPE,BABYPEPE,solana,0.00002257,128,1024,131072,131072,16384,16384,16384,4,2,18,27,1775781591000,pumpswap,REPEAT
2026-04-10T05:06:57.441Z,9YiTzXRbgoE1MtyxQ4sGF3vbdX944HNdcBmVpPQppump,umi,umi,solana,0.00002960,64,2048,8192,32768,16384,32768,32768,3,2,50,30,1774642896000,pumpswap,REPEAT
2026-04-10T05:06:57.441Z,AHFQ4tB5Fj1HTCB6sQ7MdtJf5fUHS7pdJ9sZAK3tpump,Mythos,Claude Mythos,solana,0.0002447,32,16384,131072,262144,32768,262144,262144,2,3,225,116,1774618831000,pumpswap,REPEAT
2026-04-10T05:06:57.441Z,Fc1mGwtNZthtxfaKDLvTMJXjM2Bvyy5XtHq9Jarupump,Enough,Enough To Live,solana,0.000008278,512,2048,16384,262144,8192,8192,8192,8,3,29,32,1775748691000,pumpswap,REPEAT
2026-04-10T05:06:57.441Z,7WgtNx2R5tVw98PdZuhgjbcDkEtaxyEFDxWtYQ5nbonk,Barron ,Official Barron Coin,solana,0.00006231,64,2048,131072,262144,16384,65536,65536,1,1,141,102,1775762127000,raydium,REPEAT
2026-04-10T05:06:57.441Z,6XjY7mBgYNEV8tk6NxybMF1RdkSuWopCSHW9ejJ5DHwn,IMAGINE,Grok Imagine,solana,0.00002155,,64,512,8192,16384,16384,16384,,,1,1,1773975732000,pumpswap,REPEAT
2026-04-10T05:06:57.441Z,CmtYYjTBYxj5ExeyREFoM5gMNDo4GQ4sjrE7Vx9upump,HUNTER,HunterBidenSmokingCrackCoin,solana,0.00003005,4096,32768,32768,32768,16384,32768,32768,96,58,485,355,1775796857000,pumpswap,REPEAT
2026-04-10T05:06:57.441Z,9SeCSdbPzz95KomGUGEV9Shn2zGXNmMJhE9J72Hipump,Iroha,イロハ,solana,0.0009785,1024,32768,262144,2097152,65536,1048576,1048576,10,12,172,267,1775525060000,pumpswap,REPEAT
2026-04-10T05:06:57.441Z,2f4sWXXaXKHuQArYh94pddb7hkGWATp9MFScy26tpump,FART,Fart,solana,0.000005351,16,16,2097152,2097152,8192,4096,4096,,1,1,4,1775779711000,pumpswap,REPEAT
2026-04-10T05:06:57.441Z,ATgsKWXnmEyrv3BvBndyQP55Xg49RhhGgFktasv2pump,SOLTAR,Soltar,solana,0.00003878,,512,1024,2048,16384,32768,32768,,,4,6,1774183067000,pumpswap,REPEAT
2026-04-10T05:06:57.441Z,61bSahZBWZgws8HQNSV57mtASrDAN3HBT9DwQNG3Bjt,mememan,Meme Man,solana,0.00007807,128,8192,65536,131072,32768,65536,65536,1,14,157,116,1775463353000,pumpswap,REPEAT
2026-04-10T05:06:57.441Z,2f4sWXXaXKHuQArYh94pddb7hkGWATp9MFScy26tpump,FART,Fart,solana,0.000005351,16,16,2097152,2097152,8192,4096,4096,,1,1,4,1775779711000,pumpswap,REPEAT
2026-04-10T05:06:57.441Z,98t9PEJF5QvAdGhu3MuQ2ww57NkRV1Rg7evSZNFxpump,$BABYTAN,BabyTan,solana,0.00001021,8,512,4096,16384,,8192,8192,1,,8,5,1775571529000,pumpfun,REPEAT
2026-04-10T05:06:57.441Z,3W837NEB9cwzE6Awb9iyrRBy72zaeCNy2Zcsx2Tzpump,CHITOSHI,Satoshification,solana,0.000005929,32,128,1048576,1048576,8192,8192,8192,,1,7,7,1775779700000,pumpswap,REPEAT
2026-04-10T05:06:57.441Z,3TYgKwkE2Y3rxdw9osLRSpxpXmSC1C1oo19W9KHspump,BULL,Bull,solana,0.002099,2048,32768,131072,1048576,131072,2097152,2097152,27,23,440,377,1774278163000,pumpswap,REPEAT
2026-04-10T05:06:57.441Z,QPXY96HU7oCpqTYV8xH17DYyjbyp6mGiGcW922Lgvpr,KACHIBI2,Kawaii Chibi V2 ,solana,0.0000002379,,64,4096,16384,8192,32768,32768,,,2,,1775505502000,raydium,REPEAT
2026-04-10T05:06:57.441Z,2f4sWXXaXKHuQArYh94pddb7hkGWATp9MFScy26tpump,FART,Fart,solana,0.000005351,16,16,2097152,2097152,8192,4096,4096,,1,1,4,1775779711000,pumpswap,REPEAT
2026-04-10T05:06:57.441Z,H1CknM7TXz134nY5YT7KUYG6fL2Egn4ieLyzkTk7BAGS,PUNCH,パンチ,solana,0.0002565,1024,16384,262144,524288,32768,262144,262144,34,8,233,122,1775694809000,meteora,REPEAT
2026-04-10T05:06:57.441Z,xmYmMCUFuQ6mVu9yNs44KPz3ALyrntyhivueaw3pump,Sora,ソラちゃん,solana,0.0001120,4096,65536,524288,524288,32768,131072,131072,59,39,832,579,1775782979000,pumpswap,REPEAT
2026-04-10T05:06:57.441Z,HdB3FdEqpjnBnFDXGiBjuED2RYsVJFTqwwCY5BfhjgAx,BWT,OFFICIAL BARRON WILLIAM TRUMP,solana,0.00001526,64,8192,524288,524288,8192,16384,16384,3,493,215,5972,1775776887000,pumpswap,REPEAT
2026-04-10T05:11:57.442Z,99Z4AnrTHDhiGwYPyB4kE3Nap8oo8SqBPircah7Apump,SBTI,SBTI来了,solana,0.000008828,2048,65536,65536,65536,,8192,8192,29,24,1178,702,1775795593000,pumpfun,REPEAT
2026-04-10T05:11:57.442Z,9AEtb967xTMosjp9XFhvHLhscPNYgDWc15jFAZR8pump,RƎ́V,REVÉRSÉ SOCIETY,solana,0.0001647,,512,4096,32768,32768,131072,131072,,,8,9,1775691640000,pumpswap,REPEAT
2026-04-10T05:11:57.442Z,U5sdyqACGtTDyyvSL3yqwSHo1vzUJmNuifjKVSbpump,Stacy,True Stacy,solana,0.000007778,4096,131072,131072,131072,8192,8192,8192,182,133,2229,1785,1775796046000,pumpswap,REPEAT
2026-04-10T05:11:57.442Z,98t9PEJF5QvAdGhu3MuQ2ww57NkRV1Rg7evSZNFxpump,$BABYTAN,BabyTan,solana,0.00001063,128,512,4096,16384,,8192,8192,1,1,7,6,1775571529000,pumpfun,REPEAT
2026-04-10T05:11:57.442Z,2ZKy5wqQ59fxeTiUEVLrL24XseTPhizSwpn2R5hfpump,LOLNAH,The Disbelief Coin,solana,0.000003638,32,4096,16384,16384,,4096,4096,2,3,161,138,1775792505000,pumpfun,REPEAT
2026-04-10T05:11:57.442Z,FaBG5QafPfxKJLDDz4jesLothFrjcjeS96SMnWLepump,Hotate,ほたてくん,solana,0.00002608,512,16384,65536,65536,,32768,32768,10,8,272,185,1775789595000,pumpfun,REPEAT
2026-04-10T05:11:57.442Z,9wcYq6LTC4vqgAWr5VQLwsR1Rc5CyzRbcTFtNLzFpump,Daisy,Daisy,solana,0.000008282,16,4096,524288,524288,8192,8192,8192,3,4,123,59,1775788309000,pumpswap,REPEAT
2026-04-10T05:11:57.442Z,5552z6Qp2xr596ox1UVN4ppDwwyjCfY8cXwzHMXgMcaS,MOLTING,Molting,solana,0.001655,2048,16384,131072,262144,131072,2097152,2097152,15,23,168,160,1769857955000,orca,REPEAT
2026-04-10T05:11:57.442Z,BBYEvoXYaWQxvWb2x4ugwAPnVTiqqoFtxHLtagf3PEPE,BABYPEPE,BABYPEPE,solana,0.00002277,8,1024,131072,131072,16384,16384,16384,1,,16,27,1775781591000,pumpswap,REPEAT
2026-04-10T05:11:57.442Z,9YiTzXRbgoE1MtyxQ4sGF3vbdX944HNdcBmVpPQppump,umi,umi,solana,0.00002972,128,2048,8192,32768,16384,32768,32768,4,1,50,28,1774642896000,pumpswap,REPEAT
2026-04-10T05:11:57.442Z,AHFQ4tB5Fj1HTCB6sQ7MdtJf5fUHS7pdJ9sZAK3tpump,Mythos,Claude Mythos,solana,0.0002479,32,16384,131072,262144,32768,262144,262144,1,1,217,116,1774618831000,pumpswap,REPEAT
2026-04-10T05:11:57.442Z,Fc1mGwtNZthtxfaKDLvTMJXjM2Bvyy5XtHq9Jarupump,Enough,Enough To Live,solana,0.000008278,,2048,16384,262144,8192,8192,8192,,,29,31,1775748691000,pumpswap,REPEAT
2026-04-10T05:11:57.442Z,7WgtNx2R5tVw98PdZuhgjbcDkEtaxyEFDxWtYQ5nbonk,Barron ,Official Barron Coin,solana,0.00006815,128,2048,131072,262144,32768,65536,65536,5,,146,100,1775762127000,raydium,REPEAT
2026-04-10T05:11:57.442Z,6XjY7mBgYNEV8tk6NxybMF1RdkSuWopCSHW9ejJ5DHwn,IMAGINE,Grok Imagine,solana,0.00002155,,64,512,8192,16384,16384,16384,,,1,1,1773975732000,pumpswap,REPEAT
2026-04-10T05:11:57.442Z,CmtYYjTBYxj5ExeyREFoM5gMNDo4GQ4sjrE7Vx9upump,HUNTER,HunterBidenSmokingCrackCoin,solana,0.00002686,4096,32768,32768,32768,16384,32768,32768,44,36,529,390,1775796857000,pumpswap,REPEAT
2026-04-10T05:11:57.442Z,9SeCSdbPzz95KomGUGEV9Shn2zGXNmMJhE9J72Hipump,Iroha,イロハ,solana,0.0009942,4096,32768,262144,2097152,65536,1048576,1048576,17,14,169,248,1775525060000,pumpswap,REPEAT
2026-04-10T05:11:57.442Z,2f4sWXXaXKHuQArYh94pddb7hkGWATp9MFScy26tpump,FART,Fart,solana,0.000005249,64,64,2097152,2097152,8192,4096,4096,1,1,2,5,1775779711000,pumpswap,REPEAT
2026-04-10T05:11:57.442Z,ATgsKWXnmEyrv3BvBndyQP55Xg49RhhGgFktasv2pump,SOLTAR,Soltar,solana,0.00003834,8,512,1024,2048,16384,32768,32768,,1,4,6,1774183067000,pumpswap,REPEAT
2026-04-10T05:11:57.442Z,61bSahZBWZgws8HQNSV57mtASrDAN3HBT9DwQNG3Bjt,mememan,Meme Man,solana,0.00007745,512,8192,65536,131072,32768,65536,65536,2,9,116,115,1775463353000,pumpswap,REPEAT
2026-04-10T05:11:57.442Z,2f4sWXXaXKHuQArYh94pddb7hkGWATp9MFScy26tpump,FART,Fart,solana,0.000005249,64,64,2097152,2097152,8192,4096,4096,1,1,2,5,1775779711000,pumpswap,REPEAT
2026-04-10T05:11:57.442Z,98t9PEJF5QvAdGhu3MuQ2ww57NkRV1Rg7evSZNFxpump,$BABYTAN,BabyTan,solana,0.00001063,128,512,4096,16384,,8192,8192,1,1,7,6,1775571529000,pumpfun,REPEAT
2026-04-10T05:11:57.442Z,3W837NEB9cwzE6Awb9iyrRBy72zaeCNy2Zcsx2Tzpump,CHITOSHI,Satoshification,solana,0.000005929,,128,1048576,1048576,8192,8192,8192,,,6,6,1775779700000,pumpswap,REPEAT
2026-04-10T05:11:57.442Z,3TYgKwkE2Y3rxdw9osLRSpxpXmSC1C1oo19W9KHspump,BULL,Bull,solana,0.002093,1024,32768,131072,1048576,131072,2097152,2097152,21,21,444,378,1774278163000,pumpswap,REPEAT
2026-04-10T05:11:57.442Z,QPXY96HU7oCpqTYV8xH17DYyjbyp6mGiGcW922Lgvpr,KACHIBI2,Kawaii Chibi V2 ,solana,0.0000002475,64,128,4096,16384,8192,32768,32768,2,,3,,1775505502000,raydium,REPEAT
2026-04-10T05:11:57.442Z,2f4sWXXaXKHuQArYh94pddb7hkGWATp9MFScy26tpump,FART,Fart,solana,0.000005249,64,64,2097152,2097152,8192,4096,4096,1,1,2,5,1775779711000,pumpswap,REPEAT
2026-04-10T05:11:57.442Z,H1CknM7TXz134nY5YT7KUYG6fL2Egn4ieLyzkTk7BAGS,PUNCH,パンチ,solana,0.0002510,2048,16384,262144,524288,32768,262144,262144,18,13,237,126,1775694809000,meteora,REPEAT
2026-04-10T05:11:57.442Z,xmYmMCUFuQ6mVu9yNs44KPz3ALyrntyhivueaw3pump,Sora,ソラちゃん,solana,0.0001464,8192,65536,524288,524288,32768,131072,131072,48,59,805,583,1775782979000,pumpswap,REPEAT
2026-04-10T05:11:57.442Z,HdB3FdEqpjnBnFDXGiBjuED2RYsVJFTqwwCY5BfhjgAx,BWT,OFFICIAL BARRON WILLIAM TRUMP,solana,0.00001809,512,8192,524288,524288,8192,16384,16384,12,242,203,6024,1775776887000,pumpswap,REPEAT
2026-04-10T05:16:57.442Z,99Z4AnrTHDhiGwYPyB4kE3Nap8oo8SqBPircah7Apump,SBTI,SBTI来了,solana,0.000008019,2048,65536,65536,65536,,8192,8192,61,19,1241,724,1775795593000,pumpfun,REPEAT
2026-04-10T05:16:57.442Z,9AEtb967xTMosjp9XFhvHLhscPNYgDWc15jFAZR8pump,RƎ́V,REVÉRSÉ SOCIETY,solana,0.0001603,256,1024,4096,32768,32768,131072,131072,1,1,9,10,1775691640000,pumpswap,REPEAT
2026-04-10T05:16:57.442Z,U5sdyqACGtTDyyvSL3yqwSHo1vzUJmNuifjKVSbpump,Stacy,True Stacy,solana,0.000005700,2048,131072,131072,131072,8192,4096,4096,71,51,2304,1839,1775796046000,pumpswap,REPEAT
2026-04-10T05:16:57.442Z,98t9PEJF5QvAdGhu3MuQ2ww57NkRV1Rg7evSZNFxpump,$BABYTAN,BabyTan,solana,0.00001014,128,512,4096,16384,,8192,8192,,1,7,6,1775571529000,pumpfun,REPEAT
2026-04-10T05:16:57.442Z,2ZKy5wqQ59fxeTiUEVLrL24XseTPhizSwpn2R5hfpump,LOLNAH,The Disbelief Coin,solana,0.000003598,16,4096,16384,16384,,4096,4096,,2,122,106,1775792505000,pumpfun,REPEAT
2026-04-10T05:16:57.442Z,FaBG5QafPfxKJLDDz4jesLothFrjcjeS96SMnWLepump,Hotate,ほたてくん,solana,0.00002445,512,16384,65536,65536,,32768,32768,7,14,229,175,1775789595000,pumpfun,REPEAT
2026-04-10T05:16:57.442Z,9wcYq6LTC4vqgAWr5VQLwsR1Rc5CyzRbcTFtNLzFpump,Daisy,Daisy,solana,0.000007875,256,4096,524288,524288,8192,8192,8192,8,2,120,58,1775788309000,pumpswap,REPEAT
2026-04-10T05:16:57.442Z,5552z6Qp2xr596ox1UVN4ppDwwyjCfY8cXwzHMXgMcaS,MOLTING,Molting,solana,0.001765,16384,32768,131072,262144,131072,2097152,2097152,47,38,218,197,1769857955000,orca,REPEAT
2026-04-10T05:16:57.442Z,BBYEvoXYaWQxvWb2x4ugwAPnVTiqqoFtxHLtagf3PEPE,BABYPEPE,BABYPEPE,solana,0.00002408,256,2048,131072,131072,16384,32768,32768,1,1,17,26,1775781591000,pumpswap,REPEAT
2026-04-10T05:16:57.442Z,9YiTzXRbgoE1MtyxQ4sGF3vbdX944HNdcBmVpPQppump,umi,umi,solana,0.00002997,128,2048,8192,32768,16384,32768,32768,4,2,51,28,1774642896000,pumpswap,REPEAT
2026-04-10T05:16:57.442Z,AHFQ4tB5Fj1HTCB6sQ7MdtJf5fUHS7pdJ9sZAK3tpump,Mythos,Claude Mythos,solana,0.0002538,512,16384,131072,262144,32768,262144,262144,1,2,218,116,1774618831000,pumpswap,REPEAT
2026-04-10T05:16:57.442Z,Fc1mGwtNZthtxfaKDLvTMJXjM2Bvyy5XtHq9Jarupump,Enough,Enough To Live,solana,0.000008078,32,2048,16384,262144,8192,8192,8192,,2,27,29,1775748691000,pumpswap,REPEAT
2026-04-10T05:16:57.442Z,7WgtNx2R5tVw98PdZuhgjbcDkEtaxyEFDxWtYQ5nbonk,Barron ,Official Barron Coin,solana,0.00005606,1024,4096,131072,262144,16384,65536,65536,7,5,145,102,1775762127000,raydium,REPEAT
2026-04-10T05:16:57.442Z,6XjY7mBgYNEV8tk6NxybMF1RdkSuWopCSHW9ejJ5DHwn,IMAGINE,Grok Imagine,solana,0.00002155,,64,512,8192,16384,16384,16384,,,1,1,1773975732000,pumpswap,REPEAT
2026-04-10T05:16:57.442Z,CmtYYjTBYxj5ExeyREFoM5gMNDo4GQ4sjrE7Vx9upump,HUNTER,HunterBidenSmokingCrackCoin,solana,0.00002714,2048,32768,32768,32768,16384,32768,32768,27,22,562,412,1775796857000,pumpswap,REPEAT
2026-04-10T05:16:57.442Z,9SeCSdbPzz95KomGUGEV9Shn2zGXNmMJhE9J72Hipump,Iroha,イロハ,solana,0.0009698,512,32768,262144,2097152,65536,1048576,1048576,2,8,154,236,1775525060000,pumpswap,REPEAT
2026-04-10T05:16:57.442Z,2f4sWXXaXKHuQArYh94pddb7hkGWATp9MFScy26tpump,FART,Fart,solana,0.000004962,64,128,2097152,2097152,8192,4096,4096,,2,2,7,1775779711000,pumpswap,REPEAT
2026-04-10T05:16:57.442Z,ATgsKWXnmEyrv3BvBndyQP55Xg49RhhGgFktasv2pump,SOLTAR,Soltar,solana,0.00003834,,512,1024,2048,16384,32768,32768,,,4,6,1774183067000,pumpswap,REPEAT
2026-04-10T05:16:57.442Z,61bSahZBWZgws8HQNSV57mtASrDAN3HBT9DwQNG3Bjt,mememan,Meme Man,solana,0.00007788,128,8192,65536,131072,32768,65536,65536,3,3,112,108,1775463353000,pumpswap,REPEAT
2026-04-10T05:16:57.442Z,2f4sWXXaXKHuQArYh94pddb7hkGWATp9MFScy26tpump,FART,Fart,solana,0.000004962,64,128,2097152,2097152,8192,4096,4096,,2,2,7,1775779711000,pumpswap,REPEAT
2026-04-10T05:16:57.442Z,98t9PEJF5QvAdGhu3MuQ2ww57NkRV1Rg7evSZNFxpump,$BABYTAN,BabyTan,solana,0.00001014,128,512,4096,16384,,8192,8192,,1,7,6,1775571529000,pumpfun,REPEAT
2026-04-10T05:16:57.442Z,3W837NEB9cwzE6Awb9iyrRBy72zaeCNy2Zcsx2Tzpump,CHITOSHI,Satoshification,solana,0.000005929,,128,1048576,1048576,8192,8192,8192,,,5,6,1775779700000,pumpswap,REPEAT
2026-04-10T05:16:57.442Z,3TYgKwkE2Y3rxdw9osLRSpxpXmSC1C1oo19W9KHspump,BULL,Bull,solana,0.002122,2048,32768,131072,1048576,131072,2097152,2097152,27,33,410,388,1774278163000,pumpswap,REPEAT
2026-04-10T05:16:57.442Z,QPXY96HU7oCpqTYV8xH17DYyjbyp6mGiGcW922Lgvpr,KACHIBI2,Kawaii Chibi V2 ,solana,0.0000002475,,128,4096,16384,8192,32768,32768,,,3,,1775505502000,raydium,REPEAT
2026-04-10T05:16:57.442Z,2f4sWXXaXKHuQArYh94pddb7hkGWATp9MFScy26tpump,FART,Fart,solana,0.000004962,64,128,2097152,2097152,8192,4096,4096,,2,2,7,1775779711000,pumpswap,REPEAT
2026-04-10T05:16:57.442Z,H1CknM7TXz134nY5YT7KUYG6fL2Egn4ieLyzkTk7BAGS,PUNCH,パンチ,solana,0.0002415,512,16384,262144,524288,32768,262144,262144,4,10,229,124,1775694809000,meteora,REPEAT
2026-04-10T05:16:57.442Z,xmYmMCUFuQ6mVu9yNs44KPz3ALyrntyhivueaw3pump,Sora,ソラちゃん,solana,0.0001182,8192,65536,524288,524288,32768,131072,131072,71,57,837,617,1775782979000,pumpswap,REPEAT
2026-04-10T05:16:57.442Z,HdB3FdEqpjnBnFDXGiBjuED2RYsVJFTqwwCY5BfhjgAx,BWT,OFFICIAL BARRON WILLIAM TRUMP,solana,0.00001892,256,8192,524288,524288,8192,16384,16384,3,,194,5502,1775776887000,pumpswap,REPEAT
2026-04-10T05:21:57.441Z,9AsvxJ4vBcU9gR14mAitrdzSFABY93z3Fdr6bSQ3pump,STACK,The Chimney Dog,solana,0.000009332,512,4096,32768,32768,,8192,8192,9,7,56,36,1775786445000,pumpfun,NEW
2026-04-10T05:21:57.441Z,99Z4AnrTHDhiGwYPyB4kE3Nap8oo8SqBPircah7Apump,SBTI,SBTI来了,solana,0.000007006,1024,65536,65536,65536,,8192,8192,20,10,1261,734,1775795593000,pumpfun,REPEAT
2026-04-10T05:21:57.441Z,9AEtb967xTMosjp9XFhvHLhscPNYgDWc15jFAZR8pump,RƎ́V,REVÉRSÉ SOCIETY,solana,0.0001752,1024,2048,8192,32768,32768,131072,131072,3,1,12,15,1775691640000,pumpswap,REPEAT
2026-04-10T05:21:57.441Z,U5sdyqACGtTDyyvSL3yqwSHo1vzUJmNuifjKVSbpump,Stacy,True Stacy,solana,0.000004775,1024,131072,131072,131072,4096,4096,4096,34,32,2345,1878,1775796046000,pumpswap,REPEAT
2026-04-10T05:21:57.441Z,98t9PEJF5QvAdGhu3MuQ2ww57NkRV1Rg7evSZNFxpump,$BABYTAN,BabyTan,solana,0.00001014,,512,4096,16384,,8192,8192,,,7,6,1775571529000,pumpfun,REPEAT
2026-04-10T05:21:57.441Z,2ZKy5wqQ59fxeTiUEVLrL24XseTPhizSwpn2R5hfpump,LOLNAH,The Disbelief Coin,solana,0.000003598,,2048,16384,16384,,4096,4096,,,80,80,1775792505000,pumpfun,REPEAT
2026-04-10T05:21:57.441Z,FaBG5QafPfxKJLDDz4jesLothFrjcjeS96SMnWLepump,Hotate,ほたてくん,solana,0.00002960,1024,16384,65536,65536,,32768,32768,14,7,186,152,1775789595000,pumpfun,REPEAT
2026-04-10T05:21:57.441Z,9wcYq6LTC4vqgAWr5VQLwsR1Rc5CyzRbcTFtNLzFpump,Daisy,Daisy,solana,0.000008378,128,4096,524288,524288,8192,8192,8192,8,1,122,55,1775788309000,pumpswap,REPEAT
2026-04-10T05:21:57.441Z,5552z6Qp2xr596ox1UVN4ppDwwyjCfY8cXwzHMXgMcaS,MOLTING,Molting,solana,0.001782,4096,32768,131072,262144,131072,2097152,2097152,39,18,252,197,1769857955000,orca,REPEAT
2026-04-10T05:21:57.441Z,BBYEvoXYaWQxvWb2x4ugwAPnVTiqqoFtxHLtagf3PEPE,BABYPEPE,BABYPEPE,solana,0.00002445,8,2048,131072,131072,16384,32768,32768,1,,16,26,1775781591000,pumpswap,REPEAT
2026-04-10T05:21:57.441Z,9YiTzXRbgoE1MtyxQ4sGF3vbdX944HNdcBmVpPQppump,umi,umi,solana,0.00002961,64,2048,8192,32768,16384,32768,32768,2,3,45,28,1774642896000,pumpswap,REPEAT
2026-04-10T05:21:57.441Z,AHFQ4tB5Fj1HTCB6sQ7MdtJf5fUHS7pdJ9sZAK3tpump,Mythos,Claude Mythos,solana,0.0002533,256,16384,131072,262144,32768,262144,262144,1,9,173,120,1774618831000,pumpswap,REPEAT
2026-04-10T05:21:57.441Z,Fc1mGwtNZthtxfaKDLvTMJXjM2Bvyy5XtHq9Jarupump,Enough,Enough To Live,solana,0.000007869,64,2048,16384,262144,8192,8192,8192,,3,27,31,1775748691000,pumpswap,REPEAT
2026-04-10T05:21:57.441Z,7WgtNx2R5tVw98PdZuhgjbcDkEtaxyEFDxWtYQ5nbonk,Barron ,Official Barron Coin,solana,0.00005639,256,4096,131072,262144,16384,65536,65536,70,4,207,106,1775762127000,raydium,REPEAT
2026-04-10T05:21:57.441Z,6XjY7mBgYNEV8tk6NxybMF1RdkSuWopCSHW9ejJ5DHwn,IMAGINE,Grok Imagine,solana,0.00002155,,64,512,8192,16384,16384,16384,,,1,1,1773975732000,pumpswap,REPEAT
2026-04-10T05:21:57.441Z,CmtYYjTBYxj5ExeyREFoM5gMNDo4GQ4sjrE7Vx9upump,HUNTER,HunterBidenSmokingCrackCoin,solana,0.00001245,4096,32768,32768,32768,8192,16384,16384,70,54,634,471,1775796857000,pumpswap,REPEAT
2026-04-10T05:21:57.441Z,9SeCSdbPzz95KomGUGEV9Shn2zGXNmMJhE9J72Hipump,Iroha,イロハ,solana,0.0009878,2048,32768,262144,2097152,65536,1048576,1048576,8,15,132,197,1775525060000,pumpswap,REPEAT
2026-04-10T05:21:57.441Z,2f4sWXXaXKHuQArYh94pddb7hkGWATp9MFScy26tpump,FART,Fart,solana,0.000004957,2,128,2097152,2097152,8192,4096,4096,,1,2,8,1775779711000,pumpswap,REPEAT
2026-04-10T05:21:57.441Z,ATgsKWXnmEyrv3BvBndyQP55Xg49RhhGgFktasv2pump,SOLTAR,Soltar,solana,0.00003834,,512,1024,2048,16384,32768,32768,,,4,6,1774183067000,pumpswap,REPEAT
2026-04-10T05:21:57.441Z,61bSahZBWZgws8HQNSV57mtASrDAN3HBT9DwQNG3Bjt,mememan,Meme Man,solana,0.00008038,512,4096,65536,131072,32768,65536,65536,5,6,83,103,1775463353000,pumpswap,REPEAT
2026-04-10T05:21:57.441Z,2f4sWXXaXKHuQArYh94pddb7hkGWATp9MFScy26tpump,FART,Fart,solana,0.000004957,2,128,2097152,2097152,8192,4096,4096,,1,2,8,1775779711000,pumpswap,REPEAT
2026-04-10T05:21:57.441Z,98t9PEJF5QvAdGhu3MuQ2ww57NkRV1Rg7evSZNFxpump,$BABYTAN,BabyTan,solana,0.00001014,,512,4096,16384,,8192,8192,,,7,6,1775571529000,pumpfun,REPEAT
2026-04-10T05:21:57.441Z,3W837NEB9cwzE6Awb9iyrRBy72zaeCNy2Zcsx2Tzpump,CHITOSHI,Satoshification,solana,0.000006004,,128,1048576,1048576,8192,8192,8192,,,5,5,1775779700000,pumpswap,REPEAT
2026-04-10T05:21:57.441Z,3TYgKwkE2Y3rxdw9osLRSpxpXmSC1C1oo19W9KHspump,BULL,Bull,solana,0.002097,1024,32768,131072,1048576,131072,2097152,2097152,21,26,410,393,1774278163000,pumpswap,REPEAT
2026-04-10T05:21:57.441Z,QPXY96HU7oCpqTYV8xH17DYyjbyp6mGiGcW922Lgvpr,KACHIBI2,Kawaii Chibi V2 ,solana,0.0000002475,,128,4096,16384,8192,32768,32768,,,3,,1775505502000,raydium,REPEAT
2026-04-10T05:21:57.441Z,2f4sWXXaXKHuQArYh94pddb7hkGWATp9MFScy26tpump,FART,Fart,solana,0.000004957,2,128,2097152,2097152,8192,4096,4096,,1,2,8,1775779711000,pumpswap,REPEAT
2026-04-10T05:21:57.441Z,H1CknM7TXz134nY5YT7KUYG6fL2Egn4ieLyzkTk7BAGS,PUNCH,パンチ,solana,0.0002380,4096,16384,262144,524288,32768,262144,262144,48,14,242,126,1775694809000,meteora,REPEAT
2026-04-10T05:21:57.441Z,xmYmMCUFuQ6mVu9yNs44KPz3ALyrntyhivueaw3pump,Sora,ソラちゃん,solana,0.0001353,4096,65536,524288,524288,32768,131072,131072,40,36,824,621,1775782979000,pumpswap,REPEAT
2026-04-10T05:26:57.442Z,9AsvxJ4vBcU9gR14mAitrdzSFABY93z3Fdr6bSQ3pump,STACK,The Chimney Dog,solana,0.000008876,256,4096,32768,32768,,8192,8192,3,8,56,35,1775786445000,pumpfun,REPEAT
2026-04-10T05:26:57.442Z,99Z4AnrTHDhiGwYPyB4kE3Nap8oo8SqBPircah7Apump,SBTI,SBTI来了,solana,0.000006279,1024,65536,65536,65536,,8192,8192,30,29,1290,762,1775795593000,pumpfun,REPEAT
2026-04-10T05:26:57.442Z,9AEtb967xTMosjp9XFhvHLhscPNYgDWc15jFAZR8pump,RƎ́V,REVÉRSÉ SOCIETY,solana,0.0001759,32,2048,8192,32768,32768,131072,131072,1,1,12,15,1775691640000,pumpswap,REPEAT
2026-04-10T05:26:57.442Z,U5sdyqACGtTDyyvSL3yqwSHo1vzUJmNuifjKVSbpump,Stacy,True Stacy,solana,0.000004950,1024,131072,131072,131072,4096,4096,4096,51,38,2399,1917,1775796046000,pumpswap,REPEAT
2026-04-10T05:26:57.442Z,98t9PEJF5QvAdGhu3MuQ2ww57NkRV1Rg7evSZNFxpump,$BABYTAN,BabyTan,solana,0.00001014,,512,4096,16384,,8192,8192,,,2,5,1775571529000,pumpfun,REPEAT
2026-04-10T05:26:57.442Z,2ZKy5wqQ59fxeTiUEVLrL24XseTPhizSwpn2R5hfpump,LOLNAH,The Disbelief Coin,solana,0.000003602,0,2048,16384,16384,,4096,4096,,1,50,60,1775792505000,pumpfun,REPEAT
2026-04-10T05:26:57.442Z,FaBG5QafPfxKJLDDz4jesLothFrjcjeS96SMnWLepump,Hotate,ほたてくん,solana,0.00002685,1024,16384,65536,65536,,32768,32768,14,12,176,145,1775789595000,pumpfun,REPEAT
2026-04-10T05:26:57.442Z,9wcYq6LTC4vqgAWr5VQLwsR1Rc5CyzRbcTFtNLzFpump,Daisy,Daisy,solana,0.000008378,,4096,524288,524288,8192,8192,8192,,,108,51,1775788309000,pumpswap,REPEAT
2026-04-10T05:26:57.442Z,5552z6Qp2xr596ox1UVN4ppDwwyjCfY8cXwzHMXgMcaS,MOLTING,Molting,solana,0.001635,8192,65536,131072,262144,131072,2097152,2097152,38,29,272,212,1769857955000,orca,REPEAT
2026-04-10T05:26:57.442Z,BBYEvoXYaWQxvWb2x4ugwAPnVTiqqoFtxHLtagf3PEPE,BABYPEPE,BABYPEPE,solana,0.00002416,1,1024,131072,131072,16384,32768,32768,,1,15,24,1775781591000,pumpswap,REPEAT
2026-04-10T05:26:57.442Z,9YiTzXRbgoE1MtyxQ4sGF3vbdX944HNdcBmVpPQppump,umi,umi,solana,0.00002967,64,2048,8192,32768,16384,32768,32768,3,1,47,29,1774642896000,pumpswap,REPEAT
2026-04-10T05:26:57.442Z,AHFQ4tB5Fj1HTCB6sQ7MdtJf5fUHS7pdJ9sZAK3tpump,Mythos,Claude Mythos,solana,0.0002475,512,8192,131072,262144,32768,262144,262144,5,5,76,98,1774618831000,pumpswap,REPEAT
2026-04-10T05:26:57.442Z,Fc1mGwtNZthtxfaKDLvTMJXjM2Bvyy5XtHq9Jarupump,Enough,Enough To Live,solana,0.000007869,,2048,16384,262144,8192,8192,8192,,,27,31,1775748691000,pumpswap,REPEAT
2026-04-10T05:26:57.442Z,7WgtNx2R5tVw98PdZuhgjbcDkEtaxyEFDxWtYQ5nbonk,Barron ,Official Barron Coin,solana,0.00005649,16,2048,131072,262144,16384,65536,65536,3,1,201,102,1775762127000,raydium,REPEAT
2026-04-10T05:26:57.442Z,6XjY7mBgYNEV8tk6NxybMF1RdkSuWopCSHW9ejJ5DHwn,IMAGINE,Grok Imagine,solana,0.00002155,,64,512,8192,16384,16384,16384,,,1,,1773975732000,pumpswap,REPEAT
2026-04-10T05:26:57.442Z,CmtYYjTBYxj5ExeyREFoM5gMNDo4GQ4sjrE7Vx9upump,HUNTER,HunterBidenSmokingCrackCoin,solana,0.00001560,1024,32768,32768,32768,8192,16384,16384,24,27,670,500,1775796857000,pumpswap,REPEAT
2026-04-10T05:26:57.442Z,9SeCSdbPzz95KomGUGEV9Shn2zGXNmMJhE9J72Hipump,Iroha,イロハ,solana,0.0009822,1024,16384,262144,2097152,65536,1048576,1048576,6,5,128,183,1775525060000,pumpswap,REPEAT
2026-04-10T05:26:57.442Z,2f4sWXXaXKHuQArYh94pddb7hkGWATp9MFScy26tpump,FART,Fart,solana,0.000004957,,128,2097152,2097152,8192,4096,4096,,,2,8,1775779711000,pumpswap,REPEAT
2026-04-10T05:26:57.442Z,ATgsKWXnmEyrv3BvBndyQP55Xg49RhhGgFktasv2pump,SOLTAR,Soltar,solana,0.00003834,,512,1024,2048,16384,32768,32768,,,4,6,1774183067000,pumpswap,REPEAT
2026-04-10T05:26:57.442Z,61bSahZBWZgws8HQNSV57mtASrDAN3HBT9DwQNG3Bjt,mememan,Meme Man,solana,0.00008220,64,4096,65536,131072,32768,65536,65536,1,1,74,96,1775463353000,pumpswap,REPEAT
2026-04-10T05:26:57.442Z,2f4sWXXaXKHuQArYh94pddb7hkGWATp9MFScy26tpump,FART,Fart,solana,0.000004957,,128,2097152,2097152,8192,4096,4096,,,2,8,1775779711000,pumpswap,REPEAT
2026-04-10T05:26:57.442Z,98t9PEJF5QvAdGhu3MuQ2ww57NkRV1Rg7evSZNFxpump,$BABYTAN,BabyTan,solana,0.00001014,,512,4096,16384,,8192,8192,,,2,5,1775571529000,pumpfun,REPEAT
2026-04-10T05:26:57.442Z,3W837NEB9cwzE6Awb9iyrRBy72zaeCNy2Zcsx2Tzpump,CHITOSHI,Satoshification,solana,0.000006004,,128,1048576,1048576,8192,8192,8192,,,5,4,1775779700000,pumpswap,REPEAT
2026-04-10T05:26:57.442Z,3TYgKwkE2Y3rxdw9osLRSpxpXmSC1C1oo19W9KHspump,BULL,Bull,solana,0.002076,1024,32768,131072,1048576,131072,2097152,2097152,21,24,406,384,1774278163000,pumpswap,REPEAT
2026-04-10T05:26:57.442Z,QPXY96HU7oCpqTYV8xH17DYyjbyp6mGiGcW922Lgvpr,KACHIBI2,Kawaii Chibi V2 ,solana,0.0000002480,1,128,4096,16384,8192,32768,32768,,2,3,2,1775505502000,raydium,REPEAT
2026-04-10T05:26:57.442Z,2f4sWXXaXKHuQArYh94pddb7hkGWATp9MFScy26tpump,FART,Fart,solana,0.000004957,,128,2097152,2097152,8192,4096,4096,,,2,8,1775779711000,pumpswap,REPEAT
2026-04-10T05:26:57.442Z,H1CknM7TXz134nY5YT7KUYG6fL2Egn4ieLyzkTk7BAGS,PUNCH,パンチ,solana,0.0002292,1024,16384,262144,524288,32768,262144,262144,4,15,217,121,1775694809000,meteora,REPEAT
2026-04-10T05:31:57.442Z,8BrKogqwr7Uad9Pwkxw91w31v2x5qf8yDL4x52Qhpump,NUERO,Nuero,solana,0.0001306,128,4096,8192,65536,32768,131072,131072,2,1,28,20,1774894182000,pumpswap,NEW
2026-04-10T05:31:57.442Z,Ejdy5bNuwE1jfm3NufkghrLtpMM1KJKwUjfFhxTmpump,Genα,Generation Alpha ETF,solana,0.00008301,32768,131072,131072,131072,16384,65536,65536,1081,214,5299,779,1775797991000,pumpswap,NEW
2026-04-10T05:31:57.442Z,wZ7zpuVqqWaMDe95AawZefWtWcb5cqDXzKSL8WJpump,HappyHorse,Happy Horse,solana,0.0004005,65536,524288,524288,524288,65536,524288,524288,409,386,4561,3144,1775796210000,pumpswap,NEW
2026-04-10T05:31:57.442Z,9AsvxJ4vBcU9gR14mAitrdzSFABY93z3Fdr6bSQ3pump,STACK,The Chimney Dog,solana,0.000008109,256,4096,32768,32768,,8192,8192,1,7,57,40,1775786445000,pumpfun,REPEAT
2026-04-10T05:31:57.442Z,99Z4AnrTHDhiGwYPyB4kE3Nap8oo8SqBPircah7Apump,SBTI,SBTI来了,solana,0.000006509,512,65536,65536,65536,,8192,8192,9,22,1299,788,1775795593000,pumpfun,REPEAT
2026-04-10T05:31:57.442Z,9AEtb967xTMosjp9XFhvHLhscPNYgDWc15jFAZR8pump,RƎ́V,REVÉRSÉ SOCIETY,solana,0.0001769,256,2048,8192,32768,32768,131072,131072,5,3,16,17,1775691640000,pumpswap,REPEAT
2026-04-10T05:31:57.442Z,U5sdyqACGtTDyyvSL3yqwSHo1vzUJmNuifjKVSbpump,Stacy,True Stacy,solana,0.000004928,256,131072,131072,131072,4096,4096,4096,28,9,2428,1928,1775796046000,pumpswap,REPEAT
2026-04-10T05:31:57.442Z,98t9PEJF5QvAdGhu3MuQ2ww57NkRV1Rg7evSZNFxpump,$BABYTAN,BabyTan,solana,0.00001014,,256,4096,16384,,8192,8192,,,2,4,1775571529000,pumpfun,REPEAT
2026-04-10T05:31:57.442Z,2ZKy5wqQ59fxeTiUEVLrL24XseTPhizSwpn2R5hfpump,LOLNAH,The Disbelief Coin,solana,0.000003602,,1024,16384,16384,,4096,4096,,,29,40,1775792505000,pumpfun,REPEAT
2026-04-10T05:31:57.442Z,FaBG5QafPfxKJLDDz4jesLothFrjcjeS96SMnWLepump,Hotate,ほたてくん,solana,0.00002855,1024,16384,65536,65536,,32768,32768,16,9,173,145,1775789595000,pumpfun,REPEAT
2026-04-10T05:31:57.442Z,9wcYq6LTC4vqgAWr5VQLwsR1Rc5CyzRbcTFtNLzFpump,Daisy,Daisy,solana,0.000008084,64,4096,524288,524288,8192,8192,8192,,4,87,50,1775788309000,pumpswap,REPEAT
2026-04-10T05:31:57.442Z,5552z6Qp2xr596ox1UVN4ppDwwyjCfY8cXwzHMXgMcaS,MOLTING,Molting,solana,0.001569,2048,65536,131072,262144,131072,2097152,2097152,12,13,275,212,1769857955000,orca,REPEAT
2026-04-10T05:31:57.442Z,BBYEvoXYaWQxvWb2x4ugwAPnVTiqqoFtxHLtagf3PEPE,BABYPEPE,BABYPEPE,solana,0.00002425,64,1024,131072,131072,16384,32768,32768,2,1,14,19,1775781591000,pumpswap,REPEAT
2026-04-10T05:31:57.442Z,9YiTzXRbgoE1MtyxQ4sGF3vbdX944HNdcBmVpPQppump,umi,umi,solana,0.00003002,64,2048,8192,32768,16384,32768,32768,7,1,52,29,1774642896000,pumpswap,REPEAT
2026-04-10T05:31:57.442Z,AHFQ4tB5Fj1HTCB6sQ7MdtJf5fUHS7pdJ9sZAK3tpump,Mythos,Claude Mythos,solana,0.0002428,128,8192,131072,262144,32768,262144,262144,2,3,76,79,1774618831000,pumpswap,REPEAT
2026-04-10T05:31:57.442Z,Fc1mGwtNZthtxfaKDLvTMJXjM2Bvyy5XtHq9Jarupump,Enough,Enough To Live,solana,0.000008752,512,2048,16384,262144,8192,8192,8192,15,6,41,36,1775748691000,pumpswap,REPEAT
2026-04-10T05:31:57.442Z,7WgtNx2R5tVw98PdZuhgjbcDkEtaxyEFDxWtYQ5nbonk,Barron ,Official Barron Coin,solana,0.00005673,16,2048,131072,262144,16384,65536,65536,2,,204,101,1775762127000,raydium,REPEAT
2026-04-10T05:31:57.442Z,6XjY7mBgYNEV8tk6NxybMF1RdkSuWopCSHW9ejJ5DHwn,IMAGINE,Grok Imagine,solana,0.00002155,,64,512,8192,16384,16384,16384,,,1,,1773975732000,pumpswap,REPEAT
2026-04-10T05:31:57.442Z,CmtYYjTBYxj5ExeyREFoM5gMNDo4GQ4sjrE7Vx9upump,HUNTER,HunterBidenSmokingCrackCoin,solana,0.00001489,1024,32768,32768,32768,8192,16384,16384,17,20,687,522,1775796857000,pumpswap,REPEAT
2026-04-10T05:31:57.442Z,9SeCSdbPzz95KomGUGEV9Shn2zGXNmMJhE9J72Hipump,Iroha,イロハ,solana,0.0009815,2048,16384,262144,2097152,65536,1048576,1048576,11,13,127,181,1775525060000,pumpswap,REPEAT
2026-04-10T05:31:57.442Z,2f4sWXXaXKHuQArYh94pddb7hkGWATp9MFScy26tpump,FART,Fart,solana,0.000004957,,128,2097152,2097152,8192,4096,4096,,,2,8,1775779711000,pumpswap,REPEAT
2026-04-10T05:31:57.442Z,ATgsKWXnmEyrv3BvBndyQP55Xg49RhhGgFktasv2pump,SOLTAR,Soltar,solana,0.00003834,,512,1024,2048,16384,32768,32768,,,2,4,1774183067000,pumpswap,REPEAT
2026-04-10T05:31:57.442Z,61bSahZBWZgws8HQNSV57mtASrDAN3HBT9DwQNG3Bjt,mememan,Meme Man,solana,0.00008116,128,4096,65536,131072,32768,65536,65536,1,2,73,87,1775463353000,pumpswap,REPEAT
2026-04-10T05:31:57.442Z,2f4sWXXaXKHuQArYh94pddb7hkGWATp9MFScy26tpump,FART,Fart,solana,0.000004957,,128,2097152,2097152,8192,4096,4096,,,2,8,1775779711000,pumpswap,REPEAT
2026-04-10T05:31:57.442Z,98t9PEJF5QvAdGhu3MuQ2ww57NkRV1Rg7evSZNFxpump,$BABYTAN,BabyTan,solana,0.00001014,,256,4096,16384,,8192,8192,,,2,4,1775571529000,pumpfun,REPEAT
2026-04-10T05:31:57.442Z,3W837NEB9cwzE6Awb9iyrRBy72zaeCNy2Zcsx2Tzpump,CHITOSHI,Satoshification,solana,0.000006004,,64,1048576,1048576,8192,8192,8192,,,5,3,1775779700000,pumpswap,REPEAT
2026-04-10T05:31:57.442Z,3TYgKwkE2Y3rxdw9osLRSpxpXmSC1C1oo19W9KHspump,BULL,Bull,solana,0.002098,1024,32768,131072,1048576,131072,2097152,2097152,57,19,396,377,1774278163000,pumpswap,REPEAT
2026-04-10T05:31:57.442Z,QPXY96HU7oCpqTYV8xH17DYyjbyp6mGiGcW922Lgvpr,KACHIBI2,Kawaii Chibi V2 ,solana,0.0000002479,,128,4096,16384,8192,32768,32768,,1,3,3,1775505502000,raydium,REPEAT
2026-04-10T05:36:57.442Z,8BrKogqwr7Uad9Pwkxw91w31v2x5qf8yDL4x52Qhpump,NUERO,Nuero,solana,0.0001245,256,4096,8192,65536,32768,131072,131072,9,2,43,23,1774894182000,pumpswap,REPEAT
2026-04-10T05:36:57.442Z,Ejdy5bNuwE1jfm3NufkghrLtpMM1KJKwUjfFhxTmpump,Genα,Generation Alpha ETF,solana,0.00008638,32768,131072,131072,131072,16384,65536,65536,1041,172,6473,982,1775797991000,pumpswap,REPEAT
2026-04-10T05:36:57.442Z,wZ7zpuVqqWaMDe95AawZefWtWcb5cqDXzKSL8WJpump,HappyHorse,Happy Horse,solana,0.0002751,65536,1048576,1048576,1048576,32768,262144,262144,366,376,4941,3533,1775796210000,pumpswap,REPEAT
2026-04-10T05:36:57.442Z,9AsvxJ4vBcU9gR14mAitrdzSFABY93z3Fdr6bSQ3pump,STACK,The Chimney Dog,solana,0.000009820,512,4096,65536,65536,,8192,8192,12,2,67,41,1775786445000,pumpfun,REPEAT
2026-04-10T05:36:57.442Z,99Z4AnrTHDhiGwYPyB4kE3Nap8oo8SqBPircah7Apump,SBTI,SBTI来了,solana,0.000004874,1024,32768,65536,65536,,4096,4096,14,14,901,536,1775795593000,pumpfun,REPEAT
2026-04-10T05:36:57.442Z,9AEtb967xTMosjp9XFhvHLhscPNYgDWc15jFAZR8pump,RƎ́V,REVÉRSÉ SOCIETY,solana,0.0001781,128,2048,8192,32768,32768,131072,131072,3,2,17,16,1775691640000,pumpswap,REPEAT
2026-04-10T05:36:57.442Z,U5sdyqACGtTDyyvSL3yqwSHo1vzUJmNuifjKVSbpump,Stacy,True Stacy,solana,0.000004518,512,131072,131072,131072,4096,4096,4096,34,22,2462,1953,1775796046000,pumpswap,REPEAT
2026-04-10T05:36:57.442Z,98t9PEJF5QvAdGhu3MuQ2ww57NkRV1Rg7evSZNFxpump,$BABYTAN,BabyTan,solana,0.00001014,,256,4096,16384,,8192,8192,,,2,3,1775571529000,pumpfun,REPEAT
2026-04-10T05:36:57.442Z,2ZKy5wqQ59fxeTiUEVLrL24XseTPhizSwpn2R5hfpump,LOLNAH,The Disbelief Coin,solana,0.000003602,,1024,16384,16384,,4096,4096,,,19,34,1775792505000,pumpfun,REPEAT
2026-04-10T05:36:57.442Z,FaBG5QafPfxKJLDDz4jesLothFrjcjeS96SMnWLepump,Hotate,ほたてくん,solana,0.00002623,1024,16384,65536,65536,,32768,32768,16,9,175,144,1775789595000,pumpfun,REPEAT
2026-04-10T05:36:57.442Z,9wcYq6LTC4vqgAWr5VQLwsR1Rc5CyzRbcTFtNLzFpump,Daisy,Daisy,solana,0.000008327,128,2048,524288,524288,8192,8192,8192,6,3,87,40,1775788309000,pumpswap,REPEAT
2026-04-10T05:36:57.442Z,5552z6Qp2xr596ox1UVN4ppDwwyjCfY8cXwzHMXgMcaS,MOLTING,Molting,solana,0.001527,2048,65536,262144,262144,131072,2097152,2097152,16,10,276,211,1769857955000,orca,REPEAT
2026-04-10T05:36:57.442Z,BBYEvoXYaWQxvWb2x4ugwAPnVTiqqoFtxHLtagf3PEPE,BABYPEPE,BABYPEPE,solana,0.00002425,,512,131072,131072,16384,32768,32768,,,13,12,1775781591000,pumpswap,REPEAT
2026-04-10T05:36:57.442Z,9YiTzXRbgoE1MtyxQ4sGF3vbdX944HNdcBmVpPQppump,umi,umi,solana,0.00002974,64,2048,8192,32768,16384,32768,32768,2,1,50,27,1774642896000,pumpswap,REPEAT
2026-04-10T05:36:57.442Z,AHFQ4tB5Fj1HTCB6sQ7MdtJf5fUHS7pdJ9sZAK3tpump,Mythos,Claude Mythos,solana,0.0002436,64,8192,131072,262144,32768,262144,262144,3,2,55,69,1774618831000,pumpswap,REPEAT
2026-04-10T05:36:57.442Z,Fc1mGwtNZthtxfaKDLvTMJXjM2Bvyy5XtHq9Jarupump,Enough,Enough To Live,solana,0.000008640,32,2048,16384,262144,8192,8192,8192,1,1,38,36,1775748691000,pumpswap,REPEAT
2026-04-10T05:36:57.442Z,7WgtNx2R5tVw98PdZuhgjbcDkEtaxyEFDxWtYQ5nbonk,Barron ,Official Barron Coin,solana,0.00005931,256,2048,131072,262144,16384,65536,65536,2,,182,88,1775762127000,raydium,REPEAT
2026-04-10T05:36:57.442Z,6XjY7mBgYNEV8tk6NxybMF1RdkSuWopCSHW9ejJ5DHwn,IMAGINE,Grok Imagine,solana,0.00002155,,64,512,8192,16384,16384,16384,,,1,,1773975732000,pumpswap,REPEAT
2026-04-10T05:36:57.442Z,CmtYYjTBYxj5ExeyREFoM5gMNDo4GQ4sjrE7Vx9upump,HUNTER,HunterBidenSmokingCrackCoin,solana,0.000009813,2048,32768,32768,32768,8192,8192,8192,38,44,725,567,1775796857000,pumpswap,REPEAT
2026-04-10T05:36:57.442Z,9SeCSdbPzz95KomGUGEV9Shn2zGXNmMJhE9J72Hipump,Iroha,イロハ,solana,0.0009257,4096,32768,262144,2097152,65536,1048576,1048576,38,18,149,182,1775525060000,pumpswap,REPEAT
2026-04-10T05:36:57.442Z,2f4sWXXaXKHuQArYh94pddb7hkGWATp9MFScy26tpump,FART,Fart,solana,0.000004957,,128,2097152,2097152,8192,4096,4096,,,1,7,1775779711000,pumpswap,REPEAT
2026-04-10T05:36:57.442Z,ATgsKWXnmEyrv3BvBndyQP55Xg49RhhGgFktasv2pump,SOLTAR,Soltar,solana,0.00003770,4,512,1024,2048,16384,32768,32768,,1,2,6,1774183067000,pumpswap,REPEAT
2026-04-10T05:36:57.442Z,61bSahZBWZgws8HQNSV57mtASrDAN3HBT9DwQNG3Bjt,mememan,Meme Man,solana,0.00008288,128,4096,65536,131072,32768,65536,65536,4,2,73,75,1775463353000,pumpswap,REPEAT
2026-04-10T05:36:57.442Z,2f4sWXXaXKHuQArYh94pddb7hkGWATp9MFScy26tpump,FART,Fart,solana,0.000004957,,128,2097152,2097152,8192,4096,4096,,,1,7,1775779711000,pumpswap,REPEAT
2026-04-10T05:36:57.442Z,98t9PEJF5QvAdGhu3MuQ2ww57NkRV1Rg7evSZNFxpump,$BABYTAN,BabyTan,solana,0.00001014,,256,4096,16384,,8192,8192,,,2,3,1775571529000,pumpfun,REPEAT
2026-04-10T05:36:57.442Z,3W837NEB9cwzE6Awb9iyrRBy72zaeCNy2Zcsx2Tzpump,CHITOSHI,Satoshification,solana,0.000006004,,64,1048576,1048576,8192,8192,8192,,,5,2,1775779700000,pumpswap,REPEAT
2026-04-10T05:36:57.442Z,3TYgKwkE2Y3rxdw9osLRSpxpXmSC1C1oo19W9KHspump,BULL,Bull,solana,0.002059,1024,32768,131072,1048576,131072,2097152,2097152,16,17,396,370,1774278163000,pumpswap,REPEAT
2026-04-10T05:36:57.442Z,QPXY96HU7oCpqTYV8xH17DYyjbyp6mGiGcW922Lgvpr,KACHIBI2,Kawaii Chibi V2 ,solana,0.0000002479,,64,4096,16384,8192,32768,32768,,,2,3,1775505502000,raydium,REPEAT
2026-04-10T05:41:57.443Z,8BrKogqwr7Uad9Pwkxw91w31v2x5qf8yDL4x52Qhpump,NUERO,Nuero,solana,0.0001273,256,4096,8192,65536,32768,131072,131072,3,1,46,22,1774894182000,pumpswap,REPEAT
2026-04-10T05:41:57.443Z,Ejdy5bNuwE1jfm3NufkghrLtpMM1KJKwUjfFhxTmpump,Genα,Generation Alpha ETF,solana,0.00009596,32768,262144,262144,262144,32768,131072,131072,444,206,7078,1210,1775797991000,pumpswap,REPEAT
2026-04-10T05:41:57.443Z,wZ7zpuVqqWaMDe95AawZefWtWcb5cqDXzKSL8WJpump,HappyHorse,Happy Horse,solana,0.0005391,65536,1048576,1048576,1048576,65536,524288,524288,343,356,5288,3890,1775796210000,pumpswap,REPEAT
2026-04-10T05:41:57.443Z,9AsvxJ4vBcU9gR14mAitrdzSFABY93z3Fdr6bSQ3pump,STACK,The Chimney Dog,solana,0.00001015,128,4096,65536,65536,,8192,8192,4,2,70,42,1775786445000,pumpfun,REPEAT
2026-04-10T05:41:57.443Z,99Z4AnrTHDhiGwYPyB4kE3Nap8oo8SqBPircah7Apump,SBTI,SBTI来了,solana,0.000004648,128,32768,65536,65536,,4096,4096,3,4,663,405,1775795593000,pumpfun,REPEAT
2026-04-10T05:41:57.443Z,9AEtb967xTMosjp9XFhvHLhscPNYgDWc15jFAZR8pump,RƎ́V,REVÉRSÉ SOCIETY,solana,0.0001808,8,2048,8192,32768,32768,131072,131072,1,,18,15,1775691640000,pumpswap,REPEAT
2026-04-10T05:41:57.443Z,U5sdyqACGtTDyyvSL3yqwSHo1vzUJmNuifjKVSbpump,Stacy,True Stacy,solana,0.000005593,512,131072,131072,131072,4096,4096,4096,39,5,2321,1801,1775796046000,pumpswap,REPEAT
2026-04-10T05:41:57.443Z,98t9PEJF5QvAdGhu3MuQ2ww57NkRV1Rg7evSZNFxpump,$BABYTAN,BabyTan,solana,0.00001014,,256,4096,16384,,8192,8192,,,2,3,1775571529000,pumpfun,REPEAT
2026-04-10T05:41:57.443Z,2ZKy5wqQ59fxeTiUEVLrL24XseTPhizSwpn2R5hfpump,LOLNAH,The Disbelief Coin,solana,0.000003452,64,1024,16384,16384,,4096,4096,,2,14,30,1775792505000,pumpfun,REPEAT
2026-04-10T05:41:57.443Z,FaBG5QafPfxKJLDDz4jesLothFrjcjeS96SMnWLepump,Hotate,ほたてくん,solana,0.00002369,1024,16384,65536,65536,,32768,32768,11,13,174,153,1775789595000,pumpfun,REPEAT
2026-04-10T05:41:57.443Z,9wcYq6LTC4vqgAWr5VQLwsR1Rc5CyzRbcTFtNLzFpump,Daisy,Daisy,solana,0.000008327,,2048,524288,524288,8192,8192,8192,,,68,35,1775788309000,pumpswap,REPEAT
2026-04-10T05:41:57.443Z,5552z6Qp2xr596ox1UVN4ppDwwyjCfY8cXwzHMXgMcaS,MOLTING,Molting,solana,0.001566,2048,65536,262144,262144,131072,2097152,2097152,11,5,276,198,1769857955000,orca,REPEAT
2026-04-10T05:41:57.443Z,BBYEvoXYaWQxvWb2x4ugwAPnVTiqqoFtxHLtagf3PEPE,BABYPEPE,BABYPEPE,solana,0.00002425,,512,131072,131072,16384,32768,32768,,,12,11,1775781591000,pumpswap,REPEAT
2026-04-10T05:41:57.443Z,9YiTzXRbgoE1MtyxQ4sGF3vbdX944HNdcBmVpPQppump,umi,umi,solana,0.00002967,64,2048,8192,32768,16384,32768,32768,3,2,50,28,1774642896000,pumpswap,REPEAT
2026-04-10T05:41:57.443Z,AHFQ4tB5Fj1HTCB6sQ7MdtJf5fUHS7pdJ9sZAK3tpump,Mythos,Claude Mythos,solana,0.0002209,2048,8192,131072,262144,32768,131072,131072,40,6,88,70,1774618831000,pumpswap,REPEAT
2026-04-10T05:41:57.443Z,Fc1mGwtNZthtxfaKDLvTMJXjM2Bvyy5XtHq9Jarupump,Enough,Enough To Live,solana,0.000008551,,2048,16384,262144,8192,8192,8192,,1,36,34,1775748691000,pumpswap,REPEAT
2026-04-10T05:41:57.443Z,7WgtNx2R5tVw98PdZuhgjbcDkEtaxyEFDxWtYQ5nbonk,Barron ,Official Barron Coin,solana,0.00005901,128,2048,131072,262144,16384,65536,65536,2,2,180,89,1775762127000,raydium,REPEAT
2026-04-10T05:41:57.443Z,6XjY7mBgYNEV8tk6NxybMF1RdkSuWopCSHW9ejJ5DHwn,IMAGINE,Grok Imagine,solana,0.00002155,,64,512,8192,16384,16384,16384,,,1,,1773975732000,pumpswap,REPEAT
2026-04-10T05:41:57.443Z,CmtYYjTBYxj5ExeyREFoM5gMNDo4GQ4sjrE7Vx9upump,HUNTER,HunterBidenSmokingCrackCoin,solana,0.00001040,512,32768,32768,32768,8192,8192,8192,23,16,749,584,1775796857000,pumpswap,REPEAT
2026-04-10T05:41:57.443Z,9SeCSdbPzz95KomGUGEV9Shn2zGXNmMJhE9J72Hipump,Iroha,イロハ,solana,0.0009736,2048,16384,262144,2097152,65536,1048576,1048576,13,17,150,152,1775525060000,pumpswap,REPEAT
2026-04-10T05:41:57.443Z,2f4sWXXaXKHuQArYh94pddb7hkGWATp9MFScy26tpump,FART,Fart,solana,0.000004809,128,256,2097152,2097152,8192,4096,4096,,1,1,8,1775779711000,pumpswap,REPEAT
2026-04-10T05:41:57.443Z,ATgsKWXnmEyrv3BvBndyQP55Xg49RhhGgFktasv2pump,SOLTAR,Soltar,solana,0.00003770,,128,1024,2048,16384,32768,32768,,,2,3,1774183067000,pumpswap,REPEAT
2026-04-10T05:41:57.443Z,61bSahZBWZgws8HQNSV57mtASrDAN3HBT9DwQNG3Bjt,mememan,Meme Man,solana,0.00008086,128,4096,65536,131072,32768,65536,65536,,2,64,74,1775463353000,pumpswap,REPEAT
2026-04-10T05:41:57.443Z,2f4sWXXaXKHuQArYh94pddb7hkGWATp9MFScy26tpump,FART,Fart,solana,0.000004809,128,256,2097152,2097152,8192,4096,4096,,1,1,8,1775779711000,pumpswap,REPEAT
2026-04-10T05:41:57.443Z,98t9PEJF5QvAdGhu3MuQ2ww57NkRV1Rg7evSZNFxpump,$BABYTAN,BabyTan,solana,0.00001014,,256,4096,16384,,8192,8192,,,2,3,1775571529000,pumpfun,REPEAT
2026-04-10T05:41:57.443Z,3W837NEB9cwzE6Awb9iyrRBy72zaeCNy2Zcsx2Tzpump,CHITOSHI,Satoshification,solana,0.000006004,,64,1048576,1048576,8192,8192,8192,,,5,1,1775779700000,pumpswap,REPEAT
2026-04-10T05:41:57.443Z,3TYgKwkE2Y3rxdw9osLRSpxpXmSC1C1oo19W9KHspump,BULL,Bull,solana,0.002068,1024,32768,131072,1048576,131072,2097152,2097152,17,18,391,370,1774278163000,pumpswap,REPEAT
2026-04-10T05:46:57.444Z,3JQNRbZo9d3jteWg6FjxtUTNR1hLrLmriWGbaaZWpump,Garrison,The Alpha,solana,0.0001173,32768,524288,524288,524288,32768,131072,131072,467,364,6338,5594,1775797475000,pumpswap,NEW
2026-04-10T05:46:57.444Z,8BrKogqwr7Uad9Pwkxw91w31v2x5qf8yDL4x52Qhpump,NUERO,Nuero,solana,0.0001288,128,4096,8192,65536,32768,131072,131072,1,,46,22,1774894182000,pumpswap,REPEAT
2026-04-10T05:46:57.444Z,Ejdy5bNuwE1jfm3NufkghrLtpMM1KJKwUjfFhxTmpump,Genα,Generation Alpha ETF,solana,0.00009897,32768,262144,262144,262144,32768,131072,131072,306,181,7411,1407,1775797991000,pumpswap,REPEAT
2026-04-10T05:46:57.444Z,wZ7zpuVqqWaMDe95AawZefWtWcb5cqDXzKSL8WJpump,HappyHorse,Happy Horse,solana,0.0003570,65536,1048576,1048576,1048576,65536,262144,262144,333,309,5117,3977,1775796210000,pumpswap,REPEAT
2026-04-10T05:46:57.444Z,9AsvxJ4vBcU9gR14mAitrdzSFABY93z3Fdr6bSQ3pump,STACK,The Chimney Dog,solana,0.00001052,256,4096,65536,65536,,8192,8192,4,1,66,43,1775786445000,pumpfun,REPEAT
2026-04-10T05:46:57.444Z,99Z4AnrTHDhiGwYPyB4kE3Nap8oo8SqBPircah7Apump,SBTI,SBTI来了,solana,0.000004440,128,32768,65536,65536,,4096,4096,5,11,573,349,1775795593000,pumpfun,REPEAT
2026-04-10T05:46:57.444Z,9AEtb967xTMosjp9XFhvHLhscPNYgDWc15jFAZR8pump,RƎ́V,REVÉRSÉ SOCIETY,solana,0.0001804,16,2048,8192,32768,32768,131072,131072,1,1,19,16,1775691640000,pumpswap,REPEAT
2026-04-10T05:46:57.444Z,U5sdyqACGtTDyyvSL3yqwSHo1vzUJmNuifjKVSbpump,Stacy,True Stacy,solana,0.000005576,256,65536,131072,131072,4096,4096,4096,28,7,1859,1451,1775796046000,pumpswap,REPEAT
2026-04-10T05:46:57.444Z,98t9PEJF5QvAdGhu3MuQ2ww57NkRV1Rg7evSZNFxpump,$BABYTAN,BabyTan,solana,0.000009984,64,256,4096,16384,,8192,8192,,1,2,4,1775571529000,pumpfun,REPEAT
2026-04-10T05:46:57.444Z,2ZKy5wqQ59fxeTiUEVLrL24XseTPhizSwpn2R5hfpump,LOLNAH,The Disbelief Coin,solana,0.000003497,32,1024,16384,16384,,4096,4096,1,1,9,27,1775792505000,pumpfun,REPEAT
2026-04-10T05:46:57.444Z,FaBG5QafPfxKJLDDz4jesLothFrjcjeS96SMnWLepump,Hotate,ほたてくん,solana,0.00002384,512,16384,65536,65536,,32768,32768,13,5,163,142,1775789595000,pumpfun,REPEAT
2026-04-10T05:46:57.444Z,9wcYq6LTC4vqgAWr5VQLwsR1Rc5CyzRbcTFtNLzFpump,Daisy,Daisy,solana,0.000008240,8,2048,524288,524288,8192,8192,8192,,1,64,36,1775788309000,pumpswap,REPEAT
2026-04-10T05:46:57.444Z,5552z6Qp2xr596ox1UVN4ppDwwyjCfY8cXwzHMXgMcaS,MOLTING,Molting,solana,0.001699,1024,65536,262144,262144,131072,2097152,2097152,20,13,280,207,1769857955000,orca,REPEAT
2026-04-10T05:46:57.444Z,BBYEvoXYaWQxvWb2x4ugwAPnVTiqqoFtxHLtagf3PEPE,BABYPEPE,BABYPEPE,solana,0.00002394,4,512,131072,131072,16384,32768,32768,,1,11,11,1775781591000,pumpswap,REPEAT
2026-04-10T05:46:57.444Z,9YiTzXRbgoE1MtyxQ4sGF3vbdX944HNdcBmVpPQppump,umi,umi,solana,0.00002934,128,2048,8192,32768,16384,32768,32768,3,2,48,28,1774642896000,pumpswap,REPEAT
2026-04-10T05:46:57.444Z,AHFQ4tB5Fj1HTCB6sQ7MdtJf5fUHS7pdJ9sZAK3tpump,Mythos,Claude Mythos,solana,0.0002247,256,8192,131072,262144,32768,131072,131072,5,3,81,70,1774618831000,pumpswap,REPEAT
2026-04-10T05:46:57.444Z,Fc1mGwtNZthtxfaKDLvTMJXjM2Bvyy5XtHq9Jarupump,Enough,Enough To Live,solana,0.000008504,,1024,16384,262144,8192,8192,8192,,,30,29,1775748691000,pumpswap,REPEAT
2026-04-10T05:46:57.444Z,7WgtNx2R5tVw98PdZuhgjbcDkEtaxyEFDxWtYQ5nbonk,Barron ,Official Barron Coin,solana,0.00005881,16,2048,131072,262144,16384,65536,65536,,1,179,89,1775762127000,raydium,REPEAT
2026-04-10T05:46:57.444Z,6XjY7mBgYNEV8tk6NxybMF1RdkSuWopCSHW9ejJ5DHwn,IMAGINE,Grok Imagine,solana,0.00002212,64,64,512,8192,16384,16384,16384,1,,1,,1773975732000,pumpswap,REPEAT
2026-04-10T05:46:57.444Z,CmtYYjTBYxj5ExeyREFoM5gMNDo4GQ4sjrE7Vx9upump,HUNTER,HunterBidenSmokingCrackCoin,solana,0.000009558,128,32768,32768,32768,8192,8192,8192,3,7,753,593,1775796857000,pumpswap,REPEAT
2026-04-10T05:46:57.444Z,9SeCSdbPzz95KomGUGEV9Shn2zGXNmMJhE9J72Hipump,Iroha,イロハ,solana,0.0009635,256,16384,262144,2097152,65536,1048576,1048576,,17,142,152,1775525060000,pumpswap,REPEAT
2026-04-10T05:46:57.444Z,2f4sWXXaXKHuQArYh94pddb7hkGWATp9MFScy26tpump,FART,Fart,solana,0.000004653,0,256,2097152,2097152,8192,4096,4096,,1,1,9,1775779711000,pumpswap,REPEAT
2026-04-10T05:46:57.444Z,ATgsKWXnmEyrv3BvBndyQP55Xg49RhhGgFktasv2pump,SOLTAR,Soltar,solana,0.00003770,,64,1024,2048,16384,32768,32768,,,,3,1774183067000,pumpswap,REPEAT
2026-04-10T05:46:57.444Z,61bSahZBWZgws8HQNSV57mtASrDAN3HBT9DwQNG3Bjt,mememan,Meme Man,solana,0.00007769,256,4096,65536,131072,32768,65536,65536,1,4,60,69,1775463353000,pumpswap,REPEAT
2026-04-10T05:46:57.444Z,2f4sWXXaXKHuQArYh94pddb7hkGWATp9MFScy26tpump,FART,Fart,solana,0.000004653,0,256,2097152,2097152,8192,4096,4096,,1,1,9,1775779711000,pumpswap,REPEAT
2026-04-10T05:46:57.444Z,98t9PEJF5QvAdGhu3MuQ2ww57NkRV1Rg7evSZNFxpump,$BABYTAN,BabyTan,solana,0.000009984,64,256,4096,16384,,8192,8192,,1,2,3,1775571529000,pumpfun,REPEAT
2026-04-10T05:46:57.444Z,3W837NEB9cwzE6Awb9iyrRBy72zaeCNy2Zcsx2Tzpump,CHITOSHI,Satoshification,solana,0.000006038,1,64,1048576,1048576,8192,8192,8192,1,,6,1,1775779700000,pumpswap,REPEAT
2026-04-10T05:46:57.444Z,3TYgKwkE2Y3rxdw9osLRSpxpXmSC1C1oo19W9KHspump,BULL,Bull,solana,0.002027,1024,32768,131072,1048576,131072,2097152,2097152,18,18,390,372,1774278163000,pumpswap,REPEAT
2026-04-10T05:51:57.444Z,GFVhghbzvoZUgdRgqL8HMrhK26tgP1ddBEVDpQFppump,Banana,Bananas,solana,0.00001351,16384,65536,65536,65536,,16384,16384,335,233,1035,707,1775799626000,pumpfun,NEW
2026-04-10T05:51:57.444Z,3JQNRbZo9d3jteWg6FjxtUTNR1hLrLmriWGbaaZWpump,Garrison,The Alpha,solana,0.0001219,32768,524288,524288,524288,32768,131072,131072,447,346,6853,5970,1775797475000,pumpswap,REPEAT
2026-04-10T05:51:57.444Z,8BrKogqwr7Uad9Pwkxw91w31v2x5qf8yDL4x52Qhpump,NUERO,Nuero,solana,0.0001325,256,4096,8192,65536,32768,131072,131072,2,,47,20,1774894182000,pumpswap,REPEAT
2026-04-10T05:51:57.444Z,Ejdy5bNuwE1jfm3NufkghrLtpMM1KJKwUjfFhxTmpump,Genα,Generation Alpha ETF,solana,0.00009130,32768,262144,262144,262144,32768,65536,65536,353,193,7795,1614,1775797991000,pumpswap,REPEAT
2026-04-10T05:51:57.444Z,wZ7zpuVqqWaMDe95AawZefWtWcb5cqDXzKSL8WJpump,HappyHorse,Happy Horse,solana,0.0006213,65536,1048576,1048576,1048576,65536,524288,524288,402,452,5024,4203,1775796210000,pumpswap,REPEAT
2026-04-10T05:51:57.444Z,9AsvxJ4vBcU9gR14mAitrdzSFABY93z3Fdr6bSQ3pump,STACK,The Chimney Dog,solana,0.00001067,128,4096,65536,65536,,8192,8192,3,1,68,41,1775786445000,pumpfun,REPEAT
2026-04-10T05:51:57.444Z,99Z4AnrTHDhiGwYPyB4kE3Nap8oo8SqBPircah7Apump,SBTI,SBTI来了,solana,0.000003858,512,32768,65536,65536,,4096,4096,8,15,439,297,1775795593000,pumpfun,REPEAT
2026-04-10T05:51:57.444Z,9AEtb967xTMosjp9XFhvHLhscPNYgDWc15jFAZR8pump,RƎ́V,REVÉRSÉ SOCIETY,solana,0.0001780,4,2048,8192,32768,32768,131072,131072,,1,19,16,1775691640000,pumpswap,REPEAT
2026-04-10T05:51:57.444Z,U5sdyqACGtTDyyvSL3yqwSHo1vzUJmNuifjKVSbpump,Stacy,True Stacy,solana,0.000004897,256,65536,131072,131072,4096,4096,4096,19,16,1459,1147,1775796046000,pumpswap,REPEAT
2026-04-10T05:51:57.444Z,98t9PEJF5QvAdGhu3MuQ2ww57NkRV1Rg7evSZNFxpump,$BABYTAN,BabyTan,solana,0.00001014,32,256,4096,16384,,8192,8192,1,,3,3,1775571529000,pumpfun,REPEAT
2026-04-10T05:51:57.444Z,2ZKy5wqQ59fxeTiUEVLrL24XseTPhizSwpn2R5hfpump,LOLNAH,The Disbelief Coin,solana,0.000003979,256,1024,16384,16384,,4096,4096,10,1,19,25,1775792505000,pumpfun,REPEAT
2026-04-10T05:51:57.444Z,FaBG5QafPfxKJLDDz4jesLothFrjcjeS96SMnWLepump,Hotate,ほたてくん,solana,0.00001835,2048,16384,65536,65536,,16384,16384,23,20,162,140,1775789595000,pumpfun,REPEAT
2026-04-10T05:51:57.444Z,9wcYq6LTC4vqgAWr5VQLwsR1Rc5CyzRbcTFtNLzFpump,Daisy,Daisy,solana,0.000008335,4,2048,524288,524288,8192,8192,8192,1,,61,26,1775788309000,pumpswap,REPEAT
2026-04-10T05:51:57.444Z,5552z6Qp2xr596ox1UVN4ppDwwyjCfY8cXwzHMXgMcaS,MOLTING,Molting,solana,0.001688,1024,65536,262144,262144,131072,2097152,2097152,16,11,270,200,1769857955000,orca,REPEAT
2026-04-10T05:51:57.444Z,BBYEvoXYaWQxvWb2x4ugwAPnVTiqqoFtxHLtagf3PEPE,BABYPEPE,BABYPEPE,solana,0.00002390,8,512,131072,131072,16384,32768,32768,,1,10,10,1775781591000,pumpswap,REPEAT
2026-04-10T05:51:57.444Z,9YiTzXRbgoE1MtyxQ4sGF3vbdX944HNdcBmVpPQppump,umi,umi,solana,0.00002976,256,2048,8192,32768,16384,32768,32768,8,3,50,27,1774642896000,pumpswap,REPEAT
2026-04-10T05:51:57.444Z,AHFQ4tB5Fj1HTCB6sQ7MdtJf5fUHS7pdJ9sZAK3tpump,Mythos,Claude Mythos,solana,0.0002282,512,8192,131072,262144,32768,131072,131072,8,3,74,51,1774618831000,pumpswap,REPEAT
2026-04-10T05:51:57.444Z,Fc1mGwtNZthtxfaKDLvTMJXjM2Bvyy5XtHq9Jarupump,Enough,Enough To Live,solana,0.000008504,,1024,16384,262144,8192,8192,8192,,,25,28,1775748691000,pumpswap,REPEAT
2026-04-10T05:51:57.444Z,7WgtNx2R5tVw98PdZuhgjbcDkEtaxyEFDxWtYQ5nbonk,Barron ,Official Barron Coin,solana,0.00005779,128,2048,65536,262144,16384,65536,65536,5,3,159,68,1775762127000,raydium,REPEAT
2026-04-10T05:51:57.444Z,6XjY7mBgYNEV8tk6NxybMF1RdkSuWopCSHW9ejJ5DHwn,IMAGINE,Grok Imagine,solana,0.00002212,,64,512,8192,16384,16384,16384,,,1,,1773975732000,pumpswap,REPEAT
2026-04-10T05:51:57.444Z,CmtYYjTBYxj5ExeyREFoM5gMNDo4GQ4sjrE7Vx9upump,HUNTER,HunterBidenSmokingCrackCoin,solana,0.00001137,1024,32768,32768,32768,8192,8192,8192,16,14,769,607,1775796857000,pumpswap,REPEAT
2026-04-10T05:51:57.444Z,9SeCSdbPzz95KomGUGEV9Shn2zGXNmMJhE9J72Hipump,Iroha,イロハ,solana,0.0009307,1024,16384,262144,2097152,65536,1048576,1048576,24,7,159,153,1775525060000,pumpswap,REPEAT
2026-04-10T05:51:57.444Z,2f4sWXXaXKHuQArYh94pddb7hkGWATp9MFScy26tpump,FART,Fart,solana,0.000004653,,256,2097152,2097152,8192,4096,4096,,,1,9,1775779711000,pumpswap,REPEAT
2026-04-10T05:51:57.444Z,ATgsKWXnmEyrv3BvBndyQP55Xg49RhhGgFktasv2pump,SOLTAR,Soltar,solana,0.00003825,16,128,1024,2048,16384,32768,32768,1,,1,3,1774183067000,pumpswap,REPEAT
2026-04-10T05:51:57.444Z,61bSahZBWZgws8HQNSV57mtASrDAN3HBT9DwQNG3Bjt,mememan,Meme Man,solana,0.00007769,,4096,65536,131072,32768,65536,65536,,,58,58,1775463353000,pumpswap,REPEAT
2026-04-10T05:51:57.444Z,2f4sWXXaXKHuQArYh94pddb7hkGWATp9MFScy26tpump,FART,Fart,solana,0.000004653,,256,2097152,2097152,8192,4096,4096,,,1,9,1775779711000,pumpswap,REPEAT
2026-04-10T05:51:57.444Z,98t9PEJF5QvAdGhu3MuQ2ww57NkRV1Rg7evSZNFxpump,$BABYTAN,BabyTan,solana,0.00001014,32,256,4096,16384,,8192,8192,1,,3,3,1775571529000,pumpfun,REPEAT
2026-04-10T05:51:57.444Z,3W837NEB9cwzE6Awb9iyrRBy72zaeCNy2Zcsx2Tzpump,CHITOSHI,Satoshification,solana,0.000005965,0,64,1048576,1048576,8192,8192,8192,,1,5,2,1775779700000,pumpswap,REPEAT
2026-04-10T05:56:57.445Z,GFVhghbzvoZUgdRgqL8HMrhK26tgP1ddBEVDpQFppump,Banana,Bananas,solana,0.00001047,8192,65536,65536,65536,,8192,8192,211,186,1246,893,1775799626000,pumpfun,REPEAT
2026-04-10T05:56:57.445Z,3JQNRbZo9d3jteWg6FjxtUTNR1hLrLmriWGbaaZWpump,Garrison,The Alpha,solana,0.0001115,16384,524288,524288,524288,32768,131072,131072,329,222,7246,6236,1775797475000,pumpswap,REPEAT
2026-04-10T05:56:57.445Z,8BrKogqwr7Uad9Pwkxw91w31v2x5qf8yDL4x52Qhpump,NUERO,Nuero,solana,0.0001339,128,2048,8192,65536,32768,131072,131072,2,1,29,14,1774894182000,pumpswap,REPEAT
2026-04-10T05:56:57.445Z,Ejdy5bNuwE1jfm3NufkghrLtpMM1KJKwUjfFhxTmpump,Genα,Generation Alpha ETF,solana,0.00008919,32768,262144,262144,262144,32768,65536,65536,979,173,8823,1809,1775797991000,pumpswap,REPEAT
2026-04-10T05:56:57.445Z,wZ7zpuVqqWaMDe95AawZefWtWcb5cqDXzKSL8WJpump,HappyHorse,Happy Horse,solana,0.0005318,65536,1048576,1048576,1048576,65536,524288,524288,257,235,4878,4217,1775796210000,pumpswap,REPEAT
2026-04-10T05:56:57.445Z,9AsvxJ4vBcU9gR14mAitrdzSFABY93z3Fdr6bSQ3pump,STACK,The Chimney Dog,solana,0.00001139,64,4096,65536,65536,,8192,8192,9,1,77,42,1775786445000,pumpfun,REPEAT
2026-04-10T05:56:57.445Z,99Z4AnrTHDhiGwYPyB4kE3Nap8oo8SqBPircah7Apump,SBTI,SBTI来了,solana,0.000003882,64,16384,65536,65536,,4096,4096,5,6,334,252,1775795593000,pumpfun,REPEAT
2026-04-10T05:56:57.445Z,9AEtb967xTMosjp9XFhvHLhscPNYgDWc15jFAZR8pump,RƎ́V,REVÉRSÉ SOCIETY,solana,0.0001771,128,2048,8192,32768,32768,131072,131072,1,2,20,17,1775691640000,pumpswap,REPEAT
2026-04-10T05:56:57.445Z,U5sdyqACGtTDyyvSL3yqwSHo1vzUJmNuifjKVSbpump,Stacy,True Stacy,solana,0.000004769,256,32768,131072,131072,4096,4096,4096,24,12,1151,910,1775796046000,pumpswap,REPEAT
2026-04-10T05:56:57.445Z,98t9PEJF5QvAdGhu3MuQ2ww57NkRV1Rg7evSZNFxpump,$BABYTAN,BabyTan,solana,0.00001014,,256,4096,16384,,8192,8192,,,3,3,1775571529000,pumpfun,REPEAT
2026-04-10T05:56:57.445Z,2ZKy5wqQ59fxeTiUEVLrL24XseTPhizSwpn2R5hfpump,LOLNAH,The Disbelief Coin,solana,0.000004111,64,1024,16384,16384,,4096,4096,6,1,24,18,1775792505000,pumpfun,REPEAT
2026-04-10T05:56:57.445Z,FaBG5QafPfxKJLDDz4jesLothFrjcjeS96SMnWLepump,Hotate,ほたてくん,solana,0.00001506,2048,16384,65536,65536,,16384,16384,14,13,162,139,1775789595000,pumpfun,REPEAT
2026-04-10T05:56:57.445Z,9wcYq6LTC4vqgAWr5VQLwsR1Rc5CyzRbcTFtNLzFpump,Daisy,Daisy,solana,0.000008335,,1024,524288,524288,8192,8192,8192,,,50,21,1775788309000,pumpswap,REPEAT
2026-04-10T05:56:57.445Z,5552z6Qp2xr596ox1UVN4ppDwwyjCfY8cXwzHMXgMcaS,MOLTING,Molting,solana,0.001673,512,65536,262144,262144,131072,2097152,2097152,11,5,270,196,1769857955000,orca,REPEAT
2026-04-10T05:56:57.445Z,BBYEvoXYaWQxvWb2x4ugwAPnVTiqqoFtxHLtagf3PEPE,BABYPEPE,BABYPEPE,solana,0.00002428,1,512,131072,131072,16384,32768,32768,1,,12,8,1775781591000,pumpswap,REPEAT
2026-04-10T05:56:57.445Z,9YiTzXRbgoE1MtyxQ4sGF3vbdX944HNdcBmVpPQppump,umi,umi,solana,0.00002944,128,1024,8192,32768,16384,32768,32768,2,4,48,25,1774642896000,pumpswap,REPEAT
2026-04-10T05:56:57.445Z,AHFQ4tB5Fj1HTCB6sQ7MdtJf5fUHS7pdJ9sZAK3tpump,Mythos,Claude Mythos,solana,0.0002406,512,4096,131072,262144,32768,262144,262144,4,1,74,43,1774618831000,pumpswap,REPEAT
2026-04-10T05:56:57.445Z,Fc1mGwtNZthtxfaKDLvTMJXjM2Bvyy5XtHq9Jarupump,Enough,Enough To Live,solana,0.000008504,,1024,16384,262144,8192,8192,8192,,,25,20,1775748691000,pumpswap,REPEAT
2026-04-10T05:56:57.445Z,7WgtNx2R5tVw98PdZuhgjbcDkEtaxyEFDxWtYQ5nbonk,Barron ,Official Barron Coin,solana,0.00005826,64,2048,65536,262144,16384,65536,65536,16,1,125,18,1775762127000,raydium,REPEAT
2026-04-10T05:56:57.445Z,6XjY7mBgYNEV8tk6NxybMF1RdkSuWopCSHW9ejJ5DHwn,IMAGINE,Grok Imagine,solana,0.00002212,,64,512,8192,16384,16384,16384,,,1,,1773975732000,pumpswap,REPEAT
2026-04-10T05:56:57.445Z,CmtYYjTBYxj5ExeyREFoM5gMNDo4GQ4sjrE7Vx9upump,HUNTER,HunterBidenSmokingCrackCoin,solana,0.00001572,2048,32768,65536,65536,8192,16384,16384,24,12,657,492,1775796857000,pumpswap,REPEAT
2026-04-10T05:56:57.445Z,9SeCSdbPzz95KomGUGEV9Shn2zGXNmMJhE9J72Hipump,Iroha,イロハ,solana,0.0009412,1024,16384,262144,2097152,65536,1048576,1048576,6,12,157,162,1775525060000,pumpswap,REPEAT
2026-04-10T05:56:57.445Z,2f4sWXXaXKHuQArYh94pddb7hkGWATp9MFScy26tpump,FART,Fart,solana,0.000004653,,256,2097152,2097152,8192,4096,4096,,,1,9,1775779711000,pumpswap,REPEAT
2026-04-10T05:56:57.445Z,ATgsKWXnmEyrv3BvBndyQP55Xg49RhhGgFktasv2pump,SOLTAR,Soltar,solana,0.00003825,,128,1024,2048,16384,32768,32768,,,1,3,1774183067000,pumpswap,REPEAT
2026-04-10T05:56:57.445Z,61bSahZBWZgws8HQNSV57mtASrDAN3HBT9DwQNG3Bjt,mememan,Meme Man,solana,0.00007890,1024,4096,65536,131072,32768,65536,65536,14,4,71,53,1775463353000,pumpswap,REPEAT
2026-04-10T05:56:57.445Z,2f4sWXXaXKHuQArYh94pddb7hkGWATp9MFScy26tpump,FART,Fart,solana,0.000004653,,256,2097152,2097152,8192,4096,4096,,,1,9,1775779711000,pumpswap,REPEAT
2026-04-10T05:56:57.445Z,98t9PEJF5QvAdGhu3MuQ2ww57NkRV1Rg7evSZNFxpump,$BABYTAN,BabyTan,solana,0.00001014,,256,4096,16384,,8192,8192,,,3,3,1775571529000,pumpfun,REPEAT
2026-04-10T06:01:57.446Z,82MmG1uH2BWLyoU7VCFYMohP9CT63q5paiKHAAAn3zWx,ANIME,Anime Bitcoin,solana,0.0003923,512,8192,16384,131072,65536,524288,524288,4,13,94,100,1743542810000,pumpswap,NEW
2026-04-10T06:01:57.446Z,GFVhghbzvoZUgdRgqL8HMrhK26tgP1ddBEVDpQFppump,Banana,Bananas,solana,0.00001137,4096,65536,65536,65536,,8192,8192,62,41,1309,935,1775799626000,pumpfun,REPEAT
2026-04-10T06:01:57.446Z,3JQNRbZo9d3jteWg6FjxtUTNR1hLrLmriWGbaaZWpump,Garrison,The Alpha,solana,0.0001728,32768,524288,524288,524288,32768,131072,131072,368,380,7638,6632,1775797475000,pumpswap,REPEAT
2026-04-10T06:01:57.446Z,8BrKogqwr7Uad9Pwkxw91w31v2x5qf8yDL4x52Qhpump,NUERO,Nuero,solana,0.0001309,256,2048,8192,65536,32768,131072,131072,1,5,31,16,1774894182000,pumpswap,REPEAT
2026-04-10T06:01:57.446Z,Ejdy5bNuwE1jfm3NufkghrLtpMM1KJKwUjfFhxTmpump,Genα,Generation Alpha ETF,solana,0.00008675,32768,262144,262144,262144,32768,65536,65536,285,181,9144,2010,1775797991000,pumpswap,REPEAT
2026-04-10T06:01:57.446Z,wZ7zpuVqqWaMDe95AawZefWtWcb5cqDXzKSL8WJpump,HappyHorse,Happy Horse,solana,0.0005742,65536,1048576,1048576,1048576,65536,524288,524288,418,361,4850,4310,1775796210000,pumpswap,REPEAT
2026-04-10T06:01:57.446Z,9AsvxJ4vBcU9gR14mAitrdzSFABY93z3Fdr6bSQ3pump,STACK,The Chimney Dog,solana,0.00001030,256,4096,65536,65536,,8192,8192,2,6,76,48,1775786445000,pumpfun,REPEAT
2026-04-10T06:01:57.446Z,99Z4AnrTHDhiGwYPyB4kE3Nap8oo8SqBPircah7Apump,SBTI,SBTI来了,solana,0.000004096,128,16384,65536,65536,,4096,4096,3,3,255,209,1775795593000,pumpfun,REPEAT
2026-04-10T06:01:57.446Z,9AEtb967xTMosjp9XFhvHLhscPNYgDWc15jFAZR8pump,RƎ́V,REVÉRSÉ SOCIETY,solana,0.0001771,,2048,8192,32768,32768,131072,131072,,,20,17,1775691640000,pumpswap,REPEAT
2026-04-10T06:01:57.446Z,U5sdyqACGtTDyyvSL3yqwSHo1vzUJmNuifjKVSbpump,Stacy,True Stacy,solana,0.000004726,32,16384,131072,131072,4096,4096,4096,10,3,837,638,1775796046000,pumpswap,REPEAT
2026-04-10T06:01:57.446Z,98t9PEJF5QvAdGhu3MuQ2ww57NkRV1Rg7evSZNFxpump,$BABYTAN,BabyTan,solana,0.00001014,,256,4096,16384,,8192,8192,,,3,3,1775571529000,pumpfun,REPEAT
2026-04-10T06:01:57.446Z,2ZKy5wqQ59fxeTiUEVLrL24XseTPhizSwpn2R5hfpump,LOLNAH,The Disbelief Coin,solana,0.000004114,8,512,16384,16384,,4096,4096,1,1,21,12,1775792505000,pumpfun,REPEAT
2026-04-10T06:01:57.446Z,FaBG5QafPfxKJLDDz4jesLothFrjcjeS96SMnWLepump,Hotate,ほたてくん,solana,0.000008627,2048,16384,65536,65536,,8192,8192,11,22,159,147,1775789595000,pumpfun,REPEAT
2026-04-10T06:01:57.446Z,9wcYq6LTC4vqgAWr5VQLwsR1Rc5CyzRbcTFtNLzFpump,Daisy,Daisy,solana,0.000007844,128,1024,524288,524288,8192,8192,8192,,4,32,21,1775788309000,pumpswap,REPEAT
2026-04-10T06:01:57.446Z,5552z6Qp2xr596ox1UVN4ppDwwyjCfY8cXwzHMXgMcaS,MOLTING,Molting,solana,0.001582,2048,65536,262144,262144,131072,2097152,2097152,23,10,287,202,1769857955000,orca,REPEAT
2026-04-10T06:01:57.446Z,BBYEvoXYaWQxvWb2x4ugwAPnVTiqqoFtxHLtagf3PEPE,BABYPEPE,BABYPEPE,solana,0.00002448,64,512,131072,131072,16384,32768,32768,1,,13,8,1775781591000,pumpswap,REPEAT
2026-04-10T06:01:57.446Z,9YiTzXRbgoE1MtyxQ4sGF3vbdX944HNdcBmVpPQppump,umi,umi,solana,0.00002934,64,1024,8192,32768,16384,32768,32768,3,3,48,26,1774642896000,pumpswap,REPEAT
2026-04-10T06:01:57.446Z,AHFQ4tB5Fj1HTCB6sQ7MdtJf5fUHS7pdJ9sZAK3tpump,Mythos,Claude Mythos,solana,0.0002406,128,4096,131072,262144,32768,262144,262144,1,1,73,40,1774618831000,pumpswap,REPEAT
2026-04-10T06:01:57.446Z,Fc1mGwtNZthtxfaKDLvTMJXjM2Bvyy5XtHq9Jarupump,Enough,Enough To Live,solana,0.000008601,128,1024,16384,262144,8192,8192,8192,1,1,25,19,1775748691000,pumpswap,REPEAT
2026-04-10T06:01:57.446Z,7WgtNx2R5tVw98PdZuhgjbcDkEtaxyEFDxWtYQ5nbonk,Barron ,Official Barron Coin,solana,0.00005832,2,2048,65536,262144,16384,65536,65536,1,,128,18,1775762127000,raydium,REPEAT
2026-04-10T06:01:57.446Z,6XjY7mBgYNEV8tk6NxybMF1RdkSuWopCSHW9ejJ5DHwn,IMAGINE,Grok Imagine,solana,0.00002212,,64,512,8192,16384,16384,16384,,,1,,1773975732000,pumpswap,REPEAT
2026-04-10T06:01:57.446Z,CmtYYjTBYxj5ExeyREFoM5gMNDo4GQ4sjrE7Vx9upump,HUNTER,HunterBidenSmokingCrackCoin,solana,0.00001243,1024,32768,65536,65536,8192,8192,8192,18,14,449,356,1775796857000,pumpswap,REPEAT
2026-04-10T06:01:57.446Z,9SeCSdbPzz95KomGUGEV9Shn2zGXNmMJhE9J72Hipump,Iroha,イロハ,solana,0.0009223,2048,16384,262144,2097152,65536,1048576,1048576,8,19,147,162,1775525060000,pumpswap,REPEAT
2026-04-10T06:01:57.446Z,2f4sWXXaXKHuQArYh94pddb7hkGWATp9MFScy26tpump,FART,Fart,solana,0.000004653,,256,2097152,2097152,8192,4096,4096,,,1,7,1775779711000,pumpswap,REPEAT
2026-04-10T06:01:57.446Z,ATgsKWXnmEyrv3BvBndyQP55Xg49RhhGgFktasv2pump,SOLTAR,Soltar,solana,0.00003825,,128,1024,2048,16384,32768,32768,,,1,3,1774183067000,pumpswap,REPEAT
2026-04-10T06:01:57.446Z,61bSahZBWZgws8HQNSV57mtASrDAN3HBT9DwQNG3Bjt,mememan,Meme Man,solana,0.00008243,256,4096,65536,131072,32768,65536,65536,3,,36,47,1775463353000,pumpswap,REPEAT
2026-04-10T06:01:57.446Z,2f4sWXXaXKHuQArYh94pddb7hkGWATp9MFScy26tpump,FART,Fart,solana,0.000004653,,256,2097152,2097152,8192,4096,4096,,,1,7,1775779711000,pumpswap,REPEAT
2026-04-10T06:01:57.446Z,98t9PEJF5QvAdGhu3MuQ2ww57NkRV1Rg7evSZNFxpump,$BABYTAN,BabyTan,solana,0.00001014,,256,4096,16384,,8192,8192,,,3,3,1775571529000,pumpfun,REPEAT
2026-04-10T06:06:57.446Z,82MmG1uH2BWLyoU7VCFYMohP9CT63q5paiKHAAAn3zWx,ANIME,Anime Bitcoin,solana,0.0003972,1024,8192,16384,131072,65536,524288,524288,13,9,101,107,1743542810000,pumpswap,REPEAT
2026-04-10T06:06:57.446Z,GFVhghbzvoZUgdRgqL8HMrhK26tgP1ddBEVDpQFppump,Banana,Bananas,solana,0.00001907,4096,65536,65536,65536,,16384,16384,101,47,1410,982,1775799626000,pumpfun,REPEAT
2026-04-10T06:06:57.446Z,3JQNRbZo9d3jteWg6FjxtUTNR1hLrLmriWGbaaZWpump,Garrison,The Alpha,solana,0.0001947,32768,524288,524288,524288,32768,262144,262144,424,306,7739,6589,1775797475000,pumpswap,REPEAT
2026-04-10T06:06:57.446Z,8BrKogqwr7Uad9Pwkxw91w31v2x5qf8yDL4x52Qhpump,NUERO,Nuero,solana,0.0001331,32,2048,8192,65536,32768,131072,131072,4,,34,14,1774894182000,pumpswap,REPEAT
2026-04-10T06:06:57.446Z,Ejdy5bNuwE1jfm3NufkghrLtpMM1KJKwUjfFhxTmpump,Genα,Generation Alpha ETF,solana,0.0001158,32768,524288,524288,524288,32768,131072,131072,322,185,9499,2217,1775797991000,pumpswap,REPEAT
2026-04-10T06:06:57.446Z,wZ7zpuVqqWaMDe95AawZefWtWcb5cqDXzKSL8WJpump,HappyHorse,Happy Horse,solana,0.0004873,32768,1048576,1048576,1048576,65536,524288,524288,188,144,4566,4089,1775796210000,pumpswap,REPEAT
2026-04-10T06:06:57.446Z,9AsvxJ4vBcU9gR14mAitrdzSFABY93z3Fdr6bSQ3pump,STACK,The Chimney Dog,solana,0.00001081,128,4096,65536,65536,,8192,8192,2,,78,47,1775786445000,pumpfun,REPEAT
2026-04-10T06:06:57.446Z,99Z4AnrTHDhiGwYPyB4kE3Nap8oo8SqBPircah7Apump,SBTI,SBTI来了,solana,0.000004074,8,8192,65536,65536,,4096,4096,,3,188,167,1775795593000,pumpfun,REPEAT
2026-04-10T06:06:57.446Z,9AEtb967xTMosjp9XFhvHLhscPNYgDWc15jFAZR8pump,RƎ́V,REVÉRSÉ SOCIETY,solana,0.0001771,,2048,8192,32768,32768,131072,131072,,,19,17,1775691640000,pumpswap,REPEAT
2026-04-10T06:06:57.446Z,U5sdyqACGtTDyyvSL3yqwSHo1vzUJmNuifjKVSbpump,Stacy,True Stacy,solana,0.000004832,32,16384,131072,131072,4096,4096,4096,8,3,557,348,1775796046000,pumpswap,REPEAT
2026-04-10T06:06:57.446Z,98t9PEJF5QvAdGhu3MuQ2ww57NkRV1Rg7evSZNFxpump,$BABYTAN,BabyTan,solana,0.00001013,1,256,4096,16384,,8192,8192,,1,2,4,1775571529000,pumpfun,REPEAT
2026-04-10T06:06:57.446Z,2ZKy5wqQ59fxeTiUEVLrL24XseTPhizSwpn2R5hfpump,LOLNAH,The Disbelief Coin,solana,0.000004248,64,512,16384,16384,,4096,4096,3,,23,11,1775792505000,pumpfun,REPEAT
2026-04-10T06:06:57.446Z,FaBG5QafPfxKJLDDz4jesLothFrjcjeS96SMnWLepump,Hotate,ほたてくん,solana,0.000005738,2048,16384,65536,65536,,4096,4096,18,25,167,157,1775789595000,pumpfun,REPEAT
2026-04-10T06:06:57.446Z,9wcYq6LTC4vqgAWr5VQLwsR1Rc5CyzRbcTFtNLzFpump,Daisy,Daisy,solana,0.000007872,16,1024,524288,524288,8192,8192,8192,1,2,27,21,1775788309000,pumpswap,REPEAT
2026-04-10T06:06:57.446Z,5552z6Qp2xr596ox1UVN4ppDwwyjCfY8cXwzHMXgMcaS,MOLTING,Molting,solana,0.001403,8192,65536,262144,262144,131072,1048576,1048576,54,21,332,218,1769857955000,orca,REPEAT
2026-04-10T06:06:57.446Z,BBYEvoXYaWQxvWb2x4ugwAPnVTiqqoFtxHLtagf3PEPE,BABYPEPE,BABYPEPE,solana,0.00002471,8,512,131072,131072,16384,32768,32768,1,,9,6,1775781591000,pumpswap,REPEAT
2026-04-10T06:06:57.446Z,9YiTzXRbgoE1MtyxQ4sGF3vbdX944HNdcBmVpPQppump,umi,umi,solana,0.00002945,64,1024,8192,32768,16384,32768,32768,2,1,47,25,1774642896000,pumpswap,REPEAT
2026-04-10T06:06:57.446Z,AHFQ4tB5Fj1HTCB6sQ7MdtJf5fUHS7pdJ9sZAK3tpump,Mythos,Claude Mythos,solana,0.0002346,256,4096,131072,262144,32768,131072,131072,1,5,73,43,1774618831000,pumpswap,REPEAT
2026-04-10T06:06:57.446Z,Fc1mGwtNZthtxfaKDLvTMJXjM2Bvyy5XtHq9Jarupump,Enough,Enough To Live,solana,0.000008601,,1024,16384,262144,8192,8192,8192,,,17,16,1775748691000,pumpswap,REPEAT
2026-04-10T06:06:57.446Z,7WgtNx2R5tVw98PdZuhgjbcDkEtaxyEFDxWtYQ5nbonk,Barron ,Official Barron Coin,solana,0.00005832,,2048,65536,262144,16384,65536,65536,,,126,17,1775762127000,raydium,REPEAT
2026-04-10T06:06:57.446Z,6XjY7mBgYNEV8tk6NxybMF1RdkSuWopCSHW9ejJ5DHwn,IMAGINE,Grok Imagine,solana,0.00002212,,64,512,8192,16384,16384,16384,,,1,,1773975732000,pumpswap,REPEAT
2026-04-10T06:06:57.446Z,CmtYYjTBYxj5ExeyREFoM5gMNDo4GQ4sjrE7Vx9upump,HUNTER,HunterBidenSmokingCrackCoin,solana,0.00001056,1024,16384,65536,65536,8192,8192,8192,9,18,335,300,1775796857000,pumpswap,REPEAT
2026-04-10T06:06:57.446Z,9SeCSdbPzz95KomGUGEV9Shn2zGXNmMJhE9J72Hipump,Iroha,イロハ,solana,0.0009113,2048,16384,262144,2097152,65536,1048576,1048576,13,22,149,174,1775525060000,pumpswap,REPEAT
2026-04-10T06:06:57.446Z,2f4sWXXaXKHuQArYh94pddb7hkGWATp9MFScy26tpump,FART,Fart,solana,0.000004566,32,256,2097152,2097152,4096,4096,4096,,2,1,8,1775779711000,pumpswap,REPEAT
2026-04-10T06:06:57.446Z,ATgsKWXnmEyrv3BvBndyQP55Xg49RhhGgFktasv2pump,SOLTAR,Soltar,solana,0.00003825,,128,1024,2048,16384,32768,32768,,,1,3,1774183067000,pumpswap,REPEAT
2026-04-10T06:06:57.446Z,61bSahZBWZgws8HQNSV57mtASrDAN3HBT9DwQNG3Bjt,mememan,Meme Man,solana,0.00008353,128,4096,65536,131072,32768,65536,65536,4,2,39,35,1775463353000,pumpswap,REPEAT
2026-04-10T06:06:57.446Z,2f4sWXXaXKHuQArYh94pddb7hkGWATp9MFScy26tpump,FART,Fart,solana,0.000004566,32,256,2097152,2097152,4096,4096,4096,,2,1,8,1775779711000,pumpswap,REPEAT
2026-04-10T06:06:57.446Z,98t9PEJF5QvAdGhu3MuQ2ww57NkRV1Rg7evSZNFxpump,$BABYTAN,BabyTan,solana,0.00001013,1,256,4096,16384,,8192,8192,,1,2,4,1775571529000,pumpfun,REPEAT
2026-04-10T06:11:57.446Z,2ecWqqjWZ5hkYLHzCn9TEn2DtpVdNvMicLf3RzfLpump,Chicky,Official Chicky Coin,solana,0.0001232,256,16384,32768,131072,32768,131072,131072,5,16,249,112,1774972475000,pumpswap,NEW
2026-04-10T06:11:57.446Z,82MmG1uH2BWLyoU7VCFYMohP9CT63q5paiKHAAAn3zWx,ANIME,Anime Bitcoin,solana,0.0003814,1024,8192,16384,131072,65536,524288,524288,16,14,109,119,1743542810000,pumpswap,REPEAT
2026-04-10T06:11:57.446Z,GFVhghbzvoZUgdRgqL8HMrhK26tgP1ddBEVDpQFppump,Banana,Bananas,solana,0.00002542,8192,131072,131072,131072,,32768,32768,146,126,1558,1108,1775799626000,pumpfun,REPEAT
2026-04-10T06:11:57.446Z,3JQNRbZo9d3jteWg6FjxtUTNR1hLrLmriWGbaaZWpump,Garrison,The Alpha,solana,0.0001869,32768,524288,1048576,1048576,32768,262144,262144,437,302,7225,6037,1775797475000,pumpswap,REPEAT
2026-04-10T06:11:57.446Z,8BrKogqwr7Uad9Pwkxw91w31v2x5qf8yDL4x52Qhpump,NUERO,Nuero,solana,0.0001331,,2048,8192,65536,32768,131072,131072,,,33,14,1774894182000,pumpswap,REPEAT
2026-04-10T06:11:57.446Z,Ejdy5bNuwE1jfm3NufkghrLtpMM1KJKwUjfFhxTmpump,Genα,Generation Alpha ETF,solana,0.0001274,32768,524288,524288,524288,32768,131072,131072,291,158,9813,2387,1775797991000,pumpswap,REPEAT
2026-04-10T06:11:57.446Z,wZ7zpuVqqWaMDe95AawZefWtWcb5cqDXzKSL8WJpump,HappyHorse,Happy Horse,solana,0.0004971,8192,1048576,1048576,1048576,65536,524288,524288,59,45,4166,3842,1775796210000,pumpswap,REPEAT
2026-04-10T06:11:57.446Z,9AsvxJ4vBcU9gR14mAitrdzSFABY93z3Fdr6bSQ3pump,STACK,The Chimney Dog,solana,0.00001247,512,4096,65536,65536,,16384,16384,8,1,63,41,1775786445000,pumpfun,REPEAT
2026-04-10T06:11:57.446Z,99Z4AnrTHDhiGwYPyB4kE3Nap8oo8SqBPircah7Apump,SBTI,SBTI来了,solana,0.000004233,256,8192,65536,65536,,4096,4096,4,1,163,144,1775795593000,pumpfun,REPEAT
2026-04-10T06:11:57.446Z,9AEtb967xTMosjp9XFhvHLhscPNYgDWc15jFAZR8pump,RƎ́V,REVÉRSÉ SOCIETY,solana,0.0001771,8,2048,8192,32768,32768,131072,131072,1,1,20,18,1775691640000,pumpswap,REPEAT
2026-04-10T06:11:57.446Z,U5sdyqACGtTDyyvSL3yqwSHo1vzUJmNuifjKVSbpump,Stacy,True Stacy,solana,0.000004804,64,8192,131072,131072,4096,4096,4096,7,7,378,219,1775796046000,pumpswap,REPEAT
2026-04-10T06:11:57.446Z,98t9PEJF5QvAdGhu3MuQ2ww57NkRV1Rg7evSZNFxpump,$BABYTAN,BabyTan,solana,0.00001028,32,256,4096,16384,,8192,8192,1,1,2,4,1775571529000,pumpfun,REPEAT
2026-04-10T06:11:57.446Z,2ZKy5wqQ59fxeTiUEVLrL24XseTPhizSwpn2R5hfpump,LOLNAH,The Disbelief Coin,solana,0.000004275,16,512,16384,16384,,4096,4096,2,1,23,11,1775792505000,pumpfun,REPEAT
2026-04-10T06:11:57.446Z,FaBG5QafPfxKJLDDz4jesLothFrjcjeS96SMnWLepump,Hotate,ほたてくん,solana,0.000004214,512,16384,65536,65536,,4096,4096,4,22,162,174,1775789595000,pumpfun,REPEAT
2026-04-10T06:11:57.446Z,9wcYq6LTC4vqgAWr5VQLwsR1Rc5CyzRbcTFtNLzFpump,Daisy,Daisy,solana,0.000007872,,1024,524288,524288,8192,8192,8192,,,24,17,1775788309000,pumpswap,REPEAT
2026-04-10T06:11:57.446Z,5552z6Qp2xr596ox1UVN4ppDwwyjCfY8cXwzHMXgMcaS,MOLTING,Molting,solana,0.001391,1024,65536,262144,262144,131072,1048576,1048576,8,12,316,204,1769857955000,orca,REPEAT
2026-04-10T06:11:57.446Z,BBYEvoXYaWQxvWb2x4ugwAPnVTiqqoFtxHLtagf3PEPE,BABYPEPE,BABYPEPE,solana,0.00002444,4,512,131072,131072,16384,32768,32768,,1,8,7,1775781591000,pumpswap,REPEAT
2026-04-10T06:11:57.446Z,9YiTzXRbgoE1MtyxQ4sGF3vbdX944HNdcBmVpPQppump,umi,umi,solana,0.00002945,64,1024,8192,32768,16384,32768,32768,1,1,44,25,1774642896000,pumpswap,REPEAT
2026-04-10T06:11:57.446Z,AHFQ4tB5Fj1HTCB6sQ7MdtJf5fUHS7pdJ9sZAK3tpump,Mythos,Claude Mythos,solana,0.0002378,16,4096,131072,262144,32768,262144,262144,1,1,74,43,1774618831000,pumpswap,REPEAT
2026-04-10T06:11:57.446Z,Fc1mGwtNZthtxfaKDLvTMJXjM2Bvyy5XtHq9Jarupump,Enough,Enough To Live,solana,0.000008549,1,1024,16384,262144,8192,8192,8192,1,,18,16,1775748691000,pumpswap,REPEAT
2026-04-10T06:11:57.446Z,7WgtNx2R5tVw98PdZuhgjbcDkEtaxyEFDxWtYQ5nbonk,Barron ,Official Barron Coin,solana,0.00005924,128,2048,65536,262144,16384,65536,65536,2,,123,16,1775762127000,raydium,REPEAT
2026-04-10T06:11:57.446Z,6XjY7mBgYNEV8tk6NxybMF1RdkSuWopCSHW9ejJ5DHwn,IMAGINE,Grok Imagine,solana,0.00002212,,64,512,8192,16384,16384,16384,,,1,,1773975732000,pumpswap,REPEAT
2026-04-10T06:11:57.446Z,CmtYYjTBYxj5ExeyREFoM5gMNDo4GQ4sjrE7Vx9upump,HUNTER,HunterBidenSmokingCrackCoin,solana,0.00001100,256,16384,65536,65536,8192,8192,8192,12,6,297,270,1775796857000,pumpswap,REPEAT
2026-04-10T06:11:57.446Z,9SeCSdbPzz95KomGUGEV9Shn2zGXNmMJhE9J72Hipump,Iroha,イロハ,solana,0.0009115,512,16384,262144,2097152,65536,1048576,1048576,9,12,146,174,1775525060000,pumpswap,REPEAT
2026-04-10T06:11:57.446Z,2f4sWXXaXKHuQArYh94pddb7hkGWATp9MFScy26tpump,FART,Fart,solana,0.000004568,0,256,2097152,2097152,4096,4096,4096,,2,,9,1775779711000,pumpswap,REPEAT
2026-04-10T06:11:57.446Z,ATgsKWXnmEyrv3BvBndyQP55Xg49RhhGgFktasv2pump,SOLTAR,Soltar,solana,0.00003825,,64,1024,2048,16384,32768,32768,,,1,2,1774183067000,pumpswap,REPEAT
2026-04-10T06:11:57.446Z,61bSahZBWZgws8HQNSV57mtASrDAN3HBT9DwQNG3Bjt,mememan,Meme Man,solana,0.00008570,128,2048,65536,131072,32768,65536,65536,4,2,41,28,1775463353000,pumpswap,REPEAT
2026-04-10T06:11:57.446Z,2f4sWXXaXKHuQArYh94pddb7hkGWATp9MFScy26tpump,FART,Fart,solana,0.000004568,0,256,2097152,2097152,4096,4096,4096,,2,,9,1775779711000,pumpswap,REPEAT
2026-04-10T06:16:57.447Z,6DUdwjXtqJKrNFQBQzsaPW7pP2EZg2hbQ92NBi9Ppump,HAHA,HAHA,solana,0.0003392,16384,524288,524288,524288,32768,262144,262144,102,135,6377,4727,1775797888000,pumpswap,NEW
2026-04-10T06:16:57.447Z,2ecWqqjWZ5hkYLHzCn9TEn2DtpVdNvMicLf3RzfLpump,Chicky,Official Chicky Coin,solana,0.0001268,1024,16384,32768,131072,32768,131072,131072,3,10,252,119,1774972475000,pumpswap,REPEAT
2026-04-10T06:16:57.447Z,82MmG1uH2BWLyoU7VCFYMohP9CT63q5paiKHAAAn3zWx,ANIME,Anime Bitcoin,solana,0.0003811,512,8192,16384,131072,65536,524288,524288,12,11,109,122,1743542810000,pumpswap,REPEAT
2026-04-10T06:16:57.447Z,GFVhghbzvoZUgdRgqL8HMrhK26tgP1ddBEVDpQFppump,Banana,Bananas,solana,0.00001461,16384,131072,131072,131072,,16384,16384,200,149,1758,1257,1775799626000,pumpfun,REPEAT
2026-04-10T06:16:57.447Z,3JQNRbZo9d3jteWg6FjxtUTNR1hLrLmriWGbaaZWpump,Garrison,The Alpha,solana,0.0001554,32768,524288,1048576,1048576,32768,131072,131072,407,296,6636,5234,1775797475000,pumpswap,REPEAT
2026-04-10T06:16:57.447Z,8BrKogqwr7Uad9Pwkxw91w31v2x5qf8yDL4x52Qhpump,NUERO,Nuero,solana,0.0001314,64,2048,8192,65536,32768,131072,131072,1,1,34,15,1774894182000,pumpswap,REPEAT
2026-04-10T06:16:57.447Z,Ejdy5bNuwE1jfm3NufkghrLtpMM1KJKwUjfFhxTmpump,Genα,Generation Alpha ETF,solana,0.0001174,32768,524288,524288,524288,32768,131072,131072,291,166,8441,2404,1775797991000,pumpswap,REPEAT
2026-04-10T06:16:57.447Z,wZ7zpuVqqWaMDe95AawZefWtWcb5cqDXzKSL8WJpump,HappyHorse,Happy Horse,solana,0.0005638,65536,1048576,1048576,1048576,65536,524288,524288,333,295,3950,3703,1775796210000,pumpswap,REPEAT
2026-04-10T06:16:57.447Z,9AsvxJ4vBcU9gR14mAitrdzSFABY93z3Fdr6bSQ3pump,STACK,The Chimney Dog,solana,0.00001151,256,4096,65536,65536,,8192,8192,1,5,59,42,1775786445000,pumpfun,REPEAT
2026-04-10T06:16:57.447Z,99Z4AnrTHDhiGwYPyB4kE3Nap8oo8SqBPircah7Apump,SBTI,SBTI来了,solana,0.000003556,256,4096,65536,65536,,4096,4096,3,5,103,126,1775795593000,pumpfun,REPEAT
2026-04-10T06:16:57.447Z,9AEtb967xTMosjp9XFhvHLhscPNYgDWc15jFAZR8pump,RƎ́V,REVÉRSÉ SOCIETY,solana,0.0001771,,2048,8192,32768,32768,131072,131072,,,19,12,1775691640000,pumpswap,REPEAT
2026-04-10T06:16:57.447Z,U5sdyqACGtTDyyvSL3yqwSHo1vzUJmNuifjKVSbpump,Stacy,True Stacy,solana,0.000005324,256,4096,131072,131072,4096,4096,4096,13,2,313,163,1775796046000,pumpswap,REPEAT
2026-04-10T06:16:57.447Z,98t9PEJF5QvAdGhu3MuQ2ww57NkRV1Rg7evSZNFxpump,$BABYTAN,BabyTan,solana,0.00001028,,128,4096,16384,,8192,8192,,,2,3,1775571529000,pumpfun,REPEAT
2026-04-10T06:16:57.447Z,2ZKy5wqQ59fxeTiUEVLrL24XseTPhizSwpn2R5hfpump,LOLNAH,The Disbelief Coin,solana,0.000004502,128,512,16384,16384,,4096,4096,4,1,27,10,1775792505000,pumpfun,REPEAT
2026-04-10T06:16:57.447Z,FaBG5QafPfxKJLDDz4jesLothFrjcjeS96SMnWLepump,Hotate,ほたてくん,solana,0.000004029,128,16384,65536,65536,,4096,4096,1,13,157,173,1775789595000,pumpfun,REPEAT
2026-04-10T06:16:57.447Z,9wcYq6LTC4vqgAWr5VQLwsR1Rc5CyzRbcTFtNLzFpump,Daisy,Daisy,solana,0.000007872,,512,524288,524288,8192,8192,8192,,,16,15,1775788309000,pumpswap,REPEAT
2026-04-10T06:16:57.447Z,5552z6Qp2xr596ox1UVN4ppDwwyjCfY8cXwzHMXgMcaS,MOLTING,Molting,solana,0.001316,1024,32768,262144,262144,131072,1048576,1048576,16,11,285,174,1769857955000,orca,REPEAT
2026-04-10T06:16:57.447Z,BBYEvoXYaWQxvWb2x4ugwAPnVTiqqoFtxHLtagf3PEPE,BABYPEPE,BABYPEPE,solana,0.00002473,,128,131072,131072,16384,32768,32768,,,8,5,1775781591000,pumpswap,REPEAT
2026-04-10T06:16:57.447Z,9YiTzXRbgoE1MtyxQ4sGF3vbdX944HNdcBmVpPQppump,umi,umi,solana,0.00002942,64,1024,8192,32768,16384,32768,32768,3,2,42,24,1774642896000,pumpswap,REPEAT
2026-04-10T06:16:57.447Z,AHFQ4tB5Fj1HTCB6sQ7MdtJf5fUHS7pdJ9sZAK3tpump,Mythos,Claude Mythos,solana,0.0002341,32,4096,131072,262144,32768,131072,131072,,2,74,43,1774618831000,pumpswap,REPEAT
2026-04-10T06:16:57.447Z,Fc1mGwtNZthtxfaKDLvTMJXjM2Bvyy5XtHq9Jarupump,Enough,Enough To Live,solana,0.000008466,16,512,8192,262144,8192,8192,8192,2,1,20,15,1775748691000,pumpswap,REPEAT
2026-04-10T06:16:57.447Z,7WgtNx2R5tVw98PdZuhgjbcDkEtaxyEFDxWtYQ5nbonk,Barron ,Official Barron Coin,solana,0.00005924,,1024,65536,262144,16384,65536,65536,1,1,115,13,1775762127000,raydium,REPEAT
2026-04-10T06:16:57.447Z,6XjY7mBgYNEV8tk6NxybMF1RdkSuWopCSHW9ejJ5DHwn,IMAGINE,Grok Imagine,solana,0.00002272,64,128,512,8192,16384,16384,16384,1,,2,,1773975732000,pumpswap,REPEAT
2026-04-10T06:16:57.447Z,CmtYYjTBYxj5ExeyREFoM5gMNDo4GQ4sjrE7Vx9upump,HUNTER,HunterBidenSmokingCrackCoin,solana,0.00001321,512,16384,65536,65536,8192,16384,16384,11,10,279,253,1775796857000,pumpswap,REPEAT
2026-04-10T06:16:57.447Z,9SeCSdbPzz95KomGUGEV9Shn2zGXNmMJhE9J72Hipump,Iroha,イロハ,solana,0.0008709,4096,32768,262144,2097152,65536,1048576,1048576,38,15,184,187,1775525060000,pumpswap,REPEAT
2026-04-10T06:16:57.447Z,2f4sWXXaXKHuQArYh94pddb7hkGWATp9MFScy26tpump,FART,Fart,solana,0.000004568,,128,1048576,2097152,4096,4096,4096,,,,6,1775779711000,pumpswap,REPEAT
2026-04-10T06:16:57.447Z,ATgsKWXnmEyrv3BvBndyQP55Xg49RhhGgFktasv2pump,SOLTAR,Soltar,solana,0.00003825,,64,1024,2048,16384,32768,32768,,,1,2,1774183067000,pumpswap,REPEAT
2026-04-10T06:16:57.447Z,61bSahZBWZgws8HQNSV57mtASrDAN3HBT9DwQNG3Bjt,mememan,Meme Man,solana,0.00008995,256,2048,65536,131072,32768,65536,65536,11,1,50,26,1775463353000,pumpswap,REPEAT
2026-04-10T06:21:57.448Z,6DUdwjXtqJKrNFQBQzsaPW7pP2EZg2hbQ92NBi9Ppump,HAHA,HAHA,solana,0.0002478,16384,524288,524288,524288,32768,262144,262144,110,131,2046,2040,1775797888000,pumpswap,REPEAT
2026-04-10T06:21:57.448Z,2ecWqqjWZ5hkYLHzCn9TEn2DtpVdNvMicLf3RzfLpump,Chicky,Official Chicky Coin,solana,0.0001273,128,16384,32768,131072,32768,131072,131072,1,7,250,122,1774972475000,pumpswap,REPEAT
2026-04-10T06:21:57.448Z,82MmG1uH2BWLyoU7VCFYMohP9CT63q5paiKHAAAn3zWx,ANIME,Anime Bitcoin,solana,0.0003853,512,8192,16384,131072,65536,524288,524288,16,13,118,133,1743542810000,pumpswap,REPEAT
2026-04-10T06:21:57.448Z,GFVhghbzvoZUgdRgqL8HMrhK26tgP1ddBEVDpQFppump,Banana,Bananas,solana,0.00001105,4096,131072,131072,131072,,8192,8192,106,56,1865,1313,1775799626000,pumpfun,REPEAT
2026-04-10T06:21:57.448Z,3JQNRbZo9d3jteWg6FjxtUTNR1hLrLmriWGbaaZWpump,Garrison,The Alpha,solana,0.0001707,32768,524288,1048576,1048576,32768,131072,131072,264,211,6252,4739,1775797475000,pumpswap,REPEAT
2026-04-10T06:21:57.448Z,8BrKogqwr7Uad9Pwkxw91w31v2x5qf8yDL4x52Qhpump,NUERO,Nuero,solana,0.0001336,128,2048,8192,65536,32768,131072,131072,3,3,38,17,1774894182000,pumpswap,REPEAT
2026-04-10T06:21:57.448Z,Ejdy5bNuwE1jfm3NufkghrLtpMM1KJKwUjfFhxTmpump,Genα,Generation Alpha ETF,solana,0.00009584,32768,524288,524288,524288,32768,131072,131072,237,198,7358,2404,1775797991000,pumpswap,REPEAT
2026-04-10T06:21:57.448Z,wZ7zpuVqqWaMDe95AawZefWtWcb5cqDXzKSL8WJpump,HappyHorse,Happy Horse,solana,0.0004556,32768,1048576,1048576,1048576,65536,524288,524288,168,182,3837,3648,1775796210000,pumpswap,REPEAT
2026-04-10T06:21:57.448Z,9AsvxJ4vBcU9gR14mAitrdzSFABY93z3Fdr6bSQ3pump,STACK,The Chimney Dog,solana,0.00001096,128,4096,65536,65536,,8192,8192,,1,50,37,1775786445000,pumpfun,REPEAT
2026-04-10T06:21:57.448Z,99Z4AnrTHDhiGwYPyB4kE3Nap8oo8SqBPircah7Apump,SBTI,SBTI来了,solana,0.000003913,512,4096,65536,65536,,4096,4096,8,6,91,122,1775795593000,pumpfun,REPEAT
2026-04-10T06:21:57.448Z,9AEtb967xTMosjp9XFhvHLhscPNYgDWc15jFAZR8pump,RƎ́V,REVÉRSÉ SOCIETY,solana,0.0001771,,512,8192,32768,32768,131072,131072,,,15,11,1775691640000,pumpswap,REPEAT
2026-04-10T06:21:57.448Z,U5sdyqACGtTDyyvSL3yqwSHo1vzUJmNuifjKVSbpump,Stacy,True Stacy,solana,0.000007613,2048,4096,131072,131072,8192,8192,8192,37,14,313,145,1775796046000,pumpswap,REPEAT
2026-04-10T06:21:57.448Z,98t9PEJF5QvAdGhu3MuQ2ww57NkRV1Rg7evSZNFxpump,$BABYTAN,BabyTan,solana,0.00001013,32,128,4096,16384,,8192,8192,,1,2,4,1775571529000,pumpfun,REPEAT
2026-04-10T06:21:57.448Z,2ZKy5wqQ59fxeTiUEVLrL24XseTPhizSwpn2R5hfpump,LOLNAH,The Disbelief Coin,solana,0.000004521,64,512,16384,16384,,4096,4096,2,1,29,11,1775792505000,pumpfun,REPEAT
2026-04-10T06:21:57.448Z,FaBG5QafPfxKJLDDz4jesLothFrjcjeS96SMnWLepump,Hotate,ほたてくん,solana,0.000003995,64,16384,65536,65536,,4096,4096,4,4,148,168,1775789595000,pumpfun,REPEAT
2026-04-10T06:21:57.448Z,9wcYq6LTC4vqgAWr5VQLwsR1Rc5CyzRbcTFtNLzFpump,Daisy,Daisy,solana,0.000007777,,256,524288,524288,8192,8192,8192,,,8,16,1775788309000,pumpswap,REPEAT
2026-04-10T06:21:57.448Z,5552z6Qp2xr596ox1UVN4ppDwwyjCfY8cXwzHMXgMcaS,MOLTING,Molting,solana,0.001329,1024,32768,262144,262144,131072,1048576,1048576,5,8,249,162,1769857955000,orca,REPEAT
2026-04-10T06:21:57.448Z,BBYEvoXYaWQxvWb2x4ugwAPnVTiqqoFtxHLtagf3PEPE,BABYPEPE,BABYPEPE,solana,0.00002473,,128,131072,131072,16384,32768,32768,,,7,5,1775781591000,pumpswap,REPEAT
2026-04-10T06:21:57.448Z,9YiTzXRbgoE1MtyxQ4sGF3vbdX944HNdcBmVpPQppump,umi,umi,solana,0.00002939,64,1024,8192,32768,16384,32768,32768,2,1,41,23,1774642896000,pumpswap,REPEAT
2026-04-10T06:21:57.448Z,AHFQ4tB5Fj1HTCB6sQ7MdtJf5fUHS7pdJ9sZAK3tpump,Mythos,Claude Mythos,solana,0.0002337,128,4096,131072,262144,32768,131072,131072,1,3,74,37,1774618831000,pumpswap,REPEAT
2026-04-10T06:21:57.448Z,Fc1mGwtNZthtxfaKDLvTMJXjM2Bvyy5XtHq9Jarupump,Enough,Enough To Live,solana,0.000008466,,512,8192,262144,8192,8192,8192,,,20,12,1775748691000,pumpswap,REPEAT
2026-04-10T06:21:57.448Z,7WgtNx2R5tVw98PdZuhgjbcDkEtaxyEFDxWtYQ5nbonk,Barron ,Official Barron Coin,solana,0.00006239,256,1024,65536,262144,16384,65536,65536,1,1,45,10,1775762127000,raydium,REPEAT
2026-04-10T06:21:57.448Z,6XjY7mBgYNEV8tk6NxybMF1RdkSuWopCSHW9ejJ5DHwn,IMAGINE,Grok Imagine,solana,0.00002272,,128,512,8192,16384,16384,16384,,,2,,1773975732000,pumpswap,REPEAT
2026-04-10T06:21:57.448Z,CmtYYjTBYxj5ExeyREFoM5gMNDo4GQ4sjrE7Vx9upump,HUNTER,HunterBidenSmokingCrackCoin,solana,0.00001109,1024,8192,65536,65536,8192,8192,8192,7,8,204,205,1775796857000,pumpswap,REPEAT
2026-04-10T06:21:57.448Z,9SeCSdbPzz95KomGUGEV9Shn2zGXNmMJhE9J72Hipump,Iroha,イロハ,solana,0.0008764,2048,32768,262144,2097152,65536,1048576,1048576,17,11,204,184,1775525060000,pumpswap,REPEAT
2026-04-10T06:21:57.448Z,2f4sWXXaXKHuQArYh94pddb7hkGWATp9MFScy26tpump,FART,Fart,solana,0.000004464,64,256,1048576,2097152,4096,4096,4096,,1,,7,1775779711000,pumpswap,REPEAT
2026-04-10T06:21:57.448Z,ATgsKWXnmEyrv3BvBndyQP55Xg49RhhGgFktasv2pump,SOLTAR,Soltar,solana,0.00003825,,64,1024,2048,16384,32768,32768,,,1,2,1774183067000,pumpswap,REPEAT
2026-04-10T06:21:57.448Z,61bSahZBWZgws8HQNSV57mtASrDAN3HBT9DwQNG3Bjt,mememan,Meme Man,solana,0.00008781,128,2048,65536,131072,32768,65536,65536,5,2,52,26,1775463353000,pumpswap,REPEAT
2026-04-10T06:26:57.448Z,CmtYYjTBYxj5ExeyREFoM5gMNDo4GQ4sjrE7Vx9upump,HUNTER,HunterBidenSmokingCrackCoin,solana,0.00001087,64,8192,65536,65536,8192,8192,8192,2,4,182,180,1775796857000,pumpswap,REPEAT
2026-04-10T06:26:57.448Z,6DUdwjXtqJKrNFQBQzsaPW7pP2EZg2hbQ92NBi9Ppump,HAHA,HAHA,solana,0.0002243,16384,524288,524288,524288,32768,262144,262144,111,86,2009,2019,1775797888000,pumpswap,REPEAT
2026-04-10T06:26:57.448Z,2ecWqqjWZ5hkYLHzCn9TEn2DtpVdNvMicLf3RzfLpump,Chicky,Official Chicky Coin,solana,0.0001248,512,16384,32768,131072,32768,131072,131072,4,12,254,134,1774972475000,pumpswap,REPEAT
2026-04-10T06:26:57.448Z,82MmG1uH2BWLyoU7VCFYMohP9CT63q5paiKHAAAn3zWx,ANIME,Anime Bitcoin,solana,0.0003813,512,8192,16384,131072,65536,524288,524288,5,2,113,130,1743542810000,pumpswap,REPEAT
2026-04-10T06:26:57.448Z,GFVhghbzvoZUgdRgqL8HMrhK26tgP1ddBEVDpQFppump,Banana,Bananas,solana,0.00001155,8192,131072,131072,131072,,8192,8192,117,70,1985,1390,1775799626000,pumpfun,REPEAT
2026-04-10T06:26:57.448Z,3JQNRbZo9d3jteWg6FjxtUTNR1hLrLmriWGbaaZWpump,Garrison,The Alpha,solana,0.0001625,8192,524288,1048576,1048576,32768,131072,131072,190,138,5372,4196,1775797475000,pumpswap,REPEAT
2026-04-10T06:26:57.448Z,8BrKogqwr7Uad9Pwkxw91w31v2x5qf8yDL4x52Qhpump,NUERO,Nuero,solana,0.0001361,64,2048,8192,65536,32768,131072,131072,2,,39,19,1774894182000,pumpswap,REPEAT
2026-04-10T06:26:57.448Z,Ejdy5bNuwE1jfm3NufkghrLtpMM1KJKwUjfFhxTmpump,Genα,Generation Alpha ETF,solana,0.0001327,16384,524288,524288,524288,32768,131072,131072,195,154,6384,2372,1775797991000,pumpswap,REPEAT
2026-04-10T06:26:57.448Z,wZ7zpuVqqWaMDe95AawZefWtWcb5cqDXzKSL8WJpump,HappyHorse,Happy Horse,solana,0.0009306,65536,1048576,1048576,1048576,65536,1048576,1048576,215,212,3701,3519,1775796210000,pumpswap,REPEAT
2026-04-10T06:26:57.448Z,9AsvxJ4vBcU9gR14mAitrdzSFABY93z3Fdr6bSQ3pump,STACK,The Chimney Dog,solana,0.00001082,32,4096,65536,65536,,8192,8192,,1,47,30,1775786445000,pumpfun,REPEAT
2026-04-10T06:26:57.448Z,99Z4AnrTHDhiGwYPyB4kE3Nap8oo8SqBPircah7Apump,SBTI,SBTI来了,solana,0.000004911,256,4096,65536,65536,,4096,4096,6,,69,90,1775795593000,pumpfun,REPEAT
2026-04-10T06:26:57.448Z,9AEtb967xTMosjp9XFhvHLhscPNYgDWc15jFAZR8pump,RƎ́V,REVÉRSÉ SOCIETY,solana,0.0001793,,512,8192,32768,32768,131072,131072,,,15,10,1775691640000,pumpswap,REPEAT
2026-04-10T06:26:57.448Z,U5sdyqACGtTDyyvSL3yqwSHo1vzUJmNuifjKVSbpump,Stacy,True Stacy,solana,0.000006460,2048,8192,131072,131072,8192,8192,8192,43,32,304,137,1775796046000,pumpswap,REPEAT
2026-04-10T06:26:57.448Z,98t9PEJF5QvAdGhu3MuQ2ww57NkRV1Rg7evSZNFxpump,$BABYTAN,BabyTan,solana,0.00001013,,128,4096,16384,,8192,8192,,,2,4,1775571529000,pumpfun,REPEAT
2026-04-10T06:26:57.448Z,2ZKy5wqQ59fxeTiUEVLrL24XseTPhizSwpn2R5hfpump,LOLNAH,The Disbelief Coin,solana,0.000004428,128,1024,16384,16384,,4096,4096,1,1,30,11,1775792505000,pumpfun,REPEAT
2026-04-10T06:26:57.448Z,FaBG5QafPfxKJLDDz4jesLothFrjcjeS96SMnWLepump,Hotate,ほたてくん,solana,0.000003807,64,16384,65536,65536,,4096,4096,1,4,135,163,1775789595000,pumpfun,REPEAT
2026-04-10T06:26:57.448Z,9wcYq6LTC4vqgAWr5VQLwsR1Rc5CyzRbcTFtNLzFpump,Daisy,Daisy,solana,0.000007726,16,256,524288,524288,8192,8192,8192,,1,8,17,1775788309000,pumpswap,REPEAT
2026-04-10T06:26:57.448Z,5552z6Qp2xr596ox1UVN4ppDwwyjCfY8cXwzHMXgMcaS,MOLTING,Molting,solana,0.001360,256,32768,262144,262144,131072,1048576,1048576,5,3,215,132,1769857955000,orca,REPEAT
2026-04-10T06:26:57.448Z,BBYEvoXYaWQxvWb2x4ugwAPnVTiqqoFtxHLtagf3PEPE,BABYPEPE,BABYPEPE,solana,0.00002450,32,256,131072,131072,16384,32768,32768,1,1,8,5,1775781591000,pumpswap,REPEAT
2026-04-10T06:26:57.448Z,9YiTzXRbgoE1MtyxQ4sGF3vbdX944HNdcBmVpPQppump,umi,umi,solana,0.00002938,64,1024,8192,32768,16384,32768,32768,3,1,39,23,1774642896000,pumpswap,REPEAT
2026-04-10T06:26:57.448Z,AHFQ4tB5Fj1HTCB6sQ7MdtJf5fUHS7pdJ9sZAK3tpump,Mythos,Claude Mythos,solana,0.0002365,256,4096,131072,262144,32768,131072,131072,4,2,73,34,1774618831000,pumpswap,REPEAT
2026-04-10T06:26:57.448Z,Fc1mGwtNZthtxfaKDLvTMJXjM2Bvyy5XtHq9Jarupump,Enough,Enough To Live,solana,0.000008466,,512,8192,262144,8192,8192,8192,,,20,11,1775748691000,pumpswap,REPEAT
2026-04-10T06:26:57.448Z,7WgtNx2R5tVw98PdZuhgjbcDkEtaxyEFDxWtYQ5nbonk,Barron ,Official Barron Coin,solana,0.00006266,32,1024,65536,262144,32768,65536,65536,1,1,43,10,1775762127000,raydium,REPEAT
2026-04-10T06:26:57.448Z,6XjY7mBgYNEV8tk6NxybMF1RdkSuWopCSHW9ejJ5DHwn,IMAGINE,Grok Imagine,solana,0.00002272,,128,512,8192,16384,16384,16384,,,2,,1773975732000,pumpswap,REPEAT
2026-04-10T06:26:57.448Z,CmtYYjTBYxj5ExeyREFoM5gMNDo4GQ4sjrE7Vx9upump,HUNTER,HunterBidenSmokingCrackCoin,solana,0.00001184,256,8192,65536,65536,8192,8192,8192,10,4,190,180,1775796857000,pumpswap,REPEAT
2026-04-10T06:26:57.448Z,9SeCSdbPzz95KomGUGEV9Shn2zGXNmMJhE9J72Hipump,Iroha,イロハ,solana,0.0008790,2048,32768,262144,2097152,65536,1048576,1048576,11,11,212,191,1775525060000,pumpswap,REPEAT
2026-04-10T06:26:57.448Z,2f4sWXXaXKHuQArYh94pddb7hkGWATp9MFScy26tpump,FART,Fart,solana,0.000004464,,256,1048576,2097152,4096,4096,4096,,,,7,1775779711000,pumpswap,REPEAT
2026-04-10T06:26:57.448Z,ATgsKWXnmEyrv3BvBndyQP55Xg49RhhGgFktasv2pump,SOLTAR,Soltar,solana,0.00003825,,64,1024,2048,16384,32768,32768,,,1,2,1774183067000,pumpswap,REPEAT
2026-04-10T06:31:57.448Z,CmtYYjTBYxj5ExeyREFoM5gMNDo4GQ4sjrE7Vx9upump,HUNTER,HunterBidenSmokingCrackCoin,solana,0.00001225,256,8192,65536,65536,8192,8192,8192,6,5,181,164,1775796857000,pumpswap,REPEAT
2026-04-10T06:31:57.448Z,6DUdwjXtqJKrNFQBQzsaPW7pP2EZg2hbQ92NBi9Ppump,HAHA,HAHA,solana,0.0002693,32768,524288,524288,524288,32768,262144,262144,95,111,1881,1927,1775797888000,pumpswap,REPEAT
2026-04-10T06:31:57.448Z,2ecWqqjWZ5hkYLHzCn9TEn2DtpVdNvMicLf3RzfLpump,Chicky,Official Chicky Coin,solana,0.0001155,4096,16384,32768,131072,32768,131072,131072,34,9,286,144,1774972475000,pumpswap,REPEAT
2026-04-10T06:31:57.448Z,82MmG1uH2BWLyoU7VCFYMohP9CT63q5paiKHAAAn3zWx,ANIME,Anime Bitcoin,solana,0.0003857,256,8192,16384,131072,65536,524288,524288,14,6,122,132,1743542810000,pumpswap,REPEAT
2026-04-10T06:31:57.448Z,GFVhghbzvoZUgdRgqL8HMrhK26tgP1ddBEVDpQFppump,Banana,Bananas,solana,0.000009971,2048,131072,131072,131072,,8192,8192,39,31,2020,1421,1775799626000,pumpfun,REPEAT
2026-04-10T06:31:57.448Z,3JQNRbZo9d3jteWg6FjxtUTNR1hLrLmriWGbaaZWpump,Garrison,The Alpha,solana,0.0001461,16384,524288,1048576,1048576,32768,131072,131072,158,127,4680,3580,1775797475000,pumpswap,REPEAT
2026-04-10T06:31:57.448Z,8BrKogqwr7Uad9Pwkxw91w31v2x5qf8yDL4x52Qhpump,NUERO,Nuero,solana,0.0001369,64,2048,8192,65536,32768,131072,131072,1,,32,16,1774894182000,pumpswap,REPEAT
2026-04-10T06:31:57.448Z,Ejdy5bNuwE1jfm3NufkghrLtpMM1KJKwUjfFhxTmpump,Genα,Generation Alpha ETF,solana,0.0001431,32768,524288,524288,524288,32768,131072,131072,231,141,5412,2275,1775797991000,pumpswap,REPEAT
2026-04-10T06:31:57.448Z,wZ7zpuVqqWaMDe95AawZefWtWcb5cqDXzKSL8WJpump,HappyHorse,Happy Horse,solana,0.0006420,65536,1048576,2097152,2097152,65536,524288,524288,174,185,3476,3332,1775796210000,pumpswap,REPEAT
2026-04-10T06:31:57.448Z,9AsvxJ4vBcU9gR14mAitrdzSFABY93z3Fdr6bSQ3pump,STACK,The Chimney Dog,solana,0.00001082,1,2048,65536,65536,,8192,8192,1,,47,23,1775786445000,pumpfun,REPEAT
2026-04-10T06:31:57.448Z,99Z4AnrTHDhiGwYPyB4kE3Nap8oo8SqBPircah7Apump,SBTI,SBTI来了,solana,0.000003757,512,4096,65536,65536,,4096,4096,2,7,62,75,1775795593000,pumpfun,REPEAT
2026-04-10T06:31:57.448Z,9AEtb967xTMosjp9XFhvHLhscPNYgDWc15jFAZR8pump,RƎ́V,REVÉRSÉ SOCIETY,solana,0.0001769,0,512,8192,32768,32768,131072,131072,,1,10,8,1775691640000,pumpswap,REPEAT
2026-04-10T06:31:57.448Z,U5sdyqACGtTDyyvSL3yqwSHo1vzUJmNuifjKVSbpump,Stacy,True Stacy,solana,0.000005770,256,8192,131072,131072,8192,4096,4096,3,7,271,120,1775796046000,pumpswap,REPEAT
2026-04-10T06:31:57.448Z,98t9PEJF5QvAdGhu3MuQ2ww57NkRV1Rg7evSZNFxpump,$BABYTAN,BabyTan,solana,0.00001010,8,128,4096,16384,,8192,8192,,1,2,5,1775571529000,pumpfun,REPEAT
2026-04-10T06:31:57.448Z,2ZKy5wqQ59fxeTiUEVLrL24XseTPhizSwpn2R5hfpump,LOLNAH,The Disbelief Coin,solana,0.000004428,1,1024,16384,16384,,4096,4096,1,,31,11,1775792505000,pumpfun,REPEAT
2026-04-10T06:31:57.448Z,FaBG5QafPfxKJLDDz4jesLothFrjcjeS96SMnWLepump,Hotate,ほたてくん,solana,0.000003774,64,16384,65536,65536,,4096,4096,1,2,119,154,1775789595000,pumpfun,REPEAT
2026-04-10T06:31:57.448Z,9wcYq6LTC4vqgAWr5VQLwsR1Rc5CyzRbcTFtNLzFpump,Daisy,Daisy,solana,0.000007726,,256,524288,524288,8192,8192,8192,,,8,13,1775788309000,pumpswap,REPEAT
2026-04-10T06:31:57.448Z,5552z6Qp2xr596ox1UVN4ppDwwyjCfY8cXwzHMXgMcaS,MOLTING,Molting,solana,0.001357,512,32768,262144,262144,131072,1048576,1048576,5,7,207,125,1769857955000,orca,REPEAT
2026-04-10T06:31:57.448Z,BBYEvoXYaWQxvWb2x4ugwAPnVTiqqoFtxHLtagf3PEPE,BABYPEPE,BABYPEPE,solana,0.00002450,,128,131072,131072,16384,32768,32768,,,6,4,1775781591000,pumpswap,REPEAT
2026-04-10T06:31:57.448Z,9YiTzXRbgoE1MtyxQ4sGF3vbdX944HNdcBmVpPQppump,umi,umi,solana,0.00002940,64,1024,8192,32768,16384,32768,32768,2,1,35,23,1774642896000,pumpswap,REPEAT
2026-04-10T06:31:57.448Z,AHFQ4tB5Fj1HTCB6sQ7MdtJf5fUHS7pdJ9sZAK3tpump,Mythos,Claude Mythos,solana,0.0002370,16,4096,131072,262144,32768,131072,131072,1,,72,31,1774618831000,pumpswap,REPEAT
2026-04-10T06:31:57.448Z,Fc1mGwtNZthtxfaKDLvTMJXjM2Bvyy5XtHq9Jarupump,Enough,Enough To Live,solana,0.000008427,0,256,8192,262144,8192,8192,8192,,1,5,6,1775748691000,pumpswap,REPEAT
2026-04-10T06:31:57.448Z,7WgtNx2R5tVw98PdZuhgjbcDkEtaxyEFDxWtYQ5nbonk,Barron ,Official Barron Coin,solana,0.00006310,32,1024,65536,262144,32768,65536,65536,1,1,42,11,1775762127000,raydium,REPEAT
2026-04-10T06:31:57.448Z,6XjY7mBgYNEV8tk6NxybMF1RdkSuWopCSHW9ejJ5DHwn,IMAGINE,Grok Imagine,solana,0.00002272,,128,512,8192,16384,16384,16384,,,2,,1773975732000,pumpswap,REPEAT
2026-04-10T06:31:57.448Z,CmtYYjTBYxj5ExeyREFoM5gMNDo4GQ4sjrE7Vx9upump,HUNTER,HunterBidenSmokingCrackCoin,solana,0.00001225,128,8192,65536,65536,8192,8192,8192,2,2,181,163,1775796857000,pumpswap,REPEAT
2026-04-10T06:31:57.448Z,9SeCSdbPzz95KomGUGEV9Shn2zGXNmMJhE9J72Hipump,Iroha,イロハ,solana,0.0008636,2048,32768,262144,2097152,65536,1048576,1048576,12,16,202,192,1775525060000,pumpswap,REPEAT
2026-04-10T06:31:57.448Z,2f4sWXXaXKHuQArYh94pddb7hkGWATp9MFScy26tpump,FART,Fart,solana,0.000004464,,256,1048576,2097152,4096,4096,4096,,,,7,1775779711000,pumpswap,REPEAT
2026-04-10T06:31:57.448Z,ATgsKWXnmEyrv3BvBndyQP55Xg49RhhGgFktasv2pump,SOLTAR,Soltar,solana,0.00003825,,16,1024,2048,16384,32768,32768,,,1,1,1774183067000,pumpswap,REPEAT
2026-04-10T06:36:57.449Z,GxJjdCrPzYnEBjnyoq5gsqed6TqKoAQJ3NtmajPpump,SBTI,SBTI,solana,0.0005620,131072,1048576,1048576,1048576,65536,524288,524288,831,665,6894,3874,1775800461000,pumpswap,NEW
2026-04-10T06:36:57.449Z,CmtYYjTBYxj5ExeyREFoM5gMNDo4GQ4sjrE7Vx9upump,HUNTER,HunterBidenSmokingCrackCoin,solana,0.00001122,256,8192,65536,65536,8192,8192,8192,4,7,146,126,1775796857000,pumpswap,REPEAT
2026-04-10T06:36:57.449Z,6DUdwjXtqJKrNFQBQzsaPW7pP2EZg2hbQ92NBi9Ppump,HAHA,HAHA,solana,0.0001886,65536,524288,524288,524288,32768,262144,262144,135,144,1753,1872,1775797888000,pumpswap,REPEAT
2026-04-10T06:36:57.449Z,2ecWqqjWZ5hkYLHzCn9TEn2DtpVdNvMicLf3RzfLpump,Chicky,Official Chicky Coin,solana,0.0001167,256,16384,32768,131072,32768,131072,131072,2,3,273,136,1774972475000,pumpswap,REPEAT
2026-04-10T06:36:57.449Z,82MmG1uH2BWLyoU7VCFYMohP9CT63q5paiKHAAAn3zWx,ANIME,Anime Bitcoin,solana,0.0003773,256,8192,16384,131072,65536,524288,524288,10,11,130,144,1743542810000,pumpswap,REPEAT
2026-04-10T06:36:57.449Z,GFVhghbzvoZUgdRgqL8HMrhK26tgP1ddBEVDpQFppump,Banana,Bananas,solana,0.00001402,2048,131072,131072,131072,,16384,16384,23,19,2050,1440,1775799626000,pumpfun,REPEAT
2026-04-10T06:36:57.449Z,3JQNRbZo9d3jteWg6FjxtUTNR1hLrLmriWGbaaZWpump,Garrison,The Alpha,solana,0.0001330,32768,524288,1048576,1048576,32768,131072,131072,667,414,5010,3681,1775797475000,pumpswap,REPEAT
2026-04-10T06:36:57.449Z,8BrKogqwr7Uad9Pwkxw91w31v2x5qf8yDL4x52Qhpump,NUERO,Nuero,solana,0.0001344,256,2048,8192,65536,32768,131072,131072,2,4,25,18,1774894182000,pumpswap,REPEAT
2026-04-10T06:36:57.449Z,Ejdy5bNuwE1jfm3NufkghrLtpMM1KJKwUjfFhxTmpump,Genα,Generation Alpha ETF,solana,0.0001485,32768,524288,524288,524288,32768,131072,131072,769,145,4990,2231,1775797991000,pumpswap,REPEAT
2026-04-10T06:36:57.449Z,wZ7zpuVqqWaMDe95AawZefWtWcb5cqDXzKSL8WJpump,HappyHorse,Happy Horse,solana,0.0005754,32768,524288,2097152,2097152,65536,524288,524288,127,99,3242,3058,1775796210000,pumpswap,REPEAT
2026-04-10T06:36:57.449Z,9AsvxJ4vBcU9gR14mAitrdzSFABY93z3Fdr6bSQ3pump,STACK,The Chimney Dog,solana,0.00001083,4,2048,65536,65536,,8192,8192,1,,36,21,1775786445000,pumpfun,REPEAT
2026-04-10T06:36:57.449Z,99Z4AnrTHDhiGwYPyB4kE3Nap8oo8SqBPircah7Apump,SBTI,SBTI来了,solana,0.000003766,8,4096,65536,65536,,4096,4096,2,,50,60,1775795593000,pumpfun,REPEAT
2026-04-10T06:36:57.449Z,9AEtb967xTMosjp9XFhvHLhscPNYgDWc15jFAZR8pump,RƎ́V,REVÉRSÉ SOCIETY,solana,0.0001795,8,256,8192,32768,32768,131072,131072,1,,7,6,1775691640000,pumpswap,REPEAT
2026-04-10T06:36:57.449Z,U5sdyqACGtTDyyvSL3yqwSHo1vzUJmNuifjKVSbpump,Stacy,True Stacy,solana,0.000005347,64,8192,131072,131072,4096,4096,4096,1,3,239,117,1775796046000,pumpswap,REPEAT
2026-04-10T06:36:57.449Z,98t9PEJF5QvAdGhu3MuQ2ww57NkRV1Rg7evSZNFxpump,$BABYTAN,BabyTan,solana,0.00001097,256,512,4096,16384,,8192,8192,1,,3,5,1775571529000,pumpfun,REPEAT
2026-04-10T06:36:57.449Z,2ZKy5wqQ59fxeTiUEVLrL24XseTPhizSwpn2R5hfpump,LOLNAH,The Disbelief Coin,solana,0.000004417,2,1024,16384,16384,,4096,4096,,2,31,13,1775792505000,pumpfun,REPEAT
2026-04-10T06:36:57.449Z,FaBG5QafPfxKJLDDz4jesLothFrjcjeS96SMnWLepump,Hotate,ほたてくん,solana,0.000003400,128,16384,65536,65536,,4096,4096,,4,102,150,1775789595000,pumpfun,REPEAT
2026-04-10T06:36:57.449Z,9wcYq6LTC4vqgAWr5VQLwsR1Rc5CyzRbcTFtNLzFpump,Daisy,Daisy,solana,0.000007804,8,128,524288,524288,8192,8192,8192,1,,3,10,1775788309000,pumpswap,REPEAT
2026-04-10T06:36:57.449Z,5552z6Qp2xr596ox1UVN4ppDwwyjCfY8cXwzHMXgMcaS,MOLTING,Molting,solana,0.001330,512,32768,262144,262144,131072,1048576,1048576,5,9,194,126,1769857955000,orca,REPEAT
2026-04-10T06:36:57.449Z,BBYEvoXYaWQxvWb2x4ugwAPnVTiqqoFtxHLtagf3PEPE,BABYPEPE,BABYPEPE,solana,0.00002450,,128,131072,131072,16384,32768,32768,,,6,4,1775781591000,pumpswap,REPEAT
2026-04-10T06:36:57.449Z,9YiTzXRbgoE1MtyxQ4sGF3vbdX944HNdcBmVpPQppump,umi,umi,solana,0.00002965,64,1024,8192,32768,16384,32768,32768,5,1,38,23,1774642896000,pumpswap,REPEAT
2026-04-10T06:36:57.449Z,AHFQ4tB5Fj1HTCB6sQ7MdtJf5fUHS7pdJ9sZAK3tpump,Mythos,Claude Mythos,solana,0.0002329,128,4096,65536,262144,32768,131072,131072,,1,65,27,1774618831000,pumpswap,REPEAT
2026-04-10T06:36:57.449Z,Fc1mGwtNZthtxfaKDLvTMJXjM2Bvyy5XtHq9Jarupump,Enough,Enough To Live,solana,0.000008337,32,256,8192,262144,8192,8192,8192,,1,4,6,1775748691000,pumpswap,REPEAT
2026-04-10T06:36:57.449Z,7WgtNx2R5tVw98PdZuhgjbcDkEtaxyEFDxWtYQ5nbonk,Barron ,Official Barron Coin,solana,0.00006328,,1024,65536,262144,32768,65536,65536,,1,40,13,1775762127000,raydium,REPEAT
2026-04-10T06:36:57.449Z,6XjY7mBgYNEV8tk6NxybMF1RdkSuWopCSHW9ejJ5DHwn,IMAGINE,Grok Imagine,solana,0.00002272,,128,512,8192,16384,16384,16384,,,2,,1773975732000,pumpswap,REPEAT
2026-04-10T06:36:57.449Z,CmtYYjTBYxj5ExeyREFoM5gMNDo4GQ4sjrE7Vx9upump,HUNTER,HunterBidenSmokingCrackCoin,solana,0.00001107,256,8192,65536,65536,8192,8192,8192,3,8,142,125,1775796857000,pumpswap,REPEAT
2026-04-10T06:36:57.449Z,9SeCSdbPzz95KomGUGEV9Shn2zGXNmMJhE9J72Hipump,Iroha,イロハ,solana,0.0008432,4096,32768,262144,2097152,65536,1048576,1048576,28,13,203,196,1775525060000,pumpswap,REPEAT
2026-04-10T06:36:57.449Z,2f4sWXXaXKHuQArYh94pddb7hkGWATp9MFScy26tpump,FART,Fart,solana,0.000004464,,256,1048576,2097152,4096,4096,4096,,,,7,1775779711000,pumpswap,REPEAT
2026-04-10T06:41:57.449Z,GxJjdCrPzYnEBjnyoq5gsqed6TqKoAQJ3NtmajPpump,SBTI,SBTI,solana,0.001291,262144,1048576,1048576,1048576,65536,1048576,1048576,1169,666,8175,4615,1775800461000,pumpswap,REPEAT
2026-04-10T06:41:57.449Z,CmtYYjTBYxj5ExeyREFoM5gMNDo4GQ4sjrE7Vx9upump,HUNTER,HunterBidenSmokingCrackCoin,solana,0.00001108,4,8192,65536,65536,8192,8192,8192,1,3,123,112,1775796857000,pumpswap,REPEAT
2026-04-10T06:41:57.449Z,6DUdwjXtqJKrNFQBQzsaPW7pP2EZg2hbQ92NBi9Ppump,HAHA,HAHA,solana,0.0002015,65536,524288,1048576,1048576,32768,262144,262144,226,254,1803,1984,1775797888000,pumpswap,REPEAT
2026-04-10T06:41:57.449Z,2ecWqqjWZ5hkYLHzCn9TEn2DtpVdNvMicLf3RzfLpump,Chicky,Official Chicky Coin,solana,0.0001138,512,16384,32768,131072,32768,131072,131072,13,12,220,135,1774972475000,pumpswap,REPEAT
2026-04-10T06:41:57.449Z,82MmG1uH2BWLyoU7VCFYMohP9CT63q5paiKHAAAn3zWx,ANIME,Anime Bitcoin,solana,0.0003772,128,8192,16384,131072,65536,524288,524288,8,8,126,131,1743542810000,pumpswap,REPEAT
2026-04-10T06:41:57.449Z,GFVhghbzvoZUgdRgqL8HMrhK26tgP1ddBEVDpQFppump,Banana,Bananas,solana,0.00001507,2048,131072,131072,131072,,16384,16384,28,10,1821,1312,1775799626000,pumpfun,REPEAT
2026-04-10T06:41:57.449Z,3JQNRbZo9d3jteWg6FjxtUTNR1hLrLmriWGbaaZWpump,Garrison,The Alpha,solana,0.0001369,65536,524288,1048576,1048576,32768,131072,131072,607,457,5137,3788,1775797475000,pumpswap,REPEAT
2026-04-10T06:41:57.449Z,8BrKogqwr7Uad9Pwkxw91w31v2x5qf8yDL4x52Qhpump,NUERO,Nuero,solana,0.0001317,64,2048,8192,65536,32768,131072,131072,,3,23,20,1774894182000,pumpswap,REPEAT
2026-04-10T06:41:57.449Z,Ejdy5bNuwE1jfm3NufkghrLtpMM1KJKwUjfFhxTmpump,Genα,Generation Alpha ETF,solana,0.0001501,32768,524288,524288,524288,32768,131072,131072,870,149,5464,2169,1775797991000,pumpswap,REPEAT
2026-04-10T06:41:57.449Z,wZ7zpuVqqWaMDe95AawZefWtWcb5cqDXzKSL8WJpump,HappyHorse,Happy Horse,solana,0.0004540,16384,524288,2097152,2097152,65536,524288,524288,102,48,2972,2723,1775796210000,pumpswap,REPEAT
2026-04-10T06:41:57.449Z,9AsvxJ4vBcU9gR14mAitrdzSFABY93z3Fdr6bSQ3pump,STACK,The Chimney Dog,solana,0.00001079,8,2048,65536,65536,,8192,8192,,2,32,21,1775786445000,pumpfun,REPEAT
2026-04-10T06:41:57.449Z,99Z4AnrTHDhiGwYPyB4kE3Nap8oo8SqBPircah7Apump,SBTI,SBTI来了,solana,0.000004055,128,4096,65536,65536,,4096,4096,4,,49,54,1775795593000,pumpfun,REPEAT
2026-04-10T06:41:57.449Z,9AEtb967xTMosjp9XFhvHLhscPNYgDWc15jFAZR8pump,RƎ́V,REVÉRSÉ SOCIETY,solana,0.0001788,128,256,8192,32768,32768,131072,131072,1,1,7,7,1775691640000,pumpswap,REPEAT
2026-04-10T06:41:57.449Z,U5sdyqACGtTDyyvSL3yqwSHo1vzUJmNuifjKVSbpump,Stacy,True Stacy,solana,0.000005067,64,8192,131072,131072,4096,4096,4096,2,5,205,119,1775796046000,pumpswap,REPEAT
2026-04-10T06:41:57.449Z,98t9PEJF5QvAdGhu3MuQ2ww57NkRV1Rg7evSZNFxpump,$BABYTAN,BabyTan,solana,0.00001130,64,512,4096,16384,,8192,8192,2,,5,5,1775571529000,pumpfun,REPEAT
2026-04-10T06:41:57.449Z,2ZKy5wqQ59fxeTiUEVLrL24XseTPhizSwpn2R5hfpump,LOLNAH,The Disbelief Coin,solana,0.000004406,4,512,16384,16384,,4096,4096,,2,31,13,1775792505000,pumpfun,REPEAT
2026-04-10T06:41:57.449Z,FaBG5QafPfxKJLDDz4jesLothFrjcjeS96SMnWLepump,Hotate,ほたてくん,solana,0.000003373,16,8192,65536,65536,,4096,4096,,1,90,139,1775789595000,pumpfun,REPEAT
2026-04-10T06:41:57.449Z,9wcYq6LTC4vqgAWr5VQLwsR1Rc5CyzRbcTFtNLzFpump,Daisy,Daisy,solana,0.000007722,,128,524288,524288,8192,8192,8192,,,3,11,1775788309000,pumpswap,REPEAT
2026-04-10T06:41:57.449Z,5552z6Qp2xr596ox1UVN4ppDwwyjCfY8cXwzHMXgMcaS,MOLTING,Molting,solana,0.001287,2048,32768,262144,262144,131072,1048576,1048576,8,5,190,121,1769857955000,orca,REPEAT
2026-04-10T06:41:57.449Z,BBYEvoXYaWQxvWb2x4ugwAPnVTiqqoFtxHLtagf3PEPE,BABYPEPE,BABYPEPE,solana,0.00002450,,128,131072,131072,16384,32768,32768,,,6,4,1775781591000,pumpswap,REPEAT
2026-04-10T06:41:57.449Z,9YiTzXRbgoE1MtyxQ4sGF3vbdX944HNdcBmVpPQppump,umi,umi,solana,0.00002965,,1024,8192,32768,16384,32768,32768,,,35,21,1774642896000,pumpswap,REPEAT
2026-04-10T06:41:57.449Z,AHFQ4tB5Fj1HTCB6sQ7MdtJf5fUHS7pdJ9sZAK3tpump,Mythos,Claude Mythos,solana,0.0002373,256,2048,65536,262144,32768,131072,131072,3,1,32,23,1774618831000,pumpswap,REPEAT
2026-04-10T06:41:57.449Z,Fc1mGwtNZthtxfaKDLvTMJXjM2Bvyy5XtHq9Jarupump,Enough,Enough To Live,solana,0.000008193,,256,8192,262144,8192,8192,8192,,,4,6,1775748691000,pumpswap,REPEAT
2026-04-10T06:41:57.449Z,7WgtNx2R5tVw98PdZuhgjbcDkEtaxyEFDxWtYQ5nbonk,Barron ,Official Barron Coin,solana,0.00006336,,512,65536,262144,32768,65536,65536,,,39,11,1775762127000,raydium,REPEAT
2026-04-10T06:41:57.449Z,6XjY7mBgYNEV8tk6NxybMF1RdkSuWopCSHW9ejJ5DHwn,IMAGINE,Grok Imagine,solana,0.00002272,,128,512,8192,16384,16384,16384,,,2,,1773975732000,pumpswap,REPEAT
2026-04-10T06:41:57.449Z,CmtYYjTBYxj5ExeyREFoM5gMNDo4GQ4sjrE7Vx9upump,HUNTER,HunterBidenSmokingCrackCoin,solana,0.00001108,4,8192,65536,65536,8192,8192,8192,1,3,122,112,1775796857000,pumpswap,REPEAT
2026-04-10T06:41:57.449Z,9SeCSdbPzz95KomGUGEV9Shn2zGXNmMJhE9J72Hipump,Iroha,イロハ,solana,0.0008980,4096,32768,262144,2097152,65536,1048576,1048576,43,59,235,236,1775525060000,pumpswap,REPEAT
2026-04-10T06:41:57.449Z,2f4sWXXaXKHuQArYh94pddb7hkGWATp9MFScy26tpump,FART,Fart,solana,0.000004464,,64,1048576,2097152,4096,4096,4096,,,,6,1775779711000,pumpswap,REPEAT
2026-04-10T06:46:57.450Z,2pDdYPaT2Ww2aVPoa1mw2P8gokctwk8b4ifkNfBApump,pisscoin,pisscoin,solana,0.00002108,256,256,512,4096,16384,16384,16384,7,1,7,1,1774571155000,pumpswap,NEW
2026-04-10T06:46:57.450Z,GxJjdCrPzYnEBjnyoq5gsqed6TqKoAQJ3NtmajPpump,SBTI,SBTI,solana,0.001242,131072,1048576,1048576,1048576,65536,1048576,1048576,731,417,9043,5119,1775800461000,pumpswap,REPEAT
2026-04-10T06:46:57.450Z,CmtYYjTBYxj5ExeyREFoM5gMNDo4GQ4sjrE7Vx9upump,HUNTER,HunterBidenSmokingCrackCoin,solana,0.00001108,,8192,65536,65536,8192,8192,8192,,,120,105,1775796857000,pumpswap,REPEAT
2026-04-10T06:46:57.450Z,6DUdwjXtqJKrNFQBQzsaPW7pP2EZg2hbQ92NBi9Ppump,HAHA,HAHA,solana,0.0002118,65536,524288,1048576,1048576,32768,262144,262144,171,202,1833,2016,1775797888000,pumpswap,REPEAT
2026-04-10T06:46:57.450Z,2ecWqqjWZ5hkYLHzCn9TEn2DtpVdNvMicLf3RzfLpump,Chicky,Official Chicky Coin,solana,0.0001238,1024,16384,32768,131072,32768,131072,131072,9,9,218,134,1774972475000,pumpswap,REPEAT
2026-04-10T06:46:57.450Z,82MmG1uH2BWLyoU7VCFYMohP9CT63q5paiKHAAAn3zWx,ANIME,Anime Bitcoin,solana,0.0003797,256,8192,16384,131072,65536,524288,524288,4,6,127,136,1743542810000,pumpswap,REPEAT
2026-04-10T06:46:57.450Z,GFVhghbzvoZUgdRgqL8HMrhK26tgP1ddBEVDpQFppump,Banana,Bananas,solana,0.00001624,1024,65536,131072,131072,,16384,16384,17,14,1380,982,1775799626000,pumpfun,REPEAT
2026-04-10T06:46:57.450Z,3JQNRbZo9d3jteWg6FjxtUTNR1hLrLmriWGbaaZWpump,Garrison,The Alpha,solana,0.0001510,32768,524288,1048576,1048576,32768,131072,131072,441,339,5072,3761,1775797475000,pumpswap,REPEAT
2026-04-10T06:46:57.450Z,8BrKogqwr7Uad9Pwkxw91w31v2x5qf8yDL4x52Qhpump,NUERO,Nuero,solana,0.0001313,32,2048,8192,65536,32768,131072,131072,1,1,23,22,1774894182000,pumpswap,REPEAT
2026-04-10T06:46:57.450Z,Ejdy5bNuwE1jfm3NufkghrLtpMM1KJKwUjfFhxTmpump,Genα,Generation Alpha ETF,solana,0.0001998,32768,262144,524288,524288,32768,262144,262144,384,112,5549,2093,1775797991000,pumpswap,REPEAT
2026-04-10T06:46:57.450Z,wZ7zpuVqqWaMDe95AawZefWtWcb5cqDXzKSL8WJpump,HappyHorse,Happy Horse,solana,0.0006660,32768,524288,2097152,2097152,65536,524288,524288,180,134,2769,2504,1775796210000,pumpswap,REPEAT
2026-04-10T06:46:57.450Z,9AsvxJ4vBcU9gR14mAitrdzSFABY93z3Fdr6bSQ3pump,STACK,The Chimney Dog,solana,0.00001006,256,2048,65536,65536,,8192,8192,,2,29,20,1775786445000,pumpfun,REPEAT
2026-04-10T06:46:57.450Z,99Z4AnrTHDhiGwYPyB4kE3Nap8oo8SqBPircah7Apump,SBTI,SBTI来了,solana,0.000003829,128,4096,131072,131072,,4096,4096,,2,46,46,1775795593000,pumpfun,REPEAT
2026-04-10T06:46:57.450Z,9AEtb967xTMosjp9XFhvHLhscPNYgDWc15jFAZR8pump,RƎ́V,REVÉRSÉ SOCIETY,solana,0.0001815,64,256,8192,32768,32768,131072,131072,1,,6,6,1775691640000,pumpswap,REPEAT
2026-04-10T06:46:57.450Z,U5sdyqACGtTDyyvSL3yqwSHo1vzUJmNuifjKVSbpump,Stacy,True Stacy,solana,0.000005091,64,8192,131072,131072,4096,4096,4096,7,6,180,118,1775796046000,pumpswap,REPEAT
2026-04-10T06:46:57.450Z,98t9PEJF5QvAdGhu3MuQ2ww57NkRV1Rg7evSZNFxpump,$BABYTAN,BabyTan,solana,0.00001136,16,512,4096,16384,,8192,8192,1,,6,4,1775571529000,pumpfun,REPEAT
2026-04-10T06:46:57.450Z,2ZKy5wqQ59fxeTiUEVLrL24XseTPhizSwpn2R5hfpump,LOLNAH,The Disbelief Coin,solana,0.000004401,2,512,16384,16384,,4096,4096,,1,29,13,1775792505000,pumpfun,REPEAT
2026-04-10T06:46:57.450Z,FaBG5QafPfxKJLDDz4jesLothFrjcjeS96SMnWLepump,Hotate,ほたてくん,solana,0.000003299,32,8192,65536,65536,,4096,4096,,3,81,137,1775789595000,pumpfun,REPEAT
2026-04-10T06:46:57.450Z,9wcYq6LTC4vqgAWr5VQLwsR1Rc5CyzRbcTFtNLzFpump,Daisy,Daisy,solana,0.000007722,0,128,524288,524288,8192,8192,8192,,1,3,11,1775788309000,pumpswap,REPEAT
2026-04-10T06:46:57.450Z,5552z6Qp2xr596ox1UVN4ppDwwyjCfY8cXwzHMXgMcaS,MOLTING,Molting,solana,0.001301,512,32768,131072,262144,131072,1048576,1048576,8,2,178,110,1769857955000,orca,REPEAT
2026-04-10T06:46:57.450Z,BBYEvoXYaWQxvWb2x4ugwAPnVTiqqoFtxHLtagf3PEPE,BABYPEPE,BABYPEPE,solana,0.00002406,16,256,131072,131072,16384,32768,32768,1,1,8,5,1775781591000,pumpswap,REPEAT
2026-04-10T06:46:57.450Z,9YiTzXRbgoE1MtyxQ4sGF3vbdX944HNdcBmVpPQppump,umi,umi,solana,0.00002939,64,1024,8192,32768,16384,32768,32768,3,1,35,20,1774642896000,pumpswap,REPEAT
2026-04-10T06:46:57.450Z,AHFQ4tB5Fj1HTCB6sQ7MdtJf5fUHS7pdJ9sZAK3tpump,Mythos,Claude Mythos,solana,0.0002345,32,2048,65536,262144,32768,131072,131072,,1,28,21,1774618831000,pumpswap,REPEAT
2026-04-10T06:46:57.450Z,Fc1mGwtNZthtxfaKDLvTMJXjM2Bvyy5XtHq9Jarupump,Enough,Enough To Live,solana,0.000008193,,256,8192,262144,8192,8192,8192,,,4,6,1775748691000,pumpswap,REPEAT
2026-04-10T06:46:57.450Z,7WgtNx2R5tVw98PdZuhgjbcDkEtaxyEFDxWtYQ5nbonk,Barron ,Official Barron Coin,solana,0.00006281,1024,2048,65536,262144,32768,65536,65536,21,7,55,17,1775762127000,raydium,REPEAT
2026-04-10T06:46:57.450Z,6XjY7mBgYNEV8tk6NxybMF1RdkSuWopCSHW9ejJ5DHwn,IMAGINE,Grok Imagine,solana,0.00002272,,64,512,8192,16384,16384,16384,,,1,,1773975732000,pumpswap,REPEAT
2026-04-10T06:46:57.450Z,CmtYYjTBYxj5ExeyREFoM5gMNDo4GQ4sjrE7Vx9upump,HUNTER,HunterBidenSmokingCrackCoin,solana,0.00001108,,8192,65536,65536,8192,8192,8192,,,111,102,1775796857000,pumpswap,REPEAT
2026-04-10T06:46:57.450Z,9SeCSdbPzz95KomGUGEV9Shn2zGXNmMJhE9J72Hipump,Iroha,イロハ,solana,0.0008898,2048,32768,262144,2097152,65536,1048576,1048576,4,11,239,231,1775525060000,pumpswap,REPEAT
2026-04-10T06:51:57.450Z,2pDdYPaT2Ww2aVPoa1mw2P8gokctwk8b4ifkNfBApump,pisscoin,pisscoin,solana,0.00002175,256,512,1024,4096,16384,16384,16384,4,1,12,5,1774571155000,pumpswap,REPEAT
2026-04-10T06:51:57.450Z,GxJjdCrPzYnEBjnyoq5gsqed6TqKoAQJ3NtmajPpump,SBTI,SBTI,solana,0.0008845,131072,2097152,2097152,2097152,65536,1048576,1048576,908,633,10044,5815,1775800461000,pumpswap,REPEAT
2026-04-10T06:51:57.450Z,CmtYYjTBYxj5ExeyREFoM5gMNDo4GQ4sjrE7Vx9upump,HUNTER,HunterBidenSmokingCrackCoin,solana,0.00001352,512,8192,65536,65536,8192,16384,16384,12,4,116,95,1775796857000,pumpswap,REPEAT
2026-04-10T06:51:57.450Z,6DUdwjXtqJKrNFQBQzsaPW7pP2EZg2hbQ92NBi9Ppump,HAHA,HAHA,solana,0.0002492,16384,524288,1048576,1048576,32768,262144,262144,82,107,1742,1933,1775797888000,pumpswap,REPEAT
2026-04-10T06:51:57.450Z,2ecWqqjWZ5hkYLHzCn9TEn2DtpVdNvMicLf3RzfLpump,Chicky,Official Chicky Coin,solana,0.0001240,128,16384,32768,131072,32768,131072,131072,3,4,213,132,1774972475000,pumpswap,REPEAT
2026-04-10T06:51:57.450Z,82MmG1uH2BWLyoU7VCFYMohP9CT63q5paiKHAAAn3zWx,ANIME,Anime Bitcoin,solana,0.0003881,512,8192,16384,131072,65536,524288,524288,15,13,137,138,1743542810000,pumpswap,REPEAT
2026-04-10T06:51:57.450Z,GFVhghbzvoZUgdRgqL8HMrhK26tgP1ddBEVDpQFppump,Banana,Bananas,solana,0.00001374,1024,65536,131072,131072,,16384,16384,15,16,1056,756,1775799626000,pumpfun,REPEAT
2026-04-10T06:51:57.450Z,3JQNRbZo9d3jteWg6FjxtUTNR1hLrLmriWGbaaZWpump,Garrison,The Alpha,solana,0.0001145,32768,524288,1048576,1048576,32768,131072,131072,512,661,5088,4037,1775797475000,pumpswap,REPEAT
2026-04-10T06:51:57.450Z,8BrKogqwr7Uad9Pwkxw91w31v2x5qf8yDL4x52Qhpump,NUERO,Nuero,solana,0.0001333,16,1024,8192,65536,32768,131072,131072,2,,23,22,1774894182000,pumpswap,REPEAT
2026-04-10T06:51:57.450Z,Ejdy5bNuwE1jfm3NufkghrLtpMM1KJKwUjfFhxTmpump,Genα,Generation Alpha ETF,solana,0.0001945,32768,262144,524288,524288,32768,262144,262144,307,135,5474,2019,1775797991000,pumpswap,REPEAT
2026-04-10T06:51:57.450Z,wZ7zpuVqqWaMDe95AawZefWtWcb5cqDXzKSL8WJpump,HappyHorse,Happy Horse,solana,0.0004096,32768,524288,2097152,2097152,65536,524288,524288,114,79,2450,2120,1775796210000,pumpswap,REPEAT
2026-04-10T06:51:57.450Z,9AsvxJ4vBcU9gR14mAitrdzSFABY93z3Fdr6bSQ3pump,STACK,The Chimney Dog,solana,0.00001004,8,2048,65536,65536,,8192,8192,1,1,26,20,1775786445000,pumpfun,REPEAT
2026-04-10T06:51:57.450Z,99Z4AnrTHDhiGwYPyB4kE3Nap8oo8SqBPircah7Apump,SBTI,SBTI来了,solana,0.000003680,64,2048,131072,131072,,4096,4096,,3,36,33,1775795593000,pumpfun,REPEAT
2026-04-10T06:51:57.450Z,9AEtb967xTMosjp9XFhvHLhscPNYgDWc15jFAZR8pump,RƎ́V,REVÉRSÉ SOCIETY,solana,0.0001815,,256,8192,32768,32768,131072,131072,,,6,5,1775691640000,pumpswap,REPEAT
2026-04-10T06:51:57.450Z,U5sdyqACGtTDyyvSL3yqwSHo1vzUJmNuifjKVSbpump,Stacy,True Stacy,solana,0.000004456,64,8192,131072,131072,4096,4096,4096,4,3,165,108,1775796046000,pumpswap,REPEAT
2026-04-10T06:51:57.450Z,98t9PEJF5QvAdGhu3MuQ2ww57NkRV1Rg7evSZNFxpump,$BABYTAN,BabyTan,solana,0.00001110,64,512,4096,16384,,8192,8192,1,1,6,5,1775571529000,pumpfun,REPEAT
2026-04-10T06:51:57.450Z,2ZKy5wqQ59fxeTiUEVLrL24XseTPhizSwpn2R5hfpump,LOLNAH,The Disbelief Coin,solana,0.000004209,64,512,16384,16384,,4096,4096,,2,19,14,1775792505000,pumpfun,REPEAT
2026-04-10T06:51:57.450Z,FaBG5QafPfxKJLDDz4jesLothFrjcjeS96SMnWLepump,Hotate,ほたてくん,solana,0.000003235,32,8192,65536,65536,,4096,4096,,3,56,119,1775789595000,pumpfun,REPEAT
2026-04-10T06:51:57.450Z,9wcYq6LTC4vqgAWr5VQLwsR1Rc5CyzRbcTFtNLzFpump,Daisy,Daisy,solana,0.000007701,4,128,524288,524288,8192,8192,8192,,2,2,13,1775788309000,pumpswap,REPEAT
2026-04-10T06:51:57.450Z,5552z6Qp2xr596ox1UVN4ppDwwyjCfY8cXwzHMXgMcaS,MOLTING,Molting,solana,0.001318,512,16384,131072,262144,131072,1048576,1048576,5,,167,99,1769857955000,orca,REPEAT
2026-04-10T06:51:57.450Z,BBYEvoXYaWQxvWb2x4ugwAPnVTiqqoFtxHLtagf3PEPE,BABYPEPE,BABYPEPE,solana,0.00002406,,128,131072,131072,16384,32768,32768,,,7,4,1775781591000,pumpswap,REPEAT
2026-04-10T06:51:57.450Z,9YiTzXRbgoE1MtyxQ4sGF3vbdX944HNdcBmVpPQppump,umi,umi,solana,0.00002945,128,1024,8192,32768,16384,32768,32768,4,2,33,20,1774642896000,pumpswap,REPEAT
2026-04-10T06:51:57.450Z,AHFQ4tB5Fj1HTCB6sQ7MdtJf5fUHS7pdJ9sZAK3tpump,Mythos,Claude Mythos,solana,0.0002450,512,2048,65536,262144,32768,262144,262144,4,3,23,21,1774618831000,pumpswap,REPEAT
2026-04-10T06:51:57.450Z,Fc1mGwtNZthtxfaKDLvTMJXjM2Bvyy5XtHq9Jarupump,Enough,Enough To Live,solana,0.000007980,64,256,8192,262144,8192,8192,8192,,2,4,8,1775748691000,pumpswap,REPEAT
2026-04-10T06:51:57.450Z,7WgtNx2R5tVw98PdZuhgjbcDkEtaxyEFDxWtYQ5nbonk,Barron ,Official Barron Coin,solana,0.00006227,4096,4096,65536,262144,32768,65536,65536,56,25,110,41,1775762127000,raydium,REPEAT
2026-04-10T06:51:57.450Z,6XjY7mBgYNEV8tk6NxybMF1RdkSuWopCSHW9ejJ5DHwn,IMAGINE,Grok Imagine,solana,0.00002272,,64,512,4096,16384,16384,16384,,,1,,1773975732000,pumpswap,REPEAT
2026-04-10T06:51:57.450Z,CmtYYjTBYxj5ExeyREFoM5gMNDo4GQ4sjrE7Vx9upump,HUNTER,HunterBidenSmokingCrackCoin,solana,0.00001352,512,8192,65536,65536,8192,16384,16384,12,3,116,95,1775796857000,pumpswap,REPEAT
2026-04-10T06:51:57.450Z,9SeCSdbPzz95KomGUGEV9Shn2zGXNmMJhE9J72Hipump,Iroha,イロハ,solana,0.0008730,2048,32768,262144,2097152,65536,1048576,1048576,9,21,224,243,1775525060000,pumpswap,REPEAT
2026-04-10T06:56:57.450Z,2pDdYPaT2Ww2aVPoa1mw2P8gokctwk8b4ifkNfBApump,pisscoin,pisscoin,solana,0.00002411,512,1024,2048,4096,16384,32768,32768,2,1,14,6,1774571155000,pumpswap,REPEAT
2026-04-10T06:56:57.450Z,GxJjdCrPzYnEBjnyoq5gsqed6TqKoAQJ3NtmajPpump,SBTI,SBTI,solana,0.001335,131072,2097152,2097152,2097152,131072,1048576,1048576,1038,736,10706,6431,1775800461000,pumpswap,REPEAT
2026-04-10T06:56:57.450Z,CmtYYjTBYxj5ExeyREFoM5gMNDo4GQ4sjrE7Vx9upump,HUNTER,HunterBidenSmokingCrackCoin,solana,0.00001267,256,4096,65536,65536,8192,16384,16384,2,4,94,84,1775796857000,pumpswap,REPEAT
2026-04-10T06:56:57.450Z,6DUdwjXtqJKrNFQBQzsaPW7pP2EZg2hbQ92NBi9Ppump,HAHA,HAHA,solana,0.0003143,32768,524288,1048576,1048576,32768,262144,262144,126,108,1702,1868,1775797888000,pumpswap,REPEAT
2026-04-10T06:56:57.450Z,2ecWqqjWZ5hkYLHzCn9TEn2DtpVdNvMicLf3RzfLpump,Chicky,Official Chicky Coin,solana,0.0001258,256,16384,32768,131072,32768,131072,131072,4,3,199,129,1774972475000,pumpswap,REPEAT
2026-04-10T06:56:57.450Z,82MmG1uH2BWLyoU7VCFYMohP9CT63q5paiKHAAAn3zWx,ANIME,Anime Bitcoin,solana,0.0003800,512,8192,16384,131072,65536,524288,524288,10,14,140,137,1743542810000,pumpswap,REPEAT
2026-04-10T06:56:57.450Z,GFVhghbzvoZUgdRgqL8HMrhK26tgP1ddBEVDpQFppump,Banana,Bananas,solana,0.00001514,512,65536,131072,131072,,16384,16384,17,10,880,595,1775799626000,pumpfun,REPEAT
2026-04-10T06:56:57.450Z,3JQNRbZo9d3jteWg6FjxtUTNR1hLrLmriWGbaaZWpump,Garrison,The Alpha,solana,0.0001110,32768,524288,1048576,1048576,32768,131072,131072,331,228,5084,4042,1775797475000,pumpswap,REPEAT
2026-04-10T06:56:57.450Z,8BrKogqwr7Uad9Pwkxw91w31v2x5qf8yDL4x52Qhpump,NUERO,Nuero,solana,0.0001336,4,1024,8192,65536,32768,131072,131072,1,,22,21,1774894182000,pumpswap,REPEAT
2026-04-10T06:56:57.450Z,Ejdy5bNuwE1jfm3NufkghrLtpMM1KJKwUjfFhxTmpump,Genα,Generation Alpha ETF,solana,0.0001859,32768,262144,524288,524288,32768,262144,262144,327,120,4802,1954,1775797991000,pumpswap,REPEAT
2026-04-10T06:56:57.450Z,wZ7zpuVqqWaMDe95AawZefWtWcb5cqDXzKSL8WJpump,HappyHorse,Happy Horse,solana,0.0004881,8192,524288,2097152,2097152,65536,524288,524288,61,62,2227,1927,1775796210000,pumpswap,REPEAT
2026-04-10T06:56:57.450Z,9AsvxJ4vBcU9gR14mAitrdzSFABY93z3Fdr6bSQ3pump,STACK,The Chimney Dog,solana,0.000009805,64,2048,65536,65536,,8192,8192,,2,17,21,1775786445000,pumpfun,REPEAT
2026-04-10T06:56:57.450Z,99Z4AnrTHDhiGwYPyB4kE3Nap8oo8SqBPircah7Apump,SBTI,SBTI来了,solana,0.000003675,1,2048,131072,131072,,4096,4096,,1,33,30,1775795593000,pumpfun,REPEAT
2026-04-10T06:56:57.450Z,9AEtb967xTMosjp9XFhvHLhscPNYgDWc15jFAZR8pump,RƎ́V,REVÉRSÉ SOCIETY,solana,0.0001867,256,512,8192,32768,32768,262144,262144,1,2,6,5,1775691640000,pumpswap,REPEAT
2026-04-10T06:56:57.450Z,U5sdyqACGtTDyyvSL3yqwSHo1vzUJmNuifjKVSbpump,Stacy,True Stacy,solana,0.000004605,256,8192,131072,131072,4096,4096,4096,5,2,146,98,1775796046000,pumpswap,REPEAT
2026-04-10T06:56:57.450Z,98t9PEJF5QvAdGhu3MuQ2ww57NkRV1Rg7evSZNFxpump,$BABYTAN,BabyTan,solana,0.00001107,8,512,2048,16384,,8192,8192,1,1,7,6,1775571529000,pumpfun,REPEAT
2026-04-10T06:56:57.450Z,2ZKy5wqQ59fxeTiUEVLrL24XseTPhizSwpn2R5hfpump,LOLNAH,The Disbelief Coin,solana,0.000004275,32,512,16384,16384,,4096,4096,1,1,15,14,1775792505000,pumpfun,REPEAT
2026-04-10T06:56:57.450Z,FaBG5QafPfxKJLDDz4jesLothFrjcjeS96SMnWLepump,Hotate,ほたてくん,solana,0.000003445,256,8192,65536,65536,,4096,4096,2,2,45,108,1775789595000,pumpfun,REPEAT
2026-04-10T06:56:57.450Z,9wcYq6LTC4vqgAWr5VQLwsR1Rc5CyzRbcTFtNLzFpump,Daisy,Daisy,solana,0.000007701,,128,524288,524288,8192,8192,8192,,,2,13,1775788309000,pumpswap,REPEAT
2026-04-10T06:56:57.450Z,5552z6Qp2xr596ox1UVN4ppDwwyjCfY8cXwzHMXgMcaS,MOLTING,Molting,solana,0.001234,4096,32768,131072,262144,131072,1048576,1048576,11,2,160,94,1769857955000,orca,REPEAT
2026-04-10T06:56:57.450Z,BBYEvoXYaWQxvWb2x4ugwAPnVTiqqoFtxHLtagf3PEPE,BABYPEPE,BABYPEPE,solana,0.00002396,32,128,131072,131072,16384,32768,32768,1,1,6,6,1775781591000,pumpswap,REPEAT
2026-04-10T06:56:57.450Z,9YiTzXRbgoE1MtyxQ4sGF3vbdX944HNdcBmVpPQppump,umi,umi,solana,0.00003009,128,1024,8192,32768,16384,32768,32768,4,1,35,17,1774642896000,pumpswap,REPEAT
2026-04-10T06:56:57.450Z,AHFQ4tB5Fj1HTCB6sQ7MdtJf5fUHS7pdJ9sZAK3tpump,Mythos,Claude Mythos,solana,0.0002385,512,2048,65536,262144,32768,262144,262144,,5,22,28,1774618831000,pumpswap,REPEAT
2026-04-10T06:56:57.450Z,Fc1mGwtNZthtxfaKDLvTMJXjM2Bvyy5XtHq9Jarupump,Enough,Enough To Live,solana,0.000007897,0,256,8192,262144,8192,8192,8192,,1,4,9,1775748691000,pumpswap,REPEAT
2026-04-10T06:56:57.450Z,7WgtNx2R5tVw98PdZuhgjbcDkEtaxyEFDxWtYQ5nbonk,Barron ,Official Barron Coin,solana,0.00006421,4096,8192,65536,262144,32768,65536,65536,88,29,192,73,1775762127000,raydium,REPEAT
2026-04-10T06:56:57.450Z,6XjY7mBgYNEV8tk6NxybMF1RdkSuWopCSHW9ejJ5DHwn,IMAGINE,Grok Imagine,solana,0.00002272,,64,512,4096,16384,16384,16384,,,1,,1773975732000,pumpswap,REPEAT
2026-04-10T06:56:57.450Z,CmtYYjTBYxj5ExeyREFoM5gMNDo4GQ4sjrE7Vx9upump,HUNTER,HunterBidenSmokingCrackCoin,solana,0.00001193,256,4096,65536,65536,8192,8192,8192,1,9,89,84,1775796857000,pumpswap,REPEAT
2026-04-10T06:56:57.450Z,9SeCSdbPzz95KomGUGEV9Shn2zGXNmMJhE9J72Hipump,Iroha,イロハ,solana,0.0008741,256,32768,262144,2097152,65536,1048576,1048576,4,12,219,242,1775525060000,pumpswap,REPEAT
2026-04-10T07:01:57.450Z,BgSBbGpELTyuYXyU1C2v3jcAvJdCq1R6XEo1HaxYpump,BIZY,Bizy,solana,0.0001779,65536,524288,1048576,1048576,32768,131072,131072,331,197,3386,2680,1775800328000,pumpswap,NEW
2026-04-10T07:01:57.450Z,2pDdYPaT2Ww2aVPoa1mw2P8gokctwk8b4ifkNfBApump,pisscoin,pisscoin,solana,0.00002311,512,2048,2048,8192,16384,16384,16384,3,4,17,10,1774571155000,pumpswap,REPEAT
2026-04-10T07:01:57.450Z,GxJjdCrPzYnEBjnyoq5gsqed6TqKoAQJ3NtmajPpump,SBTI,SBTI,solana,0.001169,131072,2097152,2097152,2097152,65536,1048576,1048576,1009,876,10720,6992,1775800461000,pumpswap,REPEAT
2026-04-10T07:01:57.450Z,CmtYYjTBYxj5ExeyREFoM5gMNDo4GQ4sjrE7Vx9upump,HUNTER,HunterBidenSmokingCrackCoin,solana,0.00001308,256,4096,65536,65536,8192,16384,16384,5,1,81,77,1775796857000,pumpswap,REPEAT
2026-04-10T07:01:57.450Z,6DUdwjXtqJKrNFQBQzsaPW7pP2EZg2hbQ92NBi9Ppump,HAHA,HAHA,solana,0.0003802,65536,524288,1048576,1048576,65536,524288,524288,208,191,1728,1865,1775797888000,pumpswap,REPEAT
2026-04-10T07:01:57.450Z,2ecWqqjWZ5hkYLHzCn9TEn2DtpVdNvMicLf3RzfLpump,Chicky,Official Chicky Coin,solana,0.0001160,512,8192,32768,131072,32768,131072,131072,3,9,98,122,1774972475000,pumpswap,REPEAT
2026-04-10T07:01:57.450Z,82MmG1uH2BWLyoU7VCFYMohP9CT63q5paiKHAAAn3zWx,ANIME,Anime Bitcoin,solana,0.0003832,256,8192,16384,131072,65536,524288,524288,7,7,141,128,1743542810000,pumpswap,REPEAT
2026-04-10T07:01:57.450Z,GFVhghbzvoZUgdRgqL8HMrhK26tgP1ddBEVDpQFppump,Banana,Bananas,solana,0.00001493,1024,32768,131072,131072,,16384,16384,8,16,824,571,1775799626000,pumpfun,REPEAT
2026-04-10T07:01:57.450Z,3JQNRbZo9d3jteWg6FjxtUTNR1hLrLmriWGbaaZWpump,Garrison,The Alpha,solana,0.0001355,16384,524288,1048576,1048576,32768,131072,131072,230,181,4913,3828,1775797475000,pumpswap,REPEAT
2026-04-10T07:01:57.450Z,8BrKogqwr7Uad9Pwkxw91w31v2x5qf8yDL4x52Qhpump,NUERO,Nuero,solana,0.0001316,16,1024,8192,65536,32768,131072,131072,,2,21,17,1774894182000,pumpswap,REPEAT
2026-04-10T07:01:57.450Z,Ejdy5bNuwE1jfm3NufkghrLtpMM1KJKwUjfFhxTmpump,Genα,Generation Alpha ETF,solana,0.0001955,32768,262144,524288,524288,32768,262144,262144,329,132,4828,1886,1775797991000,pumpswap,REPEAT
2026-04-10T07:01:57.450Z,wZ7zpuVqqWaMDe95AawZefWtWcb5cqDXzKSL8WJpump,HappyHorse,Happy Horse,solana,0.001263,65536,524288,2097152,2097152,65536,1048576,1048576,174,200,1974,1754,1775796210000,pumpswap,REPEAT
2026-04-10T07:01:57.450Z,9AsvxJ4vBcU9gR14mAitrdzSFABY93z3Fdr6bSQ3pump,STACK,The Chimney Dog,solana,0.000009082,512,2048,65536,65536,,8192,8192,3,2,18,17,1775786445000,pumpfun,REPEAT
2026-04-10T07:01:57.450Z,99Z4AnrTHDhiGwYPyB4kE3Nap8oo8SqBPircah7Apump,SBTI,SBTI来了,solana,0.000003655,8,2048,131072,131072,,4096,4096,,1,30,28,1775795593000,pumpfun,REPEAT
2026-04-10T07:01:57.450Z,9AEtb967xTMosjp9XFhvHLhscPNYgDWc15jFAZR8pump,RƎ́V,REVÉRSÉ SOCIETY,solana,0.0001967,512,1024,8192,32768,32768,262144,262144,8,2,14,7,1775691640000,pumpswap,REPEAT
2026-04-10T07:01:57.450Z,U5sdyqACGtTDyyvSL3yqwSHo1vzUJmNuifjKVSbpump,Stacy,True Stacy,solana,0.000005150,256,8192,131072,131072,4096,4096,4096,6,1,142,96,1775796046000,pumpswap,REPEAT
2026-04-10T07:01:57.450Z,98t9PEJF5QvAdGhu3MuQ2ww57NkRV1Rg7evSZNFxpump,$BABYTAN,BabyTan,solana,0.00001119,32,512,2048,16384,,8192,8192,1,,8,6,1775571529000,pumpfun,REPEAT
2026-04-10T07:01:57.450Z,2ZKy5wqQ59fxeTiUEVLrL24XseTPhizSwpn2R5hfpump,LOLNAH,The Disbelief Coin,solana,0.000004297,8,512,16384,16384,,4096,4096,1,,15,13,1775792505000,pumpfun,REPEAT
2026-04-10T07:01:57.450Z,FaBG5QafPfxKJLDDz4jesLothFrjcjeS96SMnWLepump,Hotate,ほたてくん,solana,0.000003445,,4096,65536,65536,,4096,4096,,,32,85,1775789595000,pumpfun,REPEAT
2026-04-10T07:01:57.450Z,9wcYq6LTC4vqgAWr5VQLwsR1Rc5CyzRbcTFtNLzFpump,Daisy,Daisy,solana,0.000007701,,64,524288,524288,8192,8192,8192,,,2,9,1775788309000,pumpswap,REPEAT
2026-04-10T07:01:57.450Z,5552z6Qp2xr596ox1UVN4ppDwwyjCfY8cXwzHMXgMcaS,MOLTING,Molting,solana,0.001234,256,32768,131072,262144,131072,1048576,1048576,10,7,148,93,1769857955000,orca,REPEAT
2026-04-10T07:01:57.450Z,BBYEvoXYaWQxvWb2x4ugwAPnVTiqqoFtxHLtagf3PEPE,BABYPEPE,BABYPEPE,solana,0.00002435,32,256,131072,131072,16384,32768,32768,1,,6,7,1775781591000,pumpswap,REPEAT
2026-04-10T07:01:57.450Z,9YiTzXRbgoE1MtyxQ4sGF3vbdX944HNdcBmVpPQppump,umi,umi,solana,0.00003006,64,1024,8192,32768,16384,32768,32768,2,1,34,15,1774642896000,pumpswap,REPEAT
2026-04-10T07:01:57.450Z,AHFQ4tB5Fj1HTCB6sQ7MdtJf5fUHS7pdJ9sZAK3tpump,Mythos,Claude Mythos,solana,0.0002399,256,2048,65536,262144,32768,262144,262144,1,1,22,28,1774618831000,pumpswap,REPEAT
2026-04-10T07:01:57.450Z,Fc1mGwtNZthtxfaKDLvTMJXjM2Bvyy5XtHq9Jarupump,Enough,Enough To Live,solana,0.000008034,16,128,8192,262144,8192,8192,8192,1,,4,8,1775748691000,pumpswap,REPEAT
2026-04-10T07:01:57.450Z,7WgtNx2R5tVw98PdZuhgjbcDkEtaxyEFDxWtYQ5nbonk,Barron ,Official Barron Coin,solana,0.00006276,2048,16384,65536,262144,32768,65536,65536,57,14,268,91,1775762127000,raydium,REPEAT
2026-04-10T07:01:57.450Z,6XjY7mBgYNEV8tk6NxybMF1RdkSuWopCSHW9ejJ5DHwn,IMAGINE,Grok Imagine,solana,0.00002272,,64,512,4096,16384,16384,16384,,,1,,1773975732000,pumpswap,REPEAT
2026-04-10T07:01:57.450Z,CmtYYjTBYxj5ExeyREFoM5gMNDo4GQ4sjrE7Vx9upump,HUNTER,HunterBidenSmokingCrackCoin,solana,0.00001308,256,4096,65536,65536,8192,16384,16384,5,1,79,73,1775796857000,pumpswap,REPEAT
2026-04-10T07:06:57.451Z,BgSBbGpELTyuYXyU1C2v3jcAvJdCq1R6XEo1HaxYpump,BIZY,Bizy,solana,0.0001815,65536,524288,1048576,1048576,32768,131072,131072,332,194,3342,2573,1775800328000,pumpswap,REPEAT
2026-04-10T07:06:57.451Z,2pDdYPaT2Ww2aVPoa1mw2P8gokctwk8b4ifkNfBApump,pisscoin,pisscoin,solana,0.00002269,64,2048,2048,8192,16384,16384,16384,,2,18,12,1774571155000,pumpswap,REPEAT
2026-04-10T07:06:57.451Z,GxJjdCrPzYnEBjnyoq5gsqed6TqKoAQJ3NtmajPpump,SBTI,SBTI,solana,0.001068,131072,2097152,2097152,2097152,65536,1048576,1048576,889,528,10409,6988,1775800461000,pumpswap,REPEAT
2026-04-10T07:06:57.451Z,CmtYYjTBYxj5ExeyREFoM5gMNDo4GQ4sjrE7Vx9upump,HUNTER,HunterBidenSmokingCrackCoin,solana,0.00001383,1024,4096,65536,65536,8192,16384,16384,14,11,86,70,1775796857000,pumpswap,REPEAT
2026-04-10T07:06:57.451Z,6DUdwjXtqJKrNFQBQzsaPW7pP2EZg2hbQ92NBi9Ppump,HAHA,HAHA,solana,0.0002947,65536,524288,1048576,1048576,32768,262144,262144,168,177,1767,1910,1775797888000,pumpswap,REPEAT
2026-04-10T07:06:57.451Z,2ecWqqjWZ5hkYLHzCn9TEn2DtpVdNvMicLf3RzfLpump,Chicky,Official Chicky Coin,solana,0.0001180,1024,8192,32768,131072,32768,131072,131072,5,5,88,102,1774972475000,pumpswap,REPEAT
2026-04-10T07:06:57.451Z,82MmG1uH2BWLyoU7VCFYMohP9CT63q5paiKHAAAn3zWx,ANIME,Anime Bitcoin,solana,0.0003882,128,4096,16384,131072,65536,524288,524288,9,6,135,123,1743542810000,pumpswap,REPEAT
2026-04-10T07:06:57.451Z,GFVhghbzvoZUgdRgqL8HMrhK26tgP1ddBEVDpQFppump,Banana,Bananas,solana,0.00001293,1024,32768,131072,131072,,16384,16384,10,12,729,531,1775799626000,pumpfun,REPEAT
2026-04-10T07:06:57.451Z,3JQNRbZo9d3jteWg6FjxtUTNR1hLrLmriWGbaaZWpump,Garrison,The Alpha,solana,0.0001235,8192,262144,1048576,1048576,32768,131072,131072,158,116,4606,3610,1775797475000,pumpswap,REPEAT
2026-04-10T07:06:57.451Z,8BrKogqwr7Uad9Pwkxw91w31v2x5qf8yDL4x52Qhpump,NUERO,Nuero,solana,0.0001356,512,1024,8192,65536,32768,131072,131072,2,1,19,18,1774894182000,pumpswap,REPEAT
2026-04-10T07:06:57.451Z,Ejdy5bNuwE1jfm3NufkghrLtpMM1KJKwUjfFhxTmpump,Genα,Generation Alpha ETF,solana,0.0001150,32768,524288,1048576,1048576,32768,131072,131072,315,206,4813,1898,1775797991000,pumpswap,REPEAT
2026-04-10T07:06:57.451Z,wZ7zpuVqqWaMDe95AawZefWtWcb5cqDXzKSL8WJpump,HappyHorse,Happy Horse,solana,0.0007612,65536,524288,2097152,2097152,65536,1048576,1048576,155,160,1908,1743,1775796210000,pumpswap,REPEAT
2026-04-10T07:06:57.451Z,9AsvxJ4vBcU9gR14mAitrdzSFABY93z3Fdr6bSQ3pump,STACK,The Chimney Dog,solana,0.000009073,2,2048,65536,65536,,8192,8192,,4,16,21,1775786445000,pumpfun,REPEAT
2026-04-10T07:06:57.451Z,99Z4AnrTHDhiGwYPyB4kE3Nap8oo8SqBPircah7Apump,SBTI,SBTI来了,solana,0.000003655,1,2048,131072,131072,,4096,4096,,2,30,27,1775795593000,pumpfun,REPEAT
2026-04-10T07:06:57.451Z,9AEtb967xTMosjp9XFhvHLhscPNYgDWc15jFAZR8pump,RƎ́V,REVÉRSÉ SOCIETY,solana,0.0002101,512,2048,8192,32768,32768,262144,262144,2,3,16,10,1775691640000,pumpswap,REPEAT
2026-04-10T07:06:57.451Z,U5sdyqACGtTDyyvSL3yqwSHo1vzUJmNuifjKVSbpump,Stacy,True Stacy,solana,0.000004604,256,8192,131072,131072,4096,4096,4096,2,12,136,105,1775796046000,pumpswap,REPEAT
2026-04-10T07:06:57.451Z,98t9PEJF5QvAdGhu3MuQ2ww57NkRV1Rg7evSZNFxpump,$BABYTAN,BabyTan,solana,0.00001146,64,512,2048,16384,,8192,8192,1,,9,5,1775571529000,pumpfun,REPEAT
2026-04-10T07:06:57.451Z,2ZKy5wqQ59fxeTiUEVLrL24XseTPhizSwpn2R5hfpump,LOLNAH,The Disbelief Coin,solana,0.000004295,0,512,16384,16384,,4096,4096,,1,11,13,1775792505000,pumpfun,REPEAT
2026-04-10T07:06:57.451Z,FaBG5QafPfxKJLDDz4jesLothFrjcjeS96SMnWLepump,Hotate,ほたてくん,solana,0.000003490,16,1024,65536,65536,,4096,4096,1,,15,55,1775789595000,pumpfun,REPEAT
2026-04-10T07:06:57.451Z,9wcYq6LTC4vqgAWr5VQLwsR1Rc5CyzRbcTFtNLzFpump,Daisy,Daisy,solana,0.000007699,4,32,524288,524288,8192,8192,8192,,1,1,8,1775788309000,pumpswap,REPEAT
2026-04-10T07:06:57.451Z,5552z6Qp2xr596ox1UVN4ppDwwyjCfY8cXwzHMXgMcaS,MOLTING,Molting,solana,0.001261,512,16384,131072,262144,131072,1048576,1048576,4,4,99,76,1769857955000,orca,REPEAT
2026-04-10T07:06:57.451Z,BBYEvoXYaWQxvWb2x4ugwAPnVTiqqoFtxHLtagf3PEPE,BABYPEPE,BABYPEPE,solana,0.00002435,,256,131072,131072,16384,32768,32768,,,6,7,1775781591000,pumpswap,REPEAT
2026-04-10T07:06:57.451Z,9YiTzXRbgoE1MtyxQ4sGF3vbdX944HNdcBmVpPQppump,umi,umi,solana,0.00003010,64,1024,8192,32768,16384,32768,32768,4,1,36,15,1774642896000,pumpswap,REPEAT
2026-04-10T07:06:57.451Z,AHFQ4tB5Fj1HTCB6sQ7MdtJf5fUHS7pdJ9sZAK3tpump,Mythos,Claude Mythos,solana,0.0002453,256,2048,65536,262144,32768,262144,262144,2,,22,23,1774618831000,pumpswap,REPEAT
2026-04-10T07:06:57.451Z,Fc1mGwtNZthtxfaKDLvTMJXjM2Bvyy5XtHq9Jarupump,Enough,Enough To Live,solana,0.000008034,,128,8192,262144,8192,8192,8192,,,4,8,1775748691000,pumpswap,REPEAT
2026-04-10T07:06:57.451Z,7WgtNx2R5tVw98PdZuhgjbcDkEtaxyEFDxWtYQ5nbonk,Barron ,Official Barron Coin,solana,0.00005945,2048,16384,65536,262144,16384,65536,65536,45,20,315,112,1775762127000,raydium,REPEAT
2026-04-10T07:06:57.451Z,6XjY7mBgYNEV8tk6NxybMF1RdkSuWopCSHW9ejJ5DHwn,IMAGINE,Grok Imagine,solana,0.00002252,64,128,512,4096,16384,16384,16384,,1,1,1,1773975732000,pumpswap,REPEAT
2026-04-10T07:06:57.451Z,CmtYYjTBYxj5ExeyREFoM5gMNDo4GQ4sjrE7Vx9upump,HUNTER,HunterBidenSmokingCrackCoin,solana,0.00001276,1024,4096,65536,65536,8192,16384,16384,8,11,85,71,1775796857000,pumpswap,REPEAT
2026-04-10T07:11:57.451Z,BgSBbGpELTyuYXyU1C2v3jcAvJdCq1R6XEo1HaxYpump,BIZY,Bizy,solana,0.0002151,65536,524288,1048576,1048576,32768,262144,262144,268,181,3223,2417,1775800328000,pumpswap,REPEAT
2026-04-10T07:11:57.451Z,2pDdYPaT2Ww2aVPoa1mw2P8gokctwk8b4ifkNfBApump,pisscoin,pisscoin,solana,0.00002276,,2048,2048,8192,16384,16384,16384,,,19,13,1774571155000,pumpswap,REPEAT
2026-04-10T07:11:57.451Z,GxJjdCrPzYnEBjnyoq5gsqed6TqKoAQJ3NtmajPpump,SBTI,SBTI,solana,0.0008030,131072,2097152,2097152,2097152,65536,1048576,1048576,889,714,10100,7104,1775800461000,pumpswap,REPEAT
2026-04-10T07:11:57.451Z,CmtYYjTBYxj5ExeyREFoM5gMNDo4GQ4sjrE7Vx9upump,HUNTER,HunterBidenSmokingCrackCoin,solana,0.00001303,32,4096,65536,65536,8192,16384,16384,3,2,77,67,1775796857000,pumpswap,REPEAT
2026-04-10T07:11:57.451Z,6DUdwjXtqJKrNFQBQzsaPW7pP2EZg2hbQ92NBi9Ppump,HAHA,HAHA,solana,0.0002901,32768,524288,1048576,1048576,32768,262144,262144,136,130,1801,1910,1775797888000,pumpswap,REPEAT
2026-04-10T07:11:57.451Z,2ecWqqjWZ5hkYLHzCn9TEn2DtpVdNvMicLf3RzfLpump,Chicky,Official Chicky Coin,solana,0.0001153,128,8192,32768,131072,32768,131072,131072,,3,83,89,1774972475000,pumpswap,REPEAT
2026-04-10T07:11:57.451Z,82MmG1uH2BWLyoU7VCFYMohP9CT63q5paiKHAAAn3zWx,ANIME,Anime Bitcoin,solana,0.0003925,512,4096,16384,131072,65536,524288,524288,18,14,135,122,1743542810000,pumpswap,REPEAT
2026-04-10T07:11:57.451Z,GFVhghbzvoZUgdRgqL8HMrhK26tgP1ddBEVDpQFppump,Banana,Bananas,solana,0.00001182,512,32768,131072,131072,,16384,16384,8,10,582,421,1775799626000,pumpfun,REPEAT
2026-04-10T07:11:57.451Z,3JQNRbZo9d3jteWg6FjxtUTNR1hLrLmriWGbaaZWpump,Garrison,The Alpha,solana,0.0001438,16384,262144,1048576,1048576,32768,131072,131072,209,160,4365,3459,1775797475000,pumpswap,REPEAT
2026-04-10T07:11:57.451Z,8BrKogqwr7Uad9Pwkxw91w31v2x5qf8yDL4x52Qhpump,NUERO,Nuero,solana,0.0001356,,1024,8192,65536,32768,131072,131072,,,19,18,1774894182000,pumpswap,REPEAT
2026-04-10T07:11:57.451Z,Ejdy5bNuwE1jfm3NufkghrLtpMM1KJKwUjfFhxTmpump,Genα,Generation Alpha ETF,solana,0.00008525,32768,524288,1048576,1048576,32768,65536,65536,248,205,4755,1943,1775797991000,pumpswap,REPEAT
2026-04-10T07:11:57.451Z,wZ7zpuVqqWaMDe95AawZefWtWcb5cqDXzKSL8WJpump,HappyHorse,Happy Horse,solana,0.0008703,32768,524288,2097152,2097152,65536,1048576,1048576,113,82,1966,1782,1775796210000,pumpswap,REPEAT
2026-04-10T07:11:57.451Z,9AsvxJ4vBcU9gR14mAitrdzSFABY93z3Fdr6bSQ3pump,STACK,The Chimney Dog,solana,0.000009838,256,2048,65536,65536,,8192,8192,4,3,11,23,1775786445000,pumpfun,REPEAT
2026-04-10T07:11:57.451Z,99Z4AnrTHDhiGwYPyB4kE3Nap8oo8SqBPircah7Apump,SBTI,SBTI来了,solana,0.000003627,16,2048,131072,131072,,4096,4096,,3,26,29,1775795593000,pumpfun,REPEAT
2026-04-10T07:11:57.451Z,9AEtb967xTMosjp9XFhvHLhscPNYgDWc15jFAZR8pump,RƎ́V,REVÉRSÉ SOCIETY,solana,0.0002057,512,2048,8192,32768,32768,262144,262144,3,3,18,12,1775691640000,pumpswap,REPEAT
2026-04-10T07:11:57.451Z,U5sdyqACGtTDyyvSL3yqwSHo1vzUJmNuifjKVSbpump,Stacy,True Stacy,solana,0.000004894,128,8192,131072,131072,4096,4096,4096,9,1,139,99,1775796046000,pumpswap,REPEAT
2026-04-10T07:11:57.451Z,98t9PEJF5QvAdGhu3MuQ2ww57NkRV1Rg7evSZNFxpump,$BABYTAN,BabyTan,solana,0.00001146,,512,2048,16384,,8192,8192,,,8,4,1775571529000,pumpfun,REPEAT
2026-04-10T07:11:57.451Z,2ZKy5wqQ59fxeTiUEVLrL24XseTPhizSwpn2R5hfpump,LOLNAH,The Disbelief Coin,solana,0.000004295,,512,16384,16384,,4096,4096,,,10,12,1775792505000,pumpfun,REPEAT
2026-04-10T07:11:57.451Z,FaBG5QafPfxKJLDDz4jesLothFrjcjeS96SMnWLepump,Hotate,ほたてくん,solana,0.000003490,,512,65536,65536,,4096,4096,,,12,32,1775789595000,pumpfun,REPEAT
2026-04-10T07:11:57.451Z,9wcYq6LTC4vqgAWr5VQLwsR1Rc5CyzRbcTFtNLzFpump,Daisy,Daisy,solana,0.000007699,,32,524288,524288,8192,8192,8192,,,1,8,1775788309000,pumpswap,REPEAT
2026-04-10T07:11:57.451Z,5552z6Qp2xr596ox1UVN4ppDwwyjCfY8cXwzHMXgMcaS,MOLTING,Molting,solana,0.001225,256,16384,131072,262144,131072,1048576,1048576,3,13,89,75,1769857955000,orca,REPEAT
2026-04-10T07:11:57.451Z,BBYEvoXYaWQxvWb2x4ugwAPnVTiqqoFtxHLtagf3PEPE,BABYPEPE,BABYPEPE,solana,0.00002417,4,256,131072,131072,16384,32768,32768,,2,5,8,1775781591000,pumpswap,REPEAT
2026-04-10T07:11:57.451Z,9YiTzXRbgoE1MtyxQ4sGF3vbdX944HNdcBmVpPQppump,umi,umi,solana,0.00002989,64,1024,8192,32768,16384,32768,32768,2,5,36,18,1774642896000,pumpswap,REPEAT
2026-04-10T07:11:57.451Z,AHFQ4tB5Fj1HTCB6sQ7MdtJf5fUHS7pdJ9sZAK3tpump,Mythos,Claude Mythos,solana,0.0002479,32,2048,65536,262144,32768,262144,262144,1,,21,22,1774618831000,pumpswap,REPEAT
2026-04-10T07:11:57.451Z,Fc1mGwtNZthtxfaKDLvTMJXjM2Bvyy5XtHq9Jarupump,Enough,Enough To Live,solana,0.000008205,64,256,8192,262144,8192,8192,8192,1,,4,8,1775748691000,pumpswap,REPEAT
2026-04-10T07:11:57.451Z,7WgtNx2R5tVw98PdZuhgjbcDkEtaxyEFDxWtYQ5nbonk,Barron ,Official Barron Coin,solana,0.00005929,2048,16384,65536,262144,16384,65536,65536,32,13,353,125,1775762127000,raydium,REPEAT
2026-04-10T07:11:57.451Z,6XjY7mBgYNEV8tk6NxybMF1RdkSuWopCSHW9ejJ5DHwn,IMAGINE,Grok Imagine,solana,0.00002252,,64,512,4096,16384,16384,16384,,,,1,1773975732000,pumpswap,REPEAT
2026-04-10T07:11:57.451Z,CmtYYjTBYxj5ExeyREFoM5gMNDo4GQ4sjrE7Vx9upump,HUNTER,HunterBidenSmokingCrackCoin,solana,0.00001303,8,4096,65536,65536,8192,16384,16384,1,,76,65,1775796857000,pumpswap,REPEAT
2026-04-10T07:16:57.453Z,8ZHLjQy2SJTvJ65HG8GQP2zjKa2R5Gify2xXrfZzpump,Cease,Cease Fire,solana,0.000003447,128,1024,1024,1024,,4096,4096,3,,28,3,1775803114000,pumpfun,NEW
2026-04-10T07:16:57.453Z,BgSBbGpELTyuYXyU1C2v3jcAvJdCq1R6XEo1HaxYpump,BIZY,Bizy,solana,0.0002167,65536,524288,1048576,1048576,32768,262144,262144,307,229,3203,2416,1775800328000,pumpswap,REPEAT
2026-04-10T07:16:57.453Z,2pDdYPaT2Ww2aVPoa1mw2P8gokctwk8b4ifkNfBApump,pisscoin,pisscoin,solana,0.00002247,,2048,2048,8192,16384,16384,16384,,,19,14,1774571155000,pumpswap,REPEAT
2026-04-10T07:16:57.453Z,GxJjdCrPzYnEBjnyoq5gsqed6TqKoAQJ3NtmajPpump,SBTI,SBTI,solana,0.001514,131072,2097152,2097152,2097152,131072,2097152,2097152,1002,574,10436,7339,1775800461000,pumpswap,REPEAT
2026-04-10T07:16:57.453Z,CmtYYjTBYxj5ExeyREFoM5gMNDo4GQ4sjrE7Vx9upump,HUNTER,HunterBidenSmokingCrackCoin,solana,0.00001077,512,4096,65536,65536,8192,8192,8192,3,4,69,61,1775796857000,pumpswap,REPEAT
2026-04-10T07:16:57.453Z,6DUdwjXtqJKrNFQBQzsaPW7pP2EZg2hbQ92NBi9Ppump,HAHA,HAHA,solana,0.0002161,16384,524288,1048576,1048576,32768,262144,262144,135,133,1832,1907,1775797888000,pumpswap,REPEAT
2026-04-10T07:16:57.453Z,2ecWqqjWZ5hkYLHzCn9TEn2DtpVdNvMicLf3RzfLpump,Chicky,Official Chicky Coin,solana,0.0001199,16,8192,32768,131072,32768,131072,131072,1,3,81,82,1774972475000,pumpswap,REPEAT
2026-04-10T07:16:57.453Z,82MmG1uH2BWLyoU7VCFYMohP9CT63q5paiKHAAAn3zWx,ANIME,Anime Bitcoin,solana,0.0003895,256,4096,16384,131072,65536,524288,524288,11,13,132,122,1743542810000,pumpswap,REPEAT
2026-04-10T07:16:57.453Z,GFVhghbzvoZUgdRgqL8HMrhK26tgP1ddBEVDpQFppump,Banana,Bananas,solana,0.00001114,512,16384,131072,131072,,8192,8192,3,11,400,283,1775799626000,pumpfun,REPEAT
2026-04-10T07:16:57.453Z,3JQNRbZo9d3jteWg6FjxtUTNR1hLrLmriWGbaaZWpump,Garrison,The Alpha,solana,0.0001335,16384,262144,1048576,1048576,32768,131072,131072,151,140,4091,3292,1775797475000,pumpswap,REPEAT
2026-04-10T07:16:57.453Z,8BrKogqwr7Uad9Pwkxw91w31v2x5qf8yDL4x52Qhpump,NUERO,Nuero,solana,0.0001328,128,1024,8192,65536,32768,131072,131072,,1,18,18,1774894182000,pumpswap,REPEAT
2026-04-10T07:16:57.453Z,Ejdy5bNuwE1jfm3NufkghrLtpMM1KJKwUjfFhxTmpump,Genα,Generation Alpha ETF,solana,0.00005791,16384,262144,1048576,1048576,16384,65536,65536,188,164,4641,1932,1775797991000,pumpswap,REPEAT
2026-04-10T07:16:57.453Z,wZ7zpuVqqWaMDe95AawZefWtWcb5cqDXzKSL8WJpump,HappyHorse,Happy Horse,solana,0.0007879,16384,524288,2097152,2097152,65536,1048576,1048576,144,53,1785,1553,1775796210000,pumpswap,REPEAT
2026-04-10T07:16:57.453Z,9AsvxJ4vBcU9gR14mAitrdzSFABY93z3Fdr6bSQ3pump,STACK,The Chimney Dog,solana,0.000009828,1,1024,65536,65536,,8192,8192,,1,10,19,1775786445000,pumpfun,REPEAT
2026-04-10T07:16:57.453Z,99Z4AnrTHDhiGwYPyB4kE3Nap8oo8SqBPircah7Apump,SBTI,SBTI来了,solana,0.000003444,64,2048,131072,131072,,4096,4096,,2,23,26,1775795593000,pumpfun,REPEAT
2026-04-10T07:16:57.453Z,9AEtb967xTMosjp9XFhvHLhscPNYgDWc15jFAZR8pump,RƎ́V,REVÉRSÉ SOCIETY,solana,0.0002045,128,2048,8192,32768,32768,262144,262144,2,2,20,14,1775691640000,pumpswap,REPEAT
2026-04-10T07:16:57.453Z,U5sdyqACGtTDyyvSL3yqwSHo1vzUJmNuifjKVSbpump,Stacy,True Stacy,solana,0.000004708,64,8192,131072,131072,4096,4096,4096,3,4,131,100,1775796046000,pumpswap,REPEAT
2026-04-10T07:16:57.453Z,98t9PEJF5QvAdGhu3MuQ2ww57NkRV1Rg7evSZNFxpump,$BABYTAN,BabyTan,solana,0.00001146,,512,2048,16384,,8192,8192,,,8,4,1775571529000,pumpfun,REPEAT
2026-04-10T07:16:57.453Z,2ZKy5wqQ59fxeTiUEVLrL24XseTPhizSwpn2R5hfpump,LOLNAH,The Disbelief Coin,solana,0.000004295,,256,16384,16384,,4096,4096,,,6,11,1775792505000,pumpfun,REPEAT
2026-04-10T07:16:57.453Z,FaBG5QafPfxKJLDDz4jesLothFrjcjeS96SMnWLepump,Hotate,ほたてくん,solana,0.000003556,32,512,65536,65536,,4096,4096,2,1,12,24,1775789595000,pumpfun,REPEAT
2026-04-10T07:16:57.453Z,9wcYq6LTC4vqgAWr5VQLwsR1Rc5CyzRbcTFtNLzFpump,Daisy,Daisy,solana,0.000005990,512,512,524288,524288,8192,8192,8192,3,1,4,7,1775788309000,pumpswap,REPEAT
2026-04-10T07:16:57.453Z,5552z6Qp2xr596ox1UVN4ppDwwyjCfY8cXwzHMXgMcaS,MOLTING,Molting,solana,0.001216,512,8192,131072,262144,131072,1048576,1048576,5,4,78,68,1769857955000,orca,REPEAT
2026-04-10T07:16:57.453Z,BBYEvoXYaWQxvWb2x4ugwAPnVTiqqoFtxHLtagf3PEPE,BABYPEPE,BABYPEPE,solana,0.00002417,,256,131072,131072,16384,32768,32768,,,5,8,1775781591000,pumpswap,REPEAT
2026-04-10T07:16:57.453Z,9YiTzXRbgoE1MtyxQ4sGF3vbdX944HNdcBmVpPQppump,umi,umi,solana,0.00002999,64,1024,8192,32768,16384,32768,32768,3,1,39,18,1774642896000,pumpswap,REPEAT
2026-04-10T07:16:57.453Z,AHFQ4tB5Fj1HTCB6sQ7MdtJf5fUHS7pdJ9sZAK3tpump,Mythos,Claude Mythos,solana,0.0002555,512,4096,65536,262144,32768,262144,262144,4,4,25,24,1774618831000,pumpswap,REPEAT
2026-04-10T07:16:57.453Z,Fc1mGwtNZthtxfaKDLvTMJXjM2Bvyy5XtHq9Jarupump,Enough,Enough To Live,solana,0.000006389,512,512,8192,262144,8192,8192,8192,,7,2,14,1775748691000,pumpswap,REPEAT
2026-04-10T07:16:57.453Z,7WgtNx2R5tVw98PdZuhgjbcDkEtaxyEFDxWtYQ5nbonk,Barron ,Official Barron Coin,solana,0.00006004,2048,16384,65536,262144,16384,65536,65536,55,15,421,141,1775762127000,raydium,REPEAT
2026-04-10T07:16:57.453Z,6XjY7mBgYNEV8tk6NxybMF1RdkSuWopCSHW9ejJ5DHwn,IMAGINE,Grok Imagine,solana,0.00002252,,64,512,4096,16384,16384,16384,,,,1,1773975732000,pumpswap,REPEAT
2026-04-10T07:21:57.454Z,8ZHLjQy2SJTvJ65HG8GQP2zjKa2R5Gify2xXrfZzpump,Cease,Cease Fire,solana,0.000003174,128,1024,1024,1024,,4096,4096,,3,28,6,1775803114000,pumpfun,REPEAT
2026-04-10T07:21:57.454Z,BgSBbGpELTyuYXyU1C2v3jcAvJdCq1R6XEo1HaxYpump,BIZY,Bizy,solana,0.0001828,65536,524288,1048576,1048576,32768,131072,131072,333,301,3283,2519,1775800328000,pumpswap,REPEAT
2026-04-10T07:21:57.454Z,2pDdYPaT2Ww2aVPoa1mw2P8gokctwk8b4ifkNfBApump,pisscoin,pisscoin,solana,0.00002274,4,2048,2048,8192,16384,16384,16384,1,,20,14,1774571155000,pumpswap,REPEAT
2026-04-10T07:21:57.454Z,GxJjdCrPzYnEBjnyoq5gsqed6TqKoAQJ3NtmajPpump,SBTI,SBTI,solana,0.001873,131072,2097152,2097152,2097152,131072,2097152,2097152,991,804,11182,7972,1775800461000,pumpswap,REPEAT
2026-04-10T07:21:57.454Z,CmtYYjTBYxj5ExeyREFoM5gMNDo4GQ4sjrE7Vx9upump,HUNTER,HunterBidenSmokingCrackCoin,solana,0.00001034,64,4096,65536,65536,8192,8192,8192,1,3,64,56,1775796857000,pumpswap,REPEAT
2026-04-10T07:21:57.454Z,6DUdwjXtqJKrNFQBQzsaPW7pP2EZg2hbQ92NBi9Ppump,HAHA,HAHA,solana,0.0002788,32768,524288,1048576,1048576,32768,262144,262144,156,147,1874,1908,1775797888000,pumpswap,REPEAT
2026-04-10T07:21:57.454Z,2ecWqqjWZ5hkYLHzCn9TEn2DtpVdNvMicLf3RzfLpump,Chicky,Official Chicky Coin,solana,0.0001264,1024,8192,32768,131072,32768,131072,131072,2,7,82,80,1774972475000,pumpswap,REPEAT
2026-04-10T07:21:57.454Z,82MmG1uH2BWLyoU7VCFYMohP9CT63q5paiKHAAAn3zWx,ANIME,Anime Bitcoin,solana,0.0003901,512,4096,16384,131072,65536,524288,524288,11,14,128,123,1743542810000,pumpswap,REPEAT
2026-04-10T07:21:57.454Z,GFVhghbzvoZUgdRgqL8HMrhK26tgP1ddBEVDpQFppump,Banana,Bananas,solana,0.00001216,512,16384,131072,131072,,16384,16384,9,2,299,220,1775799626000,pumpfun,REPEAT
2026-04-10T07:21:57.454Z,3JQNRbZo9d3jteWg6FjxtUTNR1hLrLmriWGbaaZWpump,Garrison,The Alpha,solana,0.0001845,32768,262144,1048576,1048576,32768,131072,131072,223,196,4042,3272,1775797475000,pumpswap,REPEAT
2026-04-10T07:21:57.454Z,8BrKogqwr7Uad9Pwkxw91w31v2x5qf8yDL4x52Qhpump,NUERO,Nuero,solana,0.0001328,,1024,8192,65536,32768,131072,131072,,,15,13,1774894182000,pumpswap,REPEAT
2026-04-10T07:21:57.454Z,Ejdy5bNuwE1jfm3NufkghrLtpMM1KJKwUjfFhxTmpump,Genα,Generation Alpha ETF,solana,0.0001025,8192,262144,1048576,1048576,32768,131072,131072,151,75,4541,1806,1775797991000,pumpswap,REPEAT
2026-04-10T07:21:57.454Z,wZ7zpuVqqWaMDe95AawZefWtWcb5cqDXzKSL8WJpump,HappyHorse,Happy Horse,solana,0.0004927,32768,524288,2097152,2097152,65536,524288,524288,147,115,1770,1492,1775796210000,pumpswap,REPEAT
2026-04-10T07:21:57.454Z,9AsvxJ4vBcU9gR14mAitrdzSFABY93z3Fdr6bSQ3pump,STACK,The Chimney Dog,solana,0.000009588,64,1024,65536,65536,,8192,8192,,2,10,20,1775786445000,pumpfun,REPEAT
2026-04-10T07:21:57.454Z,99Z4AnrTHDhiGwYPyB4kE3Nap8oo8SqBPircah7Apump,SBTI,SBTI来了,solana,0.000003434,8,1024,131072,131072,,4096,4096,,1,13,22,1775795593000,pumpfun,REPEAT
2026-04-10T07:21:57.454Z,9AEtb967xTMosjp9XFhvHLhscPNYgDWc15jFAZR8pump,RƎ́V,REVÉRSÉ SOCIETY,solana,0.0002061,64,2048,8192,32768,32768,262144,262144,1,3,20,17,1775691640000,pumpswap,REPEAT
2026-04-10T07:21:57.454Z,U5sdyqACGtTDyyvSL3yqwSHo1vzUJmNuifjKVSbpump,Stacy,True Stacy,solana,0.000004052,256,4096,131072,131072,4096,4096,4096,,4,94,90,1775796046000,pumpswap,REPEAT
2026-04-10T07:21:57.454Z,98t9PEJF5QvAdGhu3MuQ2ww57NkRV1Rg7evSZNFxpump,$BABYTAN,BabyTan,solana,0.00001146,,512,2048,16384,,8192,8192,,,8,3,1775571529000,pumpfun,REPEAT
2026-04-10T07:21:57.454Z,2ZKy5wqQ59fxeTiUEVLrL24XseTPhizSwpn2R5hfpump,LOLNAH,The Disbelief Coin,solana,0.000004295,,256,16384,16384,,4096,4096,,,4,10,1775792505000,pumpfun,REPEAT
2026-04-10T07:21:57.454Z,FaBG5QafPfxKJLDDz4jesLothFrjcjeS96SMnWLepump,Hotate,ほたてくん,solana,0.000003572,4,512,65536,65536,,4096,4096,1,,9,20,1775789595000,pumpfun,REPEAT
2026-04-10T07:21:57.454Z,9wcYq6LTC4vqgAWr5VQLwsR1Rc5CyzRbcTFtNLzFpump,Daisy,Daisy,solana,0.000005990,,512,524288,524288,8192,8192,8192,,,4,7,1775788309000,pumpswap,REPEAT
2026-04-10T07:21:57.454Z,5552z6Qp2xr596ox1UVN4ppDwwyjCfY8cXwzHMXgMcaS,MOLTING,Molting,solana,0.001242,256,8192,131072,262144,131072,1048576,1048576,3,3,77,63,1769857955000,orca,REPEAT
2026-04-10T07:21:57.454Z,BBYEvoXYaWQxvWb2x4ugwAPnVTiqqoFtxHLtagf3PEPE,BABYPEPE,BABYPEPE,solana,0.00002414,8,256,131072,131072,16384,32768,32768,,1,5,9,1775781591000,pumpswap,REPEAT
2026-04-10T07:21:57.454Z,9YiTzXRbgoE1MtyxQ4sGF3vbdX944HNdcBmVpPQppump,umi,umi,solana,0.00002979,128,1024,8192,32768,16384,32768,32768,2,2,39,19,1774642896000,pumpswap,REPEAT
2026-04-10T07:21:57.454Z,AHFQ4tB5Fj1HTCB6sQ7MdtJf5fUHS7pdJ9sZAK3tpump,Mythos,Claude Mythos,solana,0.0002555,8,4096,65536,262144,32768,262144,262144,1,2,25,24,1774618831000,pumpswap,REPEAT
2026-04-10T07:21:57.454Z,Fc1mGwtNZthtxfaKDLvTMJXjM2Bvyy5XtHq9Jarupump,Enough,Enough To Live,solana,0.000006308,512,1024,8192,262144,8192,8192,8192,6,6,8,18,1775748691000,pumpswap,REPEAT
2026-04-10T07:21:57.454Z,7WgtNx2R5tVw98PdZuhgjbcDkEtaxyEFDxWtYQ5nbonk,Barron ,Official Barron Coin,solana,0.00006053,2048,16384,65536,262144,16384,65536,65536,31,9,452,150,1775762127000,raydium,REPEAT
2026-04-10T07:21:57.454Z,6XjY7mBgYNEV8tk6NxybMF1RdkSuWopCSHW9ejJ5DHwn,IMAGINE,Grok Imagine,solana,0.00002252,,64,512,4096,16384,16384,16384,,,,1,1773975732000,pumpswap,REPEAT
2026-04-10T07:26:57.454Z,DLsGGp9se7uUzE1SKbWD4hur1c9bjXnK3ADUejXJpump,T26,PROJECT T26 COIN,solana,0.00004134,1024,2048,4096,4096,16384,32768,32768,25,11,37,31,1775801805000,pumpswap,NEW
2026-04-10T07:26:57.454Z,8ZHLjQy2SJTvJ65HG8GQP2zjKa2R5Gify2xXrfZzpump,Cease,Cease Fire,solana,0.000003173,32,1024,1024,1024,,4096,4096,1,1,29,7,1775803114000,pumpfun,REPEAT
2026-04-10T07:26:57.454Z,BgSBbGpELTyuYXyU1C2v3jcAvJdCq1R6XEo1HaxYpump,BIZY,Bizy,solana,0.0001663,65536,524288,1048576,1048576,32768,131072,131072,267,225,3298,2443,1775800328000,pumpswap,REPEAT
2026-04-10T07:26:57.454Z,2pDdYPaT2Ww2aVPoa1mw2P8gokctwk8b4ifkNfBApump,pisscoin,pisscoin,solana,0.00002204,64,2048,2048,8192,16384,16384,16384,,2,20,16,1774571155000,pumpswap,REPEAT
2026-04-10T07:26:57.454Z,GxJjdCrPzYnEBjnyoq5gsqed6TqKoAQJ3NtmajPpump,SBTI,SBTI,solana,0.001395,131072,2097152,2097152,2097152,131072,1048576,1048576,939,532,11958,8374,1775800461000,pumpswap,REPEAT
2026-04-10T07:26:57.454Z,CmtYYjTBYxj5ExeyREFoM5gMNDo4GQ4sjrE7Vx9upump,HUNTER,HunterBidenSmokingCrackCoin,solana,0.00001031,32,4096,65536,65536,8192,8192,8192,1,1,53,53,1775796857000,pumpswap,REPEAT
2026-04-10T07:26:57.454Z,6DUdwjXtqJKrNFQBQzsaPW7pP2EZg2hbQ92NBi9Ppump,HAHA,HAHA,solana,0.0003234,32768,524288,1048576,1048576,32768,262144,262144,170,123,1938,1941,1775797888000,pumpswap,REPEAT
2026-04-10T07:26:57.454Z,2ecWqqjWZ5hkYLHzCn9TEn2DtpVdNvMicLf3RzfLpump,Chicky,Official Chicky Coin,solana,0.0001286,512,8192,32768,131072,32768,131072,131072,5,2,83,70,1774972475000,pumpswap,REPEAT
2026-04-10T07:26:57.454Z,82MmG1uH2BWLyoU7VCFYMohP9CT63q5paiKHAAAn3zWx,ANIME,Anime Bitcoin,solana,0.0004227,2048,4096,32768,131072,65536,524288,524288,16,27,138,149,1743542810000,pumpswap,REPEAT
2026-04-10T07:26:57.454Z,GFVhghbzvoZUgdRgqL8HMrhK26tgP1ddBEVDpQFppump,Banana,Bananas,solana,0.00001308,256,16384,131072,131072,,16384,16384,12,1,195,151,1775799626000,pumpfun,REPEAT
2026-04-10T07:26:57.454Z,3JQNRbZo9d3jteWg6FjxtUTNR1hLrLmriWGbaaZWpump,Garrison,The Alpha,solana,0.0001544,16384,262144,1048576,1048576,32768,131072,131072,126,89,3976,3217,1775797475000,pumpswap,REPEAT
2026-04-10T07:26:57.454Z,8BrKogqwr7Uad9Pwkxw91w31v2x5qf8yDL4x52Qhpump,NUERO,Nuero,solana,0.0001328,,1024,8192,65536,32768,131072,131072,,,13,13,1774894182000,pumpswap,REPEAT
2026-04-10T07:26:57.454Z,Ejdy5bNuwE1jfm3NufkghrLtpMM1KJKwUjfFhxTmpump,Genα,Generation Alpha ETF,solana,0.0001023,16384,262144,1048576,1048576,32768,131072,131072,204,117,4570,1767,1775797991000,pumpswap,REPEAT
2026-04-10T07:26:57.454Z,wZ7zpuVqqWaMDe95AawZefWtWcb5cqDXzKSL8WJpump,HappyHorse,Happy Horse,solana,0.0007906,65536,524288,2097152,2097152,65536,1048576,1048576,207,286,1746,1543,1775796210000,pumpswap,REPEAT
2026-04-10T07:26:57.454Z,9AsvxJ4vBcU9gR14mAitrdzSFABY93z3Fdr6bSQ3pump,STACK,The Chimney Dog,solana,0.000009738,32,1024,65536,65536,,8192,8192,1,,11,19,1775786445000,pumpfun,REPEAT
2026-04-10T07:26:57.454Z,99Z4AnrTHDhiGwYPyB4kE3Nap8oo8SqBPircah7Apump,SBTI,SBTI来了,solana,0.000003439,4,512,131072,131072,,4096,4096,1,,9,20,1775795593000,pumpfun,REPEAT
2026-04-10T07:26:57.454Z,9AEtb967xTMosjp9XFhvHLhscPNYgDWc15jFAZR8pump,RƎ́V,REVÉRSÉ SOCIETY,solana,0.0002079,64,2048,8192,32768,32768,262144,262144,3,,23,17,1775691640000,pumpswap,REPEAT
2026-04-10T07:26:57.454Z,U5sdyqACGtTDyyvSL3yqwSHo1vzUJmNuifjKVSbpump,Stacy,True Stacy,solana,0.000004493,128,2048,131072,131072,4096,4096,4096,7,1,56,59,1775796046000,pumpswap,REPEAT
2026-04-10T07:26:57.454Z,98t9PEJF5QvAdGhu3MuQ2ww57NkRV1Rg7evSZNFxpump,$BABYTAN,BabyTan,solana,0.00001149,8,512,2048,16384,,8192,8192,1,,9,3,1775571529000,pumpfun,REPEAT
2026-04-10T07:26:57.454Z,2ZKy5wqQ59fxeTiUEVLrL24XseTPhizSwpn2R5hfpump,LOLNAH,The Disbelief Coin,solana,0.000004226,32,128,16384,16384,,4096,4096,,1,3,10,1775792505000,pumpfun,REPEAT
2026-04-10T07:26:57.454Z,FaBG5QafPfxKJLDDz4jesLothFrjcjeS96SMnWLepump,Hotate,ほたてくん,solana,0.000004158,256,1024,65536,65536,,4096,4096,2,1,9,16,1775789595000,pumpfun,REPEAT
2026-04-10T07:26:57.454Z,9wcYq6LTC4vqgAWr5VQLwsR1Rc5CyzRbcTFtNLzFpump,Daisy,Daisy,solana,0.000005881,1,512,524288,524288,8192,8192,8192,,1,4,8,1775788309000,pumpswap,REPEAT
2026-04-10T07:26:57.454Z,5552z6Qp2xr596ox1UVN4ppDwwyjCfY8cXwzHMXgMcaS,MOLTING,Molting,solana,0.001215,1024,8192,131072,262144,131072,1048576,1048576,8,3,80,63,1769857955000,orca,REPEAT
2026-04-10T07:26:57.454Z,BBYEvoXYaWQxvWb2x4ugwAPnVTiqqoFtxHLtagf3PEPE,BABYPEPE,BABYPEPE,solana,0.00002414,,128,65536,131072,16384,32768,32768,,,4,8,1775781591000,pumpswap,REPEAT
2026-04-10T07:26:57.454Z,9YiTzXRbgoE1MtyxQ4sGF3vbdX944HNdcBmVpPQppump,umi,umi,solana,0.00002979,64,1024,8192,32768,16384,32768,32768,3,1,39,19,1774642896000,pumpswap,REPEAT
2026-04-10T07:26:57.454Z,AHFQ4tB5Fj1HTCB6sQ7MdtJf5fUHS7pdJ9sZAK3tpump,Mythos,Claude Mythos,solana,0.0002513,32,4096,65536,262144,32768,262144,262144,3,2,24,27,1774618831000,pumpswap,REPEAT
2026-04-10T07:26:57.454Z,Fc1mGwtNZthtxfaKDLvTMJXjM2Bvyy5XtHq9Jarupump,Enough,Enough To Live,solana,0.000006308,,1024,8192,262144,8192,8192,8192,,,8,18,1775748691000,pumpswap,REPEAT
2026-04-10T07:26:57.454Z,7WgtNx2R5tVw98PdZuhgjbcDkEtaxyEFDxWtYQ5nbonk,Barron ,Official Barron Coin,solana,0.00006029,2048,32768,65536,262144,16384,65536,65536,55,15,508,166,1775762127000,raydium,REPEAT
2026-04-10T07:31:57.454Z,DLsGGp9se7uUzE1SKbWD4hur1c9bjXnK3ADUejXJpump,T26,PROJECT T26 COIN,solana,0.00003943,16,2048,4096,4096,16384,32768,32768,1,2,41,32,1775801805000,pumpswap,REPEAT
2026-04-10T07:31:57.454Z,8ZHLjQy2SJTvJ65HG8GQP2zjKa2R5Gify2xXrfZzpump,Cease,Cease Fire,solana,0.000003206,16,1024,1024,1024,,4096,4096,2,,31,7,1775803114000,pumpfun,REPEAT
2026-04-10T07:31:57.454Z,BgSBbGpELTyuYXyU1C2v3jcAvJdCq1R6XEo1HaxYpump,BIZY,Bizy,solana,0.0001925,65536,524288,1048576,1048576,32768,262144,262144,269,192,3362,2463,1775800328000,pumpswap,REPEAT
2026-04-10T07:31:57.454Z,2pDdYPaT2Ww2aVPoa1mw2P8gokctwk8b4ifkNfBApump,pisscoin,pisscoin,solana,0.00002204,,2048,2048,8192,16384,16384,16384,,,20,16,1774571155000,pumpswap,REPEAT
2026-04-10T07:31:57.454Z,GxJjdCrPzYnEBjnyoq5gsqed6TqKoAQJ3NtmajPpump,SBTI,SBTI,solana,0.001449,131072,2097152,2097152,2097152,131072,1048576,1048576,928,579,12413,8651,1775800461000,pumpswap,REPEAT
2026-04-10T07:31:57.454Z,CmtYYjTBYxj5ExeyREFoM5gMNDo4GQ4sjrE7Vx9upump,HUNTER,HunterBidenSmokingCrackCoin,solana,0.00001294,1024,4096,65536,65536,8192,16384,16384,14,6,61,54,1775796857000,pumpswap,REPEAT
2026-04-10T07:31:57.454Z,6DUdwjXtqJKrNFQBQzsaPW7pP2EZg2hbQ92NBi9Ppump,HAHA,HAHA,solana,0.0002530,32768,524288,1048576,1048576,32768,262144,262144,156,117,1995,1941,1775797888000,pumpswap,REPEAT
2026-04-10T07:31:57.454Z,2ecWqqjWZ5hkYLHzCn9TEn2DtpVdNvMicLf3RzfLpump,Chicky,Official Chicky Coin,solana,0.0001269,256,8192,32768,131072,32768,131072,131072,1,5,49,66,1774972475000,pumpswap,REPEAT
2026-04-10T07:31:57.454Z,82MmG1uH2BWLyoU7VCFYMohP9CT63q5paiKHAAAn3zWx,ANIME,Anime Bitcoin,solana,0.0004296,2048,8192,32768,131072,65536,524288,524288,24,28,146,169,1743542810000,pumpswap,REPEAT
2026-04-10T07:31:57.454Z,GFVhghbzvoZUgdRgqL8HMrhK26tgP1ddBEVDpQFppump,Banana,Bananas,solana,0.00001246,512,8192,131072,131072,,16384,16384,8,6,161,128,1775799626000,pumpfun,REPEAT
2026-04-10T07:31:57.454Z,3JQNRbZo9d3jteWg6FjxtUTNR1hLrLmriWGbaaZWpump,Garrison,The Alpha,solana,0.0001573,8192,262144,1048576,1048576,32768,131072,131072,70,52,3876,3153,1775797475000,pumpswap,REPEAT
2026-04-10T07:31:57.454Z,8BrKogqwr7Uad9Pwkxw91w31v2x5qf8yDL4x52Qhpump,NUERO,Nuero,solana,0.0001316,4,1024,8192,65536,32768,131072,131072,,2,11,15,1774894182000,pumpswap,REPEAT
2026-04-10T07:31:57.454Z,Ejdy5bNuwE1jfm3NufkghrLtpMM1KJKwUjfFhxTmpump,Genα,Generation Alpha ETF,solana,0.00009716,16384,262144,1048576,1048576,32768,131072,131072,177,90,4454,1723,1775797991000,pumpswap,REPEAT
2026-04-10T07:31:57.454Z,wZ7zpuVqqWaMDe95AawZefWtWcb5cqDXzKSL8WJpump,HappyHorse,Happy Horse,solana,0.0004726,65536,524288,2097152,2097152,65536,524288,524288,289,277,1857,1638,1775796210000,pumpswap,REPEAT
2026-04-10T07:31:57.454Z,9AsvxJ4vBcU9gR14mAitrdzSFABY93z3Fdr6bSQ3pump,STACK,The Chimney Dog,solana,0.000009738,,1024,65536,65536,,8192,8192,,,10,19,1775786445000,pumpfun,REPEAT
2026-04-10T07:31:57.454Z,99Z4AnrTHDhiGwYPyB4kE3Nap8oo8SqBPircah7Apump,SBTI,SBTI来了,solana,0.000003449,32,512,131072,131072,,4096,4096,2,1,9,16,1775795593000,pumpfun,REPEAT
2026-04-10T07:31:57.454Z,9AEtb967xTMosjp9XFhvHLhscPNYgDWc15jFAZR8pump,RƎ́V,REVÉRSÉ SOCIETY,solana,0.0002050,16,2048,8192,32768,32768,262144,262144,,1,23,18,1775691640000,pumpswap,REPEAT
2026-04-10T07:31:57.454Z,U5sdyqACGtTDyyvSL3yqwSHo1vzUJmNuifjKVSbpump,Stacy,True Stacy,solana,0.000003916,128,2048,131072,131072,4096,4096,4096,1,6,52,56,1775796046000,pumpswap,REPEAT
2026-04-10T07:31:57.454Z,98t9PEJF5QvAdGhu3MuQ2ww57NkRV1Rg7evSZNFxpump,$BABYTAN,BabyTan,solana,0.00001149,,512,2048,16384,,8192,8192,,,9,2,1775571529000,pumpfun,REPEAT
2026-04-10T07:31:57.454Z,2ZKy5wqQ59fxeTiUEVLrL24XseTPhizSwpn2R5hfpump,LOLNAH,The Disbelief Coin,solana,0.000004328,32,256,16384,16384,,4096,4096,1,,3,10,1775792505000,pumpfun,REPEAT
2026-04-10T07:31:57.454Z,FaBG5QafPfxKJLDDz4jesLothFrjcjeS96SMnWLepump,Hotate,ほたてくん,solana,0.000004048,32,1024,65536,65536,,4096,4096,,3,8,17,1775789595000,pumpfun,REPEAT
2026-04-10T07:31:57.454Z,9wcYq6LTC4vqgAWr5VQLwsR1Rc5CyzRbcTFtNLzFpump,Daisy,Daisy,solana,0.000005947,32,512,524288,524288,8192,8192,8192,1,2,5,10,1775788309000,pumpswap,REPEAT
2026-04-10T07:31:57.454Z,5552z6Qp2xr596ox1UVN4ppDwwyjCfY8cXwzHMXgMcaS,MOLTING,Molting,solana,0.001196,512,8192,131072,262144,131072,1048576,1048576,10,4,85,58,1769857955000,orca,REPEAT
2026-04-10T07:31:57.454Z,BBYEvoXYaWQxvWb2x4ugwAPnVTiqqoFtxHLtagf3PEPE,BABYPEPE,BABYPEPE,solana,0.00002403,16,128,65536,131072,16384,32768,32768,,1,4,9,1775781591000,pumpswap,REPEAT
2026-04-10T07:31:57.454Z,9YiTzXRbgoE1MtyxQ4sGF3vbdX944HNdcBmVpPQppump,umi,umi,solana,0.00002981,64,1024,8192,32768,16384,32768,32768,2,1,39,19,1774642896000,pumpswap,REPEAT
2026-04-10T07:31:57.454Z,AHFQ4tB5Fj1HTCB6sQ7MdtJf5fUHS7pdJ9sZAK3tpump,Mythos,Claude Mythos,solana,0.0002443,2048,4096,65536,262144,32768,262144,262144,9,18,31,45,1774618831000,pumpswap,REPEAT
2026-04-10T07:31:57.454Z,Fc1mGwtNZthtxfaKDLvTMJXjM2Bvyy5XtHq9Jarupump,Enough,Enough To Live,solana,0.000006509,32,1024,8192,262144,8192,8192,8192,3,,11,17,1775748691000,pumpswap,REPEAT
2026-04-10T07:31:57.454Z,7WgtNx2R5tVw98PdZuhgjbcDkEtaxyEFDxWtYQ5nbonk,Barron ,Official Barron Coin,solana,0.00005790,2048,32768,65536,262144,16384,65536,65536,51,19,562,185,1775762127000,raydium,REPEAT
2026-04-10T07:36:57.454Z,DLsGGp9se7uUzE1SKbWD4hur1c9bjXnK3ADUejXJpump,T26,PROJECT T26 COIN,solana,0.00003777,128,2048,8192,8192,16384,32768,32768,2,7,41,39,1775801805000,pumpswap,REPEAT
2026-04-10T07:36:57.454Z,8ZHLjQy2SJTvJ65HG8GQP2zjKa2R5Gify2xXrfZzpump,Cease,Cease Fire,solana,0.000003206,,1024,1024,1024,,4096,4096,,,31,7,1775803114000,pumpfun,REPEAT
2026-04-10T07:36:57.454Z,BgSBbGpELTyuYXyU1C2v3jcAvJdCq1R6XEo1HaxYpump,BIZY,Bizy,solana,0.0001979,65536,524288,1048576,1048576,32768,262144,262144,267,188,3388,2459,1775800328000,pumpswap,REPEAT
2026-04-10T07:36:57.454Z,2pDdYPaT2Ww2aVPoa1mw2P8gokctwk8b4ifkNfBApump,pisscoin,pisscoin,solana,0.00002199,4,2048,2048,8192,16384,16384,16384,,1,20,17,1774571155000,pumpswap,REPEAT
2026-04-10T07:36:57.454Z,GxJjdCrPzYnEBjnyoq5gsqed6TqKoAQJ3NtmajPpump,SBTI,SBTI,solana,0.001593,131072,2097152,4194304,4194304,131072,2097152,2097152,961,483,12509,8423,1775800461000,pumpswap,REPEAT
2026-04-10T07:36:57.454Z,CmtYYjTBYxj5ExeyREFoM5gMNDo4GQ4sjrE7Vx9upump,HUNTER,HunterBidenSmokingCrackCoin,solana,0.00001438,512,4096,65536,65536,8192,16384,16384,5,7,62,53,1775796857000,pumpswap,REPEAT
2026-04-10T07:36:57.454Z,6DUdwjXtqJKrNFQBQzsaPW7pP2EZg2hbQ92NBi9Ppump,HAHA,HAHA,solana,0.0002085,32768,524288,1048576,1048576,32768,262144,262144,122,108,1963,1883,1775797888000,pumpswap,REPEAT
2026-04-10T07:36:57.454Z,2ecWqqjWZ5hkYLHzCn9TEn2DtpVdNvMicLf3RzfLpump,Chicky,Official Chicky Coin,solana,0.0001223,2048,8192,32768,131072,32768,131072,131072,6,3,53,66,1774972475000,pumpswap,REPEAT
2026-04-10T07:36:57.454Z,82MmG1uH2BWLyoU7VCFYMohP9CT63q5paiKHAAAn3zWx,ANIME,Anime Bitcoin,solana,0.0004310,1024,8192,32768,131072,65536,524288,524288,18,14,155,173,1743542810000,pumpswap,REPEAT
2026-04-10T07:36:57.454Z,GFVhghbzvoZUgdRgqL8HMrhK26tgP1ddBEVDpQFppump,Banana,Bananas,solana,0.00001312,512,8192,131072,131072,,16384,16384,7,4,144,114,1775799626000,pumpfun,REPEAT
2026-04-10T07:36:57.454Z,3JQNRbZo9d3jteWg6FjxtUTNR1hLrLmriWGbaaZWpump,Garrison,The Alpha,solana,0.0001533,4096,262144,1048576,1048576,32768,131072,131072,58,46,3212,2751,1775797475000,pumpswap,REPEAT
2026-04-10T07:36:57.454Z,8BrKogqwr7Uad9Pwkxw91w31v2x5qf8yDL4x52Qhpump,NUERO,Nuero,solana,0.0001282,256,1024,8192,65536,32768,131072,131072,,3,8,14,1774894182000,pumpswap,REPEAT
2026-04-10T07:36:57.454Z,Ejdy5bNuwE1jfm3NufkghrLtpMM1KJKwUjfFhxTmpump,Genα,Generation Alpha ETF,solana,0.0001077,16384,262144,1048576,1048576,32768,131072,131072,224,116,3819,1722,1775797991000,pumpswap,REPEAT
2026-04-10T07:36:57.454Z,wZ7zpuVqqWaMDe95AawZefWtWcb5cqDXzKSL8WJpump,HappyHorse,Happy Horse,solana,0.0004201,65536,524288,2097152,2097152,65536,524288,524288,201,188,1960,1757,1775796210000,pumpswap,REPEAT
2026-04-10T07:36:57.454Z,9AsvxJ4vBcU9gR14mAitrdzSFABY93z3Fdr6bSQ3pump,STACK,The Chimney Dog,solana,0.000009738,,1024,65536,65536,,8192,8192,,,9,19,1775786445000,pumpfun,REPEAT
2026-04-10T07:36:57.454Z,99Z4AnrTHDhiGwYPyB4kE3Nap8oo8SqBPircah7Apump,SBTI,SBTI来了,solana,0.000003227,128,512,131072,131072,,4096,4096,5,4,11,20,1775795593000,pumpfun,REPEAT
2026-04-10T07:36:57.454Z,9AEtb967xTMosjp9XFhvHLhscPNYgDWc15jFAZR8pump,RƎ́V,REVÉRSÉ SOCIETY,solana,0.0002079,32,2048,8192,32768,32768,262144,262144,1,,23,18,1775691640000,pumpswap,REPEAT
2026-04-10T07:36:57.454Z,U5sdyqACGtTDyyvSL3yqwSHo1vzUJmNuifjKVSbpump,Stacy,True Stacy,solana,0.000003780,128,2048,131072,131072,4096,4096,4096,7,2,58,53,1775796046000,pumpswap,REPEAT
2026-04-10T07:36:57.454Z,98t9PEJF5QvAdGhu3MuQ2ww57NkRV1Rg7evSZNFxpump,$BABYTAN,BabyTan,solana,0.00001149,,256,2048,16384,,8192,8192,,,8,2,1775571529000,pumpfun,REPEAT
2026-04-10T07:36:57.454Z,2ZKy5wqQ59fxeTiUEVLrL24XseTPhizSwpn2R5hfpump,LOLNAH,The Disbelief Coin,solana,0.000004328,,256,16384,16384,,4096,4096,,,3,8,1775792505000,pumpfun,REPEAT
2026-04-10T07:36:57.454Z,FaBG5QafPfxKJLDDz4jesLothFrjcjeS96SMnWLepump,Hotate,ほたてくん,solana,0.000004139,32,1024,65536,65536,,4096,4096,7,,15,14,1775789595000,pumpfun,REPEAT
2026-04-10T07:36:57.454Z,9wcYq6LTC4vqgAWr5VQLwsR1Rc5CyzRbcTFtNLzFpump,Daisy,Daisy,solana,0.000005947,,512,524288,524288,8192,8192,8192,,,4,9,1775788309000,pumpswap,REPEAT
2026-04-10T07:36:57.454Z,5552z6Qp2xr596ox1UVN4ppDwwyjCfY8cXwzHMXgMcaS,MOLTING,Molting,solana,0.001182,512,8192,131072,262144,131072,1048576,1048576,3,7,85,56,1769857955000,orca,REPEAT
2026-04-10T07:36:57.454Z,BBYEvoXYaWQxvWb2x4ugwAPnVTiqqoFtxHLtagf3PEPE,BABYPEPE,BABYPEPE,solana,0.00002403,,128,65536,131072,16384,32768,32768,,,4,9,1775781591000,pumpswap,REPEAT
2026-04-10T07:36:57.454Z,9YiTzXRbgoE1MtyxQ4sGF3vbdX944HNdcBmVpPQppump,umi,umi,solana,0.00002981,64,1024,8192,32768,16384,32768,32768,2,1,36,19,1774642896000,pumpswap,REPEAT
2026-04-10T07:36:57.454Z,AHFQ4tB5Fj1HTCB6sQ7MdtJf5fUHS7pdJ9sZAK3tpump,Mythos,Claude Mythos,solana,0.0002407,4,4096,65536,262144,32768,262144,262144,2,1,35,46,1774618831000,pumpswap,REPEAT
2026-04-10T07:36:57.454Z,Fc1mGwtNZthtxfaKDLvTMJXjM2Bvyy5XtHq9Jarupump,Enough,Enough To Live,solana,0.000006509,,1024,8192,262144,8192,8192,8192,,,11,14,1775748691000,pumpswap,REPEAT
2026-04-10T07:36:57.454Z,7WgtNx2R5tVw98PdZuhgjbcDkEtaxyEFDxWtYQ5nbonk,Barron ,Official Barron Coin,solana,0.00005899,2048,32768,65536,262144,16384,65536,65536,59,18,625,203,1775762127000,raydium,REPEAT
2026-04-10T07:41:57.455Z,FdUmX7zQSZgPxt1D7rtbKQisP4a2MXyejAxEnVvepump,Stoic,Stoicism ,solana,0.0001550,2048,65536,262144,1048576,32768,131072,131072,19,19,547,397,1775773975000,pumpswap,REPEAT
2026-04-10T07:41:57.455Z,DLsGGp9se7uUzE1SKbWD4hur1c9bjXnK3ADUejXJpump,T26,PROJECT T26 COIN,solana,0.00002951,1024,4096,8192,8192,16384,32768,32768,1,18,39,56,1775801805000,pumpswap,REPEAT
2026-04-10T07:41:57.455Z,8ZHLjQy2SJTvJ65HG8GQP2zjKa2R5Gify2xXrfZzpump,Cease,Cease Fire,solana,0.000003206,,512,1024,1024,,4096,4096,,,28,4,1775803114000,pumpfun,REPEAT
2026-04-10T07:41:57.455Z,BgSBbGpELTyuYXyU1C2v3jcAvJdCq1R6XEo1HaxYpump,BIZY,Bizy,solana,0.0001350,65536,1048576,1048576,1048576,32768,131072,131072,295,236,3467,2514,1775800328000,pumpswap,REPEAT
2026-04-10T07:41:57.455Z,2pDdYPaT2Ww2aVPoa1mw2P8gokctwk8b4ifkNfBApump,pisscoin,pisscoin,solana,0.00002199,,2048,2048,8192,16384,16384,16384,,,20,17,1774571155000,pumpswap,REPEAT
2026-04-10T07:41:57.455Z,GxJjdCrPzYnEBjnyoq5gsqed6TqKoAQJ3NtmajPpump,SBTI,SBTI,solana,0.001592,131072,2097152,4194304,4194304,131072,2097152,2097152,962,535,12213,8234,1775800461000,pumpswap,REPEAT
2026-04-10T07:41:57.455Z,CmtYYjTBYxj5ExeyREFoM5gMNDo4GQ4sjrE7Vx9upump,HUNTER,HunterBidenSmokingCrackCoin,solana,0.00001506,256,4096,65536,65536,8192,16384,16384,7,1,68,51,1775796857000,pumpswap,REPEAT
2026-04-10T07:41:57.455Z,6DUdwjXtqJKrNFQBQzsaPW7pP2EZg2hbQ92NBi9Ppump,HAHA,HAHA,solana,0.0001681,32768,524288,1048576,1048576,32768,131072,131072,118,88,1836,1703,1775797888000,pumpswap,REPEAT
2026-04-10T07:41:57.455Z,2ecWqqjWZ5hkYLHzCn9TEn2DtpVdNvMicLf3RzfLpump,Chicky,Official Chicky Coin,solana,0.0001213,64,8192,32768,131072,32768,131072,131072,,2,40,57,1774972475000,pumpswap,REPEAT
2026-04-10T07:41:57.455Z,82MmG1uH2BWLyoU7VCFYMohP9CT63q5paiKHAAAn3zWx,ANIME,Anime Bitcoin,solana,0.0004396,1024,8192,32768,131072,65536,524288,524288,20,20,167,186,1743542810000,pumpswap,REPEAT
2026-04-10T07:41:57.455Z,GFVhghbzvoZUgdRgqL8HMrhK26tgP1ddBEVDpQFppump,Banana,Bananas,solana,0.00001494,512,8192,131072,131072,,16384,16384,18,2,134,105,1775799626000,pumpfun,REPEAT
2026-04-10T07:41:57.455Z,3JQNRbZo9d3jteWg6FjxtUTNR1hLrLmriWGbaaZWpump,Garrison,The Alpha,solana,0.0001277,16384,262144,1048576,1048576,32768,131072,131072,164,113,2770,2391,1775797475000,pumpswap,REPEAT
2026-04-10T07:41:57.455Z,8BrKogqwr7Uad9Pwkxw91w31v2x5qf8yDL4x52Qhpump,NUERO,Nuero,solana,0.0001359,512,1024,8192,65536,32768,131072,131072,2,,10,10,1774894182000,pumpswap,REPEAT
2026-04-10T07:41:57.455Z,Ejdy5bNuwE1jfm3NufkghrLtpMM1KJKwUjfFhxTmpump,Genα,Generation Alpha ETF,solana,0.0001299,32768,262144,1048576,1048576,32768,131072,131072,261,146,3256,1747,1775797991000,pumpswap,REPEAT
2026-04-10T07:41:57.455Z,wZ7zpuVqqWaMDe95AawZefWtWcb5cqDXzKSL8WJpump,HappyHorse,Happy Horse,solana,0.0003631,16384,524288,2097152,2097152,65536,262144,262144,89,95,1950,1815,1775796210000,pumpswap,REPEAT
2026-04-10T07:41:57.455Z,9AsvxJ4vBcU9gR14mAitrdzSFABY93z3Fdr6bSQ3pump,STACK,The Chimney Dog,solana,0.000009717,8,1024,65536,65536,,8192,8192,,1,9,18,1775786445000,pumpfun,REPEAT
2026-04-10T07:41:57.455Z,99Z4AnrTHDhiGwYPyB4kE3Nap8oo8SqBPircah7Apump,SBTI,SBTI来了,solana,0.000003227,,512,131072,131072,,4096,4096,,,8,20,1775795593000,pumpfun,REPEAT
2026-04-10T07:41:57.455Z,9AEtb967xTMosjp9XFhvHLhscPNYgDWc15jFAZR8pump,RƎ́V,REVÉRSÉ SOCIETY,solana,0.0002102,128,2048,8192,32768,32768,262144,262144,2,,24,17,1775691640000,pumpswap,REPEAT
2026-04-10T07:41:57.455Z,U5sdyqACGtTDyyvSL3yqwSHo1vzUJmNuifjKVSbpump,Stacy,True Stacy,solana,0.000003751,2,2048,131072,131072,4096,4096,4096,,1,56,49,1775796046000,pumpswap,REPEAT
2026-04-10T07:41:57.455Z,98t9PEJF5QvAdGhu3MuQ2ww57NkRV1Rg7evSZNFxpump,$BABYTAN,BabyTan,solana,0.00001151,8,256,2048,16384,,8192,8192,1,,7,2,1775571529000,pumpfun,REPEAT
2026-04-10T07:41:57.455Z,2ZKy5wqQ59fxeTiUEVLrL24XseTPhizSwpn2R5hfpump,LOLNAH,The Disbelief Coin,solana,0.000004326,0,256,16384,16384,,4096,4096,,1,3,7,1775792505000,pumpfun,REPEAT
2026-04-10T07:41:57.455Z,FaBG5QafPfxKJLDDz4jesLothFrjcjeS96SMnWLepump,Hotate,ほたてくん,solana,0.000004127,16,512,65536,65536,,4096,4096,1,1,16,13,1775789595000,pumpfun,REPEAT
2026-04-10T07:41:57.455Z,9wcYq6LTC4vqgAWr5VQLwsR1Rc5CyzRbcTFtNLzFpump,Daisy,Daisy,solana,0.000005947,,512,524288,524288,8192,8192,8192,,,4,9,1775788309000,pumpswap,REPEAT
2026-04-10T07:41:57.455Z,5552z6Qp2xr596ox1UVN4ppDwwyjCfY8cXwzHMXgMcaS,MOLTING,Molting,solana,0.001152,256,8192,131072,262144,131072,1048576,1048576,7,3,86,55,1769857955000,orca,REPEAT
2026-04-10T07:41:57.455Z,BBYEvoXYaWQxvWb2x4ugwAPnVTiqqoFtxHLtagf3PEPE,BABYPEPE,BABYPEPE,solana,0.00002403,,128,65536,131072,16384,32768,32768,,,3,8,1775781591000,pumpswap,REPEAT
2026-04-10T07:41:57.455Z,9YiTzXRbgoE1MtyxQ4sGF3vbdX944HNdcBmVpPQppump,umi,umi,solana,0.00002978,64,1024,8192,32768,16384,32768,32768,2,1,38,20,1774642896000,pumpswap,REPEAT
2026-04-10T07:41:57.455Z,AHFQ4tB5Fj1HTCB6sQ7MdtJf5fUHS7pdJ9sZAK3tpump,Mythos,Claude Mythos,solana,0.0002593,1024,8192,65536,262144,32768,262144,262144,5,7,37,52,1774618831000,pumpswap,REPEAT
2026-04-10T07:41:57.455Z,Fc1mGwtNZthtxfaKDLvTMJXjM2Bvyy5XtHq9Jarupump,Enough,Enough To Live,solana,0.000005799,256,1024,8192,262144,8192,8192,8192,1,2,12,16,1775748691000,pumpswap,REPEAT
2026-04-10T07:46:57.455Z,FdUmX7zQSZgPxt1D7rtbKQisP4a2MXyejAxEnVvepump,Stoic,Stoicism ,solana,0.0001510,2048,65536,262144,1048576,32768,131072,131072,28,17,540,395,1775773975000,pumpswap,REPEAT
2026-04-10T07:46:57.455Z,DLsGGp9se7uUzE1SKbWD4hur1c9bjXnK3ADUejXJpump,T26,PROJECT T26 COIN,solana,0.00003785,1024,4096,8192,8192,16384,32768,32768,14,8,53,62,1775801805000,pumpswap,REPEAT
2026-04-10T07:46:57.455Z,8ZHLjQy2SJTvJ65HG8GQP2zjKa2R5Gify2xXrfZzpump,Cease,Cease Fire,solana,0.000003221,32,512,1024,1024,,4096,4096,2,1,30,5,1775803114000,pumpfun,REPEAT
2026-04-10T07:46:57.455Z,BgSBbGpELTyuYXyU1C2v3jcAvJdCq1R6XEo1HaxYpump,BIZY,Bizy,solana,0.0001242,65536,1048576,1048576,1048576,32768,131072,131072,313,184,3672,2634,1775800328000,pumpswap,REPEAT
2026-04-10T07:46:57.455Z,2pDdYPaT2Ww2aVPoa1mw2P8gokctwk8b4ifkNfBApump,pisscoin,pisscoin,solana,0.00002002,512,2048,2048,8192,16384,16384,16384,10,1,22,14,1774571155000,pumpswap,REPEAT
2026-04-10T07:46:57.455Z,GxJjdCrPzYnEBjnyoq5gsqed6TqKoAQJ3NtmajPpump,SBTI,SBTI,solana,0.002023,262144,2097152,4194304,4194304,131072,2097152,2097152,1215,588,12668,8385,1775800461000,pumpswap,REPEAT
2026-04-10T07:46:57.455Z,CmtYYjTBYxj5ExeyREFoM5gMNDo4GQ4sjrE7Vx9upump,HUNTER,HunterBidenSmokingCrackCoin,solana,0.00001527,128,4096,65536,65536,8192,16384,16384,2,4,72,56,1775796857000,pumpswap,REPEAT
2026-04-10T07:46:57.455Z,6DUdwjXtqJKrNFQBQzsaPW7pP2EZg2hbQ92NBi9Ppump,HAHA,HAHA,solana,0.0001181,16384,524288,1048576,1048576,32768,131072,131072,119,95,1791,1593,1775797888000,pumpswap,REPEAT
2026-04-10T07:46:57.455Z,2ecWqqjWZ5hkYLHzCn9TEn2DtpVdNvMicLf3RzfLpump,Chicky,Official Chicky Coin,solana,0.0001145,1024,8192,32768,131072,32768,131072,131072,4,5,35,53,1774972475000,pumpswap,REPEAT
2026-04-10T07:46:57.455Z,82MmG1uH2BWLyoU7VCFYMohP9CT63q5paiKHAAAn3zWx,ANIME,Anime Bitcoin,solana,0.0004360,4096,16384,32768,131072,65536,524288,524288,30,27,195,206,1743542810000,pumpswap,REPEAT
2026-04-10T07:46:57.455Z,GFVhghbzvoZUgdRgqL8HMrhK26tgP1ddBEVDpQFppump,Banana,Bananas,solana,0.00002043,2048,8192,131072,131072,,16384,16384,23,15,141,107,1775799626000,pumpfun,REPEAT
2026-04-10T07:46:57.455Z,3JQNRbZo9d3jteWg6FjxtUTNR1hLrLmriWGbaaZWpump,Garrison,The Alpha,solana,0.0001299,32768,262144,1048576,1048576,32768,131072,131072,262,130,2593,2192,1775797475000,pumpswap,REPEAT
2026-04-10T07:46:57.455Z,8BrKogqwr7Uad9Pwkxw91w31v2x5qf8yDL4x52Qhpump,NUERO,Nuero,solana,0.0001362,1,1024,8192,65536,32768,131072,131072,1,,10,9,1774894182000,pumpswap,REPEAT
2026-04-10T07:46:57.455Z,Ejdy5bNuwE1jfm3NufkghrLtpMM1KJKwUjfFhxTmpump,Genα,Generation Alpha ETF,solana,0.0001449,16384,262144,1048576,1048576,32768,131072,131072,214,116,3226,1766,1775797991000,pumpswap,REPEAT
2026-04-10T07:46:57.455Z,wZ7zpuVqqWaMDe95AawZefWtWcb5cqDXzKSL8WJpump,HappyHorse,Happy Horse,solana,0.0003277,16384,524288,2097152,2097152,65536,262144,262144,99,77,1872,1756,1775796210000,pumpswap,REPEAT
2026-04-10T07:46:57.455Z,9AsvxJ4vBcU9gR14mAitrdzSFABY93z3Fdr6bSQ3pump,STACK,The Chimney Dog,solana,0.000009586,32,1024,65536,65536,,8192,8192,1,2,10,18,1775786445000,pumpfun,REPEAT
2026-04-10T07:46:57.455Z,99Z4AnrTHDhiGwYPyB4kE3Nap8oo8SqBPircah7Apump,SBTI,SBTI来了,solana,0.000003227,,256,131072,131072,,4096,4096,,,8,18,1775795593000,pumpfun,REPEAT
2026-04-10T07:46:57.455Z,9AEtb967xTMosjp9XFhvHLhscPNYgDWc15jFAZR8pump,RƎ́V,REVÉRSÉ SOCIETY,solana,0.0002104,32,2048,8192,32768,32768,262144,262144,7,,30,17,1775691640000,pumpswap,REPEAT
2026-04-10T07:46:57.455Z,U5sdyqACGtTDyyvSL3yqwSHo1vzUJmNuifjKVSbpump,Stacy,True Stacy,solana,0.000003453,256,2048,131072,131072,4096,4096,4096,1,4,47,44,1775796046000,pumpswap,REPEAT
2026-04-10T07:46:57.455Z,98t9PEJF5QvAdGhu3MuQ2ww57NkRV1Rg7evSZNFxpump,$BABYTAN,BabyTan,solana,0.00001155,8,256,2048,16384,,8192,8192,1,,7,2,1775571529000,pumpfun,REPEAT
2026-04-10T07:46:57.455Z,2ZKy5wqQ59fxeTiUEVLrL24XseTPhizSwpn2R5hfpump,LOLNAH,The Disbelief Coin,solana,0.000004326,,256,16384,16384,,4096,4096,,,3,6,1775792505000,pumpfun,REPEAT
2026-04-10T07:46:57.455Z,FaBG5QafPfxKJLDDz4jesLothFrjcjeS96SMnWLepump,Hotate,ほたてくん,solana,0.000004137,4,512,65536,65536,,4096,4096,1,,17,10,1775789595000,pumpfun,REPEAT
2026-04-10T07:46:57.455Z,9wcYq6LTC4vqgAWr5VQLwsR1Rc5CyzRbcTFtNLzFpump,Daisy,Daisy,solana,0.000005947,,512,524288,524288,8192,8192,8192,,,4,8,1775788309000,pumpswap,REPEAT
2026-04-10T07:46:57.455Z,5552z6Qp2xr596ox1UVN4ppDwwyjCfY8cXwzHMXgMcaS,MOLTING,Molting,solana,0.001170,128,8192,131072,262144,131072,1048576,1048576,3,1,81,55,1769857955000,orca,REPEAT
2026-04-10T07:46:57.455Z,BBYEvoXYaWQxvWb2x4ugwAPnVTiqqoFtxHLtagf3PEPE,BABYPEPE,BABYPEPE,solana,0.00002403,,128,32768,131072,16384,32768,32768,,,2,7,1775781591000,pumpswap,REPEAT
2026-04-10T07:46:57.455Z,9YiTzXRbgoE1MtyxQ4sGF3vbdX944HNdcBmVpPQppump,umi,umi,solana,0.00002976,128,1024,8192,32768,16384,32768,32768,6,2,39,20,1774642896000,pumpswap,REPEAT
2026-04-10T07:46:57.455Z,AHFQ4tB5Fj1HTCB6sQ7MdtJf5fUHS7pdJ9sZAK3tpump,Mythos,Claude Mythos,solana,0.0002350,512,8192,65536,262144,32768,131072,131072,5,4,50,57,1774618831000,pumpswap,REPEAT
2026-04-10T07:46:57.455Z,Fc1mGwtNZthtxfaKDLvTMJXjM2Bvyy5XtHq9Jarupump,Enough,Enough To Live,solana,0.000006224,128,1024,8192,262144,8192,8192,8192,3,1,15,17,1775748691000,pumpswap,REPEAT
2026-04-10T07:51:57.456Z,FdUmX7zQSZgPxt1D7rtbKQisP4a2MXyejAxEnVvepump,Stoic,Stoicism ,solana,0.0001574,1024,65536,262144,1048576,32768,131072,131072,33,26,535,395,1775773975000,pumpswap,REPEAT
2026-04-10T07:51:57.456Z,DLsGGp9se7uUzE1SKbWD4hur1c9bjXnK3ADUejXJpump,T26,PROJECT T26 COIN,solana,0.00003818,4,4096,8192,8192,16384,32768,32768,2,,53,60,1775801805000,pumpswap,REPEAT
2026-04-10T07:51:57.456Z,8ZHLjQy2SJTvJ65HG8GQP2zjKa2R5Gify2xXrfZzpump,Cease,Cease Fire,solana,0.000003221,,512,1024,1024,,4096,4096,,,30,5,1775803114000,pumpfun,REPEAT
2026-04-10T07:51:57.456Z,BgSBbGpELTyuYXyU1C2v3jcAvJdCq1R6XEo1HaxYpump,BIZY,Bizy,solana,0.0001193,65536,1048576,2097152,2097152,32768,131072,131072,301,227,3902,2804,1775800328000,pumpswap,REPEAT
2026-04-10T07:51:57.456Z,2pDdYPaT2Ww2aVPoa1mw2P8gokctwk8b4ifkNfBApump,pisscoin,pisscoin,solana,0.00001963,32,2048,2048,8192,16384,16384,16384,,1,18,14,1774571155000,pumpswap,REPEAT
2026-04-10T07:51:57.456Z,GxJjdCrPzYnEBjnyoq5gsqed6TqKoAQJ3NtmajPpump,SBTI,SBTI,solana,0.002209,131072,2097152,4194304,4194304,131072,2097152,2097152,944,449,12669,8163,1775800461000,pumpswap,REPEAT
2026-04-10T07:51:57.456Z,CmtYYjTBYxj5ExeyREFoM5gMNDo4GQ4sjrE7Vx9upump,HUNTER,HunterBidenSmokingCrackCoin,solana,0.00001403,512,4096,65536,65536,8192,16384,16384,4,5,64,57,1775796857000,pumpswap,REPEAT
2026-04-10T07:51:57.456Z,6DUdwjXtqJKrNFQBQzsaPW7pP2EZg2hbQ92NBi9Ppump,HAHA,HAHA,solana,0.0001310,16384,524288,1048576,1048576,32768,131072,131072,106,60,1804,1538,1775797888000,pumpswap,REPEAT
2026-04-10T07:51:57.456Z,2ecWqqjWZ5hkYLHzCn9TEn2DtpVdNvMicLf3RzfLpump,Chicky,Official Chicky Coin,solana,0.0001125,1024,8192,32768,131072,32768,131072,131072,5,6,38,55,1774972475000,pumpswap,REPEAT
2026-04-10T07:51:57.456Z,82MmG1uH2BWLyoU7VCFYMohP9CT63q5paiKHAAAn3zWx,ANIME,Anime Bitcoin,solana,0.0004545,1024,16384,32768,131072,65536,524288,524288,18,16,198,207,1743542810000,pumpswap,REPEAT
2026-04-10T07:51:57.456Z,GFVhghbzvoZUgdRgqL8HMrhK26tgP1ddBEVDpQFppump,Banana,Bananas,solana,0.00001858,4096,16384,131072,131072,,16384,16384,27,21,151,112,1775799626000,pumpfun,REPEAT
2026-04-10T07:51:57.456Z,3JQNRbZo9d3jteWg6FjxtUTNR1hLrLmriWGbaaZWpump,Garrison,The Alpha,solana,0.0001294,8192,262144,1048576,1048576,32768,131072,131072,82,76,2154,1601,1775797475000,pumpswap,REPEAT
2026-04-10T07:51:57.456Z,8BrKogqwr7Uad9Pwkxw91w31v2x5qf8yDL4x52Qhpump,NUERO,Nuero,solana,0.0001362,,1024,8192,65536,32768,131072,131072,,,7,9,1774894182000,pumpswap,REPEAT
2026-04-10T07:51:57.456Z,Ejdy5bNuwE1jfm3NufkghrLtpMM1KJKwUjfFhxTmpump,Genα,Generation Alpha ETF,solana,0.0002256,32768,262144,1048576,1048576,32768,262144,262144,351,141,3284,1780,1775797991000,pumpswap,REPEAT
2026-04-10T07:51:57.456Z,wZ7zpuVqqWaMDe95AawZefWtWcb5cqDXzKSL8WJpump,HappyHorse,Happy Horse,solana,0.0002457,8192,524288,2097152,2097152,32768,262144,262144,41,64,1797,1741,1775796210000,pumpswap,REPEAT
2026-04-10T07:51:57.456Z,9AsvxJ4vBcU9gR14mAitrdzSFABY93z3Fdr6bSQ3pump,STACK,The Chimney Dog,solana,0.000008905,128,1024,65536,65536,,8192,8192,,4,9,21,1775786445000,pumpfun,REPEAT
2026-04-10T07:51:57.456Z,99Z4AnrTHDhiGwYPyB4kE3Nap8oo8SqBPircah7Apump,SBTI,SBTI来了,solana,0.000003227,,256,131072,131072,,4096,4096,,,8,15,1775795593000,pumpfun,REPEAT
2026-04-10T07:51:57.456Z,9AEtb967xTMosjp9XFhvHLhscPNYgDWc15jFAZR8pump,RƎ́V,REVÉRSÉ SOCIETY,solana,0.0002062,32,2048,8192,32768,32768,262144,262144,,1,30,19,1775691640000,pumpswap,REPEAT
2026-04-10T07:51:57.456Z,U5sdyqACGtTDyyvSL3yqwSHo1vzUJmNuifjKVSbpump,Stacy,True Stacy,solana,0.000003272,32,2048,131072,131072,4096,4096,4096,1,4,42,47,1775796046000,pumpswap,REPEAT
2026-04-10T07:51:57.456Z,98t9PEJF5QvAdGhu3MuQ2ww57NkRV1Rg7evSZNFxpump,$BABYTAN,BabyTan,solana,0.00001168,64,256,2048,16384,,16384,16384,3,1,9,2,1775571529000,pumpfun,REPEAT
2026-04-10T07:51:57.456Z,2ZKy5wqQ59fxeTiUEVLrL24XseTPhizSwpn2R5hfpump,LOLNAH,The Disbelief Coin,solana,0.000004326,,128,16384,16384,,4096,4096,,,3,4,1775792505000,pumpfun,REPEAT
2026-04-10T07:51:57.456Z,FaBG5QafPfxKJLDDz4jesLothFrjcjeS96SMnWLepump,Hotate,ほたてくん,solana,0.000004137,,512,65536,65536,,4096,4096,,,17,8,1775789595000,pumpfun,REPEAT
2026-04-10T07:51:57.456Z,9wcYq6LTC4vqgAWr5VQLwsR1Rc5CyzRbcTFtNLzFpump,Daisy,Daisy,solana,0.000005947,,512,524288,524288,8192,8192,8192,,,4,6,1775788309000,pumpswap,REPEAT
2026-04-10T07:51:57.456Z,5552z6Qp2xr596ox1UVN4ppDwwyjCfY8cXwzHMXgMcaS,MOLTING,Molting,solana,0.001171,128,8192,131072,262144,131072,1048576,1048576,7,3,84,58,1769857955000,orca,REPEAT
2026-04-10T07:51:57.456Z,BBYEvoXYaWQxvWb2x4ugwAPnVTiqqoFtxHLtagf3PEPE,BABYPEPE,BABYPEPE,solana,0.00002385,16,128,32768,131072,16384,32768,32768,,1,2,7,1775781591000,pumpswap,REPEAT
2026-04-10T07:51:57.456Z,9YiTzXRbgoE1MtyxQ4sGF3vbdX944HNdcBmVpPQppump,umi,umi,solana,0.00002975,64,1024,8192,32768,16384,32768,32768,3,1,38,19,1774642896000,pumpswap,REPEAT
2026-04-10T07:51:57.456Z,AHFQ4tB5Fj1HTCB6sQ7MdtJf5fUHS7pdJ9sZAK3tpump,Mythos,Claude Mythos,solana,0.0002305,64,8192,65536,262144,32768,131072,131072,2,5,45,56,1774618831000,pumpswap,REPEAT
2026-04-10T07:51:57.456Z,Fc1mGwtNZthtxfaKDLvTMJXjM2Bvyy5XtHq9Jarupump,Enough,Enough To Live,solana,0.000006100,32,1024,8192,262144,8192,8192,8192,,2,15,17,1775748691000,pumpswap,REPEAT
2026-04-10T07:56:57.456Z,FdUmX7zQSZgPxt1D7rtbKQisP4a2MXyejAxEnVvepump,Stoic,Stoicism ,solana,0.0001607,2048,65536,262144,1048576,32768,131072,131072,18,28,509,400,1775773975000,pumpswap,REPEAT
2026-04-10T07:56:57.456Z,DLsGGp9se7uUzE1SKbWD4hur1c9bjXnK3ADUejXJpump,T26,PROJECT T26 COIN,solana,0.00004007,256,4096,8192,8192,16384,32768,32768,5,2,57,62,1775801805000,pumpswap,REPEAT
2026-04-10T07:56:57.456Z,8ZHLjQy2SJTvJ65HG8GQP2zjKa2R5Gify2xXrfZzpump,Cease,Cease Fire,solana,0.000003221,,512,1024,1024,,4096,4096,,,22,5,1775803114000,pumpfun,REPEAT
2026-04-10T07:56:57.456Z,BgSBbGpELTyuYXyU1C2v3jcAvJdCq1R6XEo1HaxYpump,BIZY,Bizy,solana,0.0001077,65536,1048576,2097152,2097152,32768,131072,131072,284,234,3913,2834,1775800328000,pumpswap,REPEAT
2026-04-10T07:56:57.456Z,2pDdYPaT2Ww2aVPoa1mw2P8gokctwk8b4ifkNfBApump,pisscoin,pisscoin,solana,0.00001963,,1024,2048,8192,16384,16384,16384,,,16,13,1774571155000,pumpswap,REPEAT
2026-04-10T07:56:57.456Z,GxJjdCrPzYnEBjnyoq5gsqed6TqKoAQJ3NtmajPpump,SBTI,SBTI,solana,0.002424,131072,2097152,4194304,4194304,131072,2097152,2097152,789,407,12376,7738,1775800461000,pumpswap,REPEAT
2026-04-10T07:56:57.456Z,CmtYYjTBYxj5ExeyREFoM5gMNDo4GQ4sjrE7Vx9upump,HUNTER,HunterBidenSmokingCrackCoin,solana,0.00001418,256,4096,65536,65536,8192,16384,16384,6,2,68,49,1775796857000,pumpswap,REPEAT
2026-04-10T07:56:57.456Z,6DUdwjXtqJKrNFQBQzsaPW7pP2EZg2hbQ92NBi9Ppump,HAHA,HAHA,solana,0.00006434,16384,524288,1048576,1048576,16384,65536,65536,131,98,1812,1527,1775797888000,pumpswap,REPEAT
2026-04-10T07:56:57.456Z,2ecWqqjWZ5hkYLHzCn9TEn2DtpVdNvMicLf3RzfLpump,Chicky,Official Chicky Coin,solana,0.0001122,512,8192,32768,131072,32768,131072,131072,9,4,44,56,1774972475000,pumpswap,REPEAT
2026-04-10T07:56:57.456Z,82MmG1uH2BWLyoU7VCFYMohP9CT63q5paiKHAAAn3zWx,ANIME,Anime Bitcoin,solana,0.0004669,1024,16384,32768,131072,65536,524288,524288,23,20,212,214,1743542810000,pumpswap,REPEAT
2026-04-10T07:56:57.456Z,GFVhghbzvoZUgdRgqL8HMrhK26tgP1ddBEVDpQFppump,Banana,Bananas,solana,0.00001593,2048,16384,131072,131072,,16384,16384,19,12,154,113,1775799626000,pumpfun,REPEAT
2026-04-10T07:56:57.456Z,3JQNRbZo9d3jteWg6FjxtUTNR1hLrLmriWGbaaZWpump,Garrison,The Alpha,solana,0.0001228,8192,131072,1048576,1048576,32768,131072,131072,81,44,1922,1421,1775797475000,pumpswap,REPEAT
2026-04-10T07:56:57.456Z,8BrKogqwr7Uad9Pwkxw91w31v2x5qf8yDL4x52Qhpump,NUERO,Nuero,solana,0.0001372,128,1024,8192,65536,32768,131072,131072,1,,7,9,1774894182000,pumpswap,REPEAT
2026-04-10T07:56:57.456Z,Ejdy5bNuwE1jfm3NufkghrLtpMM1KJKwUjfFhxTmpump,Genα,Generation Alpha ETF,solana,0.0002373,32768,262144,1048576,1048576,32768,262144,262144,239,83,3211,1753,1775797991000,pumpswap,REPEAT
2026-04-10T07:56:57.456Z,wZ7zpuVqqWaMDe95AawZefWtWcb5cqDXzKSL8WJpump,HappyHorse,Happy Horse,solana,0.0001572,32768,524288,2097152,2097152,32768,131072,131072,94,129,1835,1809,1775796210000,pumpswap,REPEAT
2026-04-10T07:56:57.456Z,9AsvxJ4vBcU9gR14mAitrdzSFABY93z3Fdr6bSQ3pump,STACK,The Chimney Dog,solana,0.000008905,,1024,65536,65536,,8192,8192,,,9,19,1775786445000,pumpfun,REPEAT
2026-04-10T07:56:57.456Z,99Z4AnrTHDhiGwYPyB4kE3Nap8oo8SqBPircah7Apump,SBTI,SBTI来了,solana,0.000003209,2,256,131072,131072,,4096,4096,,2,8,16,1775795593000,pumpfun,REPEAT
2026-04-10T07:56:57.456Z,9AEtb967xTMosjp9XFhvHLhscPNYgDWc15jFAZR8pump,RƎ́V,REVÉRSÉ SOCIETY,solana,0.0002076,32,2048,8192,32768,32768,262144,262144,1,1,30,18,1775691640000,pumpswap,REPEAT
2026-04-10T07:56:57.456Z,U5sdyqACGtTDyyvSL3yqwSHo1vzUJmNuifjKVSbpump,Stacy,True Stacy,solana,0.000003107,64,2048,131072,131072,4096,4096,4096,,3,41,49,1775796046000,pumpswap,REPEAT
2026-04-10T07:56:57.456Z,98t9PEJF5QvAdGhu3MuQ2ww57NkRV1Rg7evSZNFxpump,$BABYTAN,BabyTan,solana,0.00001205,128,256,2048,16384,,16384,16384,1,2,9,3,1775571529000,pumpfun,REPEAT
2026-04-10T07:56:57.456Z,2ZKy5wqQ59fxeTiUEVLrL24XseTPhizSwpn2R5hfpump,LOLNAH,The Disbelief Coin,solana,0.000004326,,64,16384,16384,,4096,4096,,,2,3,1775792505000,pumpfun,REPEAT
2026-04-10T07:56:57.456Z,FaBG5QafPfxKJLDDz4jesLothFrjcjeS96SMnWLepump,Hotate,ほたてくん,solana,0.000004137,,512,65536,65536,,4096,4096,,,15,6,1775789595000,pumpfun,REPEAT
2026-04-10T07:56:57.456Z,9wcYq6LTC4vqgAWr5VQLwsR1Rc5CyzRbcTFtNLzFpump,Daisy,Daisy,solana,0.000005947,,512,524288,524288,8192,8192,8192,,,4,6,1775788309000,pumpswap,REPEAT
2026-04-10T07:56:57.456Z,5552z6Qp2xr596ox1UVN4ppDwwyjCfY8cXwzHMXgMcaS,MOLTING,Molting,solana,0.001119,1024,8192,131072,262144,131072,1048576,1048576,22,6,95,60,1769857955000,orca,REPEAT
2026-04-10T07:56:57.456Z,BBYEvoXYaWQxvWb2x4ugwAPnVTiqqoFtxHLtagf3PEPE,BABYPEPE,BABYPEPE,solana,0.00002355,64,128,32768,131072,16384,32768,32768,,1,1,6,1775781591000,pumpswap,REPEAT
2026-04-10T07:56:57.456Z,9YiTzXRbgoE1MtyxQ4sGF3vbdX944HNdcBmVpPQppump,umi,umi,solana,0.00002969,64,1024,8192,32768,16384,32768,32768,2,1,36,19,1774642896000,pumpswap,REPEAT
2026-04-10T07:56:57.456Z,AHFQ4tB5Fj1HTCB6sQ7MdtJf5fUHS7pdJ9sZAK3tpump,Mythos,Claude Mythos,solana,0.0002304,64,8192,65536,262144,32768,131072,131072,2,2,47,53,1774618831000,pumpswap,REPEAT
2026-04-10T07:56:57.456Z,Fc1mGwtNZthtxfaKDLvTMJXjM2Bvyy5XtHq9Jarupump,Enough,Enough To Live,solana,0.000006137,16,1024,8192,262144,8192,8192,8192,1,,15,16,1775748691000,pumpswap,REPEAT
2026-04-10T08:01:57.457Z,FdUmX7zQSZgPxt1D7rtbKQisP4a2MXyejAxEnVvepump,Stoic,Stoicism ,solana,0.0001611,2048,32768,262144,1048576,32768,131072,131072,24,20,443,343,1775773975000,pumpswap,REPEAT
2026-04-10T08:01:57.457Z,DLsGGp9se7uUzE1SKbWD4hur1c9bjXnK3ADUejXJpump,T26,PROJECT T26 COIN,solana,0.00004007,,4096,8192,8192,16384,32768,32768,,,55,59,1775801805000,pumpswap,REPEAT
2026-04-10T08:01:57.457Z,8ZHLjQy2SJTvJ65HG8GQP2zjKa2R5Gify2xXrfZzpump,Cease,Cease Fire,solana,0.000003221,,256,1024,1024,,4096,4096,,,8,5,1775803114000,pumpfun,REPEAT
2026-04-10T08:01:57.457Z,BgSBbGpELTyuYXyU1C2v3jcAvJdCq1R6XEo1HaxYpump,BIZY,Bizy,solana,0.00009231,32768,1048576,2097152,2097152,32768,65536,65536,235,226,3804,2856,1775800328000,pumpswap,REPEAT
2026-04-10T08:01:57.457Z,2pDdYPaT2Ww2aVPoa1mw2P8gokctwk8b4ifkNfBApump,pisscoin,pisscoin,solana,0.00001963,,1024,2048,8192,16384,16384,16384,,,12,9,1774571155000,pumpswap,REPEAT
2026-04-10T08:01:57.457Z,GxJjdCrPzYnEBjnyoq5gsqed6TqKoAQJ3NtmajPpump,SBTI,SBTI,solana,0.002277,131072,2097152,4194304,4194304,131072,2097152,2097152,734,402,12072,7262,1775800461000,pumpswap,REPEAT
2026-04-10T08:01:57.457Z,CmtYYjTBYxj5ExeyREFoM5gMNDo4GQ4sjrE7Vx9upump,HUNTER,HunterBidenSmokingCrackCoin,solana,0.00001525,256,4096,65536,65536,8192,16384,16384,3,,66,48,1775796857000,pumpswap,REPEAT
2026-04-10T08:01:57.457Z,6DUdwjXtqJKrNFQBQzsaPW7pP2EZg2hbQ92NBi9Ppump,HAHA,HAHA,solana,0.00008809,16384,262144,1048576,1048576,32768,65536,65536,120,80,1723,1412,1775797888000,pumpswap,REPEAT
2026-04-10T08:01:57.457Z,2ecWqqjWZ5hkYLHzCn9TEn2DtpVdNvMicLf3RzfLpump,Chicky,Official Chicky Coin,solana,0.0001160,1024,8192,32768,131072,32768,131072,131072,11,5,52,52,1774972475000,pumpswap,REPEAT
2026-04-10T08:01:57.457Z,82MmG1uH2BWLyoU7VCFYMohP9CT63q5paiKHAAAn3zWx,ANIME,Anime Bitcoin,solana,0.0004708,1024,16384,32768,131072,65536,524288,524288,20,35,226,245,1743542810000,pumpswap,REPEAT
2026-04-10T08:01:57.457Z,GFVhghbzvoZUgdRgqL8HMrhK26tgP1ddBEVDpQFppump,Banana,Bananas,solana,0.00001772,512,16384,131072,131072,,16384,16384,18,7,162,104,1775799626000,pumpfun,REPEAT
2026-04-10T08:01:57.457Z,3JQNRbZo9d3jteWg6FjxtUTNR1hLrLmriWGbaaZWpump,Garrison,The Alpha,solana,0.0001163,8192,131072,1048576,1048576,32768,131072,131072,95,32,1788,1270,1775797475000,pumpswap,REPEAT
2026-04-10T08:01:57.457Z,8BrKogqwr7Uad9Pwkxw91w31v2x5qf8yDL4x52Qhpump,NUERO,Nuero,solana,0.0001366,16,1024,8192,65536,32768,131072,131072,,2,7,9,1774894182000,pumpswap,REPEAT
2026-04-10T08:01:57.457Z,Ejdy5bNuwE1jfm3NufkghrLtpMM1KJKwUjfFhxTmpump,Genα,Generation Alpha ETF,solana,0.0001779,32768,262144,1048576,1048576,32768,131072,131072,243,98,3146,1721,1775797991000,pumpswap,REPEAT
2026-04-10T08:01:57.457Z,wZ7zpuVqqWaMDe95AawZefWtWcb5cqDXzKSL8WJpump,HappyHorse,Happy Horse,solana,0.0002093,32768,524288,2097152,2097152,32768,262144,262144,130,136,1791,1745,1775796210000,pumpswap,REPEAT
2026-04-10T08:01:57.457Z,9AsvxJ4vBcU9gR14mAitrdzSFABY93z3Fdr6bSQ3pump,STACK,The Chimney Dog,solana,0.000009383,128,512,65536,65536,,8192,8192,5,1,11,17,1775786445000,pumpfun,REPEAT
2026-04-10T08:01:57.457Z,99Z4AnrTHDhiGwYPyB4kE3Nap8oo8SqBPircah7Apump,SBTI,SBTI来了,solana,0.000003215,4,256,131072,131072,,4096,4096,2,1,10,16,1775795593000,pumpfun,REPEAT
2026-04-10T08:01:57.457Z,9AEtb967xTMosjp9XFhvHLhscPNYgDWc15jFAZR8pump,RƎ́V,REVÉRSÉ SOCIETY,solana,0.0001927,512,2048,8192,32768,32768,262144,262144,1,5,23,21,1775691640000,pumpswap,REPEAT
2026-04-10T08:01:57.457Z,U5sdyqACGtTDyyvSL3yqwSHo1vzUJmNuifjKVSbpump,Stacy,True Stacy,solana,0.000003107,,2048,131072,131072,4096,4096,4096,,,34,47,1775796046000,pumpswap,REPEAT
2026-04-10T08:01:57.457Z,98t9PEJF5QvAdGhu3MuQ2ww57NkRV1Rg7evSZNFxpump,$BABYTAN,BabyTan,solana,0.00001216,32,256,2048,16384,,16384,16384,2,,10,3,1775571529000,pumpfun,REPEAT
2026-04-10T08:01:57.457Z,2ZKy5wqQ59fxeTiUEVLrL24XseTPhizSwpn2R5hfpump,LOLNAH,The Disbelief Coin,solana,0.000004298,8,64,16384,16384,,4096,4096,,2,1,5,1775792505000,pumpfun,REPEAT
2026-04-10T08:01:57.457Z,FaBG5QafPfxKJLDDz4jesLothFrjcjeS96SMnWLepump,Hotate,ほたてくん,solana,0.000004109,8,512,65536,65536,,4096,4096,,2,15,8,1775789595000,pumpfun,REPEAT
2026-04-10T08:01:57.457Z,9wcYq6LTC4vqgAWr5VQLwsR1Rc5CyzRbcTFtNLzFpump,Daisy,Daisy,solana,0.000005928,0,512,524288,524288,8192,8192,8192,,1,4,7,1775788309000,pumpswap,REPEAT
2026-04-10T08:01:57.457Z,5552z6Qp2xr596ox1UVN4ppDwwyjCfY8cXwzHMXgMcaS,MOLTING,Molting,solana,0.001071,2048,8192,131072,262144,131072,1048576,1048576,13,5,100,60,1769857955000,orca,REPEAT
2026-04-10T08:01:57.457Z,BBYEvoXYaWQxvWb2x4ugwAPnVTiqqoFtxHLtagf3PEPE,BABYPEPE,BABYPEPE,solana,0.00002355,,128,16384,131072,16384,32768,32768,,,,6,1775781591000,pumpswap,REPEAT
2026-04-10T08:01:57.457Z,9YiTzXRbgoE1MtyxQ4sGF3vbdX944HNdcBmVpPQppump,umi,umi,solana,0.00002968,64,1024,8192,32768,16384,32768,32768,3,1,37,19,1774642896000,pumpswap,REPEAT
2026-04-10T08:01:57.457Z,AHFQ4tB5Fj1HTCB6sQ7MdtJf5fUHS7pdJ9sZAK3tpump,Mythos,Claude Mythos,solana,0.0002337,16,8192,65536,262144,32768,131072,131072,3,1,49,53,1774618831000,pumpswap,REPEAT
2026-04-10T08:01:57.457Z,Fc1mGwtNZthtxfaKDLvTMJXjM2Bvyy5XtHq9Jarupump,Enough,Enough To Live,solana,0.000006137,,1024,8192,262144,8192,8192,8192,,,15,16,1775748691000,pumpswap,REPEAT
2026-04-10T08:06:57.458Z,E67wgnNewaoW1dHz3xPqCjWUY5ntAaGw2uz9Bd1vdoge,DENO,Deno Land,solana,0.00007187,128,4096,8192,32768,16384,65536,65536,,1,28,9,1772482423000,meteora,NEW
2026-04-10T08:06:57.458Z,FdUmX7zQSZgPxt1D7rtbKQisP4a2MXyejAxEnVvepump,Stoic,Stoicism ,solana,0.0001762,2048,32768,262144,1048576,32768,131072,131072,25,21,449,337,1775773975000,pumpswap,REPEAT
2026-04-10T08:06:57.458Z,DLsGGp9se7uUzE1SKbWD4hur1c9bjXnK3ADUejXJpump,T26,PROJECT T26 COIN,solana,0.00003926,32,4096,8192,8192,16384,32768,32768,,3,54,60,1775801805000,pumpswap,REPEAT
2026-04-10T08:06:57.458Z,8ZHLjQy2SJTvJ65HG8GQP2zjKa2R5Gify2xXrfZzpump,Cease,Cease Fire,solana,0.000003221,,256,1024,1024,,4096,4096,,,8,5,1775803114000,pumpfun,REPEAT
2026-04-10T08:06:57.458Z,BgSBbGpELTyuYXyU1C2v3jcAvJdCq1R6XEo1HaxYpump,BIZY,Bizy,solana,0.00007871,65536,1048576,2097152,2097152,32768,65536,65536,335,228,3778,2868,1775800328000,pumpswap,REPEAT
2026-04-10T08:06:57.458Z,2pDdYPaT2Ww2aVPoa1mw2P8gokctwk8b4ifkNfBApump,pisscoin,pisscoin,solana,0.00001963,,512,2048,8192,16384,16384,16384,,,11,6,1774571155000,pumpswap,REPEAT
2026-04-10T08:06:57.458Z,GxJjdCrPzYnEBjnyoq5gsqed6TqKoAQJ3NtmajPpump,SBTI,SBTI,solana,0.002509,65536,2097152,4194304,4194304,131072,2097152,2097152,554,289,11630,6960,1775800461000,pumpswap,REPEAT
2026-04-10T08:06:57.458Z,CmtYYjTBYxj5ExeyREFoM5gMNDo4GQ4sjrE7Vx9upump,HUNTER,HunterBidenSmokingCrackCoin,solana,0.00001495,128,4096,65536,65536,8192,16384,16384,1,6,53,43,1775796857000,pumpswap,REPEAT
2026-04-10T08:06:57.458Z,6DUdwjXtqJKrNFQBQzsaPW7pP2EZg2hbQ92NBi9Ppump,HAHA,HAHA,solana,0.00009825,16384,262144,1048576,1048576,32768,131072,131072,136,85,1726,1330,1775797888000,pumpswap,REPEAT
2026-04-10T08:06:57.458Z,2ecWqqjWZ5hkYLHzCn9TEn2DtpVdNvMicLf3RzfLpump,Chicky,Official Chicky Coin,solana,0.0001124,512,8192,32768,131072,32768,131072,131072,1,3,48,50,1774972475000,pumpswap,REPEAT
2026-04-10T08:06:57.458Z,82MmG1uH2BWLyoU7VCFYMohP9CT63q5paiKHAAAn3zWx,ANIME,Anime Bitcoin,solana,0.0005067,4096,16384,32768,131072,65536,524288,524288,41,45,259,284,1743542810000,pumpswap,REPEAT
2026-04-10T08:06:57.458Z,GFVhghbzvoZUgdRgqL8HMrhK26tgP1ddBEVDpQFppump,Banana,Bananas,solana,0.00001608,2048,16384,131072,131072,,16384,16384,13,13,165,103,1775799626000,pumpfun,REPEAT
2026-04-10T08:06:57.458Z,3JQNRbZo9d3jteWg6FjxtUTNR1hLrLmriWGbaaZWpump,Garrison,The Alpha,solana,0.0001094,8192,131072,1048576,1048576,32768,131072,131072,101,53,1753,1214,1775797475000,pumpswap,REPEAT
2026-04-10T08:06:57.458Z,8BrKogqwr7Uad9Pwkxw91w31v2x5qf8yDL4x52Qhpump,NUERO,Nuero,solana,0.0001358,256,1024,8192,65536,32768,131072,131072,2,1,7,10,1774894182000,pumpswap,REPEAT
2026-04-10T08:06:57.458Z,Ejdy5bNuwE1jfm3NufkghrLtpMM1KJKwUjfFhxTmpump,Genα,Generation Alpha ETF,solana,0.00009767,32768,262144,1048576,1048576,32768,131072,131072,207,132,3042,1640,1775797991000,pumpswap,REPEAT
2026-04-10T08:06:57.458Z,wZ7zpuVqqWaMDe95AawZefWtWcb5cqDXzKSL8WJpump,HappyHorse,Happy Horse,solana,0.0002161,65536,524288,2097152,2097152,32768,262144,262144,136,185,1779,1775,1775796210000,pumpswap,REPEAT
2026-04-10T08:06:57.458Z,9AsvxJ4vBcU9gR14mAitrdzSFABY93z3Fdr6bSQ3pump,STACK,The Chimney Dog,solana,0.000009662,64,1024,32768,65536,,8192,8192,4,,15,14,1775786445000,pumpfun,REPEAT
2026-04-10T08:06:57.458Z,99Z4AnrTHDhiGwYPyB4kE3Nap8oo8SqBPircah7Apump,SBTI,SBTI来了,solana,0.000003214,1,256,131072,131072,,4096,4096,,1,10,15,1775795593000,pumpfun,REPEAT
2026-04-10T08:06:57.458Z,9AEtb967xTMosjp9XFhvHLhscPNYgDWc15jFAZR8pump,RƎ́V,REVÉRSÉ SOCIETY,solana,0.0001952,64,2048,8192,32768,32768,262144,262144,2,1,23,19,1775691640000,pumpswap,REPEAT
2026-04-10T08:06:57.458Z,U5sdyqACGtTDyyvSL3yqwSHo1vzUJmNuifjKVSbpump,Stacy,True Stacy,solana,0.000003093,1,1024,131072,131072,4096,4096,4096,,1,32,37,1775796046000,pumpswap,REPEAT
2026-04-10T08:06:57.458Z,98t9PEJF5QvAdGhu3MuQ2ww57NkRV1Rg7evSZNFxpump,$BABYTAN,BabyTan,solana,0.00001223,16,256,2048,16384,,16384,16384,1,,10,3,1775571529000,pumpfun,REPEAT
2026-04-10T08:06:57.458Z,2ZKy5wqQ59fxeTiUEVLrL24XseTPhizSwpn2R5hfpump,LOLNAH,The Disbelief Coin,solana,0.000004194,64,128,16384,16384,,4096,4096,1,1,2,5,1775792505000,pumpfun,REPEAT
2026-04-10T08:06:57.458Z,FaBG5QafPfxKJLDDz4jesLothFrjcjeS96SMnWLepump,Hotate,ほたてくん,solana,0.000004109,,512,65536,65536,,4096,4096,,,14,8,1775789595000,pumpfun,REPEAT
2026-04-10T08:06:57.458Z,9wcYq6LTC4vqgAWr5VQLwsR1Rc5CyzRbcTFtNLzFpump,Daisy,Daisy,solana,0.000005928,0,512,524288,524288,8192,8192,8192,,1,4,7,1775788309000,pumpswap,REPEAT
2026-04-10T08:06:57.458Z,5552z6Qp2xr596ox1UVN4ppDwwyjCfY8cXwzHMXgMcaS,MOLTING,Molting,solana,0.001053,512,8192,131072,262144,131072,1048576,1048576,15,2,112,58,1769857955000,orca,REPEAT
2026-04-10T08:06:57.458Z,BBYEvoXYaWQxvWb2x4ugwAPnVTiqqoFtxHLtagf3PEPE,BABYPEPE,BABYPEPE,solana,0.00002355,,128,8192,131072,16384,32768,32768,,,,6,1775781591000,pumpswap,REPEAT
2026-04-10T08:06:57.458Z,9YiTzXRbgoE1MtyxQ4sGF3vbdX944HNdcBmVpPQppump,umi,umi,solana,0.00002967,64,1024,8192,32768,16384,32768,32768,4,1,37,22,1774642896000,pumpswap,REPEAT
2026-04-10T08:06:57.458Z,AHFQ4tB5Fj1HTCB6sQ7MdtJf5fUHS7pdJ9sZAK3tpump,Mythos,Claude Mythos,solana,0.0002341,256,8192,65536,262144,32768,131072,131072,2,2,49,55,1774618831000,pumpswap,REPEAT
2026-04-10T08:11:57.458Z,E67wgnNewaoW1dHz3xPqCjWUY5ntAaGw2uz9Bd1vdoge,DENO,Deno Land,solana,0.00007187,,4096,8192,32768,16384,65536,65536,,,28,8,1772482423000,meteora,REPEAT
2026-04-10T08:11:57.458Z,FdUmX7zQSZgPxt1D7rtbKQisP4a2MXyejAxEnVvepump,Stoic,Stoicism ,solana,0.0001753,2048,32768,262144,1048576,32768,131072,131072,33,18,413,311,1775773975000,pumpswap,REPEAT
2026-04-10T08:11:57.458Z,DLsGGp9se7uUzE1SKbWD4hur1c9bjXnK3ADUejXJpump,T26,PROJECT T26 COIN,solana,0.00003926,,4096,8192,8192,16384,32768,32768,,,54,60,1775801805000,pumpswap,REPEAT
2026-04-10T08:11:57.458Z,8ZHLjQy2SJTvJ65HG8GQP2zjKa2R5Gify2xXrfZzpump,Cease,Cease Fire,solana,0.000003221,,256,1024,1024,,4096,4096,,,8,5,1775803114000,pumpfun,REPEAT
2026-04-10T08:11:57.458Z,BgSBbGpELTyuYXyU1C2v3jcAvJdCq1R6XEo1HaxYpump,BIZY,Bizy,solana,0.00004736,32768,1048576,2097152,2097152,16384,65536,65536,193,162,3689,2835,1775800328000,pumpswap,REPEAT
2026-04-10T08:11:57.458Z,2pDdYPaT2Ww2aVPoa1mw2P8gokctwk8b4ifkNfBApump,pisscoin,pisscoin,solana,0.00001977,8,512,2048,8192,16384,16384,16384,1,1,12,6,1774571155000,pumpswap,REPEAT
2026-04-10T08:11:57.458Z,GxJjdCrPzYnEBjnyoq5gsqed6TqKoAQJ3NtmajPpump,SBTI,SBTI,solana,0.002750,131072,2097152,4194304,4194304,131072,2097152,2097152,694,342,11403,6377,1775800461000,pumpswap,REPEAT
2026-04-10T08:11:57.458Z,CmtYYjTBYxj5ExeyREFoM5gMNDo4GQ4sjrE7Vx9upump,HUNTER,HunterBidenSmokingCrackCoin,solana,0.00001457,64,4096,65536,65536,8192,16384,16384,2,4,52,46,1775796857000,pumpswap,REPEAT
2026-04-10T08:11:57.458Z,6DUdwjXtqJKrNFQBQzsaPW7pP2EZg2hbQ92NBi9Ppump,HAHA,HAHA,solana,0.0001336,16384,262144,1048576,1048576,32768,131072,131072,114,60,1715,1257,1775797888000,pumpswap,REPEAT
2026-04-10T08:11:57.458Z,2ecWqqjWZ5hkYLHzCn9TEn2DtpVdNvMicLf3RzfLpump,Chicky,Official Chicky Coin,solana,0.0001082,1024,8192,32768,131072,32768,131072,131072,15,6,62,53,1774972475000,pumpswap,REPEAT
2026-04-10T08:11:57.458Z,82MmG1uH2BWLyoU7VCFYMohP9CT63q5paiKHAAAn3zWx,ANIME,Anime Bitcoin,solana,0.0005057,4096,32768,32768,131072,65536,524288,524288,36,33,278,303,1743542810000,pumpswap,REPEAT
2026-04-10T08:11:57.458Z,GFVhghbzvoZUgdRgqL8HMrhK26tgP1ddBEVDpQFppump,Banana,Bananas,solana,0.00001875,1024,16384,131072,131072,,16384,16384,11,6,166,99,1775799626000,pumpfun,REPEAT
2026-04-10T08:11:57.458Z,3JQNRbZo9d3jteWg6FjxtUTNR1hLrLmriWGbaaZWpump,Garrison,The Alpha,solana,0.00009440,8192,131072,1048576,1048576,32768,131072,131072,138,84,1688,1138,1775797475000,pumpswap,REPEAT
2026-04-10T08:11:57.458Z,8BrKogqwr7Uad9Pwkxw91w31v2x5qf8yDL4x52Qhpump,NUERO,Nuero,solana,0.0001343,128,1024,8192,65536,32768,131072,131072,1,2,7,12,1774894182000,pumpswap,REPEAT
2026-04-10T08:11:57.458Z,Ejdy5bNuwE1jfm3NufkghrLtpMM1KJKwUjfFhxTmpump,Genα,Generation Alpha ETF,solana,0.0001010,16384,262144,1048576,1048576,32768,131072,131072,166,110,2967,1548,1775797991000,pumpswap,REPEAT
2026-04-10T08:11:57.458Z,wZ7zpuVqqWaMDe95AawZefWtWcb5cqDXzKSL8WJpump,HappyHorse,Happy Horse,solana,0.0001577,32768,524288,2097152,2097152,32768,131072,131072,144,143,1808,1826,1775796210000,pumpswap,REPEAT
2026-04-10T08:11:57.458Z,9AsvxJ4vBcU9gR14mAitrdzSFABY93z3Fdr6bSQ3pump,STACK,The Chimney Dog,solana,0.00001031,256,1024,32768,65536,,8192,8192,2,1,13,12,1775786445000,pumpfun,REPEAT
2026-04-10T08:11:57.458Z,99Z4AnrTHDhiGwYPyB4kE3Nap8oo8SqBPircah7Apump,SBTI,SBTI来了,solana,0.000003214,,256,131072,131072,,4096,4096,,,10,12,1775795593000,pumpfun,REPEAT
2026-04-10T08:11:57.458Z,9AEtb967xTMosjp9XFhvHLhscPNYgDWc15jFAZR8pump,RƎ́V,REVÉRSÉ SOCIETY,solana,0.0001958,8,1024,8192,32768,32768,262144,262144,1,,21,15,1775691640000,pumpswap,REPEAT
2026-04-10T08:11:57.458Z,U5sdyqACGtTDyyvSL3yqwSHo1vzUJmNuifjKVSbpump,Stacy,True Stacy,solana,0.000003093,,1024,131072,131072,4096,4096,4096,,,21,36,1775796046000,pumpswap,REPEAT
2026-04-10T08:11:57.458Z,98t9PEJF5QvAdGhu3MuQ2ww57NkRV1Rg7evSZNFxpump,$BABYTAN,BabyTan,solana,0.00001256,256,512,2048,16384,,16384,16384,2,3,12,6,1775571529000,pumpfun,REPEAT
2026-04-10T08:11:57.458Z,2ZKy5wqQ59fxeTiUEVLrL24XseTPhizSwpn2R5hfpump,LOLNAH,The Disbelief Coin,solana,0.000004102,32,256,16384,16384,,4096,4096,,2,2,7,1775792505000,pumpfun,REPEAT
2026-04-10T08:11:57.458Z,FaBG5QafPfxKJLDDz4jesLothFrjcjeS96SMnWLepump,Hotate,ほたてくん,solana,0.000004109,1,512,65536,65536,,4096,4096,,1,14,9,1775789595000,pumpfun,REPEAT
2026-04-10T08:11:57.458Z,9wcYq6LTC4vqgAWr5VQLwsR1Rc5CyzRbcTFtNLzFpump,Daisy,Daisy,solana,0.000005928,,512,524288,524288,8192,8192,8192,,,4,7,1775788309000,pumpswap,REPEAT
2026-04-10T08:11:57.458Z,5552z6Qp2xr596ox1UVN4ppDwwyjCfY8cXwzHMXgMcaS,MOLTING,Molting,solana,0.001040,512,8192,131072,262144,131072,1048576,1048576,8,4,134,50,1769857955000,orca,REPEAT
2026-04-10T08:11:57.458Z,BBYEvoXYaWQxvWb2x4ugwAPnVTiqqoFtxHLtagf3PEPE,BABYPEPE,BABYPEPE,solana,0.00002329,16,128,8192,131072,16384,32768,32768,,1,,5,1775781591000,pumpswap,REPEAT
2026-04-10T08:11:57.458Z,9YiTzXRbgoE1MtyxQ4sGF3vbdX944HNdcBmVpPQppump,umi,umi,solana,0.00003031,128,1024,8192,32768,16384,32768,32768,1,,36,17,1774642896000,pumpswap,REPEAT
2026-04-10T08:11:57.458Z,AHFQ4tB5Fj1HTCB6sQ7MdtJf5fUHS7pdJ9sZAK3tpump,Mythos,Claude Mythos,solana,0.0002342,1,8192,65536,262144,32768,131072,131072,,1,48,56,1774618831000,pumpswap,REPEAT
2026-04-10T08:16:57.458Z,E67wgnNewaoW1dHz3xPqCjWUY5ntAaGw2uz9Bd1vdoge,DENO,Deno Land,solana,0.00007442,256,4096,8192,32768,16384,65536,65536,3,1,30,9,1772482423000,meteora,REPEAT
2026-04-10T08:16:57.458Z,FdUmX7zQSZgPxt1D7rtbKQisP4a2MXyejAxEnVvepump,Stoic,Stoicism ,solana,0.0001753,2048,32768,262144,1048576,32768,131072,131072,25,14,397,307,1775773975000,pumpswap,REPEAT
2026-04-10T08:16:57.458Z,DLsGGp9se7uUzE1SKbWD4hur1c9bjXnK3ADUejXJpump,T26,PROJECT T26 COIN,solana,0.00003916,2,4096,8192,8192,16384,32768,32768,,2,54,61,1775801805000,pumpswap,REPEAT
2026-04-10T08:16:57.458Z,8ZHLjQy2SJTvJ65HG8GQP2zjKa2R5Gify2xXrfZzpump,Cease,Cease Fire,solana,0.000003221,,256,1024,1024,,4096,4096,,,5,5,1775803114000,pumpfun,REPEAT
2026-04-10T08:16:57.458Z,BgSBbGpELTyuYXyU1C2v3jcAvJdCq1R6XEo1HaxYpump,BIZY,Bizy,solana,0.000003357,16384,524288,2097152,2097152,4096,4096,4096,172,781,3521,3361,1775800328000,pumpswap,REPEAT
2026-04-10T08:16:57.458Z,2pDdYPaT2Ww2aVPoa1mw2P8gokctwk8b4ifkNfBApump,pisscoin,pisscoin,solana,0.00001952,4,512,2048,8192,16384,16384,16384,,1,12,7,1774571155000,pumpswap,REPEAT
2026-04-10T08:16:57.458Z,GxJjdCrPzYnEBjnyoq5gsqed6TqKoAQJ3NtmajPpump,SBTI,SBTI,solana,0.002714,131072,2097152,4194304,4194304,131072,2097152,2097152,769,367,11140,6131,1775800461000,pumpswap,REPEAT
2026-04-10T08:16:57.458Z,CmtYYjTBYxj5ExeyREFoM5gMNDo4GQ4sjrE7Vx9upump,HUNTER,HunterBidenSmokingCrackCoin,solana,0.00001540,128,4096,65536,65536,8192,16384,16384,8,,56,42,1775796857000,pumpswap,REPEAT
2026-04-10T08:16:57.458Z,6DUdwjXtqJKrNFQBQzsaPW7pP2EZg2hbQ92NBi9Ppump,HAHA,HAHA,solana,0.0001385,16384,262144,1048576,1048576,32768,131072,131072,121,58,1711,1177,1775797888000,pumpswap,REPEAT
2026-04-10T08:16:57.458Z,2ecWqqjWZ5hkYLHzCn9TEn2DtpVdNvMicLf3RzfLpump,Chicky,Official Chicky Coin,solana,0.00009532,2048,8192,32768,131072,32768,131072,131072,32,20,106,73,1774972475000,pumpswap,REPEAT
2026-04-10T08:16:57.458Z,82MmG1uH2BWLyoU7VCFYMohP9CT63q5paiKHAAAn3zWx,ANIME,Anime Bitcoin,solana,0.0005017,512,32768,32768,131072,65536,524288,524288,22,21,288,311,1743542810000,pumpswap,REPEAT
2026-04-10T08:16:57.458Z,GFVhghbzvoZUgdRgqL8HMrhK26tgP1ddBEVDpQFppump,Banana,Bananas,solana,0.00001512,1024,16384,131072,131072,,16384,16384,4,11,166,101,1775799626000,pumpfun,REPEAT
2026-04-10T08:16:57.458Z,3JQNRbZo9d3jteWg6FjxtUTNR1hLrLmriWGbaaZWpump,Garrison,The Alpha,solana,0.00009029,16384,131072,1048576,1048576,32768,65536,65536,232,95,1774,1094,1775797475000,pumpswap,REPEAT
2026-04-10T08:16:57.458Z,8BrKogqwr7Uad9Pwkxw91w31v2x5qf8yDL4x52Qhpump,NUERO,Nuero,solana,0.0001342,1,1024,8192,65536,32768,131072,131072,1,,8,11,1774894182000,pumpswap,REPEAT
2026-04-10T08:16:57.458Z,Ejdy5bNuwE1jfm3NufkghrLtpMM1KJKwUjfFhxTmpump,Genα,Generation Alpha ETF,solana,0.00009110,16384,262144,1048576,1048576,32768,65536,65536,156,120,2947,1509,1775797991000,pumpswap,REPEAT
2026-04-10T08:16:57.458Z,wZ7zpuVqqWaMDe95AawZefWtWcb5cqDXzKSL8WJpump,HappyHorse,Happy Horse,solana,0.00008537,65536,524288,2097152,2097152,32768,65536,65536,322,367,1988,2137,1775796210000,pumpswap,REPEAT
2026-04-10T08:16:57.458Z,9AsvxJ4vBcU9gR14mAitrdzSFABY93z3Fdr6bSQ3pump,STACK,The Chimney Dog,solana,0.00001021,32,1024,32768,65536,,8192,8192,,1,13,12,1775786445000,pumpfun,REPEAT
2026-04-10T08:16:57.458Z,99Z4AnrTHDhiGwYPyB4kE3Nap8oo8SqBPircah7Apump,SBTI,SBTI来了,solana,0.000003214,,128,131072,131072,,4096,4096,,,10,10,1775795593000,pumpfun,REPEAT
2026-04-10T08:16:57.458Z,9AEtb967xTMosjp9XFhvHLhscPNYgDWc15jFAZR8pump,RƎ́V,REVÉRSÉ SOCIETY,solana,0.0002094,512,2048,8192,32768,32768,262144,262144,6,,26,11,1775691640000,pumpswap,REPEAT
2026-04-10T08:16:57.458Z,U5sdyqACGtTDyyvSL3yqwSHo1vzUJmNuifjKVSbpump,Stacy,True Stacy,solana,0.000003086,4,1024,131072,131072,4096,4096,4096,,3,18,35,1775796046000,pumpswap,REPEAT
2026-04-10T08:16:57.458Z,98t9PEJF5QvAdGhu3MuQ2ww57NkRV1Rg7evSZNFxpump,$BABYTAN,BabyTan,solana,0.00001256,,512,2048,16384,,16384,16384,,,12,6,1775571529000,pumpfun,REPEAT
2026-04-10T08:16:57.458Z,2ZKy5wqQ59fxeTiUEVLrL24XseTPhizSwpn2R5hfpump,LOLNAH,The Disbelief Coin,solana,0.000004100,1,256,16384,16384,,4096,4096,,1,2,8,1775792505000,pumpfun,REPEAT
2026-04-10T08:16:57.458Z,FaBG5QafPfxKJLDDz4jesLothFrjcjeS96SMnWLepump,Hotate,ほたてくん,solana,0.000004023,32,512,65536,65536,,4096,4096,,2,12,10,1775789595000,pumpfun,REPEAT
2026-04-10T08:16:57.458Z,9wcYq6LTC4vqgAWr5VQLwsR1Rc5CyzRbcTFtNLzFpump,Daisy,Daisy,solana,0.000005928,,64,524288,524288,8192,8192,8192,,,1,6,1775788309000,pumpswap,REPEAT
2026-04-10T08:16:57.458Z,5552z6Qp2xr596ox1UVN4ppDwwyjCfY8cXwzHMXgMcaS,MOLTING,Molting,solana,0.001089,2048,16384,131072,262144,131072,1048576,1048576,8,7,137,53,1769857955000,orca,REPEAT
2026-04-10T08:16:57.458Z,BBYEvoXYaWQxvWb2x4ugwAPnVTiqqoFtxHLtagf3PEPE,BABYPEPE,BABYPEPE,solana,0.00002329,,128,8192,131072,16384,32768,32768,,,,5,1775781591000,pumpswap,REPEAT
2026-04-10T08:16:57.458Z,9YiTzXRbgoE1MtyxQ4sGF3vbdX944HNdcBmVpPQppump,umi,umi,solana,0.00003019,256,1024,8192,32768,16384,32768,32768,2,3,38,20,1774642896000,pumpswap,REPEAT
2026-04-10T08:16:57.458Z,AHFQ4tB5Fj1HTCB6sQ7MdtJf5fUHS7pdJ9sZAK3tpump,Mythos,Claude Mythos,solana,0.0002377,128,8192,65536,262144,32768,262144,262144,4,1,48,53,1774618831000,pumpswap,REPEAT
2026-04-10T08:21:57.459Z,E67wgnNewaoW1dHz3xPqCjWUY5ntAaGw2uz9Bd1vdoge,DENO,Deno Land,solana,0.00006528,256,4096,16384,32768,16384,65536,65536,,3,28,13,1772482423000,meteora,REPEAT
2026-04-10T08:21:57.459Z,FdUmX7zQSZgPxt1D7rtbKQisP4a2MXyejAxEnVvepump,Stoic,Stoicism ,solana,0.0001725,8192,32768,262144,1048576,32768,131072,131072,60,33,406,297,1775773975000,pumpswap,REPEAT
2026-04-10T08:21:57.459Z,DLsGGp9se7uUzE1SKbWD4hur1c9bjXnK3ADUejXJpump,T26,PROJECT T26 COIN,solana,0.00003916,,4096,8192,8192,16384,32768,32768,,,54,60,1775801805000,pumpswap,REPEAT
2026-04-10T08:21:57.459Z,8ZHLjQy2SJTvJ65HG8GQP2zjKa2R5Gify2xXrfZzpump,Cease,Cease Fire,solana,0.000003221,,64,1024,1024,,4096,4096,,,5,2,1775803114000,pumpfun,REPEAT
2026-04-10T08:21:57.459Z,BgSBbGpELTyuYXyU1C2v3jcAvJdCq1R6XEo1HaxYpump,BIZY,Bizy,solana,0.000002937,128,524288,2097152,2097152,4096,4096,4096,4,24,3172,3071,1775800328000,pumpswap,REPEAT
2026-04-10T08:21:57.459Z,2pDdYPaT2Ww2aVPoa1mw2P8gokctwk8b4ifkNfBApump,pisscoin,pisscoin,solana,0.00001952,,512,2048,8192,16384,16384,16384,,,11,7,1774571155000,pumpswap,REPEAT
2026-04-10T08:21:57.459Z,GxJjdCrPzYnEBjnyoq5gsqed6TqKoAQJ3NtmajPpump,SBTI,SBTI,solana,0.002620,65536,2097152,4194304,4194304,131072,2097152,2097152,474,284,10604,5583,1775800461000,pumpswap,REPEAT
2026-04-10T08:21:57.459Z,CmtYYjTBYxj5ExeyREFoM5gMNDo4GQ4sjrE7Vx9upump,HUNTER,HunterBidenSmokingCrackCoin,solana,0.00001497,256,4096,65536,65536,8192,16384,16384,3,7,59,46,1775796857000,pumpswap,REPEAT
2026-04-10T08:21:57.459Z,6DUdwjXtqJKrNFQBQzsaPW7pP2EZg2hbQ92NBi9Ppump,HAHA,HAHA,solana,0.0001346,16384,262144,1048576,1048576,32768,131072,131072,118,49,1676,1075,1775797888000,pumpswap,REPEAT
2026-04-10T08:21:57.459Z,2ecWqqjWZ5hkYLHzCn9TEn2DtpVdNvMicLf3RzfLpump,Chicky,Official Chicky Coin,solana,0.00009837,256,8192,32768,131072,32768,131072,131072,6,6,113,71,1774972475000,pumpswap,REPEAT
2026-04-10T08:21:57.459Z,82MmG1uH2BWLyoU7VCFYMohP9CT63q5paiKHAAAn3zWx,ANIME,Anime Bitcoin,solana,0.0005188,1024,32768,32768,131072,65536,524288,524288,24,18,303,315,1743542810000,pumpswap,REPEAT
2026-04-10T08:21:57.459Z,GFVhghbzvoZUgdRgqL8HMrhK26tgP1ddBEVDpQFppump,Banana,Bananas,solana,0.00001498,256,16384,131072,131072,,16384,16384,5,6,163,106,1775799626000,pumpfun,REPEAT
2026-04-10T08:21:57.459Z,3JQNRbZo9d3jteWg6FjxtUTNR1hLrLmriWGbaaZWpump,Garrison,The Alpha,solana,0.00008542,2048,131072,1048576,1048576,32768,65536,65536,43,70,1593,964,1775797475000,pumpswap,REPEAT
2026-04-10T08:21:57.459Z,8BrKogqwr7Uad9Pwkxw91w31v2x5qf8yDL4x52Qhpump,NUERO,Nuero,solana,0.0001342,,1024,8192,65536,32768,131072,131072,,,8,11,1774894182000,pumpswap,REPEAT
2026-04-10T08:21:57.459Z,Ejdy5bNuwE1jfm3NufkghrLtpMM1KJKwUjfFhxTmpump,Genα,Generation Alpha ETF,solana,0.00008456,16384,262144,1048576,1048576,32768,65536,65536,145,123,2946,1564,1775797991000,pumpswap,REPEAT
2026-04-10T08:21:57.459Z,wZ7zpuVqqWaMDe95AawZefWtWcb5cqDXzKSL8WJpump,HappyHorse,Happy Horse,solana,0.00007005,8192,524288,2097152,2097152,16384,65536,65536,49,24,1884,2042,1775796210000,pumpswap,REPEAT
2026-04-10T08:21:57.459Z,9AsvxJ4vBcU9gR14mAitrdzSFABY93z3Fdr6bSQ3pump,STACK,The Chimney Dog,solana,0.00001021,0,1024,32768,65536,,8192,8192,,1,13,11,1775786445000,pumpfun,REPEAT
2026-04-10T08:21:57.459Z,99Z4AnrTHDhiGwYPyB4kE3Nap8oo8SqBPircah7Apump,SBTI,SBTI来了,solana,0.000003214,,128,131072,131072,,4096,4096,,,10,9,1775795593000,pumpfun,REPEAT
2026-04-10T08:21:57.459Z,9AEtb967xTMosjp9XFhvHLhscPNYgDWc15jFAZR8pump,RƎ́V,REVÉRSÉ SOCIETY,solana,0.0002095,16,2048,8192,32768,32768,262144,262144,1,1,23,12,1775691640000,pumpswap,REPEAT
2026-04-10T08:21:57.459Z,U5sdyqACGtTDyyvSL3yqwSHo1vzUJmNuifjKVSbpump,Stacy,True Stacy,solana,0.000003086,,1024,131072,131072,4096,4096,4096,,,18,31,1775796046000,pumpswap,REPEAT
2026-04-10T08:21:57.459Z,98t9PEJF5QvAdGhu3MuQ2ww57NkRV1Rg7evSZNFxpump,$BABYTAN,BabyTan,solana,0.00001210,128,512,2048,16384,,16384,16384,,1,12,7,1775571529000,pumpfun,REPEAT
2026-04-10T08:21:57.459Z,2ZKy5wqQ59fxeTiUEVLrL24XseTPhizSwpn2R5hfpump,LOLNAH,The Disbelief Coin,solana,0.000004100,,256,16384,16384,,4096,4096,,,2,8,1775792505000,pumpfun,REPEAT
2026-04-10T08:21:57.459Z,FaBG5QafPfxKJLDDz4jesLothFrjcjeS96SMnWLepump,Hotate,ほたてくん,solana,0.000004023,,512,65536,65536,,4096,4096,,,11,10,1775789595000,pumpfun,REPEAT
2026-04-10T08:21:57.459Z,9wcYq6LTC4vqgAWr5VQLwsR1Rc5CyzRbcTFtNLzFpump,Daisy,Daisy,solana,0.000005928,,64,524288,524288,8192,8192,8192,,,1,5,1775788309000,pumpswap,REPEAT
2026-04-10T08:21:57.459Z,5552z6Qp2xr596ox1UVN4ppDwwyjCfY8cXwzHMXgMcaS,MOLTING,Molting,solana,0.001091,1024,16384,131072,262144,131072,1048576,1048576,8,6,143,57,1769857955000,orca,REPEAT
2026-04-10T08:21:57.459Z,BBYEvoXYaWQxvWb2x4ugwAPnVTiqqoFtxHLtagf3PEPE,BABYPEPE,BABYPEPE,solana,0.00002329,,128,8192,131072,16384,32768,32768,,,,4,1775781591000,pumpswap,REPEAT
2026-04-10T08:21:57.459Z,9YiTzXRbgoE1MtyxQ4sGF3vbdX944HNdcBmVpPQppump,umi,umi,solana,0.00003277,512,2048,8192,32768,16384,32768,32768,8,1,44,19,1774642896000,pumpswap,REPEAT
2026-04-10T08:21:57.459Z,AHFQ4tB5Fj1HTCB6sQ7MdtJf5fUHS7pdJ9sZAK3tpump,Mythos,Claude Mythos,solana,0.0002251,2048,8192,65536,262144,32768,131072,131072,10,5,60,53,1774618831000,pumpswap,REPEAT
2026-04-10T08:26:57.460Z,E67wgnNewaoW1dHz3xPqCjWUY5ntAaGw2uz9Bd1vdoge,DENO,Deno Land,solana,0.00006077,512,4096,16384,32768,16384,65536,65536,1,1,28,14,1772482423000,meteora,REPEAT
2026-04-10T08:26:57.460Z,FdUmX7zQSZgPxt1D7rtbKQisP4a2MXyejAxEnVvepump,Stoic,Stoicism ,solana,0.0001702,2048,32768,262144,1048576,32768,131072,131072,28,21,406,294,1775773975000,pumpswap,REPEAT
2026-04-10T08:26:57.460Z,DLsGGp9se7uUzE1SKbWD4hur1c9bjXnK3ADUejXJpump,T26,PROJECT T26 COIN,solana,0.00003916,,2048,8192,8192,16384,32768,32768,,,25,44,1775801805000,pumpswap,REPEAT
2026-04-10T08:26:57.460Z,8ZHLjQy2SJTvJ65HG8GQP2zjKa2R5Gify2xXrfZzpump,Cease,Cease Fire,solana,0.000003221,,32,1024,1024,,4096,4096,,,4,1,1775803114000,pumpfun,REPEAT
2026-04-10T08:26:57.460Z,BgSBbGpELTyuYXyU1C2v3jcAvJdCq1R6XEo1HaxYpump,BIZY,Bizy,solana,0.000002419,256,524288,2097152,2097152,4096,2048,2048,7,6,2866,2819,1775800328000,pumpswap,REPEAT
2026-04-10T08:26:57.460Z,2pDdYPaT2Ww2aVPoa1mw2P8gokctwk8b4ifkNfBApump,pisscoin,pisscoin,solana,0.00001952,,512,2048,8192,16384,16384,16384,,,11,5,1774571155000,pumpswap,REPEAT
2026-04-10T08:26:57.460Z,GxJjdCrPzYnEBjnyoq5gsqed6TqKoAQJ3NtmajPpump,SBTI,SBTI,solana,0.002862,131072,2097152,4194304,4194304,131072,2097152,2097152,602,317,10237,5335,1775800461000,pumpswap,REPEAT
2026-04-10T08:26:57.460Z,CmtYYjTBYxj5ExeyREFoM5gMNDo4GQ4sjrE7Vx9upump,HUNTER,HunterBidenSmokingCrackCoin,solana,0.00001257,512,4096,65536,65536,8192,16384,16384,1,6,60,51,1775796857000,pumpswap,REPEAT
2026-04-10T08:26:57.460Z,6DUdwjXtqJKrNFQBQzsaPW7pP2EZg2hbQ92NBi9Ppump,HAHA,HAHA,solana,0.0001048,16384,262144,1048576,1048576,32768,131072,131072,109,63,1614,1020,1775797888000,pumpswap,REPEAT
2026-04-10T08:26:57.460Z,2ecWqqjWZ5hkYLHzCn9TEn2DtpVdNvMicLf3RzfLpump,Chicky,Official Chicky Coin,solana,0.0001024,256,8192,32768,131072,32768,131072,131072,5,6,113,77,1774972475000,pumpswap,REPEAT
2026-04-10T08:26:57.460Z,82MmG1uH2BWLyoU7VCFYMohP9CT63q5paiKHAAAn3zWx,ANIME,Anime Bitcoin,solana,0.0005149,2048,32768,65536,131072,65536,524288,524288,19,28,307,316,1743542810000,pumpswap,REPEAT
2026-04-10T08:26:57.460Z,GFVhghbzvoZUgdRgqL8HMrhK26tgP1ddBEVDpQFppump,Banana,Bananas,solana,0.00001484,1024,16384,131072,131072,,16384,16384,5,5,157,110,1775799626000,pumpfun,REPEAT
2026-04-10T08:26:57.460Z,3JQNRbZo9d3jteWg6FjxtUTNR1hLrLmriWGbaaZWpump,Garrison,The Alpha,solana,0.00008919,8192,131072,1048576,1048576,32768,65536,65536,80,90,1543,955,1775797475000,pumpswap,REPEAT
2026-04-10T08:26:57.460Z,8BrKogqwr7Uad9Pwkxw91w31v2x5qf8yDL4x52Qhpump,NUERO,Nuero,solana,0.0001410,512,2048,8192,65536,32768,131072,131072,6,1,14,12,1774894182000,pumpswap,REPEAT
2026-04-10T08:26:57.460Z,Ejdy5bNuwE1jfm3NufkghrLtpMM1KJKwUjfFhxTmpump,Genα,Generation Alpha ETF,solana,0.00009944,16384,262144,1048576,1048576,32768,131072,131072,228,144,2922,1569,1775797991000,pumpswap,REPEAT
2026-04-10T08:26:57.460Z,wZ7zpuVqqWaMDe95AawZefWtWcb5cqDXzKSL8WJpump,HappyHorse,Happy Horse,solana,0.000002996,32768,524288,2097152,2097152,4096,4096,4096,205,2557,1891,4309,1775796210000,pumpswap,REPEAT
2026-04-10T08:26:57.460Z,9AsvxJ4vBcU9gR14mAitrdzSFABY93z3Fdr6bSQ3pump,STACK,The Chimney Dog,solana,0.00001054,64,1024,32768,65536,,8192,8192,2,,14,11,1775786445000,pumpfun,REPEAT
2026-04-10T08:26:57.460Z,99Z4AnrTHDhiGwYPyB4kE3Nap8oo8SqBPircah7Apump,SBTI,SBTI来了,solana,0.000003248,16,256,131072,131072,,4096,4096,1,,10,9,1775795593000,pumpfun,REPEAT
2026-04-10T08:26:57.460Z,9AEtb967xTMosjp9XFhvHLhscPNYgDWc15jFAZR8pump,RƎ́V,REVÉRSÉ SOCIETY,solana,0.0002095,,2048,8192,32768,32768,262144,262144,,,23,11,1775691640000,pumpswap,REPEAT
2026-04-10T08:26:57.460Z,U5sdyqACGtTDyyvSL3yqwSHo1vzUJmNuifjKVSbpump,Stacy,True Stacy,solana,0.000003072,8,512,131072,131072,4096,4096,4096,,1,11,31,1775796046000,pumpswap,REPEAT
2026-04-10T08:26:57.460Z,98t9PEJF5QvAdGhu3MuQ2ww57NkRV1Rg7evSZNFxpump,$BABYTAN,BabyTan,solana,0.00001208,8,512,2048,16384,,16384,16384,,1,11,8,1775571529000,pumpfun,REPEAT
2026-04-10T08:26:57.460Z,2ZKy5wqQ59fxeTiUEVLrL24XseTPhizSwpn2R5hfpump,LOLNAH,The Disbelief Coin,solana,0.000004060,16,128,16384,16384,,4096,4096,,1,2,8,1775792505000,pumpfun,REPEAT
2026-04-10T08:26:57.460Z,FaBG5QafPfxKJLDDz4jesLothFrjcjeS96SMnWLepump,Hotate,ほたてくん,solana,0.000004005,4,128,65536,65536,,4096,4096,,1,9,10,1775789595000,pumpfun,REPEAT
2026-04-10T08:26:57.460Z,9wcYq6LTC4vqgAWr5VQLwsR1Rc5CyzRbcTFtNLzFpump,Daisy,Daisy,solana,0.000005910,,64,524288,524288,8192,8192,8192,,,1,5,1775788309000,pumpswap,REPEAT
2026-04-10T08:26:57.460Z,5552z6Qp2xr596ox1UVN4ppDwwyjCfY8cXwzHMXgMcaS,MOLTING,Molting,solana,0.001392,8192,32768,131072,262144,131072,1048576,1048576,19,18,154,73,1769857955000,orca,REPEAT
2026-04-10T08:26:57.460Z,BBYEvoXYaWQxvWb2x4ugwAPnVTiqqoFtxHLtagf3PEPE,BABYPEPE,BABYPEPE,solana,0.00002329,,64,8192,131072,16384,32768,32768,,,,3,1775781591000,pumpswap,REPEAT
2026-04-10T08:26:57.460Z,9YiTzXRbgoE1MtyxQ4sGF3vbdX944HNdcBmVpPQppump,umi,umi,solana,0.00003214,128,2048,8192,32768,16384,32768,32768,1,5,42,23,1774642896000,pumpswap,REPEAT
2026-04-10T08:26:57.460Z,AHFQ4tB5Fj1HTCB6sQ7MdtJf5fUHS7pdJ9sZAK3tpump,Mythos,Claude Mythos,solana,0.0002296,128,8192,65536,262144,32768,131072,131072,7,10,67,64,1774618831000,pumpswap,REPEAT
2026-04-10T08:31:57.460Z,E67wgnNewaoW1dHz3xPqCjWUY5ntAaGw2uz9Bd1vdoge,DENO,Deno Land,solana,0.00006366,1024,4096,16384,32768,16384,65536,65536,8,4,34,18,1772482423000,meteora,REPEAT
2026-04-10T08:31:57.460Z,FdUmX7zQSZgPxt1D7rtbKQisP4a2MXyejAxEnVvepump,Stoic,Stoicism ,solana,0.0001791,2048,32768,262144,1048576,32768,131072,131072,22,21,389,287,1775773975000,pumpswap,REPEAT
2026-04-10T08:31:57.460Z,DLsGGp9se7uUzE1SKbWD4hur1c9bjXnK3ADUejXJpump,T26,PROJECT T26 COIN,solana,0.00003916,,2048,8192,8192,16384,32768,32768,,,24,41,1775801805000,pumpswap,REPEAT
2026-04-10T08:31:57.460Z,8ZHLjQy2SJTvJ65HG8GQP2zjKa2R5Gify2xXrfZzpump,Cease,Cease Fire,solana,0.000003221,,32,1024,1024,,4096,4096,,,2,1,1775803114000,pumpfun,REPEAT
2026-04-10T08:31:57.460Z,BgSBbGpELTyuYXyU1C2v3jcAvJdCq1R6XEo1HaxYpump,BIZY,Bizy,solana,0.000002463,64,524288,2097152,2097152,4096,2048,2048,7,3,2576,2611,1775800328000,pumpswap,REPEAT
2026-04-10T08:31:57.460Z,2pDdYPaT2Ww2aVPoa1mw2P8gokctwk8b4ifkNfBApump,pisscoin,pisscoin,solana,0.00001952,,512,2048,8192,16384,16384,16384,,,11,5,1774571155000,pumpswap,REPEAT
2026-04-10T08:31:57.460Z,GxJjdCrPzYnEBjnyoq5gsqed6TqKoAQJ3NtmajPpump,SBTI,SBTI,solana,0.002713,65536,2097152,4194304,4194304,131072,2097152,2097152,479,287,9734,5026,1775800461000,pumpswap,REPEAT
2026-04-10T08:31:57.460Z,CmtYYjTBYxj5ExeyREFoM5gMNDo4GQ4sjrE7Vx9upump,HUNTER,HunterBidenSmokingCrackCoin,solana,0.00001200,256,4096,65536,65536,8192,8192,8192,7,3,54,49,1775796857000,pumpswap,REPEAT
2026-04-10T08:31:57.460Z,6DUdwjXtqJKrNFQBQzsaPW7pP2EZg2hbQ92NBi9Ppump,HAHA,HAHA,solana,0.0001102,16384,262144,1048576,1048576,32768,131072,131072,123,66,1588,972,1775797888000,pumpswap,REPEAT
2026-04-10T08:31:57.460Z,2ecWqqjWZ5hkYLHzCn9TEn2DtpVdNvMicLf3RzfLpump,Chicky,Official Chicky Coin,solana,0.0001039,512,8192,32768,131072,32768,131072,131072,1,5,113,78,1774972475000,pumpswap,REPEAT
2026-04-10T08:31:57.460Z,82MmG1uH2BWLyoU7VCFYMohP9CT63q5paiKHAAAn3zWx,ANIME,Anime Bitcoin,solana,0.0005339,2048,32768,65536,131072,65536,524288,524288,19,24,304,312,1743542810000,pumpswap,REPEAT
2026-04-10T08:31:57.460Z,GFVhghbzvoZUgdRgqL8HMrhK26tgP1ddBEVDpQFppump,Banana,Bananas,solana,0.00001633,1024,16384,131072,131072,,16384,16384,11,11,160,114,1775799626000,pumpfun,REPEAT
2026-04-10T08:31:57.460Z,3JQNRbZo9d3jteWg6FjxtUTNR1hLrLmriWGbaaZWpump,Garrison,The Alpha,solana,0.00008992,2048,131072,1048576,1048576,32768,65536,65536,42,35,1510,932,1775797475000,pumpswap,REPEAT
2026-04-10T08:31:57.460Z,8BrKogqwr7Uad9Pwkxw91w31v2x5qf8yDL4x52Qhpump,NUERO,Nuero,solana,0.0001420,1024,2048,8192,65536,32768,131072,131072,4,4,18,14,1774894182000,pumpswap,REPEAT
2026-04-10T08:31:57.460Z,Ejdy5bNuwE1jfm3NufkghrLtpMM1KJKwUjfFhxTmpump,Genα,Generation Alpha ETF,solana,0.00009138,16384,262144,1048576,1048576,32768,65536,65536,196,115,2909,1585,1775797991000,pumpswap,REPEAT
2026-04-10T08:31:57.460Z,wZ7zpuVqqWaMDe95AawZefWtWcb5cqDXzKSL8WJpump,HappyHorse,Happy Horse,solana,0.000002838,256,262144,2097152,2097152,4096,2048,2048,15,10,1587,4016,1775796210000,pumpswap,REPEAT
2026-04-10T08:31:57.460Z,9AsvxJ4vBcU9gR14mAitrdzSFABY93z3Fdr6bSQ3pump,STACK,The Chimney Dog,solana,0.00001100,256,1024,32768,65536,,8192,8192,3,2,17,13,1775786445000,pumpfun,REPEAT
2026-04-10T08:31:57.460Z,99Z4AnrTHDhiGwYPyB4kE3Nap8oo8SqBPircah7Apump,SBTI,SBTI来了,solana,0.000003236,8,128,131072,131072,,4096,4096,,3,8,11,1775795593000,pumpfun,REPEAT
2026-04-10T08:31:57.460Z,9AEtb967xTMosjp9XFhvHLhscPNYgDWc15jFAZR8pump,RƎ́V,REVÉRSÉ SOCIETY,solana,0.0002131,128,2048,8192,32768,32768,262144,262144,6,1,29,11,1775691640000,pumpswap,REPEAT
2026-04-10T08:31:57.460Z,U5sdyqACGtTDyyvSL3yqwSHo1vzUJmNuifjKVSbpump,Stacy,True Stacy,solana,0.000003338,128,512,131072,131072,4096,4096,4096,4,2,14,25,1775796046000,pumpswap,REPEAT
2026-04-10T08:31:57.460Z,98t9PEJF5QvAdGhu3MuQ2ww57NkRV1Rg7evSZNFxpump,$BABYTAN,BabyTan,solana,0.00001151,128,512,2048,16384,,8192,8192,2,3,13,11,1775571529000,pumpfun,REPEAT
2026-04-10T08:31:57.460Z,2ZKy5wqQ59fxeTiUEVLrL24XseTPhizSwpn2R5hfpump,LOLNAH,The Disbelief Coin,solana,0.000004060,,128,16384,16384,,4096,4096,,,1,8,1775792505000,pumpfun,REPEAT
2026-04-10T08:31:57.460Z,FaBG5QafPfxKJLDDz4jesLothFrjcjeS96SMnWLepump,Hotate,ほたてくん,solana,0.000003705,128,256,65536,65536,,4096,4096,,1,9,8,1775789595000,pumpfun,REPEAT
2026-04-10T08:31:57.460Z,9wcYq6LTC4vqgAWr5VQLwsR1Rc5CyzRbcTFtNLzFpump,Daisy,Daisy,solana,0.000005910,,8,524288,524288,8192,8192,8192,,,,3,1775788309000,pumpswap,REPEAT
2026-04-10T08:31:57.460Z,5552z6Qp2xr596ox1UVN4ppDwwyjCfY8cXwzHMXgMcaS,MOLTING,Molting,solana,0.001342,2048,32768,131072,262144,131072,1048576,1048576,11,12,154,81,1769857955000,orca,REPEAT
2026-04-10T08:31:57.460Z,BBYEvoXYaWQxvWb2x4ugwAPnVTiqqoFtxHLtagf3PEPE,BABYPEPE,BABYPEPE,solana,0.00002320,0,64,4096,131072,16384,32768,32768,,1,,4,1775781591000,pumpswap,REPEAT
2026-04-10T08:31:57.460Z,9YiTzXRbgoE1MtyxQ4sGF3vbdX944HNdcBmVpPQppump,umi,umi,solana,0.00003341,256,2048,8192,32768,16384,32768,32768,6,2,46,24,1774642896000,pumpswap,REPEAT
2026-04-10T08:31:57.460Z,AHFQ4tB5Fj1HTCB6sQ7MdtJf5fUHS7pdJ9sZAK3tpump,Mythos,Claude Mythos,solana,0.0002322,64,8192,65536,262144,32768,131072,131072,2,1,63,46,1774618831000,pumpswap,REPEAT
2026-04-10T08:36:57.460Z,E67wgnNewaoW1dHz3xPqCjWUY5ntAaGw2uz9Bd1vdoge,DENO,Deno Land,solana,0.00007026,512,4096,16384,32768,16384,65536,65536,2,,37,17,1772482423000,meteora,REPEAT
2026-04-10T08:36:57.460Z,FdUmX7zQSZgPxt1D7rtbKQisP4a2MXyejAxEnVvepump,Stoic,Stoicism ,solana,0.0001393,8192,32768,262144,1048576,32768,131072,131072,64,35,422,304,1775773975000,pumpswap,REPEAT
2026-04-10T08:36:57.460Z,DLsGGp9se7uUzE1SKbWD4hur1c9bjXnK3ADUejXJpump,T26,PROJECT T26 COIN,solana,0.00003916,,2048,8192,8192,16384,32768,32768,,,22,34,1775801805000,pumpswap,REPEAT
2026-04-10T08:36:57.460Z,8ZHLjQy2SJTvJ65HG8GQP2zjKa2R5Gify2xXrfZzpump,Cease,Cease Fire,solana,0.000003221,,32,1024,1024,,4096,4096,,,2,1,1775803114000,pumpfun,REPEAT
2026-04-10T08:36:57.460Z,BgSBbGpELTyuYXyU1C2v3jcAvJdCq1R6XEo1HaxYpump,BIZY,Bizy,solana,0.000002518,256,524288,2097152,2097152,4096,2048,2048,6,6,2292,2421,1775800328000,pumpswap,REPEAT
2026-04-10T08:36:57.460Z,2pDdYPaT2Ww2aVPoa1mw2P8gokctwk8b4ifkNfBApump,pisscoin,pisscoin,solana,0.00001942,32,512,2048,8192,16384,16384,16384,,1,11,5,1774571155000,pumpswap,REPEAT
2026-04-10T08:36:57.460Z,GxJjdCrPzYnEBjnyoq5gsqed6TqKoAQJ3NtmajPpump,SBTI,SBTI,solana,0.002667,65536,2097152,4194304,4194304,131072,2097152,2097152,409,253,9148,4775,1775800461000,pumpswap,REPEAT
2026-04-10T08:36:57.460Z,CmtYYjTBYxj5ExeyREFoM5gMNDo4GQ4sjrE7Vx9upump,HUNTER,HunterBidenSmokingCrackCoin,solana,0.00001225,64,2048,65536,65536,8192,8192,8192,2,1,52,43,1775796857000,pumpswap,REPEAT
2026-04-10T08:36:57.460Z,6DUdwjXtqJKrNFQBQzsaPW7pP2EZg2hbQ92NBi9Ppump,HAHA,HAHA,solana,0.00008570,32768,262144,2097152,2097152,32768,65536,65536,155,96,1633,968,1775797888000,pumpswap,REPEAT
2026-04-10T08:36:57.460Z,2ecWqqjWZ5hkYLHzCn9TEn2DtpVdNvMicLf3RzfLpump,Chicky,Official Chicky Coin,solana,0.0001112,1024,8192,65536,131072,32768,131072,131072,3,14,113,94,1774972475000,pumpswap,REPEAT
2026-04-10T08:36:57.460Z,82MmG1uH2BWLyoU7VCFYMohP9CT63q5paiKHAAAn3zWx,ANIME,Anime Bitcoin,solana,0.0005255,2048,32768,65536,131072,65536,524288,524288,21,25,307,324,1743542810000,pumpswap,REPEAT
2026-04-10T08:36:57.460Z,GFVhghbzvoZUgdRgqL8HMrhK26tgP1ddBEVDpQFppump,Banana,Bananas,solana,0.00001649,256,16384,131072,131072,,16384,16384,14,6,167,116,1775799626000,pumpfun,REPEAT
2026-04-10T08:36:57.460Z,3JQNRbZo9d3jteWg6FjxtUTNR1hLrLmriWGbaaZWpump,Garrison,The Alpha,solana,0.00008754,4096,131072,1048576,1048576,32768,65536,65536,54,42,1478,918,1775797475000,pumpswap,REPEAT
2026-04-10T08:36:57.460Z,8BrKogqwr7Uad9Pwkxw91w31v2x5qf8yDL4x52Qhpump,NUERO,Nuero,solana,0.0001394,1024,4096,16384,65536,32768,131072,131072,2,4,20,15,1774894182000,pumpswap,REPEAT
2026-04-10T08:36:57.460Z,Ejdy5bNuwE1jfm3NufkghrLtpMM1KJKwUjfFhxTmpump,Genα,Generation Alpha ETF,solana,0.00007065,16384,262144,1048576,1048576,16384,65536,65536,160,130,2803,1569,1775797991000,pumpswap,REPEAT
2026-04-10T08:36:57.460Z,wZ7zpuVqqWaMDe95AawZefWtWcb5cqDXzKSL8WJpump,HappyHorse,Happy Horse,solana,0.000002702,128,262144,2097152,2097152,4096,2048,2048,5,12,1385,3828,1775796210000,pumpswap,REPEAT
2026-04-10T08:36:57.460Z,9AsvxJ4vBcU9gR14mAitrdzSFABY93z3Fdr6bSQ3pump,STACK,The Chimney Dog,solana,0.00001051,256,1024,32768,65536,,8192,8192,7,1,24,14,1775786445000,pumpfun,REPEAT
2026-04-10T08:36:57.460Z,99Z4AnrTHDhiGwYPyB4kE3Nap8oo8SqBPircah7Apump,SBTI,SBTI来了,solana,0.000003231,2,32,131072,131072,,4096,4096,,1,3,8,1775795593000,pumpfun,REPEAT
2026-04-10T08:36:57.460Z,9AEtb967xTMosjp9XFhvHLhscPNYgDWc15jFAZR8pump,RƎ́V,REVÉRSÉ SOCIETY,solana,0.0002140,16,2048,8192,32768,32768,262144,262144,2,1,31,12,1775691640000,pumpswap,REPEAT
2026-04-10T08:36:57.460Z,U5sdyqACGtTDyyvSL3yqwSHo1vzUJmNuifjKVSbpump,Stacy,True Stacy,solana,0.000003331,2,512,131072,131072,4096,4096,4096,,2,7,25,1775796046000,pumpswap,REPEAT
2026-04-10T08:36:57.460Z,98t9PEJF5QvAdGhu3MuQ2ww57NkRV1Rg7evSZNFxpump,$BABYTAN,BabyTan,solana,0.00001082,128,1024,2048,16384,,8192,8192,,1,13,12,1775571529000,pumpfun,REPEAT
2026-04-10T08:36:57.460Z,2ZKy5wqQ59fxeTiUEVLrL24XseTPhizSwpn2R5hfpump,LOLNAH,The Disbelief Coin,solana,0.000004070,2,128,16384,16384,,4096,4096,1,,2,8,1775792505000,pumpfun,REPEAT
2026-04-10T08:36:57.460Z,FaBG5QafPfxKJLDDz4jesLothFrjcjeS96SMnWLepump,Hotate,ほたてくん,solana,0.000003669,16,256,65536,65536,,4096,4096,,1,2,9,1775789595000,pumpfun,REPEAT
2026-04-10T08:36:57.460Z,9wcYq6LTC4vqgAWr5VQLwsR1Rc5CyzRbcTFtNLzFpump,Daisy,Daisy,solana,0.000005910,,8,524288,524288,8192,8192,8192,,,,3,1775788309000,pumpswap,REPEAT
2026-04-10T08:36:57.460Z,5552z6Qp2xr596ox1UVN4ppDwwyjCfY8cXwzHMXgMcaS,MOLTING,Molting,solana,0.001392,2048,32768,131072,524288,131072,1048576,1048576,5,5,155,78,1769857955000,orca,REPEAT
2026-04-10T08:36:57.460Z,BBYEvoXYaWQxvWb2x4ugwAPnVTiqqoFtxHLtagf3PEPE,BABYPEPE,BABYPEPE,solana,0.00002221,128,256,4096,131072,8192,16384,16384,1,3,1,7,1775781591000,pumpswap,REPEAT
2026-04-10T08:36:57.460Z,9YiTzXRbgoE1MtyxQ4sGF3vbdX944HNdcBmVpPQppump,umi,umi,solana,0.00003260,256,2048,8192,32768,16384,32768,32768,2,4,46,27,1774642896000,pumpswap,REPEAT
2026-04-10T08:36:57.460Z,AHFQ4tB5Fj1HTCB6sQ7MdtJf5fUHS7pdJ9sZAK3tpump,Mythos,Claude Mythos,solana,0.0002307,64,8192,65536,262144,32768,131072,131072,2,1,63,46,1774618831000,pumpswap,REPEAT
2026-04-10T08:41:57.461Z,E67wgnNewaoW1dHz3xPqCjWUY5ntAaGw2uz9Bd1vdoge,DENO,Deno Land,solana,0.00007174,32,4096,16384,32768,16384,65536,65536,2,,39,17,1772482423000,meteora,REPEAT
2026-04-10T08:41:57.461Z,FdUmX7zQSZgPxt1D7rtbKQisP4a2MXyejAxEnVvepump,Stoic,Stoicism ,solana,0.0001317,2048,32768,262144,1048576,32768,131072,131072,36,33,460,325,1775773975000,pumpswap,REPEAT
2026-04-10T08:41:57.461Z,DLsGGp9se7uUzE1SKbWD4hur1c9bjXnK3ADUejXJpump,T26,PROJECT T26 COIN,solana,0.00003916,,1024,8192,8192,16384,32768,32768,,,21,15,1775801805000,pumpswap,REPEAT
2026-04-10T08:41:57.461Z,8ZHLjQy2SJTvJ65HG8GQP2zjKa2R5Gify2xXrfZzpump,Cease,Cease Fire,solana,0.000003329,64,64,1024,1024,,4096,4096,3,,5,1,1775803114000,pumpfun,REPEAT
2026-04-10T08:41:57.461Z,BgSBbGpELTyuYXyU1C2v3jcAvJdCq1R6XEo1HaxYpump,BIZY,Bizy,solana,0.000002456,64,262144,2097152,2097152,4096,2048,2048,2,4,1976,2164,1775800328000,pumpswap,REPEAT
2026-04-10T08:41:57.461Z,2pDdYPaT2Ww2aVPoa1mw2P8gokctwk8b4ifkNfBApump,pisscoin,pisscoin,solana,0.00001942,,512,2048,8192,16384,16384,16384,,,11,5,1774571155000,pumpswap,REPEAT
2026-04-10T08:41:57.461Z,GxJjdCrPzYnEBjnyoq5gsqed6TqKoAQJ3NtmajPpump,SBTI,SBTI,solana,0.002532,65536,2097152,4194304,4194304,131072,2097152,2097152,349,249,8483,4457,1775800461000,pumpswap,REPEAT
2026-04-10T08:41:57.461Z,CmtYYjTBYxj5ExeyREFoM5gMNDo4GQ4sjrE7Vx9upump,HUNTER,HunterBidenSmokingCrackCoin,solana,0.00001234,8,2048,65536,65536,8192,8192,8192,4,,47,41,1775796857000,pumpswap,REPEAT
2026-04-10T08:41:57.461Z,6DUdwjXtqJKrNFQBQzsaPW7pP2EZg2hbQ92NBi9Ppump,HAHA,HAHA,solana,0.00006752,16384,262144,2097152,2097152,16384,65536,65536,119,80,1635,957,1775797888000,pumpswap,REPEAT
2026-04-10T08:41:57.461Z,2ecWqqjWZ5hkYLHzCn9TEn2DtpVdNvMicLf3RzfLpump,Chicky,Official Chicky Coin,solana,0.0001027,512,16384,65536,131072,32768,131072,131072,4,6,119,102,1774972475000,pumpswap,REPEAT
2026-04-10T08:41:57.461Z,82MmG1uH2BWLyoU7VCFYMohP9CT63q5paiKHAAAn3zWx,ANIME,Anime Bitcoin,solana,0.0005136,2048,32768,65536,131072,65536,524288,524288,28,19,314,327,1743542810000,pumpswap,REPEAT
2026-04-10T08:41:57.461Z,GFVhghbzvoZUgdRgqL8HMrhK26tgP1ddBEVDpQFppump,Banana,Bananas,solana,0.00001048,2048,16384,131072,131072,,8192,8192,7,14,156,128,1775799626000,pumpfun,REPEAT
2026-04-10T08:41:57.461Z,3JQNRbZo9d3jteWg6FjxtUTNR1hLrLmriWGbaaZWpump,Garrison,The Alpha,solana,0.00008421,4096,131072,1048576,1048576,32768,65536,65536,71,46,1375,841,1775797475000,pumpswap,REPEAT
2026-04-10T08:41:57.461Z,8BrKogqwr7Uad9Pwkxw91w31v2x5qf8yDL4x52Qhpump,NUERO,Nuero,solana,0.0001431,512,4096,16384,65536,32768,131072,131072,3,2,21,17,1774894182000,pumpswap,REPEAT
2026-04-10T08:41:57.461Z,Ejdy5bNuwE1jfm3NufkghrLtpMM1KJKwUjfFhxTmpump,Genα,Generation Alpha ETF,solana,0.00007138,16384,262144,1048576,1048576,16384,65536,65536,159,117,2655,1515,1775797991000,pumpswap,REPEAT
2026-04-10T08:41:57.461Z,wZ7zpuVqqWaMDe95AawZefWtWcb5cqDXzKSL8WJpump,HappyHorse,Happy Horse,solana,0.000002757,64,262144,2097152,2097152,4096,2048,2048,5,5,1298,3738,1775796210000,pumpswap,REPEAT
2026-04-10T08:41:57.461Z,9AsvxJ4vBcU9gR14mAitrdzSFABY93z3Fdr6bSQ3pump,STACK,The Chimney Dog,solana,0.00001055,8,1024,32768,65536,,8192,8192,1,,25,13,1775786445000,pumpfun,REPEAT
2026-04-10T08:41:57.461Z,99Z4AnrTHDhiGwYPyB4kE3Nap8oo8SqBPircah7Apump,SBTI,SBTI来了,solana,0.000003231,,32,131072,131072,,4096,4096,,,3,8,1775795593000,pumpfun,REPEAT
2026-04-10T08:41:57.461Z,9AEtb967xTMosjp9XFhvHLhscPNYgDWc15jFAZR8pump,RƎ́V,REVÉRSÉ SOCIETY,solana,0.0002167,128,2048,8192,32768,32768,262144,262144,4,1,33,13,1775691640000,pumpswap,REPEAT
2026-04-10T08:41:57.461Z,U5sdyqACGtTDyyvSL3yqwSHo1vzUJmNuifjKVSbpump,Stacy,True Stacy,solana,0.000003215,64,512,131072,131072,4096,4096,4096,1,5,7,27,1775796046000,pumpswap,REPEAT
2026-04-10T08:41:57.461Z,98t9PEJF5QvAdGhu3MuQ2ww57NkRV1Rg7evSZNFxpump,$BABYTAN,BabyTan,solana,0.00001133,128,1024,2048,16384,,8192,8192,5,,17,12,1775571529000,pumpfun,REPEAT
2026-04-10T08:41:57.461Z,2ZKy5wqQ59fxeTiUEVLrL24XseTPhizSwpn2R5hfpump,LOLNAH,The Disbelief Coin,solana,0.000004089,8,128,16384,16384,,4096,4096,1,,3,7,1775792505000,pumpfun,REPEAT
2026-04-10T08:41:57.461Z,FaBG5QafPfxKJLDDz4jesLothFrjcjeS96SMnWLepump,Hotate,ほたてくん,solana,0.000003498,64,256,65536,65536,,4096,4096,,2,1,10,1775789595000,pumpfun,REPEAT
2026-04-10T08:41:57.461Z,9wcYq6LTC4vqgAWr5VQLwsR1Rc5CyzRbcTFtNLzFpump,Daisy,Daisy,solana,0.000005910,,8,524288,524288,8192,8192,8192,,,,3,1775788309000,pumpswap,REPEAT
2026-04-10T08:41:57.461Z,5552z6Qp2xr596ox1UVN4ppDwwyjCfY8cXwzHMXgMcaS,MOLTING,Molting,solana,0.001357,1024,32768,131072,524288,131072,1048576,1048576,5,7,151,85,1769857955000,orca,REPEAT
2026-04-10T08:41:57.461Z,BBYEvoXYaWQxvWb2x4ugwAPnVTiqqoFtxHLtagf3PEPE,BABYPEPE,BABYPEPE,solana,0.00002219,4,256,4096,131072,8192,16384,16384,,1,1,8,1775781591000,pumpswap,REPEAT
2026-04-10T08:41:57.461Z,9YiTzXRbgoE1MtyxQ4sGF3vbdX944HNdcBmVpPQppump,umi,umi,solana,0.00003234,,2048,8192,32768,16384,32768,32768,,,44,26,1774642896000,pumpswap,REPEAT
2026-04-10T08:41:57.461Z,AHFQ4tB5Fj1HTCB6sQ7MdtJf5fUHS7pdJ9sZAK3tpump,Mythos,Claude Mythos,solana,0.0002307,,4096,65536,262144,32768,131072,131072,,,50,37,1774618831000,pumpswap,REPEAT
2026-04-10T08:46:57.462Z,5eXiGxEYTauPupHfaA2r7BDAcLpK6yL5eZ4LCMP9pump,Angol,앵알이,solana,0.000008627,4096,32768,32768,32768,,8192,8192,117,55,410,255,1775810044000,pumpfun,NEW
2026-04-10T08:46:57.462Z,E67wgnNewaoW1dHz3xPqCjWUY5ntAaGw2uz9Bd1vdoge,DENO,Deno Land,solana,0.00007165,16,4096,16384,32768,16384,65536,65536,,1,41,18,1772482423000,meteora,REPEAT
2026-04-10T08:46:57.462Z,FdUmX7zQSZgPxt1D7rtbKQisP4a2MXyejAxEnVvepump,Stoic,Stoicism ,solana,0.0001319,2048,32768,262144,1048576,32768,131072,131072,36,19,471,326,1775773975000,pumpswap,REPEAT
2026-04-10T08:46:57.462Z,DLsGGp9se7uUzE1SKbWD4hur1c9bjXnK3ADUejXJpump,T26,PROJECT T26 COIN,solana,0.00003968,1,256,8192,8192,16384,32768,32768,1,,8,7,1775801805000,pumpswap,REPEAT
2026-04-10T08:46:57.462Z,8ZHLjQy2SJTvJ65HG8GQP2zjKa2R5Gify2xXrfZzpump,Cease,Cease Fire,solana,0.000003415,32,64,1024,1024,,4096,4096,1,,4,,1775803114000,pumpfun,REPEAT
2026-04-10T08:46:57.462Z,BgSBbGpELTyuYXyU1C2v3jcAvJdCq1R6XEo1HaxYpump,BIZY,Bizy,solana,0.000002398,32,262144,2097152,2097152,4096,2048,2048,,5,1639,1972,1775800328000,pumpswap,REPEAT
2026-04-10T08:46:57.462Z,2pDdYPaT2Ww2aVPoa1mw2P8gokctwk8b4ifkNfBApump,pisscoin,pisscoin,solana,0.00001942,,64,2048,8192,16384,16384,16384,,,1,4,1774571155000,pumpswap,REPEAT
2026-04-10T08:46:57.462Z,GxJjdCrPzYnEBjnyoq5gsqed6TqKoAQJ3NtmajPpump,SBTI,SBTI,solana,0.002435,65536,1048576,4194304,4194304,131072,2097152,2097152,359,219,7604,4092,1775800461000,pumpswap,REPEAT
2026-04-10T08:46:57.462Z,CmtYYjTBYxj5ExeyREFoM5gMNDo4GQ4sjrE7Vx9upump,HUNTER,HunterBidenSmokingCrackCoin,solana,0.00001224,512,2048,65536,65536,8192,8192,8192,6,5,51,42,1775796857000,pumpswap,REPEAT
2026-04-10T08:46:57.462Z,6DUdwjXtqJKrNFQBQzsaPW7pP2EZg2hbQ92NBi9Ppump,HAHA,HAHA,solana,0.0002003,32768,262144,2097152,2097152,32768,262144,262144,145,103,1693,981,1775797888000,pumpswap,REPEAT
2026-04-10T08:46:57.462Z,2ecWqqjWZ5hkYLHzCn9TEn2DtpVdNvMicLf3RzfLpump,Chicky,Official Chicky Coin,solana,0.00009576,1024,16384,65536,131072,32768,131072,131072,6,4,122,102,1774972475000,pumpswap,REPEAT
2026-04-10T08:46:57.462Z,82MmG1uH2BWLyoU7VCFYMohP9CT63q5paiKHAAAn3zWx,ANIME,Anime Bitcoin,solana,0.0005000,512,32768,65536,131072,65536,524288,524288,18,13,301,312,1743542810000,pumpswap,REPEAT
2026-04-10T08:46:57.462Z,GFVhghbzvoZUgdRgqL8HMrhK26tgP1ddBEVDpQFppump,Banana,Bananas,solana,0.00001204,1024,16384,131072,131072,,16384,16384,20,9,153,123,1775799626000,pumpfun,REPEAT
2026-04-10T08:46:57.462Z,3JQNRbZo9d3jteWg6FjxtUTNR1hLrLmriWGbaaZWpump,Garrison,The Alpha,solana,0.00009412,4096,65536,1048576,1048576,32768,131072,131072,86,57,1194,762,1775797475000,pumpswap,REPEAT
2026-04-10T08:46:57.462Z,8BrKogqwr7Uad9Pwkxw91w31v2x5qf8yDL4x52Qhpump,NUERO,Nuero,solana,0.0001425,,4096,16384,65536,32768,131072,131072,,,20,18,1774894182000,pumpswap,REPEAT
2026-04-10T08:46:57.462Z,Ejdy5bNuwE1jfm3NufkghrLtpMM1KJKwUjfFhxTmpump,Genα,Generation Alpha ETF,solana,0.00005465,16384,262144,1048576,1048576,16384,65536,65536,161,145,2580,1534,1775797991000,pumpswap,REPEAT
2026-04-10T08:46:57.462Z,wZ7zpuVqqWaMDe95AawZefWtWcb5cqDXzKSL8WJpump,HappyHorse,Happy Horse,solana,0.000002923,64,262144,2097152,2097152,4096,4096,4096,5,1,1203,3662,1775796210000,pumpswap,REPEAT
2026-04-10T08:46:57.462Z,9AsvxJ4vBcU9gR14mAitrdzSFABY93z3Fdr6bSQ3pump,STACK,The Chimney Dog,solana,0.00001134,2048,2048,32768,65536,,8192,8192,5,4,29,14,1775786445000,pumpfun,REPEAT
2026-04-10T08:46:57.462Z,99Z4AnrTHDhiGwYPyB4kE3Nap8oo8SqBPircah7Apump,SBTI,SBTI来了,solana,0.000003218,4,32,131072,131072,,4096,4096,,1,3,9,1775795593000,pumpfun,REPEAT
2026-04-10T08:46:57.462Z,9AEtb967xTMosjp9XFhvHLhscPNYgDWc15jFAZR8pump,RƎ́V,REVÉRSÉ SOCIETY,solana,0.0002174,64,2048,8192,32768,32768,262144,262144,2,1,28,14,1775691640000,pumpswap,REPEAT
2026-04-10T08:46:57.462Z,U5sdyqACGtTDyyvSL3yqwSHo1vzUJmNuifjKVSbpump,Stacy,True Stacy,solana,0.000003215,,256,131072,131072,4096,4096,4096,,,6,22,1775796046000,pumpswap,REPEAT
2026-04-10T08:46:57.462Z,98t9PEJF5QvAdGhu3MuQ2ww57NkRV1Rg7evSZNFxpump,$BABYTAN,BabyTan,solana,0.00001165,128,1024,2048,16384,,16384,16384,1,1,17,13,1775571529000,pumpfun,REPEAT
2026-04-10T08:46:57.462Z,2ZKy5wqQ59fxeTiUEVLrL24XseTPhizSwpn2R5hfpump,LOLNAH,The Disbelief Coin,solana,0.000004089,,128,16384,16384,,4096,4096,,,3,7,1775792505000,pumpfun,REPEAT
2026-04-10T08:46:57.462Z,FaBG5QafPfxKJLDDz4jesLothFrjcjeS96SMnWLepump,Hotate,ほたてくん,solana,0.000003429,32,256,65536,65536,,4096,4096,,3,,13,1775789595000,pumpfun,REPEAT
2026-04-10T08:46:57.462Z,9wcYq6LTC4vqgAWr5VQLwsR1Rc5CyzRbcTFtNLzFpump,Daisy,Daisy,solana,0.000005910,,8,524288,524288,8192,8192,8192,,,,3,1775788309000,pumpswap,REPEAT
2026-04-10T08:46:57.462Z,5552z6Qp2xr596ox1UVN4ppDwwyjCfY8cXwzHMXgMcaS,MOLTING,Molting,solana,0.001438,4096,32768,131072,524288,131072,1048576,1048576,17,24,165,108,1769857955000,orca,REPEAT
2026-04-10T08:46:57.462Z,BBYEvoXYaWQxvWb2x4ugwAPnVTiqqoFtxHLtagf3PEPE,BABYPEPE,BABYPEPE,solana,0.00002219,,256,4096,131072,8192,16384,16384,,,1,8,1775781591000,pumpswap,REPEAT
2026-04-10T08:46:57.462Z,9YiTzXRbgoE1MtyxQ4sGF3vbdX944HNdcBmVpPQppump,umi,umi,solana,0.00003272,128,2048,8192,32768,16384,32768,32768,3,1,47,27,1774642896000,pumpswap,REPEAT
2026-04-10T08:51:57.463Z,C9wHT2Qh9gJbr16VwYXyhK6ow11VhKpqarTqXWzVpump,MaggieChan,マギーちゃん,solana,0.000009675,2048,65536,65536,65536,,8192,8192,49,26,852,526,1775809545000,pumpfun,NEW
2026-04-10T08:51:57.463Z,5eXiGxEYTauPupHfaA2r7BDAcLpK6yL5eZ4LCMP9pump,Angol,앵알이,solana,0.000004467,4096,32768,32768,32768,,4096,4096,44,55,454,310,1775810044000,pumpfun,REPEAT
2026-04-10T08:51:57.463Z,E67wgnNewaoW1dHz3xPqCjWUY5ntAaGw2uz9Bd1vdoge,DENO,Deno Land,solana,0.00007165,,4096,16384,32768,16384,65536,65536,,,34,17,1772482423000,meteora,REPEAT
2026-04-10T08:51:57.463Z,FdUmX7zQSZgPxt1D7rtbKQisP4a2MXyejAxEnVvepump,Stoic,Stoicism ,solana,0.0001253,4096,32768,262144,1048576,32768,131072,131072,442,39,879,337,1775773975000,pumpswap,REPEAT
2026-04-10T08:51:57.463Z,DLsGGp9se7uUzE1SKbWD4hur1c9bjXnK3ADUejXJpump,T26,PROJECT T26 COIN,solana,0.00003818,64,512,8192,8192,16384,32768,32768,,2,6,9,1775801805000,pumpswap,REPEAT
2026-04-10T08:51:57.463Z,8ZHLjQy2SJTvJ65HG8GQP2zjKa2R5Gify2xXrfZzpump,Cease,Cease Fire,solana,0.000003415,,64,1024,1024,,4096,4096,,,4,,1775803114000,pumpfun,REPEAT
2026-04-10T08:51:57.463Z,BgSBbGpELTyuYXyU1C2v3jcAvJdCq1R6XEo1HaxYpump,BIZY,Bizy,solana,0.000002401,2,262144,2097152,2097152,4096,2048,2048,1,1,1319,1727,1775800328000,pumpswap,REPEAT
2026-04-10T08:51:57.463Z,2pDdYPaT2Ww2aVPoa1mw2P8gokctwk8b4ifkNfBApump,pisscoin,pisscoin,solana,0.00001914,32,64,2048,8192,16384,16384,16384,,2,1,5,1774571155000,pumpswap,REPEAT
2026-04-10T08:51:57.463Z,GxJjdCrPzYnEBjnyoq5gsqed6TqKoAQJ3NtmajPpump,SBTI,SBTI,solana,0.002905,131072,1048576,4194304,4194304,131072,2097152,2097152,582,317,7241,3974,1775800461000,pumpswap,REPEAT
2026-04-10T08:51:57.463Z,CmtYYjTBYxj5ExeyREFoM5gMNDo4GQ4sjrE7Vx9upump,HUNTER,HunterBidenSmokingCrackCoin,solana,0.00001258,16,2048,65536,65536,8192,16384,16384,1,,48,37,1775796857000,pumpswap,REPEAT
2026-04-10T08:51:57.463Z,6DUdwjXtqJKrNFQBQzsaPW7pP2EZg2hbQ92NBi9Ppump,HAHA,HAHA,solana,0.00009513,16384,262144,2097152,2097152,32768,131072,131072,80,69,1677,1001,1775797888000,pumpswap,REPEAT
2026-04-10T08:51:57.463Z,2ecWqqjWZ5hkYLHzCn9TEn2DtpVdNvMicLf3RzfLpump,Chicky,Official Chicky Coin,solana,0.00009798,256,8192,65536,131072,32768,131072,131072,7,3,124,99,1774972475000,pumpswap,REPEAT
2026-04-10T08:51:57.463Z,82MmG1uH2BWLyoU7VCFYMohP9CT63q5paiKHAAAn3zWx,ANIME,Anime Bitcoin,solana,0.0004981,512,32768,65536,131072,65536,524288,524288,18,18,301,315,1743542810000,pumpswap,REPEAT
2026-04-10T08:51:57.463Z,GFVhghbzvoZUgdRgqL8HMrhK26tgP1ddBEVDpQFppump,Banana,Bananas,solana,0.00001285,256,16384,131072,131072,,16384,16384,10,4,136,105,1775799626000,pumpfun,REPEAT
2026-04-10T08:51:57.463Z,3JQNRbZo9d3jteWg6FjxtUTNR1hLrLmriWGbaaZWpump,Garrison,The Alpha,solana,0.00008795,4096,65536,1048576,1048576,32768,65536,65536,62,39,1154,722,1775797475000,pumpswap,REPEAT
2026-04-10T08:51:57.463Z,8BrKogqwr7Uad9Pwkxw91w31v2x5qf8yDL4x52Qhpump,NUERO,Nuero,solana,0.0001423,64,4096,16384,65536,32768,131072,131072,1,2,21,20,1774894182000,pumpswap,REPEAT
2026-04-10T08:51:57.463Z,Ejdy5bNuwE1jfm3NufkghrLtpMM1KJKwUjfFhxTmpump,Genα,Generation Alpha ETF,solana,0.00004558,8192,262144,1048576,1048576,16384,32768,32768,94,106,2300,1490,1775797991000,pumpswap,REPEAT
2026-04-10T08:51:57.463Z,wZ7zpuVqqWaMDe95AawZefWtWcb5cqDXzKSL8WJpump,HappyHorse,Happy Horse,solana,0.000002928,16,262144,2097152,2097152,4096,4096,4096,5,2,1160,3598,1775796210000,pumpswap,REPEAT
2026-04-10T08:51:57.463Z,9AsvxJ4vBcU9gR14mAitrdzSFABY93z3Fdr6bSQ3pump,STACK,The Chimney Dog,solana,0.00001234,256,2048,32768,65536,,16384,16384,8,1,37,12,1775786445000,pumpfun,REPEAT
2026-04-10T08:51:57.463Z,99Z4AnrTHDhiGwYPyB4kE3Nap8oo8SqBPircah7Apump,SBTI,SBTI来了,solana,0.000003218,,32,131072,131072,,4096,4096,,,3,9,1775795593000,pumpfun,REPEAT
2026-04-10T08:51:57.463Z,9AEtb967xTMosjp9XFhvHLhscPNYgDWc15jFAZR8pump,RƎ́V,REVÉRSÉ SOCIETY,solana,0.0002177,8,2048,8192,32768,32768,262144,262144,2,,30,13,1775691640000,pumpswap,REPEAT
2026-04-10T08:51:57.463Z,U5sdyqACGtTDyyvSL3yqwSHo1vzUJmNuifjKVSbpump,Stacy,True Stacy,solana,0.000003211,,256,131072,131072,4096,4096,4096,,,6,17,1775796046000,pumpswap,REPEAT
2026-04-10T08:51:57.463Z,98t9PEJF5QvAdGhu3MuQ2ww57NkRV1Rg7evSZNFxpump,$BABYTAN,BabyTan,solana,0.00001176,256,2048,4096,16384,,16384,16384,7,5,21,17,1775571529000,pumpfun,REPEAT
2026-04-10T08:51:57.463Z,2ZKy5wqQ59fxeTiUEVLrL24XseTPhizSwpn2R5hfpump,LOLNAH,The Disbelief Coin,solana,0.000004003,32,128,16384,16384,,4096,4096,,2,3,9,1775792505000,pumpfun,REPEAT
2026-04-10T08:51:57.463Z,FaBG5QafPfxKJLDDz4jesLothFrjcjeS96SMnWLepump,Hotate,ほたてくん,solana,0.000003385,16,256,65536,65536,,4096,4096,,1,,14,1775789595000,pumpfun,REPEAT
2026-04-10T08:51:57.463Z,9wcYq6LTC4vqgAWr5VQLwsR1Rc5CyzRbcTFtNLzFpump,Daisy,Daisy,solana,0.000005910,,8,524288,524288,8192,8192,8192,,,,3,1775788309000,pumpswap,REPEAT
2026-04-10T08:51:57.463Z,5552z6Qp2xr596ox1UVN4ppDwwyjCfY8cXwzHMXgMcaS,MOLTING,Molting,solana,0.001500,2048,32768,131072,524288,131072,2097152,2097152,11,16,169,120,1769857955000,orca,REPEAT
2026-04-10T08:51:57.463Z,BBYEvoXYaWQxvWb2x4ugwAPnVTiqqoFtxHLtagf3PEPE,BABYPEPE,BABYPEPE,solana,0.00002298,64,256,4096,131072,16384,16384,16384,2,1,3,8,1775781591000,pumpswap,REPEAT
2026-04-10T08:56:57.463Z,C9wHT2Qh9gJbr16VwYXyhK6ow11VhKpqarTqXWzVpump,MaggieChan,マギーちゃん,solana,0.00001094,2048,65536,65536,65536,,8192,8192,60,32,913,558,1775809545000,pumpfun,REPEAT
2026-04-10T08:56:57.463Z,5eXiGxEYTauPupHfaA2r7BDAcLpK6yL5eZ4LCMP9pump,Angol,앵알이,solana,0.000004983,1024,32768,32768,32768,,4096,4096,27,18,481,328,1775810044000,pumpfun,REPEAT
2026-04-10T08:56:57.463Z,E67wgnNewaoW1dHz3xPqCjWUY5ntAaGw2uz9Bd1vdoge,DENO,Deno Land,solana,0.00007200,64,4096,16384,32768,16384,65536,65536,6,,32,14,1772482423000,meteora,REPEAT
2026-04-10T08:56:57.463Z,FdUmX7zQSZgPxt1D7rtbKQisP4a2MXyejAxEnVvepump,Stoic,Stoicism ,solana,0.0001085,8192,65536,262144,1048576,32768,131072,131072,433,58,1700,374,1775773975000,pumpswap,REPEAT
2026-04-10T08:56:57.463Z,DLsGGp9se7uUzE1SKbWD4hur1c9bjXnK3ADUejXJpump,T26,PROJECT T26 COIN,solana,0.00003818,,128,8192,8192,16384,32768,32768,,,1,7,1775801805000,pumpswap,REPEAT
2026-04-10T08:56:57.463Z,8ZHLjQy2SJTvJ65HG8GQP2zjKa2R5Gify2xXrfZzpump,Cease,Cease Fire,solana,0.000003415,,64,1024,1024,,4096,4096,,,4,,1775803114000,pumpfun,REPEAT
2026-04-10T08:56:57.463Z,BgSBbGpELTyuYXyU1C2v3jcAvJdCq1R6XEo1HaxYpump,BIZY,Bizy,solana,0.000002381,4,131072,2097152,2097152,4096,2048,2048,1,1,1005,1477,1775800328000,pumpswap,REPEAT
2026-04-10T08:56:57.463Z,2pDdYPaT2Ww2aVPoa1mw2P8gokctwk8b4ifkNfBApump,pisscoin,pisscoin,solana,0.00001914,,64,2048,8192,16384,16384,16384,,,1,5,1774571155000,pumpswap,REPEAT
2026-04-10T08:56:57.463Z,GxJjdCrPzYnEBjnyoq5gsqed6TqKoAQJ3NtmajPpump,SBTI,SBTI,solana,0.002538,131072,1048576,4194304,4194304,131072,2097152,2097152,511,337,6987,3919,1775800461000,pumpswap,REPEAT
2026-04-10T08:56:57.463Z,CmtYYjTBYxj5ExeyREFoM5gMNDo4GQ4sjrE7Vx9upump,HUNTER,HunterBidenSmokingCrackCoin,solana,0.00001157,128,2048,65536,65536,8192,8192,8192,,9,42,44,1775796857000,pumpswap,REPEAT
2026-04-10T08:56:57.463Z,6DUdwjXtqJKrNFQBQzsaPW7pP2EZg2hbQ92NBi9Ppump,HAHA,HAHA,solana,0.0001066,32768,262144,2097152,2097152,32768,131072,131072,126,106,1662,1010,1775797888000,pumpswap,REPEAT
2026-04-10T08:56:57.463Z,2ecWqqjWZ5hkYLHzCn9TEn2DtpVdNvMicLf3RzfLpump,Chicky,Official Chicky Coin,solana,0.00009615,256,8192,65536,131072,32768,131072,131072,3,3,119,98,1774972475000,pumpswap,REPEAT
2026-04-10T08:56:57.463Z,82MmG1uH2BWLyoU7VCFYMohP9CT63q5paiKHAAAn3zWx,ANIME,Anime Bitcoin,solana,0.0004825,2048,32768,65536,131072,65536,524288,524288,14,17,291,310,1743542810000,pumpswap,REPEAT
2026-04-10T08:56:57.463Z,GFVhghbzvoZUgdRgqL8HMrhK26tgP1ddBEVDpQFppump,Banana,Bananas,solana,0.00001044,1024,8192,131072,131072,,8192,8192,17,13,135,106,1775799626000,pumpfun,REPEAT
2026-04-10T08:56:57.463Z,3JQNRbZo9d3jteWg6FjxtUTNR1hLrLmriWGbaaZWpump,Garrison,The Alpha,solana,0.00008581,1024,65536,1048576,1048576,32768,65536,65536,26,15,1099,693,1775797475000,pumpswap,REPEAT
2026-04-10T08:56:57.463Z,8BrKogqwr7Uad9Pwkxw91w31v2x5qf8yDL4x52Qhpump,NUERO,Nuero,solana,0.0001346,512,4096,16384,65536,32768,131072,131072,,2,21,22,1774894182000,pumpswap,REPEAT
2026-04-10T08:56:57.463Z,Ejdy5bNuwE1jfm3NufkghrLtpMM1KJKwUjfFhxTmpump,Genα,Generation Alpha ETF,solana,0.000002297,8192,262144,1048576,1048576,4096,2048,2048,10,1120,2035,2522,1775797991000,pumpswap,REPEAT
2026-04-10T08:56:57.463Z,wZ7zpuVqqWaMDe95AawZefWtWcb5cqDXzKSL8WJpump,HappyHorse,Happy Horse,solana,0.000002823,64,262144,2097152,2097152,4096,2048,2048,1,4,1050,3470,1775796210000,pumpswap,REPEAT
2026-04-10T08:56:57.463Z,9AsvxJ4vBcU9gR14mAitrdzSFABY93z3Fdr6bSQ3pump,STACK,The Chimney Dog,solana,0.00001321,256,4096,32768,65536,,16384,16384,4,1,41,13,1775786445000,pumpfun,REPEAT
2026-04-10T08:56:57.463Z,99Z4AnrTHDhiGwYPyB4kE3Nap8oo8SqBPircah7Apump,SBTI,SBTI来了,solana,0.000003218,,32,131072,131072,,4096,4096,,,3,7,1775795593000,pumpfun,REPEAT
2026-04-10T08:56:57.463Z,9AEtb967xTMosjp9XFhvHLhscPNYgDWc15jFAZR8pump,RƎ́V,REVÉRSÉ SOCIETY,solana,0.0002148,128,2048,8192,32768,32768,262144,262144,1,4,30,16,1775691640000,pumpswap,REPEAT
2026-04-10T08:56:57.463Z,U5sdyqACGtTDyyvSL3yqwSHo1vzUJmNuifjKVSbpump,Stacy,True Stacy,solana,0.000003169,2,128,131072,131072,4096,4096,4096,,1,6,15,1775796046000,pumpswap,REPEAT
2026-04-10T08:56:57.463Z,98t9PEJF5QvAdGhu3MuQ2ww57NkRV1Rg7evSZNFxpump,$BABYTAN,BabyTan,solana,0.00001164,256,2048,4096,16384,,16384,16384,5,6,25,21,1775571529000,pumpfun,REPEAT
2026-04-10T08:56:57.463Z,2ZKy5wqQ59fxeTiUEVLrL24XseTPhizSwpn2R5hfpump,LOLNAH,The Disbelief Coin,solana,0.000004003,,128,16384,16384,,4096,4096,,,3,9,1775792505000,pumpfun,REPEAT
2026-04-10T08:56:57.463Z,FaBG5QafPfxKJLDDz4jesLothFrjcjeS96SMnWLepump,Hotate,ほたてくん,solana,0.000003385,,256,65536,65536,,4096,4096,,,,14,1775789595000,pumpfun,REPEAT
2026-04-10T08:56:57.463Z,9wcYq6LTC4vqgAWr5VQLwsR1Rc5CyzRbcTFtNLzFpump,Daisy,Daisy,solana,0.000005892,0,8,262144,524288,8192,8192,8192,,1,,5,1775788309000,pumpswap,REPEAT
2026-04-10T08:56:57.463Z,5552z6Qp2xr596ox1UVN4ppDwwyjCfY8cXwzHMXgMcaS,MOLTING,Molting,solana,0.001499,1024,32768,131072,524288,131072,2097152,2097152,4,6,148,121,1769857955000,orca,REPEAT
2026-04-10T08:56:57.463Z,BBYEvoXYaWQxvWb2x4ugwAPnVTiqqoFtxHLtagf3PEPE,BABYPEPE,BABYPEPE,solana,0.00002298,,256,4096,131072,16384,16384,16384,,,3,7,1775781591000,pumpswap,REPEAT
2026-04-10T09:01:57.463Z,C9wHT2Qh9gJbr16VwYXyhK6ow11VhKpqarTqXWzVpump,MaggieChan,マギーちゃん,solana,0.00001171,2048,65536,65536,65536,,16384,16384,28,17,941,575,1775809545000,pumpfun,REPEAT
2026-04-10T09:01:57.463Z,5eXiGxEYTauPupHfaA2r7BDAcLpK6yL5eZ4LCMP9pump,Angol,앵알이,solana,0.000003892,512,32768,32768,32768,,4096,4096,12,18,493,346,1775810044000,pumpfun,REPEAT
2026-04-10T09:01:57.463Z,E67wgnNewaoW1dHz3xPqCjWUY5ntAaGw2uz9Bd1vdoge,DENO,Deno Land,solana,0.00007127,128,4096,16384,32768,16384,65536,65536,,3,27,15,1772482423000,meteora,REPEAT
2026-04-10T09:01:57.463Z,FdUmX7zQSZgPxt1D7rtbKQisP4a2MXyejAxEnVvepump,Stoic,Stoicism ,solana,0.0001072,4096,65536,262144,1048576,32768,131072,131072,51,43,1726,400,1775773975000,pumpswap,REPEAT
2026-04-10T09:01:57.463Z,DLsGGp9se7uUzE1SKbWD4hur1c9bjXnK3ADUejXJpump,T26,PROJECT T26 COIN,solana,0.00003818,,128,8192,8192,16384,32768,32768,,,1,7,1775801805000,pumpswap,REPEAT
2026-04-10T09:01:57.463Z,8ZHLjQy2SJTvJ65HG8GQP2zjKa2R5Gify2xXrfZzpump,Cease,Cease Fire,solana,0.000003415,,64,1024,1024,,4096,4096,,,4,,1775803114000,pumpfun,REPEAT
2026-04-10T09:01:57.463Z,BgSBbGpELTyuYXyU1C2v3jcAvJdCq1R6XEo1HaxYpump,BIZY,Bizy,solana,0.000002383,16,131072,2097152,2097152,4096,2048,2048,1,4,757,1244,1775800328000,pumpswap,REPEAT
2026-04-10T09:01:57.463Z,2pDdYPaT2Ww2aVPoa1mw2P8gokctwk8b4ifkNfBApump,pisscoin,pisscoin,solana,0.00001914,,64,2048,8192,16384,16384,16384,,,1,5,1774571155000,pumpswap,REPEAT
2026-04-10T09:01:57.463Z,GxJjdCrPzYnEBjnyoq5gsqed6TqKoAQJ3NtmajPpump,SBTI,SBTI,solana,0.002127,65536,1048576,4194304,4194304,131072,2097152,2097152,497,393,6808,3954,1775800461000,pumpswap,REPEAT
2026-04-10T09:01:57.463Z,CmtYYjTBYxj5ExeyREFoM5gMNDo4GQ4sjrE7Vx9upump,HUNTER,HunterBidenSmokingCrackCoin,solana,0.00001043,256,2048,65536,65536,8192,8192,8192,3,3,42,47,1775796857000,pumpswap,REPEAT
2026-04-10T09:01:57.463Z,6DUdwjXtqJKrNFQBQzsaPW7pP2EZg2hbQ92NBi9Ppump,HAHA,HAHA,solana,0.0001067,8192,262144,2097152,2097152,32768,131072,131072,50,43,1555,962,1775797888000,pumpswap,REPEAT
2026-04-10T09:01:57.463Z,2ecWqqjWZ5hkYLHzCn9TEn2DtpVdNvMicLf3RzfLpump,Chicky,Official Chicky Coin,solana,0.00009430,1024,8192,65536,131072,32768,131072,131072,10,4,118,97,1774972475000,pumpswap,REPEAT
2026-04-10T09:01:57.463Z,82MmG1uH2BWLyoU7VCFYMohP9CT63q5paiKHAAAn3zWx,ANIME,Anime Bitcoin,solana,0.0004939,1024,32768,65536,131072,65536,524288,524288,16,11,287,287,1743542810000,pumpswap,REPEAT
2026-04-10T09:01:57.463Z,GFVhghbzvoZUgdRgqL8HMrhK26tgP1ddBEVDpQFppump,Banana,Bananas,solana,0.000008602,2048,16384,131072,131072,,8192,8192,17,18,135,117,1775799626000,pumpfun,REPEAT
2026-04-10T09:01:57.463Z,3JQNRbZo9d3jteWg6FjxtUTNR1hLrLmriWGbaaZWpump,Garrison,The Alpha,solana,0.0001054,8192,65536,1048576,1048576,32768,131072,131072,112,76,1095,729,1775797475000,pumpswap,REPEAT
2026-04-10T09:01:57.463Z,8BrKogqwr7Uad9Pwkxw91w31v2x5qf8yDL4x52Qhpump,NUERO,Nuero,solana,0.0001400,1024,4096,16384,65536,32768,131072,131072,3,2,24,21,1774894182000,pumpswap,REPEAT
2026-04-10T09:01:57.463Z,Ejdy5bNuwE1jfm3NufkghrLtpMM1KJKwUjfFhxTmpump,Genα,Generation Alpha ETF,solana,0.000002249,128,262144,1048576,1048576,4096,2048,2048,8,2679,1779,5097,1775797991000,pumpswap,REPEAT
2026-04-10T09:01:57.463Z,wZ7zpuVqqWaMDe95AawZefWtWcb5cqDXzKSL8WJpump,HappyHorse,Happy Horse,solana,0.000002855,32,262144,2097152,2097152,4096,2048,2048,3,1,913,3322,1775796210000,pumpswap,REPEAT
2026-04-10T09:01:57.463Z,9AsvxJ4vBcU9gR14mAitrdzSFABY93z3Fdr6bSQ3pump,STACK,The Chimney Dog,solana,0.00001393,128,4096,32768,65536,,16384,16384,9,,45,12,1775786445000,pumpfun,REPEAT
2026-04-10T09:01:57.463Z,99Z4AnrTHDhiGwYPyB4kE3Nap8oo8SqBPircah7Apump,SBTI,SBTI来了,solana,0.000003218,,32,131072,131072,,4096,4096,,,1,6,1775795593000,pumpfun,REPEAT
2026-04-10T09:01:57.463Z,9AEtb967xTMosjp9XFhvHLhscPNYgDWc15jFAZR8pump,RƎ́V,REVÉRSÉ SOCIETY,solana,0.0002148,,1024,8192,32768,32768,262144,262144,,,29,11,1775691640000,pumpswap,REPEAT
2026-04-10T09:01:57.463Z,U5sdyqACGtTDyyvSL3yqwSHo1vzUJmNuifjKVSbpump,Stacy,True Stacy,solana,0.000003169,,128,131072,131072,4096,4096,4096,,,6,15,1775796046000,pumpswap,REPEAT
2026-04-10T09:01:57.463Z,98t9PEJF5QvAdGhu3MuQ2ww57NkRV1Rg7evSZNFxpump,$BABYTAN,BabyTan,solana,0.00001204,256,2048,4096,16384,,16384,16384,5,3,28,24,1775571529000,pumpfun,REPEAT
2026-04-10T09:01:57.463Z,2ZKy5wqQ59fxeTiUEVLrL24XseTPhizSwpn2R5hfpump,LOLNAH,The Disbelief Coin,solana,0.000004003,,128,16384,16384,,4096,4096,,,3,7,1775792505000,pumpfun,REPEAT
2026-04-10T09:01:57.463Z,FaBG5QafPfxKJLDDz4jesLothFrjcjeS96SMnWLepump,Hotate,ほたてくん,solana,0.000003385,,256,65536,65536,,4096,4096,,,,12,1775789595000,pumpfun,REPEAT
2026-04-10T09:01:57.463Z,9wcYq6LTC4vqgAWr5VQLwsR1Rc5CyzRbcTFtNLzFpump,Daisy,Daisy,solana,0.000005892,,8,131072,524288,8192,8192,8192,,,,4,1775788309000,pumpswap,REPEAT
2026-04-10T09:01:57.463Z,5552z6Qp2xr596ox1UVN4ppDwwyjCfY8cXwzHMXgMcaS,MOLTING,Molting,solana,0.001528,1024,32768,131072,524288,131072,2097152,2097152,9,7,143,123,1769857955000,orca,REPEAT
2026-04-10T09:01:57.463Z,BBYEvoXYaWQxvWb2x4ugwAPnVTiqqoFtxHLtagf3PEPE,BABYPEPE,BABYPEPE,solana,0.00002230,128,256,4096,131072,8192,16384,16384,,1,3,8,1775781591000,pumpswap,REPEAT
2026-04-10T09:06:57.464Z,C9wHT2Qh9gJbr16VwYXyhK6ow11VhKpqarTqXWzVpump,MaggieChan,マギーちゃん,solana,0.00001116,512,65536,65536,65536,,8192,8192,19,21,960,593,1775809545000,pumpfun,REPEAT
2026-04-10T09:06:57.464Z,5eXiGxEYTauPupHfaA2r7BDAcLpK6yL5eZ4LCMP9pump,Angol,앵알이,solana,0.000003522,256,32768,32768,32768,,4096,4096,2,9,495,355,1775810044000,pumpfun,REPEAT
2026-04-10T09:06:57.464Z,E67wgnNewaoW1dHz3xPqCjWUY5ntAaGw2uz9Bd1vdoge,DENO,Deno Land,solana,0.00007062,64,4096,16384,32768,16384,65536,65536,,3,27,17,1772482423000,meteora,REPEAT
2026-04-10T09:06:57.464Z,FdUmX7zQSZgPxt1D7rtbKQisP4a2MXyejAxEnVvepump,Stoic,Stoicism ,solana,0.0001102,2048,65536,262144,1048576,32768,131072,131072,36,39,1736,416,1775773975000,pumpswap,REPEAT
2026-04-10T09:06:57.464Z,DLsGGp9se7uUzE1SKbWD4hur1c9bjXnK3ADUejXJpump,T26,PROJECT T26 COIN,solana,0.00003818,,128,8192,8192,16384,32768,32768,,,1,4,1775801805000,pumpswap,REPEAT
2026-04-10T09:06:57.464Z,8ZHLjQy2SJTvJ65HG8GQP2zjKa2R5Gify2xXrfZzpump,Cease,Cease Fire,solana,0.000003423,4,128,1024,1024,,4096,4096,1,,5,,1775803114000,pumpfun,REPEAT
2026-04-10T09:06:57.464Z,BgSBbGpELTyuYXyU1C2v3jcAvJdCq1R6XEo1HaxYpump,BIZY,Bizy,solana,0.000002385,1,65536,2097152,2097152,4096,2048,2048,1,1,403,1006,1775800328000,pumpswap,REPEAT
2026-04-10T09:06:57.464Z,2pDdYPaT2Ww2aVPoa1mw2P8gokctwk8b4ifkNfBApump,pisscoin,pisscoin,solana,0.00001914,,64,2048,8192,16384,16384,16384,,,1,5,1774571155000,pumpswap,REPEAT
2026-04-10T09:06:57.464Z,GxJjdCrPzYnEBjnyoq5gsqed6TqKoAQJ3NtmajPpump,SBTI,SBTI,solana,0.002432,131072,1048576,4194304,4194304,131072,2097152,2097152,628,444,6865,4110,1775800461000,pumpswap,REPEAT
2026-04-10T09:06:57.464Z,CmtYYjTBYxj5ExeyREFoM5gMNDo4GQ4sjrE7Vx9upump,HUNTER,HunterBidenSmokingCrackCoin,solana,0.00001208,512,4096,65536,65536,8192,8192,8192,14,6,55,46,1775796857000,pumpswap,REPEAT
2026-04-10T09:06:57.464Z,6DUdwjXtqJKrNFQBQzsaPW7pP2EZg2hbQ92NBi9Ppump,HAHA,HAHA,solana,0.0001484,8192,262144,2097152,2097152,32768,131072,131072,52,37,1458,915,1775797888000,pumpswap,REPEAT
2026-04-10T09:06:57.464Z,2ecWqqjWZ5hkYLHzCn9TEn2DtpVdNvMicLf3RzfLpump,Chicky,Official Chicky Coin,solana,0.00009907,2048,16384,65536,131072,32768,131072,131072,32,12,149,106,1774972475000,pumpswap,REPEAT
2026-04-10T09:06:57.464Z,82MmG1uH2BWLyoU7VCFYMohP9CT63q5paiKHAAAn3zWx,ANIME,Anime Bitcoin,solana,0.0004798,2048,16384,65536,131072,65536,524288,524288,28,17,274,262,1743542810000,pumpswap,REPEAT
2026-04-10T09:06:57.464Z,GFVhghbzvoZUgdRgqL8HMrhK26tgP1ddBEVDpQFppump,Banana,Bananas,solana,0.000009795,256,8192,131072,131072,,8192,8192,8,2,131,105,1775799626000,pumpfun,REPEAT
2026-04-10T09:06:57.464Z,3JQNRbZo9d3jteWg6FjxtUTNR1hLrLmriWGbaaZWpump,Garrison,The Alpha,solana,0.0001084,8192,65536,1048576,1048576,32768,131072,131072,61,88,1051,767,1775797475000,pumpswap,REPEAT
2026-04-10T09:06:57.464Z,8BrKogqwr7Uad9Pwkxw91w31v2x5qf8yDL4x52Qhpump,NUERO,Nuero,solana,0.0001492,512,4096,16384,65536,32768,131072,131072,8,3,30,23,1774894182000,pumpswap,REPEAT
2026-04-10T09:06:57.464Z,Ejdy5bNuwE1jfm3NufkghrLtpMM1KJKwUjfFhxTmpump,Genα,Generation Alpha ETF,solana,0.000002308,16,131072,1048576,1048576,4096,2048,2048,3,774,1528,5714,1775797991000,pumpswap,REPEAT
2026-04-10T09:06:57.464Z,wZ7zpuVqqWaMDe95AawZefWtWcb5cqDXzKSL8WJpump,HappyHorse,Happy Horse,solana,0.000002855,,131072,2097152,2097152,4096,2048,2048,,,746,3112,1775796210000,pumpswap,REPEAT
2026-04-10T09:06:57.464Z,9AsvxJ4vBcU9gR14mAitrdzSFABY93z3Fdr6bSQ3pump,STACK,The Chimney Dog,solana,0.00001522,512,4096,32768,65536,,16384,16384,6,3,47,15,1775786445000,pumpfun,REPEAT
2026-04-10T09:06:57.464Z,99Z4AnrTHDhiGwYPyB4kE3Nap8oo8SqBPircah7Apump,SBTI,SBTI来了,solana,0.000003218,,32,131072,131072,,4096,4096,,,1,5,1775795593000,pumpfun,REPEAT
2026-04-10T09:06:57.464Z,9AEtb967xTMosjp9XFhvHLhscPNYgDWc15jFAZR8pump,RƎ́V,REVÉRSÉ SOCIETY,solana,0.0002177,,1024,8192,32768,32768,262144,262144,,,28,10,1775691640000,pumpswap,REPEAT
2026-04-10T09:06:57.464Z,U5sdyqACGtTDyyvSL3yqwSHo1vzUJmNuifjKVSbpump,Stacy,True Stacy,solana,0.000003169,,128,131072,131072,4096,4096,4096,,,6,14,1775796046000,pumpswap,REPEAT
2026-04-10T09:06:57.464Z,98t9PEJF5QvAdGhu3MuQ2ww57NkRV1Rg7evSZNFxpump,$BABYTAN,BabyTan,solana,0.00001197,256,2048,4096,16384,,16384,16384,4,3,31,28,1775571529000,pumpfun,REPEAT
2026-04-10T09:06:57.464Z,2ZKy5wqQ59fxeTiUEVLrL24XseTPhizSwpn2R5hfpump,LOLNAH,The Disbelief Coin,solana,0.000003949,32,128,16384,16384,,4096,4096,,2,2,8,1775792505000,pumpfun,REPEAT
2026-04-10T09:06:57.464Z,FaBG5QafPfxKJLDDz4jesLothFrjcjeS96SMnWLepump,Hotate,ほたてくん,solana,0.000003371,8,256,65536,65536,,4096,4096,,1,,13,1775789595000,pumpfun,REPEAT
2026-04-10T09:06:57.464Z,9wcYq6LTC4vqgAWr5VQLwsR1Rc5CyzRbcTFtNLzFpump,Daisy,Daisy,solana,0.000005978,1,8,65536,524288,8192,8192,8192,1,,1,3,1775788309000,pumpswap,REPEAT
2026-04-10T09:06:57.464Z,5552z6Qp2xr596ox1UVN4ppDwwyjCfY8cXwzHMXgMcaS,MOLTING,Molting,solana,0.001508,512,32768,131072,524288,131072,2097152,2097152,6,3,113,123,1769857955000,orca,REPEAT
2026-04-10T09:06:57.464Z,BBYEvoXYaWQxvWb2x4ugwAPnVTiqqoFtxHLtagf3PEPE,BABYPEPE,BABYPEPE,solana,0.00002191,0,256,4096,131072,8192,16384,16384,,1,3,9,1775781591000,pumpswap,REPEAT
2026-04-10T09:11:57.464Z,FquUHKWfMUdSMxxSU9ZWrSc98hvTXeMnQn9nksSKpump,42069,42069,solana,0.00001851,32,2048,16384,16384,16384,16384,16384,1,1,30,23,1767602540000,pumpswap,NEW
2026-04-10T09:11:57.464Z,FquUHKWfMUdSMxxSU9ZWrSc98hvTXeMnQn9nksSKpump,42069,42069,solana,0.00001851,32,2048,16384,16384,16384,16384,16384,1,1,30,23,1767602540000,pumpswap,REPEAT
2026-04-10T09:11:57.464Z,9iNsBjDCSG1WJzQDj9QWnGop4eYDQX4hczjAyzqukH7v,DD7,DOUBLE D 7,solana,0.00001724,8192,32768,32768,32768,8192,16384,16384,170,143,786,601,1775811711000,pumpswap,NEW
2026-04-10T09:11:57.464Z,C9wHT2Qh9gJbr16VwYXyhK6ow11VhKpqarTqXWzVpump,MaggieChan,マギーちゃん,solana,0.00001079,1024,65536,65536,65536,,8192,8192,45,26,1005,623,1775809545000,pumpfun,REPEAT
2026-04-10T09:11:57.464Z,5eXiGxEYTauPupHfaA2r7BDAcLpK6yL5eZ4LCMP9pump,Angol,앵알이,solana,0.000003138,256,32768,32768,32768,,4096,4096,2,7,497,366,1775810044000,pumpfun,REPEAT
2026-04-10T09:11:57.464Z,E67wgnNewaoW1dHz3xPqCjWUY5ntAaGw2uz9Bd1vdoge,DENO,Deno Land,solana,0.00007060,8,4096,16384,32768,16384,65536,65536,,1,27,18,1772482423000,meteora,REPEAT
2026-04-10T09:11:57.464Z,FdUmX7zQSZgPxt1D7rtbKQisP4a2MXyejAxEnVvepump,Stoic,Stoicism ,solana,0.0001143,2048,65536,262144,1048576,32768,131072,131072,31,32,1737,430,1775773975000,pumpswap,REPEAT
2026-04-10T09:11:57.464Z,DLsGGp9se7uUzE1SKbWD4hur1c9bjXnK3ADUejXJpump,T26,PROJECT T26 COIN,solana,0.00003818,,128,8192,8192,16384,32768,32768,,,1,4,1775801805000,pumpswap,REPEAT
2026-04-10T09:11:57.464Z,8ZHLjQy2SJTvJ65HG8GQP2zjKa2R5Gify2xXrfZzpump,Cease,Cease Fire,solana,0.000003423,,128,1024,1024,,4096,4096,,,5,,1775803114000,pumpfun,REPEAT
2026-04-10T09:11:57.464Z,BgSBbGpELTyuYXyU1C2v3jcAvJdCq1R6XEo1HaxYpump,BIZY,Bizy,solana,0.000002385,,16384,2097152,2097152,4096,2048,2048,,,204,841,1775800328000,pumpswap,REPEAT
2026-04-10T09:11:57.464Z,2pDdYPaT2Ww2aVPoa1mw2P8gokctwk8b4ifkNfBApump,pisscoin,pisscoin,solana,0.00001914,,64,2048,8192,16384,16384,16384,,,,4,1774571155000,pumpswap,REPEAT
2026-04-10T09:11:57.464Z,GxJjdCrPzYnEBjnyoq5gsqed6TqKoAQJ3NtmajPpump,SBTI,SBTI,solana,0.002524,131072,1048576,4194304,4194304,131072,2097152,2097152,587,373,6797,4178,1775800461000,pumpswap,REPEAT
2026-04-10T09:11:57.464Z,CmtYYjTBYxj5ExeyREFoM5gMNDo4GQ4sjrE7Vx9upump,HUNTER,HunterBidenSmokingCrackCoin,solana,0.00001191,64,4096,65536,65536,8192,8192,8192,1,2,54,44,1775796857000,pumpswap,REPEAT
2026-04-10T09:11:57.464Z,6DUdwjXtqJKrNFQBQzsaPW7pP2EZg2hbQ92NBi9Ppump,HAHA,HAHA,solana,0.0001630,8192,262144,2097152,2097152,32768,131072,131072,49,43,1378,898,1775797888000,pumpswap,REPEAT
2026-04-10T09:11:57.464Z,2ecWqqjWZ5hkYLHzCn9TEn2DtpVdNvMicLf3RzfLpump,Chicky,Official Chicky Coin,solana,0.0001058,1024,16384,65536,131072,32768,131072,131072,6,9,127,106,1774972475000,pumpswap,REPEAT
2026-04-10T09:11:57.464Z,82MmG1uH2BWLyoU7VCFYMohP9CT63q5paiKHAAAn3zWx,ANIME,Anime Bitcoin,solana,0.0004712,2048,16384,65536,131072,65536,524288,524288,28,15,267,245,1743542810000,pumpswap,REPEAT
2026-04-10T09:11:57.464Z,GFVhghbzvoZUgdRgqL8HMrhK26tgP1ddBEVDpQFppump,Banana,Bananas,solana,0.000009385,256,8192,131072,131072,,8192,8192,2,4,122,103,1775799626000,pumpfun,REPEAT
2026-04-10T09:11:57.464Z,3JQNRbZo9d3jteWg6FjxtUTNR1hLrLmriWGbaaZWpump,Garrison,The Alpha,solana,0.00007937,8192,65536,1048576,1048576,32768,65536,65536,121,78,1029,757,1775797475000,pumpswap,REPEAT
2026-04-10T09:11:57.464Z,8BrKogqwr7Uad9Pwkxw91w31v2x5qf8yDL4x52Qhpump,NUERO,Nuero,solana,0.0001504,1024,4096,16384,65536,32768,131072,131072,4,11,33,32,1774894182000,pumpswap,REPEAT
2026-04-10T09:11:57.464Z,Ejdy5bNuwE1jfm3NufkghrLtpMM1KJKwUjfFhxTmpump,Genα,Generation Alpha ETF,solana,0.000002309,16,131072,1048576,1048576,4096,2048,2048,3,1,1349,5591,1775797991000,pumpswap,REPEAT
2026-04-10T09:11:57.464Z,wZ7zpuVqqWaMDe95AawZefWtWcb5cqDXzKSL8WJpump,HappyHorse,Happy Horse,solana,0.000002901,32,131072,2097152,2097152,4096,4096,4096,2,2,596,2951,1775796210000,pumpswap,REPEAT
2026-04-10T09:11:57.464Z,9AsvxJ4vBcU9gR14mAitrdzSFABY93z3Fdr6bSQ3pump,STACK,The Chimney Dog,solana,0.00001413,256,4096,32768,65536,,16384,16384,3,3,48,17,1775786445000,pumpfun,REPEAT
2026-04-10T09:11:57.464Z,99Z4AnrTHDhiGwYPyB4kE3Nap8oo8SqBPircah7Apump,SBTI,SBTI来了,solana,0.000003218,,32,131072,131072,,4096,4096,,,1,5,1775795593000,pumpfun,REPEAT
2026-04-10T09:11:57.464Z,9AEtb967xTMosjp9XFhvHLhscPNYgDWc15jFAZR8pump,RƎ́V,REVÉRSÉ SOCIETY,solana,0.0002177,,1024,8192,32768,32768,262144,262144,,,26,10,1775691640000,pumpswap,REPEAT
2026-04-10T09:11:57.464Z,U5sdyqACGtTDyyvSL3yqwSHo1vzUJmNuifjKVSbpump,Stacy,True Stacy,solana,0.000003224,2,128,131072,131072,4096,4096,4096,2,,8,12,1775796046000,pumpswap,REPEAT
2026-04-10T09:11:57.464Z,98t9PEJF5QvAdGhu3MuQ2ww57NkRV1Rg7evSZNFxpump,$BABYTAN,BabyTan,solana,0.00001197,256,2048,4096,16384,,16384,16384,3,3,32,28,1775571529000,pumpfun,REPEAT
2026-04-10T09:11:57.464Z,2ZKy5wqQ59fxeTiUEVLrL24XseTPhizSwpn2R5hfpump,LOLNAH,The Disbelief Coin,solana,0.000003949,,64,16384,16384,,4096,4096,,,2,6,1775792505000,pumpfun,REPEAT
2026-04-10T09:11:57.464Z,FaBG5QafPfxKJLDDz4jesLothFrjcjeS96SMnWLepump,Hotate,ほたてくん,solana,0.000003350,8,256,65536,65536,,4096,4096,,2,,14,1775789595000,pumpfun,REPEAT
2026-04-10T09:16:57.464Z,54oYnRG6DZ4joivbKRUiW1k7dn2MhnhjMNHd1NBDpump,DURR,DURR,solana,0.00001997,512,2048,4096,65536,,16384,16384,5,5,14,18,1775679289000,pumpfun,NEW
2026-04-10T09:16:57.464Z,FquUHKWfMUdSMxxSU9ZWrSc98hvTXeMnQn9nksSKpump,42069,42069,solana,0.00001864,32,2048,16384,16384,16384,16384,16384,2,1,29,21,1767602540000,pumpswap,REPEAT
2026-04-10T09:16:57.464Z,FquUHKWfMUdSMxxSU9ZWrSc98hvTXeMnQn9nksSKpump,42069,42069,solana,0.00001864,32,2048,16384,16384,16384,16384,16384,2,1,29,21,1767602540000,pumpswap,REPEAT
2026-04-10T09:16:57.464Z,9iNsBjDCSG1WJzQDj9QWnGop4eYDQX4hczjAyzqukH7v,DD7,DOUBLE D 7,solana,0.000007339,8192,65536,65536,65536,8192,8192,8192,200,190,1026,823,1775811711000,pumpswap,REPEAT
2026-04-10T09:16:57.464Z,C9wHT2Qh9gJbr16VwYXyhK6ow11VhKpqarTqXWzVpump,MaggieChan,マギーちゃん,solana,0.000007788,1024,65536,65536,65536,,8192,8192,10,27,1015,650,1775809545000,pumpfun,REPEAT
2026-04-10T09:16:57.464Z,5eXiGxEYTauPupHfaA2r7BDAcLpK6yL5eZ4LCMP9pump,Angol,앵알이,solana,0.000003129,4,32768,32768,32768,,4096,4096,,1,497,367,1775810044000,pumpfun,REPEAT
2026-04-10T09:16:57.464Z,E67wgnNewaoW1dHz3xPqCjWUY5ntAaGw2uz9Bd1vdoge,DENO,Deno Land,solana,0.00007060,,2048,16384,32768,16384,65536,65536,,,24,16,1772482423000,meteora,REPEAT
2026-04-10T09:16:57.464Z,FdUmX7zQSZgPxt1D7rtbKQisP4a2MXyejAxEnVvepump,Stoic,Stoicism ,solana,0.0001201,2048,65536,262144,1048576,32768,131072,131072,32,29,1746,449,1775773975000,pumpswap,REPEAT
2026-04-10T09:16:57.464Z,DLsGGp9se7uUzE1SKbWD4hur1c9bjXnK3ADUejXJpump,T26,PROJECT T26 COIN,solana,0.00003830,,128,8192,8192,16384,32768,32768,,,1,3,1775801805000,pumpswap,REPEAT
2026-04-10T09:16:57.464Z,8ZHLjQy2SJTvJ65HG8GQP2zjKa2R5Gify2xXrfZzpump,Cease,Cease Fire,solana,0.000003423,,128,1024,1024,,4096,4096,,,5,,1775803114000,pumpfun,REPEAT
2026-04-10T09:16:57.464Z,BgSBbGpELTyuYXyU1C2v3jcAvJdCq1R6XEo1HaxYpump,BIZY,Bizy,solana,0.000002354,8,1024,2097152,2097152,4096,2048,2048,1,1,33,60,1775800328000,pumpswap,REPEAT
2026-04-10T09:16:57.464Z,2pDdYPaT2Ww2aVPoa1mw2P8gokctwk8b4ifkNfBApump,pisscoin,pisscoin,solana,0.00001910,4,64,2048,8192,16384,16384,16384,,1,,4,1774571155000,pumpswap,REPEAT
2026-04-10T09:16:57.464Z,GxJjdCrPzYnEBjnyoq5gsqed6TqKoAQJ3NtmajPpump,SBTI,SBTI,solana,0.002471,131072,1048576,4194304,4194304,131072,2097152,2097152,594,351,6643,4194,1775800461000,pumpswap,REPEAT
2026-04-10T09:16:57.464Z,CmtYYjTBYxj5ExeyREFoM5gMNDo4GQ4sjrE7Vx9upump,HUNTER,HunterBidenSmokingCrackCoin,solana,0.00001099,128,4096,65536,65536,8192,8192,8192,,2,45,47,1775796857000,pumpswap,REPEAT
2026-04-10T09:16:57.464Z,6DUdwjXtqJKrNFQBQzsaPW7pP2EZg2hbQ92NBi9Ppump,HAHA,HAHA,solana,0.0001835,8192,262144,2097152,2097152,32768,131072,131072,60,43,1309,883,1775797888000,pumpswap,REPEAT
2026-04-10T09:16:57.464Z,2ecWqqjWZ5hkYLHzCn9TEn2DtpVdNvMicLf3RzfLpump,Chicky,Official Chicky Coin,solana,0.0001061,256,8192,65536,131072,32768,131072,131072,2,7,91,93,1774972475000,pumpswap,REPEAT
2026-04-10T09:16:57.464Z,82MmG1uH2BWLyoU7VCFYMohP9CT63q5paiKHAAAn3zWx,ANIME,Anime Bitcoin,solana,0.0004724,512,16384,65536,131072,65536,524288,524288,16,16,260,240,1743542810000,pumpswap,REPEAT
2026-04-10T09:16:57.464Z,GFVhghbzvoZUgdRgqL8HMrhK26tgP1ddBEVDpQFppump,Banana,Bananas,solana,0.000009197,128,8192,131072,131072,,8192,8192,2,6,120,98,1775799626000,pumpfun,REPEAT
2026-04-10T09:16:57.464Z,3JQNRbZo9d3jteWg6FjxtUTNR1hLrLmriWGbaaZWpump,Garrison,The Alpha,solana,0.00008727,4096,65536,1048576,1048576,32768,65536,65536,57,55,846,714,1775797475000,pumpswap,REPEAT
2026-04-10T09:16:57.464Z,8BrKogqwr7Uad9Pwkxw91w31v2x5qf8yDL4x52Qhpump,NUERO,Nuero,solana,0.0001504,1024,8192,16384,65536,32768,131072,131072,2,3,36,36,1774894182000,pumpswap,REPEAT
2026-04-10T09:16:57.464Z,Ejdy5bNuwE1jfm3NufkghrLtpMM1KJKwUjfFhxTmpump,Genα,Generation Alpha ETF,solana,0.000002367,32,131072,1048576,1048576,4096,2048,2048,4,1,1192,5464,1775797991000,pumpswap,REPEAT
2026-04-10T09:16:57.464Z,wZ7zpuVqqWaMDe95AawZefWtWcb5cqDXzKSL8WJpump,HappyHorse,Happy Horse,solana,0.000002916,4,65536,2097152,2097152,4096,4096,4096,1,1,296,2623,1775796210000,pumpswap,REPEAT
2026-04-10T09:16:57.464Z,9AsvxJ4vBcU9gR14mAitrdzSFABY93z3Fdr6bSQ3pump,STACK,The Chimney Dog,solana,0.00001367,128,4096,32768,65536,,16384,16384,1,3,49,19,1775786445000,pumpfun,REPEAT
2026-04-10T09:16:57.464Z,99Z4AnrTHDhiGwYPyB4kE3Nap8oo8SqBPircah7Apump,SBTI,SBTI来了,solana,0.000003230,0,32,131072,131072,,4096,4096,,1,1,6,1775795593000,pumpfun,REPEAT
2026-04-10T09:16:57.464Z,9AEtb967xTMosjp9XFhvHLhscPNYgDWc15jFAZR8pump,RƎ́V,REVÉRSÉ SOCIETY,solana,0.0002192,2,512,8192,32768,32768,262144,262144,2,,23,10,1775691640000,pumpswap,REPEAT
2026-04-10T09:16:57.464Z,U5sdyqACGtTDyyvSL3yqwSHo1vzUJmNuifjKVSbpump,Stacy,True Stacy,solana,0.000003224,,128,131072,131072,4096,4096,4096,,,8,11,1775796046000,pumpswap,REPEAT
2026-04-10T09:16:57.464Z,98t9PEJF5QvAdGhu3MuQ2ww57NkRV1Rg7evSZNFxpump,$BABYTAN,BabyTan,solana,0.00001196,256,2048,4096,16384,,16384,16384,3,4,35,32,1775571529000,pumpfun,REPEAT
2026-04-10T09:16:57.464Z,2ZKy5wqQ59fxeTiUEVLrL24XseTPhizSwpn2R5hfpump,LOLNAH,The Disbelief Coin,solana,0.000003949,,64,16384,16384,,4096,4096,,,2,5,1775792505000,pumpfun,REPEAT
2026-04-10T09:21:57.465Z,54oYnRG6DZ4joivbKRUiW1k7dn2MhnhjMNHd1NBDpump,DURR,DURR,solana,0.00001997,,2048,4096,65536,,16384,16384,,,14,18,1775679289000,pumpfun,REPEAT
2026-04-10T09:21:57.465Z,FquUHKWfMUdSMxxSU9ZWrSc98hvTXeMnQn9nksSKpump,42069,42069,solana,0.00001674,128,2048,16384,16384,16384,16384,16384,1,2,28,21,1767602540000,pumpswap,REPEAT
2026-04-10T09:21:57.465Z,FquUHKWfMUdSMxxSU9ZWrSc98hvTXeMnQn9nksSKpump,42069,42069,solana,0.00001674,128,2048,16384,16384,16384,16384,16384,1,2,28,21,1767602540000,pumpswap,REPEAT
2026-04-10T09:21:57.465Z,9iNsBjDCSG1WJzQDj9QWnGop4eYDQX4hczjAyzqukH7v,DD7,DOUBLE D 7,solana,0.000004012,4096,65536,65536,65536,4096,4096,4096,113,99,1164,931,1775811711000,pumpswap,REPEAT
2026-04-10T09:21:57.465Z,C9wHT2Qh9gJbr16VwYXyhK6ow11VhKpqarTqXWzVpump,MaggieChan,マギーちゃん,solana,0.000004748,2048,65536,65536,65536,,4096,4096,32,44,1047,694,1775809545000,pumpfun,REPEAT
2026-04-10T09:21:57.465Z,5eXiGxEYTauPupHfaA2r7BDAcLpK6yL5eZ4LCMP9pump,Angol,앵알이,solana,0.000003395,128,32768,32768,32768,,4096,4096,3,1,501,368,1775810044000,pumpfun,REPEAT
2026-04-10T09:21:57.465Z,E67wgnNewaoW1dHz3xPqCjWUY5ntAaGw2uz9Bd1vdoge,DENO,Deno Land,solana,0.00006899,128,2048,16384,32768,16384,65536,65536,,2,24,15,1772482423000,meteora,REPEAT
2026-04-10T09:21:57.465Z,FdUmX7zQSZgPxt1D7rtbKQisP4a2MXyejAxEnVvepump,Stoic,Stoicism ,solana,0.0001288,2048,32768,262144,1048576,32768,131072,131072,35,21,1720,437,1775773975000,pumpswap,REPEAT
2026-04-10T09:21:57.465Z,DLsGGp9se7uUzE1SKbWD4hur1c9bjXnK3ADUejXJpump,T26,PROJECT T26 COIN,solana,0.00003845,16,128,8192,8192,16384,32768,32768,1,1,2,4,1775801805000,pumpswap,REPEAT
2026-04-10T09:21:57.465Z,8ZHLjQy2SJTvJ65HG8GQP2zjKa2R5Gify2xXrfZzpump,Cease,Cease Fire,solana,0.000003423,,128,1024,1024,,4096,4096,,,5,,1775803114000,pumpfun,REPEAT
2026-04-10T09:21:57.465Z,BgSBbGpELTyuYXyU1C2v3jcAvJdCq1R6XEo1HaxYpump,BIZY,Bizy,solana,0.000002376,1,1024,2097152,2097152,4096,2048,2048,1,,30,35,1775800328000,pumpswap,REPEAT
2026-04-10T09:21:57.465Z,2pDdYPaT2Ww2aVPoa1mw2P8gokctwk8b4ifkNfBApump,pisscoin,pisscoin,solana,0.00001910,,64,2048,8192,16384,16384,16384,,,,4,1774571155000,pumpswap,REPEAT
2026-04-10T09:21:57.465Z,GxJjdCrPzYnEBjnyoq5gsqed6TqKoAQJ3NtmajPpump,SBTI,SBTI,solana,0.002248,131072,1048576,4194304,4194304,131072,2097152,2097152,418,416,6594,4336,1775800461000,pumpswap,REPEAT
2026-04-10T09:21:57.465Z,CmtYYjTBYxj5ExeyREFoM5gMNDo4GQ4sjrE7Vx9upump,HUNTER,HunterBidenSmokingCrackCoin,solana,0.00001012,512,4096,65536,65536,8192,8192,8192,6,1,47,42,1775796857000,pumpswap,REPEAT
2026-04-10T09:21:57.465Z,6DUdwjXtqJKrNFQBQzsaPW7pP2EZg2hbQ92NBi9Ppump,HAHA,HAHA,solana,0.0001879,8192,262144,2097152,2097152,32768,262144,262144,54,45,1236,869,1775797888000,pumpswap,REPEAT
2026-04-10T09:21:57.465Z,2ecWqqjWZ5hkYLHzCn9TEn2DtpVdNvMicLf3RzfLpump,Chicky,Official Chicky Coin,solana,0.0001040,256,8192,65536,131072,32768,131072,131072,1,6,90,94,1774972475000,pumpswap,REPEAT
2026-04-10T09:21:57.465Z,82MmG1uH2BWLyoU7VCFYMohP9CT63q5paiKHAAAn3zWx,ANIME,Anime Bitcoin,solana,0.0005105,2048,16384,65536,131072,65536,524288,524288,25,18,260,239,1743542810000,pumpswap,REPEAT
2026-04-10T09:21:57.465Z,GFVhghbzvoZUgdRgqL8HMrhK26tgP1ddBEVDpQFppump,Banana,Bananas,solana,0.000009672,256,8192,131072,131072,,8192,8192,5,2,118,94,1775799626000,pumpfun,REPEAT
2026-04-10T09:21:57.465Z,3JQNRbZo9d3jteWg6FjxtUTNR1hLrLmriWGbaaZWpump,Garrison,The Alpha,solana,0.00008639,2048,65536,1048576,1048576,32768,65536,65536,39,27,829,661,1775797475000,pumpswap,REPEAT
2026-04-10T09:21:57.465Z,8BrKogqwr7Uad9Pwkxw91w31v2x5qf8yDL4x52Qhpump,NUERO,Nuero,solana,0.0001555,512,8192,16384,65536,32768,131072,131072,5,5,41,42,1774894182000,pumpswap,REPEAT
2026-04-10T09:21:57.465Z,Ejdy5bNuwE1jfm3NufkghrLtpMM1KJKwUjfFhxTmpump,Genα,Generation Alpha ETF,solana,0.000002417,32,131072,1048576,1048576,4096,2048,2048,1,2,1040,5336,1775797991000,pumpswap,REPEAT
2026-04-10T09:21:57.465Z,wZ7zpuVqqWaMDe95AawZefWtWcb5cqDXzKSL8WJpump,HappyHorse,Happy Horse,solana,0.000002922,0,32768,2097152,2097152,4096,4096,4096,,1,148,2565,1775796210000,pumpswap,REPEAT
2026-04-10T09:21:57.465Z,9AsvxJ4vBcU9gR14mAitrdzSFABY93z3Fdr6bSQ3pump,STACK,The Chimney Dog,solana,0.00001619,512,4096,32768,65536,,16384,16384,10,2,59,20,1775786445000,pumpfun,REPEAT
2026-04-10T09:21:57.465Z,99Z4AnrTHDhiGwYPyB4kE3Nap8oo8SqBPircah7Apump,SBTI,SBTI来了,solana,0.000003230,,32,131072,131072,,4096,4096,,,1,6,1775795593000,pumpfun,REPEAT
2026-04-10T09:21:57.465Z,9AEtb967xTMosjp9XFhvHLhscPNYgDWc15jFAZR8pump,RƎ́V,REVÉRSÉ SOCIETY,solana,0.0002192,,512,8192,32768,32768,262144,262144,,,22,9,1775691640000,pumpswap,REPEAT
2026-04-10T09:21:57.465Z,U5sdyqACGtTDyyvSL3yqwSHo1vzUJmNuifjKVSbpump,Stacy,True Stacy,solana,0.000003178,8,128,131072,131072,4096,4096,4096,,3,8,14,1775796046000,pumpswap,REPEAT
2026-04-10T09:21:57.465Z,98t9PEJF5QvAdGhu3MuQ2ww57NkRV1Rg7evSZNFxpump,$BABYTAN,BabyTan,solana,0.00001178,256,2048,4096,16384,,16384,16384,2,4,38,35,1775571529000,pumpfun,REPEAT
2026-04-10T09:21:57.465Z,2ZKy5wqQ59fxeTiUEVLrL24XseTPhizSwpn2R5hfpump,LOLNAH,The Disbelief Coin,solana,0.000003962,1,64,16384,16384,,4096,4096,,1,2,6,1775792505000,pumpfun,REPEAT
2026-04-10T09:26:57.465Z,54oYnRG6DZ4joivbKRUiW1k7dn2MhnhjMNHd1NBDpump,DURR,DURR,solana,0.00002013,16,2048,4096,65536,,16384,16384,3,,17,18,1775679289000,pumpfun,REPEAT
2026-04-10T09:26:57.465Z,FquUHKWfMUdSMxxSU9ZWrSc98hvTXeMnQn9nksSKpump,42069,42069,solana,0.00001686,64,2048,16384,16384,16384,16384,16384,3,,29,21,1767602540000,pumpswap,REPEAT
2026-04-10T09:26:57.465Z,FquUHKWfMUdSMxxSU9ZWrSc98hvTXeMnQn9nksSKpump,42069,42069,solana,0.00001686,64,2048,16384,16384,16384,16384,16384,3,,29,21,1767602540000,pumpswap,REPEAT
2026-04-10T09:26:57.465Z,9iNsBjDCSG1WJzQDj9QWnGop4eYDQX4hczjAyzqukH7v,DD7,DOUBLE D 7,solana,0.000004022,1024,65536,65536,65536,4096,4096,4096,23,23,1191,962,1775811711000,pumpswap,REPEAT
2026-04-10T09:26:57.465Z,C9wHT2Qh9gJbr16VwYXyhK6ow11VhKpqarTqXWzVpump,MaggieChan,マギーちゃん,solana,0.000004140,2048,32768,65536,65536,,4096,4096,27,27,835,586,1775809545000,pumpfun,REPEAT
2026-04-10T09:26:57.465Z,5eXiGxEYTauPupHfaA2r7BDAcLpK6yL5eZ4LCMP9pump,Angol,앵알이,solana,0.000003446,32,32768,32768,32768,,4096,4096,2,2,503,370,1775810044000,pumpfun,REPEAT
2026-04-10T09:26:57.465Z,E67wgnNewaoW1dHz3xPqCjWUY5ntAaGw2uz9Bd1vdoge,DENO,Deno Land,solana,0.00006878,,2048,16384,32768,16384,65536,65536,,,24,14,1772482423000,meteora,REPEAT
2026-04-10T09:26:57.465Z,FdUmX7zQSZgPxt1D7rtbKQisP4a2MXyejAxEnVvepump,Stoic,Stoicism ,solana,0.0001181,2048,32768,262144,1048576,32768,131072,131072,29,22,1725,440,1775773975000,pumpswap,REPEAT
2026-04-10T09:26:57.465Z,DLsGGp9se7uUzE1SKbWD4hur1c9bjXnK3ADUejXJpump,T26,PROJECT T26 COIN,solana,0.00003844,0,128,8192,8192,16384,32768,32768,,1,2,5,1775801805000,pumpswap,REPEAT
2026-04-10T09:26:57.465Z,8ZHLjQy2SJTvJ65HG8GQP2zjKa2R5Gify2xXrfZzpump,Cease,Cease Fire,solana,0.000003487,16,128,1024,1024,,4096,4096,1,,6,,1775803114000,pumpfun,REPEAT
2026-04-10T09:26:57.465Z,BgSBbGpELTyuYXyU1C2v3jcAvJdCq1R6XEo1HaxYpump,BIZY,Bizy,solana,0.000002351,4,512,2097152,2097152,4096,2048,2048,,1,23,30,1775800328000,pumpswap,REPEAT
2026-04-10T09:26:57.465Z,2pDdYPaT2Ww2aVPoa1mw2P8gokctwk8b4ifkNfBApump,pisscoin,pisscoin,solana,0.00001915,1,64,2048,8192,16384,16384,16384,,1,,5,1774571155000,pumpswap,REPEAT
2026-04-10T09:26:57.465Z,GxJjdCrPzYnEBjnyoq5gsqed6TqKoAQJ3NtmajPpump,SBTI,SBTI,solana,0.001834,131072,1048576,4194304,4194304,131072,2097152,2097152,411,589,6420,4690,1775800461000,pumpswap,REPEAT
2026-04-10T09:26:57.465Z,CmtYYjTBYxj5ExeyREFoM5gMNDo4GQ4sjrE7Vx9upump,HUNTER,HunterBidenSmokingCrackCoin,solana,0.00001003,0,2048,65536,65536,8192,8192,8192,,1,45,36,1775796857000,pumpswap,REPEAT
2026-04-10T09:26:57.465Z,6DUdwjXtqJKrNFQBQzsaPW7pP2EZg2hbQ92NBi9Ppump,HAHA,HAHA,solana,0.0002868,8192,262144,2097152,2097152,32768,262144,262144,56,22,1174,823,1775797888000,pumpswap,REPEAT
2026-04-10T09:26:57.465Z,2ecWqqjWZ5hkYLHzCn9TEn2DtpVdNvMicLf3RzfLpump,Chicky,Official Chicky Coin,solana,0.00009851,1024,8192,65536,131072,32768,131072,131072,10,4,95,92,1774972475000,pumpswap,REPEAT
2026-04-10T09:26:57.465Z,82MmG1uH2BWLyoU7VCFYMohP9CT63q5paiKHAAAn3zWx,ANIME,Anime Bitcoin,solana,0.0005128,1024,16384,65536,131072,65536,524288,524288,23,22,262,233,1743542810000,pumpswap,REPEAT
2026-04-10T09:26:57.465Z,GFVhghbzvoZUgdRgqL8HMrhK26tgP1ddBEVDpQFppump,Banana,Bananas,solana,0.000009613,16,8192,131072,131072,,8192,8192,1,3,114,88,1775799626000,pumpfun,REPEAT
2026-04-10T09:26:57.465Z,3JQNRbZo9d3jteWg6FjxtUTNR1hLrLmriWGbaaZWpump,Garrison,The Alpha,solana,0.00008558,4096,65536,1048576,1048576,32768,65536,65536,55,41,820,627,1775797475000,pumpswap,REPEAT
2026-04-10T09:26:57.465Z,8BrKogqwr7Uad9Pwkxw91w31v2x5qf8yDL4x52Qhpump,NUERO,Nuero,solana,0.0001548,1024,8192,16384,65536,32768,131072,131072,1,18,37,59,1774894182000,pumpswap,REPEAT
2026-04-10T09:26:57.465Z,Ejdy5bNuwE1jfm3NufkghrLtpMM1KJKwUjfFhxTmpump,Genα,Generation Alpha ETF,solana,0.000002553,32,65536,1048576,1048576,4096,2048,2048,3,3,799,5182,1775797991000,pumpswap,REPEAT
2026-04-10T09:26:57.465Z,wZ7zpuVqqWaMDe95AawZefWtWcb5cqDXzKSL8WJpump,HappyHorse,Happy Horse,solana,0.000003023,32,1024,2097152,2097152,4096,4096,4096,4,1,49,44,1775796210000,pumpswap,REPEAT
2026-04-10T09:26:57.465Z,9AsvxJ4vBcU9gR14mAitrdzSFABY93z3Fdr6bSQ3pump,STACK,The Chimney Dog,solana,0.00001702,512,4096,32768,65536,,16384,16384,8,2,65,22,1775786445000,pumpfun,REPEAT
2026-04-10T09:26:57.465Z,99Z4AnrTHDhiGwYPyB4kE3Nap8oo8SqBPircah7Apump,SBTI,SBTI来了,solana,0.000003240,0,16,131072,131072,,4096,4096,,1,,7,1775795593000,pumpfun,REPEAT
2026-04-10T09:26:57.465Z,9AEtb967xTMosjp9XFhvHLhscPNYgDWc15jFAZR8pump,RƎ́V,REVÉRSÉ SOCIETY,solana,0.0002157,128,512,8192,32768,32768,262144,262144,,3,22,12,1775691640000,pumpswap,REPEAT
2026-04-10T09:26:57.465Z,U5sdyqACGtTDyyvSL3yqwSHo1vzUJmNuifjKVSbpump,Stacy,True Stacy,solana,0.000003092,32,256,131072,131072,4096,4096,4096,,2,8,15,1775796046000,pumpswap,REPEAT
2026-04-10T09:26:57.465Z,98t9PEJF5QvAdGhu3MuQ2ww57NkRV1Rg7evSZNFxpump,$BABYTAN,BabyTan,solana,0.00001192,256,2048,4096,16384,,16384,16384,4,3,42,37,1775571529000,pumpfun,REPEAT
2026-04-10T09:26:57.465Z,2ZKy5wqQ59fxeTiUEVLrL24XseTPhizSwpn2R5hfpump,LOLNAH,The Disbelief Coin,solana,0.000003965,2,64,16384,16384,,4096,4096,1,,3,5,1775792505000,pumpfun,REPEAT
2026-04-10T09:31:57.466Z,54oYnRG6DZ4joivbKRUiW1k7dn2MhnhjMNHd1NBDpump,DURR,DURR,solana,0.00002137,256,2048,4096,65536,,16384,16384,4,,21,18,1775679289000,pumpfun,REPEAT
2026-04-10T09:31:57.466Z,FquUHKWfMUdSMxxSU9ZWrSc98hvTXeMnQn9nksSKpump,42069,42069,solana,0.00001689,128,2048,16384,16384,16384,16384,16384,3,2,29,23,1767602540000,pumpswap,REPEAT
2026-04-10T09:31:57.466Z,FquUHKWfMUdSMxxSU9ZWrSc98hvTXeMnQn9nksSKpump,42069,42069,solana,0.00001689,128,2048,16384,16384,16384,16384,16384,3,2,29,23,1767602540000,pumpswap,REPEAT
2026-04-10T09:31:57.466Z,9iNsBjDCSG1WJzQDj9QWnGop4eYDQX4hczjAyzqukH7v,DD7,DOUBLE D 7,solana,0.000003733,512,65536,65536,65536,4096,4096,4096,17,19,1211,983,1775811711000,pumpswap,REPEAT
2026-04-10T09:31:57.466Z,C9wHT2Qh9gJbr16VwYXyhK6ow11VhKpqarTqXWzVpump,MaggieChan,マギーちゃん,solana,0.000004854,512,32768,65536,65536,,4096,4096,21,13,591,463,1775809545000,pumpfun,REPEAT
2026-04-10T09:31:57.466Z,5eXiGxEYTauPupHfaA2r7BDAcLpK6yL5eZ4LCMP9pump,Angol,앵알이,solana,0.000003702,256,32768,32768,32768,,4096,4096,7,5,510,375,1775810044000,pumpfun,REPEAT
2026-04-10T09:31:57.466Z,E67wgnNewaoW1dHz3xPqCjWUY5ntAaGw2uz9Bd1vdoge,DENO,Deno Land,solana,0.00006086,512,2048,16384,32768,16384,65536,65536,,3,14,13,1772482423000,meteora,REPEAT
2026-04-10T09:31:57.466Z,FdUmX7zQSZgPxt1D7rtbKQisP4a2MXyejAxEnVvepump,Stoic,Stoicism ,solana,0.0001092,4096,65536,262144,1048576,32768,131072,131072,48,30,1758,452,1775773975000,pumpswap,REPEAT
2026-04-10T09:31:57.466Z,DLsGGp9se7uUzE1SKbWD4hur1c9bjXnK3ADUejXJpump,T26,PROJECT T26 COIN,solana,0.00003844,,128,8192,8192,16384,32768,32768,,,2,5,1775801805000,pumpswap,REPEAT
2026-04-10T09:31:57.466Z,8ZHLjQy2SJTvJ65HG8GQP2zjKa2R5Gify2xXrfZzpump,Cease,Cease Fire,solana,0.000003487,,128,1024,1024,,4096,4096,,,6,,1775803114000,pumpfun,REPEAT
2026-04-10T09:31:57.466Z,BgSBbGpELTyuYXyU1C2v3jcAvJdCq1R6XEo1HaxYpump,BIZY,Bizy,solana,0.000002365,16,512,2097152,2097152,4096,2048,2048,1,2,17,28,1775800328000,pumpswap,REPEAT
2026-04-10T09:31:57.466Z,2pDdYPaT2Ww2aVPoa1mw2P8gokctwk8b4ifkNfBApump,pisscoin,pisscoin,solana,0.00001915,,64,2048,8192,16384,16384,16384,,,,5,1774571155000,pumpswap,REPEAT
2026-04-10T09:31:57.466Z,GxJjdCrPzYnEBjnyoq5gsqed6TqKoAQJ3NtmajPpump,SBTI,SBTI,solana,0.001634,131072,1048576,4194304,4194304,131072,2097152,2097152,442,730,6422,5197,1775800461000,pumpswap,REPEAT
2026-04-10T09:31:57.466Z,CmtYYjTBYxj5ExeyREFoM5gMNDo4GQ4sjrE7Vx9upump,HUNTER,HunterBidenSmokingCrackCoin,solana,0.000007308,1024,4096,65536,65536,8192,8192,8192,10,15,47,48,1775796857000,pumpswap,REPEAT
2026-04-10T09:31:57.466Z,6DUdwjXtqJKrNFQBQzsaPW7pP2EZg2hbQ92NBi9Ppump,HAHA,HAHA,solana,0.0002379,16384,262144,2097152,2097152,32768,262144,262144,59,43,1095,788,1775797888000,pumpswap,REPEAT
2026-04-10T09:31:57.466Z,2ecWqqjWZ5hkYLHzCn9TEn2DtpVdNvMicLf3RzfLpump,Chicky,Official Chicky Coin,solana,0.00009763,256,8192,65536,131072,32768,131072,131072,5,2,96,84,1774972475000,pumpswap,REPEAT
2026-04-10T09:31:57.466Z,82MmG1uH2BWLyoU7VCFYMohP9CT63q5paiKHAAAn3zWx,ANIME,Anime Bitcoin,solana,0.0005108,512,16384,65536,131072,65536,524288,524288,15,12,255,217,1743542810000,pumpswap,REPEAT
2026-04-10T09:31:57.466Z,GFVhghbzvoZUgdRgqL8HMrhK26tgP1ddBEVDpQFppump,Banana,Bananas,solana,0.00001058,1024,8192,131072,131072,,8192,8192,5,5,109,85,1775799626000,pumpfun,REPEAT
2026-04-10T09:31:57.466Z,3JQNRbZo9d3jteWg6FjxtUTNR1hLrLmriWGbaaZWpump,Garrison,The Alpha,solana,0.00007984,4096,65536,1048576,1048576,32768,65536,65536,58,44,838,632,1775797475000,pumpswap,REPEAT
2026-04-10T09:31:57.466Z,8BrKogqwr7Uad9Pwkxw91w31v2x5qf8yDL4x52Qhpump,NUERO,Nuero,solana,0.0001530,256,8192,16384,65536,32768,131072,131072,2,3,35,58,1774894182000,pumpswap,REPEAT
2026-04-10T09:31:57.466Z,Ejdy5bNuwE1jfm3NufkghrLtpMM1KJKwUjfFhxTmpump,Genα,Generation Alpha ETF,solana,0.000002560,16,65536,1048576,1048576,4096,2048,2048,3,1,636,5093,1775797991000,pumpswap,REPEAT
2026-04-10T09:31:57.466Z,wZ7zpuVqqWaMDe95AawZefWtWcb5cqDXzKSL8WJpump,HappyHorse,Happy Horse,solana,0.000002921,64,512,2097152,2097152,4096,4096,4096,4,4,38,38,1775796210000,pumpswap,REPEAT
2026-04-10T09:31:57.466Z,9AsvxJ4vBcU9gR14mAitrdzSFABY93z3Fdr6bSQ3pump,STACK,The Chimney Dog,solana,0.00001746,128,4096,16384,65536,,16384,16384,4,1,66,21,1775786445000,pumpfun,REPEAT
2026-04-10T09:31:57.466Z,99Z4AnrTHDhiGwYPyB4kE3Nap8oo8SqBPircah7Apump,SBTI,SBTI来了,solana,0.000003240,,8,131072,131072,,4096,4096,,,,4,1775795593000,pumpfun,REPEAT
2026-04-10T09:31:57.466Z,9AEtb967xTMosjp9XFhvHLhscPNYgDWc15jFAZR8pump,RƎ́V,REVÉRSÉ SOCIETY,solana,0.0002145,8,512,8192,32768,32768,262144,262144,1,1,16,12,1775691640000,pumpswap,REPEAT
2026-04-10T09:31:57.466Z,U5sdyqACGtTDyyvSL3yqwSHo1vzUJmNuifjKVSbpump,Stacy,True Stacy,solana,0.000002977,32,128,131072,131072,4096,4096,4096,,3,4,16,1775796046000,pumpswap,REPEAT
2026-04-10T09:31:57.466Z,98t9PEJF5QvAdGhu3MuQ2ww57NkRV1Rg7evSZNFxpump,$BABYTAN,BabyTan,solana,0.00001179,256,2048,4096,16384,,16384,16384,3,4,43,39,1775571529000,pumpfun,REPEAT
2026-04-10T09:31:57.466Z,2ZKy5wqQ59fxeTiUEVLrL24XseTPhizSwpn2R5hfpump,LOLNAH,The Disbelief Coin,solana,0.000003968,0,64,16384,16384,,4096,4096,1,,4,5,1775792505000,pumpfun,REPEAT
2026-04-10T09:36:57.467Z,2PXZ2Q55YNttMiZ2e4owrAjoevFAwkKSqYy6D6cGpump,MATT,Matt Furry,solana,0.0002128,8192,262144,262144,262144,32768,262144,262144,62,45,1072,1031,1775809207000,pumpswap,NEW
2026-04-10T09:36:57.467Z,54oYnRG6DZ4joivbKRUiW1k7dn2MhnhjMNHd1NBDpump,DURR,DURR,solana,0.00002132,1024,4096,8192,65536,,16384,16384,3,1,24,16,1775679289000,pumpfun,REPEAT
2026-04-10T09:36:57.467Z,FquUHKWfMUdSMxxSU9ZWrSc98hvTXeMnQn9nksSKpump,42069,42069,solana,0.00001761,128,2048,16384,16384,16384,16384,16384,3,,24,21,1767602540000,pumpswap,REPEAT
2026-04-10T09:36:57.467Z,FquUHKWfMUdSMxxSU9ZWrSc98hvTXeMnQn9nksSKpump,42069,42069,solana,0.00001761,128,2048,16384,16384,16384,16384,16384,3,,24,21,1767602540000,pumpswap,REPEAT
2026-04-10T09:36:57.467Z,9iNsBjDCSG1WJzQDj9QWnGop4eYDQX4hczjAyzqukH7v,DD7,DOUBLE D 7,solana,0.000002448,256,65536,65536,65536,4096,2048,2048,4,21,1217,1010,1775811711000,pumpswap,REPEAT
2026-04-10T09:36:57.467Z,C9wHT2Qh9gJbr16VwYXyhK6ow11VhKpqarTqXWzVpump,MaggieChan,マギーちゃん,solana,0.000003807,1024,16384,65536,65536,,4096,4096,7,25,415,364,1775809545000,pumpfun,REPEAT
2026-04-10T09:36:57.467Z,5eXiGxEYTauPupHfaA2r7BDAcLpK6yL5eZ4LCMP9pump,Angol,앵알이,solana,0.000003387,256,16384,32768,32768,,4096,4096,2,5,322,250,1775810044000,pumpfun,REPEAT
2026-04-10T09:36:57.467Z,E67wgnNewaoW1dHz3xPqCjWUY5ntAaGw2uz9Bd1vdoge,DENO,Deno Land,solana,0.00006086,,1024,16384,32768,16384,65536,65536,,,12,13,1772482423000,meteora,REPEAT
2026-04-10T09:36:57.467Z,FdUmX7zQSZgPxt1D7rtbKQisP4a2MXyejAxEnVvepump,Stoic,Stoicism ,solana,0.0001004,2048,32768,262144,1048576,32768,131072,131072,25,18,1698,432,1775773975000,pumpswap,REPEAT
2026-04-10T09:36:57.467Z,DLsGGp9se7uUzE1SKbWD4hur1c9bjXnK3ADUejXJpump,T26,PROJECT T26 COIN,solana,0.00003918,32,128,8192,8192,16384,32768,32768,3,,5,5,1775801805000,pumpswap,REPEAT
2026-04-10T09:36:57.467Z,8ZHLjQy2SJTvJ65HG8GQP2zjKa2R5Gify2xXrfZzpump,Cease,Cease Fire,solana,0.000003487,,128,1024,1024,,4096,4096,,,6,,1775803114000,pumpfun,REPEAT
2026-04-10T09:36:57.467Z,BgSBbGpELTyuYXyU1C2v3jcAvJdCq1R6XEo1HaxYpump,BIZY,Bizy,solana,0.000002362,1,128,2097152,2097152,4096,2048,2048,,1,11,23,1775800328000,pumpswap,REPEAT
2026-04-10T09:36:57.467Z,2pDdYPaT2Ww2aVPoa1mw2P8gokctwk8b4ifkNfBApump,pisscoin,pisscoin,solana,0.00001915,,32,2048,8192,16384,16384,16384,,,,4,1774571155000,pumpswap,REPEAT
2026-04-10T09:36:57.467Z,GxJjdCrPzYnEBjnyoq5gsqed6TqKoAQJ3NtmajPpump,SBTI,SBTI,solana,0.001601,65536,1048576,8388608,8388608,131072,2097152,2097152,485,563,6531,5552,1775800461000,pumpswap,REPEAT
2026-04-10T09:36:57.467Z,CmtYYjTBYxj5ExeyREFoM5gMNDo4GQ4sjrE7Vx9upump,HUNTER,HunterBidenSmokingCrackCoin,solana,0.000006544,512,4096,65536,65536,8192,8192,8192,22,13,67,61,1775796857000,pumpswap,REPEAT
2026-04-10T09:36:57.467Z,6DUdwjXtqJKrNFQBQzsaPW7pP2EZg2hbQ92NBi9Ppump,HAHA,HAHA,solana,0.0002299,8192,131072,2097152,2097152,32768,262144,262144,46,44,978,732,1775797888000,pumpswap,REPEAT
2026-04-10T09:36:57.467Z,2ecWqqjWZ5hkYLHzCn9TEn2DtpVdNvMicLf3RzfLpump,Chicky,Official Chicky Coin,solana,0.00009956,256,8192,65536,131072,32768,131072,131072,9,4,100,70,1774972475000,pumpswap,REPEAT
2026-04-10T09:36:57.467Z,82MmG1uH2BWLyoU7VCFYMohP9CT63q5paiKHAAAn3zWx,ANIME,Anime Bitcoin,solana,0.0005138,256,16384,65536,131072,65536,524288,524288,5,13,243,207,1743542810000,pumpswap,REPEAT
2026-04-10T09:36:57.467Z,GFVhghbzvoZUgdRgqL8HMrhK26tgP1ddBEVDpQFppump,Banana,Bananas,solana,0.00001045,64,8192,131072,131072,,8192,8192,2,1,97,80,1775799626000,pumpfun,REPEAT
2026-04-10T09:36:57.467Z,3JQNRbZo9d3jteWg6FjxtUTNR1hLrLmriWGbaaZWpump,Garrison,The Alpha,solana,0.00008410,2048,65536,1048576,1048576,32768,65536,65536,51,31,835,621,1775797475000,pumpswap,REPEAT
2026-04-10T09:36:57.467Z,8BrKogqwr7Uad9Pwkxw91w31v2x5qf8yDL4x52Qhpump,NUERO,Nuero,solana,0.0001512,2,8192,16384,65536,32768,131072,131072,1,2,34,56,1774894182000,pumpswap,REPEAT
2026-04-10T09:36:57.467Z,Ejdy5bNuwE1jfm3NufkghrLtpMM1KJKwUjfFhxTmpump,Genα,Generation Alpha ETF,solana,0.000002562,64,65536,1048576,1048576,4096,2048,2048,2,1,470,4963,1775797991000,pumpswap,REPEAT
2026-04-10T09:36:57.467Z,wZ7zpuVqqWaMDe95AawZefWtWcb5cqDXzKSL8WJpump,HappyHorse,Happy Horse,solana,0.000002769,128,512,2097152,2097152,4096,2048,2048,4,1,37,27,1775796210000,pumpswap,REPEAT
2026-04-10T09:36:57.467Z,9AsvxJ4vBcU9gR14mAitrdzSFABY93z3Fdr6bSQ3pump,STACK,The Chimney Dog,solana,0.00001527,512,4096,16384,65536,,16384,16384,1,4,60,24,1775786445000,pumpfun,REPEAT
2026-04-10T09:36:57.467Z,99Z4AnrTHDhiGwYPyB4kE3Nap8oo8SqBPircah7Apump,SBTI,SBTI来了,solana,0.000003228,4,8,131072,131072,,4096,4096,,1,,4,1775795593000,pumpfun,REPEAT
2026-04-10T09:36:57.467Z,9AEtb967xTMosjp9XFhvHLhscPNYgDWc15jFAZR8pump,RƎ́V,REVÉRSÉ SOCIETY,solana,0.0002143,8,512,8192,32768,32768,262144,262144,1,1,15,12,1775691640000,pumpswap,REPEAT
2026-04-10T09:36:57.467Z,U5sdyqACGtTDyyvSL3yqwSHo1vzUJmNuifjKVSbpump,Stacy,True Stacy,solana,0.000002840,64,256,131072,131072,4096,2048,2048,,3,4,17,1775796046000,pumpswap,REPEAT
2026-04-10T09:36:57.467Z,98t9PEJF5QvAdGhu3MuQ2ww57NkRV1Rg7evSZNFxpump,$BABYTAN,BabyTan,solana,0.00001178,256,2048,4096,16384,,16384,16384,3,3,46,41,1775571529000,pumpfun,REPEAT
2026-04-10T09:41:57.467Z,2PXZ2Q55YNttMiZ2e4owrAjoevFAwkKSqYy6D6cGpump,MATT,Matt Furry,solana,0.0002095,32768,262144,262144,262144,32768,262144,262144,52,45,1046,1008,1775809207000,pumpswap,REPEAT
2026-04-10T09:41:57.467Z,54oYnRG6DZ4joivbKRUiW1k7dn2MhnhjMNHd1NBDpump,DURR,DURR,solana,0.00002189,128,4096,8192,65536,,16384,16384,4,4,28,18,1775679289000,pumpfun,REPEAT
2026-04-10T09:41:57.467Z,FquUHKWfMUdSMxxSU9ZWrSc98hvTXeMnQn9nksSKpump,42069,42069,solana,0.00001772,32,2048,16384,16384,16384,16384,16384,5,1,28,20,1767602540000,pumpswap,REPEAT
2026-04-10T09:41:57.467Z,FquUHKWfMUdSMxxSU9ZWrSc98hvTXeMnQn9nksSKpump,42069,42069,solana,0.00001772,32,2048,16384,16384,16384,16384,16384,5,1,28,20,1767602540000,pumpswap,REPEAT
2026-04-10T09:41:57.467Z,9iNsBjDCSG1WJzQDj9QWnGop4eYDQX4hczjAyzqukH7v,DD7,DOUBLE D 7,solana,0.000003061,512,65536,65536,65536,4096,4096,4096,16,9,1233,1020,1775811711000,pumpswap,REPEAT
2026-04-10T09:41:57.467Z,C9wHT2Qh9gJbr16VwYXyhK6ow11VhKpqarTqXWzVpump,MaggieChan,マギーちゃん,solana,0.000003600,512,16384,65536,65536,,4096,4096,5,7,338,332,1775809545000,pumpfun,REPEAT
2026-04-10T09:41:57.467Z,5eXiGxEYTauPupHfaA2r7BDAcLpK6yL5eZ4LCMP9pump,Angol,앵알이,solana,0.000003320,32,8192,32768,32768,,4096,4096,,2,218,179,1775810044000,pumpfun,REPEAT
2026-04-10T09:41:57.467Z,E67wgnNewaoW1dHz3xPqCjWUY5ntAaGw2uz9Bd1vdoge,DENO,Deno Land,solana,0.00005249,1024,2048,16384,32768,16384,65536,65536,3,5,11,18,1772482423000,meteora,REPEAT
2026-04-10T09:41:57.467Z,FdUmX7zQSZgPxt1D7rtbKQisP4a2MXyejAxEnVvepump,Stoic,Stoicism ,solana,0.0001037,1024,32768,262144,1048576,32768,131072,131072,16,15,1677,415,1775773975000,pumpswap,REPEAT
2026-04-10T09:41:57.467Z,DLsGGp9se7uUzE1SKbWD4hur1c9bjXnK3ADUejXJpump,T26,PROJECT T26 COIN,solana,0.00003175,1024,1024,8192,8192,16384,32768,32768,4,11,9,16,1775801805000,pumpswap,REPEAT
2026-04-10T09:41:57.467Z,8ZHLjQy2SJTvJ65HG8GQP2zjKa2R5Gify2xXrfZzpump,Cease,Cease Fire,solana,0.000003487,,64,1024,1024,,4096,4096,,,3,,1775803114000,pumpfun,REPEAT
2026-04-10T09:41:57.467Z,BgSBbGpELTyuYXyU1C2v3jcAvJdCq1R6XEo1HaxYpump,BIZY,Bizy,solana,0.000002362,,64,2097152,2097152,4096,2048,2048,,,7,19,1775800328000,pumpswap,REPEAT
2026-04-10T09:41:57.467Z,2pDdYPaT2Ww2aVPoa1mw2P8gokctwk8b4ifkNfBApump,pisscoin,pisscoin,solana,0.00001915,,32,2048,8192,16384,16384,16384,,,,4,1774571155000,pumpswap,REPEAT
2026-04-10T09:41:57.467Z,GxJjdCrPzYnEBjnyoq5gsqed6TqKoAQJ3NtmajPpump,SBTI,SBTI,solana,0.001659,131072,1048576,8388608,8388608,131072,2097152,2097152,592,572,6792,5908,1775800461000,pumpswap,REPEAT
2026-04-10T09:41:57.467Z,CmtYYjTBYxj5ExeyREFoM5gMNDo4GQ4sjrE7Vx9upump,HUNTER,HunterBidenSmokingCrackCoin,solana,0.000006461,64,4096,65536,65536,8192,8192,8192,1,3,64,64,1775796857000,pumpswap,REPEAT
2026-04-10T09:41:57.467Z,6DUdwjXtqJKrNFQBQzsaPW7pP2EZg2hbQ92NBi9Ppump,HAHA,HAHA,solana,0.0002630,8192,131072,2097152,2097152,32768,262144,262144,47,34,871,670,1775797888000,pumpswap,REPEAT
2026-04-10T09:41:57.467Z,2ecWqqjWZ5hkYLHzCn9TEn2DtpVdNvMicLf3RzfLpump,Chicky,Official Chicky Coin,solana,0.00009853,64,8192,65536,131072,32768,131072,131072,1,3,95,67,1774972475000,pumpswap,REPEAT
2026-04-10T09:41:57.467Z,82MmG1uH2BWLyoU7VCFYMohP9CT63q5paiKHAAAn3zWx,ANIME,Anime Bitcoin,solana,0.0005128,256,16384,65536,131072,65536,524288,524288,3,6,217,195,1743542810000,pumpswap,REPEAT
2026-04-10T09:41:57.467Z,GFVhghbzvoZUgdRgqL8HMrhK26tgP1ddBEVDpQFppump,Banana,Bananas,solana,0.00001052,32,8192,131072,131072,,8192,8192,2,2,92,68,1775799626000,pumpfun,REPEAT
2026-04-10T09:41:57.467Z,3JQNRbZo9d3jteWg6FjxtUTNR1hLrLmriWGbaaZWpump,Garrison,The Alpha,solana,0.00008062,4096,65536,1048576,1048576,32768,65536,65536,78,31,804,584,1775797475000,pumpswap,REPEAT
2026-04-10T09:41:57.467Z,8BrKogqwr7Uad9Pwkxw91w31v2x5qf8yDL4x52Qhpump,NUERO,Nuero,solana,0.0001510,16,8192,16384,65536,32768,131072,131072,,1,31,55,1774894182000,pumpswap,REPEAT
2026-04-10T09:41:57.467Z,Ejdy5bNuwE1jfm3NufkghrLtpMM1KJKwUjfFhxTmpump,Genα,Generation Alpha ETF,solana,0.000002569,4,32768,1048576,1048576,4096,2048,2048,1,,304,4840,1775797991000,pumpswap,REPEAT
2026-04-10T09:41:57.467Z,wZ7zpuVqqWaMDe95AawZefWtWcb5cqDXzKSL8WJpump,HappyHorse,Happy Horse,solana,0.000002522,128,512,2097152,2097152,4096,2048,2048,2,3,34,25,1775796210000,pumpswap,REPEAT
2026-04-10T09:41:57.467Z,9AsvxJ4vBcU9gR14mAitrdzSFABY93z3Fdr6bSQ3pump,STACK,The Chimney Dog,solana,0.00001528,64,4096,16384,65536,,16384,16384,1,1,60,25,1775786445000,pumpfun,REPEAT
2026-04-10T09:41:57.467Z,99Z4AnrTHDhiGwYPyB4kE3Nap8oo8SqBPircah7Apump,SBTI,SBTI来了,solana,0.000003228,,8,131072,131072,,4096,4096,,,,4,1775795593000,pumpfun,REPEAT
2026-04-10T09:41:57.467Z,9AEtb967xTMosjp9XFhvHLhscPNYgDWc15jFAZR8pump,RƎ́V,REVÉRSÉ SOCIETY,solana,0.0002182,128,512,8192,32768,32768,262144,262144,3,,14,10,1775691640000,pumpswap,REPEAT
2026-04-10T09:41:57.467Z,U5sdyqACGtTDyyvSL3yqwSHo1vzUJmNuifjKVSbpump,Stacy,True Stacy,solana,0.000002840,,128,131072,131072,4096,2048,2048,,,3,12,1775796046000,pumpswap,REPEAT
2026-04-10T09:41:57.467Z,98t9PEJF5QvAdGhu3MuQ2ww57NkRV1Rg7evSZNFxpump,$BABYTAN,BabyTan,solana,0.00001171,256,2048,4096,16384,,16384,16384,4,5,45,46,1775571529000,pumpfun,REPEAT
2026-04-10T09:46:57.467Z,EMoVDQ2aMyVq3GGRvawjtDHmwS3KgWF4BRuXGbqYaUBV,EMOji,EMOji,solana,0.0001427,65536,262144,262144,262144,32768,131072,131072,367,307,2000,1501,1775812642000,pumpswap,NEW
2026-04-10T09:46:57.467Z,2PXZ2Q55YNttMiZ2e4owrAjoevFAwkKSqYy6D6cGpump,MATT,Matt Furry,solana,0.0002514,4096,262144,524288,524288,32768,262144,262144,52,31,1031,984,1775809207000,pumpswap,REPEAT
2026-04-10T09:46:57.467Z,54oYnRG6DZ4joivbKRUiW1k7dn2MhnhjMNHd1NBDpump,DURR,DURR,solana,0.00002189,,4096,8192,65536,,16384,16384,,,28,16,1775679289000,pumpfun,REPEAT
2026-04-10T09:46:57.467Z,FquUHKWfMUdSMxxSU9ZWrSc98hvTXeMnQn9nksSKpump,42069,42069,solana,0.00001852,64,2048,16384,16384,16384,16384,16384,4,2,32,16,1767602540000,pumpswap,REPEAT
2026-04-10T09:46:57.467Z,FquUHKWfMUdSMxxSU9ZWrSc98hvTXeMnQn9nksSKpump,42069,42069,solana,0.00001852,64,2048,16384,16384,16384,16384,16384,4,2,32,16,1767602540000,pumpswap,REPEAT
2026-04-10T09:46:57.467Z,9iNsBjDCSG1WJzQDj9QWnGop4eYDQX4hczjAyzqukH7v,DD7,DOUBLE D 7,solana,0.000002836,512,65536,65536,65536,4096,2048,2048,5,11,1239,1032,1775811711000,pumpswap,REPEAT
2026-04-10T09:46:57.467Z,C9wHT2Qh9gJbr16VwYXyhK6ow11VhKpqarTqXWzVpump,MaggieChan,マギーちゃん,solana,0.000003729,256,16384,65536,65536,,4096,4096,8,6,310,274,1775809545000,pumpfun,REPEAT
2026-04-10T09:46:57.467Z,5eXiGxEYTauPupHfaA2r7BDAcLpK6yL5eZ4LCMP9pump,Angol,앵알이,solana,0.000003256,64,8192,32768,32768,,4096,4096,3,2,103,128,1775810044000,pumpfun,REPEAT
2026-04-10T09:46:57.467Z,E67wgnNewaoW1dHz3xPqCjWUY5ntAaGw2uz9Bd1vdoge,DENO,Deno Land,solana,0.00005293,128,2048,16384,32768,16384,65536,65536,1,1,12,18,1772482423000,meteora,REPEAT
2026-04-10T09:46:57.467Z,FdUmX7zQSZgPxt1D7rtbKQisP4a2MXyejAxEnVvepump,Stoic,Stoicism ,solana,0.0001083,1024,32768,262144,1048576,32768,131072,131072,23,18,1662,413,1775773975000,pumpswap,REPEAT
2026-04-10T09:46:57.467Z,DLsGGp9se7uUzE1SKbWD4hur1c9bjXnK3ADUejXJpump,T26,PROJECT T26 COIN,solana,0.00003171,8,1024,8192,8192,16384,32768,32768,,1,8,17,1775801805000,pumpswap,REPEAT
2026-04-10T09:46:57.467Z,8ZHLjQy2SJTvJ65HG8GQP2zjKa2R5Gify2xXrfZzpump,Cease,Cease Fire,solana,0.000003487,,32,1024,1024,,4096,4096,,,2,,1775803114000,pumpfun,REPEAT
2026-04-10T09:46:57.467Z,BgSBbGpELTyuYXyU1C2v3jcAvJdCq1R6XEo1HaxYpump,BIZY,Bizy,solana,0.000002396,4,64,2097152,2097152,4096,2048,2048,1,,8,13,1775800328000,pumpswap,REPEAT
2026-04-10T09:46:57.467Z,2pDdYPaT2Ww2aVPoa1mw2P8gokctwk8b4ifkNfBApump,pisscoin,pisscoin,solana,0.00001885,128,128,2048,8192,16384,16384,16384,,1,,5,1774571155000,pumpswap,REPEAT
2026-04-10T09:46:57.467Z,GxJjdCrPzYnEBjnyoq5gsqed6TqKoAQJ3NtmajPpump,SBTI,SBTI,solana,0.001617,65536,1048576,8388608,8388608,131072,2097152,2097152,410,473,6803,6128,1775800461000,pumpswap,REPEAT
2026-04-10T09:46:57.467Z,CmtYYjTBYxj5ExeyREFoM5gMNDo4GQ4sjrE7Vx9upump,HUNTER,HunterBidenSmokingCrackCoin,solana,0.000006393,16,4096,65536,65536,8192,8192,8192,,2,58,61,1775796857000,pumpswap,REPEAT
2026-04-10T09:46:57.467Z,6DUdwjXtqJKrNFQBQzsaPW7pP2EZg2hbQ92NBi9Ppump,HAHA,HAHA,solana,0.0002334,16384,131072,2097152,2097152,32768,262144,262144,78,58,781,608,1775797888000,pumpswap,REPEAT
2026-04-10T09:46:57.467Z,2ecWqqjWZ5hkYLHzCn9TEn2DtpVdNvMicLf3RzfLpump,Chicky,Official Chicky Coin,solana,0.00009879,64,8192,65536,131072,32768,131072,131072,2,5,90,70,1774972475000,pumpswap,REPEAT
2026-04-10T09:46:57.467Z,82MmG1uH2BWLyoU7VCFYMohP9CT63q5paiKHAAAn3zWx,ANIME,Anime Bitcoin,solana,0.0005110,256,16384,65536,131072,65536,524288,524288,7,9,205,190,1743542810000,pumpswap,REPEAT
2026-04-10T09:46:57.467Z,GFVhghbzvoZUgdRgqL8HMrhK26tgP1ddBEVDpQFppump,Banana,Bananas,solana,0.00001060,16,4096,131072,131072,,8192,8192,2,1,74,60,1775799626000,pumpfun,REPEAT
2026-04-10T09:46:57.467Z,3JQNRbZo9d3jteWg6FjxtUTNR1hLrLmriWGbaaZWpump,Garrison,The Alpha,solana,0.00005630,16384,65536,1048576,1048576,16384,65536,65536,311,191,1055,738,1775797475000,pumpswap,REPEAT
2026-04-10T09:46:57.467Z,8BrKogqwr7Uad9Pwkxw91w31v2x5qf8yDL4x52Qhpump,NUERO,Nuero,solana,0.0001510,,8192,16384,65536,32768,131072,131072,,,31,55,1774894182000,pumpswap,REPEAT
2026-04-10T09:46:57.467Z,Ejdy5bNuwE1jfm3NufkghrLtpMM1KJKwUjfFhxTmpump,Genα,Generation Alpha ETF,solana,0.000002516,16,16384,1048576,1048576,4096,2048,2048,,1,136,4692,1775797991000,pumpswap,REPEAT
2026-04-10T09:46:57.467Z,wZ7zpuVqqWaMDe95AawZefWtWcb5cqDXzKSL8WJpump,HappyHorse,Happy Horse,solana,0.000002599,32,512,2097152,2097152,4096,2048,2048,2,1,31,25,1775796210000,pumpswap,REPEAT
2026-04-10T09:46:57.467Z,9AsvxJ4vBcU9gR14mAitrdzSFABY93z3Fdr6bSQ3pump,STACK,The Chimney Dog,solana,0.00001237,512,4096,16384,65536,,16384,16384,,9,55,30,1775786445000,pumpfun,REPEAT
2026-04-10T09:46:57.467Z,99Z4AnrTHDhiGwYPyB4kE3Nap8oo8SqBPircah7Apump,SBTI,SBTI来了,solana,0.000003179,16,32,131072,131072,,4096,4096,,1,,4,1775795593000,pumpfun,REPEAT
2026-04-10T09:46:57.467Z,9AEtb967xTMosjp9XFhvHLhscPNYgDWc15jFAZR8pump,RƎ́V,REVÉRSÉ SOCIETY,solana,0.0002195,16,512,8192,32768,32768,262144,262144,1,1,11,10,1775691640000,pumpswap,REPEAT
2026-04-10T09:46:57.467Z,U5sdyqACGtTDyyvSL3yqwSHo1vzUJmNuifjKVSbpump,Stacy,True Stacy,solana,0.000002819,16,128,131072,131072,4096,2048,2048,,1,2,13,1775796046000,pumpswap,REPEAT
2026-04-10T09:46:57.467Z,98t9PEJF5QvAdGhu3MuQ2ww57NkRV1Rg7evSZNFxpump,$BABYTAN,BabyTan,solana,0.00001171,256,2048,4096,16384,,16384,16384,3,3,47,48,1775571529000,pumpfun,REPEAT
2026-04-10T09:51:57.468Z,EMoVDQ2aMyVq3GGRvawjtDHmwS3KgWF4BRuXGbqYaUBV,EMOji,EMOji,solana,0.0001699,65536,524288,524288,524288,32768,131072,131072,374,241,2429,1780,1775812642000,pumpswap,REPEAT
2026-04-10T09:51:57.468Z,2PXZ2Q55YNttMiZ2e4owrAjoevFAwkKSqYy6D6cGpump,MATT,Matt Furry,solana,0.0002469,16384,262144,524288,524288,32768,262144,262144,89,55,1017,937,1775809207000,pumpswap,REPEAT
2026-04-10T09:51:57.468Z,54oYnRG6DZ4joivbKRUiW1k7dn2MhnhjMNHd1NBDpump,DURR,DURR,solana,0.00002079,256,4096,8192,65536,,16384,16384,,3,25,18,1775679289000,pumpfun,REPEAT
2026-04-10T09:51:57.468Z,FquUHKWfMUdSMxxSU9ZWrSc98hvTXeMnQn9nksSKpump,42069,42069,solana,0.00001852,,2048,16384,16384,16384,16384,16384,,,27,15,1767602540000,pumpswap,REPEAT
2026-04-10T09:51:57.468Z,FquUHKWfMUdSMxxSU9ZWrSc98hvTXeMnQn9nksSKpump,42069,42069,solana,0.00001852,,2048,16384,16384,16384,16384,16384,,,27,15,1767602540000,pumpswap,REPEAT
2026-04-10T09:51:57.468Z,9iNsBjDCSG1WJzQDj9QWnGop4eYDQX4hczjAyzqukH7v,DD7,DOUBLE D 7,solana,0.000002679,64,65536,65536,65536,4096,2048,2048,1,6,1240,1039,1775811711000,pumpswap,REPEAT
2026-04-10T09:51:57.468Z,C9wHT2Qh9gJbr16VwYXyhK6ow11VhKpqarTqXWzVpump,MaggieChan,マギーちゃん,solana,0.000003072,256,16384,65536,65536,,4096,4096,1,8,265,256,1775809545000,pumpfun,REPEAT
2026-04-10T09:51:57.468Z,5eXiGxEYTauPupHfaA2r7BDAcLpK6yL5eZ4LCMP9pump,Angol,앵알이,solana,0.000003256,4,4096,32768,32768,,4096,4096,1,1,55,75,1775810044000,pumpfun,REPEAT
2026-04-10T09:51:57.468Z,E67wgnNewaoW1dHz3xPqCjWUY5ntAaGw2uz9Bd1vdoge,DENO,Deno Land,solana,0.00005627,256,2048,16384,32768,16384,65536,65536,2,,14,18,1772482423000,meteora,REPEAT
2026-04-10T09:51:57.468Z,FdUmX7zQSZgPxt1D7rtbKQisP4a2MXyejAxEnVvepump,Stoic,Stoicism ,solana,0.0001121,4096,32768,262144,1048576,32768,131072,131072,52,24,866,389,1775773975000,pumpswap,REPEAT
2026-04-10T09:51:57.468Z,DLsGGp9se7uUzE1SKbWD4hur1c9bjXnK3ADUejXJpump,T26,PROJECT T26 COIN,solana,0.00003171,,1024,8192,8192,16384,32768,32768,,,8,15,1775801805000,pumpswap,REPEAT
2026-04-10T09:51:57.468Z,8ZHLjQy2SJTvJ65HG8GQP2zjKa2R5Gify2xXrfZzpump,Cease,Cease Fire,solana,0.000003487,,32,1024,1024,,4096,4096,,,2,,1775803114000,pumpfun,REPEAT
2026-04-10T09:51:57.468Z,BgSBbGpELTyuYXyU1C2v3jcAvJdCq1R6XEo1HaxYpump,BIZY,Bizy,solana,0.000002396,,64,2097152,2097152,4096,2048,2048,,,7,11,1775800328000,pumpswap,REPEAT
2026-04-10T09:51:57.468Z,2pDdYPaT2Ww2aVPoa1mw2P8gokctwk8b4ifkNfBApump,pisscoin,pisscoin,solana,0.00001885,,128,2048,8192,16384,16384,16384,,,,3,1774571155000,pumpswap,REPEAT
2026-04-10T09:51:57.468Z,GxJjdCrPzYnEBjnyoq5gsqed6TqKoAQJ3NtmajPpump,SBTI,SBTI,solana,0.001474,65536,1048576,8388608,8388608,131072,1048576,1048576,368,381,6484,6155,1775800461000,pumpswap,REPEAT
2026-04-10T09:51:57.468Z,CmtYYjTBYxj5ExeyREFoM5gMNDo4GQ4sjrE7Vx9upump,HUNTER,HunterBidenSmokingCrackCoin,solana,0.000006743,64,4096,65536,65536,8192,8192,8192,3,1,61,62,1775796857000,pumpswap,REPEAT
2026-04-10T09:51:57.468Z,6DUdwjXtqJKrNFQBQzsaPW7pP2EZg2hbQ92NBi9Ppump,HAHA,HAHA,solana,0.0002954,8192,131072,2097152,2097152,32768,262144,262144,42,27,741,561,1775797888000,pumpswap,REPEAT
2026-04-10T09:51:57.468Z,2ecWqqjWZ5hkYLHzCn9TEn2DtpVdNvMicLf3RzfLpump,Chicky,Official Chicky Coin,solana,0.0001030,1024,8192,65536,131072,32768,131072,131072,6,5,88,72,1774972475000,pumpswap,REPEAT
2026-04-10T09:51:57.468Z,82MmG1uH2BWLyoU7VCFYMohP9CT63q5paiKHAAAn3zWx,ANIME,Anime Bitcoin,solana,0.0004861,1024,16384,65536,131072,65536,524288,524288,16,19,204,190,1743542810000,pumpswap,REPEAT
2026-04-10T09:51:57.468Z,GFVhghbzvoZUgdRgqL8HMrhK26tgP1ddBEVDpQFppump,Banana,Bananas,solana,0.00001060,,4096,131072,131072,,8192,8192,,,64,56,1775799626000,pumpfun,REPEAT
2026-04-10T09:51:57.468Z,3JQNRbZo9d3jteWg6FjxtUTNR1hLrLmriWGbaaZWpump,Garrison,The Alpha,solana,0.00005202,2048,65536,1048576,1048576,16384,65536,65536,46,33,1072,765,1775797475000,pumpswap,REPEAT
2026-04-10T09:51:57.468Z,8BrKogqwr7Uad9Pwkxw91w31v2x5qf8yDL4x52Qhpump,NUERO,Nuero,solana,0.0001530,16,8192,16384,65536,32768,131072,131072,2,,31,53,1774894182000,pumpswap,REPEAT
2026-04-10T09:51:57.468Z,Ejdy5bNuwE1jfm3NufkghrLtpMM1KJKwUjfFhxTmpump,Genα,Generation Alpha ETF,solana,0.000002510,8,8192,1048576,1048576,4096,2048,2048,1,1,43,4587,1775797991000,pumpswap,REPEAT
2026-04-10T09:51:57.468Z,wZ7zpuVqqWaMDe95AawZefWtWcb5cqDXzKSL8WJpump,HappyHorse,Happy Horse,solana,0.000002525,32,512,2097152,2097152,4096,2048,2048,1,2,27,25,1775796210000,pumpswap,REPEAT
2026-04-10T09:51:57.468Z,9AsvxJ4vBcU9gR14mAitrdzSFABY93z3Fdr6bSQ3pump,STACK,The Chimney Dog,solana,0.00001275,512,4096,16384,65536,,16384,16384,3,1,50,30,1775786445000,pumpfun,REPEAT
2026-04-10T09:51:57.468Z,99Z4AnrTHDhiGwYPyB4kE3Nap8oo8SqBPircah7Apump,SBTI,SBTI来了,solana,0.000003179,,32,131072,131072,,4096,4096,,,,4,1775795593000,pumpfun,REPEAT
2026-04-10T09:51:57.468Z,9AEtb967xTMosjp9XFhvHLhscPNYgDWc15jFAZR8pump,RƎ́V,REVÉRSÉ SOCIETY,solana,0.0002201,16,512,8192,32768,32768,262144,262144,4,,15,10,1775691640000,pumpswap,REPEAT
2026-04-10T09:51:57.468Z,U5sdyqACGtTDyyvSL3yqwSHo1vzUJmNuifjKVSbpump,Stacy,True Stacy,solana,0.000002819,,128,131072,131072,4096,2048,2048,,,2,13,1775796046000,pumpswap,REPEAT
2026-04-10T09:51:57.468Z,98t9PEJF5QvAdGhu3MuQ2ww57NkRV1Rg7evSZNFxpump,$BABYTAN,BabyTan,solana,0.00001138,256,2048,8192,16384,,8192,8192,3,5,43,47,1775571529000,pumpfun,REPEAT
2026-04-10T09:56:57.470Z,5PGfjC8z3p3gh1Hdj329zL1PNX4Zv8Up7HTMfNhzpump,BBQ,バーベキュコイン,solana,0.00001794,256,256,2048,4096,8192,16384,16384,6,2,6,2,1774952325000,pumpswap,NEW
2026-04-10T09:56:57.470Z,EMoVDQ2aMyVq3GGRvawjtDHmwS3KgWF4BRuXGbqYaUBV,EMOji,EMOji,solana,0.0001702,65536,524288,524288,524288,32768,131072,131072,306,307,2795,2120,1775812642000,pumpswap,REPEAT
2026-04-10T09:56:57.470Z,2PXZ2Q55YNttMiZ2e4owrAjoevFAwkKSqYy6D6cGpump,MATT,Matt Furry,solana,0.0002913,8192,262144,524288,524288,32768,262144,262144,86,48,1014,905,1775809207000,pumpswap,REPEAT
2026-04-10T09:56:57.470Z,54oYnRG6DZ4joivbKRUiW1k7dn2MhnhjMNHd1NBDpump,DURR,DURR,solana,0.00002102,32,4096,8192,65536,,16384,16384,2,,27,17,1775679289000,pumpfun,REPEAT
2026-04-10T09:56:57.470Z,FquUHKWfMUdSMxxSU9ZWrSc98hvTXeMnQn9nksSKpump,42069,42069,solana,0.00001874,32,1024,16384,16384,16384,16384,16384,1,,28,14,1767602540000,pumpswap,REPEAT
2026-04-10T09:56:57.470Z,FquUHKWfMUdSMxxSU9ZWrSc98hvTXeMnQn9nksSKpump,42069,42069,solana,0.00001874,32,1024,16384,16384,16384,16384,16384,1,,28,14,1767602540000,pumpswap,REPEAT
2026-04-10T09:56:57.470Z,9iNsBjDCSG1WJzQDj9QWnGop4eYDQX4hczjAyzqukH7v,DD7,DOUBLE D 7,solana,0.000002355,256,65536,65536,65536,4096,2048,2048,4,6,1244,1045,1775811711000,pumpswap,REPEAT
2026-04-10T09:56:57.470Z,C9wHT2Qh9gJbr16VwYXyhK6ow11VhKpqarTqXWzVpump,MaggieChan,マギーちゃん,solana,0.000003134,128,8192,65536,65536,,4096,4096,1,1,204,223,1775809545000,pumpfun,REPEAT
2026-04-10T09:56:57.470Z,5eXiGxEYTauPupHfaA2r7BDAcLpK6yL5eZ4LCMP9pump,Angol,앵알이,solana,0.000002825,256,2048,32768,32768,,2048,2048,2,4,37,60,1775810044000,pumpfun,REPEAT
2026-04-10T09:56:57.470Z,E67wgnNewaoW1dHz3xPqCjWUY5ntAaGw2uz9Bd1vdoge,DENO,Deno Land,solana,0.00005627,,2048,16384,32768,16384,65536,65536,,,7,18,1772482423000,meteora,REPEAT
2026-04-10T09:56:57.470Z,FdUmX7zQSZgPxt1D7rtbKQisP4a2MXyejAxEnVvepump,Stoic,Stoicism ,solana,0.0001248,4096,32768,262144,1048576,32768,131072,131072,48,40,479,368,1775773975000,pumpswap,REPEAT
2026-04-10T09:56:57.470Z,DLsGGp9se7uUzE1SKbWD4hur1c9bjXnK3ADUejXJpump,T26,PROJECT T26 COIN,solana,0.00003141,64,1024,8192,8192,16384,32768,32768,,2,8,17,1775801805000,pumpswap,REPEAT
2026-04-10T09:56:57.470Z,8ZHLjQy2SJTvJ65HG8GQP2zjKa2R5Gify2xXrfZzpump,Cease,Cease Fire,solana,0.000003487,,32,1024,1024,,4096,4096,,,2,,1775803114000,pumpfun,REPEAT
2026-04-10T09:56:57.470Z,BgSBbGpELTyuYXyU1C2v3jcAvJdCq1R6XEo1HaxYpump,BIZY,Bizy,solana,0.000002396,,64,2097152,2097152,4096,2048,2048,,,6,10,1775800328000,pumpswap,REPEAT
2026-04-10T09:56:57.470Z,2pDdYPaT2Ww2aVPoa1mw2P8gokctwk8b4ifkNfBApump,pisscoin,pisscoin,solana,0.00001885,,128,2048,8192,16384,16384,16384,,,,3,1774571155000,pumpswap,REPEAT
2026-04-10T09:56:57.470Z,GxJjdCrPzYnEBjnyoq5gsqed6TqKoAQJ3NtmajPpump,SBTI,SBTI,solana,0.001681,65536,1048576,8388608,8388608,131072,2097152,2097152,441,365,6358,6144,1775800461000,pumpswap,REPEAT
2026-04-10T09:56:57.470Z,CmtYYjTBYxj5ExeyREFoM5gMNDo4GQ4sjrE7Vx9upump,HUNTER,HunterBidenSmokingCrackCoin,solana,0.000007957,256,4096,65536,65536,8192,8192,8192,11,1,72,53,1775796857000,pumpswap,REPEAT
2026-04-10T09:56:57.470Z,6DUdwjXtqJKrNFQBQzsaPW7pP2EZg2hbQ92NBi9Ppump,HAHA,HAHA,solana,0.0002230,16384,131072,2097152,2097152,32768,262144,262144,38,36,649,485,1775797888000,pumpswap,REPEAT
2026-04-10T09:56:57.470Z,2ecWqqjWZ5hkYLHzCn9TEn2DtpVdNvMicLf3RzfLpump,Chicky,Official Chicky Coin,solana,0.0001043,256,8192,65536,131072,32768,131072,131072,4,8,90,80,1774972475000,pumpswap,REPEAT
2026-04-10T09:56:57.470Z,82MmG1uH2BWLyoU7VCFYMohP9CT63q5paiKHAAAn3zWx,ANIME,Anime Bitcoin,solana,0.0004674,2048,16384,65536,131072,65536,524288,524288,22,18,211,189,1743542810000,pumpswap,REPEAT
2026-04-10T09:56:57.470Z,GFVhghbzvoZUgdRgqL8HMrhK26tgP1ddBEVDpQFppump,Banana,Bananas,solana,0.000007995,2048,8192,131072,131072,,8192,8192,13,18,60,61,1775799626000,pumpfun,REPEAT
2026-04-10T09:56:57.470Z,3JQNRbZo9d3jteWg6FjxtUTNR1hLrLmriWGbaaZWpump,Garrison,The Alpha,solana,0.00004568,4096,65536,1048576,1048576,16384,32768,32768,86,51,1154,817,1775797475000,pumpswap,REPEAT
2026-04-10T09:56:57.470Z,8BrKogqwr7Uad9Pwkxw91w31v2x5qf8yDL4x52Qhpump,NUERO,Nuero,solana,0.0001581,512,8192,16384,65536,32768,131072,131072,4,1,35,52,1774894182000,pumpswap,REPEAT
2026-04-10T09:56:57.470Z,Ejdy5bNuwE1jfm3NufkghrLtpMM1KJKwUjfFhxTmpump,Genα,Generation Alpha ETF,solana,0.000002499,8,512,1048576,1048576,4096,2048,2048,,1,33,3468,1775797991000,pumpswap,REPEAT
2026-04-10T09:56:57.470Z,wZ7zpuVqqWaMDe95AawZefWtWcb5cqDXzKSL8WJpump,HappyHorse,Happy Horse,solana,0.000002499,1,512,2097152,2097152,4096,2048,2048,,1,26,20,1775796210000,pumpswap,REPEAT
2026-04-10T09:56:57.470Z,9AsvxJ4vBcU9gR14mAitrdzSFABY93z3Fdr6bSQ3pump,STACK,The Chimney Dog,solana,0.00001115,1024,4096,16384,65536,,8192,8192,12,9,58,38,1775786445000,pumpfun,REPEAT
2026-04-10T09:56:57.470Z,99Z4AnrTHDhiGwYPyB4kE3Nap8oo8SqBPircah7Apump,SBTI,SBTI来了,solana,0.000003179,,32,131072,131072,,4096,4096,,,,4,1775795593000,pumpfun,REPEAT
2026-04-10T09:56:57.470Z,9AEtb967xTMosjp9XFhvHLhscPNYgDWc15jFAZR8pump,RƎ́V,REVÉRSÉ SOCIETY,solana,0.0002249,256,512,8192,32768,32768,262144,262144,3,,18,6,1775691640000,pumpswap,REPEAT
2026-04-10T09:56:57.470Z,U5sdyqACGtTDyyvSL3yqwSHo1vzUJmNuifjKVSbpump,Stacy,True Stacy,solana,0.000002819,,128,131072,131072,4096,2048,2048,,,2,12,1775796046000,pumpswap,REPEAT
2026-04-10T09:56:57.470Z,98t9PEJF5QvAdGhu3MuQ2ww57NkRV1Rg7evSZNFxpump,$BABYTAN,BabyTan,solana,0.00001035,256,2048,8192,16384,,8192,8192,,2,37,43,1775571529000,pumpfun,REPEAT
2026-04-10T10:01:57.470Z,5PGfjC8z3p3gh1Hdj329zL1PNX4Zv8Up7HTMfNhzpump,BBQ,バーベキュコイン,solana,0.00001789,8,512,2048,4096,8192,16384,16384,1,4,7,6,1774952325000,pumpswap,REPEAT
2026-04-10T10:01:57.470Z,EMoVDQ2aMyVq3GGRvawjtDHmwS3KgWF4BRuXGbqYaUBV,EMOji,EMOji,solana,0.0001615,65536,524288,524288,524288,32768,131072,131072,259,240,3100,2390,1775812642000,pumpswap,REPEAT
2026-04-10T10:01:57.470Z,2PXZ2Q55YNttMiZ2e4owrAjoevFAwkKSqYy6D6cGpump,MATT,Matt Furry,solana,0.0002491,16384,262144,524288,524288,32768,262144,262144,104,43,998,790,1775809207000,pumpswap,REPEAT
2026-04-10T10:01:57.470Z,54oYnRG6DZ4joivbKRUiW1k7dn2MhnhjMNHd1NBDpump,DURR,DURR,solana,0.00002118,16,2048,8192,65536,,16384,16384,3,,27,15,1775679289000,pumpfun,REPEAT
2026-04-10T10:01:57.470Z,FquUHKWfMUdSMxxSU9ZWrSc98hvTXeMnQn9nksSKpump,42069,42069,solana,0.00001890,16,1024,16384,16384,16384,16384,16384,1,1,28,14,1767602540000,pumpswap,REPEAT
2026-04-10T10:01:57.470Z,FquUHKWfMUdSMxxSU9ZWrSc98hvTXeMnQn9nksSKpump,42069,42069,solana,0.00001890,16,1024,16384,16384,16384,16384,16384,1,1,28,14,1767602540000,pumpswap,REPEAT
2026-04-10T10:01:57.470Z,9iNsBjDCSG1WJzQDj9QWnGop4eYDQX4hczjAyzqukH7v,DD7,DOUBLE D 7,solana,0.000002418,64,65536,65536,65536,4096,2048,2048,8,1,1180,998,1775811711000,pumpswap,REPEAT
2026-04-10T10:01:57.470Z,C9wHT2Qh9gJbr16VwYXyhK6ow11VhKpqarTqXWzVpump,MaggieChan,マギーちゃん,solana,0.000003134,,8192,65536,65536,,4096,4096,,,174,209,1775809545000,pumpfun,REPEAT
2026-04-10T10:01:57.470Z,5eXiGxEYTauPupHfaA2r7BDAcLpK6yL5eZ4LCMP9pump,Angol,앵알이,solana,0.000002711,64,2048,32768,32768,,2048,2048,,3,25,44,1775810044000,pumpfun,REPEAT
2026-04-10T10:01:57.470Z,E67wgnNewaoW1dHz3xPqCjWUY5ntAaGw2uz9Bd1vdoge,DENO,Deno Land,solana,0.00005627,,2048,16384,32768,16384,65536,65536,,,7,15,1772482423000,meteora,REPEAT
2026-04-10T10:01:57.470Z,FdUmX7zQSZgPxt1D7rtbKQisP4a2MXyejAxEnVvepump,Stoic,Stoicism ,solana,0.0001235,2048,32768,262144,1048576,32768,131072,131072,41,35,466,361,1775773975000,pumpswap,REPEAT
2026-04-10T10:01:57.470Z,DLsGGp9se7uUzE1SKbWD4hur1c9bjXnK3ADUejXJpump,T26,PROJECT T26 COIN,solana,0.00003141,,1024,8192,8192,16384,32768,32768,,,8,17,1775801805000,pumpswap,REPEAT
2026-04-10T10:01:57.470Z,8ZHLjQy2SJTvJ65HG8GQP2zjKa2R5Gify2xXrfZzpump,Cease,Cease Fire,solana,0.000003487,,32,1024,1024,,4096,4096,,,2,,1775803114000,pumpfun,REPEAT
2026-04-10T10:01:57.470Z,BgSBbGpELTyuYXyU1C2v3jcAvJdCq1R6XEo1HaxYpump,BIZY,Bizy,solana,0.000002373,4,32,2097152,2097152,4096,2048,2048,2,2,7,8,1775800328000,pumpswap,REPEAT
2026-04-10T10:01:57.470Z,2pDdYPaT2Ww2aVPoa1mw2P8gokctwk8b4ifkNfBApump,pisscoin,pisscoin,solana,0.00001885,,128,2048,8192,16384,16384,16384,,,,3,1774571155000,pumpswap,REPEAT
2026-04-10T10:01:57.470Z,GxJjdCrPzYnEBjnyoq5gsqed6TqKoAQJ3NtmajPpump,SBTI,SBTI,solana,0.001785,65536,1048576,8388608,8388608,131072,2097152,2097152,422,310,6251,6051,1775800461000,pumpswap,REPEAT
2026-04-10T10:01:57.470Z,CmtYYjTBYxj5ExeyREFoM5gMNDo4GQ4sjrE7Vx9upump,HUNTER,HunterBidenSmokingCrackCoin,solana,0.000007044,256,4096,65536,65536,8192,8192,8192,1,9,70,59,1775796857000,pumpswap,REPEAT
2026-04-10T10:01:57.470Z,6DUdwjXtqJKrNFQBQzsaPW7pP2EZg2hbQ92NBi9Ppump,HAHA,HAHA,solana,0.0002364,8192,131072,2097152,2097152,32768,262144,262144,36,32,637,472,1775797888000,pumpswap,REPEAT
2026-04-10T10:01:57.470Z,2ecWqqjWZ5hkYLHzCn9TEn2DtpVdNvMicLf3RzfLpump,Chicky,Official Chicky Coin,solana,0.0001021,256,8192,65536,131072,32768,131072,131072,3,11,83,87,1774972475000,pumpswap,REPEAT
2026-04-10T10:01:57.470Z,82MmG1uH2BWLyoU7VCFYMohP9CT63q5paiKHAAAn3zWx,ANIME,Anime Bitcoin,solana,0.0004685,512,16384,65536,131072,65536,524288,524288,14,13,209,189,1743542810000,pumpswap,REPEAT
2026-04-10T10:01:57.470Z,GFVhghbzvoZUgdRgqL8HMrhK26tgP1ddBEVDpQFppump,Banana,Bananas,solana,0.000007254,1024,4096,131072,131072,,8192,8192,8,8,51,51,1775799626000,pumpfun,REPEAT
2026-04-10T10:01:57.470Z,3JQNRbZo9d3jteWg6FjxtUTNR1hLrLmriWGbaaZWpump,Garrison,The Alpha,solana,0.00004029,8192,65536,1048576,1048576,16384,32768,32768,147,93,1182,799,1775797475000,pumpswap,REPEAT
2026-04-10T10:01:57.470Z,8BrKogqwr7Uad9Pwkxw91w31v2x5qf8yDL4x52Qhpump,NUERO,Nuero,solana,0.0001534,256,8192,16384,65536,32768,131072,131072,,9,32,59,1774894182000,pumpswap,REPEAT
2026-04-10T10:01:57.470Z,Ejdy5bNuwE1jfm3NufkghrLtpMM1KJKwUjfFhxTmpump,Genα,Generation Alpha ETF,solana,0.000002499,,256,1048576,1048576,4096,2048,2048,,,25,788,1775797991000,pumpswap,REPEAT
2026-04-10T10:01:57.470Z,wZ7zpuVqqWaMDe95AawZefWtWcb5cqDXzKSL8WJpump,HappyHorse,Happy Horse,solana,0.000002640,128,512,2097152,2097152,4096,2048,2048,1,,24,19,1775796210000,pumpswap,REPEAT
2026-04-10T10:01:57.470Z,9AsvxJ4vBcU9gR14mAitrdzSFABY93z3Fdr6bSQ3pump,STACK,The Chimney Dog,solana,0.00001091,256,4096,16384,65536,,8192,8192,5,4,54,42,1775786445000,pumpfun,REPEAT
2026-04-10T10:01:57.470Z,99Z4AnrTHDhiGwYPyB4kE3Nap8oo8SqBPircah7Apump,SBTI,SBTI来了,solana,0.000003179,,32,131072,131072,,4096,4096,,,,4,1775795593000,pumpfun,REPEAT
2026-04-10T10:01:57.470Z,9AEtb967xTMosjp9XFhvHLhscPNYgDWc15jFAZR8pump,RƎ́V,REVÉRSÉ SOCIETY,solana,0.0002251,128,1024,8192,32768,32768,262144,262144,3,,20,27,1775691640000,pumpswap,REPEAT
2026-04-10T10:01:57.470Z,U5sdyqACGtTDyyvSL3yqwSHo1vzUJmNuifjKVSbpump,Stacy,True Stacy,solana,0.000002819,,128,131072,131072,4096,2048,2048,,,2,12,1775796046000,pumpswap,REPEAT
2026-04-10T10:01:57.470Z,98t9PEJF5QvAdGhu3MuQ2ww57NkRV1Rg7evSZNFxpump,$BABYTAN,BabyTan,solana,0.00001048,128,2048,8192,16384,,8192,8192,3,2,35,42,1775571529000,pumpfun,REPEAT
2026-04-10T10:06:57.470Z,5PGfjC8z3p3gh1Hdj329zL1PNX4Zv8Up7HTMfNhzpump,BBQ,バーベキュコイン,solana,0.00001789,,512,2048,4096,8192,16384,16384,,,7,6,1774952325000,pumpswap,REPEAT
2026-04-10T10:06:57.470Z,EMoVDQ2aMyVq3GGRvawjtDHmwS3KgWF4BRuXGbqYaUBV,EMOji,EMOji,solana,0.0001596,65536,524288,524288,524288,32768,131072,131072,279,200,3423,2626,1775812642000,pumpswap,REPEAT
2026-04-10T10:06:57.470Z,2PXZ2Q55YNttMiZ2e4owrAjoevFAwkKSqYy6D6cGpump,MATT,Matt Furry,solana,0.0002454,16384,262144,524288,524288,32768,262144,262144,80,42,980,745,1775809207000,pumpswap,REPEAT
2026-04-10T10:06:57.470Z,54oYnRG6DZ4joivbKRUiW1k7dn2MhnhjMNHd1NBDpump,DURR,DURR,solana,0.00002103,32,2048,8192,65536,,16384,16384,,1,25,15,1775679289000,pumpfun,REPEAT
2026-04-10T10:06:57.470Z,FquUHKWfMUdSMxxSU9ZWrSc98hvTXeMnQn9nksSKpump,42069,42069,solana,0.00001814,256,2048,16384,16384,16384,16384,16384,3,6,29,19,1767602540000,pumpswap,REPEAT
2026-04-10T10:06:57.470Z,FquUHKWfMUdSMxxSU9ZWrSc98hvTXeMnQn9nksSKpump,42069,42069,solana,0.00001814,256,2048,16384,16384,16384,16384,16384,3,6,29,19,1767602540000,pumpswap,REPEAT
2026-04-10T10:06:57.470Z,9iNsBjDCSG1WJzQDj9QWnGop4eYDQX4hczjAyzqukH7v,DD7,DOUBLE D 7,solana,0.000002352,32,32768,65536,65536,4096,2048,2048,,2,636,590,1775811711000,pumpswap,REPEAT
2026-04-10T10:06:57.470Z,C9wHT2Qh9gJbr16VwYXyhK6ow11VhKpqarTqXWzVpump,MaggieChan,マギーちゃん,solana,0.000002768,256,8192,65536,65536,,2048,2048,1,7,156,195,1775809545000,pumpfun,REPEAT
2026-04-10T10:06:57.470Z,5eXiGxEYTauPupHfaA2r7BDAcLpK6yL5eZ4LCMP9pump,Angol,앵알이,solana,0.000002648,32,2048,32768,32768,,2048,2048,,2,23,35,1775810044000,pumpfun,REPEAT
2026-04-10T10:06:57.470Z,E67wgnNewaoW1dHz3xPqCjWUY5ntAaGw2uz9Bd1vdoge,DENO,Deno Land,solana,0.00005787,16,2048,16384,32768,16384,65536,65536,1,,8,12,1772482423000,meteora,REPEAT
2026-04-10T10:06:57.470Z,FdUmX7zQSZgPxt1D7rtbKQisP4a2MXyejAxEnVvepump,Stoic,Stoicism ,solana,0.00009795,4096,32768,262144,1048576,32768,131072,131072,96,61,523,381,1775773975000,pumpswap,REPEAT
2026-04-10T10:06:57.470Z,DLsGGp9se7uUzE1SKbWD4hur1c9bjXnK3ADUejXJpump,T26,PROJECT T26 COIN,solana,0.00002715,512,1024,8192,8192,16384,32768,32768,,3,8,20,1775801805000,pumpswap,REPEAT
2026-04-10T10:06:57.470Z,8ZHLjQy2SJTvJ65HG8GQP2zjKa2R5Gify2xXrfZzpump,Cease,Cease Fire,solana,0.000003487,,16,1024,1024,,4096,4096,,,1,,1775803114000,pumpfun,REPEAT
2026-04-10T10:06:57.470Z,BgSBbGpELTyuYXyU1C2v3jcAvJdCq1R6XEo1HaxYpump,BIZY,Bizy,solana,0.000002373,,32,2097152,2097152,4096,2048,2048,,,6,7,1775800328000,pumpswap,REPEAT
2026-04-10T10:06:57.470Z,2pDdYPaT2Ww2aVPoa1mw2P8gokctwk8b4ifkNfBApump,pisscoin,pisscoin,solana,0.00001885,,128,2048,8192,16384,16384,16384,,,,3,1774571155000,pumpswap,REPEAT
2026-04-10T10:06:57.470Z,GxJjdCrPzYnEBjnyoq5gsqed6TqKoAQJ3NtmajPpump,SBTI,SBTI,solana,0.001768,65536,1048576,8388608,8388608,131072,2097152,2097152,345,286,5936,5860,1775800461000,pumpswap,REPEAT
2026-04-10T10:06:57.470Z,CmtYYjTBYxj5ExeyREFoM5gMNDo4GQ4sjrE7Vx9upump,HUNTER,HunterBidenSmokingCrackCoin,solana,0.000007402,64,4096,65536,65536,8192,8192,8192,4,,61,53,1775796857000,pumpswap,REPEAT
2026-04-10T10:06:57.470Z,6DUdwjXtqJKrNFQBQzsaPW7pP2EZg2hbQ92NBi9Ppump,HAHA,HAHA,solana,0.0003413,4096,131072,2097152,2097152,65536,262144,262144,25,15,612,442,1775797888000,pumpswap,REPEAT
2026-04-10T10:06:57.470Z,2ecWqqjWZ5hkYLHzCn9TEn2DtpVdNvMicLf3RzfLpump,Chicky,Official Chicky Coin,solana,0.0001061,512,4096,65536,131072,32768,131072,131072,6,2,57,77,1774972475000,pumpswap,REPEAT
2026-04-10T10:06:57.470Z,82MmG1uH2BWLyoU7VCFYMohP9CT63q5paiKHAAAn3zWx,ANIME,Anime Bitcoin,solana,0.0004609,512,8192,65536,131072,65536,524288,524288,12,13,193,183,1743542810000,pumpswap,REPEAT
2026-04-10T10:06:57.470Z,GFVhghbzvoZUgdRgqL8HMrhK26tgP1ddBEVDpQFppump,Banana,Bananas,solana,0.000007390,32,4096,131072,131072,,8192,8192,4,,47,49,1775799626000,pumpfun,REPEAT
2026-04-10T10:06:57.470Z,3JQNRbZo9d3jteWg6FjxtUTNR1hLrLmriWGbaaZWpump,Garrison,The Alpha,solana,0.00003898,4096,65536,1048576,1048576,16384,32768,32768,57,67,1212,824,1775797475000,pumpswap,REPEAT
2026-04-10T10:06:57.470Z,8BrKogqwr7Uad9Pwkxw91w31v2x5qf8yDL4x52Qhpump,NUERO,Nuero,solana,0.0001691,1024,8192,16384,65536,32768,131072,131072,5,9,29,65,1774894182000,pumpswap,REPEAT
2026-04-10T10:06:57.470Z,Ejdy5bNuwE1jfm3NufkghrLtpMM1KJKwUjfFhxTmpump,Genα,Generation Alpha ETF,solana,0.000002433,,256,1048576,1048576,4096,2048,2048,,,21,16,1775797991000,pumpswap,REPEAT
2026-04-10T10:06:57.470Z,wZ7zpuVqqWaMDe95AawZefWtWcb5cqDXzKSL8WJpump,HappyHorse,Happy Horse,solana,0.000002716,1,512,2097152,2097152,4096,2048,2048,,1,23,19,1775796210000,pumpswap,REPEAT
2026-04-10T10:06:57.470Z,9AsvxJ4vBcU9gR14mAitrdzSFABY93z3Fdr6bSQ3pump,STACK,The Chimney Dog,solana,0.00001080,128,4096,16384,65536,,8192,8192,6,2,53,41,1775786445000,pumpfun,REPEAT
2026-04-10T10:06:57.470Z,99Z4AnrTHDhiGwYPyB4kE3Nap8oo8SqBPircah7Apump,SBTI,SBTI来了,solana,0.000003179,,32,131072,131072,,4096,4096,,,,4,1775795593000,pumpfun,REPEAT
2026-04-10T10:06:57.470Z,9AEtb967xTMosjp9XFhvHLhscPNYgDWc15jFAZR8pump,RƎ́V,REVÉRSÉ SOCIETY,solana,0.0002251,,1024,8192,32768,32768,262144,262144,,,20,27,1775691640000,pumpswap,REPEAT
2026-04-10T10:06:57.470Z,U5sdyqACGtTDyyvSL3yqwSHo1vzUJmNuifjKVSbpump,Stacy,True Stacy,solana,0.000002819,,128,131072,131072,4096,2048,2048,,,2,12,1775796046000,pumpswap,REPEAT
2026-04-10T10:06:57.470Z,98t9PEJF5QvAdGhu3MuQ2ww57NkRV1Rg7evSZNFxpump,$BABYTAN,BabyTan,solana,0.00001038,64,2048,8192,16384,,8192,8192,1,2,33,41,1775571529000,pumpfun,REPEAT
2026-04-10T10:11:57.471Z,5PGfjC8z3p3gh1Hdj329zL1PNX4Zv8Up7HTMfNhzpump,BBQ,バーベキュコイン,solana,0.00001789,,512,2048,4096,8192,16384,16384,,,7,6,1774952325000,pumpswap,REPEAT
2026-04-10T10:11:57.471Z,EMoVDQ2aMyVq3GGRvawjtDHmwS3KgWF4BRuXGbqYaUBV,EMOji,EMOji,solana,0.0001728,65536,524288,524288,524288,32768,131072,131072,221,180,3690,2856,1775812642000,pumpswap,REPEAT
2026-04-10T10:11:57.471Z,2PXZ2Q55YNttMiZ2e4owrAjoevFAwkKSqYy6D6cGpump,MATT,Matt Furry,solana,0.0002391,8192,262144,524288,524288,32768,262144,262144,37,32,930,675,1775809207000,pumpswap,REPEAT
2026-04-10T10:11:57.471Z,54oYnRG6DZ4joivbKRUiW1k7dn2MhnhjMNHd1NBDpump,DURR,DURR,solana,0.00002165,256,2048,8192,65536,,16384,16384,6,2,30,16,1775679289000,pumpfun,REPEAT
2026-04-10T10:11:57.471Z,FquUHKWfMUdSMxxSU9ZWrSc98hvTXeMnQn9nksSKpump,42069,42069,solana,0.00001814,,1024,16384,16384,16384,16384,16384,,,28,18,1767602540000,pumpswap,REPEAT
2026-04-10T10:11:57.471Z,FquUHKWfMUdSMxxSU9ZWrSc98hvTXeMnQn9nksSKpump,42069,42069,solana,0.00001814,,1024,16384,16384,16384,16384,16384,,,28,18,1767602540000,pumpswap,REPEAT
2026-04-10T10:11:57.471Z,9iNsBjDCSG1WJzQDj9QWnGop4eYDQX4hczjAyzqukH7v,DD7,DOUBLE D 7,solana,0.000002485,128,16384,65536,65536,4096,2048,2048,1,,427,416,1775811711000,pumpswap,REPEAT
2026-04-10T10:11:57.471Z,C9wHT2Qh9gJbr16VwYXyhK6ow11VhKpqarTqXWzVpump,MaggieChan,マギーちゃん,solana,0.000002772,128,8192,65536,65536,,2048,2048,1,4,112,171,1775809545000,pumpfun,REPEAT
2026-04-10T10:11:57.471Z,5eXiGxEYTauPupHfaA2r7BDAcLpK6yL5eZ4LCMP9pump,Angol,앵알이,solana,0.000002453,128,1024,32768,32768,,2048,2048,,3,21,31,1775810044000,pumpfun,REPEAT
2026-04-10T10:11:57.471Z,E67wgnNewaoW1dHz3xPqCjWUY5ntAaGw2uz9Bd1vdoge,DENO,Deno Land,solana,0.00005752,,2048,16384,32768,16384,65536,65536,,,8,12,1772482423000,meteora,REPEAT
2026-04-10T10:11:57.471Z,FdUmX7zQSZgPxt1D7rtbKQisP4a2MXyejAxEnVvepump,Stoic,Stoicism ,solana,0.0001034,2048,32768,262144,1048576,32768,131072,131072,56,38,545,381,1775773975000,pumpswap,REPEAT
2026-04-10T10:11:57.471Z,DLsGGp9se7uUzE1SKbWD4hur1c9bjXnK3ADUejXJpump,T26,PROJECT T26 COIN,solana,0.00002710,,1024,8192,8192,16384,32768,32768,,,8,20,1775801805000,pumpswap,REPEAT
2026-04-10T10:11:57.471Z,8ZHLjQy2SJTvJ65HG8GQP2zjKa2R5Gify2xXrfZzpump,Cease,Cease Fire,solana,0.000003487,,16,1024,1024,,4096,4096,,,1,,1775803114000,pumpfun,REPEAT
2026-04-10T10:11:57.471Z,BgSBbGpELTyuYXyU1C2v3jcAvJdCq1R6XEo1HaxYpump,BIZY,Bizy,solana,0.000002373,,32,2097152,2097152,4096,2048,2048,,,6,7,1775800328000,pumpswap,REPEAT
2026-04-10T10:11:57.471Z,2pDdYPaT2Ww2aVPoa1mw2P8gokctwk8b4ifkNfBApump,pisscoin,pisscoin,solana,0.00001885,,128,2048,8192,16384,16384,16384,,,,3,1774571155000,pumpswap,REPEAT
2026-04-10T10:11:57.471Z,GxJjdCrPzYnEBjnyoq5gsqed6TqKoAQJ3NtmajPpump,SBTI,SBTI,solana,0.001678,65536,1048576,8388608,8388608,131072,2097152,2097152,335,291,5648,5755,1775800461000,pumpswap,REPEAT
2026-04-10T10:11:57.471Z,CmtYYjTBYxj5ExeyREFoM5gMNDo4GQ4sjrE7Vx9upump,HUNTER,HunterBidenSmokingCrackCoin,solana,0.000007156,64,4096,65536,65536,8192,8192,8192,2,5,62,54,1775796857000,pumpswap,REPEAT
2026-04-10T10:11:57.471Z,6DUdwjXtqJKrNFQBQzsaPW7pP2EZg2hbQ92NBi9Ppump,HAHA,HAHA,solana,0.0002657,16384,131072,2097152,2097152,32768,262144,262144,59,40,636,457,1775797888000,pumpswap,REPEAT
2026-04-10T10:11:57.471Z,2ecWqqjWZ5hkYLHzCn9TEn2DtpVdNvMicLf3RzfLpump,Chicky,Official Chicky Coin,solana,0.0001025,128,4096,65536,131072,32768,131072,131072,,4,51,74,1774972475000,pumpswap,REPEAT
2026-04-10T10:11:57.471Z,82MmG1uH2BWLyoU7VCFYMohP9CT63q5paiKHAAAn3zWx,ANIME,Anime Bitcoin,solana,0.0004296,4096,16384,65536,131072,65536,524288,524288,59,17,223,184,1743542810000,pumpswap,REPEAT
2026-04-10T10:11:57.471Z,GFVhghbzvoZUgdRgqL8HMrhK26tgP1ddBEVDpQFppump,Banana,Bananas,solana,0.000008381,256,4096,131072,131072,,8192,8192,4,1,49,46,1775799626000,pumpfun,REPEAT
2026-04-10T10:11:57.471Z,3JQNRbZo9d3jteWg6FjxtUTNR1hLrLmriWGbaaZWpump,Garrison,The Alpha,solana,0.00003648,2048,65536,1048576,1048576,16384,32768,32768,40,46,1132,797,1775797475000,pumpswap,REPEAT
2026-04-10T10:11:57.471Z,8BrKogqwr7Uad9Pwkxw91w31v2x5qf8yDL4x52Qhpump,NUERO,Nuero,solana,0.0001610,512,4096,16384,65536,32768,131072,131072,,4,24,60,1774894182000,pumpswap,REPEAT
2026-04-10T10:11:57.471Z,Ejdy5bNuwE1jfm3NufkghrLtpMM1KJKwUjfFhxTmpump,Genα,Generation Alpha ETF,solana,0.000002370,64,256,1048576,1048576,4096,2048,2048,,1,18,14,1775797991000,pumpswap,REPEAT
2026-04-10T10:11:57.471Z,wZ7zpuVqqWaMDe95AawZefWtWcb5cqDXzKSL8WJpump,HappyHorse,Happy Horse,solana,0.000002835,64,512,2097152,2097152,4096,2048,2048,1,1,21,18,1775796210000,pumpswap,REPEAT
2026-04-10T10:11:57.471Z,9AsvxJ4vBcU9gR14mAitrdzSFABY93z3Fdr6bSQ3pump,STACK,The Chimney Dog,solana,0.00001077,16,4096,16384,65536,,8192,8192,1,2,51,40,1775786445000,pumpfun,REPEAT
2026-04-10T10:11:57.471Z,99Z4AnrTHDhiGwYPyB4kE3Nap8oo8SqBPircah7Apump,SBTI,SBTI来了,solana,0.000003179,,32,131072,131072,,4096,4096,,,,4,1775795593000,pumpfun,REPEAT
2026-04-10T10:11:57.471Z,9AEtb967xTMosjp9XFhvHLhscPNYgDWc15jFAZR8pump,RƎ́V,REVÉRSÉ SOCIETY,solana,0.0002260,128,1024,8192,32768,32768,262144,262144,2,1,21,28,1775691640000,pumpswap,REPEAT
2026-04-10T10:11:57.471Z,U5sdyqACGtTDyyvSL3yqwSHo1vzUJmNuifjKVSbpump,Stacy,True Stacy,solana,0.000002807,0,128,131072,131072,4096,2048,2048,,1,,13,1775796046000,pumpswap,REPEAT
2026-04-10T10:11:57.471Z,98t9PEJF5QvAdGhu3MuQ2ww57NkRV1Rg7evSZNFxpump,$BABYTAN,BabyTan,solana,0.00001038,64,2048,8192,16384,,8192,8192,1,1,30,38,1775571529000,pumpfun,REPEAT
2026-04-10T10:16:57.471Z,5PGfjC8z3p3gh1Hdj329zL1PNX4Zv8Up7HTMfNhzpump,BBQ,バーベキュコイン,solana,0.00001789,,512,1024,4096,8192,16384,16384,,,7,6,1774952325000,pumpswap,REPEAT
2026-04-10T10:16:57.471Z,EMoVDQ2aMyVq3GGRvawjtDHmwS3KgWF4BRuXGbqYaUBV,EMOji,EMOji,solana,0.0001035,65536,1048576,1048576,1048576,32768,131072,131072,241,218,3958,3109,1775812642000,pumpswap,REPEAT
2026-04-10T10:16:57.471Z,2PXZ2Q55YNttMiZ2e4owrAjoevFAwkKSqYy6D6cGpump,MATT,Matt Furry,solana,0.0002440,2048,262144,524288,524288,32768,262144,262144,29,17,879,601,1775809207000,pumpswap,REPEAT
2026-04-10T10:16:57.471Z,54oYnRG6DZ4joivbKRUiW1k7dn2MhnhjMNHd1NBDpump,DURR,DURR,solana,0.00002150,32,2048,8192,65536,,16384,16384,1,2,26,13,1775679289000,pumpfun,REPEAT
2026-04-10T10:16:57.471Z,FquUHKWfMUdSMxxSU9ZWrSc98hvTXeMnQn9nksSKpump,42069,42069,solana,0.00001814,,1024,16384,16384,16384,16384,16384,,,26,16,1767602540000,pumpswap,REPEAT
2026-04-10T10:16:57.471Z,FquUHKWfMUdSMxxSU9ZWrSc98hvTXeMnQn9nksSKpump,42069,42069,solana,0.00001814,,1024,16384,16384,16384,16384,16384,,,26,16,1767602540000,pumpswap,REPEAT
2026-04-10T10:16:57.471Z,9iNsBjDCSG1WJzQDj9QWnGop4eYDQX4hczjAyzqukH7v,DD7,DOUBLE D 7,solana,0.000002610,8,8192,65536,65536,4096,2048,2048,2,4,204,221,1775811711000,pumpswap,REPEAT
2026-04-10T10:16:57.471Z,C9wHT2Qh9gJbr16VwYXyhK6ow11VhKpqarTqXWzVpump,MaggieChan,マギーちゃん,solana,0.000002766,4,8192,65536,65536,,2048,2048,1,2,103,144,1775809545000,pumpfun,REPEAT
2026-04-10T10:16:57.471Z,5eXiGxEYTauPupHfaA2r7BDAcLpK6yL5eZ4LCMP9pump,Angol,앵알이,solana,0.000002447,2,1024,32768,32768,,2048,2048,,1,20,31,1775810044000,pumpfun,REPEAT
2026-04-10T10:16:57.471Z,E67wgnNewaoW1dHz3xPqCjWUY5ntAaGw2uz9Bd1vdoge,DENO,Deno Land,solana,0.00005786,128,2048,16384,32768,16384,65536,65536,3,,11,12,1772482423000,meteora,REPEAT
2026-04-10T10:16:57.471Z,FdUmX7zQSZgPxt1D7rtbKQisP4a2MXyejAxEnVvepump,Stoic,Stoicism ,solana,0.0001074,2048,32768,262144,1048576,32768,131072,131072,46,21,557,372,1775773975000,pumpswap,REPEAT
2026-04-10T10:16:57.471Z,DLsGGp9se7uUzE1SKbWD4hur1c9bjXnK3ADUejXJpump,T26,PROJECT T26 COIN,solana,0.00002710,,1024,8192,8192,16384,32768,32768,,,8,20,1775801805000,pumpswap,REPEAT
2026-04-10T10:16:57.471Z,8ZHLjQy2SJTvJ65HG8GQP2zjKa2R5Gify2xXrfZzpump,Cease,Cease Fire,solana,0.000003487,,16,1024,1024,,4096,4096,,,1,,1775803114000,pumpfun,REPEAT
2026-04-10T10:16:57.471Z,BgSBbGpELTyuYXyU1C2v3jcAvJdCq1R6XEo1HaxYpump,BIZY,Bizy,solana,0.000002373,,32,2097152,2097152,4096,2048,2048,,,5,6,1775800328000,pumpswap,REPEAT
2026-04-10T10:16:57.471Z,2pDdYPaT2Ww2aVPoa1mw2P8gokctwk8b4ifkNfBApump,pisscoin,pisscoin,solana,0.00001885,,128,2048,8192,16384,16384,16384,,,,2,1774571155000,pumpswap,REPEAT
2026-04-10T10:16:57.471Z,GxJjdCrPzYnEBjnyoq5gsqed6TqKoAQJ3NtmajPpump,SBTI,SBTI,solana,0.001794,65536,1048576,8388608,8388608,131072,2097152,2097152,358,308,5399,5706,1775800461000,pumpswap,REPEAT
2026-04-10T10:16:57.471Z,CmtYYjTBYxj5ExeyREFoM5gMNDo4GQ4sjrE7Vx9upump,HUNTER,HunterBidenSmokingCrackCoin,solana,0.000007062,16,2048,65536,65536,8192,8192,8192,,1,59,52,1775796857000,pumpswap,REPEAT
2026-04-10T10:16:57.471Z,6DUdwjXtqJKrNFQBQzsaPW7pP2EZg2hbQ92NBi9Ppump,HAHA,HAHA,solana,0.0003132,8192,131072,2097152,2097152,65536,262144,262144,46,37,626,454,1775797888000,pumpswap,REPEAT
2026-04-10T10:16:57.471Z,2ecWqqjWZ5hkYLHzCn9TEn2DtpVdNvMicLf3RzfLpump,Chicky,Official Chicky Coin,solana,0.0001047,256,4096,65536,131072,32768,131072,131072,1,3,49,66,1774972475000,pumpswap,REPEAT
2026-04-10T10:16:57.471Z,82MmG1uH2BWLyoU7VCFYMohP9CT63q5paiKHAAAn3zWx,ANIME,Anime Bitcoin,solana,0.0004279,1024,16384,65536,131072,65536,524288,524288,19,20,226,188,1743542810000,pumpswap,REPEAT
2026-04-10T10:16:57.471Z,GFVhghbzvoZUgdRgqL8HMrhK26tgP1ddBEVDpQFppump,Banana,Bananas,solana,0.000007645,256,4096,131072,131072,,8192,8192,1,5,48,45,1775799626000,pumpfun,REPEAT
2026-04-10T10:16:57.471Z,3JQNRbZo9d3jteWg6FjxtUTNR1hLrLmriWGbaaZWpump,Garrison,The Alpha,solana,0.00003416,2048,65536,1048576,1048576,16384,32768,32768,51,48,1128,794,1775797475000,pumpswap,REPEAT
2026-04-10T10:16:57.471Z,8BrKogqwr7Uad9Pwkxw91w31v2x5qf8yDL4x52Qhpump,NUERO,Nuero,solana,0.0001618,128,4096,16384,65536,32768,131072,131072,1,2,22,59,1774894182000,pumpswap,REPEAT
2026-04-10T10:16:57.471Z,Ejdy5bNuwE1jfm3NufkghrLtpMM1KJKwUjfFhxTmpump,Genα,Generation Alpha ETF,solana,0.000002295,16,256,1048576,1048576,4096,2048,2048,,2,11,15,1775797991000,pumpswap,REPEAT
2026-04-10T10:16:57.471Z,wZ7zpuVqqWaMDe95AawZefWtWcb5cqDXzKSL8WJpump,HappyHorse,Happy Horse,solana,0.000002805,0,512,2097152,2097152,4096,2048,2048,,1,21,17,1775796210000,pumpswap,REPEAT
2026-04-10T10:16:57.471Z,9AsvxJ4vBcU9gR14mAitrdzSFABY93z3Fdr6bSQ3pump,STACK,The Chimney Dog,solana,0.00001077,,4096,16384,65536,,8192,8192,,,50,37,1775786445000,pumpfun,REPEAT
2026-04-10T10:16:57.471Z,99Z4AnrTHDhiGwYPyB4kE3Nap8oo8SqBPircah7Apump,SBTI,SBTI来了,solana,0.000003176,4,32,131072,131072,,4096,4096,,1,,4,1775795593000,pumpfun,REPEAT
2026-04-10T10:16:57.471Z,9AEtb967xTMosjp9XFhvHLhscPNYgDWc15jFAZR8pump,RƎ́V,REVÉRSÉ SOCIETY,solana,0.0002234,2,1024,8192,32768,32768,262144,262144,,1,19,29,1775691640000,pumpswap,REPEAT
2026-04-10T10:16:57.471Z,U5sdyqACGtTDyyvSL3yqwSHo1vzUJmNuifjKVSbpump,Stacy,True Stacy,solana,0.000003398,256,256,131072,131072,4096,4096,4096,7,,7,13,1775796046000,pumpswap,REPEAT
2026-04-10T10:16:57.471Z,98t9PEJF5QvAdGhu3MuQ2ww57NkRV1Rg7evSZNFxpump,$BABYTAN,BabyTan,solana,0.00001038,,2048,8192,16384,,8192,8192,,,27,34,1775571529000,pumpfun,REPEAT
2026-04-10T10:21:57.472Z,5PGfjC8z3p3gh1Hdj329zL1PNX4Zv8Up7HTMfNhzpump,BBQ,バーベキュコイン,solana,0.00001789,,512,1024,4096,8192,16384,16384,,,7,6,1774952325000,pumpswap,REPEAT
2026-04-10T10:21:57.472Z,EMoVDQ2aMyVq3GGRvawjtDHmwS3KgWF4BRuXGbqYaUBV,EMOji,EMOji,solana,0.0001686,65536,1048576,1048576,1048576,32768,131072,131072,240,176,3896,3128,1775812642000,pumpswap,REPEAT
2026-04-10T10:21:57.472Z,2PXZ2Q55YNttMiZ2e4owrAjoevFAwkKSqYy6D6cGpump,MATT,Matt Furry,solana,0.0002591,2048,131072,524288,524288,32768,262144,262144,29,19,816,518,1775809207000,pumpswap,REPEAT
2026-04-10T10:21:57.472Z,54oYnRG6DZ4joivbKRUiW1k7dn2MhnhjMNHd1NBDpump,DURR,DURR,solana,0.00002068,256,2048,8192,65536,,16384,16384,4,1,30,14,1775679289000,pumpfun,REPEAT
2026-04-10T10:21:57.472Z,FquUHKWfMUdSMxxSU9ZWrSc98hvTXeMnQn9nksSKpump,42069,42069,solana,0.00001816,16,1024,16384,16384,16384,16384,16384,1,,26,14,1767602540000,pumpswap,REPEAT
2026-04-10T10:21:57.472Z,FquUHKWfMUdSMxxSU9ZWrSc98hvTXeMnQn9nksSKpump,42069,42069,solana,0.00001816,16,1024,16384,16384,16384,16384,16384,1,,26,14,1767602540000,pumpswap,REPEAT
2026-04-10T10:21:57.472Z,9iNsBjDCSG1WJzQDj9QWnGop4eYDQX4hczjAyzqukH7v,DD7,DOUBLE D 7,solana,0.000002652,8,4096,65536,65536,4096,2048,2048,1,,88,114,1775811711000,pumpswap,REPEAT
2026-04-10T10:21:57.472Z,C9wHT2Qh9gJbr16VwYXyhK6ow11VhKpqarTqXWzVpump,MaggieChan,マギーちゃん,solana,0.000002738,16,4096,65536,65536,,2048,2048,,3,71,103,1775809545000,pumpfun,REPEAT
2026-04-10T10:21:57.472Z,5eXiGxEYTauPupHfaA2r7BDAcLpK6yL5eZ4LCMP9pump,Angol,앵알이,solana,0.000002447,,1024,32768,32768,,2048,2048,,,17,30,1775810044000,pumpfun,REPEAT
2026-04-10T10:21:57.472Z,E67wgnNewaoW1dHz3xPqCjWUY5ntAaGw2uz9Bd1vdoge,DENO,Deno Land,solana,0.00005888,64,2048,16384,32768,16384,65536,65536,2,,12,10,1772482423000,meteora,REPEAT
2026-04-10T10:21:57.472Z,FdUmX7zQSZgPxt1D7rtbKQisP4a2MXyejAxEnVvepump,Stoic,Stoicism ,solana,0.0001321,8192,32768,262144,1048576,32768,131072,131072,71,68,590,419,1775773975000,pumpswap,REPEAT
2026-04-10T10:21:57.472Z,DLsGGp9se7uUzE1SKbWD4hur1c9bjXnK3ADUejXJpump,T26,PROJECT T26 COIN,solana,0.00002705,8,1024,8192,8192,16384,32768,32768,,1,7,20,1775801805000,pumpswap,REPEAT
2026-04-10T10:21:57.472Z,8ZHLjQy2SJTvJ65HG8GQP2zjKa2R5Gify2xXrfZzpump,Cease,Cease Fire,solana,0.000003487,,16,1024,1024,,4096,4096,,,1,,1775803114000,pumpfun,REPEAT
2026-04-10T10:21:57.472Z,BgSBbGpELTyuYXyU1C2v3jcAvJdCq1R6XEo1HaxYpump,BIZY,Bizy,solana,0.000002373,,32,2097152,2097152,4096,2048,2048,,,4,6,1775800328000,pumpswap,REPEAT
2026-04-10T10:21:57.472Z,2pDdYPaT2Ww2aVPoa1mw2P8gokctwk8b4ifkNfBApump,pisscoin,pisscoin,solana,0.00001885,,128,2048,8192,16384,16384,16384,,,,2,1774571155000,pumpswap,REPEAT
2026-04-10T10:21:57.472Z,GxJjdCrPzYnEBjnyoq5gsqed6TqKoAQJ3NtmajPpump,SBTI,SBTI,solana,0.001677,65536,1048576,8388608,8388608,131072,2097152,2097152,361,338,5319,5544,1775800461000,pumpswap,REPEAT
2026-04-10T10:21:57.472Z,CmtYYjTBYxj5ExeyREFoM5gMNDo4GQ4sjrE7Vx9upump,HUNTER,HunterBidenSmokingCrackCoin,solana,0.000007062,,2048,65536,65536,8192,8192,8192,,,56,52,1775796857000,pumpswap,REPEAT
2026-04-10T10:21:57.472Z,6DUdwjXtqJKrNFQBQzsaPW7pP2EZg2hbQ92NBi9Ppump,HAHA,HAHA,solana,0.0002934,8192,131072,2097152,2097152,32768,262144,262144,42,44,616,453,1775797888000,pumpswap,REPEAT
2026-04-10T10:21:57.472Z,2ecWqqjWZ5hkYLHzCn9TEn2DtpVdNvMicLf3RzfLpump,Chicky,Official Chicky Coin,solana,0.0001017,512,4096,65536,131072,32768,131072,131072,5,2,53,63,1774972475000,pumpswap,REPEAT
2026-04-10T10:21:57.472Z,82MmG1uH2BWLyoU7VCFYMohP9CT63q5paiKHAAAn3zWx,ANIME,Anime Bitcoin,solana,0.0004354,1024,16384,65536,131072,65536,524288,524288,18,17,217,186,1743542810000,pumpswap,REPEAT
2026-04-10T10:21:57.472Z,GFVhghbzvoZUgdRgqL8HMrhK26tgP1ddBEVDpQFppump,Banana,Bananas,solana,0.000008052,512,4096,131072,131072,,8192,8192,7,5,50,48,1775799626000,pumpfun,REPEAT
2026-04-10T10:21:57.472Z,3JQNRbZo9d3jteWg6FjxtUTNR1hLrLmriWGbaaZWpump,Garrison,The Alpha,solana,0.00003237,2048,65536,1048576,1048576,16384,32768,32768,55,55,1140,819,1775797475000,pumpswap,REPEAT
2026-04-10T10:21:57.472Z,8BrKogqwr7Uad9Pwkxw91w31v2x5qf8yDL4x52Qhpump,NUERO,Nuero,solana,0.0001656,256,4096,16384,65536,32768,131072,131072,2,,19,50,1774894182000,pumpswap,REPEAT
2026-04-10T10:21:57.472Z,Ejdy5bNuwE1jfm3NufkghrLtpMM1KJKwUjfFhxTmpump,Genα,Generation Alpha ETF,solana,0.000002295,,256,1048576,1048576,4096,2048,2048,,,10,13,1775797991000,pumpswap,REPEAT
2026-04-10T10:21:57.472Z,wZ7zpuVqqWaMDe95AawZefWtWcb5cqDXzKSL8WJpump,HappyHorse,Happy Horse,solana,0.000002804,,512,2097152,2097152,4096,2048,2048,,1,20,17,1775796210000,pumpswap,REPEAT
2026-04-10T10:21:57.472Z,9AsvxJ4vBcU9gR14mAitrdzSFABY93z3Fdr6bSQ3pump,STACK,The Chimney Dog,solana,0.00001025,128,4096,16384,65536,,8192,8192,1,3,41,38,1775786445000,pumpfun,REPEAT
2026-04-10T10:21:57.472Z,99Z4AnrTHDhiGwYPyB4kE3Nap8oo8SqBPircah7Apump,SBTI,SBTI来了,solana,0.000003236,128,128,131072,131072,,4096,4096,2,1,2,5,1775795593000,pumpfun,REPEAT
2026-04-10T10:21:57.472Z,9AEtb967xTMosjp9XFhvHLhscPNYgDWc15jFAZR8pump,RƎ́V,REVÉRSÉ SOCIETY,solana,0.0002231,8,1024,8192,32768,32768,262144,262144,,1,19,30,1775691640000,pumpswap,REPEAT
2026-04-10T10:21:57.472Z,U5sdyqACGtTDyyvSL3yqwSHo1vzUJmNuifjKVSbpump,Stacy,True Stacy,solana,0.000004179,256,512,131072,131072,4096,4096,4096,7,3,14,13,1775796046000,pumpswap,REPEAT
2026-04-10T10:21:57.472Z,98t9PEJF5QvAdGhu3MuQ2ww57NkRV1Rg7evSZNFxpump,$BABYTAN,BabyTan,solana,0.00001095,128,2048,8192,16384,,8192,8192,5,,29,30,1775571529000,pumpfun,REPEAT
2026-04-10T10:26:57.472Z,5PGfjC8z3p3gh1Hdj329zL1PNX4Zv8Up7HTMfNhzpump,BBQ,バーベキュコイン,solana,0.00001789,,512,1024,4096,8192,16384,16384,,,7,6,1774952325000,pumpswap,REPEAT
2026-04-10T10:26:57.472Z,EMoVDQ2aMyVq3GGRvawjtDHmwS3KgWF4BRuXGbqYaUBV,EMOji,EMOji,solana,0.0002302,65536,1048576,1048576,1048576,32768,262144,262144,266,170,3882,3141,1775812642000,pumpswap,REPEAT
2026-04-10T10:26:57.472Z,2PXZ2Q55YNttMiZ2e4owrAjoevFAwkKSqYy6D6cGpump,MATT,Matt Furry,solana,0.0002726,8192,131072,524288,524288,32768,262144,262144,34,23,752,453,1775809207000,pumpswap,REPEAT
2026-04-10T10:26:57.472Z,54oYnRG6DZ4joivbKRUiW1k7dn2MhnhjMNHd1NBDpump,DURR,DURR,solana,0.00002069,64,2048,8192,65536,,16384,16384,1,1,28,15,1775679289000,pumpfun,REPEAT
2026-04-10T10:26:57.472Z,FquUHKWfMUdSMxxSU9ZWrSc98hvTXeMnQn9nksSKpump,42069,42069,solana,0.00001633,512,1024,16384,16384,16384,16384,16384,,3,23,16,1767602540000,pumpswap,REPEAT
2026-04-10T10:26:57.472Z,FquUHKWfMUdSMxxSU9ZWrSc98hvTXeMnQn9nksSKpump,42069,42069,solana,0.00001633,512,1024,16384,16384,16384,16384,16384,,3,23,16,1767602540000,pumpswap,REPEAT
2026-04-10T10:26:57.472Z,9iNsBjDCSG1WJzQDj9QWnGop4eYDQX4hczjAyzqukH7v,DD7,DOUBLE D 7,solana,0.000002628,1,2048,65536,65536,4096,2048,2048,,1,62,90,1775811711000,pumpswap,REPEAT
2026-04-10T10:26:57.472Z,C9wHT2Qh9gJbr16VwYXyhK6ow11VhKpqarTqXWzVpump,MaggieChan,マギーちゃん,solana,0.000002749,16,4096,65536,65536,,2048,2048,2,1,46,77,1775809545000,pumpfun,REPEAT
2026-04-10T10:26:57.472Z,5eXiGxEYTauPupHfaA2r7BDAcLpK6yL5eZ4LCMP9pump,Angol,앵알이,solana,0.000002440,0,1024,32768,32768,,2048,2048,,1,15,29,1775810044000,pumpfun,REPEAT
2026-04-10T10:26:57.472Z,E67wgnNewaoW1dHz3xPqCjWUY5ntAaGw2uz9Bd1vdoge,DENO,Deno Land,solana,0.00006001,128,2048,16384,32768,16384,65536,65536,1,,13,10,1772482423000,meteora,REPEAT
2026-04-10T10:26:57.472Z,FdUmX7zQSZgPxt1D7rtbKQisP4a2MXyejAxEnVvepump,Stoic,Stoicism ,solana,0.0001436,4096,32768,262144,1048576,32768,131072,131072,57,43,610,436,1775773975000,pumpswap,REPEAT
2026-04-10T10:26:57.472Z,DLsGGp9se7uUzE1SKbWD4hur1c9bjXnK3ADUejXJpump,T26,PROJECT T26 COIN,solana,0.00002705,,1024,8192,8192,16384,32768,32768,,,7,19,1775801805000,pumpswap,REPEAT
2026-04-10T10:26:57.472Z,8ZHLjQy2SJTvJ65HG8GQP2zjKa2R5Gify2xXrfZzpump,Cease,Cease Fire,solana,0.000003487,,,1024,1024,,4096,4096,,,,,1775803114000,pumpfun,REPEAT
2026-04-10T10:26:57.472Z,BgSBbGpELTyuYXyU1C2v3jcAvJdCq1R6XEo1HaxYpump,BIZY,Bizy,solana,0.000002373,,32,2097152,2097152,4096,2048,2048,,,4,5,1775800328000,pumpswap,REPEAT
2026-04-10T10:26:57.472Z,2pDdYPaT2Ww2aVPoa1mw2P8gokctwk8b4ifkNfBApump,pisscoin,pisscoin,solana,0.00001885,,128,2048,8192,16384,16384,16384,,,,1,1774571155000,pumpswap,REPEAT
2026-04-10T10:26:57.472Z,GxJjdCrPzYnEBjnyoq5gsqed6TqKoAQJ3NtmajPpump,SBTI,SBTI,solana,0.001482,65536,1048576,8388608,8388608,131072,2097152,2097152,345,450,5217,5349,1775800461000,pumpswap,REPEAT
2026-04-10T10:26:57.472Z,CmtYYjTBYxj5ExeyREFoM5gMNDo4GQ4sjrE7Vx9upump,HUNTER,HunterBidenSmokingCrackCoin,solana,0.000006925,32,2048,65536,65536,8192,8192,8192,,3,56,54,1775796857000,pumpswap,REPEAT
2026-04-10T10:26:57.472Z,6DUdwjXtqJKrNFQBQzsaPW7pP2EZg2hbQ92NBi9Ppump,HAHA,HAHA,solana,0.0002982,16384,131072,2097152,2097152,32768,262144,262144,70,47,637,478,1775797888000,pumpswap,REPEAT
2026-04-10T10:26:57.472Z,2ecWqqjWZ5hkYLHzCn9TEn2DtpVdNvMicLf3RzfLpump,Chicky,Official Chicky Coin,solana,0.0001016,2,4096,65536,131072,32768,131072,131072,1,,41,59,1774972475000,pumpswap,REPEAT
2026-04-10T10:26:57.472Z,82MmG1uH2BWLyoU7VCFYMohP9CT63q5paiKHAAAn3zWx,ANIME,Anime Bitcoin,solana,0.0004326,512,16384,65536,131072,65536,524288,524288,10,15,208,184,1743542810000,pumpswap,REPEAT
2026-04-10T10:26:57.472Z,GFVhghbzvoZUgdRgqL8HMrhK26tgP1ddBEVDpQFppump,Banana,Bananas,solana,0.000009240,512,8192,131072,131072,,8192,8192,13,6,62,51,1775799626000,pumpfun,REPEAT
2026-04-10T10:26:57.472Z,3JQNRbZo9d3jteWg6FjxtUTNR1hLrLmriWGbaaZWpump,Garrison,The Alpha,solana,0.00003209,512,65536,1048576,1048576,16384,32768,32768,9,23,1093,801,1775797475000,pumpswap,REPEAT
2026-04-10T10:26:57.472Z,8BrKogqwr7Uad9Pwkxw91w31v2x5qf8yDL4x52Qhpump,NUERO,Nuero,solana,0.0001691,256,4096,16384,65536,32768,131072,131072,2,2,20,38,1774894182000,pumpswap,REPEAT
2026-04-10T10:26:57.472Z,Ejdy5bNuwE1jfm3NufkghrLtpMM1KJKwUjfFhxTmpump,Genα,Generation Alpha ETF,solana,0.000002295,,256,1048576,1048576,4096,2048,2048,,,5,9,1775797991000,pumpswap,REPEAT
2026-04-10T10:26:57.472Z,wZ7zpuVqqWaMDe95AawZefWtWcb5cqDXzKSL8WJpump,HappyHorse,Happy Horse,solana,0.000003033,64,512,2097152,2097152,4096,4096,4096,7,,24,16,1775796210000,pumpswap,REPEAT
2026-04-10T10:26:57.472Z,9AsvxJ4vBcU9gR14mAitrdzSFABY93z3Fdr6bSQ3pump,STACK,The Chimney Dog,solana,0.00001025,,4096,16384,65536,,8192,8192,,,32,36,1775786445000,pumpfun,REPEAT
2026-04-10T10:26:57.472Z,99Z4AnrTHDhiGwYPyB4kE3Nap8oo8SqBPircah7Apump,SBTI,SBTI来了,solana,0.000003236,,128,131072,131072,,4096,4096,,,2,4,1775795593000,pumpfun,REPEAT
2026-04-10T10:26:57.472Z,9AEtb967xTMosjp9XFhvHLhscPNYgDWc15jFAZR8pump,RƎ́V,REVÉRSÉ SOCIETY,solana,0.0002257,16,1024,8192,32768,32768,262144,262144,2,1,20,28,1775691640000,pumpswap,REPEAT
2026-04-10T10:26:57.472Z,U5sdyqACGtTDyyvSL3yqwSHo1vzUJmNuifjKVSbpump,Stacy,True Stacy,solana,0.000004192,64,512,131072,131072,4096,4096,4096,3,3,17,14,1775796046000,pumpswap,REPEAT
2026-04-10T10:26:57.472Z,98t9PEJF5QvAdGhu3MuQ2ww57NkRV1Rg7evSZNFxpump,$BABYTAN,BabyTan,solana,0.00001062,64,2048,8192,16384,,8192,8192,,1,25,28,1775571529000,pumpfun,REPEAT
2026-04-10T10:31:57.472Z,98t9PEJF5QvAdGhu3MuQ2ww57NkRV1Rg7evSZNFxpump,$BABYTAN,BabyTan,solana,0.00001062,,2048,8192,16384,,8192,8192,,,23,24,1775571529000,pumpfun,REPEAT
2026-04-10T10:31:57.472Z,5PGfjC8z3p3gh1Hdj329zL1PNX4Zv8Up7HTMfNhzpump,BBQ,バーベキュコイン,solana,0.00001915,128,512,2048,4096,8192,16384,16384,5,,12,7,1774952325000,pumpswap,REPEAT
2026-04-10T10:31:57.472Z,EMoVDQ2aMyVq3GGRvawjtDHmwS3KgWF4BRuXGbqYaUBV,EMOji,EMOji,solana,0.0001653,65536,1048576,1048576,1048576,32768,131072,131072,252,221,3920,3227,1775812642000,pumpswap,REPEAT
2026-04-10T10:31:57.472Z,2PXZ2Q55YNttMiZ2e4owrAjoevFAwkKSqYy6D6cGpump,MATT,Matt Furry,solana,0.0002751,1024,131072,524288,524288,32768,262144,262144,7,13,697,433,1775809207000,pumpswap,REPEAT
2026-04-10T10:31:57.472Z,54oYnRG6DZ4joivbKRUiW1k7dn2MhnhjMNHd1NBDpump,DURR,DURR,solana,0.00002086,32,2048,8192,65536,,16384,16384,4,,28,15,1775679289000,pumpfun,REPEAT
2026-04-10T10:31:57.472Z,FquUHKWfMUdSMxxSU9ZWrSc98hvTXeMnQn9nksSKpump,42069,42069,solana,0.00001577,32,1024,16384,16384,16384,16384,16384,,2,20,16,1767602540000,pumpswap,REPEAT
2026-04-10T10:31:57.472Z,FquUHKWfMUdSMxxSU9ZWrSc98hvTXeMnQn9nksSKpump,42069,42069,solana,0.00001577,32,1024,16384,16384,16384,16384,16384,,2,20,16,1767602540000,pumpswap,REPEAT
2026-04-10T10:31:57.472Z,9iNsBjDCSG1WJzQDj9QWnGop4eYDQX4hczjAyzqukH7v,DD7,DOUBLE D 7,solana,0.000002867,256,2048,65536,65536,4096,2048,2048,1,3,44,68,1775811711000,pumpswap,REPEAT
2026-04-10T10:31:57.472Z,C9wHT2Qh9gJbr16VwYXyhK6ow11VhKpqarTqXWzVpump,MaggieChan,マギーちゃん,solana,0.000002733,8,2048,65536,65536,,2048,2048,,1,27,65,1775809545000,pumpfun,REPEAT
2026-04-10T10:31:57.472Z,5eXiGxEYTauPupHfaA2r7BDAcLpK6yL5eZ4LCMP9pump,Angol,앵알이,solana,0.000002432,4,1024,32768,32768,,2048,2048,,1,8,25,1775810044000,pumpfun,REPEAT
2026-04-10T10:31:57.472Z,E67wgnNewaoW1dHz3xPqCjWUY5ntAaGw2uz9Bd1vdoge,DENO,Deno Land,solana,0.00006001,,2048,16384,32768,16384,65536,65536,,,13,7,1772482423000,meteora,REPEAT
2026-04-10T10:31:57.472Z,FdUmX7zQSZgPxt1D7rtbKQisP4a2MXyejAxEnVvepump,Stoic,Stoicism ,solana,0.0001372,2048,32768,262144,1048576,32768,131072,131072,60,42,629,448,1775773975000,pumpswap,REPEAT
2026-04-10T10:31:57.472Z,DLsGGp9se7uUzE1SKbWD4hur1c9bjXnK3ADUejXJpump,T26,PROJECT T26 COIN,solana,0.00002705,,1024,8192,8192,16384,32768,32768,,,7,19,1775801805000,pumpswap,REPEAT
2026-04-10T10:31:57.472Z,8ZHLjQy2SJTvJ65HG8GQP2zjKa2R5Gify2xXrfZzpump,Cease,Cease Fire,solana,0.000003487,,,1024,1024,,4096,4096,,,,,1775803114000,pumpfun,REPEAT
2026-04-10T10:31:57.472Z,BgSBbGpELTyuYXyU1C2v3jcAvJdCq1R6XEo1HaxYpump,BIZY,Bizy,solana,0.000002373,,8,2097152,2097152,4096,2048,2048,,,3,3,1775800328000,pumpswap,REPEAT
2026-04-10T10:31:57.472Z,2pDdYPaT2Ww2aVPoa1mw2P8gokctwk8b4ifkNfBApump,pisscoin,pisscoin,solana,0.00001885,,128,2048,8192,16384,16384,16384,,,,1,1774571155000,pumpswap,REPEAT
2026-04-10T10:31:57.472Z,GxJjdCrPzYnEBjnyoq5gsqed6TqKoAQJ3NtmajPpump,SBTI,SBTI,solana,0.001607,32768,1048576,8388608,8388608,131072,2097152,2097152,287,267,5026,4850,1775800461000,pumpswap,REPEAT
2026-04-10T10:31:57.472Z,CmtYYjTBYxj5ExeyREFoM5gMNDo4GQ4sjrE7Vx9upump,HUNTER,HunterBidenSmokingCrackCoin,solana,0.000006584,128,2048,65536,65536,8192,8192,8192,,3,46,41,1775796857000,pumpswap,REPEAT
2026-04-10T10:31:57.472Z,6DUdwjXtqJKrNFQBQzsaPW7pP2EZg2hbQ92NBi9Ppump,HAHA,HAHA,solana,0.0003863,8192,131072,2097152,2097152,65536,524288,524288,45,28,624,463,1775797888000,pumpswap,REPEAT
2026-04-10T10:31:57.472Z,2ecWqqjWZ5hkYLHzCn9TEn2DtpVdNvMicLf3RzfLpump,Chicky,Official Chicky Coin,solana,0.0001010,64,4096,65536,131072,32768,131072,131072,3,1,41,58,1774972475000,pumpswap,REPEAT
2026-04-10T10:31:57.472Z,82MmG1uH2BWLyoU7VCFYMohP9CT63q5paiKHAAAn3zWx,ANIME,Anime Bitcoin,solana,0.0004428,1024,16384,65536,131072,65536,524288,524288,18,17,210,186,1743542810000,pumpswap,REPEAT
2026-04-10T10:31:57.472Z,GFVhghbzvoZUgdRgqL8HMrhK26tgP1ddBEVDpQFppump,Banana,Bananas,solana,0.000008893,256,4096,131072,131072,,8192,8192,3,5,60,52,1775799626000,pumpfun,REPEAT
2026-04-10T10:31:57.472Z,3JQNRbZo9d3jteWg6FjxtUTNR1hLrLmriWGbaaZWpump,Garrison,The Alpha,solana,0.00003575,1024,65536,1048576,1048576,16384,32768,32768,22,38,1051,794,1775797475000,pumpswap,REPEAT
2026-04-10T10:31:57.472Z,8BrKogqwr7Uad9Pwkxw91w31v2x5qf8yDL4x52Qhpump,NUERO,Nuero,solana,0.0001537,1024,4096,16384,65536,32768,131072,131072,1,4,18,40,1774894182000,pumpswap,REPEAT
2026-04-10T10:31:57.472Z,Ejdy5bNuwE1jfm3NufkghrLtpMM1KJKwUjfFhxTmpump,Genα,Generation Alpha ETF,solana,0.000002295,,128,1048576,1048576,4096,2048,2048,,,2,9,1775797991000,pumpswap,REPEAT
2026-04-10T10:31:57.472Z,wZ7zpuVqqWaMDe95AawZefWtWcb5cqDXzKSL8WJpump,HappyHorse,Happy Horse,solana,0.000003078,16,512,2097152,2097152,4096,4096,4096,2,,22,12,1775796210000,pumpswap,REPEAT
2026-04-10T10:31:57.472Z,9AsvxJ4vBcU9gR14mAitrdzSFABY93z3Fdr6bSQ3pump,STACK,The Chimney Dog,solana,0.00001025,,2048,16384,65536,,8192,8192,,,29,35,1775786445000,pumpfun,REPEAT
2026-04-10T10:31:57.472Z,99Z4AnrTHDhiGwYPyB4kE3Nap8oo8SqBPircah7Apump,SBTI,SBTI来了,solana,0.000003236,,128,131072,131072,,4096,4096,,,2,4,1775795593000,pumpfun,REPEAT
2026-04-10T10:31:57.472Z,9AEtb967xTMosjp9XFhvHLhscPNYgDWc15jFAZR8pump,RƎ́V,REVÉRSÉ SOCIETY,solana,0.0002225,8,1024,8192,32768,32768,262144,262144,,1,20,28,1775691640000,pumpswap,REPEAT
2026-04-10T10:31:57.472Z,U5sdyqACGtTDyyvSL3yqwSHo1vzUJmNuifjKVSbpump,Stacy,True Stacy,solana,0.000004192,,512,131072,131072,4096,4096,4096,,,17,9,1775796046000,pumpswap,REPEAT
2026-04-10T10:36:57.473Z,98t9PEJF5QvAdGhu3MuQ2ww57NkRV1Rg7evSZNFxpump,$BABYTAN,BabyTan,solana,0.00001062,,1024,8192,16384,,8192,8192,,,19,20,1775571529000,pumpfun,REPEAT
2026-04-10T10:36:57.473Z,5PGfjC8z3p3gh1Hdj329zL1PNX4Zv8Up7HTMfNhzpump,BBQ,バーベキュコイン,solana,0.00001915,,512,2048,4096,8192,16384,16384,,,12,7,1774952325000,pumpswap,REPEAT
2026-04-10T10:36:57.473Z,EMoVDQ2aMyVq3GGRvawjtDHmwS3KgWF4BRuXGbqYaUBV,EMOji,EMOji,solana,0.0001198,65536,1048576,1048576,1048576,32768,131072,131072,219,168,3847,3070,1775812642000,pumpswap,REPEAT
2026-04-10T10:36:57.473Z,2PXZ2Q55YNttMiZ2e4owrAjoevFAwkKSqYy6D6cGpump,MATT,Matt Furry,solana,0.0002834,8192,131072,524288,524288,32768,262144,262144,8,14,638,398,1775809207000,pumpswap,REPEAT
2026-04-10T10:36:57.473Z,54oYnRG6DZ4joivbKRUiW1k7dn2MhnhjMNHd1NBDpump,DURR,DURR,solana,0.00002153,128,1024,8192,65536,,16384,16384,7,1,32,15,1775679289000,pumpfun,REPEAT
2026-04-10T10:36:57.473Z,FquUHKWfMUdSMxxSU9ZWrSc98hvTXeMnQn9nksSKpump,42069,42069,solana,0.00001619,128,1024,16384,16384,16384,16384,16384,1,1,18,17,1767602540000,pumpswap,REPEAT
2026-04-10T10:36:57.473Z,FquUHKWfMUdSMxxSU9ZWrSc98hvTXeMnQn9nksSKpump,42069,42069,solana,0.00001619,128,1024,16384,16384,16384,16384,16384,1,1,18,17,1767602540000,pumpswap,REPEAT
2026-04-10T10:36:57.473Z,9iNsBjDCSG1WJzQDj9QWnGop4eYDQX4hczjAyzqukH7v,DD7,DOUBLE D 7,solana,0.000002838,8,2048,65536,65536,4096,2048,2048,1,,41,46,1775811711000,pumpswap,REPEAT
2026-04-10T10:36:57.473Z,C9wHT2Qh9gJbr16VwYXyhK6ow11VhKpqarTqXWzVpump,MaggieChan,マギーちゃん,solana,0.000002733,,2048,65536,65536,,2048,2048,,,20,39,1775809545000,pumpfun,REPEAT
2026-04-10T10:36:57.473Z,5eXiGxEYTauPupHfaA2r7BDAcLpK6yL5eZ4LCMP9pump,Angol,앵알이,solana,0.000002432,,512,32768,32768,,2048,2048,,,6,20,1775810044000,pumpfun,REPEAT
2026-04-10T10:36:57.473Z,E67wgnNewaoW1dHz3xPqCjWUY5ntAaGw2uz9Bd1vdoge,DENO,Deno Land,solana,0.00006001,,2048,16384,32768,16384,65536,65536,,,13,7,1772482423000,meteora,REPEAT
2026-04-10T10:36:57.473Z,FdUmX7zQSZgPxt1D7rtbKQisP4a2MXyejAxEnVvepump,Stoic,Stoicism ,solana,0.0001388,4096,32768,262144,1048576,32768,131072,131072,55,51,655,480,1775773975000,pumpswap,REPEAT
2026-04-10T10:36:57.473Z,DLsGGp9se7uUzE1SKbWD4hur1c9bjXnK3ADUejXJpump,T26,PROJECT T26 COIN,solana,0.00002705,,1024,8192,8192,16384,32768,32768,,,4,19,1775801805000,pumpswap,REPEAT
2026-04-10T10:36:57.473Z,8ZHLjQy2SJTvJ65HG8GQP2zjKa2R5Gify2xXrfZzpump,Cease,Cease Fire,solana,0.000003277,128,128,1024,1024,,4096,4096,,1,,1,1775803114000,pumpfun,REPEAT
2026-04-10T10:36:57.473Z,BgSBbGpELTyuYXyU1C2v3jcAvJdCq1R6XEo1HaxYpump,BIZY,Bizy,solana,0.000002373,,8,2097152,2097152,4096,2048,2048,,,3,2,1775800328000,pumpswap,REPEAT
2026-04-10T10:36:57.473Z,2pDdYPaT2Ww2aVPoa1mw2P8gokctwk8b4ifkNfBApump,pisscoin,pisscoin,solana,0.00001885,,128,2048,8192,16384,16384,16384,,,,1,1774571155000,pumpswap,REPEAT
2026-04-10T10:36:57.473Z,GxJjdCrPzYnEBjnyoq5gsqed6TqKoAQJ3NtmajPpump,SBTI,SBTI,solana,0.001257,32768,524288,8388608,8388608,131072,1048576,1048576,211,300,4702,4524,1775800461000,pumpswap,REPEAT
2026-04-10T10:36:57.473Z,CmtYYjTBYxj5ExeyREFoM5gMNDo4GQ4sjrE7Vx9upump,HUNTER,HunterBidenSmokingCrackCoin,solana,0.000006590,512,1024,65536,65536,8192,8192,8192,7,5,31,33,1775796857000,pumpswap,REPEAT
2026-04-10T10:36:57.473Z,6DUdwjXtqJKrNFQBQzsaPW7pP2EZg2hbQ92NBi9Ppump,HAHA,HAHA,solana,0.0003111,16384,131072,2097152,2097152,65536,262144,262144,54,44,632,464,1775797888000,pumpswap,REPEAT
2026-04-10T10:36:57.473Z,2ecWqqjWZ5hkYLHzCn9TEn2DtpVdNvMicLf3RzfLpump,Chicky,Official Chicky Coin,solana,0.0001058,512,4096,65536,131072,32768,131072,131072,2,4,35,57,1774972475000,pumpswap,REPEAT
2026-04-10T10:36:57.473Z,82MmG1uH2BWLyoU7VCFYMohP9CT63q5paiKHAAAn3zWx,ANIME,Anime Bitcoin,solana,0.0004490,1024,16384,65536,131072,65536,524288,524288,16,18,224,194,1743542810000,pumpswap,REPEAT
2026-04-10T10:36:57.473Z,GFVhghbzvoZUgdRgqL8HMrhK26tgP1ddBEVDpQFppump,Banana,Bananas,solana,0.000009969,512,8192,131072,131072,,8192,8192,5,3,63,54,1775799626000,pumpfun,REPEAT
2026-04-10T10:36:57.473Z,3JQNRbZo9d3jteWg6FjxtUTNR1hLrLmriWGbaaZWpump,Garrison,The Alpha,solana,0.00003748,2048,65536,1048576,1048576,16384,32768,32768,41,33,1041,796,1775797475000,pumpswap,REPEAT
2026-04-10T10:36:57.473Z,8BrKogqwr7Uad9Pwkxw91w31v2x5qf8yDL4x52Qhpump,NUERO,Nuero,solana,0.0001537,,4096,16384,65536,32768,131072,131072,,,18,37,1774894182000,pumpswap,REPEAT
2026-04-10T10:36:57.473Z,Ejdy5bNuwE1jfm3NufkghrLtpMM1KJKwUjfFhxTmpump,Genα,Generation Alpha ETF,solana,0.000002277,8,128,1048576,1048576,4096,2048,2048,1,1,2,9,1775797991000,pumpswap,REPEAT
2026-04-10T10:36:57.473Z,wZ7zpuVqqWaMDe95AawZefWtWcb5cqDXzKSL8WJpump,HappyHorse,Happy Horse,solana,0.000003051,8,512,2097152,2097152,4096,4096,4096,1,1,18,12,1775796210000,pumpswap,REPEAT
2026-04-10T10:36:57.473Z,9AsvxJ4vBcU9gR14mAitrdzSFABY93z3Fdr6bSQ3pump,STACK,The Chimney Dog,solana,0.00001025,,2048,16384,65536,,8192,8192,,,28,31,1775786445000,pumpfun,REPEAT
2026-04-10T10:36:57.473Z,99Z4AnrTHDhiGwYPyB4kE3Nap8oo8SqBPircah7Apump,SBTI,SBTI来了,solana,0.000003236,,128,65536,131072,,4096,4096,,,2,3,1775795593000,pumpfun,REPEAT
2026-04-10T10:36:57.473Z,9AEtb967xTMosjp9XFhvHLhscPNYgDWc15jFAZR8pump,RƎ́V,REVÉRSÉ SOCIETY,solana,0.0002396,16,1024,8192,32768,32768,262144,262144,2,1,22,29,1775691640000,pumpswap,REPEAT
2026-04-10T10:36:57.473Z,U5sdyqACGtTDyyvSL3yqwSHo1vzUJmNuifjKVSbpump,Stacy,True Stacy,solana,0.000003887,16,512,131072,131072,4096,4096,4096,,1,17,13,1775796046000,pumpswap,REPEAT
2026-04-10T10:41:57.475Z,DBJmh4VjGHmE2SMsBRaBToRuhtgRz3R2okToQJ2pump,RUNNER,RUNNER,solana,0.0002449,32768,524288,524288,524288,32768,262144,262144,172,283,939,1056,1775817082000,pumpswap,NEW
2026-04-10T10:41:57.475Z,98t9PEJF5QvAdGhu3MuQ2ww57NkRV1Rg7evSZNFxpump,$BABYTAN,BabyTan,solana,0.00001066,32,1024,8192,16384,,8192,8192,5,1,20,18,1775571529000,pumpfun,REPEAT
2026-04-10T10:41:57.475Z,5PGfjC8z3p3gh1Hdj329zL1PNX4Zv8Up7HTMfNhzpump,BBQ,バーベキュコイン,solana,0.00001925,,512,2048,4096,8192,16384,16384,,,13,7,1774952325000,pumpswap,REPEAT
2026-04-10T10:41:57.475Z,EMoVDQ2aMyVq3GGRvawjtDHmwS3KgWF4BRuXGbqYaUBV,EMOji,EMOji,solana,0.00009740,65536,1048576,1048576,1048576,32768,131072,131072,258,369,3782,3170,1775812642000,pumpswap,REPEAT
2026-04-10T10:41:57.475Z,2PXZ2Q55YNttMiZ2e4owrAjoevFAwkKSqYy6D6cGpump,MATT,Matt Furry,solana,0.0002774,512,131072,524288,524288,32768,262144,262144,5,10,589,361,1775809207000,pumpswap,REPEAT
2026-04-10T10:41:57.475Z,54oYnRG6DZ4joivbKRUiW1k7dn2MhnhjMNHd1NBDpump,DURR,DURR,solana,0.00002177,128,1024,8192,65536,,16384,16384,3,2,31,13,1775679289000,pumpfun,REPEAT
2026-04-10T10:41:57.475Z,FquUHKWfMUdSMxxSU9ZWrSc98hvTXeMnQn9nksSKpump,42069,42069,solana,0.00001649,256,1024,16384,16384,16384,16384,16384,3,2,15,18,1767602540000,pumpswap,REPEAT
2026-04-10T10:41:57.475Z,FquUHKWfMUdSMxxSU9ZWrSc98hvTXeMnQn9nksSKpump,42069,42069,solana,0.00001649,256,1024,16384,16384,16384,16384,16384,3,2,15,18,1767602540000,pumpswap,REPEAT
2026-04-10T10:41:57.475Z,9iNsBjDCSG1WJzQDj9QWnGop4eYDQX4hczjAyzqukH7v,DD7,DOUBLE D 7,solana,0.000002799,8,1024,65536,65536,4096,2048,2048,,1,24,37,1775811711000,pumpswap,REPEAT
2026-04-10T10:41:57.475Z,C9wHT2Qh9gJbr16VwYXyhK6ow11VhKpqarTqXWzVpump,MaggieChan,マギーちゃん,solana,0.000002773,32,1024,65536,65536,,2048,2048,1,2,16,34,1775809545000,pumpfun,REPEAT
2026-04-10T10:41:57.475Z,5eXiGxEYTauPupHfaA2r7BDAcLpK6yL5eZ4LCMP9pump,Angol,앵알이,solana,0.000002432,,512,32768,32768,,2048,2048,,,6,18,1775810044000,pumpfun,REPEAT
2026-04-10T10:41:57.475Z,E67wgnNewaoW1dHz3xPqCjWUY5ntAaGw2uz9Bd1vdoge,DENO,Deno Land,solana,0.00006106,0,1024,16384,32768,16384,65536,65536,1,,11,2,1772482423000,meteora,REPEAT
2026-04-10T10:41:57.475Z,FdUmX7zQSZgPxt1D7rtbKQisP4a2MXyejAxEnVvepump,Stoic,Stoicism ,solana,0.0001418,2048,32768,262144,1048576,32768,131072,131072,56,34,692,498,1775773975000,pumpswap,REPEAT
2026-04-10T10:41:57.475Z,DLsGGp9se7uUzE1SKbWD4hur1c9bjXnK3ADUejXJpump,T26,PROJECT T26 COIN,solana,0.00002705,,512,8192,8192,16384,32768,32768,,,,8,1775801805000,pumpswap,REPEAT
2026-04-10T10:41:57.475Z,8ZHLjQy2SJTvJ65HG8GQP2zjKa2R5Gify2xXrfZzpump,Cease,Cease Fire,solana,0.000003277,,128,1024,1024,,4096,4096,,,,1,1775803114000,pumpfun,REPEAT
2026-04-10T10:41:57.475Z,BgSBbGpELTyuYXyU1C2v3jcAvJdCq1R6XEo1HaxYpump,BIZY,Bizy,solana,0.000002373,,8,2097152,2097152,4096,2048,2048,,,3,2,1775800328000,pumpswap,REPEAT
2026-04-10T10:41:57.475Z,2pDdYPaT2Ww2aVPoa1mw2P8gokctwk8b4ifkNfBApump,pisscoin,pisscoin,solana,0.00001855,0,128,2048,8192,16384,16384,16384,,1,,2,1774571155000,pumpswap,REPEAT
2026-04-10T10:41:57.475Z,GxJjdCrPzYnEBjnyoq5gsqed6TqKoAQJ3NtmajPpump,SBTI,SBTI,solana,0.001250,32768,524288,8388608,8388608,131072,1048576,1048576,207,268,4309,4216,1775800461000,pumpswap,REPEAT
2026-04-10T10:41:57.475Z,CmtYYjTBYxj5ExeyREFoM5gMNDo4GQ4sjrE7Vx9upump,HUNTER,HunterBidenSmokingCrackCoin,solana,0.000006280,64,1024,65536,65536,8192,8192,8192,,3,30,33,1775796857000,pumpswap,REPEAT
2026-04-10T10:41:57.475Z,6DUdwjXtqJKrNFQBQzsaPW7pP2EZg2hbQ92NBi9Ppump,HAHA,HAHA,solana,0.0003596,16384,131072,2097152,2097152,65536,262144,262144,66,46,654,475,1775797888000,pumpswap,REPEAT
2026-04-10T10:41:57.475Z,2ecWqqjWZ5hkYLHzCn9TEn2DtpVdNvMicLf3RzfLpump,Chicky,Official Chicky Coin,solana,0.0001054,256,4096,65536,131072,32768,131072,131072,,3,35,55,1774972475000,pumpswap,REPEAT
2026-04-10T10:41:57.475Z,82MmG1uH2BWLyoU7VCFYMohP9CT63q5paiKHAAAn3zWx,ANIME,Anime Bitcoin,solana,0.0004487,512,16384,65536,131072,65536,524288,524288,17,20,239,208,1743542810000,pumpswap,REPEAT
2026-04-10T10:41:57.475Z,GFVhghbzvoZUgdRgqL8HMrhK26tgP1ddBEVDpQFppump,Banana,Bananas,solana,0.000009470,128,8192,131072,131072,,8192,8192,3,3,63,55,1775799626000,pumpfun,REPEAT
2026-04-10T10:41:57.475Z,3JQNRbZo9d3jteWg6FjxtUTNR1hLrLmriWGbaaZWpump,Garrison,The Alpha,solana,0.00004004,2048,65536,1048576,1048576,16384,32768,32768,38,27,1001,794,1775797475000,pumpswap,REPEAT
2026-04-10T10:41:57.475Z,8BrKogqwr7Uad9Pwkxw91w31v2x5qf8yDL4x52Qhpump,NUERO,Nuero,solana,0.0001537,,4096,16384,65536,32768,131072,131072,,,18,36,1774894182000,pumpswap,REPEAT
2026-04-10T10:41:57.475Z,Ejdy5bNuwE1jfm3NufkghrLtpMM1KJKwUjfFhxTmpump,Genα,Generation Alpha ETF,solana,0.000002303,4,128,1048576,1048576,4096,2048,2048,1,,3,9,1775797991000,pumpswap,REPEAT
2026-04-10T10:41:57.475Z,wZ7zpuVqqWaMDe95AawZefWtWcb5cqDXzKSL8WJpump,HappyHorse,Happy Horse,solana,0.000002914,64,512,2097152,2097152,4096,4096,4096,,2,16,11,1775796210000,pumpswap,REPEAT
2026-04-10T10:41:57.475Z,9AsvxJ4vBcU9gR14mAitrdzSFABY93z3Fdr6bSQ3pump,STACK,The Chimney Dog,solana,0.00001100,256,2048,16384,65536,,8192,8192,5,,32,30,1775786445000,pumpfun,REPEAT
2026-04-10T10:41:57.475Z,99Z4AnrTHDhiGwYPyB4kE3Nap8oo8SqBPircah7Apump,SBTI,SBTI来了,solana,0.000003338,64,256,32768,131072,,4096,4096,2,,4,3,1775795593000,pumpfun,REPEAT
2026-04-10T10:41:57.475Z,9AEtb967xTMosjp9XFhvHLhscPNYgDWc15jFAZR8pump,RƎ́V,REVÉRSÉ SOCIETY,solana,0.0002405,32,1024,8192,32768,32768,262144,262144,1,,20,29,1775691640000,pumpswap,REPEAT
2026-04-10T10:46:57.475Z,DBJmh4VjGHmE2SMsBRaBToRuhtgRz3R2okToQJ2pump,RUNNER,RUNNER,solana,0.0002428,8192,524288,524288,524288,32768,262144,262144,67,125,1015,1195,1775817082000,pumpswap,REPEAT
2026-04-10T10:46:57.475Z,98t9PEJF5QvAdGhu3MuQ2ww57NkRV1Rg7evSZNFxpump,$BABYTAN,BabyTan,solana,0.00001066,,1024,8192,16384,,8192,8192,,,17,13,1775571529000,pumpfun,REPEAT
2026-04-10T10:46:57.475Z,5PGfjC8z3p3gh1Hdj329zL1PNX4Zv8Up7HTMfNhzpump,BBQ,バーベキュコイン,solana,0.00001715,256,1024,2048,4096,8192,16384,16384,,2,13,9,1774952325000,pumpswap,REPEAT
2026-04-10T10:46:57.475Z,EMoVDQ2aMyVq3GGRvawjtDHmwS3KgWF4BRuXGbqYaUBV,EMOji,EMOji,solana,0.0001586,65536,1048576,1048576,1048576,32768,131072,131072,233,148,3614,2991,1775812642000,pumpswap,REPEAT
2026-04-10T10:46:57.475Z,2PXZ2Q55YNttMiZ2e4owrAjoevFAwkKSqYy6D6cGpump,MATT,Matt Furry,solana,0.0002955,1024,131072,524288,524288,32768,262144,262144,13,5,550,333,1775809207000,pumpswap,REPEAT
2026-04-10T10:46:57.475Z,54oYnRG6DZ4joivbKRUiW1k7dn2MhnhjMNHd1NBDpump,DURR,DURR,solana,0.00002180,64,1024,8192,65536,,16384,16384,2,1,34,14,1775679289000,pumpfun,REPEAT
2026-04-10T10:46:57.475Z,FquUHKWfMUdSMxxSU9ZWrSc98hvTXeMnQn9nksSKpump,42069,42069,solana,0.00001633,16,1024,16384,16384,16384,16384,16384,,1,11,17,1767602540000,pumpswap,REPEAT
2026-04-10T10:46:57.475Z,FquUHKWfMUdSMxxSU9ZWrSc98hvTXeMnQn9nksSKpump,42069,42069,solana,0.00001633,16,1024,16384,16384,16384,16384,16384,,1,11,17,1767602540000,pumpswap,REPEAT
2026-04-10T10:46:57.475Z,9iNsBjDCSG1WJzQDj9QWnGop4eYDQX4hczjAyzqukH7v,DD7,DOUBLE D 7,solana,0.000002799,,1024,65536,65536,4096,2048,2048,,,19,25,1775811711000,pumpswap,REPEAT
2026-04-10T10:46:57.475Z,C9wHT2Qh9gJbr16VwYXyhK6ow11VhKpqarTqXWzVpump,MaggieChan,マギーちゃん,solana,0.000002599,64,1024,65536,65536,,2048,2048,,2,8,31,1775809545000,pumpfun,REPEAT
2026-04-10T10:46:57.475Z,5eXiGxEYTauPupHfaA2r7BDAcLpK6yL5eZ4LCMP9pump,Angol,앵알이,solana,0.000002432,,512,32768,32768,,2048,2048,,,3,16,1775810044000,pumpfun,REPEAT
2026-04-10T10:46:57.475Z,E67wgnNewaoW1dHz3xPqCjWUY5ntAaGw2uz9Bd1vdoge,DENO,Deno Land,solana,0.00006106,,1024,16384,32768,16384,65536,65536,,,10,1,1772482423000,meteora,REPEAT
2026-04-10T10:46:57.475Z,FdUmX7zQSZgPxt1D7rtbKQisP4a2MXyejAxEnVvepump,Stoic,Stoicism ,solana,0.0001373,2048,32768,262144,1048576,32768,131072,131072,41,21,707,501,1775773975000,pumpswap,REPEAT
2026-04-10T10:46:57.475Z,DLsGGp9se7uUzE1SKbWD4hur1c9bjXnK3ADUejXJpump,T26,PROJECT T26 COIN,solana,0.00002728,0,512,8192,8192,16384,32768,32768,1,,1,7,1775801805000,pumpswap,REPEAT
2026-04-10T10:46:57.475Z,8ZHLjQy2SJTvJ65HG8GQP2zjKa2R5Gify2xXrfZzpump,Cease,Cease Fire,solana,0.000003277,,128,1024,1024,,4096,4096,,,,1,1775803114000,pumpfun,REPEAT
2026-04-10T10:46:57.475Z,BgSBbGpELTyuYXyU1C2v3jcAvJdCq1R6XEo1HaxYpump,BIZY,Bizy,solana,0.000002373,,4,2097152,2097152,4096,2048,2048,,,2,2,1775800328000,pumpswap,REPEAT
2026-04-10T10:46:57.475Z,2pDdYPaT2Ww2aVPoa1mw2P8gokctwk8b4ifkNfBApump,pisscoin,pisscoin,solana,0.00001855,,0,2048,8192,16384,16384,16384,,,,1,1774571155000,pumpswap,REPEAT
2026-04-10T10:46:57.475Z,GxJjdCrPzYnEBjnyoq5gsqed6TqKoAQJ3NtmajPpump,SBTI,SBTI,solana,0.001332,32768,524288,8388608,8388608,131072,1048576,1048576,226,251,4109,3970,1775800461000,pumpswap,REPEAT
2026-04-10T10:46:57.475Z,CmtYYjTBYxj5ExeyREFoM5gMNDo4GQ4sjrE7Vx9upump,HUNTER,HunterBidenSmokingCrackCoin,solana,0.000006285,128,2048,65536,65536,8192,8192,8192,4,1,34,32,1775796857000,pumpswap,REPEAT
2026-04-10T10:46:57.475Z,6DUdwjXtqJKrNFQBQzsaPW7pP2EZg2hbQ92NBi9Ppump,HAHA,HAHA,solana,0.0003687,8192,131072,2097152,2097152,65536,262144,262144,47,38,624,456,1775797888000,pumpswap,REPEAT
2026-04-10T10:46:57.475Z,2ecWqqjWZ5hkYLHzCn9TEn2DtpVdNvMicLf3RzfLpump,Chicky,Official Chicky Coin,solana,0.0001045,1024,4096,65536,131072,32768,131072,131072,6,6,39,56,1774972475000,pumpswap,REPEAT
2026-04-10T10:46:57.475Z,82MmG1uH2BWLyoU7VCFYMohP9CT63q5paiKHAAAn3zWx,ANIME,Anime Bitcoin,solana,0.0004477,1024,16384,65536,131072,65536,524288,524288,2,18,234,218,1743542810000,pumpswap,REPEAT
2026-04-10T10:46:57.475Z,GFVhghbzvoZUgdRgqL8HMrhK26tgP1ddBEVDpQFppump,Banana,Bananas,solana,0.000009304,256,8192,131072,131072,,8192,8192,1,3,63,55,1775799626000,pumpfun,REPEAT
2026-04-10T10:46:57.475Z,3JQNRbZo9d3jteWg6FjxtUTNR1hLrLmriWGbaaZWpump,Garrison,The Alpha,solana,0.00004161,4096,32768,1048576,1048576,16384,32768,32768,55,44,738,635,1775797475000,pumpswap,REPEAT
2026-04-10T10:46:57.475Z,8BrKogqwr7Uad9Pwkxw91w31v2x5qf8yDL4x52Qhpump,NUERO,Nuero,solana,0.0001515,256,4096,16384,65536,32768,131072,131072,2,2,20,38,1774894182000,pumpswap,REPEAT
2026-04-10T10:46:57.475Z,Ejdy5bNuwE1jfm3NufkghrLtpMM1KJKwUjfFhxTmpump,Genα,Generation Alpha ETF,solana,0.000002308,16,128,1048576,1048576,4096,2048,2048,2,1,5,9,1775797991000,pumpswap,REPEAT
2026-04-10T10:46:57.475Z,wZ7zpuVqqWaMDe95AawZefWtWcb5cqDXzKSL8WJpump,HappyHorse,Happy Horse,solana,0.000002888,32,512,2097152,2097152,4096,2048,2048,2,1,16,11,1775796210000,pumpswap,REPEAT
2026-04-10T10:46:57.475Z,9AsvxJ4vBcU9gR14mAitrdzSFABY93z3Fdr6bSQ3pump,STACK,The Chimney Dog,solana,0.00001116,128,2048,16384,65536,,8192,8192,2,1,34,22,1775786445000,pumpfun,REPEAT
2026-04-10T10:46:57.475Z,99Z4AnrTHDhiGwYPyB4kE3Nap8oo8SqBPircah7Apump,SBTI,SBTI来了,solana,0.000003338,,128,32768,131072,,4096,4096,,,4,2,1775795593000,pumpfun,REPEAT
2026-04-10T10:46:57.475Z,9AEtb967xTMosjp9XFhvHLhscPNYgDWc15jFAZR8pump,RƎ́V,REVÉRSÉ SOCIETY,solana,0.0002405,,1024,8192,32768,32768,262144,262144,,,19,28,1775691640000,pumpswap,REPEAT
2026-04-10T10:51:57.476Z,9AEtb967xTMosjp9XFhvHLhscPNYgDWc15jFAZR8pump,RƎ́V,REVÉRSÉ SOCIETY,solana,0.0002375,16,1024,8192,32768,32768,262144,262144,1,1,16,29,1775691640000,pumpswap,REPEAT
2026-04-10T10:51:57.476Z,DBJmh4VjGHmE2SMsBRaBToRuhtgRz3R2okToQJ2pump,RUNNER,RUNNER,solana,0.0002786,4096,524288,524288,524288,32768,262144,262144,114,166,1154,1401,1775817082000,pumpswap,REPEAT
2026-04-10T10:51:57.476Z,98t9PEJF5QvAdGhu3MuQ2ww57NkRV1Rg7evSZNFxpump,$BABYTAN,BabyTan,solana,0.00001088,64,1024,8192,16384,,8192,8192,1,,16,9,1775571529000,pumpfun,REPEAT
2026-04-10T10:51:57.476Z,5PGfjC8z3p3gh1Hdj329zL1PNX4Zv8Up7HTMfNhzpump,BBQ,バーベキュコイン,solana,0.00001715,,1024,2048,4096,8192,16384,16384,,,13,9,1774952325000,pumpswap,REPEAT
2026-04-10T10:51:57.476Z,EMoVDQ2aMyVq3GGRvawjtDHmwS3KgWF4BRuXGbqYaUBV,EMOji,EMOji,solana,0.0001223,65536,1048576,1048576,1048576,32768,131072,131072,198,166,3399,2912,1775812642000,pumpswap,REPEAT
2026-04-10T10:51:57.476Z,2PXZ2Q55YNttMiZ2e4owrAjoevFAwkKSqYy6D6cGpump,MATT,Matt Furry,solana,0.0002990,16384,131072,524288,524288,32768,262144,262144,10,7,470,285,1775809207000,pumpswap,REPEAT
2026-04-10T10:51:57.476Z,54oYnRG6DZ4joivbKRUiW1k7dn2MhnhjMNHd1NBDpump,DURR,DURR,solana,0.00002180,0,1024,8192,65536,,16384,16384,1,,34,11,1775679289000,pumpfun,REPEAT
2026-04-10T10:51:57.476Z,FquUHKWfMUdSMxxSU9ZWrSc98hvTXeMnQn9nksSKpump,42069,42069,solana,0.00001586,128,1024,16384,16384,16384,16384,16384,2,2,13,19,1767602540000,pumpswap,REPEAT
2026-04-10T10:51:57.476Z,FquUHKWfMUdSMxxSU9ZWrSc98hvTXeMnQn9nksSKpump,42069,42069,solana,0.00001586,128,1024,16384,16384,16384,16384,16384,2,2,13,19,1767602540000,pumpswap,REPEAT
2026-04-10T10:51:57.476Z,9iNsBjDCSG1WJzQDj9QWnGop4eYDQX4hczjAyzqukH7v,DD7,DOUBLE D 7,solana,0.000002609,64,1024,65536,65536,4096,2048,2048,,2,18,21,1775811711000,pumpswap,REPEAT
2026-04-10T10:51:57.476Z,C9wHT2Qh9gJbr16VwYXyhK6ow11VhKpqarTqXWzVpump,MaggieChan,マギーちゃん,solana,0.000002590,4,512,65536,65536,,2048,2048,,2,7,25,1775809545000,pumpfun,REPEAT
2026-04-10T10:51:57.476Z,5eXiGxEYTauPupHfaA2r7BDAcLpK6yL5eZ4LCMP9pump,Angol,앵알이,solana,0.000002432,,512,32768,32768,,2048,2048,,,2,15,1775810044000,pumpfun,REPEAT
2026-04-10T10:51:57.476Z,E67wgnNewaoW1dHz3xPqCjWUY5ntAaGw2uz9Bd1vdoge,DENO,Deno Land,solana,0.00006106,,512,16384,32768,16384,65536,65536,,,8,1,1772482423000,meteora,REPEAT
2026-04-10T10:51:57.476Z,FdUmX7zQSZgPxt1D7rtbKQisP4a2MXyejAxEnVvepump,Stoic,Stoicism ,solana,0.0001586,4096,32768,262144,1048576,32768,131072,131072,43,42,697,518,1775773975000,pumpswap,REPEAT
2026-04-10T10:51:57.476Z,DLsGGp9se7uUzE1SKbWD4hur1c9bjXnK3ADUejXJpump,T26,PROJECT T26 COIN,solana,0.00002728,,512,8192,8192,16384,32768,32768,,,1,7,1775801805000,pumpswap,REPEAT
2026-04-10T10:51:57.476Z,8ZHLjQy2SJTvJ65HG8GQP2zjKa2R5Gify2xXrfZzpump,Cease,Cease Fire,solana,0.000003277,,128,1024,1024,,4096,4096,,,,1,1775803114000,pumpfun,REPEAT
2026-04-10T10:51:57.476Z,BgSBbGpELTyuYXyU1C2v3jcAvJdCq1R6XEo1HaxYpump,BIZY,Bizy,solana,0.000002373,,4,2097152,2097152,4096,2048,2048,,,2,2,1775800328000,pumpswap,REPEAT
2026-04-10T10:51:57.476Z,2pDdYPaT2Ww2aVPoa1mw2P8gokctwk8b4ifkNfBApump,pisscoin,pisscoin,solana,0.00001855,,0,2048,8192,16384,16384,16384,,,,1,1774571155000,pumpswap,REPEAT
2026-04-10T10:51:57.476Z,GxJjdCrPzYnEBjnyoq5gsqed6TqKoAQJ3NtmajPpump,SBTI,SBTI,solana,0.001346,32768,524288,8388608,8388608,131072,1048576,1048576,195,217,3907,3791,1775800461000,pumpswap,REPEAT
2026-04-10T10:51:57.476Z,CmtYYjTBYxj5ExeyREFoM5gMNDo4GQ4sjrE7Vx9upump,HUNTER,HunterBidenSmokingCrackCoin,solana,0.000006285,,1024,65536,65536,8192,8192,8192,,,31,31,1775796857000,pumpswap,REPEAT
2026-04-10T10:51:57.476Z,6DUdwjXtqJKrNFQBQzsaPW7pP2EZg2hbQ92NBi9Ppump,HAHA,HAHA,solana,0.0002872,16384,131072,2097152,2097152,32768,262144,262144,69,59,653,488,1775797888000,pumpswap,REPEAT
2026-04-10T10:51:57.476Z,2ecWqqjWZ5hkYLHzCn9TEn2DtpVdNvMicLf3RzfLpump,Chicky,Official Chicky Coin,solana,0.0001064,128,4096,65536,131072,32768,131072,131072,1,1,33,50,1774972475000,pumpswap,REPEAT
2026-04-10T10:51:57.476Z,82MmG1uH2BWLyoU7VCFYMohP9CT63q5paiKHAAAn3zWx,ANIME,Anime Bitcoin,solana,0.0004647,2048,16384,65536,131072,65536,524288,524288,10,20,229,219,1743542810000,pumpswap,REPEAT
2026-04-10T10:51:57.476Z,GFVhghbzvoZUgdRgqL8HMrhK26tgP1ddBEVDpQFppump,Banana,Bananas,solana,0.000008875,128,8192,131072,131072,,8192,8192,,4,63,59,1775799626000,pumpfun,REPEAT
2026-04-10T10:51:57.476Z,3JQNRbZo9d3jteWg6FjxtUTNR1hLrLmriWGbaaZWpump,Garrison,The Alpha,solana,0.00004015,1024,32768,1048576,1048576,16384,32768,32768,36,19,705,594,1775797475000,pumpswap,REPEAT
2026-04-10T10:51:57.476Z,8BrKogqwr7Uad9Pwkxw91w31v2x5qf8yDL4x52Qhpump,NUERO,Nuero,solana,0.0001549,256,4096,16384,65536,32768,131072,131072,2,,17,38,1774894182000,pumpswap,REPEAT
2026-04-10T10:51:57.476Z,Ejdy5bNuwE1jfm3NufkghrLtpMM1KJKwUjfFhxTmpump,Genα,Generation Alpha ETF,solana,0.000002283,2,128,1048576,1048576,4096,2048,2048,,2,4,10,1775797991000,pumpswap,REPEAT
2026-04-10T10:51:57.476Z,wZ7zpuVqqWaMDe95AawZefWtWcb5cqDXzKSL8WJpump,HappyHorse,Happy Horse,solana,0.000002888,,512,2097152,2097152,4096,2048,2048,,,15,9,1775796210000,pumpswap,REPEAT
2026-04-10T10:51:57.476Z,9AsvxJ4vBcU9gR14mAitrdzSFABY93z3Fdr6bSQ3pump,STACK,The Chimney Dog,solana,0.000009120,512,2048,16384,65536,,8192,8192,,3,30,23,1775786445000,pumpfun,REPEAT
2026-04-10T10:51:57.476Z,99Z4AnrTHDhiGwYPyB4kE3Nap8oo8SqBPircah7Apump,SBTI,SBTI来了,solana,0.000003225,64,256,32768,131072,,4096,4096,,3,4,5,1775795593000,pumpfun,REPEAT
2026-04-10T10:56:57.476Z,9AEtb967xTMosjp9XFhvHLhscPNYgDWc15jFAZR8pump,RƎ́V,REVÉRSÉ SOCIETY,solana,0.0002411,64,1024,8192,32768,32768,262144,262144,2,1,14,31,1775691640000,pumpswap,REPEAT
2026-04-10T10:56:57.476Z,DBJmh4VjGHmE2SMsBRaBToRuhtgRz3R2okToQJ2pump,RUNNER,RUNNER,solana,0.000002280,32768,524288,524288,524288,4096,2048,2048,153,364,1324,1801,1775817082000,pumpswap,REPEAT
2026-04-10T10:56:57.476Z,98t9PEJF5QvAdGhu3MuQ2ww57NkRV1Rg7evSZNFxpump,$BABYTAN,BabyTan,solana,0.00001088,,512,8192,16384,,8192,8192,,,15,6,1775571529000,pumpfun,REPEAT
2026-04-10T10:56:57.476Z,5PGfjC8z3p3gh1Hdj329zL1PNX4Zv8Up7HTMfNhzpump,BBQ,バーベキュコイン,solana,0.00001712,16,512,2048,4096,8192,16384,16384,1,1,8,8,1774952325000,pumpswap,REPEAT
2026-04-10T10:56:57.476Z,EMoVDQ2aMyVq3GGRvawjtDHmwS3KgWF4BRuXGbqYaUBV,EMOji,EMOji,solana,0.0001510,65536,1048576,1048576,1048576,32768,131072,131072,285,212,3363,2806,1775812642000,pumpswap,REPEAT
2026-04-10T10:56:57.476Z,2PXZ2Q55YNttMiZ2e4owrAjoevFAwkKSqYy6D6cGpump,MATT,Matt Furry,solana,0.0003113,8192,131072,524288,524288,32768,262144,262144,7,4,385,237,1775809207000,pumpswap,REPEAT
2026-04-10T10:56:57.476Z,54oYnRG6DZ4joivbKRUiW1k7dn2MhnhjMNHd1NBDpump,DURR,DURR,solana,0.00002223,256,1024,8192,65536,,16384,16384,8,3,41,14,1775679289000,pumpfun,REPEAT
2026-04-10T10:56:57.476Z,FquUHKWfMUdSMxxSU9ZWrSc98hvTXeMnQn9nksSKpump,42069,42069,solana,0.00001535,256,2048,16384,16384,16384,16384,16384,3,3,15,22,1767602540000,pumpswap,REPEAT
2026-04-10T10:56:57.476Z,FquUHKWfMUdSMxxSU9ZWrSc98hvTXeMnQn9nksSKpump,42069,42069,solana,0.00001535,256,2048,16384,16384,16384,16384,16384,3,3,15,22,1767602540000,pumpswap,REPEAT
2026-04-10T10:56:57.476Z,9iNsBjDCSG1WJzQDj9QWnGop4eYDQX4hczjAyzqukH7v,DD7,DOUBLE D 7,solana,0.000002608,0,512,65536,65536,4096,2048,2048,,1,14,16,1775811711000,pumpswap,REPEAT
2026-04-10T10:56:57.476Z,C9wHT2Qh9gJbr16VwYXyhK6ow11VhKpqarTqXWzVpump,MaggieChan,マギーちゃん,solana,0.000002524,32,512,65536,65536,,2048,2048,,3,6,27,1775809545000,pumpfun,REPEAT
2026-04-10T10:56:57.476Z,5eXiGxEYTauPupHfaA2r7BDAcLpK6yL5eZ4LCMP9pump,Angol,앵알이,solana,0.000002432,,256,32768,32768,,2048,2048,,,,11,1775810044000,pumpfun,REPEAT
2026-04-10T10:56:57.476Z,E67wgnNewaoW1dHz3xPqCjWUY5ntAaGw2uz9Bd1vdoge,DENO,Deno Land,solana,0.00006106,,512,16384,32768,16384,65536,65536,,,8,1,1772482423000,meteora,REPEAT
2026-04-10T10:56:57.476Z,FdUmX7zQSZgPxt1D7rtbKQisP4a2MXyejAxEnVvepump,Stoic,Stoicism ,solana,0.0001513,2048,32768,262144,1048576,32768,131072,131072,32,32,680,507,1775773975000,pumpswap,REPEAT
2026-04-10T10:56:57.476Z,DLsGGp9se7uUzE1SKbWD4hur1c9bjXnK3ADUejXJpump,T26,PROJECT T26 COIN,solana,0.00002339,512,1024,8192,8192,16384,32768,32768,,10,1,15,1775801805000,pumpswap,REPEAT
2026-04-10T10:56:57.476Z,8ZHLjQy2SJTvJ65HG8GQP2zjKa2R5Gify2xXrfZzpump,Cease,Cease Fire,solana,0.000003277,,128,1024,1024,,4096,4096,,,,1,1775803114000,pumpfun,REPEAT
2026-04-10T10:56:57.476Z,BgSBbGpELTyuYXyU1C2v3jcAvJdCq1R6XEo1HaxYpump,BIZY,Bizy,solana,0.000002373,,4,2097152,2097152,4096,2048,2048,,,2,2,1775800328000,pumpswap,REPEAT
2026-04-10T10:56:57.476Z,2pDdYPaT2Ww2aVPoa1mw2P8gokctwk8b4ifkNfBApump,pisscoin,pisscoin,solana,0.00001855,,0,2048,8192,16384,16384,16384,,,,1,1774571155000,pumpswap,REPEAT
2026-04-10T10:56:57.476Z,GxJjdCrPzYnEBjnyoq5gsqed6TqKoAQJ3NtmajPpump,SBTI,SBTI,solana,0.001309,32768,524288,8388608,8388608,131072,1048576,1048576,158,192,3478,3525,1775800461000,pumpswap,REPEAT
2026-04-10T10:56:57.476Z,CmtYYjTBYxj5ExeyREFoM5gMNDo4GQ4sjrE7Vx9upump,HUNTER,HunterBidenSmokingCrackCoin,solana,0.000005997,128,1024,65536,65536,8192,4096,4096,1,2,21,32,1775796857000,pumpswap,REPEAT
2026-04-10T10:56:57.476Z,6DUdwjXtqJKrNFQBQzsaPW7pP2EZg2hbQ92NBi9Ppump,HAHA,HAHA,solana,0.0003968,8192,131072,2097152,2097152,65536,524288,524288,47,26,663,477,1775797888000,pumpswap,REPEAT
2026-04-10T10:56:57.476Z,2ecWqqjWZ5hkYLHzCn9TEn2DtpVdNvMicLf3RzfLpump,Chicky,Official Chicky Coin,solana,0.0001058,256,4096,65536,131072,32768,131072,131072,2,2,31,44,1774972475000,pumpswap,REPEAT
2026-04-10T10:56:57.476Z,82MmG1uH2BWLyoU7VCFYMohP9CT63q5paiKHAAAn3zWx,ANIME,Anime Bitcoin,solana,0.0004675,256,16384,65536,131072,65536,524288,524288,5,13,211,215,1743542810000,pumpswap,REPEAT
2026-04-10T10:56:57.476Z,GFVhghbzvoZUgdRgqL8HMrhK26tgP1ddBEVDpQFppump,Banana,Bananas,solana,0.000008754,32,4096,131072,131072,,8192,8192,,2,48,43,1775799626000,pumpfun,REPEAT
2026-04-10T10:56:57.476Z,3JQNRbZo9d3jteWg6FjxtUTNR1hLrLmriWGbaaZWpump,Garrison,The Alpha,solana,0.00003518,2048,32768,1048576,1048576,16384,32768,32768,55,25,637,554,1775797475000,pumpswap,REPEAT
2026-04-10T10:56:57.476Z,8BrKogqwr7Uad9Pwkxw91w31v2x5qf8yDL4x52Qhpump,NUERO,Nuero,solana,0.0001528,64,4096,16384,65536,32768,131072,131072,2,3,18,39,1774894182000,pumpswap,REPEAT
2026-04-10T10:56:57.476Z,Ejdy5bNuwE1jfm3NufkghrLtpMM1KJKwUjfFhxTmpump,Genα,Generation Alpha ETF,solana,0.000002283,,128,1048576,1048576,4096,2048,2048,,,4,9,1775797991000,pumpswap,REPEAT
2026-04-10T10:56:57.476Z,wZ7zpuVqqWaMDe95AawZefWtWcb5cqDXzKSL8WJpump,HappyHorse,Happy Horse,solana,0.000002852,8,512,2097152,2097152,4096,2048,2048,,2,15,10,1775796210000,pumpswap,REPEAT
2026-04-10T10:56:57.476Z,9AsvxJ4vBcU9gR14mAitrdzSFABY93z3Fdr6bSQ3pump,STACK,The Chimney Dog,solana,0.000009361,64,2048,16384,65536,,8192,8192,2,,21,17,1775786445000,pumpfun,REPEAT
2026-04-10T10:56:57.476Z,99Z4AnrTHDhiGwYPyB4kE3Nap8oo8SqBPircah7Apump,SBTI,SBTI来了,solana,0.000003225,,256,16384,131072,,4096,4096,,,4,5,1775795593000,pumpfun,REPEAT
2026-04-10T11:01:57.476Z,9AEtb967xTMosjp9XFhvHLhscPNYgDWc15jFAZR8pump,RƎ́V,REVÉRSÉ SOCIETY,solana,0.0002387,32,1024,8192,32768,32768,262144,262144,2,1,13,11,1775691640000,pumpswap,REPEAT
2026-04-10T11:01:57.476Z,DBJmh4VjGHmE2SMsBRaBToRuhtgRz3R2okToQJ2pump,RUNNER,RUNNER,solana,0.000003466,2048,524288,524288,524288,4096,4096,4096,89,82,1440,1990,1775817082000,pumpswap,REPEAT
2026-04-10T11:01:57.476Z,98t9PEJF5QvAdGhu3MuQ2ww57NkRV1Rg7evSZNFxpump,$BABYTAN,BabyTan,solana,0.00001088,,512,8192,16384,,8192,8192,,,12,4,1775571529000,pumpfun,REPEAT
2026-04-10T11:01:57.476Z,5PGfjC8z3p3gh1Hdj329zL1PNX4Zv8Up7HTMfNhzpump,BBQ,バーベキュコイン,solana,0.00001712,,512,2048,4096,8192,16384,16384,,,7,4,1774952325000,pumpswap,REPEAT
2026-04-10T11:01:57.476Z,EMoVDQ2aMyVq3GGRvawjtDHmwS3KgWF4BRuXGbqYaUBV,EMOji,EMOji,solana,0.0002061,65536,1048576,1048576,1048576,32768,262144,262144,251,221,3347,2777,1775812642000,pumpswap,REPEAT
2026-04-10T11:01:57.476Z,2PXZ2Q55YNttMiZ2e4owrAjoevFAwkKSqYy6D6cGpump,MATT,Matt Furry,solana,0.0003095,512,65536,524288,524288,32768,262144,262144,155,8,432,202,1775809207000,pumpswap,REPEAT
2026-04-10T11:01:57.476Z,54oYnRG6DZ4joivbKRUiW1k7dn2MhnhjMNHd1NBDpump,DURR,DURR,solana,0.00002481,512,2048,8192,65536,,32768,32768,10,3,48,17,1775679289000,pumpfun,REPEAT
2026-04-10T11:01:57.476Z,FquUHKWfMUdSMxxSU9ZWrSc98hvTXeMnQn9nksSKpump,42069,42069,solana,0.00001504,64,2048,16384,16384,16384,16384,16384,,1,13,22,1767602540000,pumpswap,REPEAT
2026-04-10T11:01:57.476Z,FquUHKWfMUdSMxxSU9ZWrSc98hvTXeMnQn9nksSKpump,42069,42069,solana,0.00001504,64,2048,16384,16384,16384,16384,16384,,1,13,22,1767602540000,pumpswap,REPEAT
2026-04-10T11:01:57.476Z,9iNsBjDCSG1WJzQDj9QWnGop4eYDQX4hczjAyzqukH7v,DD7,DOUBLE D 7,solana,0.000002530,64,512,65536,65536,4096,2048,2048,,2,6,17,1775811711000,pumpswap,REPEAT
2026-04-10T11:01:57.476Z,C9wHT2Qh9gJbr16VwYXyhK6ow11VhKpqarTqXWzVpump,MaggieChan,マギーちゃん,solana,0.000002522,1,512,65536,65536,,2048,2048,,1,6,28,1775809545000,pumpfun,REPEAT
2026-04-10T11:01:57.476Z,5eXiGxEYTauPupHfaA2r7BDAcLpK6yL5eZ4LCMP9pump,Angol,앵알이,solana,0.000002414,8,128,32768,32768,,2048,2048,,1,,9,1775810044000,pumpfun,REPEAT
2026-04-10T11:01:57.476Z,E67wgnNewaoW1dHz3xPqCjWUY5ntAaGw2uz9Bd1vdoge,DENO,Deno Land,solana,0.00006106,,512,16384,32768,16384,65536,65536,,,8,1,1772482423000,meteora,REPEAT
2026-04-10T11:01:57.476Z,FdUmX7zQSZgPxt1D7rtbKQisP4a2MXyejAxEnVvepump,Stoic,Stoicism ,solana,0.0001400,2048,32768,262144,1048576,32768,131072,131072,39,23,675,494,1775773975000,pumpswap,REPEAT
2026-04-10T11:01:57.476Z,DLsGGp9se7uUzE1SKbWD4hur1c9bjXnK3ADUejXJpump,T26,PROJECT T26 COIN,solana,0.00002339,,1024,8192,8192,16384,32768,32768,,,1,15,1775801805000,pumpswap,REPEAT
2026-04-10T11:01:57.476Z,8ZHLjQy2SJTvJ65HG8GQP2zjKa2R5Gify2xXrfZzpump,Cease,Cease Fire,solana,0.000003277,,128,1024,1024,,4096,4096,,,,1,1775803114000,pumpfun,REPEAT
2026-04-10T11:01:57.476Z,BgSBbGpELTyuYXyU1C2v3jcAvJdCq1R6XEo1HaxYpump,BIZY,Bizy,solana,0.000002373,,,2097152,2097152,4096,2048,2048,,,,,1775800328000,pumpswap,REPEAT
2026-04-10T11:01:57.476Z,2pDdYPaT2Ww2aVPoa1mw2P8gokctwk8b4ifkNfBApump,pisscoin,pisscoin,solana,0.00001855,,0,2048,8192,16384,16384,16384,,,,1,1774571155000,pumpswap,REPEAT
2026-04-10T11:01:57.476Z,GxJjdCrPzYnEBjnyoq5gsqed6TqKoAQJ3NtmajPpump,SBTI,SBTI,solana,0.001311,32768,524288,8388608,8388608,131072,1048576,1048576,162,192,3296,3490,1775800461000,pumpswap,REPEAT
2026-04-10T11:01:57.476Z,CmtYYjTBYxj5ExeyREFoM5gMNDo4GQ4sjrE7Vx9upump,HUNTER,HunterBidenSmokingCrackCoin,solana,0.000005974,0,1024,32768,65536,8192,4096,4096,,1,20,24,1775796857000,pumpswap,REPEAT
2026-04-10T11:01:57.476Z,6DUdwjXtqJKrNFQBQzsaPW7pP2EZg2hbQ92NBi9Ppump,HAHA,HAHA,solana,0.0003682,16384,131072,2097152,2097152,65536,262144,262144,57,54,674,492,1775797888000,pumpswap,REPEAT
2026-04-10T11:01:57.476Z,2ecWqqjWZ5hkYLHzCn9TEn2DtpVdNvMicLf3RzfLpump,Chicky,Official Chicky Coin,solana,0.0001079,512,4096,65536,131072,32768,131072,131072,6,9,34,42,1774972475000,pumpswap,REPEAT
2026-04-10T11:01:57.476Z,82MmG1uH2BWLyoU7VCFYMohP9CT63q5paiKHAAAn3zWx,ANIME,Anime Bitcoin,solana,0.0004571,1024,16384,65536,131072,65536,524288,524288,15,6,213,208,1743542810000,pumpswap,REPEAT
2026-04-10T11:01:57.476Z,GFVhghbzvoZUgdRgqL8HMrhK26tgP1ddBEVDpQFppump,Banana,Bananas,solana,0.000008754,,4096,131072,131072,,8192,8192,,,41,35,1775799626000,pumpfun,REPEAT
2026-04-10T11:01:57.476Z,3JQNRbZo9d3jteWg6FjxtUTNR1hLrLmriWGbaaZWpump,Garrison,The Alpha,solana,0.00004204,4096,32768,1048576,1048576,16384,32768,32768,64,30,544,478,1775797475000,pumpswap,REPEAT
2026-04-10T11:01:57.476Z,8BrKogqwr7Uad9Pwkxw91w31v2x5qf8yDL4x52Qhpump,NUERO,Nuero,solana,0.0001516,1024,4096,16384,65536,32768,131072,131072,18,2,35,32,1774894182000,pumpswap,REPEAT
2026-04-10T11:01:57.476Z,Ejdy5bNuwE1jfm3NufkghrLtpMM1KJKwUjfFhxTmpump,Genα,Generation Alpha ETF,solana,0.000002282,1,128,1048576,1048576,4096,2048,2048,,1,4,10,1775797991000,pumpswap,REPEAT
2026-04-10T11:01:57.476Z,wZ7zpuVqqWaMDe95AawZefWtWcb5cqDXzKSL8WJpump,HappyHorse,Happy Horse,solana,0.000002885,1,256,2097152,2097152,4096,2048,2048,1,,15,10,1775796210000,pumpswap,REPEAT
2026-04-10T11:01:57.476Z,9AsvxJ4vBcU9gR14mAitrdzSFABY93z3Fdr6bSQ3pump,STACK,The Chimney Dog,solana,0.000009454,32,1024,16384,65536,,8192,8192,2,,19,11,1775786445000,pumpfun,REPEAT
2026-04-10T11:01:57.476Z,99Z4AnrTHDhiGwYPyB4kE3Nap8oo8SqBPircah7Apump,SBTI,SBTI来了,solana,0.000003225,,256,16384,131072,,4096,4096,,,4,5,1775795593000,pumpfun,REPEAT
2026-04-10T11:06:57.477Z,6bo24bcyFELFKJJKSvNrWPHqWYxJi48PrwQ3R1fmpump,Wcoin,chasing that w ,solana,0.01096,65536,524288,2097152,2097152,65536,16777216,16777216,954,607,3511,2857,1775801529000,pumpswap,NEW
2026-04-10T11:06:57.477Z,4msaLXA5qc2XR8pc4jcgbYJCKrscFKmPs82v6Jrnpump,Yehun,늑대개,solana,0.00001268,4096,65536,65536,65536,,16384,16384,50,39,819,623,1775817837000,pumpfun,NEW
2026-04-10T11:06:57.477Z,9AEtb967xTMosjp9XFhvHLhscPNYgDWc15jFAZR8pump,RƎ́V,REVÉRSÉ SOCIETY,solana,0.0002392,32,1024,8192,32768,32768,262144,262144,1,1,14,12,1775691640000,pumpswap,REPEAT
2026-04-10T11:06:57.477Z,DBJmh4VjGHmE2SMsBRaBToRuhtgRz3R2okToQJ2pump,RUNNER,RUNNER,solana,0.000003151,512,524288,524288,524288,4096,4096,4096,67,63,1521,2067,1775817082000,pumpswap,REPEAT
2026-04-10T11:06:57.477Z,98t9PEJF5QvAdGhu3MuQ2ww57NkRV1Rg7evSZNFxpump,$BABYTAN,BabyTan,solana,0.00001093,16,512,8192,16384,,8192,8192,2,1,14,4,1775571529000,pumpfun,REPEAT
2026-04-10T11:06:57.477Z,5PGfjC8z3p3gh1Hdj329zL1PNX4Zv8Up7HTMfNhzpump,BBQ,バーベキュコイン,solana,0.00001712,,512,2048,4096,8192,16384,16384,,,7,4,1774952325000,pumpswap,REPEAT
2026-04-10T11:06:57.477Z,EMoVDQ2aMyVq3GGRvawjtDHmwS3KgWF4BRuXGbqYaUBV,EMOji,EMOji,solana,0.0001653,65536,1048576,2097152,2097152,32768,131072,131072,281,214,3326,2758,1775812642000,pumpswap,REPEAT
2026-04-10T11:06:57.477Z,2PXZ2Q55YNttMiZ2e4owrAjoevFAwkKSqYy6D6cGpump,MATT,Matt Furry,solana,0.0003204,16384,65536,524288,524288,32768,262144,262144,1732,2367,2572,2529,1775809207000,pumpswap,REPEAT
2026-04-10T11:06:57.477Z,54oYnRG6DZ4joivbKRUiW1k7dn2MhnhjMNHd1NBDpump,DURR,DURR,solana,0.00002629,1024,2048,8192,65536,,32768,32768,8,47,56,63,1775679289000,pumpfun,REPEAT
2026-04-10T11:06:57.477Z,FquUHKWfMUdSMxxSU9ZWrSc98hvTXeMnQn9nksSKpump,42069,42069,solana,0.00001489,16,1024,16384,16384,16384,16384,16384,,1,10,18,1767602540000,pumpswap,REPEAT
2026-04-10T11:06:57.477Z,FquUHKWfMUdSMxxSU9ZWrSc98hvTXeMnQn9nksSKpump,42069,42069,solana,0.00001489,16,1024,16384,16384,16384,16384,16384,,1,10,18,1767602540000,pumpswap,REPEAT
2026-04-10T11:06:57.477Z,9iNsBjDCSG1WJzQDj9QWnGop4eYDQX4hczjAyzqukH7v,DD7,DOUBLE D 7,solana,0.000002530,,512,65536,65536,4096,2048,2048,,,6,14,1775811711000,pumpswap,REPEAT
2026-04-10T11:06:57.477Z,C9wHT2Qh9gJbr16VwYXyhK6ow11VhKpqarTqXWzVpump,MaggieChan,マギーちゃん,solana,0.000002522,,256,65536,65536,,2048,2048,,,5,21,1775809545000,pumpfun,REPEAT
2026-04-10T11:06:57.477Z,5eXiGxEYTauPupHfaA2r7BDAcLpK6yL5eZ4LCMP9pump,Angol,앵알이,solana,0.000002411,2,128,32768,32768,,2048,2048,,1,,9,1775810044000,pumpfun,REPEAT
2026-04-10T11:06:57.477Z,E67wgnNewaoW1dHz3xPqCjWUY5ntAaGw2uz9Bd1vdoge,DENO,Deno Land,solana,0.00006106,,256,16384,32768,16384,65536,65536,,,7,,1772482423000,meteora,REPEAT
2026-04-10T11:06:57.477Z,FdUmX7zQSZgPxt1D7rtbKQisP4a2MXyejAxEnVvepump,Stoic,Stoicism ,solana,0.0001239,8192,32768,262144,1048576,32768,131072,131072,71,46,647,480,1775773975000,pumpswap,REPEAT
2026-04-10T11:06:57.477Z,DLsGGp9se7uUzE1SKbWD4hur1c9bjXnK3ADUejXJpump,T26,PROJECT T26 COIN,solana,0.00002339,,512,8192,8192,16384,32768,32768,,,1,12,1775801805000,pumpswap,REPEAT
2026-04-10T11:06:57.477Z,8ZHLjQy2SJTvJ65HG8GQP2zjKa2R5Gify2xXrfZzpump,Cease,Cease Fire,solana,0.000003277,,128,1024,1024,,4096,4096,,,,1,1775803114000,pumpfun,REPEAT
2026-04-10T11:06:57.477Z,BgSBbGpELTyuYXyU1C2v3jcAvJdCq1R6XEo1HaxYpump,BIZY,Bizy,solana,0.000002373,,,2097152,2097152,4096,2048,2048,,,,,1775800328000,pumpswap,REPEAT
2026-04-10T11:06:57.477Z,2pDdYPaT2Ww2aVPoa1mw2P8gokctwk8b4ifkNfBApump,pisscoin,pisscoin,solana,0.00001855,,0,2048,8192,16384,16384,16384,,,,1,1774571155000,pumpswap,REPEAT
2026-04-10T11:06:57.477Z,GxJjdCrPzYnEBjnyoq5gsqed6TqKoAQJ3NtmajPpump,SBTI,SBTI,solana,0.001516,32768,524288,8388608,8388608,131072,2097152,2097152,164,175,3134,3395,1775800461000,pumpswap,REPEAT
2026-04-10T11:06:57.477Z,CmtYYjTBYxj5ExeyREFoM5gMNDo4GQ4sjrE7Vx9upump,HUNTER,HunterBidenSmokingCrackCoin,solana,0.000005939,16,1024,32768,65536,8192,4096,4096,,3,15,27,1775796857000,pumpswap,REPEAT
2026-04-10T11:06:57.477Z,6DUdwjXtqJKrNFQBQzsaPW7pP2EZg2hbQ92NBi9Ppump,HAHA,HAHA,solana,0.0003289,16384,131072,2097152,2097152,65536,262144,262144,67,61,710,538,1775797888000,pumpswap,REPEAT
2026-04-10T11:06:57.477Z,2ecWqqjWZ5hkYLHzCn9TEn2DtpVdNvMicLf3RzfLpump,Chicky,Official Chicky Coin,solana,0.0001113,128,4096,65536,131072,32768,131072,131072,3,,31,38,1774972475000,pumpswap,REPEAT
2026-04-10T11:06:57.477Z,82MmG1uH2BWLyoU7VCFYMohP9CT63q5paiKHAAAn3zWx,ANIME,Anime Bitcoin,solana,0.0004632,512,16384,65536,131072,65536,524288,524288,15,13,218,211,1743542810000,pumpswap,REPEAT
2026-04-10T11:06:57.477Z,GFVhghbzvoZUgdRgqL8HMrhK26tgP1ddBEVDpQFppump,Banana,Bananas,solana,0.000007882,512,4096,131072,131072,,8192,8192,4,1,41,36,1775799626000,pumpfun,REPEAT
2026-04-10T11:06:57.477Z,3JQNRbZo9d3jteWg6FjxtUTNR1hLrLmriWGbaaZWpump,Garrison,The Alpha,solana,0.00005112,4096,32768,1048576,1048576,16384,65536,65536,53,52,539,460,1775797475000,pumpswap,REPEAT
2026-04-10T11:06:57.477Z,8BrKogqwr7Uad9Pwkxw91w31v2x5qf8yDL4x52Qhpump,NUERO,Nuero,solana,0.0001522,256,4096,16384,65536,32768,131072,131072,2,2,32,21,1774894182000,pumpswap,REPEAT
2026-04-10T11:06:57.477Z,Ejdy5bNuwE1jfm3NufkghrLtpMM1KJKwUjfFhxTmpump,Genα,Generation Alpha ETF,solana,0.000002282,,64,1048576,1048576,4096,2048,2048,,,4,8,1775797991000,pumpswap,REPEAT
2026-04-10T11:06:57.477Z,wZ7zpuVqqWaMDe95AawZefWtWcb5cqDXzKSL8WJpump,HappyHorse,Happy Horse,solana,0.000002851,0,256,2097152,2097152,4096,2048,2048,,1,14,10,1775796210000,pumpswap,REPEAT
2026-04-10T11:11:57.478Z,2FA7coJHybL6b7xexyGc8BBV1kKdo5k4B2vQSdtupump,TRUMPY,TRUMPY,solana,0.0001676,32768,524288,1048576,1048576,32768,131072,131072,157,139,2635,2295,1775814673000,pumpswap,NEW
2026-04-10T11:11:57.478Z,2PXZ2Q55YNttMiZ2e4owrAjoevFAwkKSqYy6D6cGpump,MATT,Matt Furry,solana,0.0003147,8192,65536,524288,524288,32768,262144,262144,310,279,2953,2780,1775809207000,pumpswap,REPEAT
2026-04-10T11:11:57.478Z,2PXZ2Q55YNttMiZ2e4owrAjoevFAwkKSqYy6D6cGpump,MATT,Matt Furry,solana,0.0003147,8192,65536,524288,524288,32768,262144,262144,310,279,2953,2780,1775809207000,pumpswap,REPEAT
2026-04-10T11:11:57.478Z,6bo24bcyFELFKJJKSvNrWPHqWYxJi48PrwQ3R1fmpump,Wcoin,chasing that w ,solana,0.01095,65536,524288,2097152,2097152,65536,16777216,16777216,949,566,4428,3359,1775801529000,pumpswap,REPEAT
2026-04-10T11:11:57.478Z,4msaLXA5qc2XR8pc4jcgbYJCKrscFKmPs82v6Jrnpump,Yehun,늑대개,solana,0.00001488,2048,65536,65536,65536,,16384,16384,28,31,845,653,1775817837000,pumpfun,REPEAT
2026-04-10T11:11:57.478Z,9AEtb967xTMosjp9XFhvHLhscPNYgDWc15jFAZR8pump,RƎ́V,REVÉRSÉ SOCIETY,solana,0.0002443,64,1024,8192,32768,32768,262144,262144,4,,16,11,1775691640000,pumpswap,REPEAT
2026-04-10T11:11:57.478Z,DBJmh4VjGHmE2SMsBRaBToRuhtgRz3R2okToQJ2pump,RUNNER,RUNNER,solana,0.000002528,512,524288,524288,524288,4096,2048,2048,68,54,1599,2130,1775817082000,pumpswap,REPEAT
2026-04-10T11:11:57.478Z,98t9PEJF5QvAdGhu3MuQ2ww57NkRV1Rg7evSZNFxpump,$BABYTAN,BabyTan,solana,0.00001170,256,512,8192,16384,,16384,16384,3,2,16,5,1775571529000,pumpfun,REPEAT
2026-04-10T11:11:57.478Z,5PGfjC8z3p3gh1Hdj329zL1PNX4Zv8Up7HTMfNhzpump,BBQ,バーベキュコイン,solana,0.00001726,16,512,2048,4096,8192,16384,16384,2,,9,4,1774952325000,pumpswap,REPEAT
2026-04-10T11:11:57.478Z,EMoVDQ2aMyVq3GGRvawjtDHmwS3KgWF4BRuXGbqYaUBV,EMOji,EMOji,solana,0.00008283,65536,1048576,2097152,2097152,32768,65536,65536,224,193,3331,2762,1775812642000,pumpswap,REPEAT
2026-04-10T11:11:57.478Z,2PXZ2Q55YNttMiZ2e4owrAjoevFAwkKSqYy6D6cGpump,MATT,Matt Furry,solana,0.0003147,8192,65536,524288,524288,32768,262144,262144,310,279,2953,2780,1775809207000,pumpswap,REPEAT
2026-04-10T11:11:57.478Z,54oYnRG6DZ4joivbKRUiW1k7dn2MhnhjMNHd1NBDpump,DURR,DURR,solana,0.00002856,1024,4096,8192,65536,,32768,32768,12,19,64,80,1775679289000,pumpfun,REPEAT
2026-04-10T11:11:57.478Z,FquUHKWfMUdSMxxSU9ZWrSc98hvTXeMnQn9nksSKpump,42069,42069,solana,0.00001472,64,1024,16384,16384,16384,16384,16384,4,1,14,19,1767602540000,pumpswap,REPEAT
2026-04-10T11:11:57.478Z,FquUHKWfMUdSMxxSU9ZWrSc98hvTXeMnQn9nksSKpump,42069,42069,solana,0.00001472,64,1024,16384,16384,16384,16384,16384,4,1,14,19,1767602540000,pumpswap,REPEAT
2026-04-10T11:11:57.478Z,9iNsBjDCSG1WJzQDj9QWnGop4eYDQX4hczjAyzqukH7v,DD7,DOUBLE D 7,solana,0.000002374,64,512,65536,65536,4096,2048,2048,,2,5,16,1775811711000,pumpswap,REPEAT
2026-04-10T11:11:57.478Z,C9wHT2Qh9gJbr16VwYXyhK6ow11VhKpqarTqXWzVpump,MaggieChan,マギーちゃん,solana,0.000002532,0,256,65536,65536,,2048,2048,,1,4,18,1775809545000,pumpfun,REPEAT
2026-04-10T11:11:57.478Z,5eXiGxEYTauPupHfaA2r7BDAcLpK6yL5eZ4LCMP9pump,Angol,앵알이,solana,0.000002411,,16,32768,32768,,2048,2048,,,,5,1775810044000,pumpfun,REPEAT
2026-04-10T11:11:57.478Z,E67wgnNewaoW1dHz3xPqCjWUY5ntAaGw2uz9Bd1vdoge,DENO,Deno Land,solana,0.00006106,,256,16384,32768,16384,65536,65536,,,7,,1772482423000,meteora,REPEAT
2026-04-10T11:11:57.478Z,FdUmX7zQSZgPxt1D7rtbKQisP4a2MXyejAxEnVvepump,Stoic,Stoicism ,solana,0.0001152,4096,65536,262144,1048576,32768,131072,131072,54,28,644,469,1775773975000,pumpswap,REPEAT
2026-04-10T11:11:57.478Z,DLsGGp9se7uUzE1SKbWD4hur1c9bjXnK3ADUejXJpump,T26,PROJECT T26 COIN,solana,0.00002339,,512,8192,8192,16384,32768,32768,,,1,11,1775801805000,pumpswap,REPEAT
2026-04-10T11:11:57.478Z,8ZHLjQy2SJTvJ65HG8GQP2zjKa2R5Gify2xXrfZzpump,Cease,Cease Fire,solana,0.000003277,,128,1024,1024,,4096,4096,,,,1,1775803114000,pumpfun,REPEAT
2026-04-10T11:11:57.478Z,BgSBbGpELTyuYXyU1C2v3jcAvJdCq1R6XEo1HaxYpump,BIZY,Bizy,solana,0.000002373,,,2097152,2097152,4096,2048,2048,,,,,1775800328000,pumpswap,REPEAT
2026-04-10T11:11:57.478Z,2pDdYPaT2Ww2aVPoa1mw2P8gokctwk8b4ifkNfBApump,pisscoin,pisscoin,solana,0.00001855,,0,2048,8192,16384,16384,16384,,,,1,1774571155000,pumpswap,REPEAT
2026-04-10T11:11:57.478Z,GxJjdCrPzYnEBjnyoq5gsqed6TqKoAQJ3NtmajPpump,SBTI,SBTI,solana,0.001424,32768,524288,8388608,8388608,131072,1048576,1048576,208,226,3063,3382,1775800461000,pumpswap,REPEAT
2026-04-10T11:11:57.478Z,CmtYYjTBYxj5ExeyREFoM5gMNDo4GQ4sjrE7Vx9upump,HUNTER,HunterBidenSmokingCrackCoin,solana,0.000005693,64,1024,32768,65536,8192,4096,4096,1,1,14,23,1775796857000,pumpswap,REPEAT
2026-04-10T11:11:57.478Z,6DUdwjXtqJKrNFQBQzsaPW7pP2EZg2hbQ92NBi9Ppump,HAHA,HAHA,solana,0.0003551,8192,131072,2097152,2097152,65536,262144,262144,50,27,697,516,1775797888000,pumpswap,REPEAT
2026-04-10T11:11:57.478Z,2ecWqqjWZ5hkYLHzCn9TEn2DtpVdNvMicLf3RzfLpump,Chicky,Official Chicky Coin,solana,0.0001092,512,4096,65536,131072,32768,131072,131072,2,4,33,37,1774972475000,pumpswap,REPEAT
2026-04-10T11:11:57.478Z,82MmG1uH2BWLyoU7VCFYMohP9CT63q5paiKHAAAn3zWx,ANIME,Anime Bitcoin,solana,0.0004713,1024,16384,65536,131072,65536,524288,524288,2,19,162,213,1743542810000,pumpswap,REPEAT
2026-04-10T11:11:57.478Z,GFVhghbzvoZUgdRgqL8HMrhK26tgP1ddBEVDpQFppump,Banana,Bananas,solana,0.000007884,8,4096,131072,131072,,8192,8192,2,2,39,37,1775799626000,pumpfun,REPEAT
2026-04-10T11:11:57.478Z,3JQNRbZo9d3jteWg6FjxtUTNR1hLrLmriWGbaaZWpump,Garrison,The Alpha,solana,0.00005834,8192,32768,1048576,1048576,16384,65536,65536,53,64,551,477,1775797475000,pumpswap,REPEAT
2026-04-10T11:16:57.480Z,GD6MvqNaC3e9rPSSqVkR5G5Mb22GkdbZEUG5U7nJpump,meanpippin,mean pippin,solana,0.00004736,,128,512,2048,16384,65536,65536,,,4,,1772105698000,pumpswap,NEW
2026-04-10T11:16:57.480Z,2FA7coJHybL6b7xexyGc8BBV1kKdo5k4B2vQSdtupump,TRUMPY,TRUMPY,solana,0.0001463,32768,524288,1048576,1048576,32768,131072,131072,153,132,2543,2186,1775814673000,pumpswap,REPEAT
2026-04-10T11:16:57.480Z,2PXZ2Q55YNttMiZ2e4owrAjoevFAwkKSqYy6D6cGpump,MATT,Matt Furry,solana,0.0002935,16384,65536,524288,524288,32768,262144,262144,43,32,2970,2793,1775809207000,pumpswap,REPEAT
2026-04-10T11:16:57.480Z,2PXZ2Q55YNttMiZ2e4owrAjoevFAwkKSqYy6D6cGpump,MATT,Matt Furry,solana,0.0002935,16384,65536,524288,524288,32768,262144,262144,43,32,2970,2793,1775809207000,pumpswap,REPEAT
2026-04-10T11:16:57.480Z,6bo24bcyFELFKJJKSvNrWPHqWYxJi48PrwQ3R1fmpump,Wcoin,chasing that w ,solana,0.01199,65536,524288,2097152,2097152,65536,33554432,33554432,939,565,5373,3897,1775801529000,pumpswap,REPEAT
2026-04-10T11:16:57.480Z,4msaLXA5qc2XR8pc4jcgbYJCKrscFKmPs82v6Jrnpump,Yehun,늑대개,solana,0.00001091,4096,65536,65536,65536,,8192,8192,48,41,893,694,1775817837000,pumpfun,REPEAT
2026-04-10T11:16:57.480Z,9AEtb967xTMosjp9XFhvHLhscPNYgDWc15jFAZR8pump,RƎ́V,REVÉRSÉ SOCIETY,solana,0.0002428,64,1024,8192,32768,32768,262144,262144,1,3,17,13,1775691640000,pumpswap,REPEAT
2026-04-10T11:16:57.480Z,DBJmh4VjGHmE2SMsBRaBToRuhtgRz3R2okToQJ2pump,RUNNER,RUNNER,solana,0.000002698,128,524288,524288,524288,4096,2048,2048,70,52,1672,2184,1775817082000,pumpswap,REPEAT
2026-04-10T11:16:57.480Z,98t9PEJF5QvAdGhu3MuQ2ww57NkRV1Rg7evSZNFxpump,$BABYTAN,BabyTan,solana,0.00001189,64,512,8192,16384,,16384,16384,1,1,17,6,1775571529000,pumpfun,REPEAT
2026-04-10T11:16:57.480Z,5PGfjC8z3p3gh1Hdj329zL1PNX4Zv8Up7HTMfNhzpump,BBQ,バーベキュコイン,solana,0.00001705,,512,2048,4096,8192,16384,16384,,,9,5,1774952325000,pumpswap,REPEAT
2026-04-10T11:16:57.480Z,EMoVDQ2aMyVq3GGRvawjtDHmwS3KgWF4BRuXGbqYaUBV,EMOji,EMOji,solana,0.000003298,32768,1048576,2097152,2097152,4096,4096,4096,175,490,3240,3032,1775812642000,pumpswap,REPEAT
2026-04-10T11:16:57.480Z,2PXZ2Q55YNttMiZ2e4owrAjoevFAwkKSqYy6D6cGpump,MATT,Matt Furry,solana,0.0002935,16384,65536,524288,524288,32768,262144,262144,43,32,2970,2793,1775809207000,pumpswap,REPEAT
2026-04-10T11:16:57.480Z,54oYnRG6DZ4joivbKRUiW1k7dn2MhnhjMNHd1NBDpump,DURR,DURR,solana,0.00002646,512,4096,8192,65536,,32768,32768,5,31,66,109,1775679289000,pumpfun,REPEAT
2026-04-10T11:16:57.480Z,FquUHKWfMUdSMxxSU9ZWrSc98hvTXeMnQn9nksSKpump,42069,42069,solana,0.00001472,,1024,16384,16384,16384,16384,16384,,,14,18,1767602540000,pumpswap,REPEAT
2026-04-10T11:16:57.480Z,FquUHKWfMUdSMxxSU9ZWrSc98hvTXeMnQn9nksSKpump,42069,42069,solana,0.00001472,,1024,16384,16384,16384,16384,16384,,,14,18,1767602540000,pumpswap,REPEAT
2026-04-10T11:16:57.480Z,9iNsBjDCSG1WJzQDj9QWnGop4eYDQX4hczjAyzqukH7v,DD7,DOUBLE D 7,solana,0.000002374,,512,65536,65536,4096,2048,2048,,,3,12,1775811711000,pumpswap,REPEAT
2026-04-10T11:16:57.480Z,C9wHT2Qh9gJbr16VwYXyhK6ow11VhKpqarTqXWzVpump,MaggieChan,マギーちゃん,solana,0.000002532,,256,65536,65536,,2048,2048,,,3,16,1775809545000,pumpfun,REPEAT
2026-04-10T11:16:57.480Z,5eXiGxEYTauPupHfaA2r7BDAcLpK6yL5eZ4LCMP9pump,Angol,앵알이,solana,0.000002412,64,64,32768,32768,,2048,2048,1,2,1,6,1775810044000,pumpfun,REPEAT
2026-04-10T11:16:57.480Z,E67wgnNewaoW1dHz3xPqCjWUY5ntAaGw2uz9Bd1vdoge,DENO,Deno Land,solana,0.00006144,,256,16384,32768,16384,65536,65536,,,5,,1772482423000,meteora,REPEAT
2026-04-10T11:16:57.480Z,FdUmX7zQSZgPxt1D7rtbKQisP4a2MXyejAxEnVvepump,Stoic,Stoicism ,solana,0.0001351,4096,65536,262144,1048576,32768,131072,131072,37,30,631,474,1775773975000,pumpswap,REPEAT
2026-04-10T11:16:57.480Z,DLsGGp9se7uUzE1SKbWD4hur1c9bjXnK3ADUejXJpump,T26,PROJECT T26 COIN,solana,0.00002294,64,512,8192,8192,16384,16384,16384,2,3,3,14,1775801805000,pumpswap,REPEAT
2026-04-10T11:16:57.480Z,8ZHLjQy2SJTvJ65HG8GQP2zjKa2R5Gify2xXrfZzpump,Cease,Cease Fire,solana,0.000003277,,128,1024,1024,,4096,4096,,,,1,1775803114000,pumpfun,REPEAT
2026-04-10T11:16:57.480Z,BgSBbGpELTyuYXyU1C2v3jcAvJdCq1R6XEo1HaxYpump,BIZY,Bizy,solana,0.000002373,,,2097152,2097152,4096,2048,2048,,,,,1775800328000,pumpswap,REPEAT
2026-04-10T11:16:57.480Z,2pDdYPaT2Ww2aVPoa1mw2P8gokctwk8b4ifkNfBApump,pisscoin,pisscoin,solana,0.00001855,,0,2048,8192,16384,16384,16384,,,,1,1774571155000,pumpswap,REPEAT
2026-04-10T11:16:57.480Z,GxJjdCrPzYnEBjnyoq5gsqed6TqKoAQJ3NtmajPpump,SBTI,SBTI,solana,0.001365,32768,524288,8388608,8388608,131072,1048576,1048576,165,185,2820,3248,1775800461000,pumpswap,REPEAT
2026-04-10T11:16:57.480Z,CmtYYjTBYxj5ExeyREFoM5gMNDo4GQ4sjrE7Vx9upump,HUNTER,HunterBidenSmokingCrackCoin,solana,0.000005693,,1024,32768,65536,8192,4096,4096,,,14,22,1775796857000,pumpswap,REPEAT
2026-04-10T11:16:57.480Z,6DUdwjXtqJKrNFQBQzsaPW7pP2EZg2hbQ92NBi9Ppump,HAHA,HAHA,solana,0.0003282,16384,131072,2097152,2097152,65536,262144,262144,82,62,732,542,1775797888000,pumpswap,REPEAT
2026-04-10T11:16:57.480Z,2ecWqqjWZ5hkYLHzCn9TEn2DtpVdNvMicLf3RzfLpump,Chicky,Official Chicky Coin,solana,0.0001067,512,4096,65536,131072,32768,131072,131072,6,2,39,36,1774972475000,pumpswap,REPEAT
2026-04-10T11:16:57.480Z,82MmG1uH2BWLyoU7VCFYMohP9CT63q5paiKHAAAn3zWx,ANIME,Anime Bitcoin,solana,0.0004992,2048,16384,65536,131072,65536,524288,524288,11,35,151,226,1743542810000,pumpswap,REPEAT
2026-04-10T11:16:57.480Z,GFVhghbzvoZUgdRgqL8HMrhK26tgP1ddBEVDpQFppump,Banana,Bananas,solana,0.000008853,256,4096,131072,131072,,8192,8192,4,3,42,35,1775799626000,pumpfun,REPEAT
2026-04-10T11:21:57.479Z,GD6MvqNaC3e9rPSSqVkR5G5Mb22GkdbZEUG5U7nJpump,meanpippin,mean pippin,solana,0.00004799,16,256,512,2048,16384,65536,65536,1,1,6,1,1772105698000,pumpswap,REPEAT
2026-04-10T11:21:57.479Z,2FA7coJHybL6b7xexyGc8BBV1kKdo5k4B2vQSdtupump,TRUMPY,TRUMPY,solana,0.0001359,65536,524288,1048576,1048576,32768,131072,131072,186,155,2517,2155,1775814673000,pumpswap,REPEAT
2026-04-10T11:21:57.479Z,2PXZ2Q55YNttMiZ2e4owrAjoevFAwkKSqYy6D6cGpump,MATT,Matt Furry,solana,0.0002953,4096,65536,524288,524288,32768,262144,262144,28,20,2969,2796,1775809207000,pumpswap,REPEAT
2026-04-10T11:21:57.479Z,2PXZ2Q55YNttMiZ2e4owrAjoevFAwkKSqYy6D6cGpump,MATT,Matt Furry,solana,0.0002953,4096,65536,524288,524288,32768,262144,262144,28,20,2969,2796,1775809207000,pumpswap,REPEAT
2026-04-10T11:21:57.479Z,6bo24bcyFELFKJJKSvNrWPHqWYxJi48PrwQ3R1fmpump,Wcoin,chasing that w ,solana,0.01152,65536,524288,2097152,2097152,65536,16777216,16777216,1025,703,6354,4503,1775801529000,pumpswap,REPEAT
2026-04-10T11:21:57.479Z,4msaLXA5qc2XR8pc4jcgbYJCKrscFKmPs82v6Jrnpump,Yehun,늑대개,solana,0.00001033,2048,65536,65536,65536,,8192,8192,32,38,925,732,1775817837000,pumpfun,REPEAT
2026-04-10T11:21:57.479Z,9AEtb967xTMosjp9XFhvHLhscPNYgDWc15jFAZR8pump,RƎ́V,REVÉRSÉ SOCIETY,solana,0.0002428,,1024,8192,32768,32768,262144,262144,,,17,13,1775691640000,pumpswap,REPEAT
2026-04-10T11:21:57.479Z,DBJmh4VjGHmE2SMsBRaBToRuhtgRz3R2okToQJ2pump,RUNNER,RUNNER,solana,0.000002700,256,524288,524288,524288,4096,2048,2048,73,51,1750,2239,1775817082000,pumpswap,REPEAT
2026-04-10T11:21:57.479Z,98t9PEJF5QvAdGhu3MuQ2ww57NkRV1Rg7evSZNFxpump,$BABYTAN,BabyTan,solana,0.00001087,256,1024,8192,16384,,8192,8192,,3,12,9,1775571529000,pumpfun,REPEAT
2026-04-10T11:21:57.479Z,5PGfjC8z3p3gh1Hdj329zL1PNX4Zv8Up7HTMfNhzpump,BBQ,バーベキュコイン,solana,0.00001705,,512,2048,4096,8192,16384,16384,,,9,5,1774952325000,pumpswap,REPEAT
2026-04-10T11:21:57.479Z,EMoVDQ2aMyVq3GGRvawjtDHmwS3KgWF4BRuXGbqYaUBV,EMOji,EMOji,solana,0.000003617,256,1048576,2097152,2097152,4096,4096,4096,26,24,3002,2863,1775812642000,pumpswap,REPEAT
2026-04-10T11:21:57.479Z,2PXZ2Q55YNttMiZ2e4owrAjoevFAwkKSqYy6D6cGpump,MATT,Matt Furry,solana,0.0002953,4096,65536,524288,524288,32768,262144,262144,28,20,2969,2796,1775809207000,pumpswap,REPEAT
2026-04-10T11:21:57.479Z,54oYnRG6DZ4joivbKRUiW1k7dn2MhnhjMNHd1NBDpump,DURR,DURR,solana,0.00002813,1024,4096,8192,65536,,32768,32768,12,15,74,123,1775679289000,pumpfun,REPEAT
2026-04-10T11:21:57.479Z,FquUHKWfMUdSMxxSU9ZWrSc98hvTXeMnQn9nksSKpump,42069,42069,solana,0.00001455,0,1024,16384,16384,16384,16384,16384,,1,13,19,1767602540000,pumpswap,REPEAT
2026-04-10T11:21:57.479Z,FquUHKWfMUdSMxxSU9ZWrSc98hvTXeMnQn9nksSKpump,42069,42069,solana,0.00001455,0,1024,16384,16384,16384,16384,16384,,1,13,19,1767602540000,pumpswap,REPEAT
2026-04-10T11:21:57.479Z,9iNsBjDCSG1WJzQDj9QWnGop4eYDQX4hczjAyzqukH7v,DD7,DOUBLE D 7,solana,0.000002336,2,512,65536,65536,4096,2048,2048,,1,2,13,1775811711000,pumpswap,REPEAT
2026-04-10T11:21:57.479Z,C9wHT2Qh9gJbr16VwYXyhK6ow11VhKpqarTqXWzVpump,MaggieChan,マギーちゃん,solana,0.000002532,,128,65536,65536,,2048,2048,,,3,13,1775809545000,pumpfun,REPEAT
2026-04-10T11:21:57.479Z,5eXiGxEYTauPupHfaA2r7BDAcLpK6yL5eZ4LCMP9pump,Angol,앵알이,solana,0.000002412,,64,32768,32768,,2048,2048,,,1,6,1775810044000,pumpfun,REPEAT
2026-04-10T11:21:57.479Z,E67wgnNewaoW1dHz3xPqCjWUY5ntAaGw2uz9Bd1vdoge,DENO,Deno Land,solana,0.00006434,256,512,16384,32768,16384,65536,65536,2,,5,,1772482423000,meteora,REPEAT
2026-04-10T11:21:57.479Z,FdUmX7zQSZgPxt1D7rtbKQisP4a2MXyejAxEnVvepump,Stoic,Stoicism ,solana,0.0001308,4096,65536,262144,1048576,32768,131072,131072,42,26,600,430,1775773975000,pumpswap,REPEAT
2026-04-10T11:21:57.479Z,DLsGGp9se7uUzE1SKbWD4hur1c9bjXnK3ADUejXJpump,T26,PROJECT T26 COIN,solana,0.00002283,8,512,8192,8192,16384,16384,16384,,1,3,15,1775801805000,pumpswap,REPEAT
2026-04-10T11:21:57.479Z,8ZHLjQy2SJTvJ65HG8GQP2zjKa2R5Gify2xXrfZzpump,Cease,Cease Fire,solana,0.000003277,,128,1024,1024,,4096,4096,,,,1,1775803114000,pumpfun,REPEAT
2026-04-10T11:21:57.479Z,BgSBbGpELTyuYXyU1C2v3jcAvJdCq1R6XEo1HaxYpump,BIZY,Bizy,solana,0.000002373,,,2097152,2097152,4096,2048,2048,,,,,1775800328000,pumpswap,REPEAT
2026-04-10T11:21:57.479Z,2pDdYPaT2Ww2aVPoa1mw2P8gokctwk8b4ifkNfBApump,pisscoin,pisscoin,solana,0.00001891,16,16,2048,8192,16384,16384,16384,1,,1,1,1774571155000,pumpswap,REPEAT
2026-04-10T11:21:57.479Z,GxJjdCrPzYnEBjnyoq5gsqed6TqKoAQJ3NtmajPpump,SBTI,SBTI,solana,0.001364,32768,524288,8388608,8388608,131072,1048576,1048576,168,212,2650,3093,1775800461000,pumpswap,REPEAT
2026-04-10T11:21:57.479Z,CmtYYjTBYxj5ExeyREFoM5gMNDo4GQ4sjrE7Vx9upump,HUNTER,HunterBidenSmokingCrackCoin,solana,0.000005652,128,1024,32768,65536,4096,4096,4096,4,3,18,25,1775796857000,pumpswap,REPEAT
2026-04-10T11:21:57.479Z,6DUdwjXtqJKrNFQBQzsaPW7pP2EZg2hbQ92NBi9Ppump,HAHA,HAHA,solana,0.0004195,8192,131072,2097152,2097152,65536,524288,524288,47,28,729,527,1775797888000,pumpswap,REPEAT
2026-04-10T11:21:57.479Z,2ecWqqjWZ5hkYLHzCn9TEn2DtpVdNvMicLf3RzfLpump,Chicky,Official Chicky Coin,solana,0.0001070,64,4096,65536,131072,32768,131072,131072,1,3,35,37,1774972475000,pumpswap,REPEAT
2026-04-10T11:21:57.479Z,82MmG1uH2BWLyoU7VCFYMohP9CT63q5paiKHAAAn3zWx,ANIME,Anime Bitcoin,solana,0.0004932,512,16384,65536,131072,65536,524288,524288,15,13,148,222,1743542810000,pumpswap,REPEAT
2026-04-10T11:21:57.479Z,GFVhghbzvoZUgdRgqL8HMrhK26tgP1ddBEVDpQFppump,Banana,Bananas,solana,0.000008399,256,2048,131072,131072,,8192,8192,1,2,37,32,1775799626000,pumpfun,REPEAT
2026-04-10T11:26:57.481Z,GD6MvqNaC3e9rPSSqVkR5G5Mb22GkdbZEUG5U7nJpump,meanpippin,mean pippin,solana,0.00004970,128,512,512,2048,16384,65536,65536,5,1,11,2,1772105698000,pumpswap,REPEAT
2026-04-10T11:26:57.481Z,2FA7coJHybL6b7xexyGc8BBV1kKdo5k4B2vQSdtupump,TRUMPY,TRUMPY,solana,0.00008892,65536,524288,1048576,1048576,32768,65536,65536,180,184,2471,2136,1775814673000,pumpswap,REPEAT
2026-04-10T11:26:57.481Z,2PXZ2Q55YNttMiZ2e4owrAjoevFAwkKSqYy6D6cGpump,MATT,Matt Furry,solana,0.0003126,8192,131072,524288,524288,32768,262144,262144,34,22,2968,2795,1775809207000,pumpswap,REPEAT
2026-04-10T11:26:57.481Z,2PXZ2Q55YNttMiZ2e4owrAjoevFAwkKSqYy6D6cGpump,MATT,Matt Furry,solana,0.0003126,8192,131072,524288,524288,32768,262144,262144,34,22,2968,2795,1775809207000,pumpswap,REPEAT
2026-04-10T11:26:57.481Z,6bo24bcyFELFKJJKSvNrWPHqWYxJi48PrwQ3R1fmpump,Wcoin,chasing that w ,solana,0.01260,65536,524288,2097152,2097152,65536,33554432,33554432,1028,699,7314,5089,1775801529000,pumpswap,REPEAT
2026-04-10T11:26:57.481Z,4msaLXA5qc2XR8pc4jcgbYJCKrscFKmPs82v6Jrnpump,Yehun,늑대개,solana,0.000003407,4096,65536,65536,65536,,4096,4096,42,88,968,821,1775817837000,pumpfun,REPEAT
2026-04-10T11:26:57.481Z,9AEtb967xTMosjp9XFhvHLhscPNYgDWc15jFAZR8pump,RƎ́V,REVÉRSÉ SOCIETY,solana,0.0002421,256,1024,8192,32768,32768,262144,262144,1,3,17,14,1775691640000,pumpswap,REPEAT
2026-04-10T11:26:57.481Z,DBJmh4VjGHmE2SMsBRaBToRuhtgRz3R2okToQJ2pump,RUNNER,RUNNER,solana,0.000002805,64,524288,524288,524288,4096,2048,2048,64,45,1824,2293,1775817082000,pumpswap,REPEAT
2026-04-10T11:26:57.481Z,98t9PEJF5QvAdGhu3MuQ2ww57NkRV1Rg7evSZNFxpump,$BABYTAN,BabyTan,solana,0.00001087,,512,8192,16384,,8192,8192,,,12,8,1775571529000,pumpfun,REPEAT
2026-04-10T11:26:57.481Z,5PGfjC8z3p3gh1Hdj329zL1PNX4Zv8Up7HTMfNhzpump,BBQ,バーベキュコイン,solana,0.00001685,64,512,2048,4096,8192,16384,16384,,1,9,5,1774952325000,pumpswap,REPEAT
2026-04-10T11:26:57.481Z,EMoVDQ2aMyVq3GGRvawjtDHmwS3KgWF4BRuXGbqYaUBV,EMOji,EMOji,solana,0.000003801,256,524288,2097152,2097152,4096,4096,4096,12,16,2695,2671,1775812642000,pumpswap,REPEAT
2026-04-10T11:26:57.481Z,2PXZ2Q55YNttMiZ2e4owrAjoevFAwkKSqYy6D6cGpump,MATT,Matt Furry,solana,0.0003126,8192,131072,524288,524288,32768,262144,262144,34,22,2968,2795,1775809207000,pumpswap,REPEAT
2026-04-10T11:26:57.481Z,54oYnRG6DZ4joivbKRUiW1k7dn2MhnhjMNHd1NBDpump,DURR,DURR,solana,0.00002726,1024,8192,16384,65536,,32768,32768,18,21,91,143,1775679289000,pumpfun,REPEAT
2026-04-10T11:26:57.481Z,FquUHKWfMUdSMxxSU9ZWrSc98hvTXeMnQn9nksSKpump,42069,42069,solana,0.00001316,512,1024,16384,16384,16384,16384,16384,12,2,25,18,1767602540000,pumpswap,REPEAT
2026-04-10T11:26:57.481Z,FquUHKWfMUdSMxxSU9ZWrSc98hvTXeMnQn9nksSKpump,42069,42069,solana,0.00001316,512,1024,16384,16384,16384,16384,16384,12,2,25,18,1767602540000,pumpswap,REPEAT
2026-04-10T11:26:57.481Z,9iNsBjDCSG1WJzQDj9QWnGop4eYDQX4hczjAyzqukH7v,DD7,DOUBLE D 7,solana,0.000002336,,512,65536,65536,4096,2048,2048,,,2,12,1775811711000,pumpswap,REPEAT
2026-04-10T11:26:57.481Z,C9wHT2Qh9gJbr16VwYXyhK6ow11VhKpqarTqXWzVpump,MaggieChan,マギーちゃん,solana,0.000002530,1,128,65536,65536,,2048,2048,,1,1,13,1775809545000,pumpfun,REPEAT
2026-04-10T11:26:57.481Z,5eXiGxEYTauPupHfaA2r7BDAcLpK6yL5eZ4LCMP9pump,Angol,앵알이,solana,0.000002412,,64,32768,32768,,2048,2048,,,1,5,1775810044000,pumpfun,REPEAT
2026-04-10T11:26:57.481Z,E67wgnNewaoW1dHz3xPqCjWUY5ntAaGw2uz9Bd1vdoge,DENO,Deno Land,solana,0.00005781,512,1024,16384,32768,16384,65536,65536,,5,4,5,1772482423000,meteora,REPEAT
2026-04-10T11:26:57.481Z,FdUmX7zQSZgPxt1D7rtbKQisP4a2MXyejAxEnVvepump,Stoic,Stoicism ,solana,0.0001142,4096,65536,262144,1048576,32768,131072,131072,52,21,577,398,1775773975000,pumpswap,REPEAT
2026-04-10T11:26:57.481Z,DLsGGp9se7uUzE1SKbWD4hur1c9bjXnK3ADUejXJpump,T26,PROJECT T26 COIN,solana,0.00002418,128,512,8192,8192,16384,32768,32768,4,,7,15,1775801805000,pumpswap,REPEAT
2026-04-10T11:26:57.481Z,8ZHLjQy2SJTvJ65HG8GQP2zjKa2R5Gify2xXrfZzpump,Cease,Cease Fire,solana,0.000003277,,128,1024,1024,,4096,4096,,,,1,1775803114000,pumpfun,REPEAT
2026-04-10T11:26:57.481Z,BgSBbGpELTyuYXyU1C2v3jcAvJdCq1R6XEo1HaxYpump,BIZY,Bizy,solana,0.000002407,1,1,2097152,2097152,4096,2048,2048,1,,1,,1775800328000,pumpswap,REPEAT
2026-04-10T11:26:57.481Z,2pDdYPaT2Ww2aVPoa1mw2P8gokctwk8b4ifkNfBApump,pisscoin,pisscoin,solana,0.00001891,,16,2048,8192,16384,16384,16384,,,1,1,1774571155000,pumpswap,REPEAT
2026-04-10T11:26:57.481Z,GxJjdCrPzYnEBjnyoq5gsqed6TqKoAQJ3NtmajPpump,SBTI,SBTI,solana,0.001284,32768,524288,8388608,8388608,131072,1048576,1048576,159,227,2489,2919,1775800461000,pumpswap,REPEAT
2026-04-10T11:26:57.481Z,CmtYYjTBYxj5ExeyREFoM5gMNDo4GQ4sjrE7Vx9upump,HUNTER,HunterBidenSmokingCrackCoin,solana,0.000004520,512,2048,32768,65536,4096,4096,4096,5,5,23,27,1775796857000,pumpswap,REPEAT
2026-04-10T11:26:57.481Z,6DUdwjXtqJKrNFQBQzsaPW7pP2EZg2hbQ92NBi9Ppump,HAHA,HAHA,solana,0.0004168,16384,131072,2097152,2097152,65536,524288,524288,61,52,718,532,1775797888000,pumpswap,REPEAT
2026-04-10T11:26:57.481Z,2ecWqqjWZ5hkYLHzCn9TEn2DtpVdNvMicLf3RzfLpump,Chicky,Official Chicky Coin,solana,0.0001074,32,4096,65536,131072,32768,131072,131072,2,1,36,38,1774972475000,pumpswap,REPEAT
2026-04-10T11:26:57.481Z,82MmG1uH2BWLyoU7VCFYMohP9CT63q5paiKHAAAn3zWx,ANIME,Anime Bitcoin,solana,0.0005004,512,16384,65536,131072,65536,524288,524288,14,13,152,221,1743542810000,pumpswap,REPEAT
2026-04-10T11:26:57.481Z,GFVhghbzvoZUgdRgqL8HMrhK26tgP1ddBEVDpQFppump,Banana,Bananas,solana,0.000008341,16,2048,131072,131072,,8192,8192,,3,24,29,1775799626000,pumpfun,REPEAT
2026-04-10T11:31:57.482Z,GD6MvqNaC3e9rPSSqVkR5G5Mb22GkdbZEUG5U7nJpump,meanpippin,mean pippin,solana,0.00004985,32,512,512,2048,16384,65536,65536,1,4,12,6,1772105698000,pumpswap,REPEAT
2026-04-10T11:31:57.482Z,2FA7coJHybL6b7xexyGc8BBV1kKdo5k4B2vQSdtupump,TRUMPY,TRUMPY,solana,0.00007060,32768,524288,1048576,1048576,16384,65536,65536,149,150,2407,2107,1775814673000,pumpswap,REPEAT
2026-04-10T11:31:57.482Z,2PXZ2Q55YNttMiZ2e4owrAjoevFAwkKSqYy6D6cGpump,MATT,Matt Furry,solana,0.0003497,4096,131072,524288,524288,65536,262144,262144,41,20,3005,2804,1775809207000,pumpswap,REPEAT
2026-04-10T11:31:57.482Z,2PXZ2Q55YNttMiZ2e4owrAjoevFAwkKSqYy6D6cGpump,MATT,Matt Furry,solana,0.0003497,4096,131072,524288,524288,65536,262144,262144,41,20,3005,2804,1775809207000,pumpswap,REPEAT
2026-04-10T11:31:57.482Z,6bo24bcyFELFKJJKSvNrWPHqWYxJi48PrwQ3R1fmpump,Wcoin,chasing that w ,solana,0.01424,65536,524288,2097152,2097152,65536,33554432,33554432,1049,657,8188,5589,1775801529000,pumpswap,REPEAT
2026-04-10T11:31:57.482Z,4msaLXA5qc2XR8pc4jcgbYJCKrscFKmPs82v6Jrnpump,Yehun,늑대개,solana,0.000004182,2048,65536,65536,65536,,4096,4096,36,17,1005,839,1775817837000,pumpfun,REPEAT
2026-04-10T11:31:57.482Z,9AEtb967xTMosjp9XFhvHLhscPNYgDWc15jFAZR8pump,RƎ́V,REVÉRSÉ SOCIETY,solana,0.0002467,128,1024,8192,32768,32768,262144,262144,2,2,19,16,1775691640000,pumpswap,REPEAT
2026-04-10T11:31:57.482Z,DBJmh4VjGHmE2SMsBRaBToRuhtgRz3R2okToQJ2pump,RUNNER,RUNNER,solana,0.000002659,32,262144,524288,524288,4096,2048,2048,58,37,1603,2191,1775817082000,pumpswap,REPEAT
2026-04-10T11:31:57.482Z,98t9PEJF5QvAdGhu3MuQ2ww57NkRV1Rg7evSZNFxpump,$BABYTAN,BabyTan,solana,0.00001087,,512,8192,16384,,8192,8192,,,12,8,1775571529000,pumpfun,REPEAT
2026-04-10T11:31:57.482Z,5PGfjC8z3p3gh1Hdj329zL1PNX4Zv8Up7HTMfNhzpump,BBQ,バーベキュコイン,solana,0.00001685,,512,2048,4096,8192,16384,16384,,,4,5,1774952325000,pumpswap,REPEAT
2026-04-10T11:31:57.482Z,EMoVDQ2aMyVq3GGRvawjtDHmwS3KgWF4BRuXGbqYaUBV,EMOji,EMOji,solana,0.000004171,256,524288,2097152,2097152,4096,4096,4096,11,13,2413,2448,1775812642000,pumpswap,REPEAT
2026-04-10T11:31:57.482Z,2PXZ2Q55YNttMiZ2e4owrAjoevFAwkKSqYy6D6cGpump,MATT,Matt Furry,solana,0.0003497,4096,131072,524288,524288,65536,262144,262144,41,20,3005,2804,1775809207000,pumpswap,REPEAT
2026-04-10T11:31:57.482Z,54oYnRG6DZ4joivbKRUiW1k7dn2MhnhjMNHd1NBDpump,DURR,DURR,solana,0.00002708,256,8192,16384,65536,,32768,32768,9,5,96,148,1775679289000,pumpfun,REPEAT
2026-04-10T11:31:57.482Z,FquUHKWfMUdSMxxSU9ZWrSc98hvTXeMnQn9nksSKpump,42069,42069,solana,0.00001349,64,2048,16384,16384,16384,16384,16384,3,,28,16,1767602540000,pumpswap,REPEAT
2026-04-10T11:31:57.482Z,FquUHKWfMUdSMxxSU9ZWrSc98hvTXeMnQn9nksSKpump,42069,42069,solana,0.00001349,64,2048,16384,16384,16384,16384,16384,3,,28,16,1767602540000,pumpswap,REPEAT
2026-04-10T11:31:57.482Z,9iNsBjDCSG1WJzQDj9QWnGop4eYDQX4hczjAyzqukH7v,DD7,DOUBLE D 7,solana,0.000002338,8,256,65536,65536,4096,2048,2048,1,2,2,11,1775811711000,pumpswap,REPEAT
2026-04-10T11:31:57.482Z,C9wHT2Qh9gJbr16VwYXyhK6ow11VhKpqarTqXWzVpump,MaggieChan,マギーちゃん,solana,0.000002530,,128,65536,65536,,2048,2048,,,1,12,1775809545000,pumpfun,REPEAT
2026-04-10T11:31:57.482Z,5eXiGxEYTauPupHfaA2r7BDAcLpK6yL5eZ4LCMP9pump,Angol,앵알이,solana,0.000002412,,64,32768,32768,,2048,2048,,,1,4,1775810044000,pumpfun,REPEAT
2026-04-10T11:31:57.482Z,E67wgnNewaoW1dHz3xPqCjWUY5ntAaGw2uz9Bd1vdoge,DENO,Deno Land,solana,0.00005798,128,1024,16384,32768,16384,65536,65536,2,,6,5,1772482423000,meteora,REPEAT
2026-04-10T11:31:57.482Z,FdUmX7zQSZgPxt1D7rtbKQisP4a2MXyejAxEnVvepump,Stoic,Stoicism ,solana,0.0001211,2048,32768,262144,1048576,32768,131072,131072,25,21,548,367,1775773975000,pumpswap,REPEAT
2026-04-10T11:31:57.482Z,DLsGGp9se7uUzE1SKbWD4hur1c9bjXnK3ADUejXJpump,T26,PROJECT T26 COIN,solana,0.00002386,8,512,8192,8192,16384,32768,32768,,1,7,16,1775801805000,pumpswap,REPEAT
2026-04-10T11:31:57.482Z,8ZHLjQy2SJTvJ65HG8GQP2zjKa2R5Gify2xXrfZzpump,Cease,Cease Fire,solana,0.000003277,,,1024,1024,,4096,4096,,,,,1775803114000,pumpfun,REPEAT
2026-04-10T11:31:57.482Z,BgSBbGpELTyuYXyU1C2v3jcAvJdCq1R6XEo1HaxYpump,BIZY,Bizy,solana,0.000002407,,1,2097152,2097152,4096,2048,2048,,,1,,1775800328000,pumpswap,REPEAT
2026-04-10T11:31:57.482Z,2pDdYPaT2Ww2aVPoa1mw2P8gokctwk8b4ifkNfBApump,pisscoin,pisscoin,solana,0.00001891,,16,2048,8192,16384,16384,16384,,,1,1,1774571155000,pumpswap,REPEAT
2026-04-10T11:31:57.482Z,GxJjdCrPzYnEBjnyoq5gsqed6TqKoAQJ3NtmajPpump,SBTI,SBTI,solana,0.001294,32768,524288,8388608,8388608,131072,1048576,1048576,192,210,2458,2943,1775800461000,pumpswap,REPEAT
2026-04-10T11:31:57.482Z,CmtYYjTBYxj5ExeyREFoM5gMNDo4GQ4sjrE7Vx9upump,HUNTER,HunterBidenSmokingCrackCoin,solana,0.000004714,64,1024,32768,65536,4096,4096,4096,7,2,30,26,1775796857000,pumpswap,REPEAT
2026-04-10T11:31:57.482Z,6DUdwjXtqJKrNFQBQzsaPW7pP2EZg2hbQ92NBi9Ppump,HAHA,HAHA,solana,0.0004576,8192,131072,2097152,2097152,65536,524288,524288,55,49,735,554,1775797888000,pumpswap,REPEAT
2026-04-10T11:31:57.482Z,2ecWqqjWZ5hkYLHzCn9TEn2DtpVdNvMicLf3RzfLpump,Chicky,Official Chicky Coin,solana,0.0001056,64,4096,65536,131072,32768,131072,131072,1,3,34,40,1774972475000,pumpswap,REPEAT
2026-04-10T11:31:57.482Z,82MmG1uH2BWLyoU7VCFYMohP9CT63q5paiKHAAAn3zWx,ANIME,Anime Bitcoin,solana,0.0004881,1024,16384,65536,131072,65536,524288,524288,11,15,141,218,1743542810000,pumpswap,REPEAT
2026-04-10T11:31:57.482Z,GFVhghbzvoZUgdRgqL8HMrhK26tgP1ddBEVDpQFppump,Banana,Bananas,solana,0.000008038,256,2048,131072,131072,,8192,8192,2,3,23,27,1775799626000,pumpfun,REPEAT
2026-04-10T11:36:57.482Z,BFiGUxnidogqcZAPVPDZRCfhx3nXnFLYqpQUaUGpump,SPIKE,SPIKE ,solana,0.004402,4096,65536,262144,2097152,131072,4194304,4194304,24,14,259,234,1775608621000,pumpswap,NEW
2026-04-10T11:36:57.482Z,GD6MvqNaC3e9rPSSqVkR5G5Mb22GkdbZEUG5U7nJpump,meanpippin,mean pippin,solana,0.00004985,,512,512,2048,16384,65536,65536,,,12,6,1772105698000,pumpswap,REPEAT
2026-04-10T11:36:57.482Z,2FA7coJHybL6b7xexyGc8BBV1kKdo5k4B2vQSdtupump,TRUMPY,TRUMPY,solana,0.00005905,65536,524288,1048576,1048576,16384,65536,65536,179,179,2398,2120,1775814673000,pumpswap,REPEAT
2026-04-10T11:36:57.482Z,2PXZ2Q55YNttMiZ2e4owrAjoevFAwkKSqYy6D6cGpump,MATT,Matt Furry,solana,0.0003573,8192,131072,524288,524288,65536,262144,262144,32,24,3032,2816,1775809207000,pumpswap,REPEAT
2026-04-10T11:36:57.482Z,2PXZ2Q55YNttMiZ2e4owrAjoevFAwkKSqYy6D6cGpump,MATT,Matt Furry,solana,0.0003573,8192,131072,524288,524288,65536,262144,262144,32,24,3032,2816,1775809207000,pumpswap,REPEAT
2026-04-10T11:36:57.482Z,6bo24bcyFELFKJJKSvNrWPHqWYxJi48PrwQ3R1fmpump,Wcoin,chasing that w ,solana,0.01324,65536,1048576,2097152,2097152,65536,33554432,33554432,1091,751,9156,6214,1775801529000,pumpswap,REPEAT
2026-04-10T11:36:57.482Z,4msaLXA5qc2XR8pc4jcgbYJCKrscFKmPs82v6Jrnpump,Yehun,늑대개,solana,0.000003906,512,65536,65536,65536,,4096,4096,53,16,1058,855,1775817837000,pumpfun,REPEAT
2026-04-10T11:36:57.482Z,9AEtb967xTMosjp9XFhvHLhscPNYgDWc15jFAZR8pump,RƎ́V,REVÉRSÉ SOCIETY,solana,0.0002441,32,1024,8192,32768,32768,262144,262144,1,2,17,15,1775691640000,pumpswap,REPEAT
2026-04-10T11:36:57.482Z,DBJmh4VjGHmE2SMsBRaBToRuhtgRz3R2okToQJ2pump,RUNNER,RUNNER,solana,0.000002654,32,65536,524288,524288,4096,2048,2048,60,44,1192,1614,1775817082000,pumpswap,REPEAT
2026-04-10T11:36:57.482Z,98t9PEJF5QvAdGhu3MuQ2ww57NkRV1Rg7evSZNFxpump,$BABYTAN,BabyTan,solana,0.00001087,,512,8192,16384,,8192,8192,,,11,8,1775571529000,pumpfun,REPEAT
2026-04-10T11:36:57.482Z,5PGfjC8z3p3gh1Hdj329zL1PNX4Zv8Up7HTMfNhzpump,BBQ,バーベキュコイン,solana,0.00001660,16,512,2048,4096,8192,16384,16384,,1,3,6,1774952325000,pumpswap,REPEAT
2026-04-10T11:36:57.482Z,EMoVDQ2aMyVq3GGRvawjtDHmwS3KgWF4BRuXGbqYaUBV,EMOji,EMOji,solana,0.000004311,128,524288,2097152,2097152,4096,4096,4096,5,11,2144,2244,1775812642000,pumpswap,REPEAT
2026-04-10T11:36:57.482Z,2PXZ2Q55YNttMiZ2e4owrAjoevFAwkKSqYy6D6cGpump,MATT,Matt Furry,solana,0.0003573,8192,131072,524288,524288,65536,262144,262144,32,24,3032,2816,1775809207000,pumpswap,REPEAT
2026-04-10T11:36:57.482Z,54oYnRG6DZ4joivbKRUiW1k7dn2MhnhjMNHd1NBDpump,DURR,DURR,solana,0.00002648,256,8192,16384,65536,,32768,32768,5,4,94,151,1775679289000,pumpfun,REPEAT
2026-04-10T11:36:57.482Z,FquUHKWfMUdSMxxSU9ZWrSc98hvTXeMnQn9nksSKpump,42069,42069,solana,0.00001358,64,1024,16384,16384,16384,16384,16384,1,2,28,17,1767602540000,pumpswap,REPEAT
2026-04-10T11:36:57.482Z,FquUHKWfMUdSMxxSU9ZWrSc98hvTXeMnQn9nksSKpump,42069,42069,solana,0.00001358,64,1024,16384,16384,16384,16384,16384,1,2,28,17,1767602540000,pumpswap,REPEAT
2026-04-10T11:36:57.482Z,9iNsBjDCSG1WJzQDj9QWnGop4eYDQX4hczjAyzqukH7v,DD7,DOUBLE D 7,solana,0.000002307,2,256,65536,65536,4096,2048,2048,,1,1,12,1775811711000,pumpswap,REPEAT
2026-04-10T11:36:57.482Z,C9wHT2Qh9gJbr16VwYXyhK6ow11VhKpqarTqXWzVpump,MaggieChan,マギーちゃん,solana,0.000002526,1,128,65536,65536,,2048,2048,,1,1,13,1775809545000,pumpfun,REPEAT
2026-04-10T11:36:57.482Z,5eXiGxEYTauPupHfaA2r7BDAcLpK6yL5eZ4LCMP9pump,Angol,앵알이,solana,0.000002366,32,128,32768,32768,,2048,2048,,1,1,5,1775810044000,pumpfun,REPEAT
2026-04-10T11:36:57.482Z,E67wgnNewaoW1dHz3xPqCjWUY5ntAaGw2uz9Bd1vdoge,DENO,Deno Land,solana,0.00005798,,1024,16384,32768,16384,65536,65536,,,6,5,1772482423000,meteora,REPEAT
2026-04-10T11:36:57.482Z,FdUmX7zQSZgPxt1D7rtbKQisP4a2MXyejAxEnVvepump,Stoic,Stoicism ,solana,0.0001158,2048,32768,262144,1048576,32768,131072,131072,31,22,539,355,1775773975000,pumpswap,REPEAT
2026-04-10T11:36:57.482Z,DLsGGp9se7uUzE1SKbWD4hur1c9bjXnK3ADUejXJpump,T26,PROJECT T26 COIN,solana,0.00002412,4,512,8192,8192,16384,32768,32768,1,,8,16,1775801805000,pumpswap,REPEAT
2026-04-10T11:36:57.482Z,8ZHLjQy2SJTvJ65HG8GQP2zjKa2R5Gify2xXrfZzpump,Cease,Cease Fire,solana,0.000003277,,,1024,1024,,4096,4096,,,,,1775803114000,pumpfun,REPEAT
2026-04-10T11:36:57.482Z,BgSBbGpELTyuYXyU1C2v3jcAvJdCq1R6XEo1HaxYpump,BIZY,Bizy,solana,0.000002375,,2,2097152,2097152,4096,2048,2048,,,1,1,1775800328000,pumpswap,REPEAT
2026-04-10T11:36:57.482Z,2pDdYPaT2Ww2aVPoa1mw2P8gokctwk8b4ifkNfBApump,pisscoin,pisscoin,solana,0.00001891,,16,2048,8192,16384,16384,16384,,,1,1,1774571155000,pumpswap,REPEAT
2026-04-10T11:36:57.482Z,GxJjdCrPzYnEBjnyoq5gsqed6TqKoAQJ3NtmajPpump,SBTI,SBTI,solana,0.001700,32768,524288,8388608,8388608,131072,2097152,2097152,185,165,2462,2831,1775800461000,pumpswap,REPEAT
2026-04-10T11:36:57.482Z,CmtYYjTBYxj5ExeyREFoM5gMNDo4GQ4sjrE7Vx9upump,HUNTER,HunterBidenSmokingCrackCoin,solana,0.000004666,32,1024,16384,65536,4096,4096,4096,2,4,25,25,1775796857000,pumpswap,REPEAT
2026-04-10T11:36:57.482Z,6DUdwjXtqJKrNFQBQzsaPW7pP2EZg2hbQ92NBi9Ppump,HAHA,HAHA,solana,0.0004743,16384,131072,2097152,2097152,65536,524288,524288,69,60,754,576,1775797888000,pumpswap,REPEAT
2026-04-10T11:36:57.482Z,2ecWqqjWZ5hkYLHzCn9TEn2DtpVdNvMicLf3RzfLpump,Chicky,Official Chicky Coin,solana,0.0001044,256,4096,65536,131072,32768,131072,131072,3,2,34,38,1774972475000,pumpswap,REPEAT
2026-04-10T11:36:57.482Z,82MmG1uH2BWLyoU7VCFYMohP9CT63q5paiKHAAAn3zWx,ANIME,Anime Bitcoin,solana,0.0004862,1024,16384,65536,131072,65536,524288,524288,6,13,134,218,1743542810000,pumpswap,REPEAT
2026-04-10T11:41:57.483Z,BFiGUxnidogqcZAPVPDZRCfhx3nXnFLYqpQUaUGpump,SPIKE,SPIKE ,solana,0.004423,4096,65536,262144,2097152,131072,4194304,4194304,22,21,258,237,1775608621000,pumpswap,REPEAT
2026-04-10T11:41:57.483Z,GD6MvqNaC3e9rPSSqVkR5G5Mb22GkdbZEUG5U7nJpump,meanpippin,mean pippin,solana,0.00004985,,512,512,2048,16384,65536,65536,,,12,6,1772105698000,pumpswap,REPEAT
2026-04-10T11:41:57.483Z,2FA7coJHybL6b7xexyGc8BBV1kKdo5k4B2vQSdtupump,TRUMPY,TRUMPY,solana,0.00006002,65536,524288,1048576,1048576,16384,65536,65536,144,114,2400,2072,1775814673000,pumpswap,REPEAT
2026-04-10T11:41:57.483Z,2PXZ2Q55YNttMiZ2e4owrAjoevFAwkKSqYy6D6cGpump,MATT,Matt Furry,solana,0.0003724,8192,131072,524288,524288,65536,524288,524288,49,29,3073,2833,1775809207000,pumpswap,REPEAT
2026-04-10T11:41:57.483Z,2PXZ2Q55YNttMiZ2e4owrAjoevFAwkKSqYy6D6cGpump,MATT,Matt Furry,solana,0.0003724,8192,131072,524288,524288,65536,524288,524288,49,29,3073,2833,1775809207000,pumpswap,REPEAT
2026-04-10T11:41:57.483Z,6bo24bcyFELFKJJKSvNrWPHqWYxJi48PrwQ3R1fmpump,Wcoin,chasing that w ,solana,0.01393,32768,1048576,2097152,2097152,65536,33554432,33554432,958,589,10021,6730,1775801529000,pumpswap,REPEAT
2026-04-10T11:41:57.483Z,4msaLXA5qc2XR8pc4jcgbYJCKrscFKmPs82v6Jrnpump,Yehun,늑대개,solana,0.000002990,2048,65536,65536,65536,,4096,4096,14,33,1072,888,1775817837000,pumpfun,REPEAT
2026-04-10T11:41:57.483Z,9AEtb967xTMosjp9XFhvHLhscPNYgDWc15jFAZR8pump,RƎ́V,REVÉRSÉ SOCIETY,solana,0.0002502,64,1024,8192,32768,32768,262144,262144,5,,22,15,1775691640000,pumpswap,REPEAT
2026-04-10T11:41:57.483Z,DBJmh4VjGHmE2SMsBRaBToRuhtgRz3R2okToQJ2pump,RUNNER,RUNNER,solana,0.000002514,32,65536,524288,524288,4096,2048,2048,68,42,1088,1366,1775817082000,pumpswap,REPEAT
2026-04-10T11:41:57.483Z,98t9PEJF5QvAdGhu3MuQ2ww57NkRV1Rg7evSZNFxpump,$BABYTAN,BabyTan,solana,0.00001087,,512,8192,16384,,8192,8192,,,7,7,1775571529000,pumpfun,REPEAT
2026-04-10T11:41:57.483Z,5PGfjC8z3p3gh1Hdj329zL1PNX4Zv8Up7HTMfNhzpump,BBQ,バーベキュコイン,solana,0.00001660,,512,2048,4096,8192,16384,16384,,,3,6,1774952325000,pumpswap,REPEAT
2026-04-10T11:41:57.483Z,EMoVDQ2aMyVq3GGRvawjtDHmwS3KgWF4BRuXGbqYaUBV,EMOji,EMOji,solana,0.000003925,128,524288,2097152,2097152,4096,4096,4096,,6,1865,1863,1775812642000,pumpswap,REPEAT
2026-04-10T11:41:57.483Z,2PXZ2Q55YNttMiZ2e4owrAjoevFAwkKSqYy6D6cGpump,MATT,Matt Furry,solana,0.0003724,8192,131072,524288,524288,65536,524288,524288,49,29,3073,2833,1775809207000,pumpswap,REPEAT
2026-04-10T11:41:57.483Z,54oYnRG6DZ4joivbKRUiW1k7dn2MhnhjMNHd1NBDpump,DURR,DURR,solana,0.00002656,128,8192,16384,65536,,32768,32768,5,2,95,151,1775679289000,pumpfun,REPEAT
2026-04-10T11:41:57.483Z,FquUHKWfMUdSMxxSU9ZWrSc98hvTXeMnQn9nksSKpump,42069,42069,solana,0.00001358,,1024,16384,16384,16384,16384,16384,,,25,15,1767602540000,pumpswap,REPEAT
2026-04-10T11:41:57.483Z,FquUHKWfMUdSMxxSU9ZWrSc98hvTXeMnQn9nksSKpump,42069,42069,solana,0.00001358,,1024,16384,16384,16384,16384,16384,,,25,15,1767602540000,pumpswap,REPEAT
2026-04-10T11:41:57.483Z,9iNsBjDCSG1WJzQDj9QWnGop4eYDQX4hczjAyzqukH7v,DD7,DOUBLE D 7,solana,0.000002340,4,256,65536,65536,4096,2048,2048,1,1,2,12,1775811711000,pumpswap,REPEAT
2026-04-10T11:41:57.483Z,C9wHT2Qh9gJbr16VwYXyhK6ow11VhKpqarTqXWzVpump,MaggieChan,マギーちゃん,solana,0.000002526,,128,65536,65536,,2048,2048,,,,11,1775809545000,pumpfun,REPEAT
2026-04-10T11:41:57.483Z,5eXiGxEYTauPupHfaA2r7BDAcLpK6yL5eZ4LCMP9pump,Angol,앵알이,solana,0.000002366,,128,32768,32768,,2048,2048,,,1,5,1775810044000,pumpfun,REPEAT
2026-04-10T11:41:57.483Z,E67wgnNewaoW1dHz3xPqCjWUY5ntAaGw2uz9Bd1vdoge,DENO,Deno Land,solana,0.00005965,128,1024,16384,32768,16384,65536,65536,4,,10,5,1772482423000,meteora,REPEAT
2026-04-10T11:41:57.483Z,FdUmX7zQSZgPxt1D7rtbKQisP4a2MXyejAxEnVvepump,Stoic,Stoicism ,solana,0.0001161,1024,32768,262144,1048576,32768,131072,131072,31,15,523,338,1775773975000,pumpswap,REPEAT
2026-04-10T11:41:57.483Z,DLsGGp9se7uUzE1SKbWD4hur1c9bjXnK3ADUejXJpump,T26,PROJECT T26 COIN,solana,0.00002588,256,1024,8192,8192,16384,32768,32768,6,1,14,17,1775801805000,pumpswap,REPEAT
2026-04-10T11:41:57.483Z,8ZHLjQy2SJTvJ65HG8GQP2zjKa2R5Gify2xXrfZzpump,Cease,Cease Fire,solana,0.000003277,,,1024,1024,,4096,4096,,,,,1775803114000,pumpfun,REPEAT
2026-04-10T11:41:57.483Z,BgSBbGpELTyuYXyU1C2v3jcAvJdCq1R6XEo1HaxYpump,BIZY,Bizy,solana,0.000002375,,2,2097152,2097152,4096,2048,2048,,,1,1,1775800328000,pumpswap,REPEAT
2026-04-10T11:41:57.483Z,2pDdYPaT2Ww2aVPoa1mw2P8gokctwk8b4ifkNfBApump,pisscoin,pisscoin,solana,0.00001891,,16,2048,8192,16384,16384,16384,,,1,,1774571155000,pumpswap,REPEAT
2026-04-10T11:41:57.483Z,GxJjdCrPzYnEBjnyoq5gsqed6TqKoAQJ3NtmajPpump,SBTI,SBTI,solana,0.001458,32768,524288,8388608,8388608,131072,1048576,1048576,180,203,2467,2821,1775800461000,pumpswap,REPEAT
2026-04-10T11:41:57.483Z,CmtYYjTBYxj5ExeyREFoM5gMNDo4GQ4sjrE7Vx9upump,HUNTER,HunterBidenSmokingCrackCoin,solana,0.000004495,64,1024,16384,65536,4096,4096,4096,1,2,25,25,1775796857000,pumpswap,REPEAT
2026-04-10T11:41:57.483Z,6DUdwjXtqJKrNFQBQzsaPW7pP2EZg2hbQ92NBi9Ppump,HAHA,HAHA,solana,0.0005255,16384,131072,2097152,2097152,65536,524288,524288,66,59,755,594,1775797888000,pumpswap,REPEAT
2026-04-10T11:41:57.483Z,2ecWqqjWZ5hkYLHzCn9TEn2DtpVdNvMicLf3RzfLpump,Chicky,Official Chicky Coin,solana,0.0001028,128,4096,65536,131072,32768,131072,131072,2,2,36,37,1774972475000,pumpswap,REPEAT
2026-04-10T11:41:57.483Z,82MmG1uH2BWLyoU7VCFYMohP9CT63q5paiKHAAAn3zWx,ANIME,Anime Bitcoin,solana,0.0004907,1024,16384,65536,131072,65536,524288,524288,12,8,130,204,1743542810000,pumpswap,REPEAT
2026-04-10T11:46:57.484Z,BFiGUxnidogqcZAPVPDZRCfhx3nXnFLYqpQUaUGpump,SPIKE,SPIKE ,solana,0.004490,4096,65536,262144,2097152,131072,4194304,4194304,20,20,261,240,1775608621000,pumpswap,REPEAT
2026-04-10T11:46:57.484Z,GD6MvqNaC3e9rPSSqVkR5G5Mb22GkdbZEUG5U7nJpump,meanpippin,mean pippin,solana,0.00005304,512,1024,1024,2048,16384,65536,65536,2,2,14,8,1772105698000,pumpswap,REPEAT
2026-04-10T11:46:57.484Z,2FA7coJHybL6b7xexyGc8BBV1kKdo5k4B2vQSdtupump,TRUMPY,TRUMPY,solana,0.000002688,32768,524288,1048576,1048576,4096,2048,2048,161,317,2374,2207,1775814673000,pumpswap,REPEAT
2026-04-10T11:46:57.484Z,2PXZ2Q55YNttMiZ2e4owrAjoevFAwkKSqYy6D6cGpump,MATT,Matt Furry,solana,0.0003813,8192,131072,524288,524288,65536,524288,524288,48,27,3114,2855,1775809207000,pumpswap,REPEAT
2026-04-10T11:46:57.484Z,2PXZ2Q55YNttMiZ2e4owrAjoevFAwkKSqYy6D6cGpump,MATT,Matt Furry,solana,0.0003813,8192,131072,524288,524288,65536,524288,524288,48,27,3114,2855,1775809207000,pumpswap,REPEAT
2026-04-10T11:46:57.484Z,6bo24bcyFELFKJJKSvNrWPHqWYxJi48PrwQ3R1fmpump,Wcoin,chasing that w ,solana,0.01425,32768,1048576,2097152,2097152,65536,33554432,33554432,812,528,10767,7219,1775801529000,pumpswap,REPEAT
2026-04-10T11:46:57.484Z,4msaLXA5qc2XR8pc4jcgbYJCKrscFKmPs82v6Jrnpump,Yehun,늑대개,solana,0.000002833,64,65536,65536,65536,,2048,2048,1,6,779,695,1775817837000,pumpfun,REPEAT
2026-04-10T11:46:57.484Z,9AEtb967xTMosjp9XFhvHLhscPNYgDWc15jFAZR8pump,RƎ́V,REVÉRSÉ SOCIETY,solana,0.0002426,64,1024,8192,32768,32768,262144,262144,2,2,24,19,1775691640000,pumpswap,REPEAT
2026-04-10T11:46:57.484Z,DBJmh4VjGHmE2SMsBRaBToRuhtgRz3R2okToQJ2pump,RUNNER,RUNNER,solana,0.000002668,64,32768,524288,524288,4096,2048,2048,59,44,1063,1248,1775817082000,pumpswap,REPEAT
2026-04-10T11:46:57.484Z,98t9PEJF5QvAdGhu3MuQ2ww57NkRV1Rg7evSZNFxpump,$BABYTAN,BabyTan,solana,0.00001087,,512,8192,16384,,8192,8192,,,7,7,1775571529000,pumpfun,REPEAT
2026-04-10T11:46:57.484Z,5PGfjC8z3p3gh1Hdj329zL1PNX4Zv8Up7HTMfNhzpump,BBQ,バーベキュコイン,solana,0.00001660,,128,2048,4096,8192,16384,16384,,,3,4,1774952325000,pumpswap,REPEAT
2026-04-10T11:46:57.484Z,EMoVDQ2aMyVq3GGRvawjtDHmwS3KgWF4BRuXGbqYaUBV,EMOji,EMOji,solana,0.000003810,64,524288,2097152,2097152,4096,4096,4096,,4,1611,1690,1775812642000,pumpswap,REPEAT
2026-04-10T11:46:57.484Z,2PXZ2Q55YNttMiZ2e4owrAjoevFAwkKSqYy6D6cGpump,MATT,Matt Furry,solana,0.0003813,8192,131072,524288,524288,65536,524288,524288,48,27,3114,2855,1775809207000,pumpswap,REPEAT
2026-04-10T11:46:57.484Z,54oYnRG6DZ4joivbKRUiW1k7dn2MhnhjMNHd1NBDpump,DURR,DURR,solana,0.00002649,128,8192,16384,65536,,32768,32768,2,2,95,152,1775679289000,pumpfun,REPEAT
2026-04-10T11:46:57.484Z,FquUHKWfMUdSMxxSU9ZWrSc98hvTXeMnQn9nksSKpump,42069,42069,solana,0.00001349,16,1024,16384,16384,16384,16384,16384,,3,25,17,1767602540000,pumpswap,REPEAT
2026-04-10T11:46:57.484Z,FquUHKWfMUdSMxxSU9ZWrSc98hvTXeMnQn9nksSKpump,42069,42069,solana,0.00001349,16,1024,16384,16384,16384,16384,16384,,3,25,17,1767602540000,pumpswap,REPEAT
2026-04-10T11:46:57.484Z,9iNsBjDCSG1WJzQDj9QWnGop4eYDQX4hczjAyzqukH7v,DD7,DOUBLE D 7,solana,0.000002344,,256,65536,65536,4096,2048,2048,1,,3,12,1775811711000,pumpswap,REPEAT
2026-04-10T11:46:57.484Z,C9wHT2Qh9gJbr16VwYXyhK6ow11VhKpqarTqXWzVpump,MaggieChan,マギーちゃん,solana,0.000002526,,32,65536,65536,,2048,2048,,,,9,1775809545000,pumpfun,REPEAT
2026-04-10T11:46:57.484Z,5eXiGxEYTauPupHfaA2r7BDAcLpK6yL5eZ4LCMP9pump,Angol,앵알이,solana,0.000002366,,128,32768,32768,,2048,2048,,,1,5,1775810044000,pumpfun,REPEAT
2026-04-10T11:46:57.484Z,E67wgnNewaoW1dHz3xPqCjWUY5ntAaGw2uz9Bd1vdoge,DENO,Deno Land,solana,0.00006281,512,2048,16384,32768,16384,65536,65536,1,,11,5,1772482423000,meteora,REPEAT
2026-04-10T11:46:57.484Z,FdUmX7zQSZgPxt1D7rtbKQisP4a2MXyejAxEnVvepump,Stoic,Stoicism ,solana,0.0001079,4096,32768,262144,1048576,32768,131072,131072,33,21,524,342,1775773975000,pumpswap,REPEAT
2026-04-10T11:46:57.484Z,DLsGGp9se7uUzE1SKbWD4hur1c9bjXnK3ADUejXJpump,T26,PROJECT T26 COIN,solana,0.00002588,,1024,8192,8192,16384,32768,32768,,,13,17,1775801805000,pumpswap,REPEAT
2026-04-10T11:46:57.484Z,8ZHLjQy2SJTvJ65HG8GQP2zjKa2R5Gify2xXrfZzpump,Cease,Cease Fire,solana,0.000003277,,,1024,1024,,4096,4096,,,,,1775803114000,pumpfun,REPEAT
2026-04-10T11:46:57.484Z,BgSBbGpELTyuYXyU1C2v3jcAvJdCq1R6XEo1HaxYpump,BIZY,Bizy,solana,0.000002375,,2,2097152,2097152,4096,2048,2048,,,1,1,1775800328000,pumpswap,REPEAT
2026-04-10T11:46:57.484Z,2pDdYPaT2Ww2aVPoa1mw2P8gokctwk8b4ifkNfBApump,pisscoin,pisscoin,solana,0.00001891,,16,2048,8192,16384,16384,16384,,,1,,1774571155000,pumpswap,REPEAT
2026-04-10T11:46:57.484Z,GxJjdCrPzYnEBjnyoq5gsqed6TqKoAQJ3NtmajPpump,SBTI,SBTI,solana,0.001549,32768,524288,8388608,8388608,131072,2097152,2097152,171,149,2453,2746,1775800461000,pumpswap,REPEAT
2026-04-10T11:46:57.484Z,CmtYYjTBYxj5ExeyREFoM5gMNDo4GQ4sjrE7Vx9upump,HUNTER,HunterBidenSmokingCrackCoin,solana,0.000004231,128,1024,16384,65536,4096,4096,4096,3,6,24,30,1775796857000,pumpswap,REPEAT
2026-04-10T11:46:57.484Z,6DUdwjXtqJKrNFQBQzsaPW7pP2EZg2hbQ92NBi9Ppump,HAHA,HAHA,solana,0.0005041,16384,131072,2097152,2097152,65536,524288,524288,73,47,788,613,1775797888000,pumpswap,REPEAT
2026-04-10T11:46:57.484Z,2ecWqqjWZ5hkYLHzCn9TEn2DtpVdNvMicLf3RzfLpump,Chicky,Official Chicky Coin,solana,0.0001045,128,4096,65536,131072,32768,131072,131072,4,2,34,32,1774972475000,pumpswap,REPEAT
2026-04-10T11:46:57.484Z,82MmG1uH2BWLyoU7VCFYMohP9CT63q5paiKHAAAn3zWx,ANIME,Anime Bitcoin,solana,0.0004786,1024,16384,65536,131072,65536,524288,524288,13,9,140,201,1743542810000,pumpswap,REPEAT
2026-04-10T11:51:57.484Z,BFiGUxnidogqcZAPVPDZRCfhx3nXnFLYqpQUaUGpump,SPIKE,SPIKE ,solana,0.004485,4096,65536,262144,2097152,131072,4194304,4194304,22,20,270,238,1775608621000,pumpswap,REPEAT
2026-04-10T11:51:57.484Z,GD6MvqNaC3e9rPSSqVkR5G5Mb22GkdbZEUG5U7nJpump,meanpippin,mean pippin,solana,0.00005259,128,1024,1024,2048,16384,65536,65536,2,2,16,10,1772105698000,pumpswap,REPEAT
2026-04-10T11:51:57.484Z,2FA7coJHybL6b7xexyGc8BBV1kKdo5k4B2vQSdtupump,TRUMPY,TRUMPY,solana,0.000003975,1024,524288,1048576,1048576,4096,4096,4096,25,18,2191,2049,1775814673000,pumpswap,REPEAT
2026-04-10T11:51:57.484Z,2PXZ2Q55YNttMiZ2e4owrAjoevFAwkKSqYy6D6cGpump,MATT,Matt Furry,solana,0.0003860,16384,131072,524288,524288,65536,524288,524288,38,24,3144,2874,1775809207000,pumpswap,REPEAT
2026-04-10T11:51:57.484Z,2PXZ2Q55YNttMiZ2e4owrAjoevFAwkKSqYy6D6cGpump,MATT,Matt Furry,solana,0.0003860,16384,131072,524288,524288,65536,524288,524288,38,24,3144,2874,1775809207000,pumpswap,REPEAT
2026-04-10T11:51:57.484Z,6bo24bcyFELFKJJKSvNrWPHqWYxJi48PrwQ3R1fmpump,Wcoin,chasing that w ,solana,0.01659,65536,1048576,2097152,2097152,65536,33554432,33554432,221,256,10847,7355,1775801529000,pumpswap,REPEAT
2026-04-10T11:51:57.484Z,4msaLXA5qc2XR8pc4jcgbYJCKrscFKmPs82v6Jrnpump,Yehun,늑대개,solana,0.000002959,256,32768,65536,65536,,4096,4096,22,4,551,487,1775817837000,pumpfun,REPEAT
2026-04-10T11:51:57.484Z,9AEtb967xTMosjp9XFhvHLhscPNYgDWc15jFAZR8pump,RƎ́V,REVÉRSÉ SOCIETY,solana,0.0002429,128,1024,8192,32768,32768,262144,262144,1,3,24,20,1775691640000,pumpswap,REPEAT
2026-04-10T11:51:57.484Z,DBJmh4VjGHmE2SMsBRaBToRuhtgRz3R2okToQJ2pump,RUNNER,RUNNER,solana,0.000002631,1,32768,524288,524288,4096,2048,2048,64,38,1004,1091,1775817082000,pumpswap,REPEAT
2026-04-10T11:51:57.484Z,98t9PEJF5QvAdGhu3MuQ2ww57NkRV1Rg7evSZNFxpump,$BABYTAN,BabyTan,solana,0.00001068,64,512,8192,16384,,8192,8192,1,1,7,8,1775571529000,pumpfun,REPEAT
2026-04-10T11:51:57.484Z,5PGfjC8z3p3gh1Hdj329zL1PNX4Zv8Up7HTMfNhzpump,BBQ,バーベキュコイン,solana,0.00001660,,128,2048,4096,8192,16384,16384,,,3,4,1774952325000,pumpswap,REPEAT
2026-04-10T11:51:57.484Z,EMoVDQ2aMyVq3GGRvawjtDHmwS3KgWF4BRuXGbqYaUBV,EMOji,EMOji,solana,0.000003539,128,262144,2097152,2097152,4096,4096,4096,1,6,1383,1511,1775812642000,pumpswap,REPEAT
2026-04-10T11:51:57.484Z,2PXZ2Q55YNttMiZ2e4owrAjoevFAwkKSqYy6D6cGpump,MATT,Matt Furry,solana,0.0003860,16384,131072,524288,524288,65536,524288,524288,38,24,3144,2874,1775809207000,pumpswap,REPEAT
2026-04-10T11:51:57.484Z,54oYnRG6DZ4joivbKRUiW1k7dn2MhnhjMNHd1NBDpump,DURR,DURR,solana,0.00002622,256,8192,16384,65536,,32768,32768,5,4,99,156,1775679289000,pumpfun,REPEAT
2026-04-10T11:51:57.484Z,FquUHKWfMUdSMxxSU9ZWrSc98hvTXeMnQn9nksSKpump,42069,42069,solana,0.00001376,32,1024,16384,16384,16384,16384,16384,1,1,24,16,1767602540000,pumpswap,REPEAT
2026-04-10T11:51:57.484Z,FquUHKWfMUdSMxxSU9ZWrSc98hvTXeMnQn9nksSKpump,42069,42069,solana,0.00001376,32,1024,16384,16384,16384,16384,16384,1,1,24,16,1767602540000,pumpswap,REPEAT
2026-04-10T11:51:57.484Z,9iNsBjDCSG1WJzQDj9QWnGop4eYDQX4hczjAyzqukH7v,DD7,DOUBLE D 7,solana,0.000002232,32,128,65536,65536,4096,2048,2048,,2,3,12,1775811711000,pumpswap,REPEAT
2026-04-10T11:51:57.484Z,C9wHT2Qh9gJbr16VwYXyhK6ow11VhKpqarTqXWzVpump,MaggieChan,マギーちゃん,solana,0.000002513,8,64,65536,65536,,2048,2048,,1,,8,1775809545000,pumpfun,REPEAT
2026-04-10T11:51:57.484Z,5eXiGxEYTauPupHfaA2r7BDAcLpK6yL5eZ4LCMP9pump,Angol,앵알이,solana,0.000002366,,128,32768,32768,,2048,2048,,,1,5,1775810044000,pumpfun,REPEAT
2026-04-10T11:51:57.484Z,E67wgnNewaoW1dHz3xPqCjWUY5ntAaGw2uz9Bd1vdoge,DENO,Deno Land,solana,0.00006692,128,2048,16384,32768,16384,65536,65536,2,,14,5,1772482423000,meteora,REPEAT
2026-04-10T11:51:57.484Z,FdUmX7zQSZgPxt1D7rtbKQisP4a2MXyejAxEnVvepump,Stoic,Stoicism ,solana,0.0001067,2048,32768,262144,1048576,32768,131072,131072,49,28,533,333,1775773975000,pumpswap,REPEAT
2026-04-10T11:51:57.484Z,DLsGGp9se7uUzE1SKbWD4hur1c9bjXnK3ADUejXJpump,T26,PROJECT T26 COIN,solana,0.00002588,,512,8192,8192,16384,32768,32768,,,13,8,1775801805000,pumpswap,REPEAT
2026-04-10T11:51:57.484Z,8ZHLjQy2SJTvJ65HG8GQP2zjKa2R5Gify2xXrfZzpump,Cease,Cease Fire,solana,0.000003277,,,1024,1024,,4096,4096,,,,,1775803114000,pumpfun,REPEAT
2026-04-10T11:51:57.484Z,BgSBbGpELTyuYXyU1C2v3jcAvJdCq1R6XEo1HaxYpump,BIZY,Bizy,solana,0.000002375,,2,2097152,2097152,4096,2048,2048,,,1,1,1775800328000,pumpswap,REPEAT
2026-04-10T11:51:57.484Z,2pDdYPaT2Ww2aVPoa1mw2P8gokctwk8b4ifkNfBApump,pisscoin,pisscoin,solana,0.00001891,,16,2048,8192,16384,16384,16384,,,1,,1774571155000,pumpswap,REPEAT
2026-04-10T11:51:57.484Z,GxJjdCrPzYnEBjnyoq5gsqed6TqKoAQJ3NtmajPpump,SBTI,SBTI,solana,0.001416,32768,524288,8388608,8388608,131072,1048576,1048576,195,204,2486,2770,1775800461000,pumpswap,REPEAT
2026-04-10T11:51:57.484Z,CmtYYjTBYxj5ExeyREFoM5gMNDo4GQ4sjrE7Vx9upump,HUNTER,HunterBidenSmokingCrackCoin,solana,0.000004231,,1024,16384,65536,4096,4096,4096,,,24,30,1775796857000,pumpswap,REPEAT
2026-04-10T11:51:57.484Z,6DUdwjXtqJKrNFQBQzsaPW7pP2EZg2hbQ92NBi9Ppump,HAHA,HAHA,solana,0.0006643,8192,131072,2097152,2097152,65536,524288,524288,45,17,777,574,1775797888000,pumpswap,REPEAT
2026-04-10T11:51:57.484Z,2ecWqqjWZ5hkYLHzCn9TEn2DtpVdNvMicLf3RzfLpump,Chicky,Official Chicky Coin,solana,0.0001049,64,4096,65536,131072,32768,131072,131072,2,3,38,35,1774972475000,pumpswap,REPEAT
2026-04-10T11:51:57.484Z,82MmG1uH2BWLyoU7VCFYMohP9CT63q5paiKHAAAn3zWx,ANIME,Anime Bitcoin,solana,0.0004759,256,8192,65536,131072,65536,524288,524288,10,13,140,192,1743542810000,pumpswap,REPEAT
2026-04-10T11:56:57.485Z,BFiGUxnidogqcZAPVPDZRCfhx3nXnFLYqpQUaUGpump,SPIKE,SPIKE ,solana,0.004346,4096,65536,262144,2097152,131072,4194304,4194304,21,23,275,243,1775608621000,pumpswap,REPEAT
2026-04-10T11:56:57.485Z,GD6MvqNaC3e9rPSSqVkR5G5Mb22GkdbZEUG5U7nJpump,meanpippin,mean pippin,solana,0.00005259,,1024,1024,2048,16384,65536,65536,,,16,10,1772105698000,pumpswap,REPEAT
2026-04-10T11:56:57.485Z,2FA7coJHybL6b7xexyGc8BBV1kKdo5k4B2vQSdtupump,TRUMPY,TRUMPY,solana,0.000004063,256,524288,1048576,1048576,4096,4096,4096,16,15,1964,1874,1775814673000,pumpswap,REPEAT
2026-04-10T11:56:57.485Z,2PXZ2Q55YNttMiZ2e4owrAjoevFAwkKSqYy6D6cGpump,MATT,Matt Furry,solana,0.0003855,4096,131072,524288,524288,65536,524288,524288,35,24,3173,2893,1775809207000,pumpswap,REPEAT
2026-04-10T11:56:57.485Z,2PXZ2Q55YNttMiZ2e4owrAjoevFAwkKSqYy6D6cGpump,MATT,Matt Furry,solana,0.0003855,4096,131072,524288,524288,65536,524288,524288,35,24,3173,2893,1775809207000,pumpswap,REPEAT
2026-04-10T11:56:57.485Z,6bo24bcyFELFKJJKSvNrWPHqWYxJi48PrwQ3R1fmpump,Wcoin,chasing that w ,solana,0.01835,262144,1048576,2097152,2097152,65536,33554432,33554432,993,892,11441,7829,1775801529000,pumpswap,REPEAT
2026-04-10T11:56:57.485Z,4msaLXA5qc2XR8pc4jcgbYJCKrscFKmPs82v6Jrnpump,Yehun,늑대개,solana,0.000003089,64,32768,65536,65536,,4096,4096,92,3,487,390,1775817837000,pumpfun,REPEAT
2026-04-10T11:56:57.485Z,9AEtb967xTMosjp9XFhvHLhscPNYgDWc15jFAZR8pump,RƎ́V,REVÉRSÉ SOCIETY,solana,0.0002455,8,1024,8192,32768,32768,262144,262144,1,1,23,20,1775691640000,pumpswap,REPEAT
2026-04-10T11:56:57.485Z,DBJmh4VjGHmE2SMsBRaBToRuhtgRz3R2okToQJ2pump,RUNNER,RUNNER,solana,0.000002628,16,4096,524288,524288,4096,2048,2048,49,28,879,653,1775817082000,pumpswap,REPEAT
2026-04-10T11:56:57.485Z,98t9PEJF5QvAdGhu3MuQ2ww57NkRV1Rg7evSZNFxpump,$BABYTAN,BabyTan,solana,0.00001068,,512,8192,16384,,8192,8192,,,7,8,1775571529000,pumpfun,REPEAT
2026-04-10T11:56:57.485Z,5PGfjC8z3p3gh1Hdj329zL1PNX4Zv8Up7HTMfNhzpump,BBQ,バーベキュコイン,solana,0.00001660,,128,2048,4096,8192,16384,16384,,,2,3,1774952325000,pumpswap,REPEAT
2026-04-10T11:56:57.485Z,EMoVDQ2aMyVq3GGRvawjtDHmwS3KgWF4BRuXGbqYaUBV,EMOji,EMOji,solana,0.000003832,128,262144,2097152,2097152,4096,4096,4096,5,3,1067,1276,1775812642000,pumpswap,REPEAT
2026-04-10T11:56:57.485Z,2PXZ2Q55YNttMiZ2e4owrAjoevFAwkKSqYy6D6cGpump,MATT,Matt Furry,solana,0.0003855,4096,131072,524288,524288,65536,524288,524288,35,24,3173,2893,1775809207000,pumpswap,REPEAT
2026-04-10T11:56:57.485Z,54oYnRG6DZ4joivbKRUiW1k7dn2MhnhjMNHd1NBDpump,DURR,DURR,solana,0.00002776,512,8192,16384,65536,,32768,32768,9,5,100,158,1775679289000,pumpfun,REPEAT
2026-04-10T11:56:57.485Z,FquUHKWfMUdSMxxSU9ZWrSc98hvTXeMnQn9nksSKpump,42069,42069,solana,0.00001394,64,1024,16384,16384,16384,16384,16384,1,,22,13,1767602540000,pumpswap,REPEAT
2026-04-10T11:56:57.485Z,FquUHKWfMUdSMxxSU9ZWrSc98hvTXeMnQn9nksSKpump,42069,42069,solana,0.00001394,64,1024,16384,16384,16384,16384,16384,1,,22,13,1767602540000,pumpswap,REPEAT
2026-04-10T11:56:57.485Z,9iNsBjDCSG1WJzQDj9QWnGop4eYDQX4hczjAyzqukH7v,DD7,DOUBLE D 7,solana,0.000002258,2,128,65536,65536,4096,2048,2048,2,,5,11,1775811711000,pumpswap,REPEAT
2026-04-10T11:56:57.485Z,C9wHT2Qh9gJbr16VwYXyhK6ow11VhKpqarTqXWzVpump,MaggieChan,マギーちゃん,solana,0.000002513,,8,65536,65536,,2048,2048,,,,5,1775809545000,pumpfun,REPEAT
2026-04-10T11:56:57.485Z,5eXiGxEYTauPupHfaA2r7BDAcLpK6yL5eZ4LCMP9pump,Angol,앵알이,solana,0.000002366,,128,32768,32768,,2048,2048,,,1,5,1775810044000,pumpfun,REPEAT
2026-04-10T11:56:57.485Z,E67wgnNewaoW1dHz3xPqCjWUY5ntAaGw2uz9Bd1vdoge,DENO,Deno Land,solana,0.00006729,4,2048,16384,32768,16384,65536,65536,1,2,15,7,1772482423000,meteora,REPEAT
2026-04-10T11:56:57.485Z,FdUmX7zQSZgPxt1D7rtbKQisP4a2MXyejAxEnVvepump,Stoic,Stoicism ,solana,0.0001074,2048,32768,262144,1048576,32768,131072,131072,31,22,534,325,1775773975000,pumpswap,REPEAT
2026-04-10T11:56:57.485Z,DLsGGp9se7uUzE1SKbWD4hur1c9bjXnK3ADUejXJpump,T26,PROJECT T26 COIN,solana,0.00002678,64,512,8192,8192,16384,32768,32768,2,,15,7,1775801805000,pumpswap,REPEAT
2026-04-10T11:56:57.485Z,8ZHLjQy2SJTvJ65HG8GQP2zjKa2R5Gify2xXrfZzpump,Cease,Cease Fire,solana,0.000003277,,,1024,1024,,4096,4096,,,,,1775803114000,pumpfun,REPEAT
2026-04-10T11:56:57.485Z,BgSBbGpELTyuYXyU1C2v3jcAvJdCq1R6XEo1HaxYpump,BIZY,Bizy,solana,0.000002375,,2,2097152,2097152,4096,2048,2048,,,1,1,1775800328000,pumpswap,REPEAT
2026-04-10T11:56:57.485Z,2pDdYPaT2Ww2aVPoa1mw2P8gokctwk8b4ifkNfBApump,pisscoin,pisscoin,solana,0.00001891,,16,2048,8192,16384,16384,16384,,,1,,1774571155000,pumpswap,REPEAT
2026-04-10T11:56:57.485Z,GxJjdCrPzYnEBjnyoq5gsqed6TqKoAQJ3NtmajPpump,SBTI,SBTI,solana,0.001619,32768,524288,8388608,8388608,131072,2097152,2097152,208,175,2512,2722,1775800461000,pumpswap,REPEAT
2026-04-10T11:56:57.485Z,CmtYYjTBYxj5ExeyREFoM5gMNDo4GQ4sjrE7Vx9upump,HUNTER,HunterBidenSmokingCrackCoin,solana,0.000004152,16,1024,16384,65536,4096,4096,4096,,2,23,30,1775796857000,pumpswap,REPEAT
2026-04-10T11:56:57.485Z,6DUdwjXtqJKrNFQBQzsaPW7pP2EZg2hbQ92NBi9Ppump,HAHA,HAHA,solana,0.0005429,16384,131072,2097152,2097152,65536,524288,524288,94,56,854,619,1775797888000,pumpswap,REPEAT
2026-04-10T11:56:57.485Z,2ecWqqjWZ5hkYLHzCn9TEn2DtpVdNvMicLf3RzfLpump,Chicky,Official Chicky Coin,solana,0.0001021,512,4096,65536,131072,32768,131072,131072,7,2,42,35,1774972475000,pumpswap,REPEAT
2026-04-10T11:56:57.485Z,82MmG1uH2BWLyoU7VCFYMohP9CT63q5paiKHAAAn3zWx,ANIME,Anime Bitcoin,solana,0.0004642,256,16384,65536,131072,65536,524288,524288,13,12,149,191,1743542810000,pumpswap,REPEAT
2026-04-10T12:01:57.485Z,BFiGUxnidogqcZAPVPDZRCfhx3nXnFLYqpQUaUGpump,SPIKE,SPIKE ,solana,0.004231,4096,65536,262144,2097152,131072,4194304,4194304,24,23,283,249,1775608621000,pumpswap,REPEAT
2026-04-10T12:01:57.485Z,GD6MvqNaC3e9rPSSqVkR5G5Mb22GkdbZEUG5U7nJpump,meanpippin,mean pippin,solana,0.00005528,256,1024,2048,2048,16384,65536,65536,2,,14,10,1772105698000,pumpswap,REPEAT
2026-04-10T12:01:57.485Z,2FA7coJHybL6b7xexyGc8BBV1kKdo5k4B2vQSdtupump,TRUMPY,TRUMPY,solana,0.000003863,128,524288,1048576,1048576,4096,4096,4096,3,10,1689,1685,1775814673000,pumpswap,REPEAT
2026-04-10T12:01:57.485Z,2PXZ2Q55YNttMiZ2e4owrAjoevFAwkKSqYy6D6cGpump,MATT,Matt Furry,solana,0.0004005,8192,131072,524288,524288,65536,524288,524288,43,19,2573,2903,1775809207000,pumpswap,REPEAT
2026-04-10T12:01:57.485Z,2PXZ2Q55YNttMiZ2e4owrAjoevFAwkKSqYy6D6cGpump,MATT,Matt Furry,solana,0.0004005,8192,131072,524288,524288,65536,524288,524288,43,19,2573,2903,1775809207000,pumpswap,REPEAT
2026-04-10T12:01:57.485Z,6bo24bcyFELFKJJKSvNrWPHqWYxJi48PrwQ3R1fmpump,Wcoin,chasing that w ,solana,0.02096,131072,1048576,4194304,4194304,65536,33554432,33554432,1128,869,11829,8158,1775801529000,pumpswap,REPEAT
2026-04-10T12:01:57.485Z,4msaLXA5qc2XR8pc4jcgbYJCKrscFKmPs82v6Jrnpump,Yehun,늑대개,solana,0.000003150,128,16384,65536,65536,,4096,4096,22,5,438,320,1775817837000,pumpfun,REPEAT
2026-04-10T12:01:57.485Z,9AEtb967xTMosjp9XFhvHLhscPNYgDWc15jFAZR8pump,RƎ́V,REVÉRSÉ SOCIETY,solana,0.0002363,512,2048,8192,32768,32768,262144,262144,2,9,23,28,1775691640000,pumpswap,REPEAT
2026-04-10T12:01:57.485Z,DBJmh4VjGHmE2SMsBRaBToRuhtgRz3R2okToQJ2pump,RUNNER,RUNNER,solana,0.000002368,128,2048,524288,524288,4096,2048,2048,42,29,819,587,1775817082000,pumpswap,REPEAT
2026-04-10T12:01:57.485Z,98t9PEJF5QvAdGhu3MuQ2ww57NkRV1Rg7evSZNFxpump,$BABYTAN,BabyTan,solana,0.00001067,4,512,8192,16384,,8192,8192,1,,8,8,1775571529000,pumpfun,REPEAT
2026-04-10T12:01:57.485Z,5PGfjC8z3p3gh1Hdj329zL1PNX4Zv8Up7HTMfNhzpump,BBQ,バーベキュコイン,solana,0.00001580,128,256,2048,4096,8192,16384,16384,,2,2,5,1774952325000,pumpswap,REPEAT
2026-04-10T12:01:57.485Z,EMoVDQ2aMyVq3GGRvawjtDHmwS3KgWF4BRuXGbqYaUBV,EMOji,EMOji,solana,0.000003803,0,131072,2097152,2097152,4096,4096,4096,,1,793,1039,1775812642000,pumpswap,REPEAT
2026-04-10T12:01:57.485Z,2PXZ2Q55YNttMiZ2e4owrAjoevFAwkKSqYy6D6cGpump,MATT,Matt Furry,solana,0.0004005,8192,131072,524288,524288,65536,524288,524288,43,19,2573,2903,1775809207000,pumpswap,REPEAT
2026-04-10T12:01:57.485Z,54oYnRG6DZ4joivbKRUiW1k7dn2MhnhjMNHd1NBDpump,DURR,DURR,solana,0.00002685,256,8192,16384,65536,,32768,32768,5,6,95,161,1775679289000,pumpfun,REPEAT
2026-04-10T12:01:57.485Z,FquUHKWfMUdSMxxSU9ZWrSc98hvTXeMnQn9nksSKpump,42069,42069,solana,0.00001439,64,1024,16384,16384,16384,16384,16384,3,2,26,13,1767602540000,pumpswap,REPEAT
2026-04-10T12:01:57.485Z,FquUHKWfMUdSMxxSU9ZWrSc98hvTXeMnQn9nksSKpump,42069,42069,solana,0.00001439,64,1024,16384,16384,16384,16384,16384,3,2,26,13,1767602540000,pumpswap,REPEAT
2026-04-10T12:01:57.485Z,9iNsBjDCSG1WJzQDj9QWnGop4eYDQX4hczjAyzqukH7v,DD7,DOUBLE D 7,solana,0.000002258,,128,65536,65536,4096,2048,2048,,,5,9,1775811711000,pumpswap,REPEAT
2026-04-10T12:01:57.485Z,C9wHT2Qh9gJbr16VwYXyhK6ow11VhKpqarTqXWzVpump,MaggieChan,マギーちゃん,solana,0.000002513,,8,65536,65536,,2048,2048,,,,4,1775809545000,pumpfun,REPEAT
2026-04-10T12:01:57.485Z,5eXiGxEYTauPupHfaA2r7BDAcLpK6yL5eZ4LCMP9pump,Angol,앵알이,solana,0.000002366,,128,32768,32768,,2048,2048,,,1,4,1775810044000,pumpfun,REPEAT
2026-04-10T12:01:57.485Z,E67wgnNewaoW1dHz3xPqCjWUY5ntAaGw2uz9Bd1vdoge,DENO,Deno Land,solana,0.00006716,4,2048,16384,32768,16384,65536,65536,,1,15,8,1772482423000,meteora,REPEAT
2026-04-10T12:01:57.485Z,FdUmX7zQSZgPxt1D7rtbKQisP4a2MXyejAxEnVvepump,Stoic,Stoicism ,solana,0.0001066,1024,32768,262144,1048576,32768,131072,131072,30,16,525,317,1775773975000,pumpswap,REPEAT
2026-04-10T12:01:57.485Z,DLsGGp9se7uUzE1SKbWD4hur1c9bjXnK3ADUejXJpump,T26,PROJECT T26 COIN,solana,0.00002644,4,512,8192,8192,16384,32768,32768,,1,15,8,1775801805000,pumpswap,REPEAT
2026-04-10T12:01:57.485Z,8ZHLjQy2SJTvJ65HG8GQP2zjKa2R5Gify2xXrfZzpump,Cease,Cease Fire,solana,0.000003277,,,1024,1024,,4096,4096,,,,,1775803114000,pumpfun,REPEAT
2026-04-10T12:01:57.485Z,BgSBbGpELTyuYXyU1C2v3jcAvJdCq1R6XEo1HaxYpump,BIZY,Bizy,solana,0.000002375,,2,2097152,2097152,4096,2048,2048,,,1,1,1775800328000,pumpswap,REPEAT
2026-04-10T12:01:57.485Z,2pDdYPaT2Ww2aVPoa1mw2P8gokctwk8b4ifkNfBApump,pisscoin,pisscoin,solana,0.00001891,,16,2048,8192,16384,16384,16384,,,1,,1774571155000,pumpswap,REPEAT
2026-04-10T12:01:57.485Z,GxJjdCrPzYnEBjnyoq5gsqed6TqKoAQJ3NtmajPpump,SBTI,SBTI,solana,0.001463,32768,524288,8388608,8388608,131072,1048576,1048576,209,200,2527,2702,1775800461000,pumpswap,REPEAT
2026-04-10T12:01:57.485Z,CmtYYjTBYxj5ExeyREFoM5gMNDo4GQ4sjrE7Vx9upump,HUNTER,HunterBidenSmokingCrackCoin,solana,0.000004434,64,1024,16384,65536,4096,4096,4096,3,,26,29,1775796857000,pumpswap,REPEAT
2026-04-10T12:01:57.485Z,6DUdwjXtqJKrNFQBQzsaPW7pP2EZg2hbQ92NBi9Ppump,HAHA,HAHA,solana,0.0006581,8192,131072,2097152,2097152,65536,524288,524288,45,36,843,605,1775797888000,pumpswap,REPEAT
2026-04-10T12:01:57.485Z,2ecWqqjWZ5hkYLHzCn9TEn2DtpVdNvMicLf3RzfLpump,Chicky,Official Chicky Coin,solana,0.0001080,512,4096,32768,131072,32768,131072,131072,10,1,46,27,1774972475000,pumpswap,REPEAT
2026-04-10T12:01:57.485Z,82MmG1uH2BWLyoU7VCFYMohP9CT63q5paiKHAAAn3zWx,ANIME,Anime Bitcoin,solana,0.0004658,128,8192,65536,131072,65536,524288,524288,5,7,139,191,1743542810000,pumpswap,REPEAT
2026-04-10T12:06:57.486Z,BFiGUxnidogqcZAPVPDZRCfhx3nXnFLYqpQUaUGpump,SPIKE,SPIKE ,solana,0.004451,4096,65536,262144,2097152,131072,4194304,4194304,31,22,287,247,1775608621000,pumpswap,REPEAT
2026-04-10T12:06:57.486Z,GD6MvqNaC3e9rPSSqVkR5G5Mb22GkdbZEUG5U7nJpump,meanpippin,mean pippin,solana,0.00005528,,1024,2048,2048,16384,65536,65536,,,14,10,1772105698000,pumpswap,REPEAT
2026-04-10T12:06:57.486Z,2FA7coJHybL6b7xexyGc8BBV1kKdo5k4B2vQSdtupump,TRUMPY,TRUMPY,solana,0.000003868,512,524288,1048576,1048576,4096,4096,4096,8,4,1484,1519,1775814673000,pumpswap,REPEAT
2026-04-10T12:06:57.486Z,2PXZ2Q55YNttMiZ2e4owrAjoevFAwkKSqYy6D6cGpump,MATT,Matt Furry,solana,0.0004224,8192,131072,524288,524288,65536,524288,524288,43,25,779,559,1775809207000,pumpswap,REPEAT
2026-04-10T12:06:57.486Z,2PXZ2Q55YNttMiZ2e4owrAjoevFAwkKSqYy6D6cGpump,MATT,Matt Furry,solana,0.0004224,8192,131072,524288,524288,65536,524288,524288,43,25,779,559,1775809207000,pumpswap,REPEAT
2026-04-10T12:06:57.486Z,6bo24bcyFELFKJJKSvNrWPHqWYxJi48PrwQ3R1fmpump,Wcoin,chasing that w ,solana,0.02217,65536,1048576,4194304,4194304,65536,33554432,33554432,420,412,11292,7982,1775801529000,pumpswap,REPEAT
2026-04-10T12:06:57.486Z,4msaLXA5qc2XR8pc4jcgbYJCKrscFKmPs82v6Jrnpump,Yehun,늑대개,solana,0.000003102,32,16384,65536,65536,,4096,4096,,5,389,287,1775817837000,pumpfun,REPEAT
2026-04-10T12:06:57.486Z,9AEtb967xTMosjp9XFhvHLhscPNYgDWc15jFAZR8pump,RƎ́V,REVÉRSÉ SOCIETY,solana,0.0002363,,2048,8192,32768,32768,262144,262144,,,22,27,1775691640000,pumpswap,REPEAT
2026-04-10T12:06:57.486Z,DBJmh4VjGHmE2SMsBRaBToRuhtgRz3R2okToQJ2pump,RUNNER,RUNNER,solana,0.000002345,2,1024,524288,524288,4096,2048,2048,49,30,795,547,1775817082000,pumpswap,REPEAT
2026-04-10T12:06:57.486Z,98t9PEJF5QvAdGhu3MuQ2ww57NkRV1Rg7evSZNFxpump,$BABYTAN,BabyTan,solana,0.00001065,8,512,8192,16384,,8192,8192,,1,6,8,1775571529000,pumpfun,REPEAT
2026-04-10T12:06:57.486Z,5PGfjC8z3p3gh1Hdj329zL1PNX4Zv8Up7HTMfNhzpump,BBQ,バーベキュコイン,solana,0.00001580,,256,2048,4096,8192,16384,16384,,,2,5,1774952325000,pumpswap,REPEAT
2026-04-10T12:06:57.486Z,EMoVDQ2aMyVq3GGRvawjtDHmwS3KgWF4BRuXGbqYaUBV,EMOji,EMOji,solana,0.000002858,512,65536,2097152,2097152,4096,2048,2048,3,10,486,809,1775812642000,pumpswap,REPEAT
2026-04-10T12:06:57.486Z,2PXZ2Q55YNttMiZ2e4owrAjoevFAwkKSqYy6D6cGpump,MATT,Matt Furry,solana,0.0004224,8192,131072,524288,524288,65536,524288,524288,43,25,779,559,1775809207000,pumpswap,REPEAT
2026-04-10T12:06:57.486Z,54oYnRG6DZ4joivbKRUiW1k7dn2MhnhjMNHd1NBDpump,DURR,DURR,solana,0.00002699,128,8192,16384,65536,,32768,32768,5,2,92,116,1775679289000,pumpfun,REPEAT
2026-04-10T12:06:57.486Z,FquUHKWfMUdSMxxSU9ZWrSc98hvTXeMnQn9nksSKpump,42069,42069,solana,0.00001535,1024,2048,16384,32768,16384,16384,16384,9,11,37,24,1767602540000,pumpswap,REPEAT
2026-04-10T12:06:57.486Z,FquUHKWfMUdSMxxSU9ZWrSc98hvTXeMnQn9nksSKpump,42069,42069,solana,0.00001535,1024,2048,16384,32768,16384,16384,16384,9,11,37,24,1767602540000,pumpswap,REPEAT
2026-04-10T12:06:57.486Z,9iNsBjDCSG1WJzQDj9QWnGop4eYDQX4hczjAyzqukH7v,DD7,DOUBLE D 7,solana,0.000002258,,128,65536,65536,4096,2048,2048,,,5,9,1775811711000,pumpswap,REPEAT
2026-04-10T12:06:57.486Z,C9wHT2Qh9gJbr16VwYXyhK6ow11VhKpqarTqXWzVpump,MaggieChan,マギーちゃん,solana,0.000002513,,8,65536,65536,,2048,2048,,,,4,1775809545000,pumpfun,REPEAT
2026-04-10T12:06:57.486Z,5eXiGxEYTauPupHfaA2r7BDAcLpK6yL5eZ4LCMP9pump,Angol,앵알이,solana,0.000002367,1,128,32768,32768,,2048,2048,,1,1,4,1775810044000,pumpfun,REPEAT
2026-04-10T12:06:57.486Z,E67wgnNewaoW1dHz3xPqCjWUY5ntAaGw2uz9Bd1vdoge,DENO,Deno Land,solana,0.00006718,2,2048,16384,32768,16384,65536,65536,2,,17,8,1772482423000,meteora,REPEAT
2026-04-10T12:06:57.486Z,FdUmX7zQSZgPxt1D7rtbKQisP4a2MXyejAxEnVvepump,Stoic,Stoicism ,solana,0.0001130,4096,32768,262144,1048576,32768,131072,131072,35,22,490,293,1775773975000,pumpswap,REPEAT
2026-04-10T12:06:57.486Z,DLsGGp9se7uUzE1SKbWD4hur1c9bjXnK3ADUejXJpump,T26,PROJECT T26 COIN,solana,0.00002762,8,512,8192,8192,16384,32768,32768,1,,17,8,1775801805000,pumpswap,REPEAT
2026-04-10T12:06:57.486Z,8ZHLjQy2SJTvJ65HG8GQP2zjKa2R5Gify2xXrfZzpump,Cease,Cease Fire,solana,0.000003277,,,1024,1024,,4096,4096,,,,,1775803114000,pumpfun,REPEAT
2026-04-10T12:06:57.486Z,BgSBbGpELTyuYXyU1C2v3jcAvJdCq1R6XEo1HaxYpump,BIZY,Bizy,solana,0.000002375,,2,2097152,2097152,4096,2048,2048,,,1,1,1775800328000,pumpswap,REPEAT
2026-04-10T12:06:57.486Z,2pDdYPaT2Ww2aVPoa1mw2P8gokctwk8b4ifkNfBApump,pisscoin,pisscoin,solana,0.00001891,,16,2048,8192,16384,16384,16384,,,1,,1774571155000,pumpswap,REPEAT
2026-04-10T12:06:57.486Z,GxJjdCrPzYnEBjnyoq5gsqed6TqKoAQJ3NtmajPpump,SBTI,SBTI,solana,0.001591,32768,524288,8388608,8388608,131072,2097152,2097152,201,189,2529,2664,1775800461000,pumpswap,REPEAT
2026-04-10T12:06:57.486Z,CmtYYjTBYxj5ExeyREFoM5gMNDo4GQ4sjrE7Vx9upump,HUNTER,HunterBidenSmokingCrackCoin,solana,0.000004623,64,1024,16384,65536,4096,4096,4096,6,,31,25,1775796857000,pumpswap,REPEAT
2026-04-10T12:06:57.486Z,6DUdwjXtqJKrNFQBQzsaPW7pP2EZg2hbQ92NBi9Ppump,HAHA,HAHA,solana,0.0005150,32768,262144,2097152,2097152,65536,524288,524288,139,99,923,657,1775797888000,pumpswap,REPEAT
2026-04-10T12:06:57.486Z,2ecWqqjWZ5hkYLHzCn9TEn2DtpVdNvMicLf3RzfLpump,Chicky,Official Chicky Coin,solana,0.0001065,128,4096,32768,131072,32768,131072,131072,3,2,48,30,1774972475000,pumpswap,REPEAT
2026-04-10T12:06:57.486Z,82MmG1uH2BWLyoU7VCFYMohP9CT63q5paiKHAAAn3zWx,ANIME,Anime Bitcoin,solana,0.0004592,1024,8192,65536,131072,65536,524288,524288,10,5,135,181,1743542810000,pumpswap,REPEAT
2026-04-10T12:11:57.486Z,BFiGUxnidogqcZAPVPDZRCfhx3nXnFLYqpQUaUGpump,SPIKE,SPIKE ,solana,0.004540,4096,65536,262144,2097152,131072,4194304,4194304,21,24,294,251,1775608621000,pumpswap,REPEAT
2026-04-10T12:11:57.486Z,GD6MvqNaC3e9rPSSqVkR5G5Mb22GkdbZEUG5U7nJpump,meanpippin,mean pippin,solana,0.00005528,,1024,2048,2048,16384,65536,65536,,,14,10,1772105698000,pumpswap,REPEAT
2026-04-10T12:11:57.486Z,2FA7coJHybL6b7xexyGc8BBV1kKdo5k4B2vQSdtupump,TRUMPY,TRUMPY,solana,0.000004046,128,524288,1048576,1048576,4096,4096,4096,4,2,1305,1368,1775814673000,pumpswap,REPEAT
2026-04-10T12:11:57.486Z,2PXZ2Q55YNttMiZ2e4owrAjoevFAwkKSqYy6D6cGpump,MATT,Matt Furry,solana,0.0004239,8192,131072,524288,524288,65536,524288,524288,53,32,518,311,1775809207000,pumpswap,REPEAT
2026-04-10T12:11:57.486Z,2PXZ2Q55YNttMiZ2e4owrAjoevFAwkKSqYy6D6cGpump,MATT,Matt Furry,solana,0.0004239,8192,131072,524288,524288,65536,524288,524288,53,32,518,311,1775809207000,pumpswap,REPEAT
2026-04-10T12:11:57.486Z,6bo24bcyFELFKJJKSvNrWPHqWYxJi48PrwQ3R1fmpump,Wcoin,chasing that w ,solana,0.01910,131072,1048576,4194304,4194304,65536,33554432,33554432,799,578,11092,7960,1775801529000,pumpswap,REPEAT
2026-04-10T12:11:57.486Z,4msaLXA5qc2XR8pc4jcgbYJCKrscFKmPs82v6Jrnpump,Yehun,늑대개,solana,0.000003094,256,16384,65536,65536,,4096,4096,3,4,366,261,1775817837000,pumpfun,REPEAT
2026-04-10T12:11:57.486Z,9AEtb967xTMosjp9XFhvHLhscPNYgDWc15jFAZR8pump,RƎ́V,REVÉRSÉ SOCIETY,solana,0.0002368,4,1024,8192,32768,32768,262144,262144,1,,19,27,1775691640000,pumpswap,REPEAT
2026-04-10T12:11:57.486Z,DBJmh4VjGHmE2SMsBRaBToRuhtgRz3R2okToQJ2pump,RUNNER,RUNNER,solana,0.000002285,32,1024,524288,524288,4096,2048,2048,53,31,782,527,1775817082000,pumpswap,REPEAT
2026-04-10T12:11:57.486Z,98t9PEJF5QvAdGhu3MuQ2ww57NkRV1Rg7evSZNFxpump,$BABYTAN,BabyTan,solana,0.00001065,,512,8192,16384,,8192,8192,,,3,6,1775571529000,pumpfun,REPEAT
2026-04-10T12:11:57.486Z,5PGfjC8z3p3gh1Hdj329zL1PNX4Zv8Up7HTMfNhzpump,BBQ,バーベキュコイン,solana,0.00001543,256,512,2048,8192,8192,16384,16384,7,1,7,5,1774952325000,pumpswap,REPEAT
2026-04-10T12:11:57.486Z,EMoVDQ2aMyVq3GGRvawjtDHmwS3KgWF4BRuXGbqYaUBV,EMOji,EMOji,solana,0.000002918,32,32768,2097152,2097152,4096,4096,4096,1,4,248,595,1775812642000,pumpswap,REPEAT
2026-04-10T12:11:57.486Z,2PXZ2Q55YNttMiZ2e4owrAjoevFAwkKSqYy6D6cGpump,MATT,Matt Furry,solana,0.0004239,8192,131072,524288,524288,65536,524288,524288,53,32,518,311,1775809207000,pumpswap,REPEAT
2026-04-10T12:11:57.486Z,54oYnRG6DZ4joivbKRUiW1k7dn2MhnhjMNHd1NBDpump,DURR,DURR,solana,0.00002448,1024,8192,16384,65536,,32768,32768,9,5,89,103,1775679289000,pumpfun,REPEAT
2026-04-10T12:11:57.486Z,FquUHKWfMUdSMxxSU9ZWrSc98hvTXeMnQn9nksSKpump,42069,42069,solana,0.00001501,32,2048,16384,32768,16384,16384,16384,,2,33,25,1767602540000,pumpswap,REPEAT
2026-04-10T12:11:57.486Z,FquUHKWfMUdSMxxSU9ZWrSc98hvTXeMnQn9nksSKpump,42069,42069,solana,0.00001501,32,2048,16384,32768,16384,16384,16384,,2,33,25,1767602540000,pumpswap,REPEAT
2026-04-10T12:11:57.486Z,9iNsBjDCSG1WJzQDj9QWnGop4eYDQX4hczjAyzqukH7v,DD7,DOUBLE D 7,solana,0.000002591,0,256,65536,65536,4096,2048,2048,1,,8,8,1775811711000,pumpswap,REPEAT
2026-04-10T12:11:57.486Z,C9wHT2Qh9gJbr16VwYXyhK6ow11VhKpqarTqXWzVpump,MaggieChan,マギーちゃん,solana,0.000002513,,8,65536,65536,,2048,2048,,,,3,1775809545000,pumpfun,REPEAT
2026-04-10T12:11:57.486Z,5eXiGxEYTauPupHfaA2r7BDAcLpK6yL5eZ4LCMP9pump,Angol,앵알이,solana,0.000002361,1,128,32768,32768,,2048,2048,,1,1,5,1775810044000,pumpfun,REPEAT
2026-04-10T12:11:57.486Z,E67wgnNewaoW1dHz3xPqCjWUY5ntAaGw2uz9Bd1vdoge,DENO,Deno Land,solana,0.00006884,128,2048,16384,32768,16384,65536,65536,4,1,20,9,1772482423000,meteora,REPEAT
2026-04-10T12:11:57.486Z,FdUmX7zQSZgPxt1D7rtbKQisP4a2MXyejAxEnVvepump,Stoic,Stoicism ,solana,0.0001165,2048,32768,262144,1048576,32768,131072,131072,51,24,490,289,1775773975000,pumpswap,REPEAT
2026-04-10T12:11:57.486Z,DLsGGp9se7uUzE1SKbWD4hur1c9bjXnK3ADUejXJpump,T26,PROJECT T26 COIN,solana,0.00002510,256,1024,8192,8192,16384,32768,32768,,9,17,17,1775801805000,pumpswap,REPEAT
2026-04-10T12:11:57.486Z,8ZHLjQy2SJTvJ65HG8GQP2zjKa2R5Gify2xXrfZzpump,Cease,Cease Fire,solana,0.000003277,,,1024,1024,,4096,4096,,,,,1775803114000,pumpfun,REPEAT
2026-04-10T12:11:57.486Z,BgSBbGpELTyuYXyU1C2v3jcAvJdCq1R6XEo1HaxYpump,BIZY,Bizy,solana,0.000002375,,2,1048576,2097152,4096,2048,2048,,,1,1,1775800328000,pumpswap,REPEAT
2026-04-10T12:11:57.486Z,2pDdYPaT2Ww2aVPoa1mw2P8gokctwk8b4ifkNfBApump,pisscoin,pisscoin,solana,0.00001891,,16,2048,8192,16384,16384,16384,,,1,,1774571155000,pumpswap,REPEAT
2026-04-10T12:11:57.486Z,GxJjdCrPzYnEBjnyoq5gsqed6TqKoAQJ3NtmajPpump,SBTI,SBTI,solana,0.001458,32768,524288,8388608,8388608,131072,1048576,1048576,198,184,2528,2632,1775800461000,pumpswap,REPEAT
2026-04-10T12:11:57.486Z,CmtYYjTBYxj5ExeyREFoM5gMNDo4GQ4sjrE7Vx9upump,HUNTER,HunterBidenSmokingCrackCoin,solana,0.000005080,32,1024,16384,65536,4096,4096,4096,4,1,38,27,1775796857000,pumpswap,REPEAT
2026-04-10T12:11:57.486Z,6DUdwjXtqJKrNFQBQzsaPW7pP2EZg2hbQ92NBi9Ppump,HAHA,HAHA,solana,0.0005757,8192,262144,2097152,2097152,65536,524288,524288,55,32,939,669,1775797888000,pumpswap,REPEAT
2026-04-10T12:11:57.486Z,2ecWqqjWZ5hkYLHzCn9TEn2DtpVdNvMicLf3RzfLpump,Chicky,Official Chicky Coin,solana,0.0001076,256,4096,32768,131072,32768,131072,131072,13,1,59,27,1774972475000,pumpswap,REPEAT
2026-04-10T12:16:57.486Z,a7S4SdsC87PW9udt4pBEjJiK3v6zLEfyo83XszYpump,HYPER,Hyperlaunch,solana,0.00002686,64,4096,32768,65536,,32768,32768,9,1,85,58,1775789209000,pumpfun,NEW
2026-04-10T12:16:57.486Z,BFiGUxnidogqcZAPVPDZRCfhx3nXnFLYqpQUaUGpump,SPIKE,SPIKE ,solana,0.004525,4096,65536,262144,2097152,131072,4194304,4194304,17,23,294,254,1775608621000,pumpswap,REPEAT
2026-04-10T12:16:57.486Z,GD6MvqNaC3e9rPSSqVkR5G5Mb22GkdbZEUG5U7nJpump,meanpippin,mean pippin,solana,0.00005540,16,1024,2048,4096,16384,65536,65536,1,,14,10,1772105698000,pumpswap,REPEAT
2026-04-10T12:16:57.486Z,2FA7coJHybL6b7xexyGc8BBV1kKdo5k4B2vQSdtupump,TRUMPY,TRUMPY,solana,0.000004274,64,262144,1048576,1048576,4096,4096,4096,3,1,1128,1215,1775814673000,pumpswap,REPEAT
2026-04-10T12:16:57.486Z,2PXZ2Q55YNttMiZ2e4owrAjoevFAwkKSqYy6D6cGpump,MATT,Matt Furry,solana,0.0004207,16384,131072,524288,524288,65536,524288,524288,42,40,515,316,1775809207000,pumpswap,REPEAT
2026-04-10T12:16:57.486Z,2PXZ2Q55YNttMiZ2e4owrAjoevFAwkKSqYy6D6cGpump,MATT,Matt Furry,solana,0.0004207,16384,131072,524288,524288,65536,524288,524288,42,40,515,316,1775809207000,pumpswap,REPEAT
2026-04-10T12:16:57.486Z,6bo24bcyFELFKJJKSvNrWPHqWYxJi48PrwQ3R1fmpump,Wcoin,chasing that w ,solana,0.01435,131072,1048576,4194304,4194304,65536,33554432,33554432,521,431,10661,7830,1775801529000,pumpswap,REPEAT
2026-04-10T12:16:57.486Z,4msaLXA5qc2XR8pc4jcgbYJCKrscFKmPs82v6Jrnpump,Yehun,늑대개,solana,0.000003091,2,16384,65536,65536,,4096,4096,25,2,343,222,1775817837000,pumpfun,REPEAT
2026-04-10T12:16:57.486Z,9AEtb967xTMosjp9XFhvHLhscPNYgDWc15jFAZR8pump,RƎ́V,REVÉRSÉ SOCIETY,solana,0.0002362,64,1024,8192,32768,32768,262144,262144,2,1,20,25,1775691640000,pumpswap,REPEAT
2026-04-10T12:16:57.486Z,DBJmh4VjGHmE2SMsBRaBToRuhtgRz3R2okToQJ2pump,RUNNER,RUNNER,solana,0.000002568,128,1024,524288,524288,4096,2048,2048,60,34,773,509,1775817082000,pumpswap,REPEAT
2026-04-10T12:16:57.486Z,98t9PEJF5QvAdGhu3MuQ2ww57NkRV1Rg7evSZNFxpump,$BABYTAN,BabyTan,solana,0.00001085,64,512,8192,16384,,8192,8192,2,,4,5,1775571529000,pumpfun,REPEAT
2026-04-10T12:16:57.486Z,5PGfjC8z3p3gh1Hdj329zL1PNX4Zv8Up7HTMfNhzpump,BBQ,バーベキュコイン,solana,0.00001543,,512,2048,8192,8192,16384,16384,,,7,5,1774952325000,pumpswap,REPEAT
2026-04-10T12:16:57.486Z,EMoVDQ2aMyVq3GGRvawjtDHmwS3KgWF4BRuXGbqYaUBV,EMOji,EMOji,solana,0.000002872,32,2048,2097152,2097152,4096,2048,2048,1,2,67,102,1775812642000,pumpswap,REPEAT
2026-04-10T12:16:57.486Z,2PXZ2Q55YNttMiZ2e4owrAjoevFAwkKSqYy6D6cGpump,MATT,Matt Furry,solana,0.0004207,16384,131072,524288,524288,65536,524288,524288,42,40,515,316,1775809207000,pumpswap,REPEAT
2026-04-10T12:16:57.486Z,54oYnRG6DZ4joivbKRUiW1k7dn2MhnhjMNHd1NBDpump,DURR,DURR,solana,0.00002369,256,8192,16384,65536,,32768,32768,3,5,87,76,1775679289000,pumpfun,REPEAT
2026-04-10T12:16:57.486Z,FquUHKWfMUdSMxxSU9ZWrSc98hvTXeMnQn9nksSKpump,42069,42069,solana,0.00001629,256,2048,16384,32768,16384,16384,16384,6,,39,25,1767602540000,pumpswap,REPEAT
2026-04-10T12:16:57.486Z,FquUHKWfMUdSMxxSU9ZWrSc98hvTXeMnQn9nksSKpump,42069,42069,solana,0.00001629,256,2048,16384,32768,16384,16384,16384,6,,39,25,1767602540000,pumpswap,REPEAT
2026-04-10T12:16:57.486Z,9iNsBjDCSG1WJzQDj9QWnGop4eYDQX4hczjAyzqukH7v,DD7,DOUBLE D 7,solana,0.000002558,1024,1024,65536,65536,4096,2048,2048,16,8,24,15,1775811711000,pumpswap,REPEAT
2026-04-10T12:16:57.486Z,C9wHT2Qh9gJbr16VwYXyhK6ow11VhKpqarTqXWzVpump,MaggieChan,マギーちゃん,solana,0.000002513,,8,65536,65536,,2048,2048,,,,3,1775809545000,pumpfun,REPEAT
2026-04-10T12:16:57.486Z,5eXiGxEYTauPupHfaA2r7BDAcLpK6yL5eZ4LCMP9pump,Angol,앵알이,solana,0.000002361,,32,32768,32768,,2048,2048,,,,3,1775810044000,pumpfun,REPEAT
2026-04-10T12:16:57.486Z,E67wgnNewaoW1dHz3xPqCjWUY5ntAaGw2uz9Bd1vdoge,DENO,Deno Land,solana,0.00006885,2,2048,16384,32768,16384,65536,65536,1,,21,9,1772482423000,meteora,REPEAT
2026-04-10T12:16:57.486Z,FdUmX7zQSZgPxt1D7rtbKQisP4a2MXyejAxEnVvepump,Stoic,Stoicism ,solana,0.0001172,4096,32768,262144,1048576,32768,131072,131072,46,43,500,302,1775773975000,pumpswap,REPEAT
2026-04-10T12:16:57.486Z,DLsGGp9se7uUzE1SKbWD4hur1c9bjXnK3ADUejXJpump,T26,PROJECT T26 COIN,solana,0.00002541,64,1024,8192,8192,16384,32768,32768,1,2,16,15,1775801805000,pumpswap,REPEAT
2026-04-10T12:16:57.486Z,8ZHLjQy2SJTvJ65HG8GQP2zjKa2R5Gify2xXrfZzpump,Cease,Cease Fire,solana,0.000003277,,,1024,1024,,4096,4096,,,,,1775803114000,pumpfun,REPEAT
2026-04-10T12:16:57.486Z,BgSBbGpELTyuYXyU1C2v3jcAvJdCq1R6XEo1HaxYpump,BIZY,Bizy,solana,0.000002375,,2,1048576,2097152,4096,2048,2048,,,1,1,1775800328000,pumpswap,REPEAT
2026-04-10T12:16:57.486Z,2pDdYPaT2Ww2aVPoa1mw2P8gokctwk8b4ifkNfBApump,pisscoin,pisscoin,solana,0.00001891,,16,2048,8192,16384,16384,16384,,,1,,1774571155000,pumpswap,REPEAT
2026-04-10T12:16:57.486Z,GxJjdCrPzYnEBjnyoq5gsqed6TqKoAQJ3NtmajPpump,SBTI,SBTI,solana,0.001434,32768,524288,8388608,8388608,131072,1048576,1048576,210,242,2548,2649,1775800461000,pumpswap,REPEAT
2026-04-10T12:16:57.486Z,CmtYYjTBYxj5ExeyREFoM5gMNDo4GQ4sjrE7Vx9upump,HUNTER,HunterBidenSmokingCrackCoin,solana,0.000005016,64,1024,16384,65536,4096,4096,4096,1,5,39,32,1775796857000,pumpswap,REPEAT
2026-04-10T12:16:57.486Z,6DUdwjXtqJKrNFQBQzsaPW7pP2EZg2hbQ92NBi9Ppump,HAHA,HAHA,solana,0.0005706,16384,262144,2097152,2097152,65536,524288,524288,64,57,941,677,1775797888000,pumpswap,REPEAT
2026-04-10T12:16:57.486Z,2ecWqqjWZ5hkYLHzCn9TEn2DtpVdNvMicLf3RzfLpump,Chicky,Official Chicky Coin,solana,0.0001091,512,4096,32768,131072,32768,131072,131072,3,4,56,29,1774972475000,pumpswap,REPEAT
2026-04-10T12:21:57.488Z,a7S4SdsC87PW9udt4pBEjJiK3v6zLEfyo83XszYpump,HYPER,Hyperlaunch,solana,0.00002574,512,4096,32768,65536,,32768,32768,7,4,84,57,1775789209000,pumpfun,REPEAT
2026-04-10T12:21:57.488Z,BFiGUxnidogqcZAPVPDZRCfhx3nXnFLYqpQUaUGpump,SPIKE,SPIKE ,solana,0.004645,4096,65536,262144,2097152,131072,4194304,4194304,18,26,287,258,1775608621000,pumpswap,REPEAT
2026-04-10T12:21:57.488Z,GD6MvqNaC3e9rPSSqVkR5G5Mb22GkdbZEUG5U7nJpump,meanpippin,mean pippin,solana,0.00005540,,1024,2048,4096,16384,65536,65536,,,13,9,1772105698000,pumpswap,REPEAT
2026-04-10T12:21:57.488Z,2FA7coJHybL6b7xexyGc8BBV1kKdo5k4B2vQSdtupump,TRUMPY,TRUMPY,solana,0.000004276,128,262144,1048576,1048576,4096,4096,4096,1,3,930,1052,1775814673000,pumpswap,REPEAT
2026-04-10T12:21:57.488Z,2PXZ2Q55YNttMiZ2e4owrAjoevFAwkKSqYy6D6cGpump,MATT,Matt Furry,solana,0.0004068,8192,131072,524288,524288,65536,524288,524288,32,39,518,337,1775809207000,pumpswap,REPEAT
2026-04-10T12:21:57.488Z,2PXZ2Q55YNttMiZ2e4owrAjoevFAwkKSqYy6D6cGpump,MATT,Matt Furry,solana,0.0004068,8192,131072,524288,524288,65536,524288,524288,32,39,518,337,1775809207000,pumpswap,REPEAT
2026-04-10T12:21:57.488Z,6bo24bcyFELFKJJKSvNrWPHqWYxJi48PrwQ3R1fmpump,Wcoin,chasing that w ,solana,0.01643,65536,1048576,4194304,4194304,65536,33554432,33554432,395,363,10045,7515,1775801529000,pumpswap,REPEAT
2026-04-10T12:21:57.488Z,4msaLXA5qc2XR8pc4jcgbYJCKrscFKmPs82v6Jrnpump,Yehun,늑대개,solana,0.000003091,,8192,65536,65536,,4096,4096,,,310,182,1775817837000,pumpfun,REPEAT
2026-04-10T12:21:57.488Z,9AEtb967xTMosjp9XFhvHLhscPNYgDWc15jFAZR8pump,RƎ́V,REVÉRSÉ SOCIETY,solana,0.0002369,16,1024,8192,32768,32768,262144,262144,1,,20,25,1775691640000,pumpswap,REPEAT
2026-04-10T12:21:57.488Z,DBJmh4VjGHmE2SMsBRaBToRuhtgRz3R2okToQJ2pump,RUNNER,RUNNER,solana,0.000002673,128,1024,524288,524288,4096,2048,2048,48,25,743,475,1775817082000,pumpswap,REPEAT
2026-04-10T12:21:57.488Z,98t9PEJF5QvAdGhu3MuQ2ww57NkRV1Rg7evSZNFxpump,$BABYTAN,BabyTan,solana,0.00001072,32,128,8192,16384,,8192,8192,,1,4,3,1775571529000,pumpfun,REPEAT
2026-04-10T12:21:57.488Z,5PGfjC8z3p3gh1Hdj329zL1PNX4Zv8Up7HTMfNhzpump,BBQ,バーベキュコイン,solana,0.00001543,,512,2048,8192,8192,16384,16384,,,7,5,1774952325000,pumpswap,REPEAT
2026-04-10T12:21:57.488Z,EMoVDQ2aMyVq3GGRvawjtDHmwS3KgWF4BRuXGbqYaUBV,EMOji,EMOji,solana,0.000002850,0,2048,2097152,2097152,4096,2048,2048,,1,40,71,1775812642000,pumpswap,REPEAT
2026-04-10T12:21:57.488Z,2PXZ2Q55YNttMiZ2e4owrAjoevFAwkKSqYy6D6cGpump,MATT,Matt Furry,solana,0.0004068,8192,131072,524288,524288,65536,524288,524288,32,39,518,337,1775809207000,pumpswap,REPEAT
2026-04-10T12:21:57.488Z,54oYnRG6DZ4joivbKRUiW1k7dn2MhnhjMNHd1NBDpump,DURR,DURR,solana,0.00002332,256,4096,16384,65536,,32768,32768,2,4,77,65,1775679289000,pumpfun,REPEAT
2026-04-10T12:21:57.488Z,FquUHKWfMUdSMxxSU9ZWrSc98hvTXeMnQn9nksSKpump,42069,42069,solana,0.00001502,256,2048,16384,32768,16384,16384,16384,,3,39,27,1767602540000,pumpswap,REPEAT
2026-04-10T12:21:57.488Z,FquUHKWfMUdSMxxSU9ZWrSc98hvTXeMnQn9nksSKpump,42069,42069,solana,0.00001502,256,2048,16384,32768,16384,16384,16384,,3,39,27,1767602540000,pumpswap,REPEAT
2026-04-10T12:21:57.488Z,9iNsBjDCSG1WJzQDj9QWnGop4eYDQX4hczjAyzqukH7v,DD7,DOUBLE D 7,solana,0.000002577,16,1024,65536,65536,4096,2048,2048,1,,25,15,1775811711000,pumpswap,REPEAT
2026-04-10T12:21:57.488Z,C9wHT2Qh9gJbr16VwYXyhK6ow11VhKpqarTqXWzVpump,MaggieChan,マギーちゃん,solana,0.000002513,,8,65536,65536,,2048,2048,,,,3,1775809545000,pumpfun,REPEAT
2026-04-10T12:21:57.488Z,5eXiGxEYTauPupHfaA2r7BDAcLpK6yL5eZ4LCMP9pump,Angol,앵알이,solana,0.000002361,,32,32768,32768,,2048,2048,,,,3,1775810044000,pumpfun,REPEAT
2026-04-10T12:21:57.488Z,E67wgnNewaoW1dHz3xPqCjWUY5ntAaGw2uz9Bd1vdoge,DENO,Deno Land,solana,0.00007096,256,2048,16384,32768,16384,65536,65536,1,1,20,10,1772482423000,meteora,REPEAT
2026-04-10T12:21:57.488Z,FdUmX7zQSZgPxt1D7rtbKQisP4a2MXyejAxEnVvepump,Stoic,Stoicism ,solana,0.0001244,1024,32768,262144,1048576,32768,131072,131072,35,14,497,290,1775773975000,pumpswap,REPEAT
2026-04-10T12:21:57.488Z,DLsGGp9se7uUzE1SKbWD4hur1c9bjXnK3ADUejXJpump,T26,PROJECT T26 COIN,solana,0.00002577,16,1024,8192,8192,16384,32768,32768,1,,17,14,1775801805000,pumpswap,REPEAT
2026-04-10T12:21:57.488Z,8ZHLjQy2SJTvJ65HG8GQP2zjKa2R5Gify2xXrfZzpump,Cease,Cease Fire,solana,0.000003277,,,1024,1024,,4096,4096,,,,,1775803114000,pumpfun,REPEAT
2026-04-10T12:21:57.488Z,BgSBbGpELTyuYXyU1C2v3jcAvJdCq1R6XEo1HaxYpump,BIZY,Bizy,solana,0.000002375,,2,1048576,2097152,4096,2048,2048,,,1,1,1775800328000,pumpswap,REPEAT
2026-04-10T12:21:57.488Z,2pDdYPaT2Ww2aVPoa1mw2P8gokctwk8b4ifkNfBApump,pisscoin,pisscoin,solana,0.00001891,,,2048,8192,16384,16384,16384,,,,,1774571155000,pumpswap,REPEAT
2026-04-10T12:21:57.488Z,GxJjdCrPzYnEBjnyoq5gsqed6TqKoAQJ3NtmajPpump,SBTI,SBTI,solana,0.001362,32768,524288,8388608,8388608,131072,1048576,1048576,203,254,2554,2659,1775800461000,pumpswap,REPEAT
2026-04-10T12:21:57.488Z,CmtYYjTBYxj5ExeyREFoM5gMNDo4GQ4sjrE7Vx9upump,HUNTER,HunterBidenSmokingCrackCoin,solana,0.000004927,64,1024,16384,65536,4096,4096,4096,,1,35,30,1775796857000,pumpswap,REPEAT
2026-04-10T12:21:57.488Z,6DUdwjXtqJKrNFQBQzsaPW7pP2EZg2hbQ92NBi9Ppump,HAHA,HAHA,solana,0.0005465,8192,262144,2097152,2097152,65536,524288,524288,65,37,965,688,1775797888000,pumpswap,REPEAT
2026-04-10T12:21:57.488Z,2ecWqqjWZ5hkYLHzCn9TEn2DtpVdNvMicLf3RzfLpump,Chicky,Official Chicky Coin,solana,0.0001067,128,4096,32768,131072,32768,131072,131072,1,5,57,31,1774972475000,pumpswap,REPEAT
2026-04-10T12:26:57.488Z,a7S4SdsC87PW9udt4pBEjJiK3v6zLEfyo83XszYpump,HYPER,Hyperlaunch,solana,0.00002685,512,4096,32768,65536,,32768,32768,6,3,81,57,1775789209000,pumpfun,REPEAT
2026-04-10T12:26:57.488Z,BFiGUxnidogqcZAPVPDZRCfhx3nXnFLYqpQUaUGpump,SPIKE,SPIKE ,solana,0.004644,4096,65536,262144,2097152,131072,4194304,4194304,23,15,281,257,1775608621000,pumpswap,REPEAT
2026-04-10T12:26:57.488Z,GD6MvqNaC3e9rPSSqVkR5G5Mb22GkdbZEUG5U7nJpump,meanpippin,mean pippin,solana,0.00005540,,1024,2048,4096,16384,65536,65536,,,8,8,1772105698000,pumpswap,REPEAT
2026-04-10T12:26:57.488Z,2FA7coJHybL6b7xexyGc8BBV1kKdo5k4B2vQSdtupump,TRUMPY,TRUMPY,solana,0.000004472,64,262144,1048576,1048576,4096,4096,4096,4,3,737,855,1775814673000,pumpswap,REPEAT
2026-04-10T12:26:57.488Z,2PXZ2Q55YNttMiZ2e4owrAjoevFAwkKSqYy6D6cGpump,MATT,Matt Furry,solana,0.0003891,16384,131072,524288,524288,65536,524288,524288,58,25,541,338,1775809207000,pumpswap,REPEAT
2026-04-10T12:26:57.488Z,2PXZ2Q55YNttMiZ2e4owrAjoevFAwkKSqYy6D6cGpump,MATT,Matt Furry,solana,0.0003891,16384,131072,524288,524288,65536,524288,524288,58,25,541,338,1775809207000,pumpswap,REPEAT
2026-04-10T12:26:57.488Z,6bo24bcyFELFKJJKSvNrWPHqWYxJi48PrwQ3R1fmpump,Wcoin,chasing that w ,solana,0.01495,65536,1048576,4194304,4194304,65536,33554432,33554432,468,297,9475,7127,1775801529000,pumpswap,REPEAT
2026-04-10T12:26:57.488Z,4msaLXA5qc2XR8pc4jcgbYJCKrscFKmPs82v6Jrnpump,Yehun,늑대개,solana,0.000002999,32,4096,65536,65536,,4096,4096,,3,265,98,1775817837000,pumpfun,REPEAT
2026-04-10T12:26:57.488Z,9AEtb967xTMosjp9XFhvHLhscPNYgDWc15jFAZR8pump,RƎ́V,REVÉRSÉ SOCIETY,solana,0.0002506,512,2048,8192,32768,32768,262144,262144,11,,30,22,1775691640000,pumpswap,REPEAT
2026-04-10T12:26:57.488Z,DBJmh4VjGHmE2SMsBRaBToRuhtgRz3R2okToQJ2pump,RUNNER,RUNNER,solana,0.000002709,4,512,524288,524288,4096,2048,2048,42,28,716,452,1775817082000,pumpswap,REPEAT
2026-04-10T12:26:57.488Z,98t9PEJF5QvAdGhu3MuQ2ww57NkRV1Rg7evSZNFxpump,$BABYTAN,BabyTan,solana,0.00001072,,128,8192,16384,,8192,8192,,,4,3,1775571529000,pumpfun,REPEAT
2026-04-10T12:26:57.488Z,5PGfjC8z3p3gh1Hdj329zL1PNX4Zv8Up7HTMfNhzpump,BBQ,バーベキュコイン,solana,0.00001543,,512,2048,8192,8192,16384,16384,,,7,4,1774952325000,pumpswap,REPEAT
2026-04-10T12:26:57.488Z,EMoVDQ2aMyVq3GGRvawjtDHmwS3KgWF4BRuXGbqYaUBV,EMOji,EMOji,solana,0.000002943,64,1024,2097152,2097152,4096,4096,4096,1,,29,63,1775812642000,pumpswap,REPEAT
2026-04-10T12:26:57.488Z,2PXZ2Q55YNttMiZ2e4owrAjoevFAwkKSqYy6D6cGpump,MATT,Matt Furry,solana,0.0003891,16384,131072,524288,524288,65536,524288,524288,58,25,541,338,1775809207000,pumpswap,REPEAT
2026-04-10T12:26:57.488Z,54oYnRG6DZ4joivbKRUiW1k7dn2MhnhjMNHd1NBDpump,DURR,DURR,solana,0.00002326,128,4096,16384,65536,,32768,32768,4,1,64,45,1775679289000,pumpfun,REPEAT
2026-04-10T12:26:57.488Z,FquUHKWfMUdSMxxSU9ZWrSc98hvTXeMnQn9nksSKpump,42069,42069,solana,0.00001468,128,2048,16384,32768,16384,16384,16384,3,3,31,28,1767602540000,pumpswap,REPEAT
2026-04-10T12:26:57.488Z,FquUHKWfMUdSMxxSU9ZWrSc98hvTXeMnQn9nksSKpump,42069,42069,solana,0.00001468,128,2048,16384,32768,16384,16384,16384,3,3,31,28,1767602540000,pumpswap,REPEAT
2026-04-10T12:26:57.488Z,9iNsBjDCSG1WJzQDj9QWnGop4eYDQX4hczjAyzqukH7v,DD7,DOUBLE D 7,solana,0.000002542,16,1024,65536,65536,4096,2048,2048,,1,25,15,1775811711000,pumpswap,REPEAT
2026-04-10T12:26:57.488Z,C9wHT2Qh9gJbr16VwYXyhK6ow11VhKpqarTqXWzVpump,MaggieChan,マギーちゃん,solana,0.000002510,4,8,65536,65536,,2048,2048,,1,,3,1775809545000,pumpfun,REPEAT
2026-04-10T12:26:57.488Z,5eXiGxEYTauPupHfaA2r7BDAcLpK6yL5eZ4LCMP9pump,Angol,앵알이,solana,0.000002361,,32,32768,32768,,2048,2048,,,,3,1775810044000,pumpfun,REPEAT
2026-04-10T12:26:57.488Z,E67wgnNewaoW1dHz3xPqCjWUY5ntAaGw2uz9Bd1vdoge,DENO,Deno Land,solana,0.00007253,64,1024,16384,32768,16384,65536,65536,,1,20,6,1772482423000,meteora,REPEAT
2026-04-10T12:26:57.488Z,FdUmX7zQSZgPxt1D7rtbKQisP4a2MXyejAxEnVvepump,Stoic,Stoicism ,solana,0.0001286,4096,32768,262144,1048576,32768,131072,131072,37,37,475,305,1775773975000,pumpswap,REPEAT
2026-04-10T12:26:57.488Z,DLsGGp9se7uUzE1SKbWD4hur1c9bjXnK3ADUejXJpump,T26,PROJECT T26 COIN,solana,0.00002767,256,1024,8192,8192,16384,32768,32768,6,,19,14,1775801805000,pumpswap,REPEAT
2026-04-10T12:26:57.488Z,8ZHLjQy2SJTvJ65HG8GQP2zjKa2R5Gify2xXrfZzpump,Cease,Cease Fire,solana,0.000003277,,,1024,1024,,4096,4096,,,,,1775803114000,pumpfun,REPEAT
2026-04-10T12:26:57.488Z,BgSBbGpELTyuYXyU1C2v3jcAvJdCq1R6XEo1HaxYpump,BIZY,Bizy,solana,0.000002375,,1,1048576,2097152,4096,2048,2048,,,,1,1775800328000,pumpswap,REPEAT
2026-04-10T12:26:57.488Z,2pDdYPaT2Ww2aVPoa1mw2P8gokctwk8b4ifkNfBApump,pisscoin,pisscoin,solana,0.00001832,64,64,2048,8192,16384,16384,16384,,2,,2,1774571155000,pumpswap,REPEAT
2026-04-10T12:26:57.488Z,GxJjdCrPzYnEBjnyoq5gsqed6TqKoAQJ3NtmajPpump,SBTI,SBTI,solana,0.001297,32768,524288,8388608,8388608,131072,1048576,1048576,215,270,2563,2671,1775800461000,pumpswap,REPEAT
2026-04-10T12:26:57.488Z,CmtYYjTBYxj5ExeyREFoM5gMNDo4GQ4sjrE7Vx9upump,HUNTER,HunterBidenSmokingCrackCoin,solana,0.000004927,,1024,16384,65536,4096,4096,4096,,,30,25,1775796857000,pumpswap,REPEAT
2026-04-10T12:26:57.488Z,6DUdwjXtqJKrNFQBQzsaPW7pP2EZg2hbQ92NBi9Ppump,HAHA,HAHA,solana,0.0004948,16384,262144,2097152,2097152,65536,524288,524288,93,51,1004,690,1775797888000,pumpswap,REPEAT
2026-04-10T12:26:57.488Z,2ecWqqjWZ5hkYLHzCn9TEn2DtpVdNvMicLf3RzfLpump,Chicky,Official Chicky Coin,solana,0.0001049,64,4096,32768,131072,32768,131072,131072,1,4,55,34,1774972475000,pumpswap,REPEAT
2026-04-10T12:31:57.490Z,a7S4SdsC87PW9udt4pBEjJiK3v6zLEfyo83XszYpump,HYPER,Hyperlaunch,solana,0.00002810,1024,4096,32768,65536,,32768,32768,10,7,82,61,1775789209000,pumpfun,REPEAT
2026-04-10T12:31:57.490Z,BFiGUxnidogqcZAPVPDZRCfhx3nXnFLYqpQUaUGpump,SPIKE,SPIKE ,solana,0.004638,4096,65536,262144,2097152,131072,4194304,4194304,16,21,269,262,1775608621000,pumpswap,REPEAT
2026-04-10T12:31:57.490Z,GD6MvqNaC3e9rPSSqVkR5G5Mb22GkdbZEUG5U7nJpump,meanpippin,mean pippin,solana,0.00005540,,1024,2048,4096,16384,65536,65536,,,7,4,1772105698000,pumpswap,REPEAT
2026-04-10T12:31:57.490Z,2FA7coJHybL6b7xexyGc8BBV1kKdo5k4B2vQSdtupump,TRUMPY,TRUMPY,solana,0.000004501,1,131072,1048576,1048576,4096,4096,4096,1,1,576,694,1775814673000,pumpswap,REPEAT
2026-04-10T12:31:57.490Z,2PXZ2Q55YNttMiZ2e4owrAjoevFAwkKSqYy6D6cGpump,MATT,Matt Furry,solana,0.0003890,8192,131072,524288,524288,65536,524288,524288,32,30,528,350,1775809207000,pumpswap,REPEAT
2026-04-10T12:31:57.490Z,2PXZ2Q55YNttMiZ2e4owrAjoevFAwkKSqYy6D6cGpump,MATT,Matt Furry,solana,0.0003947,8192,131072,524288,524288,65536,524288,524288,37,33,533,353,1775809207000,pumpswap,REPEAT
2026-04-10T12:31:57.490Z,6bo24bcyFELFKJJKSvNrWPHqWYxJi48PrwQ3R1fmpump,Wcoin,chasing that w ,solana,0.01556,32768,1048576,4194304,4194304,65536,33554432,33554432,329,253,8767,6729,1775801529000,pumpswap,REPEAT
2026-04-10T12:31:57.490Z,4msaLXA5qc2XR8pc4jcgbYJCKrscFKmPs82v6Jrnpump,Yehun,늑대개,solana,0.000003010,8,4096,65536,65536,,4096,4096,10,2,242,83,1775817837000,pumpfun,REPEAT
2026-04-10T12:31:57.490Z,9AEtb967xTMosjp9XFhvHLhscPNYgDWc15jFAZR8pump,RƎ́V,REVÉRSÉ SOCIETY,solana,0.0002522,64,2048,8192,32768,32768,262144,262144,3,,31,20,1775691640000,pumpswap,REPEAT
2026-04-10T12:31:57.490Z,DBJmh4VjGHmE2SMsBRaBToRuhtgRz3R2okToQJ2pump,RUNNER,RUNNER,solana,0.000002667,64,512,524288,524288,4096,2048,2048,37,27,691,437,1775817082000,pumpswap,REPEAT
2026-04-10T12:31:57.490Z,98t9PEJF5QvAdGhu3MuQ2ww57NkRV1Rg7evSZNFxpump,$BABYTAN,BabyTan,solana,0.00001056,32,256,8192,16384,,8192,8192,,1,4,4,1775571529000,pumpfun,REPEAT
2026-04-10T12:31:57.490Z,5PGfjC8z3p3gh1Hdj329zL1PNX4Zv8Up7HTMfNhzpump,BBQ,バーベキュコイン,solana,0.00001543,,512,2048,8192,8192,16384,16384,,,7,4,1774952325000,pumpswap,REPEAT
2026-04-10T12:31:57.490Z,EMoVDQ2aMyVq3GGRvawjtDHmwS3KgWF4BRuXGbqYaUBV,EMOji,EMOji,solana,0.000002868,64,1024,2097152,2097152,4096,2048,2048,1,2,19,52,1775812642000,pumpswap,REPEAT
2026-04-10T12:31:57.490Z,2PXZ2Q55YNttMiZ2e4owrAjoevFAwkKSqYy6D6cGpump,MATT,Matt Furry,solana,0.0003947,8192,131072,524288,524288,65536,524288,524288,37,33,533,353,1775809207000,pumpswap,REPEAT
2026-04-10T12:31:57.490Z,54oYnRG6DZ4joivbKRUiW1k7dn2MhnhjMNHd1NBDpump,DURR,DURR,solana,0.00002035,512,4096,16384,65536,,16384,16384,4,8,58,48,1775679289000,pumpfun,REPEAT
2026-04-10T12:31:57.490Z,FquUHKWfMUdSMxxSU9ZWrSc98hvTXeMnQn9nksSKpump,42069,42069,solana,0.00001390,256,2048,16384,32768,16384,16384,16384,3,4,31,32,1767602540000,pumpswap,REPEAT
2026-04-10T12:31:57.490Z,FquUHKWfMUdSMxxSU9ZWrSc98hvTXeMnQn9nksSKpump,42069,42069,solana,0.00001390,256,2048,16384,32768,16384,16384,16384,3,4,31,32,1767602540000,pumpswap,REPEAT
2026-04-10T12:31:57.490Z,9iNsBjDCSG1WJzQDj9QWnGop4eYDQX4hczjAyzqukH7v,DD7,DOUBLE D 7,solana,0.000002530,2,1024,65536,65536,4096,2048,2048,,1,24,15,1775811711000,pumpswap,REPEAT
2026-04-10T12:31:57.490Z,C9wHT2Qh9gJbr16VwYXyhK6ow11VhKpqarTqXWzVpump,MaggieChan,マギーちゃん,solana,0.000002510,,8,65536,65536,,2048,2048,,,,3,1775809545000,pumpfun,REPEAT
2026-04-10T12:31:57.490Z,5eXiGxEYTauPupHfaA2r7BDAcLpK6yL5eZ4LCMP9pump,Angol,앵알이,solana,0.000002361,,32,32768,32768,,2048,2048,,,,3,1775810044000,pumpfun,REPEAT
2026-04-10T12:31:57.490Z,E67wgnNewaoW1dHz3xPqCjWUY5ntAaGw2uz9Bd1vdoge,DENO,Deno Land,solana,0.00007183,64,1024,16384,32768,16384,65536,65536,,1,18,7,1772482423000,meteora,REPEAT
2026-04-10T12:31:57.490Z,FdUmX7zQSZgPxt1D7rtbKQisP4a2MXyejAxEnVvepump,Stoic,Stoicism ,solana,0.0001440,8192,32768,262144,1048576,32768,131072,131072,60,59,499,342,1775773975000,pumpswap,REPEAT
2026-04-10T12:31:57.490Z,DLsGGp9se7uUzE1SKbWD4hur1c9bjXnK3ADUejXJpump,T26,PROJECT T26 COIN,solana,0.00002773,,1024,8192,8192,16384,32768,32768,,,20,13,1775801805000,pumpswap,REPEAT
2026-04-10T12:31:57.490Z,8ZHLjQy2SJTvJ65HG8GQP2zjKa2R5Gify2xXrfZzpump,Cease,Cease Fire,solana,0.000003238,16,16,1024,1024,,4096,4096,,1,,1,1775803114000,pumpfun,REPEAT
2026-04-10T12:31:57.490Z,BgSBbGpELTyuYXyU1C2v3jcAvJdCq1R6XEo1HaxYpump,BIZY,Bizy,solana,0.000002375,,,1048576,2097152,4096,2048,2048,,,,,1775800328000,pumpswap,REPEAT
2026-04-10T12:31:57.490Z,2pDdYPaT2Ww2aVPoa1mw2P8gokctwk8b4ifkNfBApump,pisscoin,pisscoin,solana,0.00001832,,64,2048,8192,16384,16384,16384,,,,2,1774571155000,pumpswap,REPEAT
2026-04-10T12:31:57.490Z,GxJjdCrPzYnEBjnyoq5gsqed6TqKoAQJ3NtmajPpump,SBTI,SBTI,solana,0.001329,32768,524288,8388608,8388608,131072,1048576,1048576,141,174,2485,2580,1775800461000,pumpswap,REPEAT
2026-04-10T12:31:57.490Z,CmtYYjTBYxj5ExeyREFoM5gMNDo4GQ4sjrE7Vx9upump,HUNTER,HunterBidenSmokingCrackCoin,solana,0.000005755,256,1024,16384,65536,8192,4096,4096,7,1,30,24,1775796857000,pumpswap,REPEAT
2026-04-10T12:31:57.490Z,6DUdwjXtqJKrNFQBQzsaPW7pP2EZg2hbQ92NBi9Ppump,HAHA,HAHA,solana,0.0005392,8192,262144,2097152,2097152,65536,524288,524288,53,44,990,679,1775797888000,pumpswap,REPEAT
2026-04-10T12:36:57.490Z,BjPZWNJyisj1tDUfWWGNtYqTAhCSVrhx3mqKBVhbpump,DIY,communities,solana,0.00007340,2,8,32,128,512,65536,65536,2,,11,,1775748685000,meteora,NEW
2026-04-10T12:36:57.490Z,7FJR1EDyezdRswFAegZmFfEqSdtF7fdQHqAamLmnpump,Trump OGC,Trump OGC,solana,0.000007320,1024,1024,4096,4096,,8192,8192,13,15,13,15,1775817318000,pumpfun,NEW
2026-04-10T12:36:57.490Z,a7S4SdsC87PW9udt4pBEjJiK3v6zLEfyo83XszYpump,HYPER,Hyperlaunch,solana,0.00002742,1024,4096,32768,65536,,32768,32768,28,9,103,59,1775789209000,pumpfun,REPEAT
2026-04-10T12:36:57.490Z,BFiGUxnidogqcZAPVPDZRCfhx3nXnFLYqpQUaUGpump,SPIKE,SPIKE ,solana,0.004509,4096,65536,262144,2097152,131072,4194304,4194304,20,18,266,271,1775608621000,pumpswap,REPEAT
2026-04-10T12:36:57.490Z,GD6MvqNaC3e9rPSSqVkR5G5Mb22GkdbZEUG5U7nJpump,meanpippin,mean pippin,solana,0.00005587,32,1024,2048,4096,16384,65536,65536,1,,8,4,1772105698000,pumpswap,REPEAT
2026-04-10T12:36:57.490Z,2FA7coJHybL6b7xexyGc8BBV1kKdo5k4B2vQSdtupump,TRUMPY,TRUMPY,solana,0.000004442,8,131072,1048576,1048576,4096,4096,4096,,2,386,502,1775814673000,pumpswap,REPEAT
2026-04-10T12:36:57.490Z,2PXZ2Q55YNttMiZ2e4owrAjoevFAwkKSqYy6D6cGpump,MATT,Matt Furry,solana,0.0004142,4096,131072,524288,524288,65536,524288,524288,37,30,539,359,1775809207000,pumpswap,REPEAT
2026-04-10T12:36:57.490Z,2PXZ2Q55YNttMiZ2e4owrAjoevFAwkKSqYy6D6cGpump,MATT,Matt Furry,solana,0.0004142,4096,131072,524288,524288,65536,524288,524288,37,30,539,359,1775809207000,pumpswap,REPEAT
2026-04-10T12:36:57.490Z,6bo24bcyFELFKJJKSvNrWPHqWYxJi48PrwQ3R1fmpump,Wcoin,chasing that w ,solana,0.01490,32768,1048576,4194304,4194304,65536,33554432,33554432,270,196,7928,6155,1775801529000,pumpswap,REPEAT
2026-04-10T12:36:57.490Z,4msaLXA5qc2XR8pc4jcgbYJCKrscFKmPs82v6Jrnpump,Yehun,늑대개,solana,0.000003007,64,2048,65536,65536,,4096,4096,1,1,191,67,1775817837000,pumpfun,REPEAT
2026-04-10T12:36:57.490Z,9AEtb967xTMosjp9XFhvHLhscPNYgDWc15jFAZR8pump,RƎ́V,REVÉRSÉ SOCIETY,solana,0.0002642,512,2048,8192,32768,32768,262144,262144,4,1,33,19,1775691640000,pumpswap,REPEAT
2026-04-10T12:36:57.490Z,DBJmh4VjGHmE2SMsBRaBToRuhtgRz3R2okToQJ2pump,RUNNER,RUNNER,solana,0.000002713,32,512,524288,524288,4096,2048,2048,49,20,671,406,1775817082000,pumpswap,REPEAT
2026-04-10T12:36:57.490Z,98t9PEJF5QvAdGhu3MuQ2ww57NkRV1Rg7evSZNFxpump,$BABYTAN,BabyTan,solana,0.00001062,16,256,8192,16384,,8192,8192,1,1,5,5,1775571529000,pumpfun,REPEAT
2026-04-10T12:36:57.490Z,5PGfjC8z3p3gh1Hdj329zL1PNX4Zv8Up7HTMfNhzpump,BBQ,バーベキュコイン,solana,0.00001528,32,512,2048,8192,8192,16384,16384,,1,7,4,1774952325000,pumpswap,REPEAT
2026-04-10T12:36:57.490Z,EMoVDQ2aMyVq3GGRvawjtDHmwS3KgWF4BRuXGbqYaUBV,EMOji,EMOji,solana,0.000002868,,1024,2097152,2097152,4096,2048,2048,,,14,41,1775812642000,pumpswap,REPEAT
2026-04-10T12:36:57.490Z,2PXZ2Q55YNttMiZ2e4owrAjoevFAwkKSqYy6D6cGpump,MATT,Matt Furry,solana,0.0004142,4096,131072,524288,524288,65536,524288,524288,37,30,539,359,1775809207000,pumpswap,REPEAT
2026-04-10T12:36:57.490Z,54oYnRG6DZ4joivbKRUiW1k7dn2MhnhjMNHd1NBDpump,DURR,DURR,solana,0.00002100,256,4096,16384,65536,,16384,16384,5,3,58,47,1775679289000,pumpfun,REPEAT
2026-04-10T12:36:57.490Z,FquUHKWfMUdSMxxSU9ZWrSc98hvTXeMnQn9nksSKpump,42069,42069,solana,0.00001400,16,2048,16384,32768,16384,16384,16384,3,1,33,31,1767602540000,pumpswap,REPEAT
2026-04-10T12:36:57.490Z,FquUHKWfMUdSMxxSU9ZWrSc98hvTXeMnQn9nksSKpump,42069,42069,solana,0.00001400,16,2048,16384,32768,16384,16384,16384,3,1,33,31,1767602540000,pumpswap,REPEAT
2026-04-10T12:36:57.490Z,9iNsBjDCSG1WJzQDj9QWnGop4eYDQX4hczjAyzqukH7v,DD7,DOUBLE D 7,solana,0.000002573,8,1024,65536,65536,4096,2048,2048,1,,25,14,1775811711000,pumpswap,REPEAT
2026-04-10T12:36:57.490Z,C9wHT2Qh9gJbr16VwYXyhK6ow11VhKpqarTqXWzVpump,MaggieChan,マギーちゃん,solana,0.000002510,,8,65536,65536,,2048,2048,,,,2,1775809545000,pumpfun,REPEAT
2026-04-10T12:36:57.490Z,5eXiGxEYTauPupHfaA2r7BDAcLpK6yL5eZ4LCMP9pump,Angol,앵알이,solana,0.000002361,,2,32768,32768,,2048,2048,,,,2,1775810044000,pumpfun,REPEAT
2026-04-10T12:36:57.490Z,E67wgnNewaoW1dHz3xPqCjWUY5ntAaGw2uz9Bd1vdoge,DENO,Deno Land,solana,0.00006316,512,2048,16384,32768,16384,65536,65536,1,1,18,8,1772482423000,meteora,REPEAT
2026-04-10T12:36:57.490Z,FdUmX7zQSZgPxt1D7rtbKQisP4a2MXyejAxEnVvepump,Stoic,Stoicism ,solana,0.0001591,8192,32768,262144,1048576,32768,131072,131072,67,52,530,368,1775773975000,pumpswap,REPEAT
2026-04-10T12:36:57.490Z,DLsGGp9se7uUzE1SKbWD4hur1c9bjXnK3ADUejXJpump,T26,PROJECT T26 COIN,solana,0.00002792,8,1024,8192,8192,16384,32768,32768,1,,20,13,1775801805000,pumpswap,REPEAT
2026-04-10T12:36:57.490Z,8ZHLjQy2SJTvJ65HG8GQP2zjKa2R5Gify2xXrfZzpump,Cease,Cease Fire,solana,0.000003238,,16,1024,1024,,4096,4096,,,,1,1775803114000,pumpfun,REPEAT
2026-04-10T12:36:57.490Z,BgSBbGpELTyuYXyU1C2v3jcAvJdCq1R6XEo1HaxYpump,BIZY,Bizy,solana,0.000002435,16,16,1048576,2097152,4096,2048,2048,1,,2,,1775800328000,pumpswap,REPEAT
2026-04-10T12:36:57.490Z,2pDdYPaT2Ww2aVPoa1mw2P8gokctwk8b4ifkNfBApump,pisscoin,pisscoin,solana,0.00001832,,64,2048,8192,16384,16384,16384,,,,2,1774571155000,pumpswap,REPEAT
2026-04-10T12:36:57.490Z,GxJjdCrPzYnEBjnyoq5gsqed6TqKoAQJ3NtmajPpump,SBTI,SBTI,solana,0.001273,32768,524288,8388608,8388608,131072,1048576,1048576,143,148,2443,2582,1775800461000,pumpswap,REPEAT
2026-04-10T12:36:57.490Z,CmtYYjTBYxj5ExeyREFoM5gMNDo4GQ4sjrE7Vx9upump,HUNTER,HunterBidenSmokingCrackCoin,solana,0.000005606,64,1024,16384,65536,4096,4096,4096,2,3,30,22,1775796857000,pumpswap,REPEAT
