timestamp,mint,symbol,name,chainId,priceUsd,volume5m,volume1h,volume6h,volume24h,liquidity,marketCap,fdv,buyCount5m,sellCount5m,buyCount1h,sellCount1h,pairAge,dexId,firstSeen
2026-04-09T15:31:22.476Z,9MjRHK7iFSDco7EYMuU5L9sp9a9gPr7jTudzgTdNpump,笑哭猫,lmeow,solana,0.000008854,512,32768,32768,32768,,8192,8192,8,6,611,463,1775746443000,pumpfun,NEW
2026-04-09T15:31:22.476Z,EcsMm5VEgKz1HMkc47fLdF7Vy4vnUuoptdW5k6kepump,believe,still believe,solana,0.0001303,32,2048,8192,32768,32768,131072,131072,2,2,30,33,1774980244000,pumpswap,NEW
2026-04-09T15:31:22.476Z,7bxWJngTKUgX7cY1RxKXmR1RdMNszJhZCXM8vzESpump,momiji,momiji,solana,0.00002191,128,16384,65536,131072,8192,16384,16384,1,7,241,174,1775699885000,pumpswap,NEW
2026-04-09T15:31:22.476Z,5qRgEsvn5hbHznbvPYwignf7r2GHRXAcuVUPmNgEpump,FTH,Flying Toilet Horse,solana,0.00003939,2048,65536,262144,262144,16384,32768,32768,49,39,1356,1185,1775743244000,pumpswap,NEW
2026-04-09T15:31:22.476Z,HHLYUhjNpygSpCTwHLn1riBQzKJfzaoFVAeVHSH8pump,BSPIKE,BABY SPIKE,solana,0.000002524,32,65536,65536,65536,,2048,2048,2,5,1156,790,1775746844000,pumpfun,NEW
2026-04-09T15:31:22.476Z,9hHYYG9vwBBsp11Lo89xbH8QSHWzpXYpG2NykMkipump,MooYor,MooYor,solana,0.0001163,32768,524288,524288,524288,32768,131072,131072,847,225,11147,2549,1775745206000,pumpswap,NEW
2026-04-09T15:31:22.476Z,3TDrNxtaReSocY9xthiwFGqRhor3YfwtQheLj8ARTVcn,イーロン,イーロン,solana,0.00004082,2048,16384,262144,524288,16384,32768,32768,46,34,478,374,1775718445000,pumpswap,NEW
2026-04-09T15:31:22.476Z,5552z6Qp2xr596ox1UVN4ppDwwyjCfY8cXwzHMXgMcaS,MOLTING,Molting,solana,0.0007083,8,8192,32768,65536,65536,524288,524288,,1,60,49,1769857955000,orca,NEW
2026-04-09T15:31:22.476Z,HX2MBjZ9SJeMHmTAhQXs4U4bDaLP19W7LDKwEpHDpump,Doraemon,ドラえもん,solana,0.0001051,512,8192,8192,32768,32768,131072,131072,13,16,104,123,1775677779000,pumpswap,NEW
2026-04-09T15:31:22.476Z,34q2KmCvapecJgR6ZrtbCTrzZVtkt3a5mHEA3TuEsWYb,LOL,LOL,solana,0.008269,16384,262144,1048576,4194304,524288,8388608,8388608,64,53,969,917,1773878265000,pumpswap,NEW
2026-04-09T15:31:22.476Z,5qRgEsvn5hbHznbvPYwignf7r2GHRXAcuVUPmNgEpump,FTH,Flying Toilet Horse,solana,0.00003939,2048,65536,262144,262144,16384,32768,32768,49,39,1356,1185,1775743244000,pumpswap,REPEAT
2026-04-09T15:31:22.476Z,5qRgEsvn5hbHznbvPYwignf7r2GHRXAcuVUPmNgEpump,FTH,Flying Toilet Horse,solana,0.00003939,2048,65536,262144,262144,16384,32768,32768,49,39,1356,1185,1775743244000,pumpswap,REPEAT
2026-04-09T15:31:22.476Z,EHgUx5N7QPowAk94Narv5hu59WdZwggiLra213p8pump,Eeffoc,Eeffoc the alien,solana,0.00002003,8,8192,65536,65536,8192,16384,16384,1,2,179,150,1775742081000,pumpswap,NEW
2026-04-09T15:31:22.476Z,2DhnGmwu14KHLBxhKcvLR9XV4uZ6DzQJtducmtbzBAGS,POPDOG,POPDOG,solana,0.00001359,1024,16384,131072,131072,8192,,,42,18,299,218,1775732609000,meteora,NEW
2026-04-09T15:31:22.476Z,3gyKT9K7uVBztNVoGqHZogGvLGAbfhD4MPfHZAeGpump,PEPIG,Pepig,solana,0.000007566,256,4096,65536,65536,8192,8192,8192,11,11,168,161,1775740092000,pumpswap,NEW
2026-04-09T15:31:22.476Z,2PEMMHRmj5Hs7N1JMLfx9T4AyM4VjwGDmkqq5WTwpump,GURA,Gawr Gura,solana,0.00006520,16384,262144,1048576,1048576,16384,65536,65536,192,157,2799,1671,1775737018000,pumpswap,NEW
2026-04-09T15:31:22.476Z,EsvskEr51BM4LyFXuTn4dehMfVgUMZ55dBNxSbNXBAGS,GATO,El Gato,solana,0.00002656,32,2048,32768,262144,8192,32768,32768,1,2,27,26,1775702895000,meteora,NEW
2026-04-09T15:31:22.476Z,5qRgEsvn5hbHznbvPYwignf7r2GHRXAcuVUPmNgEpump,FTH,Flying Toilet Horse,solana,0.00004072,2048,65536,262144,262144,16384,32768,32768,39,28,1327,1160,1775743244000,pumpswap,REPEAT
2026-04-09T15:31:22.476Z,3gyKT9K7uVBztNVoGqHZogGvLGAbfhD4MPfHZAeGpump,PEPIG,Pepig,solana,0.000007566,256,4096,65536,65536,8192,8192,8192,11,11,168,161,1775740092000,pumpswap,REPEAT
2026-04-09T15:31:22.476Z,nNcqotFpBF7hsAqbNs1v2cYWeMnaKjFc3D2gHoQpump,milkers,milkers,solana,0.0006215,1024,8192,131072,1048576,65536,524288,524288,13,4,80,104,1775164141000,pumpswap,NEW
2026-04-09T15:31:22.476Z,9SeCSdbPzz95KomGUGEV9Shn2zGXNmMJhE9J72Hipump,Iroha,イロハ,solana,0.001749,8192,131072,524288,2097152,131072,2097152,2097152,66,26,783,862,1775525060000,pumpswap,NEW
2026-04-09T15:31:22.476Z,3mf8LdJreVMwbxkfcs84NzSVhjfLm8dsLmASKBpipump,PFU,Pumpfun Undercover,solana,0.00007234,256,4096,65536,262144,16384,65536,65536,37,17,496,228,1775682866000,pumpswap,NEW
2026-04-09T15:31:22.476Z,3gyKT9K7uVBztNVoGqHZogGvLGAbfhD4MPfHZAeGpump,PEPIG,Pepig,solana,0.000007566,256,4096,65536,65536,8192,8192,8192,11,11,168,161,1775740092000,pumpswap,REPEAT
2026-04-09T15:31:22.476Z,8PpVGHnn3fNwoydMmYinRYAX1LrKQCExjVMBMzPQpump,ARTEMIS,Artemis Moon Mission,solana,0.00005410,128,2048,8192,16384,32768,65536,65536,2,,18,18,1768866855000,pumpswap,NEW
2026-04-09T15:31:22.476Z,5qRgEsvn5hbHznbvPYwignf7r2GHRXAcuVUPmNgEpump,FTH,Flying Toilet Horse,solana,0.00004072,2048,65536,262144,262144,16384,32768,32768,39,28,1327,1160,1775743244000,pumpswap,REPEAT
2026-04-09T15:31:22.476Z,81cVate4TTDgAhPhdFmtpzpHpryYzBJJdXXnmQYWpump,OMG,OMG,solana,0.000001813,1,16,524288,524288,4096,2048,2048,1,1,4,1,1775729615000,pumpswap,NEW
2026-04-09T15:31:22.476Z,7kZXKDdXiaENYpzbiaYQmoAZaTTFyFTJ9g1A7jFmpump,Mamesuke,まめすけ,solana,0.000006585,,1024,32768,262144,8192,8192,8192,,,32,33,1775670279000,pumpswap,NEW
2026-04-09T15:31:22.476Z,3EbiVXxNnqFmB85XLPi1WpGM9GxEdAzdUSeXiktUpump,Mikerisu,ミケリス,solana,0.000003842,4,512,65536,65536,4096,4096,4096,,2,20,9,1775728648000,pumpswap,NEW
2026-04-09T15:36:57.320Z,9MjRHK7iFSDco7EYMuU5L9sp9a9gPr7jTudzgTdNpump,笑哭猫,lmeow,solana,0.00001135,4096,32768,32768,32768,,8192,8192,48,21,661,485,1775746443000,pumpfun,REPEAT
2026-04-09T15:36:57.320Z,EcsMm5VEgKz1HMkc47fLdF7Vy4vnUuoptdW5k6kepump,believe,still believe,solana,0.0001353,16,2048,8192,32768,32768,131072,131072,1,,30,31,1774980244000,pumpswap,REPEAT
2026-04-09T15:36:57.320Z,7bxWJngTKUgX7cY1RxKXmR1RdMNszJhZCXM8vzESpump,momiji,momiji,solana,0.00002379,256,16384,65536,131072,16384,32768,32768,3,,234,170,1775699885000,pumpswap,REPEAT
2026-04-09T15:36:57.320Z,5qRgEsvn5hbHznbvPYwignf7r2GHRXAcuVUPmNgEpump,FTH,Flying Toilet Horse,solana,0.00003342,4096,65536,262144,262144,16384,32768,32768,64,34,1271,1050,1775743244000,pumpswap,REPEAT
2026-04-09T15:36:57.320Z,HHLYUhjNpygSpCTwHLn1riBQzKJfzaoFVAeVHSH8pump,BSPIKE,BABY SPIKE,solana,0.000002442,64,65536,65536,65536,,2048,2048,,3,1156,793,1775746844000,pumpfun,REPEAT
2026-04-09T15:36:57.320Z,9hHYYG9vwBBsp11Lo89xbH8QSHWzpXYpG2NykMkipump,MooYor,MooYor,solana,0.0001283,16384,524288,524288,524288,32768,131072,131072,671,207,11597,2599,1775745206000,pumpswap,REPEAT
2026-04-09T15:36:57.320Z,3TDrNxtaReSocY9xthiwFGqRhor3YfwtQheLj8ARTVcn,イーロン,イーロン,solana,0.00003320,2048,16384,262144,524288,16384,32768,32768,40,24,478,376,1775718445000,pumpswap,REPEAT
2026-04-09T15:36:57.320Z,5552z6Qp2xr596ox1UVN4ppDwwyjCfY8cXwzHMXgMcaS,MOLTING,Molting,solana,0.0007281,128,8192,32768,65536,65536,524288,524288,3,1,60,47,1769857955000,orca,REPEAT
2026-04-09T15:36:57.320Z,HX2MBjZ9SJeMHmTAhQXs4U4bDaLP19W7LDKwEpHDpump,Doraemon,ドラえもん,solana,0.0001068,512,8192,8192,32768,32768,131072,131072,2,7,100,120,1775677779000,pumpswap,REPEAT
2026-04-09T15:36:57.320Z,34q2KmCvapecJgR6ZrtbCTrzZVtkt3a5mHEA3TuEsWYb,LOL,LOL,solana,0.008392,8192,262144,1048576,4194304,524288,8388608,8388608,41,30,943,801,1773878265000,pumpswap,REPEAT
2026-04-09T15:36:57.320Z,5qRgEsvn5hbHznbvPYwignf7r2GHRXAcuVUPmNgEpump,FTH,Flying Toilet Horse,solana,0.00003341,4096,65536,262144,262144,16384,32768,32768,73,39,1280,1055,1775743244000,pumpswap,REPEAT
2026-04-09T15:36:57.320Z,5qRgEsvn5hbHznbvPYwignf7r2GHRXAcuVUPmNgEpump,FTH,Flying Toilet Horse,solana,0.00003341,4096,65536,262144,262144,16384,32768,32768,73,39,1280,1055,1775743244000,pumpswap,REPEAT
2026-04-09T15:36:57.320Z,EHgUx5N7QPowAk94Narv5hu59WdZwggiLra213p8pump,Eeffoc,Eeffoc the alien,solana,0.00001931,64,8192,65536,65536,8192,16384,16384,,4,163,136,1775742081000,pumpswap,REPEAT
2026-04-09T15:36:57.320Z,2DhnGmwu14KHLBxhKcvLR9XV4uZ6DzQJtducmtbzBAGS,POPDOG,POPDOG,solana,0.000009537,2048,8192,131072,131072,8192,,,23,36,271,243,1775732609000,meteora,REPEAT
2026-04-09T15:36:57.320Z,3gyKT9K7uVBztNVoGqHZogGvLGAbfhD4MPfHZAeGpump,PEPIG,Pepig,solana,0.000005847,512,4096,65536,65536,8192,4096,4096,7,17,165,166,1775740092000,pumpswap,REPEAT
2026-04-09T15:36:57.320Z,2PEMMHRmj5Hs7N1JMLfx9T4AyM4VjwGDmkqq5WTwpump,GURA,Gawr Gura,solana,0.00006746,32768,262144,1048576,1048576,16384,65536,65536,189,180,2790,1725,1775737018000,pumpswap,REPEAT
2026-04-09T15:36:57.320Z,EsvskEr51BM4LyFXuTn4dehMfVgUMZ55dBNxSbNXBAGS,GATO,El Gato,solana,0.00002404,32,2048,32768,262144,8192,32768,32768,,1,21,26,1775702895000,meteora,REPEAT
2026-04-09T15:36:57.320Z,5qRgEsvn5hbHznbvPYwignf7r2GHRXAcuVUPmNgEpump,FTH,Flying Toilet Horse,solana,0.00003341,4096,65536,262144,262144,16384,32768,32768,73,39,1280,1055,1775743244000,pumpswap,REPEAT
2026-04-09T15:36:57.320Z,3gyKT9K7uVBztNVoGqHZogGvLGAbfhD4MPfHZAeGpump,PEPIG,Pepig,solana,0.000005847,512,4096,65536,65536,8192,4096,4096,7,17,165,166,1775740092000,pumpswap,REPEAT
2026-04-09T15:36:57.320Z,nNcqotFpBF7hsAqbNs1v2cYWeMnaKjFc3D2gHoQpump,milkers,milkers,solana,0.0006296,512,8192,131072,1048576,65536,524288,524288,4,7,81,107,1775164141000,pumpswap,REPEAT
2026-04-09T15:36:57.320Z,9SeCSdbPzz95KomGUGEV9Shn2zGXNmMJhE9J72Hipump,Iroha,イロハ,solana,0.001696,4096,131072,524288,2097152,131072,2097152,2097152,27,37,770,854,1775525060000,pumpswap,REPEAT
2026-04-09T15:36:57.320Z,3mf8LdJreVMwbxkfcs84NzSVhjfLm8dsLmASKBpipump,PFU,Pumpfun Undercover,solana,0.00006789,512,4096,65536,262144,16384,65536,65536,41,19,501,221,1775682866000,pumpswap,REPEAT
2026-04-09T15:36:57.320Z,3gyKT9K7uVBztNVoGqHZogGvLGAbfhD4MPfHZAeGpump,PEPIG,Pepig,solana,0.000005847,512,4096,65536,65536,8192,4096,4096,7,17,165,166,1775740092000,pumpswap,REPEAT
2026-04-09T15:36:57.320Z,8PpVGHnn3fNwoydMmYinRYAX1LrKQCExjVMBMzPQpump,ARTEMIS,Artemis Moon Mission,solana,0.00005357,64,2048,8192,16384,32768,65536,65536,1,3,19,21,1768866855000,pumpswap,REPEAT
2026-04-09T15:36:57.320Z,5qRgEsvn5hbHznbvPYwignf7r2GHRXAcuVUPmNgEpump,FTH,Flying Toilet Horse,solana,0.00003341,4096,65536,262144,262144,16384,32768,32768,73,39,1280,1055,1775743244000,pumpswap,REPEAT
2026-04-09T15:36:57.320Z,81cVate4TTDgAhPhdFmtpzpHpryYzBJJdXXnmQYWpump,OMG,OMG,solana,0.000001813,,16,524288,524288,4096,2048,2048,,,4,1,1775729615000,pumpswap,REPEAT
2026-04-09T15:36:57.320Z,7kZXKDdXiaENYpzbiaYQmoAZaTTFyFTJ9g1A7jFmpump,Mamesuke,まめすけ,solana,0.000006644,64,1024,32768,262144,8192,8192,8192,1,1,31,28,1775670279000,pumpswap,REPEAT
2026-04-09T15:36:57.320Z,3EbiVXxNnqFmB85XLPi1WpGM9GxEdAzdUSeXiktUpump,Mikerisu,ミケリス,solana,0.000004196,64,512,65536,65536,4096,4096,4096,4,,24,9,1775728648000,pumpswap,REPEAT
2026-04-09T15:41:57.320Z,7ZVJqzsPVoB2aSonJEW4jjvkBtwufMx41rZGryJ2pump,CHUD,Chud,solana,0.000008767,8192,262144,262144,262144,8192,8192,8192,141,183,3058,2555,1775748170000,pumpswap,NEW
2026-04-09T15:41:57.320Z,9MjRHK7iFSDco7EYMuU5L9sp9a9gPr7jTudzgTdNpump,笑哭猫,lmeow,solana,0.00001044,1024,32768,32768,32768,,8192,8192,26,12,686,497,1775746443000,pumpfun,REPEAT
2026-04-09T15:41:57.320Z,EcsMm5VEgKz1HMkc47fLdF7Vy4vnUuoptdW5k6kepump,believe,still believe,solana,0.0001316,128,2048,8192,32768,32768,131072,131072,,6,26,36,1774980244000,pumpswap,REPEAT
2026-04-09T15:41:57.320Z,7bxWJngTKUgX7cY1RxKXmR1RdMNszJhZCXM8vzESpump,momiji,momiji,solana,0.00002413,128,16384,65536,131072,16384,32768,32768,2,1,213,167,1775699885000,pumpswap,REPEAT
2026-04-09T15:41:57.320Z,5qRgEsvn5hbHznbvPYwignf7r2GHRXAcuVUPmNgEpump,FTH,Flying Toilet Horse,solana,0.00003518,4096,65536,262144,262144,16384,32768,32768,53,59,1077,964,1775743244000,pumpswap,REPEAT
2026-04-09T15:41:57.320Z,HHLYUhjNpygSpCTwHLn1riBQzKJfzaoFVAeVHSH8pump,BSPIKE,BABY SPIKE,solana,0.000002442,,65536,65536,65536,,2048,2048,,,1156,793,1775746844000,pumpfun,REPEAT
2026-04-09T15:41:57.320Z,9hHYYG9vwBBsp11Lo89xbH8QSHWzpXYpG2NykMkipump,MooYor,MooYor,solana,0.0001196,32768,524288,524288,524288,32768,131072,131072,703,236,11983,2681,1775745206000,pumpswap,REPEAT
2026-04-09T15:41:57.320Z,3TDrNxtaReSocY9xthiwFGqRhor3YfwtQheLj8ARTVcn,イーロン,イーロン,solana,0.00003632,1024,16384,262144,524288,16384,32768,32768,32,14,439,347,1775718445000,pumpswap,REPEAT
2026-04-09T15:41:57.320Z,5552z6Qp2xr596ox1UVN4ppDwwyjCfY8cXwzHMXgMcaS,MOLTING,Molting,solana,0.0007427,1024,8192,32768,65536,65536,1048576,1048576,5,12,56,41,1769857955000,orca,REPEAT
2026-04-09T15:41:57.320Z,HX2MBjZ9SJeMHmTAhQXs4U4bDaLP19W7LDKwEpHDpump,Doraemon,ドラえもん,solana,0.00009940,1024,8192,16384,32768,32768,131072,131072,5,11,99,121,1775677779000,pumpswap,REPEAT
2026-04-09T15:41:57.320Z,34q2KmCvapecJgR6ZrtbCTrzZVtkt3a5mHEA3TuEsWYb,LOL,LOL,solana,0.008548,16384,262144,1048576,4194304,524288,8388608,8388608,49,54,884,775,1773878265000,pumpswap,REPEAT
2026-04-09T15:41:57.320Z,5qRgEsvn5hbHznbvPYwignf7r2GHRXAcuVUPmNgEpump,FTH,Flying Toilet Horse,solana,0.00003461,4096,65536,262144,262144,16384,32768,32768,55,62,1079,967,1775743244000,pumpswap,REPEAT
2026-04-09T15:41:57.320Z,5qRgEsvn5hbHznbvPYwignf7r2GHRXAcuVUPmNgEpump,FTH,Flying Toilet Horse,solana,0.00003461,4096,65536,262144,262144,16384,32768,32768,55,62,1079,967,1775743244000,pumpswap,REPEAT
2026-04-09T15:41:57.320Z,EHgUx5N7QPowAk94Narv5hu59WdZwggiLra213p8pump,Eeffoc,Eeffoc the alien,solana,0.00001961,8,8192,65536,65536,8192,16384,16384,2,,148,119,1775742081000,pumpswap,REPEAT
2026-04-09T15:41:57.320Z,2DhnGmwu14KHLBxhKcvLR9XV4uZ6DzQJtducmtbzBAGS,POPDOG,POPDOG,solana,0.00001191,512,8192,131072,131072,8192,,,11,7,251,228,1775732609000,meteora,REPEAT
2026-04-09T15:41:57.320Z,3gyKT9K7uVBztNVoGqHZogGvLGAbfhD4MPfHZAeGpump,PEPIG,Pepig,solana,0.000006224,512,4096,65536,65536,8192,8192,8192,9,6,174,151,1775740092000,pumpswap,REPEAT
2026-04-09T15:41:57.320Z,2PEMMHRmj5Hs7N1JMLfx9T4AyM4VjwGDmkqq5WTwpump,GURA,Gawr Gura,solana,0.000002437,16384,262144,1048576,1048576,4096,2048,2048,55,4127,2741,5797,1775737018000,pumpswap,REPEAT
2026-04-09T15:41:57.320Z,EsvskEr51BM4LyFXuTn4dehMfVgUMZ55dBNxSbNXBAGS,GATO,El Gato,solana,0.00002433,16,2048,32768,262144,8192,32768,32768,2,,22,20,1775702895000,meteora,REPEAT
2026-04-09T15:41:57.320Z,5qRgEsvn5hbHznbvPYwignf7r2GHRXAcuVUPmNgEpump,FTH,Flying Toilet Horse,solana,0.00003461,4096,65536,262144,262144,16384,32768,32768,55,62,1079,967,1775743244000,pumpswap,REPEAT
2026-04-09T15:41:57.320Z,3gyKT9K7uVBztNVoGqHZogGvLGAbfhD4MPfHZAeGpump,PEPIG,Pepig,solana,0.000006224,512,4096,65536,65536,8192,8192,8192,9,6,174,151,1775740092000,pumpswap,REPEAT
2026-04-09T15:41:57.320Z,nNcqotFpBF7hsAqbNs1v2cYWeMnaKjFc3D2gHoQpump,milkers,milkers,solana,0.0006360,2048,16384,131072,1048576,65536,524288,524288,2,9,82,110,1775164141000,pumpswap,REPEAT
2026-04-09T15:41:57.320Z,9SeCSdbPzz95KomGUGEV9Shn2zGXNmMJhE9J72Hipump,Iroha,イロハ,solana,0.001654,2048,131072,524288,2097152,131072,2097152,2097152,35,19,728,787,1775525060000,pumpswap,REPEAT
2026-04-09T15:41:57.320Z,3mf8LdJreVMwbxkfcs84NzSVhjfLm8dsLmASKBpipump,PFU,Pumpfun Undercover,solana,0.00006976,128,2048,65536,262144,16384,65536,65536,33,13,477,216,1775682866000,pumpswap,REPEAT
2026-04-09T15:41:57.320Z,3gyKT9K7uVBztNVoGqHZogGvLGAbfhD4MPfHZAeGpump,PEPIG,Pepig,solana,0.000006224,512,4096,65536,65536,8192,8192,8192,9,6,174,151,1775740092000,pumpswap,REPEAT
2026-04-09T15:41:57.320Z,8PpVGHnn3fNwoydMmYinRYAX1LrKQCExjVMBMzPQpump,ARTEMIS,Artemis Moon Mission,solana,0.00005357,,2048,8192,16384,32768,65536,65536,,,16,21,1768866855000,pumpswap,REPEAT
2026-04-09T15:41:57.320Z,5qRgEsvn5hbHznbvPYwignf7r2GHRXAcuVUPmNgEpump,FTH,Flying Toilet Horse,solana,0.00003461,4096,65536,262144,262144,16384,32768,32768,55,62,1079,967,1775743244000,pumpswap,REPEAT
2026-04-09T15:41:57.320Z,81cVate4TTDgAhPhdFmtpzpHpryYzBJJdXXnmQYWpump,OMG,OMG,solana,0.000001813,,16,524288,524288,4096,2048,2048,,,4,1,1775729615000,pumpswap,REPEAT
2026-04-09T15:41:57.320Z,7kZXKDdXiaENYpzbiaYQmoAZaTTFyFTJ9g1A7jFmpump,Mamesuke,まめすけ,solana,0.000006664,8,1024,32768,262144,8192,8192,8192,1,2,28,30,1775670279000,pumpswap,REPEAT
2026-04-09T15:46:57.320Z,7ZVJqzsPVoB2aSonJEW4jjvkBtwufMx41rZGryJ2pump,CHUD,Chud,solana,0.000006006,4096,262144,262144,262144,8192,8192,8192,78,96,3142,2670,1775748170000,pumpswap,REPEAT
2026-04-09T15:46:57.320Z,9MjRHK7iFSDco7EYMuU5L9sp9a9gPr7jTudzgTdNpump,笑哭猫,lmeow,solana,0.000009616,512,32768,32768,32768,,8192,8192,11,6,702,505,1775746443000,pumpfun,REPEAT
2026-04-09T15:46:57.320Z,EcsMm5VEgKz1HMkc47fLdF7Vy4vnUuoptdW5k6kepump,believe,still believe,solana,0.0001379,256,2048,8192,32768,32768,131072,131072,4,,30,33,1774980244000,pumpswap,REPEAT
2026-04-09T15:46:57.320Z,7bxWJngTKUgX7cY1RxKXmR1RdMNszJhZCXM8vzESpump,momiji,momiji,solana,0.00002480,64,16384,65536,131072,16384,32768,32768,3,1,196,150,1775699885000,pumpswap,REPEAT
2026-04-09T15:46:57.320Z,5qRgEsvn5hbHznbvPYwignf7r2GHRXAcuVUPmNgEpump,FTH,Flying Toilet Horse,solana,0.00003021,2048,65536,262144,262144,16384,32768,32768,41,49,955,887,1775743244000,pumpswap,REPEAT
2026-04-09T15:46:57.320Z,HHLYUhjNpygSpCTwHLn1riBQzKJfzaoFVAeVHSH8pump,BSPIKE,BABY SPIKE,solana,0.000002438,4,65536,65536,65536,,2048,2048,,1,1156,794,1775746844000,pumpfun,REPEAT
2026-04-09T15:46:57.320Z,9hHYYG9vwBBsp11Lo89xbH8QSHWzpXYpG2NykMkipump,MooYor,MooYor,solana,0.0001057,16384,524288,524288,524288,32768,131072,131072,686,139,12333,2628,1775745206000,pumpswap,REPEAT
2026-04-09T15:46:57.320Z,3TDrNxtaReSocY9xthiwFGqRhor3YfwtQheLj8ARTVcn,イーロン,イーロン,solana,0.00003052,1024,16384,262144,524288,16384,32768,32768,26,14,440,323,1775718445000,pumpswap,REPEAT
2026-04-09T15:46:57.320Z,5552z6Qp2xr596ox1UVN4ppDwwyjCfY8cXwzHMXgMcaS,MOLTING,Molting,solana,0.0007371,512,8192,32768,65536,65536,524288,524288,1,3,52,43,1769857955000,orca,REPEAT
2026-04-09T15:46:57.320Z,HX2MBjZ9SJeMHmTAhQXs4U4bDaLP19W7LDKwEpHDpump,Doraemon,ドラえもん,solana,0.0001024,256,8192,16384,32768,32768,131072,131072,6,4,95,114,1775677779000,pumpswap,REPEAT
2026-04-09T15:46:57.320Z,34q2KmCvapecJgR6ZrtbCTrzZVtkt3a5mHEA3TuEsWYb,LOL,LOL,solana,0.008520,16384,262144,1048576,4194304,524288,8388608,8388608,50,53,843,775,1773878265000,pumpswap,REPEAT
2026-04-09T15:46:57.320Z,5qRgEsvn5hbHznbvPYwignf7r2GHRXAcuVUPmNgEpump,FTH,Flying Toilet Horse,solana,0.00002941,2048,65536,262144,262144,16384,32768,32768,46,60,960,898,1775743244000,pumpswap,REPEAT
2026-04-09T15:46:57.320Z,5qRgEsvn5hbHznbvPYwignf7r2GHRXAcuVUPmNgEpump,FTH,Flying Toilet Horse,solana,0.00002941,2048,65536,262144,262144,16384,32768,32768,46,60,960,898,1775743244000,pumpswap,REPEAT
2026-04-09T15:46:57.320Z,EHgUx5N7QPowAk94Narv5hu59WdZwggiLra213p8pump,Eeffoc,Eeffoc the alien,solana,0.00001883,128,8192,65536,65536,8192,16384,16384,,2,126,108,1775742081000,pumpswap,REPEAT
2026-04-09T15:46:57.320Z,2DhnGmwu14KHLBxhKcvLR9XV4uZ6DzQJtducmtbzBAGS,POPDOG,POPDOG,solana,0.00001322,256,8192,131072,131072,8192,,,12,9,202,195,1775732609000,meteora,REPEAT
2026-04-09T15:46:57.320Z,3gyKT9K7uVBztNVoGqHZogGvLGAbfhD4MPfHZAeGpump,PEPIG,Pepig,solana,0.000006847,128,4096,65536,65536,8192,8192,8192,14,3,155,126,1775740092000,pumpswap,REPEAT
2026-04-09T15:46:57.320Z,2PEMMHRmj5Hs7N1JMLfx9T4AyM4VjwGDmkqq5WTwpump,GURA,Gawr Gura,solana,0.000002923,256,262144,1048576,1048576,4096,4096,4096,7,38,2460,5732,1775737018000,pumpswap,REPEAT
2026-04-09T15:46:57.320Z,EsvskEr51BM4LyFXuTn4dehMfVgUMZ55dBNxSbNXBAGS,GATO,El Gato,solana,0.00002436,1,2048,16384,262144,8192,32768,32768,1,,23,18,1775702895000,meteora,REPEAT
2026-04-09T15:46:57.320Z,5qRgEsvn5hbHznbvPYwignf7r2GHRXAcuVUPmNgEpump,FTH,Flying Toilet Horse,solana,0.00002941,2048,65536,262144,262144,16384,32768,32768,46,60,960,898,1775743244000,pumpswap,REPEAT
2026-04-09T15:46:57.320Z,3gyKT9K7uVBztNVoGqHZogGvLGAbfhD4MPfHZAeGpump,PEPIG,Pepig,solana,0.000006847,128,4096,65536,65536,8192,8192,8192,14,3,155,126,1775740092000,pumpswap,REPEAT
2026-04-09T15:46:57.320Z,nNcqotFpBF7hsAqbNs1v2cYWeMnaKjFc3D2gHoQpump,milkers,milkers,solana,0.0006313,1024,16384,131072,1048576,65536,524288,524288,6,15,83,123,1775164141000,pumpswap,REPEAT
2026-04-09T15:46:57.320Z,9SeCSdbPzz95KomGUGEV9Shn2zGXNmMJhE9J72Hipump,Iroha,イロハ,solana,0.001739,4096,131072,524288,2097152,131072,2097152,2097152,18,24,706,759,1775525060000,pumpswap,REPEAT
2026-04-09T15:46:57.320Z,3mf8LdJreVMwbxkfcs84NzSVhjfLm8dsLmASKBpipump,PFU,Pumpfun Undercover,solana,0.00007017,256,2048,65536,262144,16384,65536,65536,28,14,472,214,1775682866000,pumpswap,REPEAT
2026-04-09T15:46:57.320Z,3gyKT9K7uVBztNVoGqHZogGvLGAbfhD4MPfHZAeGpump,PEPIG,Pepig,solana,0.000006847,128,4096,65536,65536,8192,8192,8192,14,3,155,126,1775740092000,pumpswap,REPEAT
2026-04-09T15:46:57.320Z,8PpVGHnn3fNwoydMmYinRYAX1LrKQCExjVMBMzPQpump,ARTEMIS,Artemis Moon Mission,solana,0.00005510,128,2048,8192,16384,32768,65536,65536,3,,19,20,1768866855000,pumpswap,REPEAT
2026-04-09T15:46:57.320Z,5qRgEsvn5hbHznbvPYwignf7r2GHRXAcuVUPmNgEpump,FTH,Flying Toilet Horse,solana,0.00002941,2048,65536,262144,262144,16384,32768,32768,46,60,960,898,1775743244000,pumpswap,REPEAT
2026-04-09T15:46:57.320Z,81cVate4TTDgAhPhdFmtpzpHpryYzBJJdXXnmQYWpump,OMG,OMG,solana,0.000001834,1,16,524288,524288,4096,2048,2048,,1,3,2,1775729615000,pumpswap,REPEAT
2026-04-09T15:51:57.321Z,Hon2rHAiqkcDtUzL5gA2vjXPr7T1MPCK2UT2AHKCpump,MAGA,Make Aliens Great Again ,solana,0.00005446,128,512,8192,65536,16384,65536,65536,3,1,25,26,1771624966000,pumpswap,NEW
2026-04-09T15:51:57.321Z,7ZVJqzsPVoB2aSonJEW4jjvkBtwufMx41rZGryJ2pump,CHUD,Chud,solana,0.000004505,1024,262144,262144,262144,4096,4096,4096,26,39,3175,2719,1775748170000,pumpswap,REPEAT
2026-04-09T15:51:57.321Z,9MjRHK7iFSDco7EYMuU5L9sp9a9gPr7jTudzgTdNpump,笑哭猫,lmeow,solana,0.000008481,512,32768,32768,32768,,8192,8192,4,9,706,514,1775746443000,pumpfun,REPEAT
2026-04-09T15:51:57.321Z,EcsMm5VEgKz1HMkc47fLdF7Vy4vnUuoptdW5k6kepump,believe,still believe,solana,0.0001459,512,2048,8192,32768,32768,131072,131072,3,1,33,33,1774980244000,pumpswap,REPEAT
2026-04-09T15:51:57.321Z,7bxWJngTKUgX7cY1RxKXmR1RdMNszJhZCXM8vzESpump,momiji,momiji,solana,0.00002937,512,16384,65536,131072,16384,32768,32768,7,2,184,140,1775699885000,pumpswap,REPEAT
2026-04-09T15:51:57.321Z,5qRgEsvn5hbHznbvPYwignf7r2GHRXAcuVUPmNgEpump,FTH,Flying Toilet Horse,solana,0.00004273,4096,65536,262144,262144,16384,32768,32768,49,55,760,722,1775743244000,pumpswap,REPEAT
2026-04-09T15:51:57.321Z,HHLYUhjNpygSpCTwHLn1riBQzKJfzaoFVAeVHSH8pump,BSPIKE,BABY SPIKE,solana,0.000002436,2,65536,65536,65536,,2048,2048,,1,1156,795,1775746844000,pumpfun,REPEAT
2026-04-09T15:51:57.321Z,9hHYYG9vwBBsp11Lo89xbH8QSHWzpXYpG2NykMkipump,MooYor,MooYor,solana,0.0001275,16384,524288,524288,524288,32768,131072,131072,722,141,11428,2533,1775745206000,pumpswap,REPEAT
2026-04-09T15:51:57.321Z,3TDrNxtaReSocY9xthiwFGqRhor3YfwtQheLj8ARTVcn,イーロン,イーロン,solana,0.00003202,512,16384,262144,524288,16384,32768,32768,18,16,428,318,1775718445000,pumpswap,REPEAT
2026-04-09T15:51:57.321Z,5552z6Qp2xr596ox1UVN4ppDwwyjCfY8cXwzHMXgMcaS,MOLTING,Molting,solana,0.0006912,2048,8192,32768,65536,65536,524288,524288,4,2,52,43,1769857955000,orca,REPEAT
2026-04-09T15:51:57.321Z,HX2MBjZ9SJeMHmTAhQXs4U4bDaLP19W7LDKwEpHDpump,Doraemon,ドラえもん,solana,0.0001025,256,8192,16384,32768,32768,131072,131072,9,7,101,113,1775677779000,pumpswap,REPEAT
2026-04-09T15:51:57.321Z,34q2KmCvapecJgR6ZrtbCTrzZVtkt3a5mHEA3TuEsWYb,LOL,LOL,solana,0.008558,16384,262144,1048576,4194304,524288,8388608,8388608,56,47,832,733,1773878265000,pumpswap,REPEAT
2026-04-09T15:51:57.321Z,5qRgEsvn5hbHznbvPYwignf7r2GHRXAcuVUPmNgEpump,FTH,Flying Toilet Horse,solana,0.00005034,4096,65536,262144,262144,16384,65536,65536,54,62,765,729,1775743244000,pumpswap,REPEAT
2026-04-09T15:51:57.321Z,5qRgEsvn5hbHznbvPYwignf7r2GHRXAcuVUPmNgEpump,FTH,Flying Toilet Horse,solana,0.00005034,4096,65536,262144,262144,16384,65536,65536,54,62,765,729,1775743244000,pumpswap,REPEAT
2026-04-09T15:51:57.321Z,EHgUx5N7QPowAk94Narv5hu59WdZwggiLra213p8pump,Eeffoc,Eeffoc the alien,solana,0.00001474,2048,8192,65536,65536,8192,16384,16384,57,14,169,107,1775742081000,pumpswap,REPEAT
2026-04-09T15:51:57.321Z,2DhnGmwu14KHLBxhKcvLR9XV4uZ6DzQJtducmtbzBAGS,POPDOG,POPDOG,solana,0.000009790,1024,8192,131072,131072,8192,,,5,18,196,183,1775732609000,meteora,REPEAT
2026-04-09T15:51:57.321Z,3gyKT9K7uVBztNVoGqHZogGvLGAbfhD4MPfHZAeGpump,PEPIG,Pepig,solana,0.000006426,64,4096,65536,65536,8192,8192,8192,,11,135,122,1775740092000,pumpswap,REPEAT
2026-04-09T15:51:57.321Z,2PEMMHRmj5Hs7N1JMLfx9T4AyM4VjwGDmkqq5WTwpump,GURA,Gawr Gura,solana,0.000002631,256,262144,1048576,1048576,4096,2048,2048,8,3112,2184,8711,1775737018000,pumpswap,REPEAT
2026-04-09T15:51:57.321Z,EsvskEr51BM4LyFXuTn4dehMfVgUMZ55dBNxSbNXBAGS,GATO,El Gato,solana,0.00002444,32,2048,16384,262144,8192,32768,32768,1,1,17,14,1775702895000,meteora,REPEAT
2026-04-09T15:51:57.321Z,5qRgEsvn5hbHznbvPYwignf7r2GHRXAcuVUPmNgEpump,FTH,Flying Toilet Horse,solana,0.00005034,4096,65536,262144,262144,16384,65536,65536,54,62,765,729,1775743244000,pumpswap,REPEAT
2026-04-09T15:51:57.321Z,3gyKT9K7uVBztNVoGqHZogGvLGAbfhD4MPfHZAeGpump,PEPIG,Pepig,solana,0.000006426,64,4096,65536,65536,8192,8192,8192,,11,135,122,1775740092000,pumpswap,REPEAT
2026-04-09T15:51:57.321Z,nNcqotFpBF7hsAqbNs1v2cYWeMnaKjFc3D2gHoQpump,milkers,milkers,solana,0.0006274,1024,16384,131072,1048576,65536,524288,524288,4,4,82,115,1775164141000,pumpswap,REPEAT
2026-04-09T15:51:57.321Z,9SeCSdbPzz95KomGUGEV9Shn2zGXNmMJhE9J72Hipump,Iroha,イロハ,solana,0.001670,4096,131072,524288,2097152,131072,2097152,2097152,23,24,698,745,1775525060000,pumpswap,REPEAT
2026-04-09T15:51:57.321Z,3mf8LdJreVMwbxkfcs84NzSVhjfLm8dsLmASKBpipump,PFU,Pumpfun Undercover,solana,0.00006794,256,4096,65536,262144,16384,65536,65536,29,16,470,214,1775682866000,pumpswap,REPEAT
2026-04-09T15:51:57.321Z,3gyKT9K7uVBztNVoGqHZogGvLGAbfhD4MPfHZAeGpump,PEPIG,Pepig,solana,0.000006426,64,4096,65536,65536,8192,8192,8192,,11,135,122,1775740092000,pumpswap,REPEAT
2026-04-09T15:51:57.321Z,8PpVGHnn3fNwoydMmYinRYAX1LrKQCExjVMBMzPQpump,ARTEMIS,Artemis Moon Mission,solana,0.00005431,128,2048,8192,16384,32768,65536,65536,1,2,19,22,1768866855000,pumpswap,REPEAT
2026-04-09T15:51:57.321Z,5qRgEsvn5hbHznbvPYwignf7r2GHRXAcuVUPmNgEpump,FTH,Flying Toilet Horse,solana,0.00005034,4096,65536,262144,262144,16384,65536,65536,54,62,765,729,1775743244000,pumpswap,REPEAT
2026-04-09T15:51:57.321Z,81cVate4TTDgAhPhdFmtpzpHpryYzBJJdXXnmQYWpump,OMG,OMG,solana,0.000001834,,2,524288,524288,4096,2048,2048,,,2,2,1775729615000,pumpswap,REPEAT
2026-04-09T15:56:57.322Z,Hon2rHAiqkcDtUzL5gA2vjXPr7T1MPCK2UT2AHKCpump,MAGA,Make Aliens Great Again ,solana,0.00005700,256,1024,8192,65536,16384,65536,65536,3,4,29,29,1771624966000,pumpswap,REPEAT
2026-04-09T15:56:57.322Z,7ZVJqzsPVoB2aSonJEW4jjvkBtwufMx41rZGryJ2pump,CHUD,Chud,solana,0.000004508,1024,262144,262144,262144,4096,4096,4096,14,17,3192,2736,1775748170000,pumpswap,REPEAT
2026-04-09T15:56:57.322Z,9MjRHK7iFSDco7EYMuU5L9sp9a9gPr7jTudzgTdNpump,笑哭猫,lmeow,solana,0.00001063,512,32768,32768,32768,,8192,8192,28,,415,324,1775746443000,pumpfun,REPEAT
2026-04-09T15:56:57.322Z,EcsMm5VEgKz1HMkc47fLdF7Vy4vnUuoptdW5k6kepump,believe,still believe,solana,0.0001398,256,2048,8192,32768,32768,131072,131072,2,6,33,35,1774980244000,pumpswap,REPEAT
2026-04-09T15:56:57.322Z,7bxWJngTKUgX7cY1RxKXmR1RdMNszJhZCXM8vzESpump,momiji,momiji,solana,0.00002771,64,16384,65536,131072,16384,32768,32768,1,3,166,126,1775699885000,pumpswap,REPEAT
2026-04-09T15:56:57.322Z,5qRgEsvn5hbHznbvPYwignf7r2GHRXAcuVUPmNgEpump,FTH,Flying Toilet Horse,solana,0.00004662,2048,65536,262144,262144,16384,65536,65536,35,19,684,643,1775743244000,pumpswap,REPEAT
2026-04-09T15:56:57.322Z,HHLYUhjNpygSpCTwHLn1riBQzKJfzaoFVAeVHSH8pump,BSPIKE,BABY SPIKE,solana,0.000002447,1,65536,65536,65536,,2048,2048,,1,1156,796,1775746844000,pumpfun,REPEAT
2026-04-09T15:56:57.322Z,9hHYYG9vwBBsp11Lo89xbH8QSHWzpXYpG2NykMkipump,MooYor,MooYor,solana,0.0001304,32768,524288,524288,524288,32768,131072,131072,722,169,10479,2480,1775745206000,pumpswap,REPEAT
2026-04-09T15:56:57.322Z,3TDrNxtaReSocY9xthiwFGqRhor3YfwtQheLj8ARTVcn,イーロン,イーロン,solana,0.00003539,1024,16384,262144,524288,16384,32768,32768,13,18,411,307,1775718445000,pumpswap,REPEAT
2026-04-09T15:56:57.322Z,5552z6Qp2xr596ox1UVN4ppDwwyjCfY8cXwzHMXgMcaS,MOLTING,Molting,solana,0.0007130,2048,8192,32768,131072,65536,524288,524288,10,17,63,61,1769857955000,orca,REPEAT
2026-04-09T15:56:57.322Z,HX2MBjZ9SJeMHmTAhQXs4U4bDaLP19W7LDKwEpHDpump,Doraemon,ドラえもん,solana,0.0001023,512,8192,16384,32768,32768,131072,131072,6,8,103,112,1775677779000,pumpswap,REPEAT
2026-04-09T15:56:57.322Z,34q2KmCvapecJgR6ZrtbCTrzZVtkt3a5mHEA3TuEsWYb,LOL,LOL,solana,0.008532,16384,131072,1048576,4194304,524288,8388608,8388608,60,52,812,697,1773878265000,pumpswap,REPEAT
2026-04-09T15:56:57.322Z,5qRgEsvn5hbHznbvPYwignf7r2GHRXAcuVUPmNgEpump,FTH,Flying Toilet Horse,solana,0.00004662,2048,65536,262144,262144,16384,65536,65536,35,19,684,643,1775743244000,pumpswap,REPEAT
2026-04-09T15:56:57.322Z,5qRgEsvn5hbHznbvPYwignf7r2GHRXAcuVUPmNgEpump,FTH,Flying Toilet Horse,solana,0.00004475,2048,65536,262144,262144,16384,32768,32768,36,26,685,650,1775743244000,pumpswap,REPEAT
2026-04-09T15:56:57.322Z,EHgUx5N7QPowAk94Narv5hu59WdZwggiLra213p8pump,Eeffoc,Eeffoc the alien,solana,0.00001514,1024,8192,65536,65536,8192,16384,16384,13,27,160,126,1775742081000,pumpswap,REPEAT
2026-04-09T15:56:57.322Z,2DhnGmwu14KHLBxhKcvLR9XV4uZ6DzQJtducmtbzBAGS,POPDOG,POPDOG,solana,0.00001057,256,8192,131072,131072,8192,,,10,14,200,177,1775732609000,meteora,REPEAT
2026-04-09T15:56:57.322Z,3gyKT9K7uVBztNVoGqHZogGvLGAbfhD4MPfHZAeGpump,PEPIG,Pepig,solana,0.000005214,512,4096,65536,65536,4096,4096,4096,12,11,131,119,1775740092000,pumpswap,REPEAT
2026-04-09T15:56:57.322Z,2PEMMHRmj5Hs7N1JMLfx9T4AyM4VjwGDmkqq5WTwpump,GURA,Gawr Gura,solana,0.000002873,128,262144,1048576,1048576,4096,2048,2048,2,355,1894,9521,1775737018000,pumpswap,REPEAT
2026-04-09T15:56:57.322Z,EsvskEr51BM4LyFXuTn4dehMfVgUMZ55dBNxSbNXBAGS,GATO,El Gato,solana,0.00002444,,2048,16384,262144,8192,32768,32768,,,14,13,1775702895000,meteora,REPEAT
2026-04-09T15:56:57.322Z,5qRgEsvn5hbHznbvPYwignf7r2GHRXAcuVUPmNgEpump,FTH,Flying Toilet Horse,solana,0.00004475,2048,65536,262144,262144,16384,32768,32768,36,26,685,650,1775743244000,pumpswap,REPEAT
2026-04-09T15:56:57.322Z,3gyKT9K7uVBztNVoGqHZogGvLGAbfhD4MPfHZAeGpump,PEPIG,Pepig,solana,0.000005214,512,4096,65536,65536,4096,4096,4096,12,11,131,119,1775740092000,pumpswap,REPEAT
2026-04-09T15:56:57.322Z,nNcqotFpBF7hsAqbNs1v2cYWeMnaKjFc3D2gHoQpump,milkers,milkers,solana,0.0006401,512,8192,131072,1048576,65536,524288,524288,3,3,79,103,1775164141000,pumpswap,REPEAT
2026-04-09T15:56:57.322Z,9SeCSdbPzz95KomGUGEV9Shn2zGXNmMJhE9J72Hipump,Iroha,イロハ,solana,0.001665,4096,131072,524288,2097152,131072,2097152,2097152,44,20,682,648,1775525060000,pumpswap,REPEAT
2026-04-09T15:56:57.322Z,3mf8LdJreVMwbxkfcs84NzSVhjfLm8dsLmASKBpipump,PFU,Pumpfun Undercover,solana,0.00006569,256,4096,65536,262144,16384,65536,65536,31,16,469,215,1775682866000,pumpswap,REPEAT
2026-04-09T15:56:57.322Z,3gyKT9K7uVBztNVoGqHZogGvLGAbfhD4MPfHZAeGpump,PEPIG,Pepig,solana,0.000005214,512,4096,65536,65536,4096,4096,4096,12,11,131,119,1775740092000,pumpswap,REPEAT
2026-04-09T15:56:57.322Z,8PpVGHnn3fNwoydMmYinRYAX1LrKQCExjVMBMzPQpump,ARTEMIS,Artemis Moon Mission,solana,0.00005431,,2048,8192,16384,32768,65536,65536,,,19,22,1768866855000,pumpswap,REPEAT
2026-04-09T15:56:57.322Z,5qRgEsvn5hbHznbvPYwignf7r2GHRXAcuVUPmNgEpump,FTH,Flying Toilet Horse,solana,0.00004475,2048,65536,262144,262144,16384,32768,32768,36,26,685,650,1775743244000,pumpswap,REPEAT
2026-04-09T15:56:57.322Z,81cVate4TTDgAhPhdFmtpzpHpryYzBJJdXXnmQYWpump,OMG,OMG,solana,0.000001834,,2,524288,524288,4096,2048,2048,,,2,2,1775729615000,pumpswap,REPEAT
2026-04-09T16:01:57.322Z,FfJikRuD1cPAS42ifYPMe1w42DR9bxPShenmhy5Ypump,JURDAN,Mikel Jurdan,solana,0.0001296,65536,262144,262144,262144,32768,131072,131072,389,387,2293,2129,1775749206000,pumpswap,NEW
2026-04-09T16:01:57.322Z,Hon2rHAiqkcDtUzL5gA2vjXPr7T1MPCK2UT2AHKCpump,MAGA,Make Aliens Great Again ,solana,0.00005738,512,1024,8192,65536,16384,65536,65536,6,2,32,29,1771624966000,pumpswap,REPEAT
2026-04-09T16:01:57.322Z,7ZVJqzsPVoB2aSonJEW4jjvkBtwufMx41rZGryJ2pump,CHUD,Chud,solana,0.000004136,512,262144,262144,262144,4096,4096,4096,8,13,3202,2752,1775748170000,pumpswap,REPEAT
2026-04-09T16:01:57.322Z,9MjRHK7iFSDco7EYMuU5L9sp9a9gPr7jTudzgTdNpump,笑哭猫,lmeow,solana,0.00001045,128,16384,32768,32768,,8192,8192,5,3,286,237,1775746443000,pumpfun,REPEAT
2026-04-09T16:01:57.322Z,EcsMm5VEgKz1HMkc47fLdF7Vy4vnUuoptdW5k6kepump,believe,still believe,solana,0.0001421,32,2048,8192,32768,32768,131072,131072,1,,34,29,1774980244000,pumpswap,REPEAT
2026-04-09T16:01:57.322Z,7bxWJngTKUgX7cY1RxKXmR1RdMNszJhZCXM8vzESpump,momiji,momiji,solana,0.00002716,64,8192,65536,131072,16384,32768,32768,4,4,132,115,1775699885000,pumpswap,REPEAT
2026-04-09T16:01:57.322Z,5qRgEsvn5hbHznbvPYwignf7r2GHRXAcuVUPmNgEpump,FTH,Flying Toilet Horse,solana,0.00004698,2048,32768,262144,262144,16384,65536,65536,38,22,647,588,1775743244000,pumpswap,REPEAT
2026-04-09T16:01:57.322Z,HHLYUhjNpygSpCTwHLn1riBQzKJfzaoFVAeVHSH8pump,BSPIKE,BABY SPIKE,solana,0.000002441,0,65536,65536,65536,,2048,2048,,1,1016,764,1775746844000,pumpfun,REPEAT
2026-04-09T16:01:57.322Z,9hHYYG9vwBBsp11Lo89xbH8QSHWzpXYpG2NykMkipump,MooYor,MooYor,solana,0.0001368,32768,524288,524288,524288,32768,131072,131072,723,128,9662,2403,1775745206000,pumpswap,REPEAT
2026-04-09T16:01:57.322Z,3TDrNxtaReSocY9xthiwFGqRhor3YfwtQheLj8ARTVcn,イーロン,イーロン,solana,0.00003749,2048,16384,262144,524288,16384,32768,32768,24,27,431,319,1775718445000,pumpswap,REPEAT
2026-04-09T16:01:57.322Z,5552z6Qp2xr596ox1UVN4ppDwwyjCfY8cXwzHMXgMcaS,MOLTING,Molting,solana,0.0007155,1024,8192,32768,131072,65536,524288,524288,7,7,61,66,1769857955000,orca,REPEAT
2026-04-09T16:01:57.322Z,HX2MBjZ9SJeMHmTAhQXs4U4bDaLP19W7LDKwEpHDpump,Doraemon,ドラえもん,solana,0.0001020,512,8192,16384,32768,32768,131072,131072,9,10,106,112,1775677779000,pumpswap,REPEAT
2026-04-09T16:01:57.322Z,34q2KmCvapecJgR6ZrtbCTrzZVtkt3a5mHEA3TuEsWYb,LOL,LOL,solana,0.008279,16384,131072,1048576,4194304,524288,8388608,8388608,100,51,845,655,1773878265000,pumpswap,REPEAT
2026-04-09T16:01:57.322Z,5qRgEsvn5hbHznbvPYwignf7r2GHRXAcuVUPmNgEpump,FTH,Flying Toilet Horse,solana,0.00004698,2048,32768,262144,262144,16384,65536,65536,38,22,647,588,1775743244000,pumpswap,REPEAT
2026-04-09T16:01:57.322Z,5qRgEsvn5hbHznbvPYwignf7r2GHRXAcuVUPmNgEpump,FTH,Flying Toilet Horse,solana,0.00004551,2048,32768,262144,262144,16384,32768,32768,32,22,630,587,1775743244000,pumpswap,REPEAT
2026-04-09T16:01:57.322Z,EHgUx5N7QPowAk94Narv5hu59WdZwggiLra213p8pump,Eeffoc,Eeffoc the alien,solana,0.00001444,256,8192,65536,65536,8192,16384,16384,10,14,148,129,1775742081000,pumpswap,REPEAT
2026-04-09T16:01:57.322Z,2DhnGmwu14KHLBxhKcvLR9XV4uZ6DzQJtducmtbzBAGS,POPDOG,POPDOG,solana,0.00001153,512,8192,131072,131072,8192,,,6,6,200,177,1775732609000,meteora,REPEAT
2026-04-09T16:01:57.322Z,3gyKT9K7uVBztNVoGqHZogGvLGAbfhD4MPfHZAeGpump,PEPIG,Pepig,solana,0.000005162,128,4096,65536,65536,4096,4096,4096,6,9,121,111,1775740092000,pumpswap,REPEAT
2026-04-09T16:01:57.322Z,2PEMMHRmj5Hs7N1JMLfx9T4AyM4VjwGDmkqq5WTwpump,GURA,Gawr Gura,solana,0.000002963,32,262144,1048576,1048576,4096,4096,4096,3,6,1666,9383,1775737018000,pumpswap,REPEAT
2026-04-09T16:01:57.322Z,EsvskEr51BM4LyFXuTn4dehMfVgUMZ55dBNxSbNXBAGS,GATO,El Gato,solana,0.00002713,256,2048,16384,262144,8192,32768,32768,4,1,18,15,1775702895000,meteora,REPEAT
2026-04-09T16:01:57.322Z,5qRgEsvn5hbHznbvPYwignf7r2GHRXAcuVUPmNgEpump,FTH,Flying Toilet Horse,solana,0.00004551,2048,32768,262144,262144,16384,32768,32768,32,22,630,587,1775743244000,pumpswap,REPEAT
2026-04-09T16:01:57.322Z,3gyKT9K7uVBztNVoGqHZogGvLGAbfhD4MPfHZAeGpump,PEPIG,Pepig,solana,0.000005162,128,4096,65536,65536,4096,4096,4096,6,9,121,111,1775740092000,pumpswap,REPEAT
2026-04-09T16:01:57.322Z,nNcqotFpBF7hsAqbNs1v2cYWeMnaKjFc3D2gHoQpump,milkers,milkers,solana,0.0006586,2048,16384,131072,1048576,65536,524288,524288,12,29,91,124,1775164141000,pumpswap,REPEAT
2026-04-09T16:01:57.322Z,9SeCSdbPzz95KomGUGEV9Shn2zGXNmMJhE9J72Hipump,Iroha,イロハ,solana,0.001739,8192,65536,524288,2097152,131072,2097152,2097152,25,42,545,444,1775525060000,pumpswap,REPEAT
2026-04-09T16:01:57.322Z,3mf8LdJreVMwbxkfcs84NzSVhjfLm8dsLmASKBpipump,PFU,Pumpfun Undercover,solana,0.00006867,256,4096,65536,262144,16384,65536,65536,35,14,479,216,1775682866000,pumpswap,REPEAT
2026-04-09T16:01:57.322Z,3gyKT9K7uVBztNVoGqHZogGvLGAbfhD4MPfHZAeGpump,PEPIG,Pepig,solana,0.000005162,128,4096,65536,65536,4096,4096,4096,6,9,121,111,1775740092000,pumpswap,REPEAT
2026-04-09T16:01:57.322Z,8PpVGHnn3fNwoydMmYinRYAX1LrKQCExjVMBMzPQpump,ARTEMIS,Artemis Moon Mission,solana,0.00004797,1024,4096,8192,16384,16384,65536,65536,9,2,28,23,1768866855000,pumpswap,REPEAT
2026-04-09T16:01:57.322Z,5qRgEsvn5hbHznbvPYwignf7r2GHRXAcuVUPmNgEpump,FTH,Flying Toilet Horse,solana,0.00004551,2048,32768,262144,262144,16384,32768,32768,32,22,630,587,1775743244000,pumpswap,REPEAT
2026-04-09T16:06:57.323Z,9AEtb967xTMosjp9XFhvHLhscPNYgDWc15jFAZR8pump,RƎ́V,REVÉRSÉ SOCIETY,solana,0.0001222,512,2048,16384,131072,32768,131072,131072,4,5,26,22,1775691640000,pumpswap,NEW
2026-04-09T16:06:57.323Z,FfJikRuD1cPAS42ifYPMe1w42DR9bxPShenmhy5Ypump,JURDAN,Mikel Jurdan,solana,0.0001309,65536,524288,524288,524288,32768,131072,131072,419,465,2751,2637,1775749206000,pumpswap,REPEAT
2026-04-09T16:06:57.323Z,Hon2rHAiqkcDtUzL5gA2vjXPr7T1MPCK2UT2AHKCpump,MAGA,Make Aliens Great Again ,solana,0.00005628,32,1024,8192,32768,16384,65536,65536,,1,24,22,1771624966000,pumpswap,REPEAT
2026-04-09T16:06:57.323Z,7ZVJqzsPVoB2aSonJEW4jjvkBtwufMx41rZGryJ2pump,CHUD,Chud,solana,0.000004226,512,262144,262144,262144,4096,4096,4096,7,13,3213,2766,1775748170000,pumpswap,REPEAT
2026-04-09T16:06:57.323Z,9MjRHK7iFSDco7EYMuU5L9sp9a9gPr7jTudzgTdNpump,笑哭猫,lmeow,solana,0.00001030,64,16384,65536,65536,,8192,8192,1,7,219,195,1775746443000,pumpfun,REPEAT
2026-04-09T16:06:57.323Z,EcsMm5VEgKz1HMkc47fLdF7Vy4vnUuoptdW5k6kepump,believe,still believe,solana,0.0001430,8,2048,8192,32768,32768,131072,131072,1,,33,26,1774980244000,pumpswap,REPEAT
2026-04-09T16:06:57.323Z,7bxWJngTKUgX7cY1RxKXmR1RdMNszJhZCXM8vzESpump,momiji,momiji,solana,0.00002654,256,8192,65536,131072,16384,32768,32768,1,1,103,90,1775699885000,pumpswap,REPEAT
2026-04-09T16:06:57.323Z,5qRgEsvn5hbHznbvPYwignf7r2GHRXAcuVUPmNgEpump,FTH,Flying Toilet Horse,solana,0.00003302,4096,32768,262144,262144,16384,32768,32768,62,36,605,560,1775743244000,pumpswap,REPEAT
2026-04-09T16:06:57.323Z,HHLYUhjNpygSpCTwHLn1riBQzKJfzaoFVAeVHSH8pump,BSPIKE,BABY SPIKE,solana,0.000002441,,32768,65536,65536,,2048,2048,,,671,578,1775746844000,pumpfun,REPEAT
2026-04-09T16:06:57.323Z,9hHYYG9vwBBsp11Lo89xbH8QSHWzpXYpG2NykMkipump,MooYor,MooYor,solana,0.0001083,32768,524288,524288,524288,32768,131072,131072,725,172,9796,2303,1775745206000,pumpswap,REPEAT
2026-04-09T16:06:57.323Z,3TDrNxtaReSocY9xthiwFGqRhor3YfwtQheLj8ARTVcn,イーロン,イーロン,solana,0.00003690,512,16384,262144,524288,16384,32768,32768,15,8,435,321,1775718445000,pumpswap,REPEAT
2026-04-09T16:06:57.323Z,5552z6Qp2xr596ox1UVN4ppDwwyjCfY8cXwzHMXgMcaS,MOLTING,Molting,solana,0.0007140,256,8192,32768,131072,65536,524288,524288,3,6,61,72,1769857955000,orca,REPEAT
2026-04-09T16:06:57.323Z,HX2MBjZ9SJeMHmTAhQXs4U4bDaLP19W7LDKwEpHDpump,Doraemon,ドラえもん,solana,0.0001047,256,8192,16384,32768,32768,131072,131072,3,8,106,115,1775677779000,pumpswap,REPEAT
2026-04-09T16:06:57.323Z,34q2KmCvapecJgR6ZrtbCTrzZVtkt3a5mHEA3TuEsWYb,LOL,LOL,solana,0.008292,8192,131072,1048576,4194304,524288,8388608,8388608,55,49,817,639,1773878265000,pumpswap,REPEAT
2026-04-09T16:06:57.323Z,5qRgEsvn5hbHznbvPYwignf7r2GHRXAcuVUPmNgEpump,FTH,Flying Toilet Horse,solana,0.00003302,4096,32768,262144,262144,16384,32768,32768,62,36,605,560,1775743244000,pumpswap,REPEAT
2026-04-09T16:06:57.323Z,5qRgEsvn5hbHznbvPYwignf7r2GHRXAcuVUPmNgEpump,FTH,Flying Toilet Horse,solana,0.00003340,4096,32768,262144,262144,16384,32768,32768,64,36,607,560,1775743244000,pumpswap,REPEAT
2026-04-09T16:06:57.323Z,EHgUx5N7QPowAk94Narv5hu59WdZwggiLra213p8pump,Eeffoc,Eeffoc the alien,solana,0.00001410,256,8192,65536,65536,8192,16384,16384,8,12,154,135,1775742081000,pumpswap,REPEAT
2026-04-09T16:06:57.323Z,2DhnGmwu14KHLBxhKcvLR9XV4uZ6DzQJtducmtbzBAGS,POPDOG,POPDOG,solana,0.00001432,512,8192,131072,131072,8192,,,16,4,209,168,1775732609000,meteora,REPEAT
2026-04-09T16:06:57.323Z,3gyKT9K7uVBztNVoGqHZogGvLGAbfhD4MPfHZAeGpump,PEPIG,Pepig,solana,0.000005254,256,4096,65536,65536,4096,4096,4096,5,7,112,110,1775740092000,pumpswap,REPEAT
2026-04-09T16:06:57.323Z,2PEMMHRmj5Hs7N1JMLfx9T4AyM4VjwGDmkqq5WTwpump,GURA,Gawr Gura,solana,0.000002955,8,131072,1048576,1048576,4096,4096,4096,,2,1438,9250,1775737018000,pumpswap,REPEAT
2026-04-09T16:06:57.323Z,EsvskEr51BM4LyFXuTn4dehMfVgUMZ55dBNxSbNXBAGS,GATO,El Gato,solana,0.00003005,256,2048,16384,262144,16384,32768,32768,8,1,24,14,1775702895000,meteora,REPEAT
2026-04-09T16:06:57.323Z,5qRgEsvn5hbHznbvPYwignf7r2GHRXAcuVUPmNgEpump,FTH,Flying Toilet Horse,solana,0.00003340,4096,32768,262144,262144,16384,32768,32768,64,36,607,560,1775743244000,pumpswap,REPEAT
2026-04-09T16:06:57.323Z,3gyKT9K7uVBztNVoGqHZogGvLGAbfhD4MPfHZAeGpump,PEPIG,Pepig,solana,0.000005254,256,4096,65536,65536,4096,4096,4096,5,7,112,110,1775740092000,pumpswap,REPEAT
2026-04-09T16:06:57.323Z,nNcqotFpBF7hsAqbNs1v2cYWeMnaKjFc3D2gHoQpump,milkers,milkers,solana,0.0007229,8192,16384,131072,1048576,65536,524288,524288,28,92,108,203,1775164141000,pumpswap,REPEAT
2026-04-09T16:06:57.323Z,9SeCSdbPzz95KomGUGEV9Shn2zGXNmMJhE9J72Hipump,Iroha,イロハ,solana,0.001764,4096,65536,524288,2097152,131072,2097152,2097152,34,44,500,429,1775525060000,pumpswap,REPEAT
2026-04-09T16:06:57.323Z,3mf8LdJreVMwbxkfcs84NzSVhjfLm8dsLmASKBpipump,PFU,Pumpfun Undercover,solana,0.00006792,64,4096,32768,262144,16384,65536,65536,28,15,473,216,1775682866000,pumpswap,REPEAT
2026-04-09T16:06:57.323Z,3gyKT9K7uVBztNVoGqHZogGvLGAbfhD4MPfHZAeGpump,PEPIG,Pepig,solana,0.000005254,256,4096,65536,65536,4096,4096,4096,5,7,112,110,1775740092000,pumpswap,REPEAT
2026-04-09T16:06:57.323Z,8PpVGHnn3fNwoydMmYinRYAX1LrKQCExjVMBMzPQpump,ARTEMIS,Artemis Moon Mission,solana,0.00004768,16,4096,8192,16384,16384,65536,65536,,1,28,23,1768866855000,pumpswap,REPEAT
2026-04-09T16:11:57.323Z,9AEtb967xTMosjp9XFhvHLhscPNYgDWc15jFAZR8pump,RƎ́V,REVÉRSÉ SOCIETY,solana,0.0001181,256,2048,16384,131072,32768,131072,131072,,6,24,27,1775691640000,pumpswap,REPEAT
2026-04-09T16:11:57.323Z,FfJikRuD1cPAS42ifYPMe1w42DR9bxPShenmhy5Ypump,JURDAN,Mikel Jurdan,solana,0.00005037,65536,524288,524288,524288,16384,65536,65536,444,415,3260,3104,1775749206000,pumpswap,REPEAT
2026-04-09T16:11:57.323Z,Hon2rHAiqkcDtUzL5gA2vjXPr7T1MPCK2UT2AHKCpump,MAGA,Make Aliens Great Again ,solana,0.00005606,64,1024,8192,32768,16384,65536,65536,2,2,25,23,1771624966000,pumpswap,REPEAT
2026-04-09T16:11:57.323Z,7ZVJqzsPVoB2aSonJEW4jjvkBtwufMx41rZGryJ2pump,CHUD,Chud,solana,0.000004272,8,262144,262144,262144,4096,4096,4096,3,1,3216,2767,1775748170000,pumpswap,REPEAT
2026-04-09T16:11:57.323Z,9MjRHK7iFSDco7EYMuU5L9sp9a9gPr7jTudzgTdNpump,笑哭猫,lmeow,solana,0.00001256,1024,16384,65536,65536,,16384,16384,5,10,206,187,1775746443000,pumpfun,REPEAT
2026-04-09T16:11:57.323Z,EcsMm5VEgKz1HMkc47fLdF7Vy4vnUuoptdW5k6kepump,believe,still believe,solana,0.0001430,,2048,8192,32768,32768,131072,131072,,,33,22,1774980244000,pumpswap,REPEAT
2026-04-09T16:11:57.323Z,7bxWJngTKUgX7cY1RxKXmR1RdMNszJhZCXM8vzESpump,momiji,momiji,solana,0.00002654,,8192,65536,131072,16384,32768,32768,,,82,74,1775699885000,pumpswap,REPEAT
2026-04-09T16:11:57.323Z,5qRgEsvn5hbHznbvPYwignf7r2GHRXAcuVUPmNgEpump,FTH,Flying Toilet Horse,solana,0.00003861,1024,32768,262144,262144,16384,32768,32768,24,10,589,523,1775743244000,pumpswap,REPEAT
2026-04-09T16:11:57.323Z,HHLYUhjNpygSpCTwHLn1riBQzKJfzaoFVAeVHSH8pump,BSPIKE,BABY SPIKE,solana,0.000002408,16,32768,65536,65536,,2048,2048,,2,407,413,1775746844000,pumpfun,REPEAT
2026-04-09T16:11:57.323Z,9hHYYG9vwBBsp11Lo89xbH8QSHWzpXYpG2NykMkipump,MooYor,MooYor,solana,0.0001003,32768,524288,524288,524288,32768,131072,131072,680,155,9850,2287,1775745206000,pumpswap,REPEAT
2026-04-09T16:11:57.323Z,3TDrNxtaReSocY9xthiwFGqRhor3YfwtQheLj8ARTVcn,イーロン,イーロン,solana,0.00003625,512,16384,131072,524288,16384,32768,32768,19,15,410,315,1775718445000,pumpswap,REPEAT
2026-04-09T16:11:57.323Z,5552z6Qp2xr596ox1UVN4ppDwwyjCfY8cXwzHMXgMcaS,MOLTING,Molting,solana,0.0007544,256,8192,32768,131072,65536,1048576,1048576,8,3,67,76,1769857955000,orca,REPEAT
2026-04-09T16:11:57.323Z,HX2MBjZ9SJeMHmTAhQXs4U4bDaLP19W7LDKwEpHDpump,Doraemon,ドラえもん,solana,0.0001028,512,8192,16384,32768,32768,131072,131072,3,6,102,109,1775677779000,pumpswap,REPEAT
2026-04-09T16:11:57.323Z,34q2KmCvapecJgR6ZrtbCTrzZVtkt3a5mHEA3TuEsWYb,LOL,LOL,solana,0.007978,16384,131072,1048576,4194304,524288,8388608,8388608,145,52,895,638,1773878265000,pumpswap,REPEAT
2026-04-09T16:11:57.323Z,5qRgEsvn5hbHznbvPYwignf7r2GHRXAcuVUPmNgEpump,FTH,Flying Toilet Horse,solana,0.00003861,1024,32768,262144,262144,16384,32768,32768,24,10,589,523,1775743244000,pumpswap,REPEAT
2026-04-09T16:11:57.323Z,5qRgEsvn5hbHznbvPYwignf7r2GHRXAcuVUPmNgEpump,FTH,Flying Toilet Horse,solana,0.00003861,1024,32768,262144,262144,16384,32768,32768,24,10,589,523,1775743244000,pumpswap,REPEAT
2026-04-09T16:11:57.323Z,EHgUx5N7QPowAk94Narv5hu59WdZwggiLra213p8pump,Eeffoc,Eeffoc the alien,solana,0.00001466,1024,8192,65536,65536,8192,16384,16384,16,14,154,139,1775742081000,pumpswap,REPEAT
2026-04-09T16:11:57.323Z,2DhnGmwu14KHLBxhKcvLR9XV4uZ6DzQJtducmtbzBAGS,POPDOG,POPDOG,solana,0.00001634,256,8192,131072,131072,8192,,,4,4,211,164,1775732609000,meteora,REPEAT
2026-04-09T16:11:57.323Z,3gyKT9K7uVBztNVoGqHZogGvLGAbfhD4MPfHZAeGpump,PEPIG,Pepig,solana,0.000005042,256,4096,65536,65536,4096,4096,4096,3,9,103,116,1775740092000,pumpswap,REPEAT
2026-04-09T16:11:57.323Z,2PEMMHRmj5Hs7N1JMLfx9T4AyM4VjwGDmkqq5WTwpump,GURA,Gawr Gura,solana,0.000002921,4,131072,1048576,1048576,4096,4096,4096,,2,1240,9125,1775737018000,pumpswap,REPEAT
2026-04-09T16:11:57.323Z,EsvskEr51BM4LyFXuTn4dehMfVgUMZ55dBNxSbNXBAGS,GATO,El Gato,solana,0.00003003,512,2048,16384,262144,16384,32768,32768,2,2,24,12,1775702895000,meteora,REPEAT
2026-04-09T16:11:57.323Z,5qRgEsvn5hbHznbvPYwignf7r2GHRXAcuVUPmNgEpump,FTH,Flying Toilet Horse,solana,0.00004129,1024,32768,262144,262144,16384,32768,32768,21,10,584,511,1775743244000,pumpswap,REPEAT
2026-04-09T16:11:57.323Z,3gyKT9K7uVBztNVoGqHZogGvLGAbfhD4MPfHZAeGpump,PEPIG,Pepig,solana,0.000005042,256,4096,65536,65536,4096,4096,4096,3,9,103,116,1775740092000,pumpswap,REPEAT
2026-04-09T16:11:57.323Z,nNcqotFpBF7hsAqbNs1v2cYWeMnaKjFc3D2gHoQpump,milkers,milkers,solana,0.0006656,8192,32768,131072,1048576,65536,524288,524288,45,115,140,312,1775164141000,pumpswap,REPEAT
2026-04-09T16:11:57.323Z,9SeCSdbPzz95KomGUGEV9Shn2zGXNmMJhE9J72Hipump,Iroha,イロハ,solana,0.001693,4096,65536,524288,2097152,131072,2097152,2097152,39,24,486,416,1775525060000,pumpswap,REPEAT
2026-04-09T16:11:57.323Z,3mf8LdJreVMwbxkfcs84NzSVhjfLm8dsLmASKBpipump,PFU,Pumpfun Undercover,solana,0.00005550,2048,4096,32768,262144,16384,65536,65536,57,21,503,224,1775682866000,pumpswap,REPEAT
2026-04-09T16:11:57.323Z,3gyKT9K7uVBztNVoGqHZogGvLGAbfhD4MPfHZAeGpump,PEPIG,Pepig,solana,0.000005042,256,4096,65536,65536,4096,4096,4096,3,9,103,116,1775740092000,pumpswap,REPEAT
2026-04-09T16:11:57.323Z,8PpVGHnn3fNwoydMmYinRYAX1LrKQCExjVMBMzPQpump,ARTEMIS,Artemis Moon Mission,solana,0.00004768,,2048,8192,16384,16384,65536,65536,,,22,21,1768866855000,pumpswap,REPEAT
2026-04-09T16:16:57.324Z,9AEtb967xTMosjp9XFhvHLhscPNYgDWc15jFAZR8pump,RƎ́V,REVÉRSÉ SOCIETY,solana,0.0001206,64,2048,16384,131072,32768,131072,131072,3,,27,27,1775691640000,pumpswap,REPEAT
2026-04-09T16:16:57.324Z,FfJikRuD1cPAS42ifYPMe1w42DR9bxPShenmhy5Ypump,JURDAN,Mikel Jurdan,solana,0.000002525,65536,524288,524288,524288,4096,2048,2048,282,639,3612,3805,1775749206000,pumpswap,REPEAT
2026-04-09T16:16:57.324Z,Hon2rHAiqkcDtUzL5gA2vjXPr7T1MPCK2UT2AHKCpump,MAGA,Make Aliens Great Again ,solana,0.00005587,32,1024,8192,32768,16384,65536,65536,1,2,22,21,1771624966000,pumpswap,REPEAT
2026-04-09T16:16:57.324Z,7ZVJqzsPVoB2aSonJEW4jjvkBtwufMx41rZGryJ2pump,CHUD,Chud,solana,0.000003699,256,262144,262144,262144,4096,4096,4096,4,10,3220,2777,1775748170000,pumpswap,REPEAT
2026-04-09T16:16:57.324Z,9MjRHK7iFSDco7EYMuU5L9sp9a9gPr7jTudzgTdNpump,笑哭猫,lmeow,solana,0.00001301,128,8192,65536,65536,,16384,16384,10,1,178,92,1775746443000,pumpfun,REPEAT
2026-04-09T16:16:57.324Z,EcsMm5VEgKz1HMkc47fLdF7Vy4vnUuoptdW5k6kepump,believe,still believe,solana,0.0001473,2048,4096,8192,32768,32768,131072,131072,15,15,38,36,1774980244000,pumpswap,REPEAT
2026-04-09T16:16:57.324Z,7bxWJngTKUgX7cY1RxKXmR1RdMNszJhZCXM8vzESpump,momiji,momiji,solana,0.00002623,16,4096,65536,131072,16384,32768,32768,,1,55,59,1775699885000,pumpswap,REPEAT
2026-04-09T16:16:57.324Z,5qRgEsvn5hbHznbvPYwignf7r2GHRXAcuVUPmNgEpump,FTH,Flying Toilet Horse,solana,0.00003378,2048,32768,262144,262144,16384,32768,32768,25,19,576,487,1775743244000,pumpswap,REPEAT
2026-04-09T16:16:57.324Z,HHLYUhjNpygSpCTwHLn1riBQzKJfzaoFVAeVHSH8pump,BSPIKE,BABY SPIKE,solana,0.000002408,,16384,65536,65536,,2048,2048,,,122,261,1775746844000,pumpfun,REPEAT
2026-04-09T16:16:57.324Z,9hHYYG9vwBBsp11Lo89xbH8QSHWzpXYpG2NykMkipump,MooYor,MooYor,solana,0.00009670,32768,262144,524288,524288,32768,131072,131072,693,175,9716,2268,1775745206000,pumpswap,REPEAT
2026-04-09T16:16:57.324Z,3TDrNxtaReSocY9xthiwFGqRhor3YfwtQheLj8ARTVcn,イーロン,イーロン,solana,0.00003396,512,16384,131072,524288,16384,32768,32768,18,12,336,264,1775718445000,pumpswap,REPEAT
2026-04-09T16:16:57.324Z,5552z6Qp2xr596ox1UVN4ppDwwyjCfY8cXwzHMXgMcaS,MOLTING,Molting,solana,0.0007391,32,8192,32768,131072,65536,524288,524288,1,1,64,73,1769857955000,orca,REPEAT
2026-04-09T16:16:57.324Z,HX2MBjZ9SJeMHmTAhQXs4U4bDaLP19W7LDKwEpHDpump,Doraemon,ドラえもん,solana,0.0001179,1024,8192,16384,65536,32768,131072,131072,18,12,114,114,1775677779000,pumpswap,REPEAT
2026-04-09T16:16:57.324Z,34q2KmCvapecJgR6ZrtbCTrzZVtkt3a5mHEA3TuEsWYb,LOL,LOL,solana,0.007622,16384,131072,1048576,4194304,524288,8388608,8388608,201,58,1043,646,1773878265000,pumpswap,REPEAT
2026-04-09T16:16:57.324Z,5qRgEsvn5hbHznbvPYwignf7r2GHRXAcuVUPmNgEpump,FTH,Flying Toilet Horse,solana,0.00003378,2048,32768,262144,262144,16384,32768,32768,25,19,576,487,1775743244000,pumpswap,REPEAT
2026-04-09T16:16:57.324Z,5qRgEsvn5hbHznbvPYwignf7r2GHRXAcuVUPmNgEpump,FTH,Flying Toilet Horse,solana,0.00003378,2048,32768,262144,262144,16384,32768,32768,25,19,576,487,1775743244000,pumpswap,REPEAT
2026-04-09T16:16:57.324Z,EHgUx5N7QPowAk94Narv5hu59WdZwggiLra213p8pump,Eeffoc,Eeffoc the alien,solana,0.00001382,128,8192,65536,65536,8192,16384,16384,,9,135,137,1775742081000,pumpswap,REPEAT
2026-04-09T16:16:57.324Z,2DhnGmwu14KHLBxhKcvLR9XV4uZ6DzQJtducmtbzBAGS,POPDOG,POPDOG,solana,0.00002089,2048,8192,131072,131072,8192,,,24,8,190,164,1775732609000,meteora,REPEAT
2026-04-09T16:16:57.324Z,3gyKT9K7uVBztNVoGqHZogGvLGAbfhD4MPfHZAeGpump,PEPIG,Pepig,solana,0.000005233,256,4096,65536,65536,4096,4096,4096,8,4,103,113,1775740092000,pumpswap,REPEAT
2026-04-09T16:16:57.324Z,2PEMMHRmj5Hs7N1JMLfx9T4AyM4VjwGDmkqq5WTwpump,GURA,Gawr Gura,solana,0.000002914,2,131072,1048576,1048576,4096,4096,4096,1,2,954,8947,1775737018000,pumpswap,REPEAT
2026-04-09T16:16:57.324Z,EsvskEr51BM4LyFXuTn4dehMfVgUMZ55dBNxSbNXBAGS,GATO,El Gato,solana,0.00002927,4,2048,16384,262144,16384,32768,32768,,1,24,11,1775702895000,meteora,REPEAT
2026-04-09T16:16:57.324Z,5qRgEsvn5hbHznbvPYwignf7r2GHRXAcuVUPmNgEpump,FTH,Flying Toilet Horse,solana,0.00003411,1024,32768,262144,262144,16384,32768,32768,16,22,574,486,1775743244000,pumpswap,REPEAT
2026-04-09T16:16:57.324Z,3gyKT9K7uVBztNVoGqHZogGvLGAbfhD4MPfHZAeGpump,PEPIG,Pepig,solana,0.000005233,256,4096,65536,65536,4096,4096,4096,8,4,103,113,1775740092000,pumpswap,REPEAT
2026-04-09T16:16:57.324Z,nNcqotFpBF7hsAqbNs1v2cYWeMnaKjFc3D2gHoQpump,milkers,milkers,solana,0.0007310,8192,32768,131072,1048576,65536,524288,524288,24,44,161,346,1775164141000,pumpswap,REPEAT
2026-04-09T16:16:57.324Z,9SeCSdbPzz95KomGUGEV9Shn2zGXNmMJhE9J72Hipump,Iroha,イロハ,solana,0.001676,4096,65536,524288,2097152,131072,2097152,2097152,14,14,437,382,1775525060000,pumpswap,REPEAT
2026-04-09T16:16:57.324Z,3mf8LdJreVMwbxkfcs84NzSVhjfLm8dsLmASKBpipump,PFU,Pumpfun Undercover,solana,0.00005905,256,4096,32768,262144,16384,65536,65536,42,16,508,223,1775682866000,pumpswap,REPEAT
2026-04-09T16:16:57.324Z,3gyKT9K7uVBztNVoGqHZogGvLGAbfhD4MPfHZAeGpump,PEPIG,Pepig,solana,0.000005233,256,4096,65536,65536,4096,4096,4096,8,4,103,113,1775740092000,pumpswap,REPEAT
2026-04-09T16:16:57.324Z,8PpVGHnn3fNwoydMmYinRYAX1LrKQCExjVMBMzPQpump,ARTEMIS,Artemis Moon Mission,solana,0.00004768,,2048,8192,16384,16384,65536,65536,,,20,14,1768866855000,pumpswap,REPEAT
2026-04-09T16:21:57.324Z,9AEtb967xTMosjp9XFhvHLhscPNYgDWc15jFAZR8pump,RƎ́V,REVÉRSÉ SOCIETY,solana,0.0001212,16,2048,16384,131072,32768,131072,131072,4,,31,27,1775691640000,pumpswap,REPEAT
2026-04-09T16:21:57.324Z,FfJikRuD1cPAS42ifYPMe1w42DR9bxPShenmhy5Ypump,JURDAN,Mikel Jurdan,solana,0.000002903,128,524288,524288,524288,4096,4096,4096,13,16,3629,3823,1775749206000,pumpswap,REPEAT
2026-04-09T16:21:57.324Z,Hon2rHAiqkcDtUzL5gA2vjXPr7T1MPCK2UT2AHKCpump,MAGA,Make Aliens Great Again ,solana,0.00005768,256,1024,8192,32768,16384,65536,65536,2,1,24,19,1771624966000,pumpswap,REPEAT
2026-04-09T16:21:57.324Z,7ZVJqzsPVoB2aSonJEW4jjvkBtwufMx41rZGryJ2pump,CHUD,Chud,solana,0.000003339,128,262144,262144,262144,4096,4096,4096,3,3,3224,2781,1775748170000,pumpswap,REPEAT
2026-04-09T16:21:57.324Z,9MjRHK7iFSDco7EYMuU5L9sp9a9gPr7jTudzgTdNpump,笑哭猫,lmeow,solana,0.000009857,2048,8192,65536,65536,,8192,8192,14,22,174,107,1775746443000,pumpfun,REPEAT
2026-04-09T16:21:57.324Z,EcsMm5VEgKz1HMkc47fLdF7Vy4vnUuoptdW5k6kepump,believe,still believe,solana,0.0001415,1024,4096,16384,32768,32768,131072,131072,6,2,43,36,1774980244000,pumpswap,REPEAT
2026-04-09T16:21:57.324Z,7bxWJngTKUgX7cY1RxKXmR1RdMNszJhZCXM8vzESpump,momiji,momiji,solana,0.00002608,8,4096,65536,131072,16384,32768,32768,,2,40,42,1775699885000,pumpswap,REPEAT
2026-04-09T16:21:57.324Z,5qRgEsvn5hbHznbvPYwignf7r2GHRXAcuVUPmNgEpump,FTH,Flying Toilet Horse,solana,0.00003303,256,32768,262144,262144,16384,32768,32768,9,13,540,443,1775743244000,pumpswap,REPEAT
2026-04-09T16:21:57.324Z,HHLYUhjNpygSpCTwHLn1riBQzKJfzaoFVAeVHSH8pump,BSPIKE,BABY SPIKE,solana,0.000002408,,256,65536,65536,,2048,2048,,,5,24,1775746844000,pumpfun,REPEAT
2026-04-09T16:21:57.324Z,9hHYYG9vwBBsp11Lo89xbH8QSHWzpXYpG2NykMkipump,MooYor,MooYor,solana,0.00009580,32768,262144,524288,524288,32768,131072,131072,722,174,9613,2256,1775745206000,pumpswap,REPEAT
2026-04-09T16:21:57.324Z,3TDrNxtaReSocY9xthiwFGqRhor3YfwtQheLj8ARTVcn,イーロン,イーロン,solana,0.00003406,256,16384,131072,524288,16384,32768,32768,8,7,307,230,1775718445000,pumpswap,REPEAT
2026-04-09T16:21:57.324Z,5552z6Qp2xr596ox1UVN4ppDwwyjCfY8cXwzHMXgMcaS,MOLTING,Molting,solana,0.0007541,512,8192,32768,131072,65536,1048576,1048576,3,2,59,72,1769857955000,orca,REPEAT
2026-04-09T16:21:57.324Z,HX2MBjZ9SJeMHmTAhQXs4U4bDaLP19W7LDKwEpHDpump,Doraemon,ドラえもん,solana,0.0001209,1024,8192,16384,65536,32768,131072,131072,8,18,102,122,1775677779000,pumpswap,REPEAT
2026-04-09T16:21:57.324Z,34q2KmCvapecJgR6ZrtbCTrzZVtkt3a5mHEA3TuEsWYb,LOL,LOL,solana,0.007779,16384,131072,1048576,4194304,524288,8388608,8388608,103,59,1063,649,1773878265000,pumpswap,REPEAT
2026-04-09T16:21:57.324Z,5qRgEsvn5hbHznbvPYwignf7r2GHRXAcuVUPmNgEpump,FTH,Flying Toilet Horse,solana,0.00003303,256,32768,262144,262144,16384,32768,32768,9,13,540,443,1775743244000,pumpswap,REPEAT
2026-04-09T16:21:57.324Z,5qRgEsvn5hbHznbvPYwignf7r2GHRXAcuVUPmNgEpump,FTH,Flying Toilet Horse,solana,0.00003303,256,32768,262144,262144,16384,32768,32768,9,13,540,443,1775743244000,pumpswap,REPEAT
2026-04-09T16:21:57.324Z,EHgUx5N7QPowAk94Narv5hu59WdZwggiLra213p8pump,Eeffoc,Eeffoc the alien,solana,0.00001366,64,8192,65536,65536,8192,16384,16384,2,5,132,127,1775742081000,pumpswap,REPEAT
2026-04-09T16:21:57.324Z,2DhnGmwu14KHLBxhKcvLR9XV4uZ6DzQJtducmtbzBAGS,POPDOG,POPDOG,solana,0.00002360,512,8192,131072,131072,8192,,,6,4,188,150,1775732609000,meteora,REPEAT
2026-04-09T16:21:57.324Z,3gyKT9K7uVBztNVoGqHZogGvLGAbfhD4MPfHZAeGpump,PEPIG,Pepig,solana,0.000004516,128,4096,65536,65536,4096,4096,4096,,8,93,112,1775740092000,pumpswap,REPEAT
2026-04-09T16:21:57.324Z,2PEMMHRmj5Hs7N1JMLfx9T4AyM4VjwGDmkqq5WTwpump,GURA,Gawr Gura,solana,0.000002909,4,65536,1048576,1048576,4096,4096,4096,,3,691,8777,1775737018000,pumpswap,REPEAT
2026-04-09T16:21:57.324Z,EsvskEr51BM4LyFXuTn4dehMfVgUMZ55dBNxSbNXBAGS,GATO,El Gato,solana,0.00002842,128,2048,16384,262144,16384,32768,32768,1,2,23,14,1775702895000,meteora,REPEAT
2026-04-09T16:21:57.324Z,5qRgEsvn5hbHznbvPYwignf7r2GHRXAcuVUPmNgEpump,FTH,Flying Toilet Horse,solana,0.00003252,256,32768,262144,262144,16384,32768,32768,6,13,523,439,1775743244000,pumpswap,REPEAT
2026-04-09T16:21:57.324Z,3gyKT9K7uVBztNVoGqHZogGvLGAbfhD4MPfHZAeGpump,PEPIG,Pepig,solana,0.000004516,128,4096,65536,65536,4096,4096,4096,,8,93,112,1775740092000,pumpswap,REPEAT
2026-04-09T16:21:57.324Z,nNcqotFpBF7hsAqbNs1v2cYWeMnaKjFc3D2gHoQpump,milkers,milkers,solana,0.0007423,4096,32768,131072,524288,65536,1048576,1048576,16,40,176,387,1775164141000,pumpswap,REPEAT
2026-04-09T16:21:57.324Z,9SeCSdbPzz95KomGUGEV9Shn2zGXNmMJhE9J72Hipump,Iroha,イロハ,solana,0.001663,4096,65536,524288,2097152,131072,2097152,2097152,30,18,416,347,1775525060000,pumpswap,REPEAT
2026-04-09T16:21:57.324Z,3mf8LdJreVMwbxkfcs84NzSVhjfLm8dsLmASKBpipump,PFU,Pumpfun Undercover,solana,0.00005974,512,8192,32768,262144,16384,65536,65536,30,16,505,226,1775682866000,pumpswap,REPEAT
2026-04-09T16:21:57.324Z,3gyKT9K7uVBztNVoGqHZogGvLGAbfhD4MPfHZAeGpump,PEPIG,Pepig,solana,0.000004516,128,4096,65536,65536,4096,4096,4096,,8,93,112,1775740092000,pumpswap,REPEAT
2026-04-09T16:21:57.324Z,8PpVGHnn3fNwoydMmYinRYAX1LrKQCExjVMBMzPQpump,ARTEMIS,Artemis Moon Mission,solana,0.00004768,,2048,8192,16384,16384,65536,65536,,,18,11,1768866855000,pumpswap,REPEAT
2026-04-09T16:26:57.326Z,9AEtb967xTMosjp9XFhvHLhscPNYgDWc15jFAZR8pump,RƎ́V,REVÉRSÉ SOCIETY,solana,0.0001194,128,2048,16384,131072,32768,131072,131072,1,1,31,28,1775691640000,pumpswap,REPEAT
2026-04-09T16:26:57.326Z,FfJikRuD1cPAS42ifYPMe1w42DR9bxPShenmhy5Ypump,JURDAN,Mikel Jurdan,solana,0.000002610,128,524288,524288,524288,4096,2048,2048,15,11,3644,3836,1775749206000,pumpswap,REPEAT
2026-04-09T16:26:57.326Z,Hon2rHAiqkcDtUzL5gA2vjXPr7T1MPCK2UT2AHKCpump,MAGA,Make Aliens Great Again ,solana,0.00005780,16,1024,8192,32768,16384,65536,65536,3,3,26,22,1771624966000,pumpswap,REPEAT
2026-04-09T16:26:57.326Z,7ZVJqzsPVoB2aSonJEW4jjvkBtwufMx41rZGryJ2pump,CHUD,Chud,solana,0.000003419,64,131072,262144,262144,4096,4096,4096,1,4,2009,1843,1775748170000,pumpswap,REPEAT
2026-04-09T16:26:57.326Z,9MjRHK7iFSDco7EYMuU5L9sp9a9gPr7jTudzgTdNpump,笑哭猫,lmeow,solana,0.00001072,1024,8192,65536,65536,,8192,8192,22,3,189,102,1775746443000,pumpfun,REPEAT
2026-04-09T16:26:57.326Z,EcsMm5VEgKz1HMkc47fLdF7Vy4vnUuoptdW5k6kepump,believe,still believe,solana,0.0001454,256,4096,16384,32768,32768,131072,131072,4,4,42,39,1774980244000,pumpswap,REPEAT
2026-04-09T16:26:57.326Z,7bxWJngTKUgX7cY1RxKXmR1RdMNszJhZCXM8vzESpump,momiji,momiji,solana,0.00002573,32,2048,65536,131072,16384,32768,32768,,1,26,27,1775699885000,pumpswap,REPEAT
2026-04-09T16:26:57.326Z,5qRgEsvn5hbHznbvPYwignf7r2GHRXAcuVUPmNgEpump,FTH,Flying Toilet Horse,solana,0.00003624,512,32768,262144,262144,16384,32768,32768,33,15,511,413,1775743244000,pumpswap,REPEAT
2026-04-09T16:26:57.326Z,HHLYUhjNpygSpCTwHLn1riBQzKJfzaoFVAeVHSH8pump,BSPIKE,BABY SPIKE,solana,0.000002408,,128,65536,65536,,2048,2048,,,2,14,1775746844000,pumpfun,REPEAT
2026-04-09T16:26:57.326Z,9hHYYG9vwBBsp11Lo89xbH8QSHWzpXYpG2NykMkipump,MooYor,MooYor,solana,0.0001139,32768,262144,1048576,1048576,32768,131072,131072,710,151,9525,2237,1775745206000,pumpswap,REPEAT
2026-04-09T16:26:57.326Z,3TDrNxtaReSocY9xthiwFGqRhor3YfwtQheLj8ARTVcn,イーロン,イーロン,solana,0.00003685,1024,16384,131072,524288,16384,32768,32768,42,23,313,225,1775718445000,pumpswap,REPEAT
2026-04-09T16:26:57.326Z,5552z6Qp2xr596ox1UVN4ppDwwyjCfY8cXwzHMXgMcaS,MOLTING,Molting,solana,0.0007505,64,8192,32768,131072,65536,1048576,1048576,1,1,58,71,1769857955000,orca,REPEAT
2026-04-09T16:26:57.326Z,HX2MBjZ9SJeMHmTAhQXs4U4bDaLP19W7LDKwEpHDpump,Doraemon,ドラえもん,solana,0.0001367,2048,8192,16384,65536,32768,131072,131072,16,18,93,128,1775677779000,pumpswap,REPEAT
2026-04-09T16:26:57.326Z,34q2KmCvapecJgR6ZrtbCTrzZVtkt3a5mHEA3TuEsWYb,LOL,LOL,solana,0.007925,16384,262144,1048576,4194304,524288,8388608,8388608,79,88,1062,680,1773878265000,pumpswap,REPEAT
2026-04-09T16:26:57.326Z,5qRgEsvn5hbHznbvPYwignf7r2GHRXAcuVUPmNgEpump,FTH,Flying Toilet Horse,solana,0.00003624,512,32768,262144,262144,16384,32768,32768,33,15,511,413,1775743244000,pumpswap,REPEAT
2026-04-09T16:26:57.326Z,5qRgEsvn5hbHznbvPYwignf7r2GHRXAcuVUPmNgEpump,FTH,Flying Toilet Horse,solana,0.00003624,512,32768,262144,262144,16384,32768,32768,33,15,511,413,1775743244000,pumpswap,REPEAT
2026-04-09T16:26:57.326Z,EHgUx5N7QPowAk94Narv5hu59WdZwggiLra213p8pump,Eeffoc,Eeffoc the alien,solana,0.00001477,256,4096,65536,65536,8192,16384,16384,11,1,120,109,1775742081000,pumpswap,REPEAT
2026-04-09T16:26:57.326Z,2DhnGmwu14KHLBxhKcvLR9XV4uZ6DzQJtducmtbzBAGS,POPDOG,POPDOG,solana,0.00002278,256,8192,131072,131072,8192,,,4,4,184,147,1775732609000,meteora,REPEAT
2026-04-09T16:26:57.326Z,3gyKT9K7uVBztNVoGqHZogGvLGAbfhD4MPfHZAeGpump,PEPIG,Pepig,solana,0.000004275,128,4096,65536,65536,4096,4096,4096,5,9,87,114,1775740092000,pumpswap,REPEAT
2026-04-09T16:26:57.326Z,2PEMMHRmj5Hs7N1JMLfx9T4AyM4VjwGDmkqq5WTwpump,GURA,Gawr Gura,solana,0.000002986,32,65536,1048576,1048576,4096,4096,4096,1,1,462,8613,1775737018000,pumpswap,REPEAT
2026-04-09T16:26:57.326Z,EsvskEr51BM4LyFXuTn4dehMfVgUMZ55dBNxSbNXBAGS,GATO,El Gato,solana,0.00002759,128,2048,16384,262144,16384,32768,32768,1,2,24,17,1775702895000,meteora,REPEAT
2026-04-09T16:26:57.326Z,5qRgEsvn5hbHznbvPYwignf7r2GHRXAcuVUPmNgEpump,FTH,Flying Toilet Horse,solana,0.00003757,512,32768,262144,262144,16384,32768,32768,32,14,505,403,1775743244000,pumpswap,REPEAT
2026-04-09T16:26:57.326Z,3gyKT9K7uVBztNVoGqHZogGvLGAbfhD4MPfHZAeGpump,PEPIG,Pepig,solana,0.000004275,32,4096,65536,65536,4096,4096,4096,5,6,87,111,1775740092000,pumpswap,REPEAT
2026-04-09T16:26:57.326Z,nNcqotFpBF7hsAqbNs1v2cYWeMnaKjFc3D2gHoQpump,milkers,milkers,solana,0.0007122,8192,65536,131072,524288,65536,524288,524288,26,38,198,418,1775164141000,pumpswap,REPEAT
2026-04-09T16:26:57.326Z,9SeCSdbPzz95KomGUGEV9Shn2zGXNmMJhE9J72Hipump,Iroha,イロハ,solana,0.001693,4096,65536,524288,2097152,131072,2097152,2097152,15,20,389,334,1775525060000,pumpswap,REPEAT
2026-04-09T16:26:57.326Z,3mf8LdJreVMwbxkfcs84NzSVhjfLm8dsLmASKBpipump,PFU,Pumpfun Undercover,solana,0.00006060,256,4096,32768,262144,16384,65536,65536,39,19,503,226,1775682866000,pumpswap,REPEAT
2026-04-09T16:26:57.326Z,3gyKT9K7uVBztNVoGqHZogGvLGAbfhD4MPfHZAeGpump,PEPIG,Pepig,solana,0.000004275,32,4096,65536,65536,4096,4096,4096,5,6,87,111,1775740092000,pumpswap,REPEAT
2026-04-09T16:26:57.326Z,8PpVGHnn3fNwoydMmYinRYAX1LrKQCExjVMBMzPQpump,ARTEMIS,Artemis Moon Mission,solana,0.00004811,128,2048,8192,16384,16384,65536,65536,1,1,17,9,1768866855000,pumpswap,REPEAT
2026-04-09T16:31:57.326Z,9AEtb967xTMosjp9XFhvHLhscPNYgDWc15jFAZR8pump,RƎ́V,REVÉRSÉ SOCIETY,solana,0.0001168,128,2048,16384,131072,32768,131072,131072,,2,31,30,1775691640000,pumpswap,REPEAT
2026-04-09T16:31:57.326Z,FfJikRuD1cPAS42ifYPMe1w42DR9bxPShenmhy5Ypump,JURDAN,Mikel Jurdan,solana,0.000002236,256,524288,524288,524288,4096,2048,2048,6,9,3652,3846,1775749206000,pumpswap,REPEAT
2026-04-09T16:31:57.326Z,Hon2rHAiqkcDtUzL5gA2vjXPr7T1MPCK2UT2AHKCpump,MAGA,Make Aliens Great Again ,solana,0.00005750,16,1024,8192,32768,16384,65536,65536,,1,26,22,1771624966000,pumpswap,REPEAT
2026-04-09T16:31:57.326Z,7ZVJqzsPVoB2aSonJEW4jjvkBtwufMx41rZGryJ2pump,CHUD,Chud,solana,0.000003665,64,32768,262144,262144,4096,4096,4096,3,,860,909,1775748170000,pumpswap,REPEAT
2026-04-09T16:31:57.326Z,9MjRHK7iFSDco7EYMuU5L9sp9a9gPr7jTudzgTdNpump,笑哭猫,lmeow,solana,0.00001622,4096,16384,65536,65536,,16384,16384,21,20,201,115,1775746443000,pumpfun,REPEAT
2026-04-09T16:31:57.326Z,EcsMm5VEgKz1HMkc47fLdF7Vy4vnUuoptdW5k6kepump,believe,still believe,solana,0.0001527,512,4096,16384,32768,32768,131072,131072,2,1,41,38,1774980244000,pumpswap,REPEAT
2026-04-09T16:31:57.326Z,7bxWJngTKUgX7cY1RxKXmR1RdMNszJhZCXM8vzESpump,momiji,momiji,solana,0.00002541,16,2048,32768,131072,16384,32768,32768,,1,24,21,1775699885000,pumpswap,REPEAT
2026-04-09T16:31:57.326Z,5qRgEsvn5hbHznbvPYwignf7r2GHRXAcuVUPmNgEpump,FTH,Flying Toilet Horse,solana,0.00004316,2048,32768,262144,262144,16384,32768,32768,41,26,511,402,1775743244000,pumpswap,REPEAT
2026-04-09T16:31:57.326Z,HHLYUhjNpygSpCTwHLn1riBQzKJfzaoFVAeVHSH8pump,BSPIKE,BABY SPIKE,solana,0.000002403,,64,65536,65536,,2048,2048,,,,10,1775746844000,pumpfun,REPEAT
2026-04-09T16:31:57.326Z,9hHYYG9vwBBsp11Lo89xbH8QSHWzpXYpG2NykMkipump,MooYor,MooYor,solana,0.0001073,32768,262144,1048576,1048576,32768,131072,131072,731,176,9434,2215,1775745206000,pumpswap,REPEAT
2026-04-09T16:31:57.326Z,3TDrNxtaReSocY9xthiwFGqRhor3YfwtQheLj8ARTVcn,イーロン,イーロン,solana,0.00003330,512,16384,131072,524288,16384,32768,32768,19,5,288,200,1775718445000,pumpswap,REPEAT
2026-04-09T16:31:57.326Z,5552z6Qp2xr596ox1UVN4ppDwwyjCfY8cXwzHMXgMcaS,MOLTING,Molting,solana,0.0007511,256,8192,32768,131072,65536,1048576,1048576,1,4,60,73,1769857955000,orca,REPEAT
2026-04-09T16:31:57.326Z,HX2MBjZ9SJeMHmTAhQXs4U4bDaLP19W7LDKwEpHDpump,Doraemon,ドラえもん,solana,0.0001330,512,8192,16384,65536,32768,131072,131072,6,6,94,119,1775677779000,pumpswap,REPEAT
2026-04-09T16:31:57.326Z,34q2KmCvapecJgR6ZrtbCTrzZVtkt3a5mHEA3TuEsWYb,LOL,LOL,solana,0.007956,16384,262144,1048576,4194304,524288,8388608,8388608,63,76,1060,705,1773878265000,pumpswap,REPEAT
2026-04-09T16:31:57.326Z,5qRgEsvn5hbHznbvPYwignf7r2GHRXAcuVUPmNgEpump,FTH,Flying Toilet Horse,solana,0.00004316,2048,32768,262144,262144,16384,32768,32768,41,26,511,402,1775743244000,pumpswap,REPEAT
2026-04-09T16:31:57.326Z,5qRgEsvn5hbHznbvPYwignf7r2GHRXAcuVUPmNgEpump,FTH,Flying Toilet Horse,solana,0.00004316,2048,32768,262144,262144,16384,32768,32768,41,26,511,402,1775743244000,pumpswap,REPEAT
2026-04-09T16:31:57.326Z,EHgUx5N7QPowAk94Narv5hu59WdZwggiLra213p8pump,Eeffoc,Eeffoc the alien,solana,0.00001381,128,4096,65536,65536,8192,16384,16384,1,12,120,115,1775742081000,pumpswap,REPEAT
2026-04-09T16:31:57.326Z,2DhnGmwu14KHLBxhKcvLR9XV4uZ6DzQJtducmtbzBAGS,POPDOG,POPDOG,solana,0.00001864,512,8192,131072,131072,8192,,,1,8,136,131,1775732609000,meteora,REPEAT
2026-04-09T16:31:57.326Z,3gyKT9K7uVBztNVoGqHZogGvLGAbfhD4MPfHZAeGpump,PEPIG,Pepig,solana,0.000004364,32,2048,65536,65536,4096,4096,4096,8,1,84,102,1775740092000,pumpswap,REPEAT
2026-04-09T16:31:57.326Z,2PEMMHRmj5Hs7N1JMLfx9T4AyM4VjwGDmkqq5WTwpump,GURA,Gawr Gura,solana,0.000003018,4,32768,1048576,1048576,4096,4096,4096,1,,252,8423,1775737018000,pumpswap,REPEAT
2026-04-09T16:31:57.326Z,EsvskEr51BM4LyFXuTn4dehMfVgUMZ55dBNxSbNXBAGS,GATO,El Gato,solana,0.00002505,256,2048,16384,262144,8192,32768,32768,1,4,23,19,1775702895000,meteora,REPEAT
2026-04-09T16:31:57.326Z,5qRgEsvn5hbHznbvPYwignf7r2GHRXAcuVUPmNgEpump,FTH,Flying Toilet Horse,solana,0.00004440,2048,32768,262144,262144,16384,32768,32768,29,25,506,401,1775743244000,pumpswap,REPEAT
2026-04-09T16:31:57.326Z,3gyKT9K7uVBztNVoGqHZogGvLGAbfhD4MPfHZAeGpump,PEPIG,Pepig,solana,0.000004364,32,2048,65536,65536,4096,4096,4096,8,1,83,92,1775740092000,pumpswap,REPEAT
2026-04-09T16:31:57.326Z,nNcqotFpBF7hsAqbNs1v2cYWeMnaKjFc3D2gHoQpump,milkers,milkers,solana,0.0007326,2048,65536,131072,524288,65536,524288,524288,13,11,201,428,1775164141000,pumpswap,REPEAT
2026-04-09T16:31:57.326Z,9SeCSdbPzz95KomGUGEV9Shn2zGXNmMJhE9J72Hipump,Iroha,イロハ,solana,0.001715,2048,65536,524288,2097152,131072,2097152,2097152,12,15,337,321,1775525060000,pumpswap,REPEAT
2026-04-09T16:31:57.326Z,3mf8LdJreVMwbxkfcs84NzSVhjfLm8dsLmASKBpipump,PFU,Pumpfun Undercover,solana,0.00005699,256,4096,32768,262144,16384,65536,65536,33,17,500,225,1775682866000,pumpswap,REPEAT
2026-04-09T16:31:57.326Z,3gyKT9K7uVBztNVoGqHZogGvLGAbfhD4MPfHZAeGpump,PEPIG,Pepig,solana,0.000004364,32,2048,65536,65536,4096,4096,4096,8,1,83,92,1775740092000,pumpswap,REPEAT
2026-04-09T16:31:57.326Z,8PpVGHnn3fNwoydMmYinRYAX1LrKQCExjVMBMzPQpump,ARTEMIS,Artemis Moon Mission,solana,0.00004787,4,2048,8192,16384,16384,65536,65536,,1,16,9,1768866855000,pumpswap,REPEAT
2026-04-09T16:36:57.327Z,9AEtb967xTMosjp9XFhvHLhscPNYgDWc15jFAZR8pump,RƎ́V,REVÉRSÉ SOCIETY,solana,0.0001168,,2048,16384,131072,32768,131072,131072,,,29,30,1775691640000,pumpswap,REPEAT
2026-04-09T16:36:57.327Z,FfJikRuD1cPAS42ifYPMe1w42DR9bxPShenmhy5Ypump,JURDAN,Mikel Jurdan,solana,0.000002397,64,524288,524288,524288,4096,2048,2048,3,3,3656,3849,1775749206000,pumpswap,REPEAT
2026-04-09T16:36:57.327Z,Hon2rHAiqkcDtUzL5gA2vjXPr7T1MPCK2UT2AHKCpump,MAGA,Make Aliens Great Again ,solana,0.00005761,256,2048,8192,32768,16384,65536,65536,3,2,29,23,1771624966000,pumpswap,REPEAT
2026-04-09T16:36:57.327Z,7ZVJqzsPVoB2aSonJEW4jjvkBtwufMx41rZGryJ2pump,CHUD,Chud,solana,0.000003848,128,16384,262144,262144,4096,4096,4096,10,4,321,418,1775748170000,pumpswap,REPEAT
2026-04-09T16:36:57.327Z,9MjRHK7iFSDco7EYMuU5L9sp9a9gPr7jTudzgTdNpump,笑哭猫,lmeow,solana,0.00001697,2048,16384,65536,65536,,16384,16384,30,20,188,116,1775746443000,pumpfun,REPEAT
2026-04-09T16:36:57.327Z,EcsMm5VEgKz1HMkc47fLdF7Vy4vnUuoptdW5k6kepump,believe,still believe,solana,0.0001453,512,4096,16384,32768,32768,131072,131072,2,5,42,43,1774980244000,pumpswap,REPEAT
2026-04-09T16:36:57.327Z,7bxWJngTKUgX7cY1RxKXmR1RdMNszJhZCXM8vzESpump,momiji,momiji,solana,0.00002513,64,1024,32768,131072,16384,32768,32768,1,1,22,22,1775699885000,pumpswap,REPEAT
2026-04-09T16:36:57.327Z,5qRgEsvn5hbHznbvPYwignf7r2GHRXAcuVUPmNgEpump,FTH,Flying Toilet Horse,solana,0.00004556,512,32768,262144,262144,16384,32768,32768,21,12,461,375,1775743244000,pumpswap,REPEAT
2026-04-09T16:36:57.327Z,HHLYUhjNpygSpCTwHLn1riBQzKJfzaoFVAeVHSH8pump,BSPIKE,BABY SPIKE,solana,0.000002403,,32,65536,65536,,2048,2048,,,,7,1775746844000,pumpfun,REPEAT
2026-04-09T16:36:57.327Z,9hHYYG9vwBBsp11Lo89xbH8QSHWzpXYpG2NykMkipump,MooYor,MooYor,solana,0.00007884,32768,262144,1048576,1048576,16384,65536,65536,690,217,9380,2205,1775745206000,pumpswap,REPEAT
2026-04-09T16:36:57.327Z,3TDrNxtaReSocY9xthiwFGqRhor3YfwtQheLj8ARTVcn,イーロン,イーロン,solana,0.00003531,512,8192,131072,524288,16384,32768,32768,32,13,279,189,1775718445000,pumpswap,REPEAT
2026-04-09T16:36:57.327Z,5552z6Qp2xr596ox1UVN4ppDwwyjCfY8cXwzHMXgMcaS,MOLTING,Molting,solana,0.0007553,256,8192,32768,131072,65536,1048576,1048576,4,3,62,75,1769857955000,orca,REPEAT
2026-04-09T16:36:57.327Z,HX2MBjZ9SJeMHmTAhQXs4U4bDaLP19W7LDKwEpHDpump,Doraemon,ドラえもん,solana,0.0001354,512,8192,16384,65536,32768,131072,131072,9,7,100,119,1775677779000,pumpswap,REPEAT
2026-04-09T16:36:57.327Z,34q2KmCvapecJgR6ZrtbCTrzZVtkt3a5mHEA3TuEsWYb,LOL,LOL,solana,0.007995,8192,262144,1048576,4194304,524288,8388608,8388608,54,61,1069,731,1773878265000,pumpswap,REPEAT
2026-04-09T16:36:57.327Z,5qRgEsvn5hbHznbvPYwignf7r2GHRXAcuVUPmNgEpump,FTH,Flying Toilet Horse,solana,0.00004556,512,32768,262144,262144,16384,32768,32768,21,12,461,375,1775743244000,pumpswap,REPEAT
2026-04-09T16:36:57.327Z,5qRgEsvn5hbHznbvPYwignf7r2GHRXAcuVUPmNgEpump,FTH,Flying Toilet Horse,solana,0.00004556,512,32768,262144,262144,16384,32768,32768,21,12,461,375,1775743244000,pumpswap,REPEAT
2026-04-09T16:36:57.327Z,EHgUx5N7QPowAk94Narv5hu59WdZwggiLra213p8pump,Eeffoc,Eeffoc the alien,solana,0.00001348,128,4096,65536,65536,8192,16384,16384,1,1,121,112,1775742081000,pumpswap,REPEAT
2026-04-09T16:36:57.327Z,2DhnGmwu14KHLBxhKcvLR9XV4uZ6DzQJtducmtbzBAGS,POPDOG,POPDOG,solana,0.00001731,256,8192,131072,131072,8192,,,2,6,115,102,1775732609000,meteora,REPEAT
2026-04-09T16:36:57.327Z,3gyKT9K7uVBztNVoGqHZogGvLGAbfhD4MPfHZAeGpump,PEPIG,Pepig,solana,0.000005303,256,2048,65536,65536,4096,4096,4096,13,,86,85,1775740092000,pumpswap,REPEAT
2026-04-09T16:36:57.327Z,2PEMMHRmj5Hs7N1JMLfx9T4AyM4VjwGDmkqq5WTwpump,GURA,Gawr Gura,solana,0.000003050,16,16384,1048576,1048576,4096,4096,4096,3,,81,8272,1775737018000,pumpswap,REPEAT
2026-04-09T16:36:57.327Z,EsvskEr51BM4LyFXuTn4dehMfVgUMZ55dBNxSbNXBAGS,GATO,El Gato,solana,0.00002492,256,2048,16384,262144,8192,32768,32768,3,2,28,21,1775702895000,meteora,REPEAT
2026-04-09T16:36:57.327Z,5qRgEsvn5hbHznbvPYwignf7r2GHRXAcuVUPmNgEpump,FTH,Flying Toilet Horse,solana,0.00004511,512,32768,262144,262144,16384,32768,32768,16,9,442,344,1775743244000,pumpswap,REPEAT
2026-04-09T16:36:57.327Z,3gyKT9K7uVBztNVoGqHZogGvLGAbfhD4MPfHZAeGpump,PEPIG,Pepig,solana,0.000005306,256,2048,65536,65536,4096,4096,4096,13,,87,82,1775740092000,pumpswap,REPEAT
2026-04-09T16:36:57.327Z,nNcqotFpBF7hsAqbNs1v2cYWeMnaKjFc3D2gHoQpump,milkers,milkers,solana,0.0007417,2048,65536,131072,524288,65536,1048576,1048576,11,17,210,443,1775164141000,pumpswap,REPEAT
2026-04-09T16:36:57.327Z,9SeCSdbPzz95KomGUGEV9Shn2zGXNmMJhE9J72Hipump,Iroha,イロハ,solana,0.001673,4096,65536,524288,2097152,131072,2097152,2097152,24,20,337,315,1775525060000,pumpswap,REPEAT
2026-04-09T16:36:57.327Z,3mf8LdJreVMwbxkfcs84NzSVhjfLm8dsLmASKBpipump,PFU,Pumpfun Undercover,solana,0.00005786,32,4096,32768,262144,16384,65536,65536,40,14,503,221,1775682866000,pumpswap,REPEAT
2026-04-09T16:36:57.327Z,3gyKT9K7uVBztNVoGqHZogGvLGAbfhD4MPfHZAeGpump,PEPIG,Pepig,solana,0.000005306,256,2048,65536,65536,4096,4096,4096,13,,87,82,1775740092000,pumpswap,REPEAT
2026-04-09T16:36:57.327Z,8PpVGHnn3fNwoydMmYinRYAX1LrKQCExjVMBMzPQpump,ARTEMIS,Artemis Moon Mission,solana,0.00004770,16,2048,8192,16384,16384,65536,65536,,2,16,9,1768866855000,pumpswap,REPEAT
2026-04-09T16:41:57.326Z,9AEtb967xTMosjp9XFhvHLhscPNYgDWc15jFAZR8pump,RƎ́V,REVÉRSÉ SOCIETY,solana,0.0001173,16,2048,16384,131072,32768,131072,131072,2,2,25,29,1775691640000,pumpswap,REPEAT
2026-04-09T16:41:57.326Z,FfJikRuD1cPAS42ifYPMe1w42DR9bxPShenmhy5Ypump,JURDAN,Mikel Jurdan,solana,0.000002482,16,524288,524288,524288,4096,2048,2048,10,1,3306,3649,1775749206000,pumpswap,REPEAT
2026-04-09T16:41:57.326Z,Hon2rHAiqkcDtUzL5gA2vjXPr7T1MPCK2UT2AHKCpump,MAGA,Make Aliens Great Again ,solana,0.00005798,512,2048,8192,32768,16384,65536,65536,19,9,50,31,1771624966000,pumpswap,REPEAT
2026-04-09T16:41:57.326Z,7ZVJqzsPVoB2aSonJEW4jjvkBtwufMx41rZGryJ2pump,CHUD,Chud,solana,0.000003400,128,8192,262144,262144,4096,4096,4096,,13,174,229,1775748170000,pumpswap,REPEAT
2026-04-09T16:41:57.326Z,9MjRHK7iFSDco7EYMuU5L9sp9a9gPr7jTudzgTdNpump,笑哭猫,lmeow,solana,0.00001546,1024,16384,65536,65536,,16384,16384,11,9,176,113,1775746443000,pumpfun,REPEAT
2026-04-09T16:41:57.326Z,EcsMm5VEgKz1HMkc47fLdF7Vy4vnUuoptdW5k6kepump,believe,still believe,solana,0.0001425,128,4096,16384,32768,32768,131072,131072,,3,41,40,1774980244000,pumpswap,REPEAT
2026-04-09T16:41:57.326Z,7bxWJngTKUgX7cY1RxKXmR1RdMNszJhZCXM8vzESpump,momiji,momiji,solana,0.00002496,256,2048,32768,131072,16384,32768,32768,1,2,21,23,1775699885000,pumpswap,REPEAT
2026-04-09T16:41:57.326Z,5qRgEsvn5hbHznbvPYwignf7r2GHRXAcuVUPmNgEpump,FTH,Flying Toilet Horse,solana,0.00003978,2048,32768,262144,262144,16384,32768,32768,22,22,428,335,1775743244000,pumpswap,REPEAT
2026-04-09T16:41:57.326Z,HHLYUhjNpygSpCTwHLn1riBQzKJfzaoFVAeVHSH8pump,BSPIKE,BABY SPIKE,solana,0.000002390,2,32,65536,65536,,2048,2048,1,1,1,8,1775746844000,pumpfun,REPEAT
2026-04-09T16:41:57.326Z,9hHYYG9vwBBsp11Lo89xbH8QSHWzpXYpG2NykMkipump,MooYor,MooYor,solana,0.00007754,32768,262144,1048576,1048576,16384,65536,65536,694,172,9341,2132,1775745206000,pumpswap,REPEAT
2026-04-09T16:41:57.326Z,3TDrNxtaReSocY9xthiwFGqRhor3YfwtQheLj8ARTVcn,イーロン,イーロン,solana,0.00003709,1024,8192,131072,524288,16384,32768,32768,53,24,298,198,1775718445000,pumpswap,REPEAT
2026-04-09T16:41:57.326Z,5552z6Qp2xr596ox1UVN4ppDwwyjCfY8cXwzHMXgMcaS,MOLTING,Molting,solana,0.0007710,1024,8192,32768,131072,65536,1048576,1048576,2,8,59,69,1769857955000,orca,REPEAT
2026-04-09T16:41:57.326Z,HX2MBjZ9SJeMHmTAhQXs4U4bDaLP19W7LDKwEpHDpump,Doraemon,ドラえもん,solana,0.0001400,512,8192,16384,65536,32768,131072,131072,10,7,105,115,1775677779000,pumpswap,REPEAT
2026-04-09T16:41:57.326Z,34q2KmCvapecJgR6ZrtbCTrzZVtkt3a5mHEA3TuEsWYb,LOL,LOL,solana,0.008045,16384,262144,1048576,4194304,524288,8388608,8388608,67,73,1088,750,1773878265000,pumpswap,REPEAT
2026-04-09T16:41:57.326Z,5qRgEsvn5hbHznbvPYwignf7r2GHRXAcuVUPmNgEpump,FTH,Flying Toilet Horse,solana,0.00003978,2048,32768,262144,262144,16384,32768,32768,22,22,428,335,1775743244000,pumpswap,REPEAT
2026-04-09T16:41:57.326Z,5qRgEsvn5hbHznbvPYwignf7r2GHRXAcuVUPmNgEpump,FTH,Flying Toilet Horse,solana,0.00003978,2048,32768,262144,262144,16384,32768,32768,22,22,428,335,1775743244000,pumpswap,REPEAT
2026-04-09T16:41:57.326Z,EHgUx5N7QPowAk94Narv5hu59WdZwggiLra213p8pump,Eeffoc,Eeffoc the alien,solana,0.00001340,16,4096,65536,65536,8192,16384,16384,1,,120,112,1775742081000,pumpswap,REPEAT
2026-04-09T16:41:57.326Z,2DhnGmwu14KHLBxhKcvLR9XV4uZ6DzQJtducmtbzBAGS,POPDOG,POPDOG,solana,0.00001751,0,8192,131072,131072,8192,,,,1,102,97,1775732609000,meteora,REPEAT
2026-04-09T16:41:57.326Z,3gyKT9K7uVBztNVoGqHZogGvLGAbfhD4MPfHZAeGpump,PEPIG,Pepig,solana,0.000004854,128,2048,65536,65536,4096,4096,4096,5,13,83,92,1775740092000,pumpswap,REPEAT
2026-04-09T16:41:57.326Z,2PEMMHRmj5Hs7N1JMLfx9T4AyM4VjwGDmkqq5WTwpump,GURA,Gawr Gura,solana,0.000003050,,1024,1048576,1048576,4096,4096,4096,,,26,4144,1775737018000,pumpswap,REPEAT
2026-04-09T16:41:57.326Z,EsvskEr51BM4LyFXuTn4dehMfVgUMZ55dBNxSbNXBAGS,GATO,El Gato,solana,0.00002537,128,2048,16384,262144,8192,32768,32768,2,2,28,23,1775702895000,meteora,REPEAT
2026-04-09T16:41:57.326Z,5qRgEsvn5hbHznbvPYwignf7r2GHRXAcuVUPmNgEpump,FTH,Flying Toilet Horse,solana,0.00003931,1024,32768,262144,262144,16384,32768,32768,19,23,427,331,1775743244000,pumpswap,REPEAT
2026-04-09T16:41:57.326Z,3gyKT9K7uVBztNVoGqHZogGvLGAbfhD4MPfHZAeGpump,PEPIG,Pepig,solana,0.000004854,128,2048,65536,65536,4096,4096,4096,5,13,78,90,1775740092000,pumpswap,REPEAT
2026-04-09T16:41:57.326Z,nNcqotFpBF7hsAqbNs1v2cYWeMnaKjFc3D2gHoQpump,milkers,milkers,solana,0.0007058,1024,65536,131072,524288,65536,524288,524288,7,11,217,445,1775164141000,pumpswap,REPEAT
2026-04-09T16:41:57.326Z,9SeCSdbPzz95KomGUGEV9Shn2zGXNmMJhE9J72Hipump,Iroha,イロハ,solana,0.001843,8192,65536,524288,2097152,131072,2097152,2097152,27,45,333,339,1775525060000,pumpswap,REPEAT
2026-04-09T16:41:57.326Z,3mf8LdJreVMwbxkfcs84NzSVhjfLm8dsLmASKBpipump,PFU,Pumpfun Undercover,solana,0.00005389,1024,4096,32768,262144,16384,65536,65536,59,21,527,227,1775682866000,pumpswap,REPEAT
2026-04-09T16:41:57.326Z,3gyKT9K7uVBztNVoGqHZogGvLGAbfhD4MPfHZAeGpump,PEPIG,Pepig,solana,0.000004854,128,2048,65536,65536,4096,4096,4096,5,13,78,90,1775740092000,pumpswap,REPEAT
2026-04-09T16:41:57.326Z,8PpVGHnn3fNwoydMmYinRYAX1LrKQCExjVMBMzPQpump,ARTEMIS,Artemis Moon Mission,solana,0.00004746,16,2048,8192,16384,16384,65536,65536,,1,16,10,1768866855000,pumpswap,REPEAT
2026-04-09T16:46:57.327Z,9AEtb967xTMosjp9XFhvHLhscPNYgDWc15jFAZR8pump,RƎ́V,REVÉRSÉ SOCIETY,solana,0.0001178,16,2048,8192,131072,32768,131072,131072,4,,27,27,1775691640000,pumpswap,REPEAT
2026-04-09T16:46:57.327Z,FfJikRuD1cPAS42ifYPMe1w42DR9bxPShenmhy5Ypump,JURDAN,Mikel Jurdan,solana,0.000002448,32,524288,524288,524288,4096,2048,2048,2,3,2743,3140,1775749206000,pumpswap,REPEAT
2026-04-09T16:46:57.327Z,Hon2rHAiqkcDtUzL5gA2vjXPr7T1MPCK2UT2AHKCpump,MAGA,Make Aliens Great Again ,solana,0.00005764,512,4096,8192,65536,16384,65536,65536,19,5,73,36,1771624966000,pumpswap,REPEAT
2026-04-09T16:46:57.327Z,7ZVJqzsPVoB2aSonJEW4jjvkBtwufMx41rZGryJ2pump,CHUD,Chud,solana,0.000003259,64,4096,262144,262144,4096,4096,4096,,3,89,126,1775748170000,pumpswap,REPEAT
2026-04-09T16:46:57.327Z,9MjRHK7iFSDco7EYMuU5L9sp9a9gPr7jTudzgTdNpump,笑哭猫,lmeow,solana,0.00001483,512,16384,65536,65536,,16384,16384,4,8,160,113,1775746443000,pumpfun,REPEAT
2026-04-09T16:46:57.327Z,EcsMm5VEgKz1HMkc47fLdF7Vy4vnUuoptdW5k6kepump,believe,still believe,solana,0.0001413,32,4096,16384,32768,32768,131072,131072,1,2,38,42,1774980244000,pumpswap,REPEAT
2026-04-09T16:46:57.327Z,7bxWJngTKUgX7cY1RxKXmR1RdMNszJhZCXM8vzESpump,momiji,momiji,solana,0.00002564,128,2048,32768,131072,16384,32768,32768,6,1,24,23,1775699885000,pumpswap,REPEAT
2026-04-09T16:46:57.327Z,5qRgEsvn5hbHznbvPYwignf7r2GHRXAcuVUPmNgEpump,FTH,Flying Toilet Horse,solana,0.00003615,2048,32768,262144,262144,16384,32768,32768,45,27,428,303,1775743244000,pumpswap,REPEAT
2026-04-09T16:46:57.327Z,HHLYUhjNpygSpCTwHLn1riBQzKJfzaoFVAeVHSH8pump,BSPIKE,BABY SPIKE,solana,0.000002390,,32,65536,65536,,2048,2048,,,1,7,1775746844000,pumpfun,REPEAT
2026-04-09T16:46:57.327Z,9hHYYG9vwBBsp11Lo89xbH8QSHWzpXYpG2NykMkipump,MooYor,MooYor,solana,0.00009263,32768,262144,1048576,1048576,32768,65536,65536,748,159,9366,2155,1775745206000,pumpswap,REPEAT
2026-04-09T16:46:57.327Z,3TDrNxtaReSocY9xthiwFGqRhor3YfwtQheLj8ARTVcn,イーロン,イーロン,solana,0.00003713,512,8192,131072,524288,16384,32768,32768,24,13,294,196,1775718445000,pumpswap,REPEAT
2026-04-09T16:46:57.327Z,5552z6Qp2xr596ox1UVN4ppDwwyjCfY8cXwzHMXgMcaS,MOLTING,Molting,solana,0.0007697,64,8192,32768,131072,65536,1048576,1048576,,4,57,69,1769857955000,orca,REPEAT
2026-04-09T16:46:57.327Z,HX2MBjZ9SJeMHmTAhQXs4U4bDaLP19W7LDKwEpHDpump,Doraemon,ドラえもん,solana,0.0001395,512,8192,16384,65536,32768,131072,131072,7,10,104,119,1775677779000,pumpswap,REPEAT
2026-04-09T16:46:57.327Z,34q2KmCvapecJgR6ZrtbCTrzZVtkt3a5mHEA3TuEsWYb,LOL,LOL,solana,0.008033,16384,262144,1048576,4194304,524288,8388608,8388608,66,56,1101,751,1773878265000,pumpswap,REPEAT
2026-04-09T16:46:57.327Z,5qRgEsvn5hbHznbvPYwignf7r2GHRXAcuVUPmNgEpump,FTH,Flying Toilet Horse,solana,0.00003615,2048,32768,262144,262144,16384,32768,32768,45,27,428,303,1775743244000,pumpswap,REPEAT
2026-04-09T16:46:57.327Z,5qRgEsvn5hbHznbvPYwignf7r2GHRXAcuVUPmNgEpump,FTH,Flying Toilet Horse,solana,0.00003615,2048,32768,262144,262144,16384,32768,32768,45,27,428,303,1775743244000,pumpswap,REPEAT
2026-04-09T16:46:57.327Z,EHgUx5N7QPowAk94Narv5hu59WdZwggiLra213p8pump,Eeffoc,Eeffoc the alien,solana,0.00001304,64,4096,65536,65536,8192,16384,16384,,4,120,114,1775742081000,pumpswap,REPEAT
2026-04-09T16:46:57.327Z,2DhnGmwu14KHLBxhKcvLR9XV4uZ6DzQJtducmtbzBAGS,POPDOG,POPDOG,solana,0.00001709,128,8192,131072,131072,8192,,,1,2,93,92,1775732609000,meteora,REPEAT
2026-04-09T16:46:57.327Z,3gyKT9K7uVBztNVoGqHZogGvLGAbfhD4MPfHZAeGpump,PEPIG,Pepig,solana,0.000004412,128,2048,65536,65536,4096,4096,4096,4,4,73,93,1775740092000,pumpswap,REPEAT
2026-04-09T16:46:57.327Z,2PEMMHRmj5Hs7N1JMLfx9T4AyM4VjwGDmkqq5WTwpump,GURA,Gawr Gura,solana,0.000003050,4,512,1048576,1048576,4096,4096,4096,1,,20,4106,1775737018000,pumpswap,REPEAT
2026-04-09T16:46:57.327Z,EsvskEr51BM4LyFXuTn4dehMfVgUMZ55dBNxSbNXBAGS,GATO,El Gato,solana,0.00002541,64,2048,16384,262144,8192,32768,32768,1,2,28,25,1775702895000,meteora,REPEAT
2026-04-09T16:46:57.327Z,5qRgEsvn5hbHznbvPYwignf7r2GHRXAcuVUPmNgEpump,FTH,Flying Toilet Horse,solana,0.00003615,2048,32768,262144,262144,16384,32768,32768,45,27,428,303,1775743244000,pumpswap,REPEAT
2026-04-09T16:46:57.327Z,3gyKT9K7uVBztNVoGqHZogGvLGAbfhD4MPfHZAeGpump,PEPIG,Pepig,solana,0.000004412,128,2048,65536,65536,4096,4096,4096,4,4,73,93,1775740092000,pumpswap,REPEAT
2026-04-09T16:46:57.327Z,nNcqotFpBF7hsAqbNs1v2cYWeMnaKjFc3D2gHoQpump,milkers,milkers,solana,0.0007057,1024,65536,131072,524288,65536,524288,524288,16,10,234,445,1775164141000,pumpswap,REPEAT
2026-04-09T16:46:57.327Z,9SeCSdbPzz95KomGUGEV9Shn2zGXNmMJhE9J72Hipump,Iroha,イロハ,solana,0.001877,4096,65536,524288,2097152,131072,2097152,2097152,35,53,358,378,1775525060000,pumpswap,REPEAT
2026-04-09T16:46:57.327Z,3mf8LdJreVMwbxkfcs84NzSVhjfLm8dsLmASKBpipump,PFU,Pumpfun Undercover,solana,0.00005620,512,8192,32768,262144,16384,65536,65536,71,20,568,232,1775682866000,pumpswap,REPEAT
2026-04-09T16:46:57.327Z,3gyKT9K7uVBztNVoGqHZogGvLGAbfhD4MPfHZAeGpump,PEPIG,Pepig,solana,0.000004799,128,2048,65536,65536,4096,4096,4096,8,3,79,91,1775740092000,pumpswap,REPEAT
2026-04-09T16:46:57.327Z,8PpVGHnn3fNwoydMmYinRYAX1LrKQCExjVMBMzPQpump,ARTEMIS,Artemis Moon Mission,solana,0.00004735,8,2048,8192,16384,16384,65536,65536,,1,13,11,1768866855000,pumpswap,REPEAT
2026-04-09T16:51:57.326Z,sB7SkzCotrxBNyCxcmKqDDKkUWQnJhaKprS6s9xpump,OPAL,Opal The Orangutan,solana,0.0001949,512,16384,131072,262144,32768,262144,262144,6,8,159,160,1775619801000,pumpswap,NEW
2026-04-09T16:51:57.326Z,9AEtb967xTMosjp9XFhvHLhscPNYgDWc15jFAZR8pump,RƎ́V,REVÉRSÉ SOCIETY,solana,0.0001166,64,2048,8192,131072,32768,131072,131072,1,1,26,28,1775691640000,pumpswap,REPEAT
2026-04-09T16:51:57.326Z,FfJikRuD1cPAS42ifYPMe1w42DR9bxPShenmhy5Ypump,JURDAN,Mikel Jurdan,solana,0.000002432,128,524288,524288,524288,4096,2048,2048,2,2,2297,2680,1775749206000,pumpswap,REPEAT
2026-04-09T16:51:57.326Z,Hon2rHAiqkcDtUzL5gA2vjXPr7T1MPCK2UT2AHKCpump,MAGA,Make Aliens Great Again ,solana,0.00005731,1024,4096,8192,65536,16384,65536,65536,22,5,94,42,1771624966000,pumpswap,REPEAT
2026-04-09T16:51:57.326Z,7ZVJqzsPVoB2aSonJEW4jjvkBtwufMx41rZGryJ2pump,CHUD,Chud,solana,0.000003250,0,4096,262144,262144,4096,4096,4096,,1,60,88,1775748170000,pumpswap,REPEAT
2026-04-09T16:51:57.326Z,9MjRHK7iFSDco7EYMuU5L9sp9a9gPr7jTudzgTdNpump,笑哭猫,lmeow,solana,0.00001625,1024,16384,65536,65536,,16384,16384,10,7,166,111,1775746443000,pumpfun,REPEAT
2026-04-09T16:51:57.326Z,EcsMm5VEgKz1HMkc47fLdF7Vy4vnUuoptdW5k6kepump,believe,still believe,solana,0.0001429,32,4096,16384,32768,32768,131072,131072,1,1,36,42,1774980244000,pumpswap,REPEAT
2026-04-09T16:51:57.326Z,7bxWJngTKUgX7cY1RxKXmR1RdMNszJhZCXM8vzESpump,momiji,momiji,solana,0.00002737,256,1024,32768,131072,16384,32768,32768,12,1,29,21,1775699885000,pumpswap,REPEAT
2026-04-09T16:51:57.326Z,5qRgEsvn5hbHznbvPYwignf7r2GHRXAcuVUPmNgEpump,FTH,Flying Toilet Horse,solana,0.00003091,2048,16384,262144,262144,16384,32768,32768,50,36,423,280,1775743244000,pumpswap,REPEAT
2026-04-09T16:51:57.326Z,HHLYUhjNpygSpCTwHLn1riBQzKJfzaoFVAeVHSH8pump,BSPIKE,BABY SPIKE,solana,0.000002381,4,32,65536,65536,,2048,2048,3,1,4,7,1775746844000,pumpfun,REPEAT
2026-04-09T16:51:57.326Z,9hHYYG9vwBBsp11Lo89xbH8QSHWzpXYpG2NykMkipump,MooYor,MooYor,solana,0.000002338,32768,262144,1048576,1048576,4096,2048,2048,321,977,8907,3002,1775745206000,pumpswap,REPEAT
2026-04-09T16:51:57.326Z,3TDrNxtaReSocY9xthiwFGqRhor3YfwtQheLj8ARTVcn,イーロン,イーロン,solana,0.00003302,1024,8192,131072,524288,16384,32768,32768,26,18,301,194,1775718445000,pumpswap,REPEAT
2026-04-09T16:51:57.326Z,5552z6Qp2xr596ox1UVN4ppDwwyjCfY8cXwzHMXgMcaS,MOLTING,Molting,solana,0.0007737,1024,8192,32768,131072,65536,1048576,1048576,5,5,51,70,1769857955000,orca,REPEAT
2026-04-09T16:51:57.326Z,HX2MBjZ9SJeMHmTAhQXs4U4bDaLP19W7LDKwEpHDpump,Doraemon,ドラえもん,solana,0.0001462,256,8192,16384,65536,32768,131072,131072,6,7,102,117,1775677779000,pumpswap,REPEAT
2026-04-09T16:51:57.326Z,34q2KmCvapecJgR6ZrtbCTrzZVtkt3a5mHEA3TuEsWYb,LOL,LOL,solana,0.008058,16384,262144,1048576,4194304,524288,8388608,8388608,61,56,1102,756,1773878265000,pumpswap,REPEAT
2026-04-09T16:51:57.326Z,5qRgEsvn5hbHznbvPYwignf7r2GHRXAcuVUPmNgEpump,FTH,Flying Toilet Horse,solana,0.00003091,2048,16384,262144,262144,16384,32768,32768,50,36,423,280,1775743244000,pumpswap,REPEAT
2026-04-09T16:51:57.326Z,5qRgEsvn5hbHznbvPYwignf7r2GHRXAcuVUPmNgEpump,FTH,Flying Toilet Horse,solana,0.00003091,2048,16384,262144,262144,16384,32768,32768,50,36,423,280,1775743244000,pumpswap,REPEAT
2026-04-09T16:51:57.326Z,EHgUx5N7QPowAk94Narv5hu59WdZwggiLra213p8pump,Eeffoc,Eeffoc the alien,solana,0.00001183,256,4096,65536,65536,8192,16384,16384,10,3,74,108,1775742081000,pumpswap,REPEAT
2026-04-09T16:51:57.326Z,2DhnGmwu14KHLBxhKcvLR9XV4uZ6DzQJtducmtbzBAGS,POPDOG,POPDOG,solana,0.00001922,256,8192,131072,131072,8192,,,8,,97,75,1775732609000,meteora,REPEAT
2026-04-09T16:51:57.326Z,3gyKT9K7uVBztNVoGqHZogGvLGAbfhD4MPfHZAeGpump,PEPIG,Pepig,solana,0.000004617,256,2048,65536,65536,4096,4096,4096,10,3,84,84,1775740092000,pumpswap,REPEAT
2026-04-09T16:51:57.326Z,2PEMMHRmj5Hs7N1JMLfx9T4AyM4VjwGDmkqq5WTwpump,GURA,Gawr Gura,solana,0.000003050,,256,1048576,1048576,4096,4096,4096,,,12,371,1775737018000,pumpswap,REPEAT
2026-04-09T16:51:57.326Z,EsvskEr51BM4LyFXuTn4dehMfVgUMZ55dBNxSbNXBAGS,GATO,El Gato,solana,0.00002517,8,2048,16384,262144,8192,32768,32768,1,2,28,26,1775702895000,meteora,REPEAT
2026-04-09T16:51:57.326Z,5qRgEsvn5hbHznbvPYwignf7r2GHRXAcuVUPmNgEpump,FTH,Flying Toilet Horse,solana,0.00003091,2048,16384,262144,262144,16384,32768,32768,50,36,423,280,1775743244000,pumpswap,REPEAT
2026-04-09T16:51:57.326Z,3gyKT9K7uVBztNVoGqHZogGvLGAbfhD4MPfHZAeGpump,PEPIG,Pepig,solana,0.000004617,256,2048,65536,65536,4096,4096,4096,10,3,84,84,1775740092000,pumpswap,REPEAT
2026-04-09T16:51:57.326Z,nNcqotFpBF7hsAqbNs1v2cYWeMnaKjFc3D2gHoQpump,milkers,milkers,solana,0.0007323,2048,65536,131072,524288,65536,524288,524288,8,8,239,448,1775164141000,pumpswap,REPEAT
2026-04-09T16:51:57.326Z,9SeCSdbPzz95KomGUGEV9Shn2zGXNmMJhE9J72Hipump,Iroha,イロハ,solana,0.001804,2048,65536,524288,2097152,131072,2097152,2097152,14,12,347,378,1775525060000,pumpswap,REPEAT
2026-04-09T16:51:57.326Z,3mf8LdJreVMwbxkfcs84NzSVhjfLm8dsLmASKBpipump,PFU,Pumpfun Undercover,solana,0.00005953,512,8192,32768,262144,16384,65536,65536,41,20,575,234,1775682866000,pumpswap,REPEAT
2026-04-09T16:51:57.326Z,3gyKT9K7uVBztNVoGqHZogGvLGAbfhD4MPfHZAeGpump,PEPIG,Pepig,solana,0.000004626,64,2048,65536,65536,4096,4096,4096,4,3,85,83,1775740092000,pumpswap,REPEAT
2026-04-09T16:56:57.327Z,C4uKznf7esEEaDcNQiXBBqA1j9w4P7sNYNH1DozApump,MOOYOR,หมูยอ,solana,0.0001418,2048,32768,65536,131072,32768,131072,131072,19,9,257,217,1775139582000,pumpswap,NEW
2026-04-09T16:56:57.327Z,sB7SkzCotrxBNyCxcmKqDDKkUWQnJhaKprS6s9xpump,OPAL,Opal The Orangutan,solana,0.0001912,1024,16384,131072,262144,32768,262144,262144,16,17,171,177,1775619801000,pumpswap,REPEAT
2026-04-09T16:56:57.327Z,9AEtb967xTMosjp9XFhvHLhscPNYgDWc15jFAZR8pump,RƎ́V,REVÉRSÉ SOCIETY,solana,0.0001166,,1024,8192,131072,32768,131072,131072,,,22,25,1775691640000,pumpswap,REPEAT
2026-04-09T16:56:57.327Z,FfJikRuD1cPAS42ifYPMe1w42DR9bxPShenmhy5Ypump,JURDAN,Mikel Jurdan,solana,0.000002432,8,262144,524288,524288,4096,2048,2048,,3,1768,2116,1775749206000,pumpswap,REPEAT
2026-04-09T16:56:57.327Z,Hon2rHAiqkcDtUzL5gA2vjXPr7T1MPCK2UT2AHKCpump,MAGA,Make Aliens Great Again ,solana,0.00005790,1024,4096,8192,65536,16384,65536,65536,21,9,112,47,1771624966000,pumpswap,REPEAT
2026-04-09T16:56:57.327Z,7ZVJqzsPVoB2aSonJEW4jjvkBtwufMx41rZGryJ2pump,CHUD,Chud,solana,0.000003193,64,2048,262144,262144,4096,4096,4096,2,3,46,71,1775748170000,pumpswap,REPEAT
2026-04-09T16:56:57.327Z,9MjRHK7iFSDco7EYMuU5L9sp9a9gPr7jTudzgTdNpump,笑哭猫,lmeow,solana,0.00001645,1024,16384,65536,65536,,16384,16384,10,3,145,114,1775746443000,pumpfun,REPEAT
2026-04-09T16:56:57.327Z,EcsMm5VEgKz1HMkc47fLdF7Vy4vnUuoptdW5k6kepump,believe,still believe,solana,0.0001414,16,4096,16384,32768,32768,131072,131072,,1,33,37,1774980244000,pumpswap,REPEAT
2026-04-09T16:56:57.327Z,7bxWJngTKUgX7cY1RxKXmR1RdMNszJhZCXM8vzESpump,momiji,momiji,solana,0.00002666,512,1024,32768,131072,16384,32768,32768,6,9,34,26,1775699885000,pumpswap,REPEAT
2026-04-09T16:56:57.327Z,5qRgEsvn5hbHznbvPYwignf7r2GHRXAcuVUPmNgEpump,FTH,Flying Toilet Horse,solana,0.00004135,2048,16384,262144,262144,16384,32768,32768,22,25,410,278,1775743244000,pumpswap,REPEAT
2026-04-09T16:56:57.327Z,HHLYUhjNpygSpCTwHLn1riBQzKJfzaoFVAeVHSH8pump,BSPIKE,BABY SPIKE,solana,0.000002381,,32,65536,65536,,2048,2048,,,4,6,1775746844000,pumpfun,REPEAT
2026-04-09T16:56:57.327Z,9hHYYG9vwBBsp11Lo89xbH8QSHWzpXYpG2NykMkipump,MooYor,MooYor,solana,0.000002574,256,262144,1048576,1048576,4096,2048,2048,6,4197,8116,7017,1775745206000,pumpswap,REPEAT
2026-04-09T16:56:57.327Z,3TDrNxtaReSocY9xthiwFGqRhor3YfwtQheLj8ARTVcn,イーロン,イーロン,solana,0.00003325,256,8192,131072,524288,16384,32768,32768,13,9,298,184,1775718445000,pumpswap,REPEAT
2026-04-09T16:56:57.327Z,5552z6Qp2xr596ox1UVN4ppDwwyjCfY8cXwzHMXgMcaS,MOLTING,Molting,solana,0.0007706,512,8192,32768,131072,65536,1048576,1048576,4,3,46,54,1769857955000,orca,REPEAT
2026-04-09T16:56:57.327Z,HX2MBjZ9SJeMHmTAhQXs4U4bDaLP19W7LDKwEpHDpump,Doraemon,ドラえもん,solana,0.0001468,1024,8192,16384,65536,32768,131072,131072,5,13,103,124,1775677779000,pumpswap,REPEAT
2026-04-09T16:56:57.327Z,34q2KmCvapecJgR6ZrtbCTrzZVtkt3a5mHEA3TuEsWYb,LOL,LOL,solana,0.008054,8192,131072,1048576,4194304,524288,8388608,8388608,48,48,1077,750,1773878265000,pumpswap,REPEAT
2026-04-09T16:56:57.327Z,5qRgEsvn5hbHznbvPYwignf7r2GHRXAcuVUPmNgEpump,FTH,Flying Toilet Horse,solana,0.00004135,2048,16384,262144,262144,16384,32768,32768,22,25,410,278,1775743244000,pumpswap,REPEAT
2026-04-09T16:56:57.327Z,5qRgEsvn5hbHznbvPYwignf7r2GHRXAcuVUPmNgEpump,FTH,Flying Toilet Horse,solana,0.00004135,2048,16384,262144,262144,16384,32768,32768,22,25,410,278,1775743244000,pumpswap,REPEAT
2026-04-09T16:56:57.327Z,EHgUx5N7QPowAk94Narv5hu59WdZwggiLra213p8pump,Eeffoc,Eeffoc the alien,solana,0.00001421,512,4096,65536,65536,8192,16384,16384,32,7,93,88,1775742081000,pumpswap,REPEAT
2026-04-09T16:56:57.327Z,2DhnGmwu14KHLBxhKcvLR9XV4uZ6DzQJtducmtbzBAGS,POPDOG,POPDOG,solana,0.00001930,4,4096,131072,131072,8192,,,1,1,88,60,1775732609000,meteora,REPEAT
2026-04-09T16:56:57.327Z,3gyKT9K7uVBztNVoGqHZogGvLGAbfhD4MPfHZAeGpump,PEPIG,Pepig,solana,0.000004629,16,2048,65536,65536,4096,4096,4096,3,2,75,75,1775740092000,pumpswap,REPEAT
2026-04-09T16:56:57.327Z,2PEMMHRmj5Hs7N1JMLfx9T4AyM4VjwGDmkqq5WTwpump,GURA,Gawr Gura,solana,0.000003008,4,128,1048576,1048576,4096,4096,4096,,2,10,18,1775737018000,pumpswap,REPEAT
2026-04-09T16:56:57.327Z,EsvskEr51BM4LyFXuTn4dehMfVgUMZ55dBNxSbNXBAGS,GATO,El Gato,solana,0.00002510,32,2048,16384,262144,8192,32768,32768,,1,29,26,1775702895000,meteora,REPEAT
2026-04-09T16:56:57.327Z,5qRgEsvn5hbHznbvPYwignf7r2GHRXAcuVUPmNgEpump,FTH,Flying Toilet Horse,solana,0.00004135,2048,16384,262144,262144,16384,32768,32768,22,25,410,278,1775743244000,pumpswap,REPEAT
2026-04-09T16:56:57.327Z,3gyKT9K7uVBztNVoGqHZogGvLGAbfhD4MPfHZAeGpump,PEPIG,Pepig,solana,0.000004629,16,2048,65536,65536,4096,4096,4096,3,2,75,75,1775740092000,pumpswap,REPEAT
2026-04-09T16:56:57.327Z,nNcqotFpBF7hsAqbNs1v2cYWeMnaKjFc3D2gHoQpump,milkers,milkers,solana,0.0006970,2048,65536,131072,524288,65536,524288,524288,4,17,239,464,1775164141000,pumpswap,REPEAT
2026-04-09T16:56:57.327Z,9SeCSdbPzz95KomGUGEV9Shn2zGXNmMJhE9J72Hipump,Iroha,イロハ,solana,0.001852,4096,65536,524288,2097152,131072,2097152,2097152,23,42,338,401,1775525060000,pumpswap,REPEAT
2026-04-09T16:56:57.327Z,3mf8LdJreVMwbxkfcs84NzSVhjfLm8dsLmASKBpipump,PFU,Pumpfun Undercover,solana,0.00006050,128,8192,32768,262144,16384,65536,65536,37,16,577,232,1775682866000,pumpswap,REPEAT
2026-04-09T17:01:57.327Z,9MjRHK7iFSDco7EYMuU5L9sp9a9gPr7jTudzgTdNpump,笑哭猫,lmeow,solana,0.00001973,2048,16384,65536,65536,,16384,16384,14,7,154,118,1775746443000,pumpfun,REPEAT
2026-04-09T17:01:57.327Z,C4uKznf7esEEaDcNQiXBBqA1j9w4P7sNYNH1DozApump,MOOYOR,หมูยอ,solana,0.0001557,4096,32768,65536,131072,32768,131072,131072,25,25,284,239,1775139582000,pumpswap,REPEAT
2026-04-09T17:01:57.327Z,sB7SkzCotrxBNyCxcmKqDDKkUWQnJhaKprS6s9xpump,OPAL,Opal The Orangutan,solana,0.0002066,2048,16384,131072,262144,32768,262144,262144,19,20,179,187,1775619801000,pumpswap,REPEAT
2026-04-09T17:01:57.327Z,9AEtb967xTMosjp9XFhvHLhscPNYgDWc15jFAZR8pump,RƎ́V,REVÉRSÉ SOCIETY,solana,0.0001177,16,1024,8192,131072,32768,131072,131072,2,,22,17,1775691640000,pumpswap,REPEAT
2026-04-09T17:01:57.327Z,FfJikRuD1cPAS42ifYPMe1w42DR9bxPShenmhy5Ypump,JURDAN,Mikel Jurdan,solana,0.000002440,4,262144,524288,524288,4096,2048,2048,1,1,1341,1687,1775749206000,pumpswap,REPEAT
2026-04-09T17:01:57.327Z,Hon2rHAiqkcDtUzL5gA2vjXPr7T1MPCK2UT2AHKCpump,MAGA,Make Aliens Great Again ,solana,0.00006007,1024,8192,8192,65536,16384,65536,65536,19,9,129,55,1771624966000,pumpswap,REPEAT
2026-04-09T17:01:57.327Z,7ZVJqzsPVoB2aSonJEW4jjvkBtwufMx41rZGryJ2pump,CHUD,Chud,solana,0.000003257,32,2048,262144,262144,4096,4096,4096,3,4,37,61,1775748170000,pumpswap,REPEAT
2026-04-09T17:01:57.327Z,9MjRHK7iFSDco7EYMuU5L9sp9a9gPr7jTudzgTdNpump,笑哭猫,lmeow,solana,0.00001973,2048,16384,65536,65536,,16384,16384,14,7,154,118,1775746443000,pumpfun,REPEAT
2026-04-09T17:01:57.327Z,EcsMm5VEgKz1HMkc47fLdF7Vy4vnUuoptdW5k6kepump,believe,still believe,solana,0.0001409,64,4096,16384,32768,32768,131072,131072,,1,32,38,1774980244000,pumpswap,REPEAT
2026-04-09T17:01:57.327Z,7bxWJngTKUgX7cY1RxKXmR1RdMNszJhZCXM8vzESpump,momiji,momiji,solana,0.00002465,256,2048,32768,131072,16384,32768,32768,,11,28,33,1775699885000,pumpswap,REPEAT
2026-04-09T17:01:57.327Z,5qRgEsvn5hbHznbvPYwignf7r2GHRXAcuVUPmNgEpump,FTH,Flying Toilet Horse,solana,0.00003699,1024,16384,262144,262144,16384,32768,32768,23,16,395,269,1775743244000,pumpswap,REPEAT
2026-04-09T17:01:57.327Z,HHLYUhjNpygSpCTwHLn1riBQzKJfzaoFVAeVHSH8pump,BSPIKE,BABY SPIKE,solana,0.000002404,1,32,65536,65536,,2048,2048,1,1,5,6,1775746844000,pumpfun,REPEAT
2026-04-09T17:01:57.327Z,9hHYYG9vwBBsp11Lo89xbH8QSHWzpXYpG2NykMkipump,MooYor,MooYor,solana,0.000002498,128,262144,1048576,1048576,4096,2048,2048,4,10,7296,6885,1775745206000,pumpswap,REPEAT
2026-04-09T17:01:57.327Z,3TDrNxtaReSocY9xthiwFGqRhor3YfwtQheLj8ARTVcn,イーロン,イーロン,solana,0.00003188,512,8192,131072,524288,16384,32768,32768,17,8,289,163,1775718445000,pumpswap,REPEAT
2026-04-09T17:01:57.327Z,5552z6Qp2xr596ox1UVN4ppDwwyjCfY8cXwzHMXgMcaS,MOLTING,Molting,solana,0.0007886,256,4096,32768,131072,65536,1048576,1048576,7,6,45,52,1769857955000,orca,REPEAT
2026-04-09T17:01:57.327Z,HX2MBjZ9SJeMHmTAhQXs4U4bDaLP19W7LDKwEpHDpump,Doraemon,ドラえもん,solana,0.0001504,1024,8192,16384,65536,32768,131072,131072,8,9,102,123,1775677779000,pumpswap,REPEAT
2026-04-09T17:01:57.327Z,34q2KmCvapecJgR6ZrtbCTrzZVtkt3a5mHEA3TuEsWYb,LOL,LOL,solana,0.008072,8192,131072,1048576,4194304,524288,8388608,8388608,49,34,1051,746,1773878265000,pumpswap,REPEAT
2026-04-09T17:01:57.327Z,5qRgEsvn5hbHznbvPYwignf7r2GHRXAcuVUPmNgEpump,FTH,Flying Toilet Horse,solana,0.00003699,1024,16384,262144,262144,16384,32768,32768,23,16,395,269,1775743244000,pumpswap,REPEAT
2026-04-09T17:01:57.327Z,5qRgEsvn5hbHznbvPYwignf7r2GHRXAcuVUPmNgEpump,FTH,Flying Toilet Horse,solana,0.00003699,1024,16384,262144,262144,16384,32768,32768,23,16,395,269,1775743244000,pumpswap,REPEAT
2026-04-09T17:01:57.327Z,EHgUx5N7QPowAk94Narv5hu59WdZwggiLra213p8pump,Eeffoc,Eeffoc the alien,solana,0.00001455,128,4096,65536,65536,8192,16384,16384,10,4,93,78,1775742081000,pumpswap,REPEAT
2026-04-09T17:01:57.327Z,2DhnGmwu14KHLBxhKcvLR9XV4uZ6DzQJtducmtbzBAGS,POPDOG,POPDOG,solana,0.00002341,512,4096,131072,131072,8192,,,12,1,94,55,1775732609000,meteora,REPEAT
2026-04-09T17:01:57.327Z,3gyKT9K7uVBztNVoGqHZogGvLGAbfhD4MPfHZAeGpump,PEPIG,Pepig,solana,0.000004991,16,2048,65536,65536,4096,4096,4096,9,,81,66,1775740092000,pumpswap,REPEAT
2026-04-09T17:01:57.327Z,2PEMMHRmj5Hs7N1JMLfx9T4AyM4VjwGDmkqq5WTwpump,GURA,Gawr Gura,solana,0.000002750,128,256,1048576,1048576,4096,2048,2048,1,2,8,14,1775737018000,pumpswap,REPEAT
2026-04-09T17:01:57.327Z,EsvskEr51BM4LyFXuTn4dehMfVgUMZ55dBNxSbNXBAGS,GATO,El Gato,solana,0.00002219,512,2048,16384,262144,8192,16384,16384,6,3,31,28,1775702895000,meteora,REPEAT
2026-04-09T17:01:57.327Z,5qRgEsvn5hbHznbvPYwignf7r2GHRXAcuVUPmNgEpump,FTH,Flying Toilet Horse,solana,0.00003699,1024,16384,262144,262144,16384,32768,32768,23,16,395,269,1775743244000,pumpswap,REPEAT
2026-04-09T17:01:57.327Z,3gyKT9K7uVBztNVoGqHZogGvLGAbfhD4MPfHZAeGpump,PEPIG,Pepig,solana,0.000004991,16,2048,65536,65536,4096,4096,4096,9,,81,66,1775740092000,pumpswap,REPEAT
2026-04-09T17:01:57.327Z,nNcqotFpBF7hsAqbNs1v2cYWeMnaKjFc3D2gHoQpump,milkers,milkers,solana,0.0007373,512,65536,131072,524288,65536,524288,524288,7,8,237,443,1775164141000,pumpswap,REPEAT
2026-04-09T17:01:57.327Z,9SeCSdbPzz95KomGUGEV9Shn2zGXNmMJhE9J72Hipump,Iroha,イロハ,solana,0.001763,8192,65536,524288,2097152,131072,2097152,2097152,28,24,345,383,1775525060000,pumpswap,REPEAT
2026-04-09T17:06:57.327Z,9MjRHK7iFSDco7EYMuU5L9sp9a9gPr7jTudzgTdNpump,笑哭猫,lmeow,solana,0.00002074,2048,16384,65536,65536,,16384,16384,35,17,188,129,1775746443000,pumpfun,REPEAT
2026-04-09T17:06:57.327Z,C4uKznf7esEEaDcNQiXBBqA1j9w4P7sNYNH1DozApump,MOOYOR,หมูยอ,solana,0.0001561,1024,32768,65536,131072,32768,131072,131072,20,12,299,248,1775139582000,pumpswap,REPEAT
2026-04-09T17:06:57.327Z,sB7SkzCotrxBNyCxcmKqDDKkUWQnJhaKprS6s9xpump,OPAL,Opal The Orangutan,solana,0.0001922,2048,16384,131072,262144,32768,262144,262144,16,14,191,193,1775619801000,pumpswap,REPEAT
2026-04-09T17:06:57.327Z,9AEtb967xTMosjp9XFhvHLhscPNYgDWc15jFAZR8pump,RƎ́V,REVÉRSÉ SOCIETY,solana,0.0001150,256,1024,8192,131072,32768,131072,131072,5,1,23,13,1775691640000,pumpswap,REPEAT
2026-04-09T17:06:57.327Z,FfJikRuD1cPAS42ifYPMe1w42DR9bxPShenmhy5Ypump,JURDAN,Mikel Jurdan,solana,0.000002440,2,131072,524288,524288,4096,2048,2048,,2,857,1172,1775749206000,pumpswap,REPEAT
2026-04-09T17:06:57.327Z,Hon2rHAiqkcDtUzL5gA2vjXPr7T1MPCK2UT2AHKCpump,MAGA,Make Aliens Great Again ,solana,0.00005986,1024,8192,16384,65536,16384,65536,65536,18,9,150,65,1771624966000,pumpswap,REPEAT
2026-04-09T17:06:57.327Z,7ZVJqzsPVoB2aSonJEW4jjvkBtwufMx41rZGryJ2pump,CHUD,Chud,solana,0.000003296,32,1024,262144,262144,4096,4096,4096,2,2,37,50,1775748170000,pumpswap,REPEAT
2026-04-09T17:06:57.327Z,9MjRHK7iFSDco7EYMuU5L9sp9a9gPr7jTudzgTdNpump,笑哭猫,lmeow,solana,0.00002074,2048,16384,65536,65536,,16384,16384,35,17,188,129,1775746443000,pumpfun,REPEAT
2026-04-09T17:06:57.327Z,EcsMm5VEgKz1HMkc47fLdF7Vy4vnUuoptdW5k6kepump,believe,still believe,solana,0.0001418,16,4096,16384,32768,32768,131072,131072,1,1,32,39,1774980244000,pumpswap,REPEAT
2026-04-09T17:06:57.327Z,7bxWJngTKUgX7cY1RxKXmR1RdMNszJhZCXM8vzESpump,momiji,momiji,solana,0.00002139,1024,2048,32768,131072,8192,16384,16384,9,11,36,43,1775699885000,pumpswap,REPEAT
2026-04-09T17:06:57.327Z,5qRgEsvn5hbHznbvPYwignf7r2GHRXAcuVUPmNgEpump,FTH,Flying Toilet Horse,solana,0.00004672,4096,16384,262144,262144,16384,65536,65536,30,37,362,270,1775743244000,pumpswap,REPEAT
2026-04-09T17:06:57.327Z,HHLYUhjNpygSpCTwHLn1riBQzKJfzaoFVAeVHSH8pump,BSPIKE,BABY SPIKE,solana,0.000002404,,32,65536,65536,,2048,2048,,,5,6,1775746844000,pumpfun,REPEAT
2026-04-09T17:06:57.327Z,9hHYYG9vwBBsp11Lo89xbH8QSHWzpXYpG2NykMkipump,MooYor,MooYor,solana,0.000002108,256,262144,1048576,1048576,4096,2048,2048,6,9,6485,6703,1775745206000,pumpswap,REPEAT
2026-04-09T17:06:57.327Z,3TDrNxtaReSocY9xthiwFGqRhor3YfwtQheLj8ARTVcn,イーロン,イーロン,solana,0.00002897,512,8192,131072,524288,16384,32768,32768,15,11,287,164,1775718445000,pumpswap,REPEAT
2026-04-09T17:06:57.327Z,5552z6Qp2xr596ox1UVN4ppDwwyjCfY8cXwzHMXgMcaS,MOLTING,Molting,solana,0.0007502,2048,8192,32768,131072,65536,1048576,1048576,8,6,50,47,1769857955000,orca,REPEAT
2026-04-09T17:06:57.327Z,HX2MBjZ9SJeMHmTAhQXs4U4bDaLP19W7LDKwEpHDpump,Doraemon,ドラえもん,solana,0.0001531,512,8192,32768,65536,32768,131072,131072,8,11,107,126,1775677779000,pumpswap,REPEAT
2026-04-09T17:06:57.327Z,34q2KmCvapecJgR6ZrtbCTrzZVtkt3a5mHEA3TuEsWYb,LOL,LOL,solana,0.008060,8192,262144,1048576,4194304,524288,8388608,8388608,52,48,1055,750,1773878265000,pumpswap,REPEAT
2026-04-09T17:06:57.327Z,5qRgEsvn5hbHznbvPYwignf7r2GHRXAcuVUPmNgEpump,FTH,Flying Toilet Horse,solana,0.00004672,4096,16384,262144,262144,16384,65536,65536,30,37,362,270,1775743244000,pumpswap,REPEAT
2026-04-09T17:06:57.327Z,5qRgEsvn5hbHznbvPYwignf7r2GHRXAcuVUPmNgEpump,FTH,Flying Toilet Horse,solana,0.00004672,4096,16384,262144,262144,16384,65536,65536,30,37,362,270,1775743244000,pumpswap,REPEAT
2026-04-09T17:06:57.327Z,EHgUx5N7QPowAk94Narv5hu59WdZwggiLra213p8pump,Eeffoc,Eeffoc the alien,solana,0.00001646,512,4096,65536,65536,8192,16384,16384,11,1,93,61,1775742081000,pumpswap,REPEAT
2026-04-09T17:06:57.327Z,2DhnGmwu14KHLBxhKcvLR9XV4uZ6DzQJtducmtbzBAGS,POPDOG,POPDOG,solana,0.00002819,512,4096,131072,131072,16384,,,16,1,84,53,1775732609000,meteora,REPEAT
2026-04-09T17:06:57.327Z,3gyKT9K7uVBztNVoGqHZogGvLGAbfhD4MPfHZAeGpump,PEPIG,Pepig,solana,0.000005027,256,2048,65536,65536,4096,4096,4096,15,12,91,71,1775740092000,pumpswap,REPEAT
2026-04-09T17:06:57.327Z,2PEMMHRmj5Hs7N1JMLfx9T4AyM4VjwGDmkqq5WTwpump,GURA,Gawr Gura,solana,0.000002707,4,256,1048576,1048576,4096,2048,2048,1,2,9,14,1775737018000,pumpswap,REPEAT
2026-04-09T17:06:57.327Z,EsvskEr51BM4LyFXuTn4dehMfVgUMZ55dBNxSbNXBAGS,GATO,El Gato,solana,0.00002293,256,2048,16384,262144,8192,16384,16384,4,1,27,28,1775702895000,meteora,REPEAT
2026-04-09T17:06:57.327Z,5qRgEsvn5hbHznbvPYwignf7r2GHRXAcuVUPmNgEpump,FTH,Flying Toilet Horse,solana,0.00004672,4096,16384,262144,262144,16384,65536,65536,30,37,362,270,1775743244000,pumpswap,REPEAT
2026-04-09T17:06:57.327Z,3gyKT9K7uVBztNVoGqHZogGvLGAbfhD4MPfHZAeGpump,PEPIG,Pepig,solana,0.000005027,256,2048,65536,65536,4096,4096,4096,15,12,91,71,1775740092000,pumpswap,REPEAT
2026-04-09T17:06:57.327Z,nNcqotFpBF7hsAqbNs1v2cYWeMnaKjFc3D2gHoQpump,milkers,milkers,solana,0.0007085,4096,32768,131072,524288,65536,524288,524288,14,19,222,370,1775164141000,pumpswap,REPEAT
2026-04-09T17:06:57.327Z,9SeCSdbPzz95KomGUGEV9Shn2zGXNmMJhE9J72Hipump,Iroha,イロハ,solana,0.001905,8192,65536,524288,2097152,131072,2097152,2097152,31,42,342,381,1775525060000,pumpswap,REPEAT
2026-04-09T17:11:57.329Z,5RXFKVXXmVaobpEBekXskTWdBmmvQL6KXAjPphnFpump,SDR,Strategic Defense Reserve,solana,0.00004540,1024,1024,2048,16384,16384,32768,32768,21,2,24,4,1775697755000,pumpswap,NEW
2026-04-09T17:11:57.329Z,9MjRHK7iFSDco7EYMuU5L9sp9a9gPr7jTudzgTdNpump,笑哭猫,lmeow,solana,0.00002019,128,16384,65536,65536,,16384,16384,12,9,195,128,1775746443000,pumpfun,REPEAT
2026-04-09T17:11:57.329Z,C4uKznf7esEEaDcNQiXBBqA1j9w4P7sNYNH1DozApump,MOOYOR,หมูยอ,solana,0.0001455,512,32768,65536,131072,32768,131072,131072,3,9,297,253,1775139582000,pumpswap,REPEAT
2026-04-09T17:11:57.329Z,sB7SkzCotrxBNyCxcmKqDDKkUWQnJhaKprS6s9xpump,OPAL,Opal The Orangutan,solana,0.0001875,1024,16384,131072,262144,32768,262144,262144,12,10,197,199,1775619801000,pumpswap,REPEAT
2026-04-09T17:11:57.329Z,9AEtb967xTMosjp9XFhvHLhscPNYgDWc15jFAZR8pump,RƎ́V,REVÉRSÉ SOCIETY,solana,0.0001134,8,512,8192,131072,32768,131072,131072,1,2,24,9,1775691640000,pumpswap,REPEAT
2026-04-09T17:11:57.329Z,FfJikRuD1cPAS42ifYPMe1w42DR9bxPShenmhy5Ypump,JURDAN,Mikel Jurdan,solana,0.000002323,128,65536,524288,524288,4096,2048,2048,,1,343,697,1775749206000,pumpswap,REPEAT
2026-04-09T17:11:57.329Z,Hon2rHAiqkcDtUzL5gA2vjXPr7T1MPCK2UT2AHKCpump,MAGA,Make Aliens Great Again ,solana,0.00006055,1024,8192,16384,65536,16384,65536,65536,23,9,171,72,1771624966000,pumpswap,REPEAT
2026-04-09T17:11:57.329Z,7ZVJqzsPVoB2aSonJEW4jjvkBtwufMx41rZGryJ2pump,CHUD,Chud,solana,0.000003281,2,1024,262144,262144,4096,4096,4096,,3,34,52,1775748170000,pumpswap,REPEAT
2026-04-09T17:11:57.329Z,9MjRHK7iFSDco7EYMuU5L9sp9a9gPr7jTudzgTdNpump,笑哭猫,lmeow,solana,0.00002019,128,16384,65536,65536,,16384,16384,12,9,195,128,1775746443000,pumpfun,REPEAT
2026-04-09T17:11:57.329Z,EcsMm5VEgKz1HMkc47fLdF7Vy4vnUuoptdW5k6kepump,believe,still believe,solana,0.0001437,0,4096,16384,32768,32768,131072,131072,1,,33,38,1774980244000,pumpswap,REPEAT
2026-04-09T17:11:57.329Z,7bxWJngTKUgX7cY1RxKXmR1RdMNszJhZCXM8vzESpump,momiji,momiji,solana,0.00002369,512,2048,32768,131072,16384,32768,32768,6,4,43,47,1775699885000,pumpswap,REPEAT
2026-04-09T17:11:57.329Z,5qRgEsvn5hbHznbvPYwignf7r2GHRXAcuVUPmNgEpump,FTH,Flying Toilet Horse,solana,0.00004568,1024,16384,262144,262144,16384,32768,32768,18,23,352,283,1775743244000,pumpswap,REPEAT
2026-04-09T17:11:57.329Z,HHLYUhjNpygSpCTwHLn1riBQzKJfzaoFVAeVHSH8pump,BSPIKE,BABY SPIKE,solana,0.000002404,,8,65536,65536,,2048,2048,,,5,4,1775746844000,pumpfun,REPEAT
2026-04-09T17:11:57.329Z,9hHYYG9vwBBsp11Lo89xbH8QSHWzpXYpG2NykMkipump,MooYor,MooYor,solana,0.000002118,16,262144,1048576,1048576,4096,2048,2048,1,2,5721,6532,1775745206000,pumpswap,REPEAT
2026-04-09T17:11:57.329Z,3TDrNxtaReSocY9xthiwFGqRhor3YfwtQheLj8ARTVcn,イーロン,イーロン,solana,0.00002546,2048,8192,131072,524288,16384,32768,32768,62,37,333,187,1775718445000,pumpswap,REPEAT
2026-04-09T17:11:57.329Z,5552z6Qp2xr596ox1UVN4ppDwwyjCfY8cXwzHMXgMcaS,MOLTING,Molting,solana,0.0007448,2048,8192,65536,131072,65536,1048576,1048576,6,6,50,50,1769857955000,orca,REPEAT
2026-04-09T17:11:57.329Z,HX2MBjZ9SJeMHmTAhQXs4U4bDaLP19W7LDKwEpHDpump,Doraemon,ドラえもん,solana,0.0001523,256,8192,32768,65536,32768,131072,131072,2,5,106,125,1775677779000,pumpswap,REPEAT
2026-04-09T17:11:57.329Z,34q2KmCvapecJgR6ZrtbCTrzZVtkt3a5mHEA3TuEsWYb,LOL,LOL,solana,0.007990,16384,131072,1048576,4194304,524288,8388608,8388608,53,55,957,752,1773878265000,pumpswap,REPEAT
2026-04-09T17:11:57.329Z,5qRgEsvn5hbHznbvPYwignf7r2GHRXAcuVUPmNgEpump,FTH,Flying Toilet Horse,solana,0.00004568,1024,16384,262144,262144,16384,32768,32768,18,23,352,283,1775743244000,pumpswap,REPEAT
2026-04-09T17:11:57.329Z,5qRgEsvn5hbHznbvPYwignf7r2GHRXAcuVUPmNgEpump,FTH,Flying Toilet Horse,solana,0.00004568,1024,16384,262144,262144,16384,32768,32768,18,23,352,283,1775743244000,pumpswap,REPEAT
2026-04-09T17:11:57.329Z,EHgUx5N7QPowAk94Narv5hu59WdZwggiLra213p8pump,Eeffoc,Eeffoc the alien,solana,0.00001503,256,2048,65536,65536,8192,16384,16384,1,14,81,70,1775742081000,pumpswap,REPEAT
2026-04-09T17:11:57.329Z,2DhnGmwu14KHLBxhKcvLR9XV4uZ6DzQJtducmtbzBAGS,POPDOG,POPDOG,solana,0.00003048,256,4096,131072,131072,16384,,,6,6,84,57,1775732609000,meteora,REPEAT
2026-04-09T17:11:57.329Z,3gyKT9K7uVBztNVoGqHZogGvLGAbfhD4MPfHZAeGpump,PEPIG,Pepig,solana,0.000005459,128,2048,65536,65536,4096,4096,4096,2,1,90,62,1775740092000,pumpswap,REPEAT
2026-04-09T17:11:57.329Z,2PEMMHRmj5Hs7N1JMLfx9T4AyM4VjwGDmkqq5WTwpump,GURA,Gawr Gura,solana,0.000002522,128,256,1048576,1048576,4096,2048,2048,,2,9,15,1775737018000,pumpswap,REPEAT
2026-04-09T17:11:57.329Z,EsvskEr51BM4LyFXuTn4dehMfVgUMZ55dBNxSbNXBAGS,GATO,El Gato,solana,0.00002338,32,2048,16384,262144,8192,32768,32768,,1,24,27,1775702895000,meteora,REPEAT
2026-04-09T17:11:57.329Z,5qRgEsvn5hbHznbvPYwignf7r2GHRXAcuVUPmNgEpump,FTH,Flying Toilet Horse,solana,0.00004568,1024,16384,262144,262144,16384,32768,32768,18,23,352,283,1775743244000,pumpswap,REPEAT
2026-04-09T17:11:57.329Z,3gyKT9K7uVBztNVoGqHZogGvLGAbfhD4MPfHZAeGpump,PEPIG,Pepig,solana,0.000005459,128,2048,65536,65536,4096,4096,4096,2,1,90,62,1775740092000,pumpswap,REPEAT
2026-04-09T17:11:57.329Z,nNcqotFpBF7hsAqbNs1v2cYWeMnaKjFc3D2gHoQpump,milkers,milkers,solana,0.0006814,4096,32768,131072,524288,65536,524288,524288,40,19,215,274,1775164141000,pumpswap,REPEAT
2026-04-09T17:16:57.329Z,5RXFKVXXmVaobpEBekXskTWdBmmvQL6KXAjPphnFpump,SDR,Strategic Defense Reserve,solana,0.00004621,256,1024,2048,16384,16384,32768,32768,3,4,27,7,1775697755000,pumpswap,REPEAT
2026-04-09T17:16:57.329Z,9MjRHK7iFSDco7EYMuU5L9sp9a9gPr7jTudzgTdNpump,笑哭猫,lmeow,solana,0.00004087,65536,65536,65536,65536,16384,32768,32768,942,699,942,699,1775754780000,pumpswap,REPEAT
2026-04-09T17:16:57.329Z,C4uKznf7esEEaDcNQiXBBqA1j9w4P7sNYNH1DozApump,MOOYOR,หมูยอ,solana,0.0001614,1024,16384,65536,131072,32768,131072,131072,10,5,223,184,1775139582000,pumpswap,REPEAT
2026-04-09T17:16:57.329Z,sB7SkzCotrxBNyCxcmKqDDKkUWQnJhaKprS6s9xpump,OPAL,Opal The Orangutan,solana,0.0001700,2048,16384,131072,262144,32768,131072,131072,13,15,209,208,1775619801000,pumpswap,REPEAT
2026-04-09T17:16:57.329Z,9AEtb967xTMosjp9XFhvHLhscPNYgDWc15jFAZR8pump,RƎ́V,REVÉRSÉ SOCIETY,solana,0.0001134,,512,8192,131072,32768,131072,131072,,,21,9,1775691640000,pumpswap,REPEAT
2026-04-09T17:16:57.329Z,FfJikRuD1cPAS42ifYPMe1w42DR9bxPShenmhy5Ypump,JURDAN,Mikel Jurdan,solana,0.000002207,0,1024,524288,524288,4096,2048,2048,,1,57,58,1775749206000,pumpswap,REPEAT
2026-04-09T17:16:57.329Z,Hon2rHAiqkcDtUzL5gA2vjXPr7T1MPCK2UT2AHKCpump,MAGA,Make Aliens Great Again ,solana,0.00006534,1024,8192,16384,65536,16384,65536,65536,9,6,179,76,1771624966000,pumpswap,REPEAT
2026-04-09T17:16:57.329Z,7ZVJqzsPVoB2aSonJEW4jjvkBtwufMx41rZGryJ2pump,CHUD,Chud,solana,0.000003281,,1024,262144,262144,4096,4096,4096,,,29,41,1775748170000,pumpswap,REPEAT
2026-04-09T17:16:57.329Z,9MjRHK7iFSDco7EYMuU5L9sp9a9gPr7jTudzgTdNpump,笑哭猫,lmeow,solana,0.00004087,65536,65536,65536,65536,16384,32768,32768,942,699,942,699,1775754780000,pumpswap,REPEAT
2026-04-09T17:16:57.329Z,EcsMm5VEgKz1HMkc47fLdF7Vy4vnUuoptdW5k6kepump,believe,still believe,solana,0.0001437,,2048,16384,32768,32768,131072,131072,,,18,22,1774980244000,pumpswap,REPEAT
2026-04-09T17:16:57.329Z,7bxWJngTKUgX7cY1RxKXmR1RdMNszJhZCXM8vzESpump,momiji,momiji,solana,0.00002461,128,2048,32768,131072,16384,32768,32768,4,2,47,47,1775699885000,pumpswap,REPEAT
2026-04-09T17:16:57.329Z,5qRgEsvn5hbHznbvPYwignf7r2GHRXAcuVUPmNgEpump,FTH,Flying Toilet Horse,solana,0.00004219,4096,16384,262144,262144,16384,32768,32768,46,36,372,296,1775743244000,pumpswap,REPEAT
2026-04-09T17:16:57.329Z,HHLYUhjNpygSpCTwHLn1riBQzKJfzaoFVAeVHSH8pump,BSPIKE,BABY SPIKE,solana,0.000002404,,8,65536,65536,,2048,2048,,,5,4,1775746844000,pumpfun,REPEAT
2026-04-09T17:16:57.329Z,9hHYYG9vwBBsp11Lo89xbH8QSHWzpXYpG2NykMkipump,MooYor,MooYor,solana,0.000002162,64,262144,1048576,1048576,4096,2048,2048,3,5,4963,6350,1775745206000,pumpswap,REPEAT
2026-04-09T17:16:57.329Z,3TDrNxtaReSocY9xthiwFGqRhor3YfwtQheLj8ARTVcn,イーロン,イーロン,solana,0.00002476,256,8192,131072,524288,16384,32768,32768,12,16,327,190,1775718445000,pumpswap,REPEAT
2026-04-09T17:16:57.329Z,5552z6Qp2xr596ox1UVN4ppDwwyjCfY8cXwzHMXgMcaS,MOLTING,Molting,solana,0.0007227,512,8192,65536,131072,65536,524288,524288,1,4,49,53,1769857955000,orca,REPEAT
2026-04-09T17:16:57.329Z,HX2MBjZ9SJeMHmTAhQXs4U4bDaLP19W7LDKwEpHDpump,Doraemon,ドラえもん,solana,0.0001513,512,8192,32768,65536,32768,131072,131072,5,6,93,121,1775677779000,pumpswap,REPEAT
2026-04-09T17:16:57.329Z,34q2KmCvapecJgR6ZrtbCTrzZVtkt3a5mHEA3TuEsWYb,LOL,LOL,solana,0.008105,16384,131072,1048576,4194304,524288,8388608,8388608,58,48,808,744,1773878265000,pumpswap,REPEAT
2026-04-09T17:16:57.329Z,5qRgEsvn5hbHznbvPYwignf7r2GHRXAcuVUPmNgEpump,FTH,Flying Toilet Horse,solana,0.00004219,4096,16384,262144,262144,16384,32768,32768,46,36,372,296,1775743244000,pumpswap,REPEAT
2026-04-09T17:16:57.329Z,5qRgEsvn5hbHznbvPYwignf7r2GHRXAcuVUPmNgEpump,FTH,Flying Toilet Horse,solana,0.00004219,4096,16384,262144,262144,16384,32768,32768,46,36,372,296,1775743244000,pumpswap,REPEAT
2026-04-09T17:16:57.329Z,EHgUx5N7QPowAk94Narv5hu59WdZwggiLra213p8pump,Eeffoc,Eeffoc the alien,solana,0.00001675,256,2048,65536,65536,8192,16384,16384,16,2,97,61,1775742081000,pumpswap,REPEAT
2026-04-09T17:16:57.329Z,2DhnGmwu14KHLBxhKcvLR9XV4uZ6DzQJtducmtbzBAGS,POPDOG,POPDOG,solana,0.00003044,128,4096,131072,131072,16384,,,5,4,68,51,1775732609000,meteora,REPEAT
2026-04-09T17:16:57.329Z,3gyKT9K7uVBztNVoGqHZogGvLGAbfhD4MPfHZAeGpump,PEPIG,Pepig,solana,0.000005219,4,2048,65536,65536,4096,4096,4096,,2,82,57,1775740092000,pumpswap,REPEAT
2026-04-09T17:16:57.329Z,2PEMMHRmj5Hs7N1JMLfx9T4AyM4VjwGDmkqq5WTwpump,GURA,Gawr Gura,solana,0.000002494,4,256,1048576,1048576,4096,2048,2048,1,,9,13,1775737018000,pumpswap,REPEAT
2026-04-09T17:16:57.329Z,EsvskEr51BM4LyFXuTn4dehMfVgUMZ55dBNxSbNXBAGS,GATO,El Gato,solana,0.00002234,256,2048,16384,262144,8192,16384,16384,1,4,26,30,1775702895000,meteora,REPEAT
2026-04-09T17:16:57.329Z,5qRgEsvn5hbHznbvPYwignf7r2GHRXAcuVUPmNgEpump,FTH,Flying Toilet Horse,solana,0.00004219,4096,16384,262144,262144,16384,32768,32768,46,36,372,296,1775743244000,pumpswap,REPEAT
2026-04-09T17:16:57.329Z,3gyKT9K7uVBztNVoGqHZogGvLGAbfhD4MPfHZAeGpump,PEPIG,Pepig,solana,0.000005219,4,2048,65536,65536,4096,4096,4096,,2,82,57,1775740092000,pumpswap,REPEAT
2026-04-09T17:16:57.329Z,nNcqotFpBF7hsAqbNs1v2cYWeMnaKjFc3D2gHoQpump,milkers,milkers,solana,0.0006539,2048,32768,131072,524288,65536,524288,524288,33,15,219,242,1775164141000,pumpswap,REPEAT
2026-04-09T17:21:57.330Z,5RXFKVXXmVaobpEBekXskTWdBmmvQL6KXAjPphnFpump,SDR,Strategic Defense Reserve,solana,0.00004249,512,2048,2048,16384,16384,32768,32768,3,4,30,10,1775697755000,pumpswap,REPEAT
2026-04-09T17:21:57.330Z,9MjRHK7iFSDco7EYMuU5L9sp9a9gPr7jTudzgTdNpump,笑哭猫,lmeow,solana,0.00003061,16384,131072,131072,131072,16384,32768,32768,348,316,1328,1043,1775754780000,pumpswap,REPEAT
2026-04-09T17:21:57.330Z,C4uKznf7esEEaDcNQiXBBqA1j9w4P7sNYNH1DozApump,MOOYOR,หมูยอ,solana,0.0001717,1024,16384,65536,131072,32768,131072,131072,8,11,195,160,1775139582000,pumpswap,REPEAT
2026-04-09T17:21:57.330Z,sB7SkzCotrxBNyCxcmKqDDKkUWQnJhaKprS6s9xpump,OPAL,Opal The Orangutan,solana,0.0001708,4096,32768,131072,262144,32768,131072,131072,24,19,224,218,1775619801000,pumpswap,REPEAT
2026-04-09T17:21:57.330Z,9AEtb967xTMosjp9XFhvHLhscPNYgDWc15jFAZR8pump,RƎ́V,REVÉRSÉ SOCIETY,solana,0.0001297,512,2048,8192,131072,32768,131072,131072,15,2,35,11,1775691640000,pumpswap,REPEAT
2026-04-09T17:21:57.330Z,FfJikRuD1cPAS42ifYPMe1w42DR9bxPShenmhy5Ypump,JURDAN,Mikel Jurdan,solana,0.000002208,2,1024,524288,524288,4096,2048,2048,,1,44,41,1775749206000,pumpswap,REPEAT
2026-04-09T17:21:57.330Z,Hon2rHAiqkcDtUzL5gA2vjXPr7T1MPCK2UT2AHKCpump,MAGA,Make Aliens Great Again ,solana,0.00006325,256,8192,16384,65536,16384,65536,65536,,4,178,79,1771624966000,pumpswap,REPEAT
2026-04-09T17:21:57.330Z,7ZVJqzsPVoB2aSonJEW4jjvkBtwufMx41rZGryJ2pump,CHUD,Chud,solana,0.000003281,,512,262144,262144,4096,4096,4096,,,26,38,1775748170000,pumpswap,REPEAT
2026-04-09T17:21:57.330Z,9MjRHK7iFSDco7EYMuU5L9sp9a9gPr7jTudzgTdNpump,笑哭猫,lmeow,solana,0.00003061,16384,131072,131072,131072,16384,32768,32768,348,316,1328,1043,1775754780000,pumpswap,REPEAT
2026-04-09T17:21:57.330Z,EcsMm5VEgKz1HMkc47fLdF7Vy4vnUuoptdW5k6kepump,believe,still believe,solana,0.0001383,512,2048,16384,32768,32768,131072,131072,11,4,23,23,1774980244000,pumpswap,REPEAT
2026-04-09T17:21:57.330Z,7bxWJngTKUgX7cY1RxKXmR1RdMNszJhZCXM8vzESpump,momiji,momiji,solana,0.00002616,512,4096,32768,131072,16384,32768,32768,6,8,58,52,1775699885000,pumpswap,REPEAT
2026-04-09T17:21:57.330Z,5qRgEsvn5hbHznbvPYwignf7r2GHRXAcuVUPmNgEpump,FTH,Flying Toilet Horse,solana,0.00003732,2048,32768,262144,262144,16384,32768,32768,31,19,394,303,1775743244000,pumpswap,REPEAT
2026-04-09T17:21:57.330Z,HHLYUhjNpygSpCTwHLn1riBQzKJfzaoFVAeVHSH8pump,BSPIKE,BABY SPIKE,solana,0.000002404,,8,65536,65536,,2048,2048,,,5,4,1775746844000,pumpfun,REPEAT
2026-04-09T17:21:57.330Z,9hHYYG9vwBBsp11Lo89xbH8QSHWzpXYpG2NykMkipump,MooYor,MooYor,solana,0.000002231,32,131072,1048576,1048576,4096,2048,2048,2,3,4176,6167,1775745206000,pumpswap,REPEAT
2026-04-09T17:21:57.330Z,3TDrNxtaReSocY9xthiwFGqRhor3YfwtQheLj8ARTVcn,イーロン,イーロン,solana,0.00002764,512,8192,131072,524288,16384,32768,32768,10,15,329,197,1775718445000,pumpswap,REPEAT
2026-04-09T17:21:57.330Z,5552z6Qp2xr596ox1UVN4ppDwwyjCfY8cXwzHMXgMcaS,MOLTING,Molting,solana,0.0007112,128,8192,65536,131072,65536,524288,524288,,4,45,54,1769857955000,orca,REPEAT
2026-04-09T17:21:57.330Z,HX2MBjZ9SJeMHmTAhQXs4U4bDaLP19W7LDKwEpHDpump,Doraemon,ドラえもん,solana,0.0001505,512,8192,32768,65536,32768,131072,131072,4,6,89,110,1775677779000,pumpswap,REPEAT
2026-04-09T17:21:57.330Z,34q2KmCvapecJgR6ZrtbCTrzZVtkt3a5mHEA3TuEsWYb,LOL,LOL,solana,0.008060,8192,131072,1048576,4194304,524288,8388608,8388608,58,45,763,733,1773878265000,pumpswap,REPEAT
2026-04-09T17:21:57.330Z,5qRgEsvn5hbHznbvPYwignf7r2GHRXAcuVUPmNgEpump,FTH,Flying Toilet Horse,solana,0.00003732,2048,32768,262144,262144,16384,32768,32768,31,19,394,303,1775743244000,pumpswap,REPEAT
2026-04-09T17:21:57.330Z,5qRgEsvn5hbHznbvPYwignf7r2GHRXAcuVUPmNgEpump,FTH,Flying Toilet Horse,solana,0.00003732,2048,32768,262144,262144,16384,32768,32768,31,19,394,303,1775743244000,pumpswap,REPEAT
2026-04-09T17:21:57.330Z,EHgUx5N7QPowAk94Narv5hu59WdZwggiLra213p8pump,Eeffoc,Eeffoc the alien,solana,0.00001633,512,4096,65536,65536,8192,16384,16384,9,5,104,63,1775742081000,pumpswap,REPEAT
2026-04-09T17:21:57.330Z,2DhnGmwu14KHLBxhKcvLR9XV4uZ6DzQJtducmtbzBAGS,POPDOG,POPDOG,solana,0.00003261,512,4096,131072,131072,16384,,,8,3,70,47,1775732609000,meteora,REPEAT
2026-04-09T17:21:57.330Z,3gyKT9K7uVBztNVoGqHZogGvLGAbfhD4MPfHZAeGpump,PEPIG,Pepig,solana,0.000005219,,1024,65536,65536,4096,4096,4096,,,80,48,1775740092000,pumpswap,REPEAT
2026-04-09T17:21:57.330Z,2PEMMHRmj5Hs7N1JMLfx9T4AyM4VjwGDmkqq5WTwpump,GURA,Gawr Gura,solana,0.000002494,,256,1048576,1048576,4096,2048,2048,,,9,10,1775737018000,pumpswap,REPEAT
2026-04-09T17:21:57.330Z,EsvskEr51BM4LyFXuTn4dehMfVgUMZ55dBNxSbNXBAGS,GATO,El Gato,solana,0.00002063,128,2048,16384,262144,8192,16384,16384,,2,24,29,1775702895000,meteora,REPEAT
2026-04-09T17:21:57.330Z,5qRgEsvn5hbHznbvPYwignf7r2GHRXAcuVUPmNgEpump,FTH,Flying Toilet Horse,solana,0.00003732,2048,32768,262144,262144,16384,32768,32768,31,19,394,303,1775743244000,pumpswap,REPEAT
2026-04-09T17:21:57.330Z,3gyKT9K7uVBztNVoGqHZogGvLGAbfhD4MPfHZAeGpump,PEPIG,Pepig,solana,0.000005219,,1024,65536,65536,4096,4096,4096,,,80,48,1775740092000,pumpswap,REPEAT
2026-04-09T17:21:57.330Z,nNcqotFpBF7hsAqbNs1v2cYWeMnaKjFc3D2gHoQpump,milkers,milkers,solana,0.0006404,4096,32768,131072,524288,65536,524288,524288,29,15,228,210,1775164141000,pumpswap,REPEAT
2026-04-09T17:26:57.331Z,9SeCSdbPzz95KomGUGEV9Shn2zGXNmMJhE9J72Hipump,Iroha,イロハ,solana,0.002178,16384,131072,524288,2097152,131072,2097152,2097152,60,89,482,582,1775525060000,pumpswap,REPEAT
2026-04-09T17:26:57.331Z,5RXFKVXXmVaobpEBekXskTWdBmmvQL6KXAjPphnFpump,SDR,Strategic Defense Reserve,solana,0.00004269,2,2048,2048,16384,16384,32768,32768,1,,31,10,1775697755000,pumpswap,REPEAT
2026-04-09T17:26:57.331Z,9MjRHK7iFSDco7EYMuU5L9sp9a9gPr7jTudzgTdNpump,笑哭猫,lmeow,solana,0.00001851,8192,131072,131072,131072,8192,16384,16384,111,108,1457,1167,1775754780000,pumpswap,REPEAT
2026-04-09T17:26:57.331Z,C4uKznf7esEEaDcNQiXBBqA1j9w4P7sNYNH1DozApump,MOOYOR,หมูยอ,solana,0.0001604,1024,16384,65536,131072,32768,131072,131072,15,13,183,157,1775139582000,pumpswap,REPEAT
2026-04-09T17:26:57.331Z,sB7SkzCotrxBNyCxcmKqDDKkUWQnJhaKprS6s9xpump,OPAL,Opal The Orangutan,solana,0.0001710,4096,32768,131072,262144,32768,131072,131072,35,34,237,232,1775619801000,pumpswap,REPEAT
2026-04-09T17:26:57.331Z,9AEtb967xTMosjp9XFhvHLhscPNYgDWc15jFAZR8pump,RƎ́V,REVÉRSÉ SOCIETY,solana,0.0001297,8,1024,8192,131072,32768,131072,131072,3,1,37,11,1775691640000,pumpswap,REPEAT
2026-04-09T17:26:57.331Z,FfJikRuD1cPAS42ifYPMe1w42DR9bxPShenmhy5Ypump,JURDAN,Mikel Jurdan,solana,0.000002199,1,512,524288,524288,4096,2048,2048,,1,27,30,1775749206000,pumpswap,REPEAT
2026-04-09T17:26:57.331Z,Hon2rHAiqkcDtUzL5gA2vjXPr7T1MPCK2UT2AHKCpump,MAGA,Make Aliens Great Again ,solana,0.00006310,4,8192,16384,65536,16384,65536,65536,,2,175,78,1771624966000,pumpswap,REPEAT
2026-04-09T17:26:57.331Z,7ZVJqzsPVoB2aSonJEW4jjvkBtwufMx41rZGryJ2pump,CHUD,Chud,solana,0.000003262,,512,262144,262144,4096,4096,4096,,,25,34,1775748170000,pumpswap,REPEAT
2026-04-09T17:26:57.331Z,9MjRHK7iFSDco7EYMuU5L9sp9a9gPr7jTudzgTdNpump,笑哭猫,lmeow,solana,0.00001851,8192,131072,131072,131072,8192,16384,16384,111,108,1457,1167,1775754780000,pumpswap,REPEAT
2026-04-09T17:26:57.331Z,EcsMm5VEgKz1HMkc47fLdF7Vy4vnUuoptdW5k6kepump,believe,still believe,solana,0.0001393,8,2048,16384,32768,32768,131072,131072,1,,21,19,1774980244000,pumpswap,REPEAT
2026-04-09T17:26:57.331Z,7bxWJngTKUgX7cY1RxKXmR1RdMNszJhZCXM8vzESpump,momiji,momiji,solana,0.00003077,512,4096,32768,131072,16384,32768,32768,7,3,65,54,1775699885000,pumpswap,REPEAT
2026-04-09T17:26:57.331Z,5qRgEsvn5hbHznbvPYwignf7r2GHRXAcuVUPmNgEpump,FTH,Flying Toilet Horse,solana,0.00003458,1024,32768,262144,262144,16384,32768,32768,13,16,372,306,1775743244000,pumpswap,REPEAT
2026-04-09T17:26:57.331Z,HHLYUhjNpygSpCTwHLn1riBQzKJfzaoFVAeVHSH8pump,BSPIKE,BABY SPIKE,solana,0.000002408,0,8,65536,65536,,2048,2048,1,,6,3,1775746844000,pumpfun,REPEAT
2026-04-09T17:26:57.331Z,9hHYYG9vwBBsp11Lo89xbH8QSHWzpXYpG2NykMkipump,MooYor,MooYor,solana,0.000002201,32,131072,1048576,1048576,4096,2048,2048,1,2,3398,6004,1775745206000,pumpswap,REPEAT
2026-04-09T17:26:57.331Z,3TDrNxtaReSocY9xthiwFGqRhor3YfwtQheLj8ARTVcn,イーロン,イーロン,solana,0.00003069,1024,8192,131072,524288,16384,32768,32768,18,20,306,195,1775718445000,pumpswap,REPEAT
2026-04-09T17:26:57.331Z,5552z6Qp2xr596ox1UVN4ppDwwyjCfY8cXwzHMXgMcaS,MOLTING,Molting,solana,0.0007240,128,8192,65536,131072,65536,524288,524288,3,2,46,57,1769857955000,orca,REPEAT
2026-04-09T17:26:57.331Z,HX2MBjZ9SJeMHmTAhQXs4U4bDaLP19W7LDKwEpHDpump,Doraemon,ドラえもん,solana,0.0001491,256,8192,32768,65536,32768,131072,131072,4,4,77,97,1775677779000,pumpswap,REPEAT
2026-04-09T17:26:57.331Z,34q2KmCvapecJgR6ZrtbCTrzZVtkt3a5mHEA3TuEsWYb,LOL,LOL,solana,0.008006,8192,131072,1048576,4194304,524288,8388608,8388608,57,53,743,701,1773878265000,pumpswap,REPEAT
2026-04-09T17:26:57.331Z,5qRgEsvn5hbHznbvPYwignf7r2GHRXAcuVUPmNgEpump,FTH,Flying Toilet Horse,solana,0.00003458,1024,32768,262144,262144,16384,32768,32768,13,16,372,306,1775743244000,pumpswap,REPEAT
2026-04-09T17:26:57.331Z,5qRgEsvn5hbHznbvPYwignf7r2GHRXAcuVUPmNgEpump,FTH,Flying Toilet Horse,solana,0.00003458,1024,32768,262144,262144,16384,32768,32768,13,16,372,306,1775743244000,pumpswap,REPEAT
2026-04-09T17:26:57.331Z,EHgUx5N7QPowAk94Narv5hu59WdZwggiLra213p8pump,Eeffoc,Eeffoc the alien,solana,0.00001616,32,4096,65536,65536,8192,16384,16384,1,3,94,65,1775742081000,pumpswap,REPEAT
2026-04-09T17:26:57.331Z,2DhnGmwu14KHLBxhKcvLR9XV4uZ6DzQJtducmtbzBAGS,POPDOG,POPDOG,solana,0.00003348,8192,8192,131072,131072,16384,,,66,26,134,68,1775732609000,meteora,REPEAT
2026-04-09T17:26:57.331Z,3gyKT9K7uVBztNVoGqHZogGvLGAbfhD4MPfHZAeGpump,PEPIG,Pepig,solana,0.000005300,8,1024,65536,65536,4096,4096,4096,2,1,77,40,1775740092000,pumpswap,REPEAT
2026-04-09T17:26:57.331Z,2PEMMHRmj5Hs7N1JMLfx9T4AyM4VjwGDmkqq5WTwpump,GURA,Gawr Gura,solana,0.000002494,,256,1048576,1048576,4096,2048,2048,,,8,9,1775737018000,pumpswap,REPEAT
2026-04-09T17:26:57.331Z,EsvskEr51BM4LyFXuTn4dehMfVgUMZ55dBNxSbNXBAGS,GATO,El Gato,solana,0.00002153,4,2048,16384,262144,8192,16384,16384,1,2,25,29,1775702895000,meteora,REPEAT
2026-04-09T17:26:57.331Z,5qRgEsvn5hbHznbvPYwignf7r2GHRXAcuVUPmNgEpump,FTH,Flying Toilet Horse,solana,0.00003458,1024,32768,262144,262144,16384,32768,32768,13,16,372,306,1775743244000,pumpswap,REPEAT
2026-04-09T17:26:57.331Z,3gyKT9K7uVBztNVoGqHZogGvLGAbfhD4MPfHZAeGpump,PEPIG,Pepig,solana,0.000005300,8,1024,65536,65536,4096,4096,4096,2,1,77,40,1775740092000,pumpswap,REPEAT
2026-04-09T17:31:57.331Z,9SeCSdbPzz95KomGUGEV9Shn2zGXNmMJhE9J72Hipump,Iroha,イロハ,solana,0.001953,8192,131072,524288,2097152,131072,2097152,2097152,74,37,543,603,1775525060000,pumpswap,REPEAT
2026-04-09T17:31:57.331Z,5RXFKVXXmVaobpEBekXskTWdBmmvQL6KXAjPphnFpump,SDR,Strategic Defense Reserve,solana,0.00004214,1,2048,2048,16384,16384,32768,32768,1,1,32,11,1775697755000,pumpswap,REPEAT
2026-04-09T17:31:57.331Z,9MjRHK7iFSDco7EYMuU5L9sp9a9gPr7jTudzgTdNpump,笑哭猫,lmeow,solana,0.00001970,8192,131072,131072,131072,8192,16384,16384,153,127,1627,1304,1775754780000,pumpswap,REPEAT
2026-04-09T17:31:57.331Z,C4uKznf7esEEaDcNQiXBBqA1j9w4P7sNYNH1DozApump,MOOYOR,หมูยอ,solana,0.0001657,512,16384,65536,131072,32768,131072,131072,4,2,178,149,1775139582000,pumpswap,REPEAT
2026-04-09T17:31:57.331Z,sB7SkzCotrxBNyCxcmKqDDKkUWQnJhaKprS6s9xpump,OPAL,Opal The Orangutan,solana,0.0001639,2048,16384,131072,262144,32768,131072,131072,13,21,213,232,1775619801000,pumpswap,REPEAT
2026-04-09T17:31:57.331Z,9AEtb967xTMosjp9XFhvHLhscPNYgDWc15jFAZR8pump,RƎ́V,REVÉRSÉ SOCIETY,solana,0.0001285,32,1024,8192,131072,32768,131072,131072,1,2,38,11,1775691640000,pumpswap,REPEAT
2026-04-09T17:31:57.331Z,FfJikRuD1cPAS42ifYPMe1w42DR9bxPShenmhy5Ypump,JURDAN,Mikel Jurdan,solana,0.000002229,,512,524288,524288,4096,2048,2048,,,21,21,1775749206000,pumpswap,REPEAT
2026-04-09T17:31:57.331Z,Hon2rHAiqkcDtUzL5gA2vjXPr7T1MPCK2UT2AHKCpump,MAGA,Make Aliens Great Again ,solana,0.00006290,1,8192,16384,65536,16384,65536,65536,,1,175,78,1771624966000,pumpswap,REPEAT
2026-04-09T17:31:57.331Z,7ZVJqzsPVoB2aSonJEW4jjvkBtwufMx41rZGryJ2pump,CHUD,Chud,solana,0.000003134,32,512,262144,262144,4096,4096,4096,,10,22,44,1775748170000,pumpswap,REPEAT
2026-04-09T17:31:57.331Z,9MjRHK7iFSDco7EYMuU5L9sp9a9gPr7jTudzgTdNpump,笑哭猫,lmeow,solana,0.00001970,8192,131072,131072,131072,8192,16384,16384,153,127,1627,1304,1775754780000,pumpswap,REPEAT
2026-04-09T17:31:57.331Z,EcsMm5VEgKz1HMkc47fLdF7Vy4vnUuoptdW5k6kepump,believe,still believe,solana,0.0001393,,1024,16384,32768,32768,131072,131072,,,19,18,1774980244000,pumpswap,REPEAT
2026-04-09T17:31:57.331Z,7bxWJngTKUgX7cY1RxKXmR1RdMNszJhZCXM8vzESpump,momiji,momiji,solana,0.00003509,512,4096,32768,131072,16384,32768,32768,12,1,77,54,1775699885000,pumpswap,REPEAT
2026-04-09T17:31:57.331Z,5qRgEsvn5hbHznbvPYwignf7r2GHRXAcuVUPmNgEpump,FTH,Flying Toilet Horse,solana,0.00004352,2048,32768,262144,262144,16384,32768,32768,16,12,346,293,1775743244000,pumpswap,REPEAT
2026-04-09T17:31:57.331Z,HHLYUhjNpygSpCTwHLn1riBQzKJfzaoFVAeVHSH8pump,BSPIKE,BABY SPIKE,solana,0.000002442,2,32,65536,65536,,2048,2048,3,,10,3,1775746844000,pumpfun,REPEAT
2026-04-09T17:31:57.331Z,9hHYYG9vwBBsp11Lo89xbH8QSHWzpXYpG2NykMkipump,MooYor,MooYor,solana,0.000002191,8,131072,1048576,1048576,4096,2048,2048,1,2,2617,5806,1775745206000,pumpswap,REPEAT
2026-04-09T17:31:57.331Z,3TDrNxtaReSocY9xthiwFGqRhor3YfwtQheLj8ARTVcn,イーロン,イーロン,solana,0.00002630,1024,8192,131072,524288,16384,32768,32768,10,13,297,204,1775718445000,pumpswap,REPEAT
2026-04-09T17:31:57.331Z,5552z6Qp2xr596ox1UVN4ppDwwyjCfY8cXwzHMXgMcaS,MOLTING,Molting,solana,0.0007381,512,8192,65536,131072,65536,524288,524288,8,,52,53,1769857955000,orca,REPEAT
2026-04-09T17:31:57.331Z,HX2MBjZ9SJeMHmTAhQXs4U4bDaLP19W7LDKwEpHDpump,Doraemon,ドラえもん,solana,0.0001423,1024,8192,32768,65536,32768,131072,131072,10,8,81,99,1775677779000,pumpswap,REPEAT
2026-04-09T17:31:57.331Z,34q2KmCvapecJgR6ZrtbCTrzZVtkt3a5mHEA3TuEsWYb,LOL,LOL,solana,0.007986,8192,131072,1048576,4194304,524288,8388608,8388608,61,47,747,675,1773878265000,pumpswap,REPEAT
2026-04-09T17:31:57.331Z,5qRgEsvn5hbHznbvPYwignf7r2GHRXAcuVUPmNgEpump,FTH,Flying Toilet Horse,solana,0.00004352,2048,32768,262144,262144,16384,32768,32768,16,12,346,293,1775743244000,pumpswap,REPEAT
2026-04-09T17:31:57.331Z,5qRgEsvn5hbHznbvPYwignf7r2GHRXAcuVUPmNgEpump,FTH,Flying Toilet Horse,solana,0.00004352,2048,32768,262144,262144,16384,32768,32768,16,12,346,293,1775743244000,pumpswap,REPEAT
2026-04-09T17:31:57.331Z,EHgUx5N7QPowAk94Narv5hu59WdZwggiLra213p8pump,Eeffoc,Eeffoc the alien,solana,0.00001600,256,4096,65536,65536,8192,16384,16384,4,7,97,60,1775742081000,pumpswap,REPEAT
2026-04-09T17:31:57.331Z,2DhnGmwu14KHLBxhKcvLR9XV4uZ6DzQJtducmtbzBAGS,POPDOG,POPDOG,solana,0.00003475,512,8192,131072,131072,16384,,,11,19,151,78,1775732609000,meteora,REPEAT
2026-04-09T17:31:57.331Z,3gyKT9K7uVBztNVoGqHZogGvLGAbfhD4MPfHZAeGpump,PEPIG,Pepig,solana,0.000005298,64,1024,65536,65536,4096,4096,4096,3,4,72,43,1775740092000,pumpswap,REPEAT
2026-04-09T17:31:57.331Z,2PEMMHRmj5Hs7N1JMLfx9T4AyM4VjwGDmkqq5WTwpump,GURA,Gawr Gura,solana,0.000002494,,256,1048576,1048576,4096,2048,2048,,,7,9,1775737018000,pumpswap,REPEAT
2026-04-09T17:31:57.331Z,EsvskEr51BM4LyFXuTn4dehMfVgUMZ55dBNxSbNXBAGS,GATO,El Gato,solana,0.00001908,128,2048,16384,262144,8192,16384,16384,3,6,28,33,1775702895000,meteora,REPEAT
2026-04-09T17:31:57.331Z,5qRgEsvn5hbHznbvPYwignf7r2GHRXAcuVUPmNgEpump,FTH,Flying Toilet Horse,solana,0.00004352,2048,32768,262144,262144,16384,32768,32768,16,12,346,293,1775743244000,pumpswap,REPEAT
2026-04-09T17:31:57.331Z,3gyKT9K7uVBztNVoGqHZogGvLGAbfhD4MPfHZAeGpump,PEPIG,Pepig,solana,0.000005298,64,1024,65536,65536,4096,4096,4096,3,4,72,43,1775740092000,pumpswap,REPEAT
2026-04-09T17:36:57.331Z,9SeCSdbPzz95KomGUGEV9Shn2zGXNmMJhE9J72Hipump,Iroha,イロハ,solana,0.001902,16384,131072,524288,2097152,131072,2097152,2097152,141,43,664,619,1775525060000,pumpswap,REPEAT
2026-04-09T17:36:57.331Z,5RXFKVXXmVaobpEBekXskTWdBmmvQL6KXAjPphnFpump,SDR,Strategic Defense Reserve,solana,0.00004214,,2048,2048,16384,16384,32768,32768,,,32,11,1775697755000,pumpswap,REPEAT
2026-04-09T17:36:57.331Z,9MjRHK7iFSDco7EYMuU5L9sp9a9gPr7jTudzgTdNpump,笑哭猫,lmeow,solana,0.00001723,4096,131072,131072,131072,8192,16384,16384,87,73,1717,1381,1775754780000,pumpswap,REPEAT
2026-04-09T17:36:57.331Z,C4uKznf7esEEaDcNQiXBBqA1j9w4P7sNYNH1DozApump,MOOYOR,หมูยอ,solana,0.0001690,256,16384,65536,131072,32768,131072,131072,5,2,162,140,1775139582000,pumpswap,REPEAT
2026-04-09T17:36:57.331Z,sB7SkzCotrxBNyCxcmKqDDKkUWQnJhaKprS6s9xpump,OPAL,Opal The Orangutan,solana,0.0001696,512,16384,131072,262144,32768,131072,131072,16,11,199,216,1775619801000,pumpswap,REPEAT
2026-04-09T17:36:57.331Z,9AEtb967xTMosjp9XFhvHLhscPNYgDWc15jFAZR8pump,RƎ́V,REVÉRSÉ SOCIETY,solana,0.0001311,32,1024,8192,131072,32768,131072,131072,3,1,41,12,1775691640000,pumpswap,REPEAT
2026-04-09T17:36:57.331Z,FfJikRuD1cPAS42ifYPMe1w42DR9bxPShenmhy5Ypump,JURDAN,Mikel Jurdan,solana,0.000002209,0,256,524288,524288,4096,2048,2048,,2,18,20,1775749206000,pumpswap,REPEAT
2026-04-09T17:36:57.331Z,Hon2rHAiqkcDtUzL5gA2vjXPr7T1MPCK2UT2AHKCpump,MAGA,Make Aliens Great Again ,solana,0.00006290,,8192,16384,65536,16384,65536,65536,,,167,74,1771624966000,pumpswap,REPEAT
2026-04-09T17:36:57.331Z,7ZVJqzsPVoB2aSonJEW4jjvkBtwufMx41rZGryJ2pump,CHUD,Chud,solana,0.000003047,64,512,262144,262144,4096,4096,4096,,2,13,42,1775748170000,pumpswap,REPEAT
2026-04-09T17:36:57.331Z,9MjRHK7iFSDco7EYMuU5L9sp9a9gPr7jTudzgTdNpump,笑哭猫,lmeow,solana,0.00001837,4096,131072,131072,131072,8192,16384,16384,98,79,1728,1387,1775754780000,pumpswap,REPEAT
2026-04-09T17:36:57.331Z,EcsMm5VEgKz1HMkc47fLdF7Vy4vnUuoptdW5k6kepump,believe,still believe,solana,0.0001396,16,1024,16384,32768,32768,131072,131072,2,,19,13,1774980244000,pumpswap,REPEAT
2026-04-09T17:36:57.331Z,7bxWJngTKUgX7cY1RxKXmR1RdMNszJhZCXM8vzESpump,momiji,momiji,solana,0.00003081,4096,8192,65536,131072,16384,32768,32768,38,17,114,70,1775699885000,pumpswap,REPEAT
2026-04-09T17:36:57.331Z,5qRgEsvn5hbHznbvPYwignf7r2GHRXAcuVUPmNgEpump,FTH,Flying Toilet Horse,solana,0.00004761,1024,32768,262144,262144,16384,65536,65536,12,18,337,299,1775743244000,pumpswap,REPEAT
2026-04-09T17:36:57.331Z,HHLYUhjNpygSpCTwHLn1riBQzKJfzaoFVAeVHSH8pump,BSPIKE,BABY SPIKE,solana,0.000002442,,32,65536,65536,,2048,2048,,,10,3,1775746844000,pumpfun,REPEAT
2026-04-09T17:36:57.331Z,9hHYYG9vwBBsp11Lo89xbH8QSHWzpXYpG2NykMkipump,MooYor,MooYor,solana,0.000002174,2,65536,1048576,1048576,4096,2048,2048,1,1,1716,5561,1775745206000,pumpswap,REPEAT
2026-04-09T17:36:57.331Z,3TDrNxtaReSocY9xthiwFGqRhor3YfwtQheLj8ARTVcn,イーロン,イーロン,solana,0.00002728,256,8192,131072,524288,16384,32768,32768,7,6,272,197,1775718445000,pumpswap,REPEAT
2026-04-09T17:36:57.331Z,5552z6Qp2xr596ox1UVN4ppDwwyjCfY8cXwzHMXgMcaS,MOLTING,Molting,solana,0.0007399,256,8192,65536,131072,65536,524288,524288,3,1,51,51,1769857955000,orca,REPEAT
2026-04-09T17:36:57.331Z,HX2MBjZ9SJeMHmTAhQXs4U4bDaLP19W7LDKwEpHDpump,Doraemon,ドラえもん,solana,0.0001405,512,8192,32768,65536,32768,131072,131072,2,8,74,100,1775677779000,pumpswap,REPEAT
2026-04-09T17:36:57.331Z,34q2KmCvapecJgR6ZrtbCTrzZVtkt3a5mHEA3TuEsWYb,LOL,LOL,solana,0.007958,8192,131072,1048576,4194304,524288,8388608,8388608,58,44,750,659,1773878265000,pumpswap,REPEAT
2026-04-09T17:36:57.331Z,5qRgEsvn5hbHznbvPYwignf7r2GHRXAcuVUPmNgEpump,FTH,Flying Toilet Horse,solana,0.00004761,1024,32768,262144,262144,16384,65536,65536,12,18,337,299,1775743244000,pumpswap,REPEAT
2026-04-09T17:36:57.331Z,5qRgEsvn5hbHznbvPYwignf7r2GHRXAcuVUPmNgEpump,FTH,Flying Toilet Horse,solana,0.00004761,1024,32768,262144,262144,16384,65536,65536,12,18,337,299,1775743244000,pumpswap,REPEAT
2026-04-09T17:36:57.331Z,EHgUx5N7QPowAk94Narv5hu59WdZwggiLra213p8pump,Eeffoc,Eeffoc the alien,solana,0.00001551,64,4096,65536,65536,8192,16384,16384,,7,96,66,1775742081000,pumpswap,REPEAT
2026-04-09T17:36:57.331Z,2DhnGmwu14KHLBxhKcvLR9XV4uZ6DzQJtducmtbzBAGS,POPDOG,POPDOG,solana,0.00003104,256,8192,131072,131072,16384,,,5,15,155,88,1775732609000,meteora,REPEAT
2026-04-09T17:36:57.331Z,3gyKT9K7uVBztNVoGqHZogGvLGAbfhD4MPfHZAeGpump,PEPIG,Pepig,solana,0.000004900,128,1024,65536,65536,4096,4096,4096,1,6,59,49,1775740092000,pumpswap,REPEAT
2026-04-09T17:36:57.331Z,2PEMMHRmj5Hs7N1JMLfx9T4AyM4VjwGDmkqq5WTwpump,GURA,Gawr Gura,solana,0.000002458,,256,1048576,1048576,4096,2048,2048,,,4,10,1775737018000,pumpswap,REPEAT
2026-04-09T17:36:57.331Z,EsvskEr51BM4LyFXuTn4dehMfVgUMZ55dBNxSbNXBAGS,GATO,El Gato,solana,0.00001857,64,2048,16384,262144,8192,16384,16384,1,4,27,36,1775702895000,meteora,REPEAT
2026-04-09T17:36:57.331Z,5qRgEsvn5hbHznbvPYwignf7r2GHRXAcuVUPmNgEpump,FTH,Flying Toilet Horse,solana,0.00004761,1024,32768,262144,262144,16384,65536,65536,12,18,337,299,1775743244000,pumpswap,REPEAT
2026-04-09T17:36:57.331Z,3gyKT9K7uVBztNVoGqHZogGvLGAbfhD4MPfHZAeGpump,PEPIG,Pepig,solana,0.000004900,128,1024,65536,65536,4096,4096,4096,1,6,59,49,1775740092000,pumpswap,REPEAT
2026-04-09T17:41:57.332Z,9SeCSdbPzz95KomGUGEV9Shn2zGXNmMJhE9J72Hipump,Iroha,イロハ,solana,0.002001,4096,131072,524288,2097152,131072,2097152,2097152,20,44,656,616,1775525060000,pumpswap,REPEAT
2026-04-09T17:41:57.332Z,5RXFKVXXmVaobpEBekXskTWdBmmvQL6KXAjPphnFpump,SDR,Strategic Defense Reserve,solana,0.00004237,1,2048,2048,16384,16384,32768,32768,1,1,33,12,1775697755000,pumpswap,REPEAT
2026-04-09T17:41:57.332Z,9MjRHK7iFSDco7EYMuU5L9sp9a9gPr7jTudzgTdNpump,笑哭猫,lmeow,solana,0.00001823,2048,131072,131072,131072,8192,16384,16384,33,36,1763,1426,1775754780000,pumpswap,REPEAT
2026-04-09T17:41:57.332Z,C4uKznf7esEEaDcNQiXBBqA1j9w4P7sNYNH1DozApump,MOOYOR,หมูยอ,solana,0.0001694,512,16384,65536,131072,32768,131072,131072,4,3,148,129,1775139582000,pumpswap,REPEAT
2026-04-09T17:41:57.332Z,sB7SkzCotrxBNyCxcmKqDDKkUWQnJhaKprS6s9xpump,OPAL,Opal The Orangutan,solana,0.0001747,512,16384,65536,262144,32768,131072,131072,2,6,192,204,1775619801000,pumpswap,REPEAT
2026-04-09T17:41:57.332Z,9AEtb967xTMosjp9XFhvHLhscPNYgDWc15jFAZR8pump,RƎ́V,REVÉRSÉ SOCIETY,solana,0.0001271,256,2048,8192,131072,32768,131072,131072,2,11,41,21,1775691640000,pumpswap,REPEAT
2026-04-09T17:41:57.332Z,FfJikRuD1cPAS42ifYPMe1w42DR9bxPShenmhy5Ypump,JURDAN,Mikel Jurdan,solana,0.000002220,0,256,524288,524288,4096,2048,2048,,1,6,20,1775749206000,pumpswap,REPEAT
2026-04-09T17:41:57.332Z,Hon2rHAiqkcDtUzL5gA2vjXPr7T1MPCK2UT2AHKCpump,MAGA,Make Aliens Great Again ,solana,0.00006340,128,8192,16384,65536,16384,65536,65536,3,3,147,67,1771624966000,pumpswap,REPEAT
2026-04-09T17:41:57.332Z,7ZVJqzsPVoB2aSonJEW4jjvkBtwufMx41rZGryJ2pump,CHUD,Chud,solana,0.000003027,1,256,262144,262144,4096,4096,4096,,1,13,30,1775748170000,pumpswap,REPEAT
2026-04-09T17:41:57.332Z,9MjRHK7iFSDco7EYMuU5L9sp9a9gPr7jTudzgTdNpump,笑哭猫,lmeow,solana,0.00001847,2048,131072,131072,131072,8192,16384,16384,36,38,1766,1428,1775754780000,pumpswap,REPEAT
2026-04-09T17:41:57.332Z,EcsMm5VEgKz1HMkc47fLdF7Vy4vnUuoptdW5k6kepump,believe,still believe,solana,0.0001396,,512,16384,32768,32768,131072,131072,,,19,10,1774980244000,pumpswap,REPEAT
2026-04-09T17:41:57.332Z,7bxWJngTKUgX7cY1RxKXmR1RdMNszJhZCXM8vzESpump,momiji,momiji,solana,0.00002977,256,8192,65536,131072,16384,32768,32768,11,5,127,75,1775699885000,pumpswap,REPEAT
2026-04-09T17:41:57.332Z,5qRgEsvn5hbHznbvPYwignf7r2GHRXAcuVUPmNgEpump,FTH,Flying Toilet Horse,solana,0.00003737,2048,32768,262144,262144,16384,32768,32768,22,15,336,291,1775743244000,pumpswap,REPEAT
2026-04-09T17:41:57.332Z,HHLYUhjNpygSpCTwHLn1riBQzKJfzaoFVAeVHSH8pump,BSPIKE,BABY SPIKE,solana,0.000002442,,32,65536,65536,,2048,2048,,,9,2,1775746844000,pumpfun,REPEAT
2026-04-09T17:41:57.332Z,9hHYYG9vwBBsp11Lo89xbH8QSHWzpXYpG2NykMkipump,MooYor,MooYor,solana,0.000002302,64,65536,1048576,1048576,4096,2048,2048,1,2,1128,5395,1775745206000,pumpswap,REPEAT
2026-04-09T17:41:57.332Z,3TDrNxtaReSocY9xthiwFGqRhor3YfwtQheLj8ARTVcn,イーロン,イーロン,solana,0.00002768,256,8192,131072,524288,16384,32768,32768,12,6,231,179,1775718445000,pumpswap,REPEAT
2026-04-09T17:41:57.332Z,5552z6Qp2xr596ox1UVN4ppDwwyjCfY8cXwzHMXgMcaS,MOLTING,Molting,solana,0.0007509,128,8192,65536,131072,65536,1048576,1048576,3,,53,44,1769857955000,orca,REPEAT
2026-04-09T17:41:57.332Z,HX2MBjZ9SJeMHmTAhQXs4U4bDaLP19W7LDKwEpHDpump,Doraemon,ドラえもん,solana,0.0001411,512,8192,32768,65536,32768,131072,131072,2,5,66,98,1775677779000,pumpswap,REPEAT
2026-04-09T17:41:57.332Z,34q2KmCvapecJgR6ZrtbCTrzZVtkt3a5mHEA3TuEsWYb,LOL,LOL,solana,0.007904,8192,131072,1048576,4194304,524288,8388608,8388608,62,50,746,636,1773878265000,pumpswap,REPEAT
2026-04-09T17:41:57.332Z,5qRgEsvn5hbHznbvPYwignf7r2GHRXAcuVUPmNgEpump,FTH,Flying Toilet Horse,solana,0.00003737,2048,32768,262144,262144,16384,32768,32768,22,15,336,291,1775743244000,pumpswap,REPEAT
2026-04-09T17:41:57.332Z,5qRgEsvn5hbHznbvPYwignf7r2GHRXAcuVUPmNgEpump,FTH,Flying Toilet Horse,solana,0.00003737,2048,32768,262144,262144,16384,32768,32768,22,15,336,291,1775743244000,pumpswap,REPEAT
2026-04-09T17:41:57.332Z,EHgUx5N7QPowAk94Narv5hu59WdZwggiLra213p8pump,Eeffoc,Eeffoc the alien,solana,0.00001559,1,4096,65536,65536,8192,16384,16384,,1,95,67,1775742081000,pumpswap,REPEAT
2026-04-09T17:41:57.332Z,2DhnGmwu14KHLBxhKcvLR9XV4uZ6DzQJtducmtbzBAGS,POPDOG,POPDOG,solana,0.00002956,256,16384,131072,131072,16384,,,8,5,161,91,1775732609000,meteora,REPEAT
2026-04-09T17:41:57.332Z,3gyKT9K7uVBztNVoGqHZogGvLGAbfhD4MPfHZAeGpump,PEPIG,Pepig,solana,0.000004834,32,1024,65536,65536,4096,4096,4096,1,2,54,38,1775740092000,pumpswap,REPEAT
2026-04-09T17:41:57.332Z,2PEMMHRmj5Hs7N1JMLfx9T4AyM4VjwGDmkqq5WTwpump,GURA,Gawr Gura,solana,0.000002447,,256,1048576,1048576,4096,2048,2048,,,3,11,1775737018000,pumpswap,REPEAT
2026-04-09T17:41:57.332Z,EsvskEr51BM4LyFXuTn4dehMfVgUMZ55dBNxSbNXBAGS,GATO,El Gato,solana,0.00001899,64,2048,16384,262144,8192,16384,16384,1,1,25,37,1775702895000,meteora,REPEAT
2026-04-09T17:41:57.332Z,5qRgEsvn5hbHznbvPYwignf7r2GHRXAcuVUPmNgEpump,FTH,Flying Toilet Horse,solana,0.00003737,2048,32768,262144,262144,16384,32768,32768,22,15,336,291,1775743244000,pumpswap,REPEAT
2026-04-09T17:41:57.332Z,3gyKT9K7uVBztNVoGqHZogGvLGAbfhD4MPfHZAeGpump,PEPIG,Pepig,solana,0.000004834,32,1024,65536,65536,4096,4096,4096,1,2,54,38,1775740092000,pumpswap,REPEAT
2026-04-09T17:46:57.332Z,9MjRHK7iFSDco7EYMuU5L9sp9a9gPr7jTudzgTdNpump,笑哭猫,lmeow,solana,0.00002036,4096,131072,131072,131072,8192,16384,16384,63,35,1833,1465,1775754780000,pumpswap,REPEAT
2026-04-09T17:46:57.332Z,9SeCSdbPzz95KomGUGEV9Shn2zGXNmMJhE9J72Hipump,Iroha,イロハ,solana,0.002022,4096,131072,524288,2097152,131072,2097152,2097152,15,33,632,594,1775525060000,pumpswap,REPEAT
2026-04-09T17:46:57.332Z,5RXFKVXXmVaobpEBekXskTWdBmmvQL6KXAjPphnFpump,SDR,Strategic Defense Reserve,solana,0.00004237,,2048,2048,16384,16384,32768,32768,,,33,12,1775697755000,pumpswap,REPEAT
2026-04-09T17:46:57.332Z,9MjRHK7iFSDco7EYMuU5L9sp9a9gPr7jTudzgTdNpump,笑哭猫,lmeow,solana,0.00002036,4096,131072,131072,131072,8192,16384,16384,63,35,1833,1465,1775754780000,pumpswap,REPEAT
2026-04-09T17:46:57.332Z,C4uKznf7esEEaDcNQiXBBqA1j9w4P7sNYNH1DozApump,MOOYOR,หมูยอ,solana,0.0001650,256,16384,65536,131072,32768,131072,131072,2,2,127,117,1775139582000,pumpswap,REPEAT
2026-04-09T17:46:57.332Z,sB7SkzCotrxBNyCxcmKqDDKkUWQnJhaKprS6s9xpump,OPAL,Opal The Orangutan,solana,0.0001769,64,16384,65536,262144,32768,131072,131072,2,3,182,188,1775619801000,pumpswap,REPEAT
2026-04-09T17:46:57.332Z,9AEtb967xTMosjp9XFhvHLhscPNYgDWc15jFAZR8pump,RƎ́V,REVÉRSÉ SOCIETY,solana,0.0001277,128,2048,8192,131072,32768,131072,131072,1,1,38,22,1775691640000,pumpswap,REPEAT
2026-04-09T17:46:57.332Z,FfJikRuD1cPAS42ifYPMe1w42DR9bxPShenmhy5Ypump,JURDAN,Mikel Jurdan,solana,0.000002220,,256,524288,524288,4096,2048,2048,,,4,17,1775749206000,pumpswap,REPEAT
2026-04-09T17:46:57.332Z,Hon2rHAiqkcDtUzL5gA2vjXPr7T1MPCK2UT2AHKCpump,MAGA,Make Aliens Great Again ,solana,0.00006405,32,8192,16384,65536,16384,65536,65536,2,2,126,63,1771624966000,pumpswap,REPEAT
2026-04-09T17:46:57.332Z,7ZVJqzsPVoB2aSonJEW4jjvkBtwufMx41rZGryJ2pump,CHUD,Chud,solana,0.000003027,,256,262144,262144,4096,4096,4096,,,13,27,1775748170000,pumpswap,REPEAT
2026-04-09T17:46:57.332Z,9MjRHK7iFSDco7EYMuU5L9sp9a9gPr7jTudzgTdNpump,笑哭猫,lmeow,solana,0.00001903,4096,131072,131072,131072,8192,16384,16384,68,39,1838,1469,1775754780000,pumpswap,REPEAT
2026-04-09T17:46:57.332Z,EcsMm5VEgKz1HMkc47fLdF7Vy4vnUuoptdW5k6kepump,believe,still believe,solana,0.0001376,64,512,16384,32768,32768,131072,131072,,2,18,10,1774980244000,pumpswap,REPEAT
2026-04-09T17:46:57.332Z,7bxWJngTKUgX7cY1RxKXmR1RdMNszJhZCXM8vzESpump,momiji,momiji,solana,0.00002729,1024,8192,65536,131072,16384,32768,32768,24,9,145,86,1775699885000,pumpswap,REPEAT
2026-04-09T17:46:57.332Z,5qRgEsvn5hbHznbvPYwignf7r2GHRXAcuVUPmNgEpump,FTH,Flying Toilet Horse,solana,0.00004520,2048,32768,262144,262144,16384,32768,32768,28,16,319,277,1775743244000,pumpswap,REPEAT
2026-04-09T17:46:57.332Z,HHLYUhjNpygSpCTwHLn1riBQzKJfzaoFVAeVHSH8pump,BSPIKE,BABY SPIKE,solana,0.000002442,,32,65536,65536,,2048,2048,,,9,2,1775746844000,pumpfun,REPEAT
2026-04-09T17:46:57.332Z,9hHYYG9vwBBsp11Lo89xbH8QSHWzpXYpG2NykMkipump,MooYor,MooYor,solana,0.000002302,,32768,1048576,1048576,4096,2048,2048,,,349,5214,1775745206000,pumpswap,REPEAT
2026-04-09T17:46:57.332Z,3TDrNxtaReSocY9xthiwFGqRhor3YfwtQheLj8ARTVcn,イーロン,イーロン,solana,0.00002589,256,8192,131072,524288,16384,32768,32768,5,9,212,175,1775718445000,pumpswap,REPEAT
2026-04-09T17:46:57.332Z,5552z6Qp2xr596ox1UVN4ppDwwyjCfY8cXwzHMXgMcaS,MOLTING,Molting,solana,0.0007702,512,8192,65536,131072,65536,1048576,1048576,7,5,60,45,1769857955000,orca,REPEAT
2026-04-09T17:46:57.332Z,HX2MBjZ9SJeMHmTAhQXs4U4bDaLP19W7LDKwEpHDpump,Doraemon,ドラえもん,solana,0.0001412,512,8192,32768,65536,32768,131072,131072,4,8,64,97,1775677779000,pumpswap,REPEAT
2026-04-09T17:46:57.332Z,34q2KmCvapecJgR6ZrtbCTrzZVtkt3a5mHEA3TuEsWYb,LOL,LOL,solana,0.007880,8192,131072,1048576,4194304,524288,8388608,8388608,79,43,762,626,1773878265000,pumpswap,REPEAT
2026-04-09T17:46:57.332Z,5qRgEsvn5hbHznbvPYwignf7r2GHRXAcuVUPmNgEpump,FTH,Flying Toilet Horse,solana,0.00004520,2048,32768,262144,262144,16384,32768,32768,28,16,319,277,1775743244000,pumpswap,REPEAT
2026-04-09T17:46:57.332Z,5qRgEsvn5hbHznbvPYwignf7r2GHRXAcuVUPmNgEpump,FTH,Flying Toilet Horse,solana,0.00004520,2048,32768,262144,262144,16384,32768,32768,28,16,319,277,1775743244000,pumpswap,REPEAT
2026-04-09T17:46:57.332Z,EHgUx5N7QPowAk94Narv5hu59WdZwggiLra213p8pump,Eeffoc,Eeffoc the alien,solana,0.00001534,32,2048,65536,65536,8192,16384,16384,,2,94,59,1775742081000,pumpswap,REPEAT
2026-04-09T17:46:57.332Z,2DhnGmwu14KHLBxhKcvLR9XV4uZ6DzQJtducmtbzBAGS,POPDOG,POPDOG,solana,0.00003205,256,16384,131072,131072,16384,,,6,3,165,91,1775732609000,meteora,REPEAT
2026-04-09T17:46:57.332Z,3gyKT9K7uVBztNVoGqHZogGvLGAbfhD4MPfHZAeGpump,PEPIG,Pepig,solana,0.000004798,8,1024,65536,65536,4096,4096,4096,1,3,45,38,1775740092000,pumpswap,REPEAT
2026-04-09T17:46:57.332Z,2PEMMHRmj5Hs7N1JMLfx9T4AyM4VjwGDmkqq5WTwpump,GURA,Gawr Gura,solana,0.000002471,2,256,1048576,1048576,4096,2048,2048,1,,4,11,1775737018000,pumpswap,REPEAT
2026-04-09T17:46:57.332Z,EsvskEr51BM4LyFXuTn4dehMfVgUMZ55dBNxSbNXBAGS,GATO,El Gato,solana,0.00001888,64,2048,16384,262144,8192,16384,16384,2,1,26,36,1775702895000,meteora,REPEAT
2026-04-09T17:46:57.332Z,5qRgEsvn5hbHznbvPYwignf7r2GHRXAcuVUPmNgEpump,FTH,Flying Toilet Horse,solana,0.00004520,2048,32768,262144,262144,16384,32768,32768,28,16,319,277,1775743244000,pumpswap,REPEAT
2026-04-09T17:51:57.333Z,9MjRHK7iFSDco7EYMuU5L9sp9a9gPr7jTudzgTdNpump,笑哭猫,lmeow,solana,0.00001961,2048,131072,131072,131072,8192,16384,16384,38,36,1882,1507,1775754780000,pumpswap,REPEAT
2026-04-09T17:51:57.333Z,9SeCSdbPzz95KomGUGEV9Shn2zGXNmMJhE9J72Hipump,Iroha,イロハ,solana,0.002082,4096,131072,524288,2097152,131072,2097152,2097152,34,30,646,612,1775525060000,pumpswap,REPEAT
2026-04-09T17:51:57.333Z,5RXFKVXXmVaobpEBekXskTWdBmmvQL6KXAjPphnFpump,SDR,Strategic Defense Reserve,solana,0.00004218,32,2048,2048,16384,16384,32768,32768,,1,32,13,1775697755000,pumpswap,REPEAT
2026-04-09T17:51:57.333Z,9MjRHK7iFSDco7EYMuU5L9sp9a9gPr7jTudzgTdNpump,笑哭猫,lmeow,solana,0.00001961,2048,131072,131072,131072,8192,16384,16384,38,36,1882,1507,1775754780000,pumpswap,REPEAT
2026-04-09T17:51:57.333Z,C4uKznf7esEEaDcNQiXBBqA1j9w4P7sNYNH1DozApump,MOOYOR,หมูยอ,solana,0.0001612,256,8192,65536,131072,32768,131072,131072,5,3,128,102,1775139582000,pumpswap,REPEAT
2026-04-09T17:51:57.333Z,sB7SkzCotrxBNyCxcmKqDDKkUWQnJhaKprS6s9xpump,OPAL,Opal The Orangutan,solana,0.0001746,128,16384,65536,262144,32768,131072,131072,3,5,178,183,1775619801000,pumpswap,REPEAT
2026-04-09T17:51:57.333Z,9AEtb967xTMosjp9XFhvHLhscPNYgDWc15jFAZR8pump,RƎ́V,REVÉRSÉ SOCIETY,solana,0.0001399,1024,2048,8192,131072,32768,131072,131072,29,5,66,26,1775691640000,pumpswap,REPEAT
2026-04-09T17:51:57.333Z,FfJikRuD1cPAS42ifYPMe1w42DR9bxPShenmhy5Ypump,JURDAN,Mikel Jurdan,solana,0.000002220,,128,524288,524288,4096,2048,2048,,,2,15,1775749206000,pumpswap,REPEAT
2026-04-09T17:51:57.333Z,Hon2rHAiqkcDtUzL5gA2vjXPr7T1MPCK2UT2AHKCpump,MAGA,Make Aliens Great Again ,solana,0.00006326,512,8192,16384,65536,16384,65536,65536,11,11,115,69,1771624966000,pumpswap,REPEAT
2026-04-09T17:51:57.333Z,7ZVJqzsPVoB2aSonJEW4jjvkBtwufMx41rZGryJ2pump,CHUD,Chud,solana,0.000003027,,256,262144,262144,4096,4096,4096,,,13,26,1775748170000,pumpswap,REPEAT
2026-04-09T17:51:57.333Z,9MjRHK7iFSDco7EYMuU5L9sp9a9gPr7jTudzgTdNpump,笑哭猫,lmeow,solana,0.00001674,2048,131072,131072,131072,8192,16384,16384,42,40,1886,1511,1775754780000,pumpswap,REPEAT
2026-04-09T17:51:57.333Z,EcsMm5VEgKz1HMkc47fLdF7Vy4vnUuoptdW5k6kepump,believe,still believe,solana,0.0001389,8,512,16384,32768,32768,131072,131072,1,,18,9,1774980244000,pumpswap,REPEAT
2026-04-09T17:51:57.333Z,7bxWJngTKUgX7cY1RxKXmR1RdMNszJhZCXM8vzESpump,momiji,momiji,solana,0.00002851,128,8192,65536,131072,16384,32768,32768,2,1,135,86,1775699885000,pumpswap,REPEAT
2026-04-09T17:51:57.333Z,5qRgEsvn5hbHznbvPYwignf7r2GHRXAcuVUPmNgEpump,FTH,Flying Toilet Horse,solana,0.00003808,2048,32768,262144,262144,16384,32768,32768,22,22,288,262,1775743244000,pumpswap,REPEAT
2026-04-09T17:51:57.333Z,HHLYUhjNpygSpCTwHLn1riBQzKJfzaoFVAeVHSH8pump,BSPIKE,BABY SPIKE,solana,0.000002442,,16,65536,65536,,2048,2048,,,6,1,1775746844000,pumpfun,REPEAT
2026-04-09T17:51:57.333Z,9hHYYG9vwBBsp11Lo89xbH8QSHWzpXYpG2NykMkipump,MooYor,MooYor,solana,0.000002330,2,1024,1048576,1048576,4096,2048,2048,1,,29,4237,1775745206000,pumpswap,REPEAT
2026-04-09T17:51:57.333Z,3TDrNxtaReSocY9xthiwFGqRhor3YfwtQheLj8ARTVcn,イーロン,イーロン,solana,0.00002605,128,8192,131072,524288,16384,32768,32768,4,6,194,162,1775718445000,pumpswap,REPEAT
2026-04-09T17:51:57.333Z,5552z6Qp2xr596ox1UVN4ppDwwyjCfY8cXwzHMXgMcaS,MOLTING,Molting,solana,0.0007573,512,8192,65536,131072,65536,1048576,1048576,3,4,57,44,1769857955000,orca,REPEAT
2026-04-09T17:51:57.333Z,HX2MBjZ9SJeMHmTAhQXs4U4bDaLP19W7LDKwEpHDpump,Doraemon,ドラえもん,solana,0.0001403,256,8192,32768,65536,32768,131072,131072,4,3,59,92,1775677779000,pumpswap,REPEAT
2026-04-09T17:51:57.333Z,34q2KmCvapecJgR6ZrtbCTrzZVtkt3a5mHEA3TuEsWYb,LOL,LOL,solana,0.007729,16384,131072,1048576,4194304,524288,8388608,8388608,72,57,777,629,1773878265000,pumpswap,REPEAT
2026-04-09T17:51:57.333Z,5qRgEsvn5hbHznbvPYwignf7r2GHRXAcuVUPmNgEpump,FTH,Flying Toilet Horse,solana,0.00003808,2048,32768,262144,262144,16384,32768,32768,22,22,288,262,1775743244000,pumpswap,REPEAT
2026-04-09T17:51:57.333Z,5qRgEsvn5hbHznbvPYwignf7r2GHRXAcuVUPmNgEpump,FTH,Flying Toilet Horse,solana,0.00003808,2048,32768,262144,262144,16384,32768,32768,22,22,288,262,1775743244000,pumpswap,REPEAT
2026-04-09T17:51:57.333Z,EHgUx5N7QPowAk94Narv5hu59WdZwggiLra213p8pump,Eeffoc,Eeffoc the alien,solana,0.00001587,64,2048,65536,65536,8192,16384,16384,1,2,90,58,1775742081000,pumpswap,REPEAT
2026-04-09T17:51:57.333Z,2DhnGmwu14KHLBxhKcvLR9XV4uZ6DzQJtducmtbzBAGS,POPDOG,POPDOG,solana,0.00004634,2048,16384,131072,131072,16384,,,18,9,177,101,1775732609000,meteora,REPEAT
2026-04-09T17:51:57.333Z,3gyKT9K7uVBztNVoGqHZogGvLGAbfhD4MPfHZAeGpump,PEPIG,Pepig,solana,0.000004798,,1024,65536,65536,4096,4096,4096,,,40,34,1775740092000,pumpswap,REPEAT
2026-04-09T17:51:57.333Z,2PEMMHRmj5Hs7N1JMLfx9T4AyM4VjwGDmkqq5WTwpump,GURA,Gawr Gura,solana,0.000002474,2,256,1048576,1048576,4096,2048,2048,1,,5,11,1775737018000,pumpswap,REPEAT
2026-04-09T17:51:57.333Z,EsvskEr51BM4LyFXuTn4dehMfVgUMZ55dBNxSbNXBAGS,GATO,El Gato,solana,0.00001893,1,2048,16384,262144,8192,16384,16384,,1,25,35,1775702895000,meteora,REPEAT
2026-04-09T17:56:57.332Z,41QbtLKqJmPCP5TmnHx9pVQtwCGDc1GV5A4WVfy9pump,MOODUANG,Moo Duang,solana,0.00002466,128,8192,32768,32768,16384,32768,32768,4,5,124,101,1775743897000,pumpswap,NEW
2026-04-09T17:56:57.332Z,13GUK7F6Zi55PrCoxcJwNaR189uishNATLStt4tuE4R,PEPETF,Pepe ETF,solana,0.00002013,2048,65536,65536,65536,8192,16384,16384,24,23,817,553,1775754427000,pumpswap,NEW
2026-04-09T17:56:57.332Z,54VKrYFsL3BdeDu2yRMVM9GbHrXkxcVAULX5RxA5pump,LAIKA,Laika The Space Dog,solana,0.00008819,32768,131072,131072,131072,16384,65536,65536,2377,247,6514,731,1775756664000,pumpswap,NEW
2026-04-09T17:56:57.332Z,9MjRHK7iFSDco7EYMuU5L9sp9a9gPr7jTudzgTdNpump,笑哭猫,lmeow,solana,0.00001332,2048,131072,131072,131072,8192,16384,16384,57,45,1943,1556,1775754780000,pumpswap,REPEAT
2026-04-09T17:56:57.332Z,9SeCSdbPzz95KomGUGEV9Shn2zGXNmMJhE9J72Hipump,Iroha,イロハ,solana,0.002093,8192,131072,524288,2097152,131072,2097152,2097152,23,28,644,599,1775525060000,pumpswap,REPEAT
2026-04-09T17:56:57.332Z,5RXFKVXXmVaobpEBekXskTWdBmmvQL6KXAjPphnFpump,SDR,Strategic Defense Reserve,solana,0.00004218,,2048,2048,16384,16384,32768,32768,,,32,13,1775697755000,pumpswap,REPEAT
2026-04-09T17:56:57.332Z,9MjRHK7iFSDco7EYMuU5L9sp9a9gPr7jTudzgTdNpump,笑哭猫,lmeow,solana,0.00001529,2048,131072,131072,131072,8192,16384,16384,65,48,1951,1559,1775754780000,pumpswap,REPEAT
2026-04-09T17:56:57.332Z,C4uKznf7esEEaDcNQiXBBqA1j9w4P7sNYNH1DozApump,MOOYOR,หมูยอ,solana,0.0001645,64,8192,65536,131072,32768,131072,131072,,3,105,95,1775139582000,pumpswap,REPEAT
2026-04-09T17:56:57.332Z,sB7SkzCotrxBNyCxcmKqDDKkUWQnJhaKprS6s9xpump,OPAL,Opal The Orangutan,solana,0.0001773,64,16384,65536,262144,32768,131072,131072,3,2,164,168,1775619801000,pumpswap,REPEAT
2026-04-09T17:56:57.332Z,9AEtb967xTMosjp9XFhvHLhscPNYgDWc15jFAZR8pump,RƎ́V,REVÉRSÉ SOCIETY,solana,0.0001361,128,2048,8192,131072,32768,131072,131072,2,4,68,30,1775691640000,pumpswap,REPEAT
2026-04-09T17:56:57.332Z,FfJikRuD1cPAS42ifYPMe1w42DR9bxPShenmhy5Ypump,JURDAN,Mikel Jurdan,solana,0.000002217,4,128,524288,524288,4096,2048,2048,,1,2,13,1775749206000,pumpswap,REPEAT
2026-04-09T17:56:57.332Z,Hon2rHAiqkcDtUzL5gA2vjXPr7T1MPCK2UT2AHKCpump,MAGA,Make Aliens Great Again ,solana,0.00006444,16,4096,16384,65536,16384,65536,65536,1,,93,60,1771624966000,pumpswap,REPEAT
2026-04-09T17:56:57.332Z,7ZVJqzsPVoB2aSonJEW4jjvkBtwufMx41rZGryJ2pump,CHUD,Chud,solana,0.000003009,16,256,262144,262144,4096,4096,4096,,1,11,24,1775748170000,pumpswap,REPEAT
2026-04-09T17:56:57.332Z,9MjRHK7iFSDco7EYMuU5L9sp9a9gPr7jTudzgTdNpump,笑哭猫,lmeow,solana,0.00001529,2048,131072,131072,131072,8192,16384,16384,65,48,1951,1559,1775754780000,pumpswap,REPEAT
2026-04-09T17:56:57.332Z,EcsMm5VEgKz1HMkc47fLdF7Vy4vnUuoptdW5k6kepump,believe,still believe,solana,0.0001369,64,512,16384,32768,32768,131072,131072,,1,18,9,1774980244000,pumpswap,REPEAT
2026-04-09T17:56:57.332Z,7bxWJngTKUgX7cY1RxKXmR1RdMNszJhZCXM8vzESpump,momiji,momiji,solana,0.00002944,256,8192,65536,131072,16384,32768,32768,5,12,134,89,1775699885000,pumpswap,REPEAT
2026-04-09T17:56:57.332Z,5qRgEsvn5hbHznbvPYwignf7r2GHRXAcuVUPmNgEpump,FTH,Flying Toilet Horse,solana,0.00003864,2048,32768,262144,262144,16384,32768,32768,24,7,295,250,1775743244000,pumpswap,REPEAT
2026-04-09T17:56:57.332Z,HHLYUhjNpygSpCTwHLn1riBQzKJfzaoFVAeVHSH8pump,BSPIKE,BABY SPIKE,solana,0.000002442,,16,65536,65536,,2048,2048,,,6,1,1775746844000,pumpfun,REPEAT
2026-04-09T17:56:57.332Z,9hHYYG9vwBBsp11Lo89xbH8QSHWzpXYpG2NykMkipump,MooYor,MooYor,solana,0.000002242,32,512,1048576,1048576,4096,2048,2048,,3,22,42,1775745206000,pumpswap,REPEAT
2026-04-09T17:56:57.332Z,3TDrNxtaReSocY9xthiwFGqRhor3YfwtQheLj8ARTVcn,イーロン,イーロン,solana,0.00002609,256,8192,131072,524288,16384,32768,32768,6,7,191,161,1775718445000,pumpswap,REPEAT
2026-04-09T17:56:57.332Z,5552z6Qp2xr596ox1UVN4ppDwwyjCfY8cXwzHMXgMcaS,MOLTING,Molting,solana,0.0007757,1024,8192,65536,131072,65536,1048576,1048576,12,12,65,53,1769857955000,orca,REPEAT
2026-04-09T17:56:57.332Z,HX2MBjZ9SJeMHmTAhQXs4U4bDaLP19W7LDKwEpHDpump,Doraemon,ドラえもん,solana,0.0001484,512,8192,32768,65536,32768,131072,131072,10,9,65,89,1775677779000,pumpswap,REPEAT
2026-04-09T17:56:57.332Z,34q2KmCvapecJgR6ZrtbCTrzZVtkt3a5mHEA3TuEsWYb,LOL,LOL,solana,0.007748,8192,131072,1048576,4194304,524288,8388608,8388608,57,40,773,611,1773878265000,pumpswap,REPEAT
2026-04-09T17:56:57.332Z,5qRgEsvn5hbHznbvPYwignf7r2GHRXAcuVUPmNgEpump,FTH,Flying Toilet Horse,solana,0.00003864,2048,32768,262144,262144,16384,32768,32768,24,7,295,250,1775743244000,pumpswap,REPEAT
2026-04-09T17:56:57.332Z,5qRgEsvn5hbHznbvPYwignf7r2GHRXAcuVUPmNgEpump,FTH,Flying Toilet Horse,solana,0.00003864,2048,32768,262144,262144,16384,32768,32768,24,7,295,250,1775743244000,pumpswap,REPEAT
2026-04-09T17:56:57.332Z,EHgUx5N7QPowAk94Narv5hu59WdZwggiLra213p8pump,Eeffoc,Eeffoc the alien,solana,0.00001398,512,2048,65536,65536,8192,16384,16384,1,11,65,62,1775742081000,pumpswap,REPEAT
2026-04-09T17:56:57.332Z,2DhnGmwu14KHLBxhKcvLR9XV4uZ6DzQJtducmtbzBAGS,POPDOG,POPDOG,solana,0.00003928,128,16384,65536,131072,16384,,,3,8,179,111,1775732609000,meteora,REPEAT
2026-04-09T17:56:57.332Z,3gyKT9K7uVBztNVoGqHZogGvLGAbfhD4MPfHZAeGpump,PEPIG,Pepig,solana,0.000004192,64,1024,65536,65536,4096,4096,4096,,2,35,36,1775740092000,pumpswap,REPEAT
2026-04-09T18:01:57.333Z,41QbtLKqJmPCP5TmnHx9pVQtwCGDc1GV5A4WVfy9pump,MOODUANG,Moo Duang,solana,0.00002462,64,8192,32768,32768,16384,32768,32768,2,3,111,96,1775743897000,pumpswap,REPEAT
2026-04-09T18:01:57.333Z,13GUK7F6Zi55PrCoxcJwNaR189uishNATLStt4tuE4R,PEPETF,Pepe ETF,solana,0.00001719,1024,65536,65536,65536,8192,16384,16384,47,17,867,578,1775754427000,pumpswap,REPEAT
2026-04-09T18:01:57.333Z,54VKrYFsL3BdeDu2yRMVM9GbHrXkxcVAULX5RxA5pump,LAIKA,Laika The Space Dog,solana,0.0001095,32768,131072,131072,131072,32768,131072,131072,1660,231,8392,987,1775756664000,pumpswap,REPEAT
2026-04-09T18:01:57.333Z,9MjRHK7iFSDco7EYMuU5L9sp9a9gPr7jTudzgTdNpump,笑哭猫,lmeow,solana,0.00001694,512,131072,131072,131072,8192,16384,16384,19,9,1973,1568,1775754780000,pumpswap,REPEAT
2026-04-09T18:01:57.333Z,9SeCSdbPzz95KomGUGEV9Shn2zGXNmMJhE9J72Hipump,Iroha,イロハ,solana,0.002000,16384,131072,524288,2097152,131072,2097152,2097152,57,51,673,628,1775525060000,pumpswap,REPEAT
2026-04-09T18:01:57.333Z,5RXFKVXXmVaobpEBekXskTWdBmmvQL6KXAjPphnFpump,SDR,Strategic Defense Reserve,solana,0.00004252,256,2048,2048,16384,16384,32768,32768,1,1,33,14,1775697755000,pumpswap,REPEAT
2026-04-09T18:01:57.333Z,9MjRHK7iFSDco7EYMuU5L9sp9a9gPr7jTudzgTdNpump,笑哭猫,lmeow,solana,0.00001694,512,131072,131072,131072,8192,16384,16384,19,9,1973,1568,1775754780000,pumpswap,REPEAT
2026-04-09T18:01:57.333Z,C4uKznf7esEEaDcNQiXBBqA1j9w4P7sNYNH1DozApump,MOOYOR,หมูยอ,solana,0.0001644,64,8192,65536,131072,32768,131072,131072,2,2,81,72,1775139582000,pumpswap,REPEAT
2026-04-09T18:01:57.333Z,sB7SkzCotrxBNyCxcmKqDDKkUWQnJhaKprS6s9xpump,OPAL,Opal The Orangutan,solana,0.0001767,128,16384,65536,262144,32768,131072,131072,2,2,146,149,1775619801000,pumpswap,REPEAT
2026-04-09T18:01:57.333Z,9AEtb967xTMosjp9XFhvHLhscPNYgDWc15jFAZR8pump,RƎ́V,REVÉRSÉ SOCIETY,solana,0.0001389,512,4096,8192,131072,32768,131072,131072,5,2,71,32,1775691640000,pumpswap,REPEAT
2026-04-09T18:01:57.333Z,FfJikRuD1cPAS42ifYPMe1w42DR9bxPShenmhy5Ypump,JURDAN,Mikel Jurdan,solana,0.000002218,0,128,524288,524288,4096,2048,2048,,1,1,13,1775749206000,pumpswap,REPEAT
2026-04-09T18:01:57.333Z,Hon2rHAiqkcDtUzL5gA2vjXPr7T1MPCK2UT2AHKCpump,MAGA,Make Aliens Great Again ,solana,0.00006596,256,4096,16384,65536,16384,65536,65536,1,,71,49,1771624966000,pumpswap,REPEAT
2026-04-09T18:01:57.333Z,7ZVJqzsPVoB2aSonJEW4jjvkBtwufMx41rZGryJ2pump,CHUD,Chud,solana,0.000002841,64,256,262144,262144,4096,2048,2048,2,3,5,23,1775748170000,pumpswap,REPEAT
2026-04-09T18:01:57.333Z,9MjRHK7iFSDco7EYMuU5L9sp9a9gPr7jTudzgTdNpump,笑哭猫,lmeow,solana,0.00001694,512,131072,131072,131072,8192,16384,16384,19,9,1973,1568,1775754780000,pumpswap,REPEAT
2026-04-09T18:01:57.333Z,EcsMm5VEgKz1HMkc47fLdF7Vy4vnUuoptdW5k6kepump,believe,still believe,solana,0.0001383,16,512,16384,32768,32768,131072,131072,1,,19,8,1774980244000,pumpswap,REPEAT
2026-04-09T18:01:57.333Z,7bxWJngTKUgX7cY1RxKXmR1RdMNszJhZCXM8vzESpump,momiji,momiji,solana,0.00002706,1024,8192,65536,131072,16384,32768,32768,14,8,149,87,1775699885000,pumpswap,REPEAT
2026-04-09T18:01:57.333Z,5qRgEsvn5hbHznbvPYwignf7r2GHRXAcuVUPmNgEpump,FTH,Flying Toilet Horse,solana,0.00004186,2048,32768,262144,262144,16384,32768,32768,21,19,280,243,1775743244000,pumpswap,REPEAT
2026-04-09T18:01:57.333Z,HHLYUhjNpygSpCTwHLn1riBQzKJfzaoFVAeVHSH8pump,BSPIKE,BABY SPIKE,solana,0.000002442,,16,65536,65536,,2048,2048,,,5,,1775746844000,pumpfun,REPEAT
2026-04-09T18:01:57.333Z,9hHYYG9vwBBsp11Lo89xbH8QSHWzpXYpG2NykMkipump,MooYor,MooYor,solana,0.000002322,16,512,1048576,1048576,4096,2048,2048,2,,20,32,1775745206000,pumpswap,REPEAT
2026-04-09T18:01:57.333Z,3TDrNxtaReSocY9xthiwFGqRhor3YfwtQheLj8ARTVcn,イーロン,イーロン,solana,0.00002693,256,8192,131072,524288,16384,32768,32768,10,7,184,160,1775718445000,pumpswap,REPEAT
2026-04-09T18:01:57.333Z,5552z6Qp2xr596ox1UVN4ppDwwyjCfY8cXwzHMXgMcaS,MOLTING,Molting,solana,0.0008316,2048,8192,65536,131072,65536,1048576,1048576,12,22,76,70,1769857955000,orca,REPEAT
2026-04-09T18:01:57.333Z,HX2MBjZ9SJeMHmTAhQXs4U4bDaLP19W7LDKwEpHDpump,Doraemon,ドラえもん,solana,0.0001463,512,8192,32768,65536,32768,131072,131072,5,13,63,93,1775677779000,pumpswap,REPEAT
2026-04-09T18:01:57.333Z,34q2KmCvapecJgR6ZrtbCTrzZVtkt3a5mHEA3TuEsWYb,LOL,LOL,solana,0.007788,8192,131072,1048576,4194304,524288,8388608,8388608,58,53,769,618,1773878265000,pumpswap,REPEAT
2026-04-09T18:01:57.333Z,5qRgEsvn5hbHznbvPYwignf7r2GHRXAcuVUPmNgEpump,FTH,Flying Toilet Horse,solana,0.00004186,2048,32768,262144,262144,16384,32768,32768,21,19,280,243,1775743244000,pumpswap,REPEAT
2026-04-09T18:01:57.333Z,5qRgEsvn5hbHznbvPYwignf7r2GHRXAcuVUPmNgEpump,FTH,Flying Toilet Horse,solana,0.00004186,2048,32768,262144,262144,16384,32768,32768,21,19,280,243,1775743244000,pumpswap,REPEAT
2026-04-09T18:01:57.333Z,EHgUx5N7QPowAk94Narv5hu59WdZwggiLra213p8pump,Eeffoc,Eeffoc the alien,solana,0.00001395,8,2048,65536,65536,8192,16384,16384,,1,55,56,1775742081000,pumpswap,REPEAT
2026-04-09T18:01:57.333Z,2DhnGmwu14KHLBxhKcvLR9XV4uZ6DzQJtducmtbzBAGS,POPDOG,POPDOG,solana,0.00002495,256,16384,65536,131072,8192,,,2,10,202,123,1775732609000,meteora,REPEAT
2026-04-09T18:01:57.333Z,3gyKT9K7uVBztNVoGqHZogGvLGAbfhD4MPfHZAeGpump,PEPIG,Pepig,solana,0.000004217,16,1024,65536,65536,4096,4096,4096,1,1,18,36,1775740092000,pumpswap,REPEAT
2026-04-09T18:06:57.333Z,2Qp8zANZK7pjxNTDZh7EqLVG4MpvGty1hvHDTXaiBAGS,ONBOARD,ONBOARD,solana,0.00001869,,256,4096,65536,,16384,16384,,,4,4,1775683438000,bags,NEW
2026-04-09T18:06:57.333Z,QT5pHWLS4DNe2s1PZDLWEjKn4rDXNqnk9D7AWe57cap,CAP,CapCat,solana,0.00002774,16384,131072,131072,131072,16384,32768,32768,324,224,2006,1213,1775757287000,pumpswap,NEW
2026-04-09T18:06:57.333Z,8u8g93eEuXpe2SsUFAHGdr94irDLATpafjVipAMbpump,AZKi,AZKi,solana,0.00008350,16384,131072,131072,131072,16384,65536,65536,720,116,6331,804,1775755985000,pumpswap,NEW
2026-04-09T18:06:57.333Z,41QbtLKqJmPCP5TmnHx9pVQtwCGDc1GV5A4WVfy9pump,MOODUANG,Moo Duang,solana,0.00002659,256,4096,32768,32768,16384,32768,32768,14,2,113,99,1775743897000,pumpswap,REPEAT
2026-04-09T18:06:57.333Z,13GUK7F6Zi55PrCoxcJwNaR189uishNATLStt4tuE4R,PEPETF,Pepe ETF,solana,0.00002166,2048,65536,65536,65536,8192,16384,16384,45,32,913,616,1775754427000,pumpswap,REPEAT
2026-04-09T18:06:57.333Z,54VKrYFsL3BdeDu2yRMVM9GbHrXkxcVAULX5RxA5pump,LAIKA,Laika The Space Dog,solana,0.0001149,32768,262144,262144,262144,32768,131072,131072,1132,209,9632,1220,1775756664000,pumpswap,REPEAT
2026-04-09T18:06:57.333Z,9MjRHK7iFSDco7EYMuU5L9sp9a9gPr7jTudzgTdNpump,笑哭猫,lmeow,solana,0.00001819,2048,131072,131072,131072,8192,16384,16384,39,29,2014,1599,1775754780000,pumpswap,REPEAT
2026-04-09T18:06:57.333Z,9SeCSdbPzz95KomGUGEV9Shn2zGXNmMJhE9J72Hipump,Iroha,イロハ,solana,0.001900,4096,131072,524288,2097152,131072,2097152,2097152,37,25,684,613,1775525060000,pumpswap,REPEAT
2026-04-09T18:06:57.333Z,5RXFKVXXmVaobpEBekXskTWdBmmvQL6KXAjPphnFpump,SDR,Strategic Defense Reserve,solana,0.00004252,,2048,2048,16384,16384,32768,32768,,,33,14,1775697755000,pumpswap,REPEAT
2026-04-09T18:06:57.333Z,9MjRHK7iFSDco7EYMuU5L9sp9a9gPr7jTudzgTdNpump,笑哭猫,lmeow,solana,0.00001819,2048,131072,131072,131072,8192,16384,16384,39,29,2014,1599,1775754780000,pumpswap,REPEAT
2026-04-09T18:06:57.333Z,C4uKznf7esEEaDcNQiXBBqA1j9w4P7sNYNH1DozApump,MOOYOR,หมูยอ,solana,0.0001635,64,4096,65536,131072,32768,131072,131072,3,2,64,62,1775139582000,pumpswap,REPEAT
2026-04-09T18:06:57.333Z,sB7SkzCotrxBNyCxcmKqDDKkUWQnJhaKprS6s9xpump,OPAL,Opal The Orangutan,solana,0.0001842,2048,16384,65536,262144,32768,131072,131072,15,11,145,145,1775619801000,pumpswap,REPEAT
2026-04-09T18:06:57.333Z,9AEtb967xTMosjp9XFhvHLhscPNYgDWc15jFAZR8pump,RƎ́V,REVÉRSÉ SOCIETY,solana,0.0001372,128,4096,8192,131072,32768,131072,131072,1,1,67,32,1775691640000,pumpswap,REPEAT
2026-04-09T18:06:57.333Z,FfJikRuD1cPAS42ifYPMe1w42DR9bxPShenmhy5Ypump,JURDAN,Mikel Jurdan,solana,0.000002218,,128,524288,524288,4096,2048,2048,,,1,10,1775749206000,pumpswap,REPEAT
2026-04-09T18:06:57.333Z,Hon2rHAiqkcDtUzL5gA2vjXPr7T1MPCK2UT2AHKCpump,MAGA,Make Aliens Great Again ,solana,0.00006650,64,4096,16384,65536,16384,65536,65536,2,2,55,42,1771624966000,pumpswap,REPEAT
2026-04-09T18:06:57.333Z,7ZVJqzsPVoB2aSonJEW4jjvkBtwufMx41rZGryJ2pump,CHUD,Chud,solana,0.000002836,0,128,262144,262144,4096,2048,2048,,1,3,22,1775748170000,pumpswap,REPEAT
2026-04-09T18:06:57.333Z,9MjRHK7iFSDco7EYMuU5L9sp9a9gPr7jTudzgTdNpump,笑哭猫,lmeow,solana,0.00001819,2048,131072,131072,131072,8192,16384,16384,39,29,2014,1599,1775754780000,pumpswap,REPEAT
2026-04-09T18:06:57.333Z,EcsMm5VEgKz1HMkc47fLdF7Vy4vnUuoptdW5k6kepump,believe,still believe,solana,0.0001364,4,512,16384,32768,32768,131072,131072,,1,18,8,1774980244000,pumpswap,REPEAT
2026-04-09T18:06:57.333Z,7bxWJngTKUgX7cY1RxKXmR1RdMNszJhZCXM8vzESpump,momiji,momiji,solana,0.00002572,512,8192,65536,131072,16384,32768,32768,6,4,145,81,1775699885000,pumpswap,REPEAT
2026-04-09T18:06:57.333Z,5qRgEsvn5hbHznbvPYwignf7r2GHRXAcuVUPmNgEpump,FTH,Flying Toilet Horse,solana,0.00004452,512,16384,262144,262144,16384,32768,32768,5,25,261,239,1775743244000,pumpswap,REPEAT
2026-04-09T18:06:57.333Z,HHLYUhjNpygSpCTwHLn1riBQzKJfzaoFVAeVHSH8pump,BSPIKE,BABY SPIKE,solana,0.000002449,8,32,65536,65536,,2048,2048,1,1,6,1,1775746844000,pumpfun,REPEAT
2026-04-09T18:06:57.333Z,9hHYYG9vwBBsp11Lo89xbH8QSHWzpXYpG2NykMkipump,MooYor,MooYor,solana,0.000002322,,256,1048576,1048576,4096,2048,2048,,,14,22,1775745206000,pumpswap,REPEAT
2026-04-09T18:06:57.333Z,3TDrNxtaReSocY9xthiwFGqRhor3YfwtQheLj8ARTVcn,イーロン,イーロン,solana,0.00002832,128,8192,131072,524288,16384,32768,32768,6,5,165,146,1775718445000,pumpswap,REPEAT
2026-04-09T18:06:57.333Z,5552z6Qp2xr596ox1UVN4ppDwwyjCfY8cXwzHMXgMcaS,MOLTING,Molting,solana,0.0008311,2048,8192,65536,131072,65536,1048576,1048576,6,12,69,79,1769857955000,orca,REPEAT
2026-04-09T18:06:57.333Z,HX2MBjZ9SJeMHmTAhQXs4U4bDaLP19W7LDKwEpHDpump,Doraemon,ドラえもん,solana,0.0001455,512,8192,32768,65536,32768,131072,131072,3,4,58,85,1775677779000,pumpswap,REPEAT
2026-04-09T18:06:57.333Z,34q2KmCvapecJgR6ZrtbCTrzZVtkt3a5mHEA3TuEsWYb,LOL,LOL,solana,0.007641,8192,131072,1048576,4194304,524288,8388608,8388608,82,53,800,622,1773878265000,pumpswap,REPEAT
2026-04-09T18:06:57.333Z,5qRgEsvn5hbHznbvPYwignf7r2GHRXAcuVUPmNgEpump,FTH,Flying Toilet Horse,solana,0.00004452,512,16384,262144,262144,16384,32768,32768,5,25,261,239,1775743244000,pumpswap,REPEAT
2026-04-09T18:06:57.333Z,5qRgEsvn5hbHznbvPYwignf7r2GHRXAcuVUPmNgEpump,FTH,Flying Toilet Horse,solana,0.00004452,512,16384,262144,262144,16384,32768,32768,5,25,261,239,1775743244000,pumpswap,REPEAT
2026-04-09T18:11:57.332Z,7o1chhM3YW9EJsW7vZR4xRsPsinz5nm1iMtHYe9kpump,Tilly G,Tilly G,solana,0.00009083,32768,131072,131072,131072,32768,65536,65536,923,148,8509,1128,1775756625000,pumpswap,NEW
2026-04-09T18:11:57.332Z,GHpK2bcd2eheHvwd51F671RYqmiSX4bGvCtuPNLJpump,FWEG,FWEG,solana,0.00007176,32768,32768,32768,32768,16384,65536,65536,292,223,609,466,1775757593000,pumpswap,NEW
2026-04-09T18:11:57.332Z,2Qp8zANZK7pjxNTDZh7EqLVG4MpvGty1hvHDTXaiBAGS,ONBOARD,ONBOARD,solana,0.00001902,256,512,4096,65536,,16384,16384,4,1,8,4,1775683438000,bags,REPEAT
2026-04-09T18:11:57.332Z,QT5pHWLS4DNe2s1PZDLWEjKn4rDXNqnk9D7AWe57cap,CAP,CapCat,solana,0.00003757,16384,131072,131072,131072,16384,32768,32768,373,297,2459,1559,1775757287000,pumpswap,REPEAT
2026-04-09T18:11:57.332Z,8u8g93eEuXpe2SsUFAHGdr94irDLATpafjVipAMbpump,AZKi,AZKi,solana,0.00008108,16384,131072,131072,131072,16384,65536,65536,864,137,7249,953,1775755985000,pumpswap,REPEAT
2026-04-09T18:11:57.332Z,41QbtLKqJmPCP5TmnHx9pVQtwCGDc1GV5A4WVfy9pump,MOODUANG,Moo Duang,solana,0.00002301,512,4096,32768,32768,16384,16384,16384,1,13,90,86,1775743897000,pumpswap,REPEAT
2026-04-09T18:11:57.332Z,13GUK7F6Zi55PrCoxcJwNaR189uishNATLStt4tuE4R,PEPETF,Pepe ETF,solana,0.00002107,64,32768,65536,65536,8192,16384,16384,3,7,717,511,1775754427000,pumpswap,REPEAT
2026-04-09T18:11:57.332Z,54VKrYFsL3BdeDu2yRMVM9GbHrXkxcVAULX5RxA5pump,LAIKA,Laika The Space Dog,solana,0.00009648,32768,262144,262144,262144,32768,131072,131072,1033,206,10773,1457,1775756664000,pumpswap,REPEAT
2026-04-09T18:11:57.332Z,9MjRHK7iFSDco7EYMuU5L9sp9a9gPr7jTudzgTdNpump,笑哭猫,lmeow,solana,0.00001964,1024,131072,131072,131072,8192,16384,16384,28,28,2045,1627,1775754780000,pumpswap,REPEAT
2026-04-09T18:11:57.332Z,9SeCSdbPzz95KomGUGEV9Shn2zGXNmMJhE9J72Hipump,Iroha,イロハ,solana,0.001802,8192,131072,524288,2097152,131072,2097152,2097152,78,76,732,656,1775525060000,pumpswap,REPEAT
2026-04-09T18:11:57.332Z,5RXFKVXXmVaobpEBekXskTWdBmmvQL6KXAjPphnFpump,SDR,Strategic Defense Reserve,solana,0.00004175,8,1024,2048,16384,16384,32768,32768,,2,11,14,1775697755000,pumpswap,REPEAT
2026-04-09T18:11:57.332Z,9MjRHK7iFSDco7EYMuU5L9sp9a9gPr7jTudzgTdNpump,笑哭猫,lmeow,solana,0.00001964,1024,131072,131072,131072,8192,16384,16384,28,28,2045,1627,1775754780000,pumpswap,REPEAT
2026-04-09T18:11:57.332Z,C4uKznf7esEEaDcNQiXBBqA1j9w4P7sNYNH1DozApump,MOOYOR,หมูยอ,solana,0.0001464,1024,8192,65536,131072,32768,131072,131072,9,8,70,61,1775139582000,pumpswap,REPEAT
2026-04-09T18:11:57.332Z,sB7SkzCotrxBNyCxcmKqDDKkUWQnJhaKprS6s9xpump,OPAL,Opal The Orangutan,solana,0.0001805,256,16384,65536,262144,32768,131072,131072,4,3,137,141,1775619801000,pumpswap,REPEAT
2026-04-09T18:11:57.332Z,9AEtb967xTMosjp9XFhvHLhscPNYgDWc15jFAZR8pump,RƎ́V,REVÉRSÉ SOCIETY,solana,0.0001354,32,4096,8192,131072,32768,131072,131072,,1,66,31,1775691640000,pumpswap,REPEAT
2026-04-09T18:11:57.332Z,FfJikRuD1cPAS42ifYPMe1w42DR9bxPShenmhy5Ypump,JURDAN,Mikel Jurdan,solana,0.000002214,0,16,524288,524288,4096,2048,2048,,1,1,9,1775749206000,pumpswap,REPEAT
2026-04-09T18:11:57.332Z,Hon2rHAiqkcDtUzL5gA2vjXPr7T1MPCK2UT2AHKCpump,MAGA,Make Aliens Great Again ,solana,0.00006550,64,2048,16384,65536,16384,65536,65536,1,6,33,39,1771624966000,pumpswap,REPEAT
2026-04-09T18:11:57.332Z,7ZVJqzsPVoB2aSonJEW4jjvkBtwufMx41rZGryJ2pump,CHUD,Chud,solana,0.000002825,2,128,262144,262144,4096,2048,2048,,1,3,20,1775748170000,pumpswap,REPEAT
2026-04-09T18:11:57.332Z,9MjRHK7iFSDco7EYMuU5L9sp9a9gPr7jTudzgTdNpump,笑哭猫,lmeow,solana,0.00001964,1024,131072,131072,131072,8192,16384,16384,28,28,2045,1627,1775754780000,pumpswap,REPEAT
2026-04-09T18:11:57.332Z,EcsMm5VEgKz1HMkc47fLdF7Vy4vnUuoptdW5k6kepump,believe,still believe,solana,0.0001364,,512,16384,32768,32768,131072,131072,,,17,8,1774980244000,pumpswap,REPEAT
2026-04-09T18:11:57.332Z,7bxWJngTKUgX7cY1RxKXmR1RdMNszJhZCXM8vzESpump,momiji,momiji,solana,0.00002249,1024,8192,65536,131072,8192,16384,16384,19,11,158,88,1775699885000,pumpswap,REPEAT
2026-04-09T18:11:57.332Z,5qRgEsvn5hbHznbvPYwignf7r2GHRXAcuVUPmNgEpump,FTH,Flying Toilet Horse,solana,0.00004279,256,16384,262144,262144,16384,32768,32768,4,5,230,212,1775743244000,pumpswap,REPEAT
2026-04-09T18:11:57.332Z,HHLYUhjNpygSpCTwHLn1riBQzKJfzaoFVAeVHSH8pump,BSPIKE,BABY SPIKE,solana,0.000002449,,32,65536,65536,,2048,2048,,,6,1,1775746844000,pumpfun,REPEAT
2026-04-09T18:11:57.332Z,9hHYYG9vwBBsp11Lo89xbH8QSHWzpXYpG2NykMkipump,MooYor,MooYor,solana,0.000002285,,256,1048576,1048576,4096,2048,2048,,,13,21,1775745206000,pumpswap,REPEAT
2026-04-09T18:11:57.332Z,3TDrNxtaReSocY9xthiwFGqRhor3YfwtQheLj8ARTVcn,イーロン,イーロン,solana,0.00002739,128,4096,131072,524288,16384,32768,32768,3,9,114,127,1775718445000,pumpswap,REPEAT
2026-04-09T18:11:57.332Z,5552z6Qp2xr596ox1UVN4ppDwwyjCfY8cXwzHMXgMcaS,MOLTING,Molting,solana,0.0007522,1024,16384,65536,131072,65536,1048576,1048576,7,15,79,93,1769857955000,orca,REPEAT
2026-04-09T18:11:57.332Z,HX2MBjZ9SJeMHmTAhQXs4U4bDaLP19W7LDKwEpHDpump,Doraemon,ドラえもん,solana,0.0001453,512,8192,32768,65536,32768,131072,131072,2,5,58,83,1775677779000,pumpswap,REPEAT
2026-04-09T18:16:57.333Z,GHpK2bcd2eheHvwd51F671RYqmiSX4bGvCtuPNLJpump,FWEG,FWEG,solana,0.00007984,8192,65536,65536,65536,16384,65536,65536,115,107,753,599,1775757593000,pumpswap,REPEAT
2026-04-09T18:16:57.333Z,DLL963ppvxosnfCn3JczxQchybks5pFKu6K3nvLspump,Tittypress,Hydraulic Tittypress,solana,0.00002108,4096,32768,131072,131072,,16384,16384,28,17,318,240,1775751769000,pumpfun,NEW
2026-04-09T18:16:57.333Z,7o1chhM3YW9EJsW7vZR4xRsPsinz5nm1iMtHYe9kpump,Tilly G,Tilly G,solana,0.00008249,32768,262144,262144,262144,16384,65536,65536,582,140,9274,1291,1775756625000,pumpswap,REPEAT
2026-04-09T18:16:57.333Z,GHpK2bcd2eheHvwd51F671RYqmiSX4bGvCtuPNLJpump,FWEG,FWEG,solana,0.00007984,8192,65536,65536,65536,16384,65536,65536,115,107,753,599,1775757593000,pumpswap,REPEAT
2026-04-09T18:16:57.333Z,2Qp8zANZK7pjxNTDZh7EqLVG4MpvGty1hvHDTXaiBAGS,ONBOARD,ONBOARD,solana,0.00002012,128,512,4096,65536,,16384,16384,2,,10,4,1775683438000,bags,REPEAT
2026-04-09T18:16:57.333Z,QT5pHWLS4DNe2s1PZDLWEjKn4rDXNqnk9D7AWe57cap,CAP,CapCat,solana,0.00005793,16384,262144,262144,262144,16384,65536,65536,301,223,2799,1813,1775757287000,pumpswap,REPEAT
2026-04-09T18:16:57.333Z,8u8g93eEuXpe2SsUFAHGdr94irDLATpafjVipAMbpump,AZKi,AZKi,solana,0.00009831,16384,131072,131072,131072,32768,131072,131072,776,98,8067,1056,1775755985000,pumpswap,REPEAT
2026-04-09T18:16:57.333Z,41QbtLKqJmPCP5TmnHx9pVQtwCGDc1GV5A4WVfy9pump,MOODUANG,Moo Duang,solana,0.00001996,512,4096,32768,32768,8192,16384,16384,2,6,71,88,1775743897000,pumpswap,REPEAT
2026-04-09T18:16:57.333Z,13GUK7F6Zi55PrCoxcJwNaR189uishNATLStt4tuE4R,PEPETF,Pepe ETF,solana,0.00002428,1024,32768,65536,65536,16384,32768,32768,30,12,638,419,1775754427000,pumpswap,REPEAT
2026-04-09T18:16:57.333Z,54VKrYFsL3BdeDu2yRMVM9GbHrXkxcVAULX5RxA5pump,LAIKA,Laika The Space Dog,solana,0.0001236,32768,262144,262144,262144,32768,131072,131072,1026,230,11892,1718,1775756664000,pumpswap,REPEAT
2026-04-09T18:16:57.333Z,9MjRHK7iFSDco7EYMuU5L9sp9a9gPr7jTudzgTdNpump,笑哭猫,lmeow,solana,0.00001798,1024,65536,131072,131072,8192,16384,16384,19,18,1086,918,1775754780000,pumpswap,REPEAT
2026-04-09T18:16:57.333Z,9SeCSdbPzz95KomGUGEV9Shn2zGXNmMJhE9J72Hipump,Iroha,イロハ,solana,0.001781,16384,131072,524288,2097152,131072,2097152,2097152,117,66,816,682,1775525060000,pumpswap,REPEAT
2026-04-09T18:16:57.333Z,5RXFKVXXmVaobpEBekXskTWdBmmvQL6KXAjPphnFpump,SDR,Strategic Defense Reserve,solana,0.00004175,,512,2048,16384,16384,32768,32768,,,7,10,1775697755000,pumpswap,REPEAT
2026-04-09T18:16:57.333Z,9MjRHK7iFSDco7EYMuU5L9sp9a9gPr7jTudzgTdNpump,笑哭猫,lmeow,solana,0.00001798,1024,65536,131072,131072,8192,16384,16384,19,18,1086,918,1775754780000,pumpswap,REPEAT
2026-04-09T18:16:57.333Z,C4uKznf7esEEaDcNQiXBBqA1j9w4P7sNYNH1DozApump,MOOYOR,หมูยอ,solana,0.0001358,1024,8192,65536,131072,32768,131072,131072,20,8,80,64,1775139582000,pumpswap,REPEAT
2026-04-09T18:16:57.333Z,sB7SkzCotrxBNyCxcmKqDDKkUWQnJhaKprS6s9xpump,OPAL,Opal The Orangutan,solana,0.0001776,2048,16384,65536,262144,32768,131072,131072,10,8,134,134,1775619801000,pumpswap,REPEAT
2026-04-09T18:16:57.333Z,9AEtb967xTMosjp9XFhvHLhscPNYgDWc15jFAZR8pump,RƎ́V,REVÉRSÉ SOCIETY,solana,0.0001351,64,4096,8192,131072,32768,131072,131072,1,11,63,42,1775691640000,pumpswap,REPEAT
2026-04-09T18:16:57.333Z,FfJikRuD1cPAS42ifYPMe1w42DR9bxPShenmhy5Ypump,JURDAN,Mikel Jurdan,solana,0.000002162,32,64,524288,524288,4096,2048,2048,,1,1,9,1775749206000,pumpswap,REPEAT
2026-04-09T18:16:57.333Z,Hon2rHAiqkcDtUzL5gA2vjXPr7T1MPCK2UT2AHKCpump,MAGA,Make Aliens Great Again ,solana,0.00006228,256,2048,16384,65536,16384,65536,65536,3,4,26,37,1771624966000,pumpswap,REPEAT
2026-04-09T18:16:57.333Z,7ZVJqzsPVoB2aSonJEW4jjvkBtwufMx41rZGryJ2pump,CHUD,Chud,solana,0.000002825,,128,262144,262144,4096,2048,2048,,,3,20,1775748170000,pumpswap,REPEAT
2026-04-09T18:16:57.333Z,9MjRHK7iFSDco7EYMuU5L9sp9a9gPr7jTudzgTdNpump,笑哭猫,lmeow,solana,0.00001798,1024,65536,131072,131072,8192,16384,16384,19,18,1086,918,1775754780000,pumpswap,REPEAT
2026-04-09T18:16:57.333Z,EcsMm5VEgKz1HMkc47fLdF7Vy4vnUuoptdW5k6kepump,believe,still believe,solana,0.0001375,256,1024,16384,32768,32768,131072,131072,4,4,21,12,1774980244000,pumpswap,REPEAT
2026-04-09T18:16:57.333Z,7bxWJngTKUgX7cY1RxKXmR1RdMNszJhZCXM8vzESpump,momiji,momiji,solana,0.00002152,512,8192,65536,131072,8192,16384,16384,11,5,160,91,1775699885000,pumpswap,REPEAT
2026-04-09T18:16:57.333Z,5qRgEsvn5hbHznbvPYwignf7r2GHRXAcuVUPmNgEpump,FTH,Flying Toilet Horse,solana,0.00004125,256,16384,262144,262144,16384,32768,32768,3,5,211,195,1775743244000,pumpswap,REPEAT
2026-04-09T18:16:57.333Z,HHLYUhjNpygSpCTwHLn1riBQzKJfzaoFVAeVHSH8pump,BSPIKE,BABY SPIKE,solana,0.000002449,,32,65536,65536,,2048,2048,,,6,1,1775746844000,pumpfun,REPEAT
2026-04-09T18:16:57.333Z,9hHYYG9vwBBsp11Lo89xbH8QSHWzpXYpG2NykMkipump,MooYor,MooYor,solana,0.000002272,0,128,1048576,1048576,4096,2048,2048,,1,9,17,1775745206000,pumpswap,REPEAT
2026-04-09T18:16:57.333Z,3TDrNxtaReSocY9xthiwFGqRhor3YfwtQheLj8ARTVcn,イーロン,イーロン,solana,0.00002618,256,4096,131072,524288,16384,32768,32768,10,10,115,123,1775718445000,pumpswap,REPEAT
2026-04-09T18:16:57.333Z,5552z6Qp2xr596ox1UVN4ppDwwyjCfY8cXwzHMXgMcaS,MOLTING,Molting,solana,0.0008000,1024,16384,65536,131072,65536,1048576,1048576,9,5,87,94,1769857955000,orca,REPEAT
2026-04-09T18:21:57.332Z,5552z6Qp2xr596ox1UVN4ppDwwyjCfY8cXwzHMXgMcaS,MOLTING,Molting,solana,0.0008035,256,16384,65536,131072,65536,1048576,1048576,7,4,94,93,1769857955000,orca,REPEAT
2026-04-09T18:21:57.332Z,2LsescRjhcxoUwEQLpcsd3Gh6AHUyqEHANDakkoSpump,IRYNA,Justice for Iryna,solana,0.0001553,8,8192,32768,131072,65536,131072,131072,2,,53,33,1757156435000,pumpswap,NEW
2026-04-09T18:21:57.332Z,GHpK2bcd2eheHvwd51F671RYqmiSX4bGvCtuPNLJpump,FWEG,FWEG,solana,0.00007248,4096,65536,65536,65536,16384,65536,65536,101,102,872,720,1775757593000,pumpswap,REPEAT
2026-04-09T18:21:57.332Z,DLL963ppvxosnfCn3JczxQchybks5pFKu6K3nvLspump,Tittypress,Hydraulic Tittypress,solana,0.00002400,2048,32768,131072,131072,,32768,32768,28,26,314,259,1775751769000,pumpfun,REPEAT
2026-04-09T18:21:57.332Z,7o1chhM3YW9EJsW7vZR4xRsPsinz5nm1iMtHYe9kpump,Tilly G,Tilly G,solana,0.00007539,16384,262144,262144,262144,16384,65536,65536,451,145,9761,1460,1775756625000,pumpswap,REPEAT
2026-04-09T18:21:57.332Z,GHpK2bcd2eheHvwd51F671RYqmiSX4bGvCtuPNLJpump,FWEG,FWEG,solana,0.00007248,4096,65536,65536,65536,16384,65536,65536,101,102,872,720,1775757593000,pumpswap,REPEAT
2026-04-09T18:21:57.332Z,2Qp8zANZK7pjxNTDZh7EqLVG4MpvGty1hvHDTXaiBAGS,ONBOARD,ONBOARD,solana,0.00002042,64,1024,4096,65536,,16384,16384,3,1,13,5,1775683438000,bags,REPEAT
2026-04-09T18:21:57.332Z,QT5pHWLS4DNe2s1PZDLWEjKn4rDXNqnk9D7AWe57cap,CAP,CapCat,solana,0.00004646,32768,262144,262144,262144,16384,65536,65536,492,297,3351,2172,1775757287000,pumpswap,REPEAT
2026-04-09T18:21:57.332Z,8u8g93eEuXpe2SsUFAHGdr94irDLATpafjVipAMbpump,AZKi,AZKi,solana,0.00008613,32768,131072,131072,131072,16384,65536,65536,809,132,8936,1200,1775755985000,pumpswap,REPEAT
2026-04-09T18:21:57.332Z,41QbtLKqJmPCP5TmnHx9pVQtwCGDc1GV5A4WVfy9pump,MOODUANG,Moo Duang,solana,0.00001832,256,4096,32768,32768,8192,16384,16384,4,3,74,70,1775743897000,pumpswap,REPEAT
2026-04-09T18:21:57.332Z,13GUK7F6Zi55PrCoxcJwNaR189uishNATLStt4tuE4R,PEPETF,Pepe ETF,solana,0.00002670,2048,32768,65536,65536,16384,32768,32768,53,31,613,390,1775754427000,pumpswap,REPEAT
2026-04-09T18:21:57.332Z,54VKrYFsL3BdeDu2yRMVM9GbHrXkxcVAULX5RxA5pump,LAIKA,Laika The Space Dog,solana,0.0001095,32768,262144,262144,262144,32768,131072,131072,624,171,12614,1903,1775756664000,pumpswap,REPEAT
2026-04-09T18:21:57.332Z,9MjRHK7iFSDco7EYMuU5L9sp9a9gPr7jTudzgTdNpump,笑哭猫,lmeow,solana,0.00001851,512,32768,131072,131072,8192,16384,16384,20,16,741,602,1775754780000,pumpswap,REPEAT
2026-04-09T18:21:57.332Z,9SeCSdbPzz95KomGUGEV9Shn2zGXNmMJhE9J72Hipump,Iroha,イロハ,solana,0.001923,16384,131072,524288,2097152,131072,2097152,2097152,27,45,721,613,1775525060000,pumpswap,REPEAT
2026-04-09T18:21:57.332Z,5RXFKVXXmVaobpEBekXskTWdBmmvQL6KXAjPphnFpump,SDR,Strategic Defense Reserve,solana,0.00004175,,256,2048,16384,16384,32768,32768,,,4,6,1775697755000,pumpswap,REPEAT
2026-04-09T18:21:57.332Z,9MjRHK7iFSDco7EYMuU5L9sp9a9gPr7jTudzgTdNpump,笑哭猫,lmeow,solana,0.00001851,512,32768,131072,131072,8192,16384,16384,20,16,741,602,1775754780000,pumpswap,REPEAT
2026-04-09T18:21:57.332Z,C4uKznf7esEEaDcNQiXBBqA1j9w4P7sNYNH1DozApump,MOOYOR,หมูยอ,solana,0.0001315,2048,8192,65536,131072,32768,131072,131072,29,9,101,61,1775139582000,pumpswap,REPEAT
2026-04-09T18:21:57.332Z,sB7SkzCotrxBNyCxcmKqDDKkUWQnJhaKprS6s9xpump,OPAL,Opal The Orangutan,solana,0.0001638,1024,16384,65536,262144,32768,131072,131072,9,6,119,122,1775619801000,pumpswap,REPEAT
2026-04-09T18:21:57.332Z,9AEtb967xTMosjp9XFhvHLhscPNYgDWc15jFAZR8pump,RƎ́V,REVÉRSÉ SOCIETY,solana,0.0001357,32,2048,8192,131072,32768,131072,131072,5,,53,41,1775691640000,pumpswap,REPEAT
2026-04-09T18:21:57.332Z,FfJikRuD1cPAS42ifYPMe1w42DR9bxPShenmhy5Ypump,JURDAN,Mikel Jurdan,solana,0.000002115,2,64,524288,524288,4096,2048,2048,,1,1,9,1775749206000,pumpswap,REPEAT
2026-04-09T18:21:57.332Z,Hon2rHAiqkcDtUzL5gA2vjXPr7T1MPCK2UT2AHKCpump,MAGA,Make Aliens Great Again ,solana,0.00006291,128,1024,16384,65536,16384,65536,65536,6,6,33,40,1771624966000,pumpswap,REPEAT
2026-04-09T18:21:57.332Z,7ZVJqzsPVoB2aSonJEW4jjvkBtwufMx41rZGryJ2pump,CHUD,Chud,solana,0.000002790,8,128,262144,262144,4096,2048,2048,,2,3,21,1775748170000,pumpswap,REPEAT
2026-04-09T18:21:57.332Z,9MjRHK7iFSDco7EYMuU5L9sp9a9gPr7jTudzgTdNpump,笑哭猫,lmeow,solana,0.00001851,512,32768,131072,131072,8192,16384,16384,20,16,741,602,1775754780000,pumpswap,REPEAT
2026-04-09T18:21:57.332Z,EcsMm5VEgKz1HMkc47fLdF7Vy4vnUuoptdW5k6kepump,believe,still believe,solana,0.0001390,8,512,16384,32768,32768,131072,131072,1,1,10,9,1774980244000,pumpswap,REPEAT
2026-04-09T18:21:57.332Z,7bxWJngTKUgX7cY1RxKXmR1RdMNszJhZCXM8vzESpump,momiji,momiji,solana,0.00002469,1024,8192,65536,131072,16384,32768,32768,23,22,177,105,1775699885000,pumpswap,REPEAT
2026-04-09T18:21:57.332Z,5qRgEsvn5hbHznbvPYwignf7r2GHRXAcuVUPmNgEpump,FTH,Flying Toilet Horse,solana,0.00003812,256,16384,262144,262144,16384,32768,32768,6,6,190,172,1775743244000,pumpswap,REPEAT
2026-04-09T18:21:57.332Z,HHLYUhjNpygSpCTwHLn1riBQzKJfzaoFVAeVHSH8pump,BSPIKE,BABY SPIKE,solana,0.000002449,,32,65536,65536,,2048,2048,,,6,1,1775746844000,pumpfun,REPEAT
2026-04-09T18:21:57.332Z,9hHYYG9vwBBsp11Lo89xbH8QSHWzpXYpG2NykMkipump,MooYor,MooYor,solana,0.000002272,,128,1048576,1048576,4096,2048,2048,,,7,14,1775745206000,pumpswap,REPEAT
2026-04-09T18:21:57.332Z,3TDrNxtaReSocY9xthiwFGqRhor3YfwtQheLj8ARTVcn,イーロン,イーロン,solana,0.00002640,512,4096,131072,524288,16384,32768,32768,10,9,114,124,1775718445000,pumpswap,REPEAT
2026-04-09T18:26:57.333Z,2Ucsy2X6LadN8Q49naQ7pKiC1nuAYtnwnrHGEeFKpump,WATP,WATP COIN,solana,0.000003518,512,512,1024,1024,,4096,4096,17,7,52,43,1775059894000,pumpfun,NEW
2026-04-09T18:26:57.333Z,5552z6Qp2xr596ox1UVN4ppDwwyjCfY8cXwzHMXgMcaS,MOLTING,Molting,solana,0.0008195,512,16384,65536,131072,65536,1048576,1048576,8,9,101,102,1769857955000,orca,REPEAT
2026-04-09T18:26:57.333Z,2LsescRjhcxoUwEQLpcsd3Gh6AHUyqEHANDakkoSpump,IRYNA,Justice for Iryna,solana,0.0001494,256,8192,32768,131072,65536,131072,131072,1,4,49,37,1757156435000,pumpswap,REPEAT
2026-04-09T18:26:57.333Z,GHpK2bcd2eheHvwd51F671RYqmiSX4bGvCtuPNLJpump,FWEG,FWEG,solana,0.00006943,4096,65536,65536,65536,16384,65536,65536,77,65,960,793,1775757593000,pumpswap,REPEAT
2026-04-09T18:26:57.333Z,DLL963ppvxosnfCn3JczxQchybks5pFKu6K3nvLspump,Tittypress,Hydraulic Tittypress,solana,0.00002147,1024,32768,131072,131072,,16384,16384,16,15,296,251,1775751769000,pumpfun,REPEAT
2026-04-09T18:26:57.333Z,7o1chhM3YW9EJsW7vZR4xRsPsinz5nm1iMtHYe9kpump,Tilly G,Tilly G,solana,0.0001112,32768,262144,262144,262144,32768,131072,131072,596,151,10439,1630,1775756625000,pumpswap,REPEAT
2026-04-09T18:26:57.333Z,GHpK2bcd2eheHvwd51F671RYqmiSX4bGvCtuPNLJpump,FWEG,FWEG,solana,0.00006943,4096,65536,65536,65536,16384,65536,65536,77,65,960,793,1775757593000,pumpswap,REPEAT
2026-04-09T18:26:57.333Z,2Qp8zANZK7pjxNTDZh7EqLVG4MpvGty1hvHDTXaiBAGS,ONBOARD,ONBOARD,solana,0.00002218,256,1024,4096,65536,,16384,16384,5,,18,5,1775683438000,bags,REPEAT
2026-04-09T18:26:57.333Z,QT5pHWLS4DNe2s1PZDLWEjKn4rDXNqnk9D7AWe57cap,CAP,CapCat,solana,0.00001397,32768,262144,262144,262144,8192,16384,16384,534,397,3900,2572,1775757287000,pumpswap,REPEAT
2026-04-09T18:26:57.333Z,8u8g93eEuXpe2SsUFAHGdr94irDLATpafjVipAMbpump,AZKi,AZKi,solana,0.0001002,16384,262144,262144,262144,32768,131072,131072,819,107,9810,1310,1775755985000,pumpswap,REPEAT
2026-04-09T18:26:57.333Z,41QbtLKqJmPCP5TmnHx9pVQtwCGDc1GV5A4WVfy9pump,MOODUANG,Moo Duang,solana,0.00001564,512,4096,32768,32768,8192,16384,16384,11,6,71,65,1775743897000,pumpswap,REPEAT
2026-04-09T18:26:57.333Z,13GUK7F6Zi55PrCoxcJwNaR189uishNATLStt4tuE4R,PEPETF,Pepe ETF,solana,0.00001948,2048,32768,65536,65536,8192,16384,16384,33,29,581,387,1775754427000,pumpswap,REPEAT
2026-04-09T18:26:57.333Z,54VKrYFsL3BdeDu2yRMVM9GbHrXkxcVAULX5RxA5pump,LAIKA,Laika The Space Dog,solana,0.00009575,32768,262144,262144,262144,32768,131072,131072,392,199,13049,2123,1775756664000,pumpswap,REPEAT
2026-04-09T18:26:57.333Z,9MjRHK7iFSDco7EYMuU5L9sp9a9gPr7jTudzgTdNpump,笑哭猫,lmeow,solana,0.000006799,4096,32768,131072,131072,8192,8192,8192,85,91,698,576,1775754780000,pumpswap,REPEAT
2026-04-09T18:26:57.333Z,9SeCSdbPzz95KomGUGEV9Shn2zGXNmMJhE9J72Hipump,Iroha,イロハ,solana,0.001837,8192,131072,524288,2097152,131072,2097152,2097152,61,32,718,554,1775525060000,pumpswap,REPEAT
2026-04-09T18:26:57.333Z,5RXFKVXXmVaobpEBekXskTWdBmmvQL6KXAjPphnFpump,SDR,Strategic Defense Reserve,solana,0.00003435,1024,1024,2048,16384,16384,32768,32768,6,10,9,16,1775697755000,pumpswap,REPEAT
2026-04-09T18:26:57.333Z,9MjRHK7iFSDco7EYMuU5L9sp9a9gPr7jTudzgTdNpump,笑哭猫,lmeow,solana,0.000006799,4096,32768,131072,131072,8192,8192,8192,85,91,698,576,1775754780000,pumpswap,REPEAT
2026-04-09T18:26:57.333Z,C4uKznf7esEEaDcNQiXBBqA1j9w4P7sNYNH1DozApump,MOOYOR,หมูยอ,solana,0.0001375,512,8192,65536,131072,32768,131072,131072,4,7,90,55,1775139582000,pumpswap,REPEAT
2026-04-09T18:26:57.333Z,sB7SkzCotrxBNyCxcmKqDDKkUWQnJhaKprS6s9xpump,OPAL,Opal The Orangutan,solana,0.0001621,256,8192,65536,262144,32768,131072,131072,3,3,86,90,1775619801000,pumpswap,REPEAT
2026-04-09T18:26:57.333Z,9AEtb967xTMosjp9XFhvHLhscPNYgDWc15jFAZR8pump,RƎ́V,REVÉRSÉ SOCIETY,solana,0.0001332,64,2048,8192,131072,32768,131072,131072,,1,50,41,1775691640000,pumpswap,REPEAT
2026-04-09T18:26:57.333Z,FfJikRuD1cPAS42ifYPMe1w42DR9bxPShenmhy5Ypump,JURDAN,Mikel Jurdan,solana,0.000002115,,32,524288,524288,4096,2048,2048,,,,8,1775749206000,pumpswap,REPEAT
2026-04-09T18:26:57.333Z,Hon2rHAiqkcDtUzL5gA2vjXPr7T1MPCK2UT2AHKCpump,MAGA,Make Aliens Great Again ,solana,0.00006398,256,2048,16384,65536,16384,65536,65536,7,5,40,43,1771624966000,pumpswap,REPEAT
2026-04-09T18:26:57.333Z,7ZVJqzsPVoB2aSonJEW4jjvkBtwufMx41rZGryJ2pump,CHUD,Chud,solana,0.000002790,,128,262144,262144,4096,2048,2048,,,3,21,1775748170000,pumpswap,REPEAT
2026-04-09T18:26:57.333Z,9MjRHK7iFSDco7EYMuU5L9sp9a9gPr7jTudzgTdNpump,笑哭猫,lmeow,solana,0.000006799,4096,32768,131072,131072,8192,8192,8192,85,91,698,576,1775754780000,pumpswap,REPEAT
2026-04-09T18:26:57.333Z,EcsMm5VEgKz1HMkc47fLdF7Vy4vnUuoptdW5k6kepump,believe,still believe,solana,0.0001363,32,512,16384,32768,32768,131072,131072,,1,9,10,1774980244000,pumpswap,REPEAT
2026-04-09T18:26:57.333Z,7bxWJngTKUgX7cY1RxKXmR1RdMNszJhZCXM8vzESpump,momiji,momiji,solana,0.00002579,512,8192,65536,131072,16384,32768,32768,7,7,178,109,1775699885000,pumpswap,REPEAT
2026-04-09T18:26:57.333Z,5qRgEsvn5hbHznbvPYwignf7r2GHRXAcuVUPmNgEpump,FTH,Flying Toilet Horse,solana,0.00003610,512,16384,262144,262144,16384,32768,32768,13,5,183,171,1775743244000,pumpswap,REPEAT
2026-04-09T18:26:57.333Z,HHLYUhjNpygSpCTwHLn1riBQzKJfzaoFVAeVHSH8pump,BSPIKE,BABY SPIKE,solana,0.000002449,,32,65536,65536,,2048,2048,,,5,1,1775746844000,pumpfun,REPEAT
2026-04-09T18:26:57.333Z,9hHYYG9vwBBsp11Lo89xbH8QSHWzpXYpG2NykMkipump,MooYor,MooYor,solana,0.000002265,0,128,1048576,1048576,4096,2048,2048,,1,6,13,1775745206000,pumpswap,REPEAT
2026-04-09T18:31:57.334Z,2Ucsy2X6LadN8Q49naQ7pKiC1nuAYtnwnrHGEeFKpump,WATP,WATP COIN,solana,0.000003095,256,1024,2048,2048,,4096,4096,1,5,50,46,1775059894000,pumpfun,REPEAT
2026-04-09T18:31:57.334Z,5552z6Qp2xr596ox1UVN4ppDwwyjCfY8cXwzHMXgMcaS,MOLTING,Molting,solana,0.0008049,1024,16384,65536,131072,65536,1048576,1048576,7,3,101,105,1769857955000,orca,REPEAT
2026-04-09T18:31:57.334Z,2LsescRjhcxoUwEQLpcsd3Gh6AHUyqEHANDakkoSpump,IRYNA,Justice for Iryna,solana,0.0001476,128,8192,32768,131072,65536,131072,131072,2,4,49,35,1757156435000,pumpswap,REPEAT
2026-04-09T18:31:57.334Z,GHpK2bcd2eheHvwd51F671RYqmiSX4bGvCtuPNLJpump,FWEG,FWEG,solana,0.00007129,4096,65536,65536,65536,16384,65536,65536,437,52,1400,848,1775757593000,pumpswap,REPEAT
2026-04-09T18:31:57.334Z,DLL963ppvxosnfCn3JczxQchybks5pFKu6K3nvLspump,Tittypress,Hydraulic Tittypress,solana,0.00002439,1024,16384,131072,131072,,32768,32768,17,11,264,238,1775751769000,pumpfun,REPEAT
2026-04-09T18:31:57.334Z,7o1chhM3YW9EJsW7vZR4xRsPsinz5nm1iMtHYe9kpump,Tilly G,Tilly G,solana,0.0001006,16384,262144,262144,262144,32768,131072,131072,507,120,11031,1770,1775756625000,pumpswap,REPEAT
2026-04-09T18:31:57.334Z,GHpK2bcd2eheHvwd51F671RYqmiSX4bGvCtuPNLJpump,FWEG,FWEG,solana,0.00007129,4096,65536,65536,65536,16384,65536,65536,437,52,1400,848,1775757593000,pumpswap,REPEAT
2026-04-09T18:31:57.334Z,2Qp8zANZK7pjxNTDZh7EqLVG4MpvGty1hvHDTXaiBAGS,ONBOARD,ONBOARD,solana,0.00002252,32,1024,4096,65536,,16384,16384,2,,19,4,1775683438000,bags,REPEAT
2026-04-09T18:31:57.334Z,QT5pHWLS4DNe2s1PZDLWEjKn4rDXNqnk9D7AWe57cap,CAP,CapCat,solana,0.00001121,8192,262144,262144,262144,8192,8192,8192,214,189,4126,2767,1775757287000,pumpswap,REPEAT
2026-04-09T18:31:57.334Z,8u8g93eEuXpe2SsUFAHGdr94irDLATpafjVipAMbpump,AZKi,AZKi,solana,0.00008749,16384,262144,262144,262144,32768,65536,65536,777,106,10628,1420,1775755985000,pumpswap,REPEAT
2026-04-09T18:31:57.334Z,41QbtLKqJmPCP5TmnHx9pVQtwCGDc1GV5A4WVfy9pump,MOODUANG,Moo Duang,solana,0.00001533,64,4096,32768,32768,8192,16384,16384,1,5,61,69,1775743897000,pumpswap,REPEAT
2026-04-09T18:31:57.334Z,13GUK7F6Zi55PrCoxcJwNaR189uishNATLStt4tuE4R,PEPETF,Pepe ETF,solana,0.00001882,512,16384,65536,65536,8192,16384,16384,15,21,536,368,1775754427000,pumpswap,REPEAT
2026-04-09T18:31:57.334Z,54VKrYFsL3BdeDu2yRMVM9GbHrXkxcVAULX5RxA5pump,LAIKA,Laika The Space Dog,solana,0.00008708,32768,524288,524288,524288,32768,65536,65536,289,179,13369,2320,1775756664000,pumpswap,REPEAT
2026-04-09T18:31:57.334Z,9MjRHK7iFSDco7EYMuU5L9sp9a9gPr7jTudzgTdNpump,笑哭猫,lmeow,solana,0.000006477,1024,32768,131072,131072,8192,8192,8192,33,52,575,499,1775754780000,pumpswap,REPEAT
2026-04-09T18:31:57.334Z,9SeCSdbPzz95KomGUGEV9Shn2zGXNmMJhE9J72Hipump,Iroha,イロハ,solana,0.001618,16384,131072,524288,2097152,131072,2097152,2097152,202,41,843,558,1775525060000,pumpswap,REPEAT
2026-04-09T18:31:57.334Z,5RXFKVXXmVaobpEBekXskTWdBmmvQL6KXAjPphnFpump,SDR,Strategic Defense Reserve,solana,0.00003390,0,1024,2048,16384,16384,32768,32768,,2,8,18,1775697755000,pumpswap,REPEAT
2026-04-09T18:31:57.334Z,9MjRHK7iFSDco7EYMuU5L9sp9a9gPr7jTudzgTdNpump,笑哭猫,lmeow,solana,0.000006477,1024,32768,131072,131072,8192,8192,8192,33,52,575,499,1775754780000,pumpswap,REPEAT
2026-04-09T18:31:57.334Z,C4uKznf7esEEaDcNQiXBBqA1j9w4P7sNYNH1DozApump,MOOYOR,หมูยอ,solana,0.0001328,256,8192,65536,131072,32768,131072,131072,1,3,87,55,1775139582000,pumpswap,REPEAT
2026-04-09T18:31:57.334Z,sB7SkzCotrxBNyCxcmKqDDKkUWQnJhaKprS6s9xpump,OPAL,Opal The Orangutan,solana,0.0001532,1024,8192,65536,262144,32768,131072,131072,9,5,81,73,1775619801000,pumpswap,REPEAT
2026-04-09T18:31:57.334Z,9AEtb967xTMosjp9XFhvHLhscPNYgDWc15jFAZR8pump,RƎ́V,REVÉRSÉ SOCIETY,solana,0.0001328,4,2048,8192,131072,32768,131072,131072,,1,49,40,1775691640000,pumpswap,REPEAT
2026-04-09T18:31:57.334Z,FfJikRuD1cPAS42ifYPMe1w42DR9bxPShenmhy5Ypump,JURDAN,Mikel Jurdan,solana,0.000002103,8,64,524288,524288,4096,2048,2048,,1,,9,1775749206000,pumpswap,REPEAT
2026-04-09T18:31:57.334Z,Hon2rHAiqkcDtUzL5gA2vjXPr7T1MPCK2UT2AHKCpump,MAGA,Make Aliens Great Again ,solana,0.00006536,512,2048,16384,65536,16384,65536,65536,6,8,46,51,1771624966000,pumpswap,REPEAT
2026-04-09T18:31:57.334Z,7ZVJqzsPVoB2aSonJEW4jjvkBtwufMx41rZGryJ2pump,CHUD,Chud,solana,0.000002790,,128,262144,262144,4096,2048,2048,,,2,11,1775748170000,pumpswap,REPEAT
2026-04-09T18:31:57.334Z,9MjRHK7iFSDco7EYMuU5L9sp9a9gPr7jTudzgTdNpump,笑哭猫,lmeow,solana,0.000006477,1024,32768,131072,131072,8192,8192,8192,33,52,575,499,1775754780000,pumpswap,REPEAT
2026-04-09T18:31:57.334Z,EcsMm5VEgKz1HMkc47fLdF7Vy4vnUuoptdW5k6kepump,believe,still believe,solana,0.0001383,32,512,16384,32768,32768,131072,131072,2,1,11,11,1774980244000,pumpswap,REPEAT
2026-04-09T18:31:57.334Z,7bxWJngTKUgX7cY1RxKXmR1RdMNszJhZCXM8vzESpump,momiji,momiji,solana,0.00002076,1024,8192,65536,131072,8192,16384,16384,24,10,190,118,1775699885000,pumpswap,REPEAT
2026-04-09T18:31:57.334Z,5qRgEsvn5hbHznbvPYwignf7r2GHRXAcuVUPmNgEpump,FTH,Flying Toilet Horse,solana,0.00004127,512,16384,262144,262144,16384,32768,32768,13,8,183,167,1775743244000,pumpswap,REPEAT
2026-04-09T18:31:57.334Z,HHLYUhjNpygSpCTwHLn1riBQzKJfzaoFVAeVHSH8pump,BSPIKE,BABY SPIKE,solana,0.000002449,,8,65536,65536,,2048,2048,,,1,1,1775746844000,pumpfun,REPEAT
2026-04-09T18:31:57.334Z,9hHYYG9vwBBsp11Lo89xbH8QSHWzpXYpG2NykMkipump,MooYor,MooYor,solana,0.000002265,,128,1048576,1048576,4096,2048,2048,,,5,11,1775745206000,pumpswap,REPEAT
2026-04-09T18:36:57.336Z,2Ucsy2X6LadN8Q49naQ7pKiC1nuAYtnwnrHGEeFKpump,WATP,WATP COIN,solana,0.000003067,16,1024,2048,2048,,4096,4096,,1,47,44,1775059894000,pumpfun,REPEAT
2026-04-09T18:36:57.336Z,5552z6Qp2xr596ox1UVN4ppDwwyjCfY8cXwzHMXgMcaS,MOLTING,Molting,solana,0.0008495,512,16384,65536,131072,65536,1048576,1048576,5,7,105,117,1769857955000,orca,REPEAT
2026-04-09T18:36:57.336Z,2LsescRjhcxoUwEQLpcsd3Gh6AHUyqEHANDakkoSpump,IRYNA,Justice for Iryna,solana,0.0001466,128,8192,32768,131072,65536,131072,131072,1,4,49,36,1757156435000,pumpswap,REPEAT
2026-04-09T18:36:57.336Z,GHpK2bcd2eheHvwd51F671RYqmiSX4bGvCtuPNLJpump,FWEG,FWEG,solana,0.00007477,4096,65536,65536,65536,16384,65536,65536,412,50,2118,905,1775757593000,pumpswap,REPEAT
2026-04-09T18:36:57.336Z,DLL963ppvxosnfCn3JczxQchybks5pFKu6K3nvLspump,Tittypress,Hydraulic Tittypress,solana,0.00002289,1024,16384,131072,131072,,16384,16384,11,9,237,226,1775751769000,pumpfun,REPEAT
2026-04-09T18:36:57.336Z,7o1chhM3YW9EJsW7vZR4xRsPsinz5nm1iMtHYe9kpump,Tilly G,Tilly G,solana,0.00008144,32768,262144,262144,262144,16384,65536,65536,284,158,11352,1949,1775756625000,pumpswap,REPEAT
2026-04-09T18:36:57.336Z,GHpK2bcd2eheHvwd51F671RYqmiSX4bGvCtuPNLJpump,FWEG,FWEG,solana,0.00007477,4096,65536,65536,65536,16384,65536,65536,412,50,2118,905,1775757593000,pumpswap,REPEAT
2026-04-09T18:36:57.336Z,2Qp8zANZK7pjxNTDZh7EqLVG4MpvGty1hvHDTXaiBAGS,ONBOARD,ONBOARD,solana,0.00002187,128,1024,4096,65536,,16384,16384,,2,18,6,1775683438000,bags,REPEAT
2026-04-09T18:36:57.336Z,QT5pHWLS4DNe2s1PZDLWEjKn4rDXNqnk9D7AWe57cap,CAP,CapCat,solana,0.00001537,8192,262144,262144,262144,8192,16384,16384,207,156,4380,2945,1775757287000,pumpswap,REPEAT
2026-04-09T18:36:57.336Z,8u8g93eEuXpe2SsUFAHGdr94irDLATpafjVipAMbpump,AZKi,AZKi,solana,0.00006667,16384,262144,262144,262144,16384,65536,65536,787,142,10217,1464,1775755985000,pumpswap,REPEAT
2026-04-09T18:36:57.336Z,41QbtLKqJmPCP5TmnHx9pVQtwCGDc1GV5A4WVfy9pump,MOODUANG,Moo Duang,solana,0.00001591,64,4096,32768,32768,8192,16384,16384,8,,68,59,1775743897000,pumpswap,REPEAT
2026-04-09T18:36:57.336Z,13GUK7F6Zi55PrCoxcJwNaR189uishNATLStt4tuE4R,PEPETF,Pepe ETF,solana,0.00002137,512,16384,65536,65536,8192,16384,16384,16,9,495,335,1775754427000,pumpswap,REPEAT
2026-04-09T18:36:57.336Z,54VKrYFsL3BdeDu2yRMVM9GbHrXkxcVAULX5RxA5pump,LAIKA,Laika The Space Dog,solana,0.00009143,32768,524288,524288,524288,32768,65536,65536,292,158,13696,2493,1775756664000,pumpswap,REPEAT
2026-04-09T18:36:57.336Z,9MjRHK7iFSDco7EYMuU5L9sp9a9gPr7jTudzgTdNpump,笑哭猫,lmeow,solana,0.000004618,512,16384,131072,131072,4096,4096,4096,17,26,492,445,1775754780000,pumpswap,REPEAT
2026-04-09T18:36:57.336Z,9SeCSdbPzz95KomGUGEV9Shn2zGXNmMJhE9J72Hipump,Iroha,イロハ,solana,0.001735,4096,131072,524288,2097152,131072,2097152,2097152,36,61,737,572,1775525060000,pumpswap,REPEAT
2026-04-09T18:36:57.336Z,5RXFKVXXmVaobpEBekXskTWdBmmvQL6KXAjPphnFpump,SDR,Strategic Defense Reserve,solana,0.00003538,128,1024,4096,16384,16384,32768,32768,7,1,15,19,1775697755000,pumpswap,REPEAT
2026-04-09T18:36:57.336Z,9MjRHK7iFSDco7EYMuU5L9sp9a9gPr7jTudzgTdNpump,笑哭猫,lmeow,solana,0.000004618,512,16384,131072,131072,4096,4096,4096,17,26,492,445,1775754780000,pumpswap,REPEAT
2026-04-09T18:36:57.336Z,C4uKznf7esEEaDcNQiXBBqA1j9w4P7sNYNH1DozApump,MOOYOR,หมูยอ,solana,0.0001328,512,8192,65536,131072,32768,131072,131072,8,4,89,57,1775139582000,pumpswap,REPEAT
2026-04-09T18:36:57.336Z,sB7SkzCotrxBNyCxcmKqDDKkUWQnJhaKprS6s9xpump,OPAL,Opal The Orangutan,solana,0.0001541,512,8192,65536,262144,32768,131072,131072,9,3,75,64,1775619801000,pumpswap,REPEAT
2026-04-09T18:36:57.336Z,9AEtb967xTMosjp9XFhvHLhscPNYgDWc15jFAZR8pump,RƎ́V,REVÉRSÉ SOCIETY,solana,0.0001328,,2048,8192,131072,32768,131072,131072,,,47,29,1775691640000,pumpswap,REPEAT
2026-04-09T18:36:57.336Z,FfJikRuD1cPAS42ifYPMe1w42DR9bxPShenmhy5Ypump,JURDAN,Mikel Jurdan,solana,0.000002129,1,64,524288,524288,4096,2048,2048,1,,1,7,1775749206000,pumpswap,REPEAT
2026-04-09T18:36:57.336Z,Hon2rHAiqkcDtUzL5gA2vjXPr7T1MPCK2UT2AHKCpump,MAGA,Make Aliens Great Again ,solana,0.00006637,16,2048,16384,65536,16384,65536,65536,1,,47,51,1771624966000,pumpswap,REPEAT
2026-04-09T18:36:57.336Z,7ZVJqzsPVoB2aSonJEW4jjvkBtwufMx41rZGryJ2pump,CHUD,Chud,solana,0.000002790,,64,262144,262144,4096,2048,2048,,,2,9,1775748170000,pumpswap,REPEAT
2026-04-09T18:36:57.336Z,9MjRHK7iFSDco7EYMuU5L9sp9a9gPr7jTudzgTdNpump,笑哭猫,lmeow,solana,0.000004618,512,16384,131072,131072,4096,4096,4096,17,26,492,445,1775754780000,pumpswap,REPEAT
2026-04-09T18:36:57.336Z,EcsMm5VEgKz1HMkc47fLdF7Vy4vnUuoptdW5k6kepump,believe,still believe,solana,0.0001385,16,512,16384,32768,32768,131072,131072,1,,10,11,1774980244000,pumpswap,REPEAT
2026-04-09T18:36:57.336Z,7bxWJngTKUgX7cY1RxKXmR1RdMNszJhZCXM8vzESpump,momiji,momiji,solana,0.00002045,2048,8192,65536,131072,8192,16384,16384,51,26,200,125,1775699885000,pumpswap,REPEAT
2026-04-09T18:36:57.336Z,5qRgEsvn5hbHznbvPYwignf7r2GHRXAcuVUPmNgEpump,FTH,Flying Toilet Horse,solana,0.00004122,512,16384,262144,262144,16384,32768,32768,11,11,189,163,1775743244000,pumpswap,REPEAT
2026-04-09T18:36:57.336Z,HHLYUhjNpygSpCTwHLn1riBQzKJfzaoFVAeVHSH8pump,BSPIKE,BABY SPIKE,solana,0.000002449,,8,65536,65536,,2048,2048,,,1,1,1775746844000,pumpfun,REPEAT
2026-04-09T18:36:57.336Z,9hHYYG9vwBBsp11Lo89xbH8QSHWzpXYpG2NykMkipump,MooYor,MooYor,solana,0.000002240,32,128,1048576,1048576,4096,2048,2048,,1,4,10,1775745206000,pumpswap,REPEAT
2026-04-09T18:41:57.336Z,EG7XoDFvtRocfZAKUeTFJTqrfqoz2SnDZWwHDi7Npump,Epic,Epic,solana,0.00001451,32768,65536,65536,65536,,16384,16384,396,239,801,504,1775759358000,pumpfun,NEW
2026-04-09T18:41:57.336Z,2Ucsy2X6LadN8Q49naQ7pKiC1nuAYtnwnrHGEeFKpump,WATP,WATP COIN,solana,0.000003020,16,1024,2048,2048,,4096,4096,,1,44,42,1775059894000,pumpfun,REPEAT
2026-04-09T18:41:57.336Z,5552z6Qp2xr596ox1UVN4ppDwwyjCfY8cXwzHMXgMcaS,MOLTING,Molting,solana,0.0008356,2048,16384,65536,131072,65536,1048576,1048576,5,7,112,126,1769857955000,orca,REPEAT
2026-04-09T18:41:57.336Z,2LsescRjhcxoUwEQLpcsd3Gh6AHUyqEHANDakkoSpump,IRYNA,Justice for Iryna,solana,0.0001466,,8192,32768,131072,65536,131072,131072,,,48,34,1757156435000,pumpswap,REPEAT
2026-04-09T18:41:57.336Z,GHpK2bcd2eheHvwd51F671RYqmiSX4bGvCtuPNLJpump,FWEG,FWEG,solana,0.00007669,4096,65536,65536,65536,16384,65536,65536,263,62,2392,974,1775757593000,pumpswap,REPEAT
2026-04-09T18:41:57.336Z,DLL963ppvxosnfCn3JczxQchybks5pFKu6K3nvLspump,Tittypress,Hydraulic Tittypress,solana,0.00002166,1024,16384,131072,131072,,16384,16384,16,17,225,202,1775751769000,pumpfun,REPEAT
2026-04-09T18:41:57.336Z,7o1chhM3YW9EJsW7vZR4xRsPsinz5nm1iMtHYe9kpump,Tilly G,Tilly G,solana,0.00007956,32768,262144,262144,262144,16384,65536,65536,591,152,12028,2124,1775756625000,pumpswap,REPEAT
2026-04-09T18:41:57.336Z,GHpK2bcd2eheHvwd51F671RYqmiSX4bGvCtuPNLJpump,FWEG,FWEG,solana,0.00007669,4096,65536,65536,65536,16384,65536,65536,263,62,2392,974,1775757593000,pumpswap,REPEAT
2026-04-09T18:41:57.336Z,2Qp8zANZK7pjxNTDZh7EqLVG4MpvGty1hvHDTXaiBAGS,ONBOARD,ONBOARD,solana,0.00002108,128,1024,4096,65536,,16384,16384,,1,18,7,1775683438000,bags,REPEAT
2026-04-09T18:41:57.336Z,QT5pHWLS4DNe2s1PZDLWEjKn4rDXNqnk9D7AWe57cap,CAP,CapCat,solana,0.000007792,8192,262144,262144,262144,8192,8192,8192,231,147,4658,3123,1775757287000,pumpswap,REPEAT
2026-04-09T18:41:57.336Z,8u8g93eEuXpe2SsUFAHGdr94irDLATpafjVipAMbpump,AZKi,AZKi,solana,0.00005426,16384,262144,262144,262144,16384,65536,65536,774,138,9188,1495,1775755985000,pumpswap,REPEAT
2026-04-09T18:41:57.336Z,41QbtLKqJmPCP5TmnHx9pVQtwCGDc1GV5A4WVfy9pump,MOODUANG,Moo Duang,solana,0.00001616,256,4096,32768,32768,8192,16384,16384,4,2,56,61,1775743897000,pumpswap,REPEAT
2026-04-09T18:41:57.336Z,13GUK7F6Zi55PrCoxcJwNaR189uishNATLStt4tuE4R,PEPETF,Pepe ETF,solana,0.00001964,256,16384,65536,65536,8192,16384,16384,9,14,453,319,1775754427000,pumpswap,REPEAT
2026-04-09T18:41:57.336Z,54VKrYFsL3BdeDu2yRMVM9GbHrXkxcVAULX5RxA5pump,LAIKA,Laika The Space Dog,solana,0.00009830,32768,524288,524288,524288,32768,131072,131072,764,186,14479,2694,1775756664000,pumpswap,REPEAT
2026-04-09T18:41:57.336Z,9MjRHK7iFSDco7EYMuU5L9sp9a9gPr7jTudzgTdNpump,笑哭猫,lmeow,solana,0.000004457,256,16384,131072,131072,4096,4096,4096,8,21,460,426,1775754780000,pumpswap,REPEAT
2026-04-09T18:41:57.336Z,9SeCSdbPzz95KomGUGEV9Shn2zGXNmMJhE9J72Hipump,Iroha,イロハ,solana,0.001779,2048,131072,524288,2097152,131072,2097152,2097152,18,62,736,589,1775525060000,pumpswap,REPEAT
2026-04-09T18:41:57.336Z,5RXFKVXXmVaobpEBekXskTWdBmmvQL6KXAjPphnFpump,SDR,Strategic Defense Reserve,solana,0.00003538,,1024,4096,16384,16384,32768,32768,,,14,18,1775697755000,pumpswap,REPEAT
2026-04-09T18:41:57.336Z,9MjRHK7iFSDco7EYMuU5L9sp9a9gPr7jTudzgTdNpump,笑哭猫,lmeow,solana,0.000004457,256,16384,131072,131072,4096,4096,4096,8,21,460,426,1775754780000,pumpswap,REPEAT
2026-04-09T18:41:57.336Z,C4uKznf7esEEaDcNQiXBBqA1j9w4P7sNYNH1DozApump,MOOYOR,หมูยอ,solana,0.0001325,16,8192,65536,131072,32768,131072,131072,2,2,86,55,1775139582000,pumpswap,REPEAT
2026-04-09T18:41:57.336Z,sB7SkzCotrxBNyCxcmKqDDKkUWQnJhaKprS6s9xpump,OPAL,Opal The Orangutan,solana,0.0001579,512,8192,65536,262144,32768,131072,131072,12,5,84,64,1775619801000,pumpswap,REPEAT
2026-04-09T18:41:57.336Z,9AEtb967xTMosjp9XFhvHLhscPNYgDWc15jFAZR8pump,RƎ́V,REVÉRSÉ SOCIETY,solana,0.0001487,1024,4096,8192,131072,32768,131072,131072,13,2,68,30,1775691640000,pumpswap,REPEAT
2026-04-09T18:41:57.336Z,FfJikRuD1cPAS42ifYPMe1w42DR9bxPShenmhy5Ypump,JURDAN,Mikel Jurdan,solana,0.000002101,0,64,524288,524288,4096,2048,2048,,1,1,7,1775749206000,pumpswap,REPEAT
2026-04-09T18:41:57.336Z,Hon2rHAiqkcDtUzL5gA2vjXPr7T1MPCK2UT2AHKCpump,MAGA,Make Aliens Great Again ,solana,0.00006656,8,2048,16384,65536,16384,65536,65536,1,,45,47,1771624966000,pumpswap,REPEAT
2026-04-09T18:41:57.336Z,7ZVJqzsPVoB2aSonJEW4jjvkBtwufMx41rZGryJ2pump,CHUD,Chud,solana,0.000002821,,64,262144,262144,4096,2048,2048,,,3,8,1775748170000,pumpswap,REPEAT
2026-04-09T18:41:57.336Z,9MjRHK7iFSDco7EYMuU5L9sp9a9gPr7jTudzgTdNpump,笑哭猫,lmeow,solana,0.000004457,256,16384,131072,131072,4096,4096,4096,8,21,460,426,1775754780000,pumpswap,REPEAT
2026-04-09T18:41:57.336Z,EcsMm5VEgKz1HMkc47fLdF7Vy4vnUuoptdW5k6kepump,believe,still believe,solana,0.0001366,32,512,16384,32768,32768,131072,131072,1,2,11,13,1774980244000,pumpswap,REPEAT
2026-04-09T18:41:57.336Z,7bxWJngTKUgX7cY1RxKXmR1RdMNszJhZCXM8vzESpump,momiji,momiji,solana,0.00002001,128,8192,65536,131072,8192,16384,16384,3,20,192,141,1775699885000,pumpswap,REPEAT
2026-04-09T18:41:57.336Z,5qRgEsvn5hbHznbvPYwignf7r2GHRXAcuVUPmNgEpump,FTH,Flying Toilet Horse,solana,0.00004103,512,16384,262144,262144,16384,32768,32768,3,13,166,160,1775743244000,pumpswap,REPEAT
2026-04-09T18:41:57.336Z,HHLYUhjNpygSpCTwHLn1riBQzKJfzaoFVAeVHSH8pump,BSPIKE,BABY SPIKE,solana,0.000002449,,8,65536,65536,,2048,2048,,,1,1,1775746844000,pumpfun,REPEAT
2026-04-09T18:46:57.335Z,EG7XoDFvtRocfZAKUeTFJTqrfqoz2SnDZWwHDi7Npump,Epic,Epic,solana,0.00001070,8192,65536,65536,65536,,8192,8192,171,165,978,670,1775759358000,pumpfun,REPEAT
2026-04-09T18:46:57.335Z,2Ucsy2X6LadN8Q49naQ7pKiC1nuAYtnwnrHGEeFKpump,WATP,WATP COIN,solana,0.000003020,,1024,2048,2048,,4096,4096,,,40,38,1775059894000,pumpfun,REPEAT
2026-04-09T18:46:57.335Z,5552z6Qp2xr596ox1UVN4ppDwwyjCfY8cXwzHMXgMcaS,MOLTING,Molting,solana,0.0008527,512,16384,65536,131072,65536,1048576,1048576,16,9,123,131,1769857955000,orca,REPEAT
2026-04-09T18:46:57.335Z,2LsescRjhcxoUwEQLpcsd3Gh6AHUyqEHANDakkoSpump,IRYNA,Justice for Iryna,solana,0.0001458,64,4096,32768,131072,65536,131072,131072,,3,28,33,1757156435000,pumpswap,REPEAT
2026-04-09T18:46:57.335Z,GHpK2bcd2eheHvwd51F671RYqmiSX4bGvCtuPNLJpump,FWEG,FWEG,solana,0.00007691,2048,65536,65536,65536,16384,65536,65536,61,42,2457,1021,1775757593000,pumpswap,REPEAT
2026-04-09T18:46:57.335Z,DLL963ppvxosnfCn3JczxQchybks5pFKu6K3nvLspump,Tittypress,Hydraulic Tittypress,solana,0.00002474,32768,32768,32768,32768,16384,32768,32768,365,265,365,265,1775760220000,pumpswap,REPEAT
2026-04-09T18:46:57.335Z,7o1chhM3YW9EJsW7vZR4xRsPsinz5nm1iMtHYe9kpump,Tilly G,Tilly G,solana,0.00006486,32768,262144,262144,262144,16384,65536,65536,541,180,11383,2150,1775756625000,pumpswap,REPEAT
2026-04-09T18:46:57.335Z,GHpK2bcd2eheHvwd51F671RYqmiSX4bGvCtuPNLJpump,FWEG,FWEG,solana,0.00007691,2048,65536,65536,65536,16384,65536,65536,61,42,2457,1021,1775757593000,pumpswap,REPEAT
2026-04-09T18:46:57.335Z,2Qp8zANZK7pjxNTDZh7EqLVG4MpvGty1hvHDTXaiBAGS,ONBOARD,ONBOARD,solana,0.00001968,128,2048,4096,65536,,16384,16384,1,3,19,10,1775683438000,bags,REPEAT
2026-04-09T18:46:57.335Z,QT5pHWLS4DNe2s1PZDLWEjKn4rDXNqnk9D7AWe57cap,CAP,CapCat,solana,0.000007326,4096,262144,262144,262144,8192,8192,8192,182,118,4856,3260,1775757287000,pumpswap,REPEAT
2026-04-09T18:46:57.335Z,8u8g93eEuXpe2SsUFAHGdr94irDLATpafjVipAMbpump,AZKi,AZKi,solana,0.00005976,16384,262144,262144,262144,16384,65536,65536,444,140,8419,1529,1775755985000,pumpswap,REPEAT
2026-04-09T18:46:57.335Z,41QbtLKqJmPCP5TmnHx9pVQtwCGDc1GV5A4WVfy9pump,MOODUANG,Moo Duang,solana,0.00001607,32,4096,32768,32768,8192,16384,16384,1,3,54,55,1775743897000,pumpswap,REPEAT
2026-04-09T18:46:57.335Z,13GUK7F6Zi55PrCoxcJwNaR189uishNATLStt4tuE4R,PEPETF,Pepe ETF,solana,0.00002178,512,16384,65536,65536,8192,16384,16384,19,7,365,265,1775754427000,pumpswap,REPEAT
2026-04-09T18:46:57.335Z,54VKrYFsL3BdeDu2yRMVM9GbHrXkxcVAULX5RxA5pump,LAIKA,Laika The Space Dog,solana,0.00007454,32768,524288,524288,524288,16384,65536,65536,570,216,13696,2797,1775756664000,pumpswap,REPEAT
2026-04-09T18:46:57.335Z,9MjRHK7iFSDco7EYMuU5L9sp9a9gPr7jTudzgTdNpump,笑哭猫,lmeow,solana,0.000004910,512,16384,131072,131072,4096,4096,4096,17,4,403,389,1775754780000,pumpswap,REPEAT
2026-04-09T18:46:57.335Z,9SeCSdbPzz95KomGUGEV9Shn2zGXNmMJhE9J72Hipump,Iroha,イロハ,solana,0.001724,8192,131072,524288,2097152,131072,2097152,2097152,28,23,744,570,1775525060000,pumpswap,REPEAT
2026-04-09T18:46:57.335Z,5RXFKVXXmVaobpEBekXskTWdBmmvQL6KXAjPphnFpump,SDR,Strategic Defense Reserve,solana,0.00003627,64,1024,4096,16384,16384,32768,32768,1,,15,18,1775697755000,pumpswap,REPEAT
2026-04-09T18:46:57.335Z,9MjRHK7iFSDco7EYMuU5L9sp9a9gPr7jTudzgTdNpump,笑哭猫,lmeow,solana,0.000004910,512,16384,131072,131072,4096,4096,4096,17,4,403,389,1775754780000,pumpswap,REPEAT
2026-04-09T18:46:57.335Z,C4uKznf7esEEaDcNQiXBBqA1j9w4P7sNYNH1DozApump,MOOYOR,หมูยอ,solana,0.0001303,16,4096,65536,131072,32768,131072,131072,,2,84,54,1775139582000,pumpswap,REPEAT
2026-04-09T18:46:57.335Z,sB7SkzCotrxBNyCxcmKqDDKkUWQnJhaKprS6s9xpump,OPAL,Opal The Orangutan,solana,0.0001578,256,8192,65536,262144,32768,131072,131072,9,4,91,64,1775619801000,pumpswap,REPEAT
2026-04-09T18:46:57.335Z,9AEtb967xTMosjp9XFhvHLhscPNYgDWc15jFAZR8pump,RƎ́V,REVÉRSÉ SOCIETY,solana,0.0001524,256,4096,8192,131072,32768,131072,131072,5,5,70,35,1775691640000,pumpswap,REPEAT
2026-04-09T18:46:57.335Z,FfJikRuD1cPAS42ifYPMe1w42DR9bxPShenmhy5Ypump,JURDAN,Mikel Jurdan,solana,0.000002093,2,64,524288,524288,4096,2048,2048,1,2,2,9,1775749206000,pumpswap,REPEAT
2026-04-09T18:46:57.335Z,Hon2rHAiqkcDtUzL5gA2vjXPr7T1MPCK2UT2AHKCpump,MAGA,Make Aliens Great Again ,solana,0.00006569,128,2048,16384,65536,16384,65536,65536,3,4,43,47,1771624966000,pumpswap,REPEAT
2026-04-09T18:46:57.335Z,7ZVJqzsPVoB2aSonJEW4jjvkBtwufMx41rZGryJ2pump,CHUD,Chud,solana,0.000002821,,64,262144,262144,4096,2048,2048,,,3,8,1775748170000,pumpswap,REPEAT
2026-04-09T18:46:57.335Z,9MjRHK7iFSDco7EYMuU5L9sp9a9gPr7jTudzgTdNpump,笑哭猫,lmeow,solana,0.000004910,512,16384,131072,131072,4096,4096,4096,17,4,403,389,1775754780000,pumpswap,REPEAT
2026-04-09T18:46:57.335Z,EcsMm5VEgKz1HMkc47fLdF7Vy4vnUuoptdW5k6kepump,believe,still believe,solana,0.0001366,,512,16384,32768,32768,131072,131072,,,11,11,1774980244000,pumpswap,REPEAT
2026-04-09T18:46:57.335Z,7bxWJngTKUgX7cY1RxKXmR1RdMNszJhZCXM8vzESpump,momiji,momiji,solana,0.00001837,512,8192,65536,131072,8192,16384,16384,6,21,174,153,1775699885000,pumpswap,REPEAT
2026-04-09T18:46:57.335Z,5qRgEsvn5hbHznbvPYwignf7r2GHRXAcuVUPmNgEpump,FTH,Flying Toilet Horse,solana,0.00004345,256,8192,262144,262144,16384,32768,32768,8,1,149,141,1775743244000,pumpswap,REPEAT
2026-04-09T18:46:57.335Z,HHLYUhjNpygSpCTwHLn1riBQzKJfzaoFVAeVHSH8pump,BSPIKE,BABY SPIKE,solana,0.000002449,,8,65536,65536,,2048,2048,,,1,1,1775746844000,pumpfun,REPEAT
2026-04-09T18:51:57.336Z,98t9PEJF5QvAdGhu3MuQ2ww57NkRV1Rg7evSZNFxpump,$BABYTAN,BabyTan,solana,0.000009148,4,128,4096,16384,,8192,8192,1,,2,4,1775571529000,pumpfun,NEW
2026-04-09T18:51:57.336Z,EG7XoDFvtRocfZAKUeTFJTqrfqoz2SnDZWwHDi7Npump,Epic,Epic,solana,0.00001190,2048,65536,65536,65536,,16384,16384,54,29,1032,699,1775759358000,pumpfun,REPEAT
2026-04-09T18:51:57.336Z,2Ucsy2X6LadN8Q49naQ7pKiC1nuAYtnwnrHGEeFKpump,WATP,WATP COIN,solana,0.000003020,,1024,2048,2048,,4096,4096,,,37,35,1775059894000,pumpfun,REPEAT
2026-04-09T18:51:57.336Z,5552z6Qp2xr596ox1UVN4ppDwwyjCfY8cXwzHMXgMcaS,MOLTING,Molting,solana,0.0008694,128,16384,65536,131072,65536,1048576,1048576,8,8,131,136,1769857955000,orca,REPEAT
2026-04-09T18:51:57.336Z,2LsescRjhcxoUwEQLpcsd3Gh6AHUyqEHANDakkoSpump,IRYNA,Justice for Iryna,solana,0.0001444,128,4096,32768,65536,65536,131072,131072,,3,25,36,1757156435000,pumpswap,REPEAT
2026-04-09T18:51:57.336Z,GHpK2bcd2eheHvwd51F671RYqmiSX4bGvCtuPNLJpump,FWEG,FWEG,solana,0.00008123,8192,65536,65536,65536,16384,65536,65536,122,94,2590,1123,1775757593000,pumpswap,REPEAT
2026-04-09T18:51:57.336Z,DLL963ppvxosnfCn3JczxQchybks5pFKu6K3nvLspump,Tittypress,Hydraulic Tittypress,solana,0.00002085,8192,32768,32768,32768,8192,16384,16384,189,117,586,399,1775760220000,pumpswap,REPEAT
2026-04-09T18:51:57.336Z,7o1chhM3YW9EJsW7vZR4xRsPsinz5nm1iMtHYe9kpump,Tilly G,Tilly G,solana,0.00006898,16384,262144,524288,524288,16384,65536,65536,520,164,10205,2139,1775756625000,pumpswap,REPEAT
2026-04-09T18:51:57.336Z,GHpK2bcd2eheHvwd51F671RYqmiSX4bGvCtuPNLJpump,FWEG,FWEG,solana,0.00008123,8192,65536,65536,65536,16384,65536,65536,122,94,2590,1123,1775757593000,pumpswap,REPEAT
2026-04-09T18:51:57.336Z,2Qp8zANZK7pjxNTDZh7EqLVG4MpvGty1hvHDTXaiBAGS,ONBOARD,ONBOARD,solana,0.00002039,128,2048,4096,65536,,16384,16384,1,,18,10,1775683438000,bags,REPEAT
2026-04-09T18:51:57.336Z,QT5pHWLS4DNe2s1PZDLWEjKn4rDXNqnk9D7AWe57cap,CAP,CapCat,solana,0.000005446,4096,262144,262144,262144,4096,4096,4096,172,128,5047,3404,1775757287000,pumpswap,REPEAT
2026-04-09T18:51:57.336Z,8u8g93eEuXpe2SsUFAHGdr94irDLATpafjVipAMbpump,AZKi,AZKi,solana,0.00005849,16384,262144,262144,262144,16384,65536,65536,167,132,7727,1544,1775755985000,pumpswap,REPEAT
2026-04-09T18:51:57.336Z,41QbtLKqJmPCP5TmnHx9pVQtwCGDc1GV5A4WVfy9pump,MOODUANG,Moo Duang,solana,0.00001860,512,4096,32768,32768,8192,16384,16384,4,2,56,51,1775743897000,pumpswap,REPEAT
2026-04-09T18:51:57.336Z,13GUK7F6Zi55PrCoxcJwNaR189uishNATLStt4tuE4R,PEPETF,Pepe ETF,solana,0.00001861,1024,16384,65536,65536,8192,16384,16384,9,19,320,245,1775754427000,pumpswap,REPEAT
2026-04-09T18:51:57.336Z,54VKrYFsL3BdeDu2yRMVM9GbHrXkxcVAULX5RxA5pump,LAIKA,Laika The Space Dog,solana,0.000002492,8192,524288,524288,524288,4096,2048,2048,85,6840,11085,9295,1775756664000,pumpswap,REPEAT
2026-04-09T18:51:57.336Z,9MjRHK7iFSDco7EYMuU5L9sp9a9gPr7jTudzgTdNpump,笑哭猫,lmeow,solana,0.000004811,512,16384,131072,131072,4096,4096,4096,14,20,375,369,1775754780000,pumpswap,REPEAT
2026-04-09T18:51:57.336Z,9SeCSdbPzz95KomGUGEV9Shn2zGXNmMJhE9J72Hipump,Iroha,イロハ,solana,0.001781,4096,131072,524288,2097152,131072,2097152,2097152,21,31,729,569,1775525060000,pumpswap,REPEAT
2026-04-09T18:51:57.336Z,5RXFKVXXmVaobpEBekXskTWdBmmvQL6KXAjPphnFpump,SDR,Strategic Defense Reserve,solana,0.00003618,0,1024,4096,16384,16384,32768,32768,,1,15,18,1775697755000,pumpswap,REPEAT
2026-04-09T18:51:57.336Z,9MjRHK7iFSDco7EYMuU5L9sp9a9gPr7jTudzgTdNpump,笑哭猫,lmeow,solana,0.000004811,512,16384,131072,131072,4096,4096,4096,14,20,375,369,1775754780000,pumpswap,REPEAT
2026-04-09T18:51:57.336Z,C4uKznf7esEEaDcNQiXBBqA1j9w4P7sNYNH1DozApump,MOOYOR,หมูยอ,solana,0.0001295,128,4096,65536,131072,32768,131072,131072,1,2,79,52,1775139582000,pumpswap,REPEAT
2026-04-09T18:51:57.336Z,sB7SkzCotrxBNyCxcmKqDDKkUWQnJhaKprS6s9xpump,OPAL,Opal The Orangutan,solana,0.0001600,128,8192,65536,262144,32768,131072,131072,5,1,93,59,1775619801000,pumpswap,REPEAT
2026-04-09T18:51:57.336Z,9AEtb967xTMosjp9XFhvHLhscPNYgDWc15jFAZR8pump,RƎ́V,REVÉRSÉ SOCIETY,solana,0.0001485,256,2048,8192,131072,32768,131072,131072,2,5,45,36,1775691640000,pumpswap,REPEAT
2026-04-09T18:51:57.336Z,FfJikRuD1cPAS42ifYPMe1w42DR9bxPShenmhy5Ypump,JURDAN,Mikel Jurdan,solana,0.000002094,0,64,524288,524288,4096,2048,2048,,1,2,10,1775749206000,pumpswap,REPEAT
2026-04-09T18:51:57.336Z,Hon2rHAiqkcDtUzL5gA2vjXPr7T1MPCK2UT2AHKCpump,MAGA,Make Aliens Great Again ,solana,0.00006506,128,2048,16384,65536,16384,65536,65536,3,3,35,40,1771624966000,pumpswap,REPEAT
2026-04-09T18:51:57.336Z,7ZVJqzsPVoB2aSonJEW4jjvkBtwufMx41rZGryJ2pump,CHUD,Chud,solana,0.000002821,,64,262144,262144,4096,2048,2048,,,3,8,1775748170000,pumpswap,REPEAT
2026-04-09T18:51:57.336Z,9MjRHK7iFSDco7EYMuU5L9sp9a9gPr7jTudzgTdNpump,笑哭猫,lmeow,solana,0.000004811,512,16384,131072,131072,4096,4096,4096,14,20,375,369,1775754780000,pumpswap,REPEAT
2026-04-09T18:51:57.336Z,EcsMm5VEgKz1HMkc47fLdF7Vy4vnUuoptdW5k6kepump,believe,still believe,solana,0.0001354,64,512,16384,32768,32768,131072,131072,1,2,11,13,1774980244000,pumpswap,REPEAT
2026-04-09T18:51:57.336Z,7bxWJngTKUgX7cY1RxKXmR1RdMNszJhZCXM8vzESpump,momiji,momiji,solana,0.00001982,1024,8192,65536,131072,8192,16384,16384,26,16,198,168,1775699885000,pumpswap,REPEAT
2026-04-09T18:51:57.336Z,5qRgEsvn5hbHznbvPYwignf7r2GHRXAcuVUPmNgEpump,FTH,Flying Toilet Horse,solana,0.00004307,128,8192,262144,262144,16384,32768,32768,6,7,131,124,1775743244000,pumpswap,REPEAT
2026-04-09T18:56:57.336Z,36LH66oxCatKUCQHnRFChR25F6pzDjBbtsTiWSkYWEqE,SDR,Strategic Defense Reserve,solana,0.001145,1024,8192,32768,262144,65536,1048576,1048576,12,9,71,37,1775673065000,meteora,NEW
2026-04-09T18:56:57.336Z,98t9PEJF5QvAdGhu3MuQ2ww57NkRV1Rg7evSZNFxpump,$BABYTAN,BabyTan,solana,0.000009268,32,128,4096,16384,,8192,8192,2,1,4,5,1775571529000,pumpfun,REPEAT
2026-04-09T18:56:57.336Z,EG7XoDFvtRocfZAKUeTFJTqrfqoz2SnDZWwHDi7Npump,Epic,Epic,solana,0.00001263,2048,65536,65536,65536,,16384,16384,56,32,1088,731,1775759358000,pumpfun,REPEAT
2026-04-09T18:56:57.336Z,2Ucsy2X6LadN8Q49naQ7pKiC1nuAYtnwnrHGEeFKpump,WATP,WATP COIN,solana,0.000003020,,1024,2048,2048,,4096,4096,,,34,32,1775059894000,pumpfun,REPEAT
2026-04-09T18:56:57.336Z,5552z6Qp2xr596ox1UVN4ppDwwyjCfY8cXwzHMXgMcaS,MOLTING,Molting,solana,0.0008437,512,16384,65536,131072,65536,1048576,1048576,18,19,134,142,1769857955000,orca,REPEAT
2026-04-09T18:56:57.336Z,2LsescRjhcxoUwEQLpcsd3Gh6AHUyqEHANDakkoSpump,IRYNA,Justice for Iryna,solana,0.0001445,64,2048,32768,65536,65536,131072,131072,,1,17,33,1757156435000,pumpswap,REPEAT
2026-04-09T18:56:57.336Z,GHpK2bcd2eheHvwd51F671RYqmiSX4bGvCtuPNLJpump,FWEG,FWEG,solana,0.00009578,8192,131072,131072,131072,32768,131072,131072,110,117,2710,1249,1775757593000,pumpswap,REPEAT
2026-04-09T18:56:57.336Z,DLL963ppvxosnfCn3JczxQchybks5pFKu6K3nvLspump,Tittypress,Hydraulic Tittypress,solana,0.00002778,4096,32768,32768,32768,16384,32768,32768,59,42,649,453,1775760220000,pumpswap,REPEAT
2026-04-09T18:56:57.336Z,7o1chhM3YW9EJsW7vZR4xRsPsinz5nm1iMtHYe9kpump,Tilly G,Tilly G,solana,0.00006937,16384,262144,524288,524288,16384,65536,65536,138,99,8556,2052,1775756625000,pumpswap,REPEAT
2026-04-09T18:56:57.336Z,GHpK2bcd2eheHvwd51F671RYqmiSX4bGvCtuPNLJpump,FWEG,FWEG,solana,0.00009578,8192,131072,131072,131072,32768,131072,131072,110,117,2710,1249,1775757593000,pumpswap,REPEAT
2026-04-09T18:56:57.336Z,2Qp8zANZK7pjxNTDZh7EqLVG4MpvGty1hvHDTXaiBAGS,ONBOARD,ONBOARD,solana,0.00002408,512,2048,4096,65536,,32768,32768,11,1,29,10,1775683438000,bags,REPEAT
2026-04-09T18:56:57.336Z,QT5pHWLS4DNe2s1PZDLWEjKn4rDXNqnk9D7AWe57cap,CAP,CapCat,solana,0.000004853,4096,262144,262144,262144,4096,4096,4096,168,125,4331,2928,1775757287000,pumpswap,REPEAT
2026-04-09T18:56:57.336Z,8u8g93eEuXpe2SsUFAHGdr94irDLATpafjVipAMbpump,AZKi,AZKi,solana,0.00006672,16384,262144,262144,262144,16384,65536,65536,164,118,7617,1521,1775755985000,pumpswap,REPEAT
2026-04-09T18:56:57.336Z,41QbtLKqJmPCP5TmnHx9pVQtwCGDc1GV5A4WVfy9pump,MOODUANG,Moo Duang,solana,0.00001850,64,4096,32768,32768,8192,16384,16384,1,2,54,48,1775743897000,pumpswap,REPEAT
2026-04-09T18:56:57.336Z,13GUK7F6Zi55PrCoxcJwNaR189uishNATLStt4tuE4R,PEPETF,Pepe ETF,solana,0.00001357,1024,16384,65536,65536,8192,16384,16384,33,20,326,234,1775754427000,pumpswap,REPEAT
2026-04-09T18:56:57.336Z,54VKrYFsL3BdeDu2yRMVM9GbHrXkxcVAULX5RxA5pump,LAIKA,Laika The Space Dog,solana,0.000002491,128,524288,524288,524288,4096,2048,2048,3,2067,8493,11102,1775756664000,pumpswap,REPEAT
2026-04-09T18:56:57.336Z,9MjRHK7iFSDco7EYMuU5L9sp9a9gPr7jTudzgTdNpump,笑哭猫,lmeow,solana,0.000004932,128,16384,131072,131072,4096,4096,4096,5,5,312,326,1775754780000,pumpswap,REPEAT
2026-04-09T18:56:57.336Z,9SeCSdbPzz95KomGUGEV9Shn2zGXNmMJhE9J72Hipump,Iroha,イロハ,solana,0.001740,4096,131072,524288,2097152,131072,2097152,2097152,21,16,726,554,1775525060000,pumpswap,REPEAT
2026-04-09T18:56:57.336Z,5RXFKVXXmVaobpEBekXskTWdBmmvQL6KXAjPphnFpump,SDR,Strategic Defense Reserve,solana,0.00003618,,1024,4096,16384,16384,32768,32768,,,15,18,1775697755000,pumpswap,REPEAT
2026-04-09T18:56:57.336Z,9MjRHK7iFSDco7EYMuU5L9sp9a9gPr7jTudzgTdNpump,笑哭猫,lmeow,solana,0.000004932,128,16384,131072,131072,4096,4096,4096,5,5,312,326,1775754780000,pumpswap,REPEAT
2026-04-09T18:56:57.336Z,C4uKznf7esEEaDcNQiXBBqA1j9w4P7sNYNH1DozApump,MOOYOR,หมูยอ,solana,0.0001341,256,4096,65536,131072,32768,131072,131072,5,5,84,54,1775139582000,pumpswap,REPEAT
2026-04-09T18:56:57.336Z,sB7SkzCotrxBNyCxcmKqDDKkUWQnJhaKprS6s9xpump,OPAL,Opal The Orangutan,solana,0.0001572,256,8192,65536,262144,32768,131072,131072,3,5,94,62,1775619801000,pumpswap,REPEAT
2026-04-09T18:56:57.336Z,9AEtb967xTMosjp9XFhvHLhscPNYgDWc15jFAZR8pump,RƎ́V,REVÉRSÉ SOCIETY,solana,0.0001469,256,2048,8192,131072,32768,131072,131072,4,1,48,34,1775691640000,pumpswap,REPEAT
2026-04-09T18:56:57.336Z,FfJikRuD1cPAS42ifYPMe1w42DR9bxPShenmhy5Ypump,JURDAN,Mikel Jurdan,solana,0.000002094,,64,524288,524288,4096,2048,2048,,,2,9,1775749206000,pumpswap,REPEAT
2026-04-09T18:56:57.336Z,Hon2rHAiqkcDtUzL5gA2vjXPr7T1MPCK2UT2AHKCpump,MAGA,Make Aliens Great Again ,solana,0.00007080,256,2048,16384,65536,16384,65536,65536,8,6,44,46,1771624966000,pumpswap,REPEAT
2026-04-09T18:56:57.336Z,7ZVJqzsPVoB2aSonJEW4jjvkBtwufMx41rZGryJ2pump,CHUD,Chud,solana,0.000002821,,64,262144,262144,4096,2048,2048,,,3,7,1775748170000,pumpswap,REPEAT
2026-04-09T18:56:57.336Z,9MjRHK7iFSDco7EYMuU5L9sp9a9gPr7jTudzgTdNpump,笑哭猫,lmeow,solana,0.000004932,128,16384,131072,131072,4096,4096,4096,5,5,312,326,1775754780000,pumpswap,REPEAT
2026-04-09T18:56:57.336Z,EcsMm5VEgKz1HMkc47fLdF7Vy4vnUuoptdW5k6kepump,believe,still believe,solana,0.0001354,,256,16384,32768,32768,131072,131072,,,10,12,1774980244000,pumpswap,REPEAT
2026-04-09T18:56:57.336Z,7bxWJngTKUgX7cY1RxKXmR1RdMNszJhZCXM8vzESpump,momiji,momiji,solana,0.00001822,256,8192,65536,131072,8192,16384,16384,1,7,193,162,1775699885000,pumpswap,REPEAT
2026-04-09T19:01:57.337Z,5xNgCvoNGvczehFW75NUKCAdjjANR71qkWnimSy6pump,CRYPTO,Cryptobatrachus Boulengeri,solana,0.00006560,32768,131072,131072,131072,16384,65536,65536,322,221,1651,1240,1775760237000,pumpswap,NEW
2026-04-09T19:01:57.337Z,36LH66oxCatKUCQHnRFChR25F6pzDjBbtsTiWSkYWEqE,SDR,Strategic Defense Reserve,solana,0.001180,2048,8192,65536,262144,65536,1048576,1048576,34,19,99,54,1775673065000,meteora,REPEAT
2026-04-09T19:01:57.337Z,98t9PEJF5QvAdGhu3MuQ2ww57NkRV1Rg7evSZNFxpump,$BABYTAN,BabyTan,solana,0.000009104,32,256,4096,16384,,8192,8192,,2,4,7,1775571529000,pumpfun,REPEAT
2026-04-09T19:01:57.337Z,EG7XoDFvtRocfZAKUeTFJTqrfqoz2SnDZWwHDi7Npump,Epic,Epic,solana,0.00001395,2048,65536,65536,65536,,16384,16384,32,19,1120,750,1775759358000,pumpfun,REPEAT
2026-04-09T19:01:57.337Z,2Ucsy2X6LadN8Q49naQ7pKiC1nuAYtnwnrHGEeFKpump,WATP,WATP COIN,solana,0.000003020,,1024,2048,2048,,4096,4096,,,30,28,1775059894000,pumpfun,REPEAT
2026-04-09T19:01:57.337Z,5552z6Qp2xr596ox1UVN4ppDwwyjCfY8cXwzHMXgMcaS,MOLTING,Molting,solana,0.0008742,2048,16384,65536,131072,65536,1048576,1048576,12,16,132,136,1769857955000,orca,REPEAT
2026-04-09T19:01:57.337Z,2LsescRjhcxoUwEQLpcsd3Gh6AHUyqEHANDakkoSpump,IRYNA,Justice for Iryna,solana,0.0001437,16,1024,32768,65536,65536,131072,131072,,2,8,30,1757156435000,pumpswap,REPEAT
2026-04-09T19:01:57.337Z,GHpK2bcd2eheHvwd51F671RYqmiSX4bGvCtuPNLJpump,FWEG,FWEG,solana,0.00009624,8192,131072,131072,131072,32768,131072,131072,118,110,2730,1339,1775757593000,pumpswap,REPEAT
2026-04-09T19:01:57.337Z,DLL963ppvxosnfCn3JczxQchybks5pFKu6K3nvLspump,Tittypress,Hydraulic Tittypress,solana,0.00001964,8192,65536,65536,65536,8192,16384,16384,118,85,775,544,1775760220000,pumpswap,REPEAT
2026-04-09T19:01:57.337Z,7o1chhM3YW9EJsW7vZR4xRsPsinz5nm1iMtHYe9kpump,Tilly G,Tilly G,solana,0.00007338,8192,262144,524288,524288,16384,65536,65536,98,67,7077,1936,1775756625000,pumpswap,REPEAT
2026-04-09T19:01:57.337Z,GHpK2bcd2eheHvwd51F671RYqmiSX4bGvCtuPNLJpump,FWEG,FWEG,solana,0.00009624,8192,131072,131072,131072,32768,131072,131072,118,110,2730,1339,1775757593000,pumpswap,REPEAT
2026-04-09T19:01:57.337Z,2Qp8zANZK7pjxNTDZh7EqLVG4MpvGty1hvHDTXaiBAGS,ONBOARD,ONBOARD,solana,0.00002721,512,2048,4096,65536,,32768,32768,4,1,33,10,1775683438000,bags,REPEAT
2026-04-09T19:01:57.337Z,QT5pHWLS4DNe2s1PZDLWEjKn4rDXNqnk9D7AWe57cap,CAP,CapCat,solana,0.000006688,4096,131072,262144,262144,8192,8192,8192,166,112,3729,2676,1775757287000,pumpswap,REPEAT
2026-04-09T19:01:57.337Z,8u8g93eEuXpe2SsUFAHGdr94irDLATpafjVipAMbpump,AZKi,AZKi,solana,0.00008727,32768,262144,262144,262144,32768,65536,65536,223,134,7685,1567,1775755985000,pumpswap,REPEAT
2026-04-09T19:01:57.337Z,41QbtLKqJmPCP5TmnHx9pVQtwCGDc1GV5A4WVfy9pump,MOODUANG,Moo Duang,solana,0.00001918,128,4096,32768,32768,8192,16384,16384,7,2,59,49,1775743897000,pumpswap,REPEAT
2026-04-09T19:01:57.337Z,13GUK7F6Zi55PrCoxcJwNaR189uishNATLStt4tuE4R,PEPETF,Pepe ETF,solana,0.00001529,1024,16384,65536,65536,8192,16384,16384,22,21,301,232,1775754427000,pumpswap,REPEAT
2026-04-09T19:01:57.337Z,54VKrYFsL3BdeDu2yRMVM9GbHrXkxcVAULX5RxA5pump,LAIKA,Laika The Space Dog,solana,0.000002035,512,262144,524288,524288,4096,2048,2048,10,7,6735,10855,1775756664000,pumpswap,REPEAT
2026-04-09T19:01:57.337Z,9MjRHK7iFSDco7EYMuU5L9sp9a9gPr7jTudzgTdNpump,笑哭猫,lmeow,solana,0.000004489,256,16384,131072,131072,4096,4096,4096,1,14,298,327,1775754780000,pumpswap,REPEAT
2026-04-09T19:01:57.337Z,9SeCSdbPzz95KomGUGEV9Shn2zGXNmMJhE9J72Hipump,Iroha,イロハ,solana,0.001821,4096,65536,524288,2097152,131072,2097152,2097152,27,11,690,509,1775525060000,pumpswap,REPEAT
2026-04-09T19:01:57.337Z,5RXFKVXXmVaobpEBekXskTWdBmmvQL6KXAjPphnFpump,SDR,Strategic Defense Reserve,solana,0.00003618,,1024,4096,16384,16384,32768,32768,,,14,17,1775697755000,pumpswap,REPEAT
2026-04-09T19:01:57.337Z,9MjRHK7iFSDco7EYMuU5L9sp9a9gPr7jTudzgTdNpump,笑哭猫,lmeow,solana,0.000004489,256,16384,131072,131072,4096,4096,4096,1,14,298,327,1775754780000,pumpswap,REPEAT
2026-04-09T19:01:57.337Z,C4uKznf7esEEaDcNQiXBBqA1j9w4P7sNYNH1DozApump,MOOYOR,หมูยอ,solana,0.0001346,16,4096,65536,131072,32768,131072,131072,1,1,84,53,1775139582000,pumpswap,REPEAT
2026-04-09T19:01:57.337Z,sB7SkzCotrxBNyCxcmKqDDKkUWQnJhaKprS6s9xpump,OPAL,Opal The Orangutan,solana,0.0001537,256,8192,65536,262144,32768,131072,131072,6,3,98,63,1775619801000,pumpswap,REPEAT
2026-04-09T19:01:57.337Z,9AEtb967xTMosjp9XFhvHLhscPNYgDWc15jFAZR8pump,RƎ́V,REVÉRSÉ SOCIETY,solana,0.0001469,8,2048,8192,131072,32768,131072,131072,1,,45,32,1775691640000,pumpswap,REPEAT
2026-04-09T19:01:57.337Z,FfJikRuD1cPAS42ifYPMe1w42DR9bxPShenmhy5Ypump,JURDAN,Mikel Jurdan,solana,0.000002103,,64,524288,524288,4096,2048,2048,,,2,9,1775749206000,pumpswap,REPEAT
2026-04-09T19:01:57.337Z,Hon2rHAiqkcDtUzL5gA2vjXPr7T1MPCK2UT2AHKCpump,MAGA,Make Aliens Great Again ,solana,0.00006987,64,2048,16384,65536,16384,65536,65536,2,1,46,48,1771624966000,pumpswap,REPEAT
2026-04-09T19:01:57.337Z,7ZVJqzsPVoB2aSonJEW4jjvkBtwufMx41rZGryJ2pump,CHUD,Chud,solana,0.000002821,,16,262144,262144,4096,2048,2048,,,1,3,1775748170000,pumpswap,REPEAT
2026-04-09T19:01:57.337Z,9MjRHK7iFSDco7EYMuU5L9sp9a9gPr7jTudzgTdNpump,笑哭猫,lmeow,solana,0.000004489,256,16384,131072,131072,4096,4096,4096,1,14,298,327,1775754780000,pumpswap,REPEAT
2026-04-09T19:01:57.337Z,EcsMm5VEgKz1HMkc47fLdF7Vy4vnUuoptdW5k6kepump,believe,still believe,solana,0.0001406,256,512,16384,32768,32768,131072,131072,4,,14,11,1774980244000,pumpswap,REPEAT
2026-04-09T19:01:57.337Z,7bxWJngTKUgX7cY1RxKXmR1RdMNszJhZCXM8vzESpump,momiji,momiji,solana,0.00001977,256,8192,65536,131072,8192,16384,16384,5,2,184,155,1775699885000,pumpswap,REPEAT
2026-04-09T19:06:57.338Z,5xNgCvoNGvczehFW75NUKCAdjjANR71qkWnimSy6pump,CRYPTO,Cryptobatrachus Boulengeri,solana,0.00008535,32768,131072,131072,131072,16384,65536,65536,313,226,1996,1479,1775760237000,pumpswap,REPEAT
2026-04-09T19:06:57.338Z,36LH66oxCatKUCQHnRFChR25F6pzDjBbtsTiWSkYWEqE,SDR,Strategic Defense Reserve,solana,0.001177,512,8192,65536,262144,65536,1048576,1048576,10,4,106,57,1775673065000,meteora,REPEAT
2026-04-09T19:06:57.338Z,98t9PEJF5QvAdGhu3MuQ2ww57NkRV1Rg7evSZNFxpump,$BABYTAN,BabyTan,solana,0.000008970,32,256,4096,16384,,8192,8192,,2,4,8,1775571529000,pumpfun,REPEAT
2026-04-09T19:06:57.338Z,EG7XoDFvtRocfZAKUeTFJTqrfqoz2SnDZWwHDi7Npump,Epic,Epic,solana,0.00001142,1024,65536,65536,65536,,8192,8192,10,23,1130,774,1775759358000,pumpfun,REPEAT
2026-04-09T19:06:57.338Z,2Ucsy2X6LadN8Q49naQ7pKiC1nuAYtnwnrHGEeFKpump,WATP,WATP COIN,solana,0.000003020,,1024,2048,2048,,4096,4096,,,27,25,1775059894000,pumpfun,REPEAT
2026-04-09T19:06:57.338Z,5552z6Qp2xr596ox1UVN4ppDwwyjCfY8cXwzHMXgMcaS,MOLTING,Molting,solana,0.0008178,1024,16384,65536,131072,65536,1048576,1048576,20,15,140,133,1769857955000,orca,REPEAT
2026-04-09T19:06:57.338Z,2LsescRjhcxoUwEQLpcsd3Gh6AHUyqEHANDakkoSpump,IRYNA,Justice for Iryna,solana,0.0001455,64,1024,32768,65536,65536,131072,131072,1,1,8,29,1757156435000,pumpswap,REPEAT
2026-04-09T19:06:57.338Z,GHpK2bcd2eheHvwd51F671RYqmiSX4bGvCtuPNLJpump,FWEG,FWEG,solana,0.00006774,16384,131072,131072,131072,16384,65536,65536,160,185,2696,1337,1775757593000,pumpswap,REPEAT
2026-04-09T19:06:57.338Z,DLL963ppvxosnfCn3JczxQchybks5pFKu6K3nvLspump,Tittypress,Hydraulic Tittypress,solana,0.00002546,2048,65536,65536,65536,16384,32768,32768,45,34,829,588,1775760220000,pumpswap,REPEAT
2026-04-09T19:06:57.338Z,7o1chhM3YW9EJsW7vZR4xRsPsinz5nm1iMtHYe9kpump,Tilly G,Tilly G,solana,0.00007133,8192,262144,524288,524288,16384,65536,65536,89,70,6034,1808,1775756625000,pumpswap,REPEAT
2026-04-09T19:06:57.338Z,GHpK2bcd2eheHvwd51F671RYqmiSX4bGvCtuPNLJpump,FWEG,FWEG,solana,0.00006774,16384,131072,131072,131072,16384,65536,65536,160,185,2696,1337,1775757593000,pumpswap,REPEAT
2026-04-09T19:06:57.338Z,2Qp8zANZK7pjxNTDZh7EqLVG4MpvGty1hvHDTXaiBAGS,ONBOARD,ONBOARD,solana,0.00002631,128,2048,4096,65536,,32768,32768,1,2,31,11,1775683438000,bags,REPEAT
2026-04-09T19:06:57.338Z,QT5pHWLS4DNe2s1PZDLWEjKn4rDXNqnk9D7AWe57cap,CAP,CapCat,solana,0.000006219,4096,131072,262144,262144,8192,8192,8192,140,98,3477,2509,1775757287000,pumpswap,REPEAT
2026-04-09T19:06:57.338Z,8u8g93eEuXpe2SsUFAHGdr94irDLATpafjVipAMbpump,AZKi,AZKi,solana,0.00007125,32768,262144,524288,524288,16384,65536,65536,202,133,7117,1575,1775755985000,pumpswap,REPEAT
2026-04-09T19:06:57.338Z,41QbtLKqJmPCP5TmnHx9pVQtwCGDc1GV5A4WVfy9pump,MOODUANG,Moo Duang,solana,0.00001905,128,4096,32768,32768,8192,16384,16384,1,4,46,52,1775743897000,pumpswap,REPEAT
2026-04-09T19:06:57.338Z,13GUK7F6Zi55PrCoxcJwNaR189uishNATLStt4tuE4R,PEPETF,Pepe ETF,solana,0.00001026,2048,16384,65536,65536,8192,8192,8192,24,28,279,228,1775754427000,pumpswap,REPEAT
2026-04-09T19:06:57.338Z,54VKrYFsL3BdeDu2yRMVM9GbHrXkxcVAULX5RxA5pump,LAIKA,Laika The Space Dog,solana,0.000002027,2,262144,524288,524288,4096,2048,2048,1,4,5496,10619,1775756664000,pumpswap,REPEAT
2026-04-09T19:06:57.338Z,9MjRHK7iFSDco7EYMuU5L9sp9a9gPr7jTudzgTdNpump,笑哭猫,lmeow,solana,0.000004409,16,8192,131072,131072,4096,4096,4096,1,5,257,300,1775754780000,pumpswap,REPEAT
2026-04-09T19:06:57.338Z,9SeCSdbPzz95KomGUGEV9Shn2zGXNmMJhE9J72Hipump,Iroha,イロハ,solana,0.001832,4096,131072,524288,2097152,131072,2097152,2097152,24,40,680,514,1775525060000,pumpswap,REPEAT
2026-04-09T19:06:57.338Z,5RXFKVXXmVaobpEBekXskTWdBmmvQL6KXAjPphnFpump,SDR,Strategic Defense Reserve,solana,0.00003621,16,1024,4096,16384,16384,32768,32768,1,2,15,19,1775697755000,pumpswap,REPEAT
2026-04-09T19:06:57.338Z,9MjRHK7iFSDco7EYMuU5L9sp9a9gPr7jTudzgTdNpump,笑哭猫,lmeow,solana,0.000004409,16,8192,131072,131072,4096,4096,4096,1,5,257,300,1775754780000,pumpswap,REPEAT
2026-04-09T19:06:57.338Z,C4uKznf7esEEaDcNQiXBBqA1j9w4P7sNYNH1DozApump,MOOYOR,หมูยอ,solana,0.0001319,128,4096,65536,131072,32768,131072,131072,,3,81,55,1775139582000,pumpswap,REPEAT
2026-04-09T19:06:57.338Z,sB7SkzCotrxBNyCxcmKqDDKkUWQnJhaKprS6s9xpump,OPAL,Opal The Orangutan,solana,0.0001528,1024,8192,65536,262144,32768,131072,131072,9,3,92,52,1775619801000,pumpswap,REPEAT
2026-04-09T19:06:57.338Z,9AEtb967xTMosjp9XFhvHLhscPNYgDWc15jFAZR8pump,RƎ́V,REVÉRSÉ SOCIETY,solana,0.0001479,32,2048,8192,131072,32768,131072,131072,2,,47,31,1775691640000,pumpswap,REPEAT
2026-04-09T19:06:57.338Z,FfJikRuD1cPAS42ifYPMe1w42DR9bxPShenmhy5Ypump,JURDAN,Mikel Jurdan,solana,0.000002101,0,64,524288,524288,4096,2048,2048,,1,2,9,1775749206000,pumpswap,REPEAT
2026-04-09T19:06:57.338Z,Hon2rHAiqkcDtUzL5gA2vjXPr7T1MPCK2UT2AHKCpump,MAGA,Make Aliens Great Again ,solana,0.00007125,32,2048,16384,65536,16384,65536,65536,4,2,49,49,1771624966000,pumpswap,REPEAT
2026-04-09T19:06:57.338Z,7ZVJqzsPVoB2aSonJEW4jjvkBtwufMx41rZGryJ2pump,CHUD,Chud,solana,0.000002821,,16,262144,262144,4096,2048,2048,,,1,3,1775748170000,pumpswap,REPEAT
2026-04-09T19:06:57.338Z,9MjRHK7iFSDco7EYMuU5L9sp9a9gPr7jTudzgTdNpump,笑哭猫,lmeow,solana,0.000004409,16,8192,131072,131072,4096,4096,4096,1,5,257,300,1775754780000,pumpswap,REPEAT
2026-04-09T19:06:57.338Z,EcsMm5VEgKz1HMkc47fLdF7Vy4vnUuoptdW5k6kepump,believe,still believe,solana,0.0001391,0,512,16384,32768,32768,131072,131072,,1,14,12,1774980244000,pumpswap,REPEAT
2026-04-09T19:06:57.338Z,7bxWJngTKUgX7cY1RxKXmR1RdMNszJhZCXM8vzESpump,momiji,momiji,solana,0.00002230,512,8192,65536,131072,8192,16384,16384,5,5,186,155,1775699885000,pumpswap,REPEAT
2026-04-09T19:11:57.339Z,5xNgCvoNGvczehFW75NUKCAdjjANR71qkWnimSy6pump,CRYPTO,Cryptobatrachus Boulengeri,solana,0.00007799,32768,262144,262144,262144,16384,65536,65536,329,232,2410,1773,1775760237000,pumpswap,REPEAT
2026-04-09T19:11:57.339Z,36LH66oxCatKUCQHnRFChR25F6pzDjBbtsTiWSkYWEqE,SDR,Strategic Defense Reserve,solana,0.001179,1024,8192,65536,262144,65536,1048576,1048576,9,6,105,61,1775673065000,meteora,REPEAT
2026-04-09T19:11:57.339Z,98t9PEJF5QvAdGhu3MuQ2ww57NkRV1Rg7evSZNFxpump,$BABYTAN,BabyTan,solana,0.000008970,,256,4096,16384,,8192,8192,,,4,8,1775571529000,pumpfun,REPEAT
2026-04-09T19:11:57.339Z,EG7XoDFvtRocfZAKUeTFJTqrfqoz2SnDZWwHDi7Npump,Epic,Epic,solana,0.000009507,2048,65536,65536,65536,,8192,8192,21,28,1151,796,1775759358000,pumpfun,REPEAT
2026-04-09T19:11:57.339Z,2Ucsy2X6LadN8Q49naQ7pKiC1nuAYtnwnrHGEeFKpump,WATP,WATP COIN,solana,0.000003020,,1024,2048,2048,,4096,4096,,,24,22,1775059894000,pumpfun,REPEAT
2026-04-09T19:11:57.339Z,5552z6Qp2xr596ox1UVN4ppDwwyjCfY8cXwzHMXgMcaS,MOLTING,Molting,solana,0.0007720,2048,16384,65536,131072,65536,1048576,1048576,13,12,149,131,1769857955000,orca,REPEAT
2026-04-09T19:11:57.339Z,2LsescRjhcxoUwEQLpcsd3Gh6AHUyqEHANDakkoSpump,IRYNA,Justice for Iryna,solana,0.0001436,64,1024,32768,65536,65536,131072,131072,2,1,10,30,1757156435000,pumpswap,REPEAT
2026-04-09T19:11:57.339Z,GHpK2bcd2eheHvwd51F671RYqmiSX4bGvCtuPNLJpump,FWEG,FWEG,solana,0.00007650,8192,65536,131072,131072,16384,65536,65536,109,104,2498,1206,1775757593000,pumpswap,REPEAT
2026-04-09T19:11:57.339Z,DLL963ppvxosnfCn3JczxQchybks5pFKu6K3nvLspump,Tittypress,Hydraulic Tittypress,solana,0.00002599,2048,65536,65536,65536,16384,32768,32768,34,17,865,609,1775760220000,pumpswap,REPEAT
2026-04-09T19:11:57.339Z,7o1chhM3YW9EJsW7vZR4xRsPsinz5nm1iMtHYe9kpump,Tilly G,Tilly G,solana,0.00007502,8192,262144,524288,524288,16384,65536,65536,106,67,5050,1712,1775756625000,pumpswap,REPEAT
2026-04-09T19:11:57.339Z,GHpK2bcd2eheHvwd51F671RYqmiSX4bGvCtuPNLJpump,FWEG,FWEG,solana,0.00007650,8192,65536,131072,131072,16384,65536,65536,109,104,2498,1206,1775757593000,pumpswap,REPEAT
2026-04-09T19:11:57.339Z,2Qp8zANZK7pjxNTDZh7EqLVG4MpvGty1hvHDTXaiBAGS,ONBOARD,ONBOARD,solana,0.00002607,256,2048,8192,65536,,32768,32768,3,2,33,13,1775683438000,bags,REPEAT
2026-04-09T19:11:57.339Z,QT5pHWLS4DNe2s1PZDLWEjKn4rDXNqnk9D7AWe57cap,CAP,CapCat,solana,0.000006785,2048,131072,262144,262144,8192,8192,8192,153,100,3232,2290,1775757287000,pumpswap,REPEAT
2026-04-09T19:11:57.339Z,8u8g93eEuXpe2SsUFAHGdr94irDLATpafjVipAMbpump,AZKi,AZKi,solana,0.00007036,16384,262144,524288,524288,16384,65536,65536,149,95,6244,1559,1775755985000,pumpswap,REPEAT
2026-04-09T19:11:57.339Z,41QbtLKqJmPCP5TmnHx9pVQtwCGDc1GV5A4WVfy9pump,MOODUANG,Moo Duang,solana,0.00001829,128,2048,32768,32768,8192,16384,16384,,4,45,43,1775743897000,pumpswap,REPEAT
2026-04-09T19:11:57.339Z,13GUK7F6Zi55PrCoxcJwNaR189uishNATLStt4tuE4R,PEPETF,Pepe ETF,solana,0.00001291,1024,16384,65536,65536,8192,16384,16384,13,13,294,234,1775754427000,pumpswap,REPEAT
2026-04-09T19:11:57.339Z,54VKrYFsL3BdeDu2yRMVM9GbHrXkxcVAULX5RxA5pump,LAIKA,Laika The Space Dog,solana,0.000001952,32,262144,524288,524288,4096,2048,2048,,5,4370,10387,1775756664000,pumpswap,REPEAT
2026-04-09T19:11:57.339Z,9MjRHK7iFSDco7EYMuU5L9sp9a9gPr7jTudzgTdNpump,笑哭猫,lmeow,solana,0.000004001,128,8192,131072,131072,4096,4096,4096,3,4,230,283,1775754780000,pumpswap,REPEAT
2026-04-09T19:11:57.339Z,9SeCSdbPzz95KomGUGEV9Shn2zGXNmMJhE9J72Hipump,Iroha,イロハ,solana,0.001783,2048,65536,524288,2097152,131072,2097152,2097152,20,16,626,498,1775525060000,pumpswap,REPEAT
2026-04-09T19:11:57.339Z,5RXFKVXXmVaobpEBekXskTWdBmmvQL6KXAjPphnFpump,SDR,Strategic Defense Reserve,solana,0.00003624,1,1024,4096,16384,16384,32768,32768,1,1,16,18,1775697755000,pumpswap,REPEAT
2026-04-09T19:11:57.339Z,9MjRHK7iFSDco7EYMuU5L9sp9a9gPr7jTudzgTdNpump,笑哭猫,lmeow,solana,0.000004001,128,8192,131072,131072,4096,4096,4096,3,4,230,283,1775754780000,pumpswap,REPEAT
2026-04-09T19:11:57.339Z,C4uKznf7esEEaDcNQiXBBqA1j9w4P7sNYNH1DozApump,MOOYOR,หมูยอ,solana,0.0001342,512,4096,65536,131072,32768,131072,131072,15,7,87,54,1775139582000,pumpswap,REPEAT
2026-04-09T19:11:57.339Z,sB7SkzCotrxBNyCxcmKqDDKkUWQnJhaKprS6s9xpump,OPAL,Opal The Orangutan,solana,0.0001569,512,8192,65536,262144,32768,131072,131072,8,3,95,53,1775619801000,pumpswap,REPEAT
2026-04-09T19:11:57.339Z,9AEtb967xTMosjp9XFhvHLhscPNYgDWc15jFAZR8pump,RƎ́V,REVÉRSÉ SOCIETY,solana,0.0001488,8,2048,8192,131072,32768,131072,131072,3,,50,30,1775691640000,pumpswap,REPEAT
2026-04-09T19:11:57.339Z,FfJikRuD1cPAS42ifYPMe1w42DR9bxPShenmhy5Ypump,JURDAN,Mikel Jurdan,solana,0.000002103,0,64,524288,524288,4096,2048,2048,,1,2,10,1775749206000,pumpswap,REPEAT
2026-04-09T19:11:57.339Z,Hon2rHAiqkcDtUzL5gA2vjXPr7T1MPCK2UT2AHKCpump,MAGA,Make Aliens Great Again ,solana,0.00007183,,2048,16384,65536,16384,65536,65536,,,50,43,1771624966000,pumpswap,REPEAT
2026-04-09T19:11:57.339Z,7ZVJqzsPVoB2aSonJEW4jjvkBtwufMx41rZGryJ2pump,CHUD,Chud,solana,0.000002821,,8,262144,262144,4096,2048,2048,,,1,2,1775748170000,pumpswap,REPEAT
2026-04-09T19:11:57.339Z,9MjRHK7iFSDco7EYMuU5L9sp9a9gPr7jTudzgTdNpump,笑哭猫,lmeow,solana,0.000004001,128,8192,131072,131072,4096,4096,4096,3,4,230,283,1775754780000,pumpswap,REPEAT
2026-04-09T19:11:57.339Z,EcsMm5VEgKz1HMkc47fLdF7Vy4vnUuoptdW5k6kepump,believe,still believe,solana,0.0001391,,512,16384,32768,32768,131072,131072,,,12,12,1774980244000,pumpswap,REPEAT
2026-04-09T19:11:57.339Z,7bxWJngTKUgX7cY1RxKXmR1RdMNszJhZCXM8vzESpump,momiji,momiji,solana,0.00002093,128,8192,65536,131072,8192,16384,16384,,2,160,145,1775699885000,pumpswap,REPEAT
2026-04-09T19:16:57.340Z,Cm6fNnMk7NfzStP9CZpsQA2v3jjzbcYGAxdJySmHpump,Buttcoin,Buttcoin,solana,0.01037,4096,32768,131072,262144,524288,8388608,8388608,23,13,98,205,1767965767000,pumpswap,NEW
2026-04-09T19:16:57.340Z,4w6L45CyceULSKv1WpAkXfNqvs8QzsXAp6hitHYMpump,Freedom250,Freedom 250,solana,0.00005218,2048,8192,8192,8192,16384,65536,65536,56,19,221,140,1775760862000,pumpswap,NEW
2026-04-09T19:16:57.340Z,5xNgCvoNGvczehFW75NUKCAdjjANR71qkWnimSy6pump,CRYPTO,Cryptobatrachus Boulengeri,solana,0.00006649,32768,262144,262144,262144,16384,65536,65536,343,312,2786,2105,1775760237000,pumpswap,REPEAT
2026-04-09T19:16:57.340Z,36LH66oxCatKUCQHnRFChR25F6pzDjBbtsTiWSkYWEqE,SDR,Strategic Defense Reserve,solana,0.001176,1024,8192,65536,262144,65536,1048576,1048576,11,21,115,82,1775673065000,meteora,REPEAT
2026-04-09T19:16:57.340Z,98t9PEJF5QvAdGhu3MuQ2ww57NkRV1Rg7evSZNFxpump,$BABYTAN,BabyTan,solana,0.000008970,,256,4096,16384,,8192,8192,,,4,7,1775571529000,pumpfun,REPEAT
2026-04-09T19:16:57.340Z,EG7XoDFvtRocfZAKUeTFJTqrfqoz2SnDZWwHDi7Npump,Epic,Epic,solana,0.000009774,1024,65536,65536,65536,,8192,8192,19,10,1175,806,1775759358000,pumpfun,REPEAT
2026-04-09T19:16:57.340Z,2Ucsy2X6LadN8Q49naQ7pKiC1nuAYtnwnrHGEeFKpump,WATP,WATP COIN,solana,0.000003020,,1024,2048,2048,,4096,4096,,,21,19,1775059894000,pumpfun,REPEAT
2026-04-09T19:16:57.340Z,5552z6Qp2xr596ox1UVN4ppDwwyjCfY8cXwzHMXgMcaS,MOLTING,Molting,solana,0.0007858,512,16384,65536,131072,65536,1048576,1048576,11,7,154,138,1769857955000,orca,REPEAT
2026-04-09T19:16:57.340Z,2LsescRjhcxoUwEQLpcsd3Gh6AHUyqEHANDakkoSpump,IRYNA,Justice for Iryna,solana,0.0001432,8,1024,32768,65536,65536,131072,131072,,1,9,28,1757156435000,pumpswap,REPEAT
2026-04-09T19:16:57.340Z,GHpK2bcd2eheHvwd51F671RYqmiSX4bGvCtuPNLJpump,FWEG,FWEG,solana,0.00008051,2048,65536,131072,131072,16384,65536,65536,67,55,2443,1147,1775757593000,pumpswap,REPEAT
2026-04-09T19:16:57.340Z,DLL963ppvxosnfCn3JczxQchybks5pFKu6K3nvLspump,Tittypress,Hydraulic Tittypress,solana,0.00001512,4096,65536,65536,65536,8192,16384,16384,84,76,949,687,1775760220000,pumpswap,REPEAT
2026-04-09T19:16:57.340Z,7o1chhM3YW9EJsW7vZR4xRsPsinz5nm1iMtHYe9kpump,Tilly G,Tilly G,solana,0.00006907,8192,262144,524288,524288,16384,65536,65536,80,63,4519,1616,1775756625000,pumpswap,REPEAT
2026-04-09T19:16:57.340Z,GHpK2bcd2eheHvwd51F671RYqmiSX4bGvCtuPNLJpump,FWEG,FWEG,solana,0.00008051,2048,65536,131072,131072,16384,65536,65536,67,55,2443,1147,1775757593000,pumpswap,REPEAT
2026-04-09T19:16:57.340Z,2Qp8zANZK7pjxNTDZh7EqLVG4MpvGty1hvHDTXaiBAGS,ONBOARD,ONBOARD,solana,0.00002492,512,2048,8192,65536,,32768,32768,4,2,35,15,1775683438000,bags,REPEAT
2026-04-09T19:16:57.340Z,QT5pHWLS4DNe2s1PZDLWEjKn4rDXNqnk9D7AWe57cap,CAP,CapCat,solana,0.000006648,512,131072,262144,262144,8192,8192,8192,90,38,2969,2048,1775757287000,pumpswap,REPEAT
2026-04-09T19:16:57.340Z,8u8g93eEuXpe2SsUFAHGdr94irDLATpafjVipAMbpump,AZKi,AZKi,solana,0.000001969,32768,262144,524288,524288,4096,2048,2048,186,785,5757,2252,1775755985000,pumpswap,REPEAT
2026-04-09T19:16:57.340Z,41QbtLKqJmPCP5TmnHx9pVQtwCGDc1GV5A4WVfy9pump,MOODUANG,Moo Duang,solana,0.00001849,2,2048,32768,32768,8192,16384,16384,1,,45,37,1775743897000,pumpswap,REPEAT
2026-04-09T19:16:57.340Z,13GUK7F6Zi55PrCoxcJwNaR189uishNATLStt4tuE4R,PEPETF,Pepe ETF,solana,0.00001413,512,16384,65536,65536,8192,16384,16384,18,9,278,232,1775754427000,pumpswap,REPEAT
2026-04-09T19:16:57.340Z,54VKrYFsL3BdeDu2yRMVM9GbHrXkxcVAULX5RxA5pump,LAIKA,Laika The Space Dog,solana,0.000001898,16,262144,524288,524288,4096,2048,2048,1,4,3247,10148,1775756664000,pumpswap,REPEAT
2026-04-09T19:16:57.340Z,9MjRHK7iFSDco7EYMuU5L9sp9a9gPr7jTudzgTdNpump,笑哭猫,lmeow,solana,0.000003323,256,8192,131072,131072,4096,4096,4096,3,5,207,276,1775754780000,pumpswap,REPEAT
2026-04-09T19:16:57.340Z,9SeCSdbPzz95KomGUGEV9Shn2zGXNmMJhE9J72Hipump,Iroha,イロハ,solana,0.001779,2048,65536,524288,2097152,131072,2097152,2097152,8,12,503,422,1775525060000,pumpswap,REPEAT
2026-04-09T19:16:57.340Z,5RXFKVXXmVaobpEBekXskTWdBmmvQL6KXAjPphnFpump,SDR,Strategic Defense Reserve,solana,0.00003624,,1024,4096,16384,16384,32768,32768,,,16,18,1775697755000,pumpswap,REPEAT
2026-04-09T19:16:57.340Z,9MjRHK7iFSDco7EYMuU5L9sp9a9gPr7jTudzgTdNpump,笑哭猫,lmeow,solana,0.000003323,256,8192,131072,131072,4096,4096,4096,3,5,207,276,1775754780000,pumpswap,REPEAT
2026-04-09T19:16:57.340Z,C4uKznf7esEEaDcNQiXBBqA1j9w4P7sNYNH1DozApump,MOOYOR,หมูยอ,solana,0.0001360,8,4096,65536,131072,32768,131072,131072,1,,69,46,1775139582000,pumpswap,REPEAT
2026-04-09T19:16:57.340Z,sB7SkzCotrxBNyCxcmKqDDKkUWQnJhaKprS6s9xpump,OPAL,Opal The Orangutan,solana,0.0001511,512,8192,65536,262144,32768,131072,131072,4,5,89,49,1775619801000,pumpswap,REPEAT
2026-04-09T19:16:57.340Z,9AEtb967xTMosjp9XFhvHLhscPNYgDWc15jFAZR8pump,RƎ́V,REVÉRSÉ SOCIETY,solana,0.0001488,,2048,8192,131072,32768,131072,131072,,,48,18,1775691640000,pumpswap,REPEAT
2026-04-09T19:16:57.340Z,FfJikRuD1cPAS42ifYPMe1w42DR9bxPShenmhy5Ypump,JURDAN,Mikel Jurdan,solana,0.000002103,,16,524288,524288,4096,2048,2048,,,2,9,1775749206000,pumpswap,REPEAT
2026-04-09T19:16:57.340Z,Hon2rHAiqkcDtUzL5gA2vjXPr7T1MPCK2UT2AHKCpump,MAGA,Make Aliens Great Again ,solana,0.00007232,64,2048,16384,65536,16384,65536,65536,1,1,47,39,1771624966000,pumpswap,REPEAT
2026-04-09T19:16:57.340Z,7ZVJqzsPVoB2aSonJEW4jjvkBtwufMx41rZGryJ2pump,CHUD,Chud,solana,0.000002821,,8,262144,262144,4096,2048,2048,,,1,2,1775748170000,pumpswap,REPEAT
2026-04-09T19:16:57.340Z,9MjRHK7iFSDco7EYMuU5L9sp9a9gPr7jTudzgTdNpump,笑哭猫,lmeow,solana,0.000003323,256,8192,131072,131072,4096,4096,4096,3,5,207,276,1775754780000,pumpswap,REPEAT
2026-04-09T19:21:57.341Z,Cm6fNnMk7NfzStP9CZpsQA2v3jjzbcYGAxdJySmHpump,Buttcoin,Buttcoin,solana,0.01028,2048,32768,131072,262144,524288,8388608,8388608,6,6,108,202,1767965767000,pumpswap,REPEAT
2026-04-09T19:21:57.341Z,4w6L45CyceULSKv1WpAkXfNqvs8QzsXAp6hitHYMpump,Freedom250,Freedom 250,solana,0.00005680,512,8192,8192,8192,16384,65536,65536,27,6,250,149,1775760862000,pumpswap,REPEAT
2026-04-09T19:21:57.341Z,5xNgCvoNGvczehFW75NUKCAdjjANR71qkWnimSy6pump,CRYPTO,Cryptobatrachus Boulengeri,solana,0.00006067,16384,262144,262144,262144,16384,65536,65536,209,159,3044,2305,1775760237000,pumpswap,REPEAT
2026-04-09T19:21:57.341Z,36LH66oxCatKUCQHnRFChR25F6pzDjBbtsTiWSkYWEqE,SDR,Strategic Defense Reserve,solana,0.001176,512,8192,65536,262144,65536,1048576,1048576,3,1,115,80,1775673065000,meteora,REPEAT
2026-04-09T19:21:57.341Z,98t9PEJF5QvAdGhu3MuQ2ww57NkRV1Rg7evSZNFxpump,$BABYTAN,BabyTan,solana,0.00001036,512,512,4096,16384,,8192,8192,5,2,9,9,1775571529000,pumpfun,REPEAT
2026-04-09T19:21:57.341Z,EG7XoDFvtRocfZAKUeTFJTqrfqoz2SnDZWwHDi7Npump,Epic,Epic,solana,0.00001066,512,65536,65536,65536,,8192,8192,9,5,1183,811,1775759358000,pumpfun,REPEAT
2026-04-09T19:21:57.341Z,2Ucsy2X6LadN8Q49naQ7pKiC1nuAYtnwnrHGEeFKpump,WATP,WATP COIN,solana,0.000003020,,1024,2048,2048,,4096,4096,,,18,15,1775059894000,pumpfun,REPEAT
2026-04-09T19:21:57.341Z,5552z6Qp2xr596ox1UVN4ppDwwyjCfY8cXwzHMXgMcaS,MOLTING,Molting,solana,0.0007760,256,16384,65536,131072,65536,1048576,1048576,7,7,154,139,1769857955000,orca,REPEAT
2026-04-09T19:21:57.341Z,2LsescRjhcxoUwEQLpcsd3Gh6AHUyqEHANDakkoSpump,IRYNA,Justice for Iryna,solana,0.0001447,64,1024,32768,65536,65536,131072,131072,3,1,10,28,1757156435000,pumpswap,REPEAT
2026-04-09T19:21:57.341Z,GHpK2bcd2eheHvwd51F671RYqmiSX4bGvCtuPNLJpump,FWEG,FWEG,solana,0.00007326,4096,65536,131072,131072,16384,65536,65536,96,77,2432,1119,1775757593000,pumpswap,REPEAT
2026-04-09T19:21:57.341Z,DLL963ppvxosnfCn3JczxQchybks5pFKu6K3nvLspump,Tittypress,Hydraulic Tittypress,solana,0.00001135,4096,65536,65536,65536,8192,8192,8192,84,67,1052,771,1775760220000,pumpswap,REPEAT
2026-04-09T19:21:57.341Z,7o1chhM3YW9EJsW7vZR4xRsPsinz5nm1iMtHYe9kpump,Tilly G,Tilly G,solana,0.00006508,8192,262144,524288,524288,16384,65536,65536,78,70,4073,1528,1775756625000,pumpswap,REPEAT
2026-04-09T19:21:57.341Z,GHpK2bcd2eheHvwd51F671RYqmiSX4bGvCtuPNLJpump,FWEG,FWEG,solana,0.00007326,4096,65536,131072,131072,16384,65536,65536,96,77,2432,1119,1775757593000,pumpswap,REPEAT
2026-04-09T19:21:57.341Z,2Qp8zANZK7pjxNTDZh7EqLVG4MpvGty1hvHDTXaiBAGS,ONBOARD,ONBOARD,solana,0.00002507,,,,,0,32768,32768,1,,1,,1775762426000,meteora,REPEAT
2026-04-09T19:21:57.341Z,QT5pHWLS4DNe2s1PZDLWEjKn4rDXNqnk9D7AWe57cap,CAP,CapCat,solana,0.000007732,512,65536,262144,262144,8192,8192,8192,90,30,2560,1779,1775757287000,pumpswap,REPEAT
2026-04-09T19:21:57.341Z,8u8g93eEuXpe2SsUFAHGdr94irDLATpafjVipAMbpump,AZKi,AZKi,solana,0.000001883,64,262144,524288,524288,4096,2048,2048,6,6,4747,4165,1775755985000,pumpswap,REPEAT
2026-04-09T19:21:57.341Z,41QbtLKqJmPCP5TmnHx9pVQtwCGDc1GV5A4WVfy9pump,MOODUANG,Moo Duang,solana,0.00001803,32,2048,32768,32768,8192,16384,16384,,2,41,36,1775743897000,pumpswap,REPEAT
2026-04-09T19:21:57.341Z,13GUK7F6Zi55PrCoxcJwNaR189uishNATLStt4tuE4R,PEPETF,Pepe ETF,solana,0.00001455,512,16384,65536,65536,8192,16384,16384,9,8,234,208,1775754427000,pumpswap,REPEAT
2026-04-09T19:21:57.341Z,54VKrYFsL3BdeDu2yRMVM9GbHrXkxcVAULX5RxA5pump,LAIKA,Laika The Space Dog,solana,0.000001857,32,131072,524288,524288,4096,2048,2048,,2,2580,9958,1775756664000,pumpswap,REPEAT
2026-04-09T19:21:57.341Z,9MjRHK7iFSDco7EYMuU5L9sp9a9gPr7jTudzgTdNpump,笑哭猫,lmeow,solana,0.000004082,64,8192,131072,131072,4096,4096,4096,3,2,173,252,1775754780000,pumpswap,REPEAT
2026-04-09T19:21:57.341Z,9SeCSdbPzz95KomGUGEV9Shn2zGXNmMJhE9J72Hipump,Iroha,イロハ,solana,0.001756,1024,65536,524288,2097152,131072,2097152,2097152,11,11,494,407,1775525060000,pumpswap,REPEAT
2026-04-09T19:21:57.341Z,5RXFKVXXmVaobpEBekXskTWdBmmvQL6KXAjPphnFpump,SDR,Strategic Defense Reserve,solana,0.00003624,,1024,4096,16384,16384,32768,32768,,,15,18,1775697755000,pumpswap,REPEAT
2026-04-09T19:21:57.341Z,9MjRHK7iFSDco7EYMuU5L9sp9a9gPr7jTudzgTdNpump,笑哭猫,lmeow,solana,0.000004082,64,8192,131072,131072,4096,4096,4096,3,2,173,252,1775754780000,pumpswap,REPEAT
2026-04-09T19:21:57.341Z,C4uKznf7esEEaDcNQiXBBqA1j9w4P7sNYNH1DozApump,MOOYOR,หมูยอ,solana,0.0001486,1024,4096,65536,131072,32768,131072,131072,21,20,61,57,1775139582000,pumpswap,REPEAT
2026-04-09T19:21:57.341Z,sB7SkzCotrxBNyCxcmKqDDKkUWQnJhaKprS6s9xpump,OPAL,Opal The Orangutan,solana,0.0001433,512,8192,65536,262144,32768,131072,131072,6,9,86,52,1775619801000,pumpswap,REPEAT
2026-04-09T19:21:57.341Z,9AEtb967xTMosjp9XFhvHLhscPNYgDWc15jFAZR8pump,RƎ́V,REVÉRSÉ SOCIETY,solana,0.0001501,32,2048,8192,131072,32768,131072,131072,2,1,48,19,1775691640000,pumpswap,REPEAT
2026-04-09T19:21:57.341Z,FfJikRuD1cPAS42ifYPMe1w42DR9bxPShenmhy5Ypump,JURDAN,Mikel Jurdan,solana,0.000002094,0,8,524288,524288,4096,2048,2048,,1,2,9,1775749206000,pumpswap,REPEAT
2026-04-09T19:21:57.341Z,Hon2rHAiqkcDtUzL5gA2vjXPr7T1MPCK2UT2AHKCpump,MAGA,Make Aliens Great Again ,solana,0.00007232,,2048,16384,65536,16384,65536,65536,,,41,33,1771624966000,pumpswap,REPEAT
2026-04-09T19:21:57.341Z,7ZVJqzsPVoB2aSonJEW4jjvkBtwufMx41rZGryJ2pump,CHUD,Chud,solana,0.000002821,,0,262144,262144,4096,2048,2048,,,1,,1775748170000,pumpswap,REPEAT
2026-04-09T19:21:57.341Z,9MjRHK7iFSDco7EYMuU5L9sp9a9gPr7jTudzgTdNpump,笑哭猫,lmeow,solana,0.000004082,64,8192,131072,131072,4096,4096,4096,3,2,173,252,1775754780000,pumpswap,REPEAT
2026-04-09T19:26:57.342Z,4bcNC4acj9Cp2Gvi95E3KeeUvSKhRo6xiRemFeePpump,$NERON,Neron Wake up,solana,0.000004041,128,512,512,512,4096,4096,4096,6,1,13,5,1772100899000,pumpswap,NEW
2026-04-09T19:26:57.342Z,Cm6fNnMk7NfzStP9CZpsQA2v3jjzbcYGAxdJySmHpump,Buttcoin,Buttcoin,solana,0.01026,32,32768,131072,262144,524288,8388608,8388608,7,1,120,199,1767965767000,pumpswap,REPEAT
2026-04-09T19:26:57.342Z,4w6L45CyceULSKv1WpAkXfNqvs8QzsXAp6hitHYMpump,Freedom250,Freedom 250,solana,0.00008491,4096,16384,16384,16384,16384,65536,65536,67,30,319,179,1775760862000,pumpswap,REPEAT
2026-04-09T19:26:57.342Z,5xNgCvoNGvczehFW75NUKCAdjjANR71qkWnimSy6pump,CRYPTO,Cryptobatrachus Boulengeri,solana,0.00005649,8192,262144,262144,262144,16384,65536,65536,138,104,3210,2425,1775760237000,pumpswap,REPEAT
2026-04-09T19:26:57.342Z,36LH66oxCatKUCQHnRFChR25F6pzDjBbtsTiWSkYWEqE,SDR,Strategic Defense Reserve,solana,0.001182,1024,8192,65536,262144,65536,1048576,1048576,8,2,121,82,1775673065000,meteora,REPEAT
2026-04-09T19:26:57.342Z,98t9PEJF5QvAdGhu3MuQ2ww57NkRV1Rg7evSZNFxpump,$BABYTAN,BabyTan,solana,0.00001036,,512,4096,16384,,8192,8192,,,8,9,1775571529000,pumpfun,REPEAT
2026-04-09T19:26:57.342Z,EG7XoDFvtRocfZAKUeTFJTqrfqoz2SnDZWwHDi7Npump,Epic,Epic,solana,0.00001164,1024,65536,65536,65536,,16384,16384,10,9,1193,820,1775759358000,pumpfun,REPEAT
2026-04-09T19:26:57.342Z,2Ucsy2X6LadN8Q49naQ7pKiC1nuAYtnwnrHGEeFKpump,WATP,WATP COIN,solana,0.000002966,16,256,2048,2048,,4096,4096,,1,1,9,1775059894000,pumpfun,REPEAT
2026-04-09T19:26:57.342Z,5552z6Qp2xr596ox1UVN4ppDwwyjCfY8cXwzHMXgMcaS,MOLTING,Molting,solana,0.0007929,512,16384,65536,131072,65536,1048576,1048576,13,3,158,133,1769857955000,orca,REPEAT
2026-04-09T19:26:57.342Z,2LsescRjhcxoUwEQLpcsd3Gh6AHUyqEHANDakkoSpump,IRYNA,Justice for Iryna,solana,0.0001452,64,1024,32768,65536,65536,131072,131072,2,,11,23,1757156435000,pumpswap,REPEAT
2026-04-09T19:26:57.342Z,GHpK2bcd2eheHvwd51F671RYqmiSX4bGvCtuPNLJpump,FWEG,FWEG,solana,0.00008346,4096,65536,131072,131072,16384,65536,65536,79,59,2440,1114,1775757593000,pumpswap,REPEAT
2026-04-09T19:26:57.342Z,DLL963ppvxosnfCn3JczxQchybks5pFKu6K3nvLspump,Tittypress,Hydraulic Tittypress,solana,0.00001318,2048,65536,65536,65536,8192,16384,16384,42,20,1107,795,1775760220000,pumpswap,REPEAT
2026-04-09T19:26:57.342Z,7o1chhM3YW9EJsW7vZR4xRsPsinz5nm1iMtHYe9kpump,Tilly G,Tilly G,solana,0.00006863,8192,262144,524288,524288,16384,65536,65536,106,65,3508,1432,1775756625000,pumpswap,REPEAT
2026-04-09T19:26:57.342Z,GHpK2bcd2eheHvwd51F671RYqmiSX4bGvCtuPNLJpump,FWEG,FWEG,solana,0.00008346,4096,65536,131072,131072,16384,65536,65536,79,59,2440,1114,1775757593000,pumpswap,REPEAT
2026-04-09T19:26:57.342Z,2Qp8zANZK7pjxNTDZh7EqLVG4MpvGty1hvHDTXaiBAGS,ONBOARD,ONBOARD,solana,0.00002507,,,,,8,32768,32768,,,1,,1775762426000,meteora,REPEAT
2026-04-09T19:26:57.342Z,QT5pHWLS4DNe2s1PZDLWEjKn4rDXNqnk9D7AWe57cap,CAP,CapCat,solana,0.000007453,512,65536,262144,262144,8192,8192,8192,85,31,2106,1410,1775757287000,pumpswap,REPEAT
2026-04-09T19:26:57.342Z,8u8g93eEuXpe2SsUFAHGdr94irDLATpafjVipAMbpump,AZKi,AZKi,solana,0.000002087,256,262144,524288,524288,4096,2048,2048,7,1781,4052,5858,1775755985000,pumpswap,REPEAT
2026-04-09T19:26:57.342Z,41QbtLKqJmPCP5TmnHx9pVQtwCGDc1GV5A4WVfy9pump,MOODUANG,Moo Duang,solana,0.00002068,512,2048,32768,32768,8192,16384,16384,11,2,41,33,1775743897000,pumpswap,REPEAT
2026-04-09T19:26:57.342Z,13GUK7F6Zi55PrCoxcJwNaR189uishNATLStt4tuE4R,PEPETF,Pepe ETF,solana,0.00002191,1024,8192,65536,65536,8192,16384,16384,17,7,211,183,1775754427000,pumpswap,REPEAT
2026-04-09T19:26:57.342Z,54VKrYFsL3BdeDu2yRMVM9GbHrXkxcVAULX5RxA5pump,LAIKA,Laika The Space Dog,solana,0.000001810,4,131072,524288,524288,4096,2048,2048,,2,2157,9743,1775756664000,pumpswap,REPEAT
2026-04-09T19:26:57.342Z,9MjRHK7iFSDco7EYMuU5L9sp9a9gPr7jTudzgTdNpump,笑哭猫,lmeow,solana,0.000004268,128,4096,131072,131072,4096,4096,4096,7,2,119,169,1775754780000,pumpswap,REPEAT
2026-04-09T19:26:57.342Z,9SeCSdbPzz95KomGUGEV9Shn2zGXNmMJhE9J72Hipump,Iroha,イロハ,solana,0.001757,1024,65536,524288,2097152,131072,2097152,2097152,11,11,448,390,1775525060000,pumpswap,REPEAT
2026-04-09T19:26:57.342Z,5RXFKVXXmVaobpEBekXskTWdBmmvQL6KXAjPphnFpump,SDR,Strategic Defense Reserve,solana,0.00003624,,256,4096,16384,16384,32768,32768,,,10,7,1775697755000,pumpswap,REPEAT
2026-04-09T19:26:57.342Z,9MjRHK7iFSDco7EYMuU5L9sp9a9gPr7jTudzgTdNpump,笑哭猫,lmeow,solana,0.000004268,128,4096,131072,131072,4096,4096,4096,7,2,119,169,1775754780000,pumpswap,REPEAT
2026-04-09T19:26:57.342Z,C4uKznf7esEEaDcNQiXBBqA1j9w4P7sNYNH1DozApump,MOOYOR,หมูยอ,solana,0.0001481,1024,4096,65536,131072,32768,131072,131072,23,17,82,71,1775139582000,pumpswap,REPEAT
2026-04-09T19:26:57.342Z,sB7SkzCotrxBNyCxcmKqDDKkUWQnJhaKprS6s9xpump,OPAL,Opal The Orangutan,solana,0.0001405,1024,8192,65536,262144,32768,131072,131072,30,11,112,59,1775619801000,pumpswap,REPEAT
2026-04-09T19:26:57.342Z,9AEtb967xTMosjp9XFhvHLhscPNYgDWc15jFAZR8pump,RƎ́V,REVÉRSÉ SOCIETY,solana,0.0001477,8,2048,8192,131072,32768,131072,131072,,1,47,19,1775691640000,pumpswap,REPEAT
2026-04-09T19:26:57.342Z,FfJikRuD1cPAS42ifYPMe1w42DR9bxPShenmhy5Ypump,JURDAN,Mikel Jurdan,solana,0.000002094,,4,524288,524288,4096,2048,2048,,,2,8,1775749206000,pumpswap,REPEAT
2026-04-09T19:26:57.342Z,Hon2rHAiqkcDtUzL5gA2vjXPr7T1MPCK2UT2AHKCpump,MAGA,Make Aliens Great Again ,solana,0.00007161,64,2048,16384,65536,16384,65536,65536,3,2,37,29,1771624966000,pumpswap,REPEAT
2026-04-09T19:26:57.342Z,7ZVJqzsPVoB2aSonJEW4jjvkBtwufMx41rZGryJ2pump,CHUD,Chud,solana,0.000002821,,0,262144,262144,4096,2048,2048,,,1,,1775748170000,pumpswap,REPEAT
2026-04-09T19:31:57.341Z,4bcNC4acj9Cp2Gvi95E3KeeUvSKhRo6xiRemFeePpump,$NERON,Neron Wake up,solana,0.000003979,128,512,512,1024,4096,4096,4096,7,4,20,9,1772100899000,pumpswap,REPEAT
2026-04-09T19:31:57.341Z,Cm6fNnMk7NfzStP9CZpsQA2v3jjzbcYGAxdJySmHpump,Buttcoin,Buttcoin,solana,0.01016,1024,32768,131072,262144,524288,8388608,8388608,13,1,155,201,1767965767000,pumpswap,REPEAT
2026-04-09T19:31:57.341Z,4w6L45CyceULSKv1WpAkXfNqvs8QzsXAp6hitHYMpump,Freedom250,Freedom 250,solana,0.00008278,2048,16384,16384,16384,16384,65536,65536,34,50,363,230,1775760862000,pumpswap,REPEAT
2026-04-09T19:31:57.341Z,5xNgCvoNGvczehFW75NUKCAdjjANR71qkWnimSy6pump,CRYPTO,Cryptobatrachus Boulengeri,solana,0.00007651,8192,262144,262144,262144,16384,65536,65536,149,89,3370,2525,1775760237000,pumpswap,REPEAT
2026-04-09T19:31:57.341Z,36LH66oxCatKUCQHnRFChR25F6pzDjBbtsTiWSkYWEqE,SDR,Strategic Defense Reserve,solana,0.001167,512,8192,65536,262144,65536,1048576,1048576,4,2,126,81,1775673065000,meteora,REPEAT
2026-04-09T19:31:57.341Z,98t9PEJF5QvAdGhu3MuQ2ww57NkRV1Rg7evSZNFxpump,$BABYTAN,BabyTan,solana,0.00001035,8,512,4096,16384,,8192,8192,1,,9,8,1775571529000,pumpfun,REPEAT
2026-04-09T19:31:57.341Z,EG7XoDFvtRocfZAKUeTFJTqrfqoz2SnDZWwHDi7Npump,Epic,Epic,solana,0.00001105,2048,65536,65536,65536,,8192,8192,27,11,1090,756,1775759358000,pumpfun,REPEAT
2026-04-09T19:31:57.341Z,2Ucsy2X6LadN8Q49naQ7pKiC1nuAYtnwnrHGEeFKpump,WATP,WATP COIN,solana,0.000002966,,64,2048,2048,,4096,4096,,,,4,1775059894000,pumpfun,REPEAT
2026-04-09T19:31:57.341Z,5552z6Qp2xr596ox1UVN4ppDwwyjCfY8cXwzHMXgMcaS,MOLTING,Molting,solana,0.0008000,512,16384,65536,131072,65536,1048576,1048576,8,11,158,134,1769857955000,orca,REPEAT
2026-04-09T19:31:57.341Z,2LsescRjhcxoUwEQLpcsd3Gh6AHUyqEHANDakkoSpump,IRYNA,Justice for Iryna,solana,0.0001457,16,512,32768,65536,65536,131072,131072,1,2,10,21,1757156435000,pumpswap,REPEAT
2026-04-09T19:31:57.341Z,GHpK2bcd2eheHvwd51F671RYqmiSX4bGvCtuPNLJpump,FWEG,FWEG,solana,0.00008079,4096,65536,131072,131072,16384,65536,65536,86,64,1785,1121,1775757593000,pumpswap,REPEAT
2026-04-09T19:31:57.341Z,DLL963ppvxosnfCn3JczxQchybks5pFKu6K3nvLspump,Tittypress,Hydraulic Tittypress,solana,0.00001342,2048,65536,65536,65536,8192,16384,16384,31,25,1143,822,1775760220000,pumpswap,REPEAT
2026-04-09T19:31:57.341Z,7o1chhM3YW9EJsW7vZR4xRsPsinz5nm1iMtHYe9kpump,Tilly G,Tilly G,solana,0.00007124,8192,262144,524288,524288,16384,65536,65536,92,81,3065,1376,1775756625000,pumpswap,REPEAT
2026-04-09T19:31:57.341Z,GHpK2bcd2eheHvwd51F671RYqmiSX4bGvCtuPNLJpump,FWEG,FWEG,solana,0.00008079,4096,65536,131072,131072,16384,65536,65536,86,64,1785,1121,1775757593000,pumpswap,REPEAT
2026-04-09T19:31:57.341Z,2Qp8zANZK7pjxNTDZh7EqLVG4MpvGty1hvHDTXaiBAGS,ONBOARD,ONBOARD,solana,0.00002507,,,,,8,32768,32768,,,1,,1775762426000,meteora,REPEAT
2026-04-09T19:31:57.341Z,QT5pHWLS4DNe2s1PZDLWEjKn4rDXNqnk9D7AWe57cap,CAP,CapCat,solana,0.000005367,512,32768,262144,262144,4096,4096,4096,85,43,1934,1244,1775757287000,pumpswap,REPEAT
2026-04-09T19:31:57.341Z,8u8g93eEuXpe2SsUFAHGdr94irDLATpafjVipAMbpump,AZKi,AZKi,solana,0.000001969,64,262144,524288,524288,4096,2048,2048,3,5,3249,5750,1775755985000,pumpswap,REPEAT
2026-04-09T19:31:57.341Z,41QbtLKqJmPCP5TmnHx9pVQtwCGDc1GV5A4WVfy9pump,MOODUANG,Moo Duang,solana,0.00001895,512,2048,32768,32768,8192,16384,16384,4,2,44,30,1775743897000,pumpswap,REPEAT
2026-04-09T19:31:57.341Z,13GUK7F6Zi55PrCoxcJwNaR189uishNATLStt4tuE4R,PEPETF,Pepe ETF,solana,0.00001859,1024,8192,65536,65536,8192,16384,16384,12,13,207,176,1775754427000,pumpswap,REPEAT
2026-04-09T19:31:57.341Z,54VKrYFsL3BdeDu2yRMVM9GbHrXkxcVAULX5RxA5pump,LAIKA,Laika The Space Dog,solana,0.000001810,,131072,524288,524288,4096,2048,2048,,,1833,9549,1775756664000,pumpswap,REPEAT
2026-04-09T19:31:57.341Z,9MjRHK7iFSDco7EYMuU5L9sp9a9gPr7jTudzgTdNpump,笑哭猫,lmeow,solana,0.000003763,32,4096,131072,131072,4096,4096,4096,,6,91,117,1775754780000,pumpswap,REPEAT
2026-04-09T19:31:57.341Z,9SeCSdbPzz95KomGUGEV9Shn2zGXNmMJhE9J72Hipump,Iroha,イロハ,solana,0.001731,1024,32768,524288,2097152,131072,2097152,2097152,8,11,234,354,1775525060000,pumpswap,REPEAT
2026-04-09T19:31:57.341Z,5RXFKVXXmVaobpEBekXskTWdBmmvQL6KXAjPphnFpump,SDR,Strategic Defense Reserve,solana,0.00003624,,256,4096,16384,16384,32768,32768,,,10,5,1775697755000,pumpswap,REPEAT
2026-04-09T19:31:57.341Z,9MjRHK7iFSDco7EYMuU5L9sp9a9gPr7jTudzgTdNpump,笑哭猫,lmeow,solana,0.000003763,32,4096,131072,131072,4096,4096,4096,,6,91,117,1775754780000,pumpswap,REPEAT
2026-04-09T19:31:57.341Z,C4uKznf7esEEaDcNQiXBBqA1j9w4P7sNYNH1DozApump,MOOYOR,หมูยอ,solana,0.0001475,32,4096,65536,131072,32768,131072,131072,2,3,84,72,1775139582000,pumpswap,REPEAT
2026-04-09T19:31:57.341Z,sB7SkzCotrxBNyCxcmKqDDKkUWQnJhaKprS6s9xpump,OPAL,Opal The Orangutan,solana,0.0001509,256,8192,65536,262144,32768,131072,131072,6,5,110,62,1775619801000,pumpswap,REPEAT
2026-04-09T19:31:57.341Z,9AEtb967xTMosjp9XFhvHLhscPNYgDWc15jFAZR8pump,RƎ́V,REVÉRSÉ SOCIETY,solana,0.0001512,128,2048,8192,131072,32768,131072,131072,2,1,49,18,1775691640000,pumpswap,REPEAT
2026-04-09T19:31:57.341Z,FfJikRuD1cPAS42ifYPMe1w42DR9bxPShenmhy5Ypump,JURDAN,Mikel Jurdan,solana,0.000002094,,4,524288,524288,4096,2048,2048,,,1,8,1775749206000,pumpswap,REPEAT
2026-04-09T19:31:57.341Z,Hon2rHAiqkcDtUzL5gA2vjXPr7T1MPCK2UT2AHKCpump,MAGA,Make Aliens Great Again ,solana,0.00007286,128,2048,16384,65536,16384,65536,65536,5,4,37,26,1771624966000,pumpswap,REPEAT
2026-04-09T19:31:57.341Z,7ZVJqzsPVoB2aSonJEW4jjvkBtwufMx41rZGryJ2pump,CHUD,Chud,solana,0.000002821,,0,262144,262144,4096,2048,2048,,,1,,1775748170000,pumpswap,REPEAT
2026-04-09T19:36:57.342Z,4bcNC4acj9Cp2Gvi95E3KeeUvSKhRo6xiRemFeePpump,$NERON,Neron Wake up,solana,0.000004112,64,512,512,1024,4096,4096,4096,5,2,25,11,1772100899000,pumpswap,REPEAT
2026-04-09T19:36:57.342Z,Cm6fNnMk7NfzStP9CZpsQA2v3jjzbcYGAxdJySmHpump,Buttcoin,Buttcoin,solana,0.01012,1024,32768,131072,262144,524288,8388608,8388608,3,3,155,200,1767965767000,pumpswap,REPEAT
2026-04-09T19:36:57.342Z,4w6L45CyceULSKv1WpAkXfNqvs8QzsXAp6hitHYMpump,Freedom250,Freedom 250,solana,0.00008398,2048,16384,16384,16384,16384,65536,65536,21,40,386,272,1775760862000,pumpswap,REPEAT
2026-04-09T19:36:57.342Z,5xNgCvoNGvczehFW75NUKCAdjjANR71qkWnimSy6pump,CRYPTO,Cryptobatrachus Boulengeri,solana,0.00009523,16384,262144,262144,262144,32768,131072,131072,241,161,3633,2701,1775760237000,pumpswap,REPEAT
2026-04-09T19:36:57.342Z,36LH66oxCatKUCQHnRFChR25F6pzDjBbtsTiWSkYWEqE,SDR,Strategic Defense Reserve,solana,0.001180,1024,16384,65536,262144,65536,1048576,1048576,10,4,136,85,1775673065000,meteora,REPEAT
2026-04-09T19:36:57.342Z,98t9PEJF5QvAdGhu3MuQ2ww57NkRV1Rg7evSZNFxpump,$BABYTAN,BabyTan,solana,0.00001047,32,512,4096,16384,,8192,8192,1,,10,7,1775571529000,pumpfun,REPEAT
2026-04-09T19:36:57.342Z,EG7XoDFvtRocfZAKUeTFJTqrfqoz2SnDZWwHDi7Npump,Epic,Epic,solana,0.000008127,1024,65536,65536,65536,,8192,8192,7,25,839,614,1775759358000,pumpfun,REPEAT
2026-04-09T19:36:57.342Z,2Ucsy2X6LadN8Q49naQ7pKiC1nuAYtnwnrHGEeFKpump,WATP,WATP COIN,solana,0.000002966,,32,2048,2048,,4096,4096,,,,2,1775059894000,pumpfun,REPEAT
2026-04-09T19:36:57.342Z,5552z6Qp2xr596ox1UVN4ppDwwyjCfY8cXwzHMXgMcaS,MOLTING,Molting,solana,0.0007844,1024,16384,65536,131072,65536,1048576,1048576,11,9,160,135,1769857955000,orca,REPEAT
2026-04-09T19:36:57.342Z,2LsescRjhcxoUwEQLpcsd3Gh6AHUyqEHANDakkoSpump,IRYNA,Justice for Iryna,solana,0.0001456,64,512,32768,65536,65536,131072,131072,1,2,10,19,1757156435000,pumpswap,REPEAT
2026-04-09T19:36:57.342Z,GHpK2bcd2eheHvwd51F671RYqmiSX4bGvCtuPNLJpump,FWEG,FWEG,solana,0.00007877,8192,65536,131072,131072,16384,65536,65536,97,78,1465,1150,1775757593000,pumpswap,REPEAT
2026-04-09T19:36:57.342Z,DLL963ppvxosnfCn3JczxQchybks5pFKu6K3nvLspump,Tittypress,Hydraulic Tittypress,solana,0.00001282,2048,65536,65536,65536,8192,16384,16384,23,22,1168,844,1775760220000,pumpswap,REPEAT
2026-04-09T19:36:57.342Z,7o1chhM3YW9EJsW7vZR4xRsPsinz5nm1iMtHYe9kpump,Tilly G,Tilly G,solana,0.00007512,16384,262144,524288,524288,16384,65536,65536,216,152,2920,1352,1775756625000,pumpswap,REPEAT
2026-04-09T19:36:57.342Z,GHpK2bcd2eheHvwd51F671RYqmiSX4bGvCtuPNLJpump,FWEG,FWEG,solana,0.00007877,8192,65536,131072,131072,16384,65536,65536,97,78,1465,1150,1775757593000,pumpswap,REPEAT
2026-04-09T19:36:57.342Z,2Qp8zANZK7pjxNTDZh7EqLVG4MpvGty1hvHDTXaiBAGS,ONBOARD,ONBOARD,solana,0.00002507,,,,,8,32768,32768,,,1,,1775762426000,meteora,REPEAT
2026-04-09T19:36:57.342Z,QT5pHWLS4DNe2s1PZDLWEjKn4rDXNqnk9D7AWe57cap,CAP,CapCat,solana,0.000005095,512,32768,262144,262144,4096,4096,4096,89,41,1774,1099,1775757287000,pumpswap,REPEAT
2026-04-09T19:36:57.342Z,8u8g93eEuXpe2SsUFAHGdr94irDLATpafjVipAMbpump,AZKi,AZKi,solana,0.000001969,,131072,524288,524288,4096,2048,2048,,,2420,5600,1775755985000,pumpswap,REPEAT
2026-04-09T19:36:57.342Z,41QbtLKqJmPCP5TmnHx9pVQtwCGDc1GV5A4WVfy9pump,MOODUANG,Moo Duang,solana,0.00001927,32,2048,32768,32768,8192,16384,16384,4,2,40,33,1775743897000,pumpswap,REPEAT
2026-04-09T19:36:57.342Z,13GUK7F6Zi55PrCoxcJwNaR189uishNATLStt4tuE4R,PEPETF,Pepe ETF,solana,0.00001604,512,8192,65536,65536,8192,16384,16384,21,10,212,177,1775754427000,pumpswap,REPEAT
2026-04-09T19:36:57.342Z,54VKrYFsL3BdeDu2yRMVM9GbHrXkxcVAULX5RxA5pump,LAIKA,Laika The Space Dog,solana,0.000001816,0,65536,524288,524288,4096,2048,2048,,1,1522,9377,1775756664000,pumpswap,REPEAT
2026-04-09T19:36:57.342Z,9MjRHK7iFSDco7EYMuU5L9sp9a9gPr7jTudzgTdNpump,笑哭猫,lmeow,solana,0.000003227,256,4096,131072,131072,4096,4096,4096,,4,78,111,1775754780000,pumpswap,REPEAT
2026-04-09T19:36:57.342Z,9SeCSdbPzz95KomGUGEV9Shn2zGXNmMJhE9J72Hipump,Iroha,イロハ,solana,0.001651,4096,32768,524288,2097152,131072,2097152,2097152,37,20,243,303,1775525060000,pumpswap,REPEAT
2026-04-09T19:36:57.342Z,5RXFKVXXmVaobpEBekXskTWdBmmvQL6KXAjPphnFpump,SDR,Strategic Defense Reserve,solana,0.00003605,1,128,4096,16384,16384,32768,32768,,1,3,5,1775697755000,pumpswap,REPEAT
2026-04-09T19:36:57.342Z,9MjRHK7iFSDco7EYMuU5L9sp9a9gPr7jTudzgTdNpump,笑哭猫,lmeow,solana,0.000003227,256,4096,131072,131072,4096,4096,4096,,4,73,104,1775754780000,pumpswap,REPEAT
2026-04-09T19:36:57.342Z,C4uKznf7esEEaDcNQiXBBqA1j9w4P7sNYNH1DozApump,MOOYOR,หมูยอ,solana,0.0001481,128,4096,65536,131072,32768,131072,131072,2,4,76,70,1775139582000,pumpswap,REPEAT
2026-04-09T19:36:57.342Z,sB7SkzCotrxBNyCxcmKqDDKkUWQnJhaKprS6s9xpump,OPAL,Opal The Orangutan,solana,0.0001510,256,8192,65536,262144,32768,131072,131072,6,4,109,61,1775619801000,pumpswap,REPEAT
2026-04-09T19:36:57.342Z,9AEtb967xTMosjp9XFhvHLhscPNYgDWc15jFAZR8pump,RƎ́V,REVÉRSÉ SOCIETY,solana,0.0001502,0,2048,8192,131072,32768,131072,131072,,1,50,19,1775691640000,pumpswap,REPEAT
2026-04-09T19:36:57.342Z,FfJikRuD1cPAS42ifYPMe1w42DR9bxPShenmhy5Ypump,JURDAN,Mikel Jurdan,solana,0.000002094,,4,524288,524288,4096,2048,2048,,,1,8,1775749206000,pumpswap,REPEAT
2026-04-09T19:36:57.342Z,Hon2rHAiqkcDtUzL5gA2vjXPr7T1MPCK2UT2AHKCpump,MAGA,Make Aliens Great Again ,solana,0.00006920,512,2048,16384,65536,16384,65536,65536,2,3,38,29,1771624966000,pumpswap,REPEAT
2026-04-09T19:36:57.342Z,7ZVJqzsPVoB2aSonJEW4jjvkBtwufMx41rZGryJ2pump,CHUD,Chud,solana,0.000002776,0,0,262144,262144,4096,2048,2048,,1,,1,1775748170000,pumpswap,REPEAT
2026-04-09T19:41:57.342Z,4sgCNP7ykejUaSvaGDhkq7JYqrLKB6M1Gq2X1rxSpump,PUMPPERPS,PumpPerps,solana,0.00009083,16,512,4096,32768,32768,65536,65536,2,,14,11,1774753446000,pumpswap,NEW
2026-04-09T19:41:57.342Z,4bcNC4acj9Cp2Gvi95E3KeeUvSKhRo6xiRemFeePpump,$NERON,Neron Wake up,solana,0.000004068,2,512,512,1024,4096,4096,4096,,1,23,10,1772100899000,pumpswap,REPEAT
2026-04-09T19:41:57.342Z,Cm6fNnMk7NfzStP9CZpsQA2v3jjzbcYGAxdJySmHpump,Buttcoin,Buttcoin,solana,0.01009,64,32768,131072,262144,524288,8388608,8388608,,2,146,199,1767965767000,pumpswap,REPEAT
2026-04-09T19:41:57.342Z,4w6L45CyceULSKv1WpAkXfNqvs8QzsXAp6hitHYMpump,Freedom250,Freedom 250,solana,0.00008007,256,16384,16384,16384,16384,65536,65536,8,12,394,288,1775760862000,pumpswap,REPEAT
2026-04-09T19:41:57.342Z,5xNgCvoNGvczehFW75NUKCAdjjANR71qkWnimSy6pump,CRYPTO,Cryptobatrachus Boulengeri,solana,0.00007788,16384,262144,262144,262144,16384,65536,65536,379,111,4045,2827,1775760237000,pumpswap,REPEAT
2026-04-09T19:41:57.342Z,36LH66oxCatKUCQHnRFChR25F6pzDjBbtsTiWSkYWEqE,SDR,Strategic Defense Reserve,solana,0.001176,256,16384,65536,262144,65536,1048576,1048576,4,3,137,87,1775673065000,meteora,REPEAT
2026-04-09T19:41:57.342Z,98t9PEJF5QvAdGhu3MuQ2ww57NkRV1Rg7evSZNFxpump,$BABYTAN,BabyTan,solana,0.00001052,16,512,4096,16384,,8192,8192,2,,12,7,1775571529000,pumpfun,REPEAT
2026-04-09T19:41:57.342Z,EG7XoDFvtRocfZAKUeTFJTqrfqoz2SnDZWwHDi7Npump,Epic,Epic,solana,0.000007306,1024,32768,65536,65536,,8192,8192,19,22,447,377,1775759358000,pumpfun,REPEAT
2026-04-09T19:41:57.342Z,2Ucsy2X6LadN8Q49naQ7pKiC1nuAYtnwnrHGEeFKpump,WATP,WATP COIN,solana,0.000002966,,16,2048,2048,,4096,4096,,,,1,1775059894000,pumpfun,REPEAT
2026-04-09T19:41:57.342Z,5552z6Qp2xr596ox1UVN4ppDwwyjCfY8cXwzHMXgMcaS,MOLTING,Molting,solana,0.0007844,512,16384,65536,131072,65536,1048576,1048576,13,11,168,139,1769857955000,orca,REPEAT
2026-04-09T19:41:57.342Z,2LsescRjhcxoUwEQLpcsd3Gh6AHUyqEHANDakkoSpump,IRYNA,Justice for Iryna,solana,0.0001456,,512,32768,65536,65536,131072,131072,,,10,19,1757156435000,pumpswap,REPEAT
2026-04-09T19:41:57.342Z,GHpK2bcd2eheHvwd51F671RYqmiSX4bGvCtuPNLJpump,FWEG,FWEG,solana,0.00008662,4096,65536,131072,131072,16384,65536,65536,75,50,1276,1137,1775757593000,pumpswap,REPEAT
2026-04-09T19:41:57.342Z,DLL963ppvxosnfCn3JczxQchybks5pFKu6K3nvLspump,Tittypress,Hydraulic Tittypress,solana,0.00001308,1024,65536,65536,65536,8192,16384,16384,14,17,1182,861,1775760220000,pumpswap,REPEAT
2026-04-09T19:41:57.342Z,7o1chhM3YW9EJsW7vZR4xRsPsinz5nm1iMtHYe9kpump,Tilly G,Tilly G,solana,0.00008960,32768,262144,524288,524288,32768,65536,65536,488,153,2769,1338,1775756625000,pumpswap,REPEAT
2026-04-09T19:41:57.342Z,GHpK2bcd2eheHvwd51F671RYqmiSX4bGvCtuPNLJpump,FWEG,FWEG,solana,0.00008662,4096,65536,131072,131072,16384,65536,65536,75,50,1276,1137,1775757593000,pumpswap,REPEAT
2026-04-09T19:41:57.342Z,2Qp8zANZK7pjxNTDZh7EqLVG4MpvGty1hvHDTXaiBAGS,ONBOARD,ONBOARD,solana,0.00002507,,,,,8,32768,32768,,,1,,1775762426000,meteora,REPEAT
2026-04-09T19:41:57.342Z,QT5pHWLS4DNe2s1PZDLWEjKn4rDXNqnk9D7AWe57cap,CAP,CapCat,solana,0.000005060,16,32768,262144,262144,4096,4096,4096,81,27,1612,961,1775757287000,pumpswap,REPEAT
2026-04-09T19:41:57.342Z,8u8g93eEuXpe2SsUFAHGdr94irDLATpafjVipAMbpump,AZKi,AZKi,solana,0.000001921,1,131072,524288,524288,4096,2048,2048,,1,1621,5460,1775755985000,pumpswap,REPEAT
2026-04-09T19:41:57.342Z,41QbtLKqJmPCP5TmnHx9pVQtwCGDc1GV5A4WVfy9pump,MOODUANG,Moo Duang,solana,0.00001829,128,2048,32768,32768,8192,16384,16384,1,8,38,39,1775743897000,pumpswap,REPEAT
2026-04-09T19:41:57.342Z,13GUK7F6Zi55PrCoxcJwNaR189uishNATLStt4tuE4R,PEPETF,Pepe ETF,solana,0.00001537,256,8192,65536,65536,8192,16384,16384,5,7,208,170,1775754427000,pumpswap,REPEAT
2026-04-09T19:41:57.342Z,54VKrYFsL3BdeDu2yRMVM9GbHrXkxcVAULX5RxA5pump,LAIKA,Laika The Space Dog,solana,0.000001814,4,32768,524288,524288,4096,2048,2048,,1,595,9111,1775756664000,pumpswap,REPEAT
2026-04-09T19:41:57.342Z,9MjRHK7iFSDco7EYMuU5L9sp9a9gPr7jTudzgTdNpump,笑哭猫,lmeow,solana,0.000003088,8,4096,131072,131072,4096,4096,4096,,1,70,91,1775754780000,pumpswap,REPEAT
2026-04-09T19:41:57.342Z,9SeCSdbPzz95KomGUGEV9Shn2zGXNmMJhE9J72Hipump,Iroha,イロハ,solana,0.001675,4096,32768,524288,2097152,131072,2097152,2097152,28,14,259,270,1775525060000,pumpswap,REPEAT
2026-04-09T19:41:57.342Z,5RXFKVXXmVaobpEBekXskTWdBmmvQL6KXAjPphnFpump,SDR,Strategic Defense Reserve,solana,0.00003605,,128,4096,16384,16384,32768,32768,,,3,5,1775697755000,pumpswap,REPEAT
2026-04-09T19:41:57.342Z,9MjRHK7iFSDco7EYMuU5L9sp9a9gPr7jTudzgTdNpump,笑哭猫,lmeow,solana,0.000003088,8,4096,131072,131072,4096,4096,4096,,1,69,89,1775754780000,pumpswap,REPEAT
2026-04-09T19:41:57.342Z,C4uKznf7esEEaDcNQiXBBqA1j9w4P7sNYNH1DozApump,MOOYOR,หมูยอ,solana,0.0001441,256,4096,65536,131072,32768,131072,131072,3,3,79,75,1775139582000,pumpswap,REPEAT
2026-04-09T19:41:57.342Z,sB7SkzCotrxBNyCxcmKqDDKkUWQnJhaKprS6s9xpump,OPAL,Opal The Orangutan,solana,0.0001607,512,8192,65536,262144,32768,131072,131072,4,4,97,61,1775619801000,pumpswap,REPEAT
2026-04-09T19:41:57.342Z,9AEtb967xTMosjp9XFhvHLhscPNYgDWc15jFAZR8pump,RƎ́V,REVÉRSÉ SOCIETY,solana,0.0001505,8,1024,8192,131072,32768,131072,131072,,2,27,18,1775691640000,pumpswap,REPEAT
2026-04-09T19:41:57.342Z,FfJikRuD1cPAS42ifYPMe1w42DR9bxPShenmhy5Ypump,JURDAN,Mikel Jurdan,solana,0.000002094,,2,524288,524288,4096,2048,2048,,,1,7,1775749206000,pumpswap,REPEAT
2026-04-09T19:41:57.342Z,Hon2rHAiqkcDtUzL5gA2vjXPr7T1MPCK2UT2AHKCpump,MAGA,Make Aliens Great Again ,solana,0.00006738,128,2048,16384,65536,16384,65536,65536,1,1,38,31,1771624966000,pumpswap,REPEAT
2026-04-09T19:46:57.345Z,4sgCNP7ykejUaSvaGDhkq7JYqrLKB6M1Gq2X1rxSpump,PUMPPERPS,PumpPerps,solana,0.00009083,,512,4096,32768,32768,65536,65536,,,14,11,1774753446000,pumpswap,REPEAT
2026-04-09T19:46:57.345Z,4bcNC4acj9Cp2Gvi95E3KeeUvSKhRo6xiRemFeePpump,$NERON,Neron Wake up,solana,0.000004118,64,512,1024,1024,4096,4096,4096,2,1,25,11,1772100899000,pumpswap,REPEAT
2026-04-09T19:46:57.345Z,Cm6fNnMk7NfzStP9CZpsQA2v3jjzbcYGAxdJySmHpump,Buttcoin,Buttcoin,solana,0.01002,8192,32768,131072,262144,524288,8388608,8388608,28,7,152,204,1767965767000,pumpswap,REPEAT
2026-04-09T19:46:57.345Z,4w6L45CyceULSKv1WpAkXfNqvs8QzsXAp6hitHYMpump,Freedom250,Freedom 250,solana,0.00008673,1024,16384,16384,16384,16384,65536,65536,35,9,429,297,1775760862000,pumpswap,REPEAT
2026-04-09T19:46:57.345Z,5xNgCvoNGvczehFW75NUKCAdjjANR71qkWnimSy6pump,CRYPTO,Cryptobatrachus Boulengeri,solana,0.00006847,8192,262144,262144,262144,16384,65536,65536,318,116,4097,2736,1775760237000,pumpswap,REPEAT
2026-04-09T19:46:57.345Z,36LH66oxCatKUCQHnRFChR25F6pzDjBbtsTiWSkYWEqE,SDR,Strategic Defense Reserve,solana,0.001174,512,16384,65536,262144,65536,1048576,1048576,7,2,140,87,1775673065000,meteora,REPEAT
2026-04-09T19:46:57.345Z,98t9PEJF5QvAdGhu3MuQ2ww57NkRV1Rg7evSZNFxpump,$BABYTAN,BabyTan,solana,0.00001052,,512,4096,16384,,8192,8192,,,12,7,1775571529000,pumpfun,REPEAT
2026-04-09T19:46:57.345Z,EG7XoDFvtRocfZAKUeTFJTqrfqoz2SnDZWwHDi7Npump,Epic,Epic,solana,0.000006947,512,16384,65536,65536,,8192,8192,9,9,285,221,1775759358000,pumpfun,REPEAT
2026-04-09T19:46:57.345Z,2Ucsy2X6LadN8Q49naQ7pKiC1nuAYtnwnrHGEeFKpump,WATP,WATP COIN,solana,0.000002966,,16,2048,2048,,4096,4096,,,,1,1775059894000,pumpfun,REPEAT
2026-04-09T19:46:57.345Z,5552z6Qp2xr596ox1UVN4ppDwwyjCfY8cXwzHMXgMcaS,MOLTING,Molting,solana,0.0008149,1024,16384,65536,131072,65536,1048576,1048576,8,12,159,142,1769857955000,orca,REPEAT
2026-04-09T19:46:57.345Z,2LsescRjhcxoUwEQLpcsd3Gh6AHUyqEHANDakkoSpump,IRYNA,Justice for Iryna,solana,0.0001458,1024,2048,32768,65536,65536,131072,131072,6,2,16,16,1757156435000,pumpswap,REPEAT
2026-04-09T19:46:57.345Z,GHpK2bcd2eheHvwd51F671RYqmiSX4bGvCtuPNLJpump,FWEG,FWEG,solana,0.00008737,4096,65536,131072,131072,16384,65536,65536,95,66,1303,1156,1775757593000,pumpswap,REPEAT
2026-04-09T19:46:57.345Z,DLL963ppvxosnfCn3JczxQchybks5pFKu6K3nvLspump,Tittypress,Hydraulic Tittypress,solana,0.00001392,1024,65536,65536,65536,8192,16384,16384,21,16,806,596,1775760220000,pumpswap,REPEAT
2026-04-09T19:46:57.345Z,7o1chhM3YW9EJsW7vZR4xRsPsinz5nm1iMtHYe9kpump,Tilly G,Tilly G,solana,0.0001173,32768,262144,524288,524288,32768,131072,131072,641,137,2822,1286,1775756625000,pumpswap,REPEAT
2026-04-09T19:46:57.345Z,GHpK2bcd2eheHvwd51F671RYqmiSX4bGvCtuPNLJpump,FWEG,FWEG,solana,0.00008737,4096,65536,131072,131072,16384,65536,65536,95,66,1303,1156,1775757593000,pumpswap,REPEAT
2026-04-09T19:46:57.345Z,2Qp8zANZK7pjxNTDZh7EqLVG4MpvGty1hvHDTXaiBAGS,ONBOARD,ONBOARD,solana,0.00002507,,,,,8,32768,32768,,,1,,1775762426000,meteora,REPEAT
2026-04-09T19:46:57.345Z,QT5pHWLS4DNe2s1PZDLWEjKn4rDXNqnk9D7AWe57cap,CAP,CapCat,solana,0.000004968,128,32768,262144,262144,4096,4096,4096,87,38,1501,866,1775757287000,pumpswap,REPEAT
2026-04-09T19:46:57.345Z,8u8g93eEuXpe2SsUFAHGdr94irDLATpafjVipAMbpump,AZKi,AZKi,solana,0.000001923,,131072,524288,524288,4096,2048,2048,,1,1173,5316,1775755985000,pumpswap,REPEAT
2026-04-09T19:46:57.345Z,41QbtLKqJmPCP5TmnHx9pVQtwCGDc1GV5A4WVfy9pump,MOODUANG,Moo Duang,solana,0.00001858,8,2048,32768,32768,8192,16384,16384,1,,38,36,1775743897000,pumpswap,REPEAT
2026-04-09T19:46:57.345Z,13GUK7F6Zi55PrCoxcJwNaR189uishNATLStt4tuE4R,PEPETF,Pepe ETF,solana,0.00001445,256,8192,65536,65536,8192,16384,16384,13,5,202,168,1775754427000,pumpswap,REPEAT
2026-04-09T19:46:57.345Z,54VKrYFsL3BdeDu2yRMVM9GbHrXkxcVAULX5RxA5pump,LAIKA,Laika The Space Dog,solana,0.000001811,0,16384,524288,524288,4096,2048,2048,,1,100,8948,1775756664000,pumpswap,REPEAT
2026-04-09T19:46:57.345Z,9MjRHK7iFSDco7EYMuU5L9sp9a9gPr7jTudzgTdNpump,笑哭猫,lmeow,solana,0.000003075,4,2048,131072,131072,4096,4096,4096,,1,53,88,1775754780000,pumpswap,REPEAT
2026-04-09T19:46:57.345Z,9SeCSdbPzz95KomGUGEV9Shn2zGXNmMJhE9J72Hipump,Iroha,イロハ,solana,0.001699,4096,32768,524288,2097152,131072,2097152,2097152,22,31,255,280,1775525060000,pumpswap,REPEAT
2026-04-09T19:46:57.345Z,5RXFKVXXmVaobpEBekXskTWdBmmvQL6KXAjPphnFpump,SDR,Strategic Defense Reserve,solana,0.00003605,,16,4096,16384,16384,32768,32768,,,2,5,1775697755000,pumpswap,REPEAT
2026-04-09T19:46:57.345Z,9MjRHK7iFSDco7EYMuU5L9sp9a9gPr7jTudzgTdNpump,笑哭猫,lmeow,solana,0.000003075,4,2048,131072,131072,4096,4096,4096,,1,53,88,1775754780000,pumpswap,REPEAT
2026-04-09T19:46:57.345Z,C4uKznf7esEEaDcNQiXBBqA1j9w4P7sNYNH1DozApump,MOOYOR,หมูยอ,solana,0.0001350,1024,4096,65536,131072,32768,131072,131072,5,7,84,80,1775139582000,pumpswap,REPEAT
2026-04-09T19:46:57.345Z,sB7SkzCotrxBNyCxcmKqDDKkUWQnJhaKprS6s9xpump,OPAL,Opal The Orangutan,solana,0.0001649,256,8192,65536,262144,32768,131072,131072,5,6,99,69,1775619801000,pumpswap,REPEAT
2026-04-09T19:46:57.345Z,9AEtb967xTMosjp9XFhvHLhscPNYgDWc15jFAZR8pump,RƎ́V,REVÉRSÉ SOCIETY,solana,0.0001533,16,1024,8192,131072,32768,131072,131072,2,,23,13,1775691640000,pumpswap,REPEAT
2026-04-09T19:46:57.345Z,FfJikRuD1cPAS42ifYPMe1w42DR9bxPShenmhy5Ypump,JURDAN,Mikel Jurdan,solana,0.000002094,,1,524288,524288,4096,2048,2048,,,,5,1775749206000,pumpswap,REPEAT
2026-04-09T19:46:57.345Z,Hon2rHAiqkcDtUzL5gA2vjXPr7T1MPCK2UT2AHKCpump,MAGA,Make Aliens Great Again ,solana,0.00006914,128,2048,16384,65536,16384,65536,65536,3,,38,27,1771624966000,pumpswap,REPEAT
2026-04-09T19:51:57.346Z,4sgCNP7ykejUaSvaGDhkq7JYqrLKB6M1Gq2X1rxSpump,PUMPPERPS,PumpPerps,solana,0.00009196,64,1024,4096,32768,32768,65536,65536,2,,16,10,1774753446000,pumpswap,REPEAT
2026-04-09T19:51:57.346Z,4bcNC4acj9Cp2Gvi95E3KeeUvSKhRo6xiRemFeePpump,$NERON,Neron Wake up,solana,0.000004050,16,512,1024,1024,4096,4096,4096,,1,25,12,1772100899000,pumpswap,REPEAT
2026-04-09T19:51:57.346Z,Cm6fNnMk7NfzStP9CZpsQA2v3jjzbcYGAxdJySmHpump,Buttcoin,Buttcoin,solana,0.009862,8192,65536,131072,262144,524288,8388608,8388608,9,5,145,209,1767965767000,pumpswap,REPEAT
2026-04-09T19:51:57.346Z,4w6L45CyceULSKv1WpAkXfNqvs8QzsXAp6hitHYMpump,Freedom250,Freedom 250,solana,0.00008273,512,16384,16384,16384,16384,65536,65536,13,19,442,316,1775760862000,pumpswap,REPEAT
2026-04-09T19:51:57.346Z,5xNgCvoNGvczehFW75NUKCAdjjANR71qkWnimSy6pump,CRYPTO,Cryptobatrachus Boulengeri,solana,0.00003719,16384,262144,262144,262144,16384,32768,32768,237,227,3863,2602,1775760237000,pumpswap,REPEAT
2026-04-09T19:51:57.346Z,36LH66oxCatKUCQHnRFChR25F6pzDjBbtsTiWSkYWEqE,SDR,Strategic Defense Reserve,solana,0.001177,512,16384,65536,262144,65536,1048576,1048576,10,4,144,85,1775673065000,meteora,REPEAT
2026-04-09T19:51:57.346Z,98t9PEJF5QvAdGhu3MuQ2ww57NkRV1Rg7evSZNFxpump,$BABYTAN,BabyTan,solana,0.00001060,64,512,4096,16384,,8192,8192,2,1,13,8,1775571529000,pumpfun,REPEAT
2026-04-09T19:51:57.346Z,EG7XoDFvtRocfZAKUeTFJTqrfqoz2SnDZWwHDi7Npump,Epic,Epic,solana,0.000006278,256,16384,65536,65536,,8192,8192,2,12,227,202,1775759358000,pumpfun,REPEAT
2026-04-09T19:51:57.346Z,2Ucsy2X6LadN8Q49naQ7pKiC1nuAYtnwnrHGEeFKpump,WATP,WATP COIN,solana,0.000002966,,16,2048,2048,,4096,4096,,,,1,1775059894000,pumpfun,REPEAT
2026-04-09T19:51:57.346Z,5552z6Qp2xr596ox1UVN4ppDwwyjCfY8cXwzHMXgMcaS,MOLTING,Molting,solana,0.0008189,256,16384,65536,131072,65536,1048576,1048576,6,8,158,142,1769857955000,orca,REPEAT
2026-04-09T19:51:57.346Z,2LsescRjhcxoUwEQLpcsd3Gh6AHUyqEHANDakkoSpump,IRYNA,Justice for Iryna,solana,0.0001443,512,2048,32768,65536,65536,131072,131072,1,2,17,15,1757156435000,pumpswap,REPEAT
2026-04-09T19:51:57.346Z,GHpK2bcd2eheHvwd51F671RYqmiSX4bGvCtuPNLJpump,FWEG,FWEG,solana,0.00008160,4096,65536,131072,131072,16384,65536,65536,88,65,1265,1118,1775757593000,pumpswap,REPEAT
2026-04-09T19:51:57.346Z,DLL963ppvxosnfCn3JczxQchybks5pFKu6K3nvLspump,Tittypress,Hydraulic Tittypress,solana,0.00001307,512,32768,65536,65536,8192,16384,16384,9,13,622,480,1775760220000,pumpswap,REPEAT
2026-04-09T19:51:57.346Z,7o1chhM3YW9EJsW7vZR4xRsPsinz5nm1iMtHYe9kpump,Tilly G,Tilly G,solana,0.0001467,32768,262144,524288,524288,32768,131072,131072,326,150,2647,1262,1775756625000,pumpswap,REPEAT
2026-04-09T19:51:57.346Z,GHpK2bcd2eheHvwd51F671RYqmiSX4bGvCtuPNLJpump,FWEG,FWEG,solana,0.00008160,4096,65536,131072,131072,16384,65536,65536,88,65,1265,1118,1775757593000,pumpswap,REPEAT
2026-04-09T19:51:57.346Z,2Qp8zANZK7pjxNTDZh7EqLVG4MpvGty1hvHDTXaiBAGS,ONBOARD,ONBOARD,solana,0.00002507,,,,,8,32768,32768,,,1,,1775762426000,meteora,REPEAT
2026-04-09T19:51:57.346Z,QT5pHWLS4DNe2s1PZDLWEjKn4rDXNqnk9D7AWe57cap,CAP,CapCat,solana,0.000005064,128,16384,262144,262144,4096,4096,4096,86,28,1400,755,1775757287000,pumpswap,REPEAT
2026-04-09T19:51:57.346Z,8u8g93eEuXpe2SsUFAHGdr94irDLATpafjVipAMbpump,AZKi,AZKi,solana,0.000001923,,131072,524288,524288,4096,2048,2048,,,1000,5181,1775755985000,pumpswap,REPEAT
2026-04-09T19:51:57.346Z,41QbtLKqJmPCP5TmnHx9pVQtwCGDc1GV5A4WVfy9pump,MOODUANG,Moo Duang,solana,0.00002018,256,2048,32768,32768,8192,16384,16384,6,,39,34,1775743897000,pumpswap,REPEAT
2026-04-09T19:51:57.346Z,13GUK7F6Zi55PrCoxcJwNaR189uishNATLStt4tuE4R,PEPETF,Pepe ETF,solana,0.00001174,512,8192,65536,65536,8192,16384,16384,9,7,202,156,1775754427000,pumpswap,REPEAT
2026-04-09T19:51:57.346Z,54VKrYFsL3BdeDu2yRMVM9GbHrXkxcVAULX5RxA5pump,LAIKA,Laika The Space Dog,solana,0.000001816,0,512,524288,524288,4096,2048,2048,,1,15,2015,1775756664000,pumpswap,REPEAT
2026-04-09T19:51:57.346Z,9MjRHK7iFSDco7EYMuU5L9sp9a9gPr7jTudzgTdNpump,笑哭猫,lmeow,solana,0.000003074,64,2048,131072,131072,4096,4096,4096,1,2,40,70,1775754780000,pumpswap,REPEAT
2026-04-09T19:51:57.346Z,9SeCSdbPzz95KomGUGEV9Shn2zGXNmMJhE9J72Hipump,Iroha,イロハ,solana,0.001670,2048,32768,524288,2097152,131072,2097152,2097152,9,20,243,272,1775525060000,pumpswap,REPEAT
2026-04-09T19:51:57.346Z,5RXFKVXXmVaobpEBekXskTWdBmmvQL6KXAjPphnFpump,SDR,Strategic Defense Reserve,solana,0.00003584,32,64,4096,16384,16384,32768,32768,,2,2,6,1775697755000,pumpswap,REPEAT
2026-04-09T19:51:57.346Z,9MjRHK7iFSDco7EYMuU5L9sp9a9gPr7jTudzgTdNpump,笑哭猫,lmeow,solana,0.000003074,64,2048,131072,131072,4096,4096,4096,1,2,40,70,1775754780000,pumpswap,REPEAT
2026-04-09T19:51:57.346Z,C4uKznf7esEEaDcNQiXBBqA1j9w4P7sNYNH1DozApump,MOOYOR,หมูยอ,solana,0.0001328,512,4096,65536,131072,32768,131072,131072,3,4,84,81,1775139582000,pumpswap,REPEAT
2026-04-09T19:51:57.346Z,sB7SkzCotrxBNyCxcmKqDDKkUWQnJhaKprS6s9xpump,OPAL,Opal The Orangutan,solana,0.0001739,512,8192,65536,262144,32768,131072,131072,10,9,104,77,1775619801000,pumpswap,REPEAT
2026-04-09T19:51:57.346Z,9AEtb967xTMosjp9XFhvHLhscPNYgDWc15jFAZR8pump,RƎ́V,REVÉRSÉ SOCIETY,solana,0.0001553,64,512,8192,131072,32768,131072,131072,3,,24,7,1775691640000,pumpswap,REPEAT
2026-04-09T19:51:57.346Z,FfJikRuD1cPAS42ifYPMe1w42DR9bxPShenmhy5Ypump,JURDAN,Mikel Jurdan,solana,0.000002094,,0,524288,524288,4096,2048,2048,,,,4,1775749206000,pumpswap,REPEAT
2026-04-09T19:51:57.346Z,Hon2rHAiqkcDtUzL5gA2vjXPr7T1MPCK2UT2AHKCpump,MAGA,Make Aliens Great Again ,solana,0.00006877,64,2048,16384,65536,16384,65536,65536,1,1,34,25,1771624966000,pumpswap,REPEAT
2026-04-09T19:56:57.347Z,4sgCNP7ykejUaSvaGDhkq7JYqrLKB6M1Gq2X1rxSpump,PUMPPERPS,PumpPerps,solana,0.00009144,128,1024,4096,32768,32768,65536,65536,1,1,17,8,1774753446000,pumpswap,REPEAT
2026-04-09T19:56:57.347Z,4bcNC4acj9Cp2Gvi95E3KeeUvSKhRo6xiRemFeePpump,$NERON,Neron Wake up,solana,0.000004050,,512,1024,1024,4096,4096,4096,,,21,10,1772100899000,pumpswap,REPEAT
2026-04-09T19:56:57.347Z,Cm6fNnMk7NfzStP9CZpsQA2v3jjzbcYGAxdJySmHpump,Buttcoin,Buttcoin,solana,0.009811,128,65536,131072,262144,524288,8388608,8388608,1,3,142,205,1767965767000,pumpswap,REPEAT
2026-04-09T19:56:57.347Z,4w6L45CyceULSKv1WpAkXfNqvs8QzsXAp6hitHYMpump,Freedom250,Freedom 250,solana,0.00009496,1024,16384,32768,32768,32768,131072,131072,37,13,414,308,1775760862000,pumpswap,REPEAT
2026-04-09T19:56:57.347Z,5xNgCvoNGvczehFW75NUKCAdjjANR71qkWnimSy6pump,CRYPTO,Cryptobatrachus Boulengeri,solana,0.00004221,4096,262144,262144,262144,16384,32768,32768,84,63,3415,2252,1775760237000,pumpswap,REPEAT
2026-04-09T19:56:57.347Z,36LH66oxCatKUCQHnRFChR25F6pzDjBbtsTiWSkYWEqE,SDR,Strategic Defense Reserve,solana,0.001177,512,8192,65536,262144,65536,1048576,1048576,5,2,132,75,1775673065000,meteora,REPEAT
2026-04-09T19:56:57.347Z,98t9PEJF5QvAdGhu3MuQ2ww57NkRV1Rg7evSZNFxpump,$BABYTAN,BabyTan,solana,0.00001060,,512,4096,16384,,8192,8192,,,11,7,1775571529000,pumpfun,REPEAT
2026-04-09T19:56:57.347Z,EG7XoDFvtRocfZAKUeTFJTqrfqoz2SnDZWwHDi7Npump,Epic,Epic,solana,0.000004464,1024,16384,65536,65536,,4096,4096,6,11,176,181,1775759358000,pumpfun,REPEAT
2026-04-09T19:56:57.347Z,2Ucsy2X6LadN8Q49naQ7pKiC1nuAYtnwnrHGEeFKpump,WATP,WATP COIN,solana,0.000002980,2,32,2048,2048,,4096,4096,1,1,1,2,1775059894000,pumpfun,REPEAT
2026-04-09T19:56:57.347Z,5552z6Qp2xr596ox1UVN4ppDwwyjCfY8cXwzHMXgMcaS,MOLTING,Molting,solana,0.0008175,16,16384,65536,131072,65536,1048576,1048576,1,5,140,128,1769857955000,orca,REPEAT
2026-04-09T19:56:57.347Z,2LsescRjhcxoUwEQLpcsd3Gh6AHUyqEHANDakkoSpump,IRYNA,Justice for Iryna,solana,0.0001448,64,2048,32768,65536,65536,131072,131072,1,1,18,15,1757156435000,pumpswap,REPEAT
2026-04-09T19:56:57.347Z,GHpK2bcd2eheHvwd51F671RYqmiSX4bGvCtuPNLJpump,FWEG,FWEG,solana,0.00007492,4096,65536,131072,131072,16384,65536,65536,77,56,1223,1041,1775757593000,pumpswap,REPEAT
2026-04-09T19:56:57.347Z,DLL963ppvxosnfCn3JczxQchybks5pFKu6K3nvLspump,Tittypress,Hydraulic Tittypress,solana,0.00001158,2048,32768,65536,65536,8192,8192,8192,28,17,583,450,1775760220000,pumpswap,REPEAT
2026-04-09T19:56:57.347Z,7o1chhM3YW9EJsW7vZR4xRsPsinz5nm1iMtHYe9kpump,Tilly G,Tilly G,solana,0.0001556,32768,262144,524288,524288,32768,131072,131072,267,135,2788,1303,1775756625000,pumpswap,REPEAT
2026-04-09T19:56:57.347Z,GHpK2bcd2eheHvwd51F671RYqmiSX4bGvCtuPNLJpump,FWEG,FWEG,solana,0.00007492,4096,65536,131072,131072,16384,65536,65536,77,56,1223,1041,1775757593000,pumpswap,REPEAT
2026-04-09T19:56:57.347Z,2Qp8zANZK7pjxNTDZh7EqLVG4MpvGty1hvHDTXaiBAGS,ONBOARD,ONBOARD,solana,0.00002507,,,,,8,32768,32768,,,1,,1775762426000,meteora,REPEAT
2026-04-09T19:56:57.347Z,QT5pHWLS4DNe2s1PZDLWEjKn4rDXNqnk9D7AWe57cap,CAP,CapCat,solana,0.000005856,256,16384,262144,262144,8192,8192,8192,95,27,1318,645,1775757287000,pumpswap,REPEAT
2026-04-09T19:56:57.347Z,8u8g93eEuXpe2SsUFAHGdr94irDLATpafjVipAMbpump,AZKi,AZKi,solana,0.000001923,,131072,524288,524288,4096,2048,2048,,,833,5059,1775755985000,pumpswap,REPEAT
2026-04-09T19:56:57.347Z,41QbtLKqJmPCP5TmnHx9pVQtwCGDc1GV5A4WVfy9pump,MOODUANG,Moo Duang,solana,0.00002126,128,2048,32768,32768,8192,16384,16384,8,1,46,30,1775743897000,pumpswap,REPEAT
2026-04-09T19:56:57.347Z,13GUK7F6Zi55PrCoxcJwNaR189uishNATLStt4tuE4R,PEPETF,Pepe ETF,solana,0.00001350,1024,8192,65536,65536,8192,16384,16384,51,18,220,154,1775754427000,pumpswap,REPEAT
2026-04-09T19:56:57.347Z,54VKrYFsL3BdeDu2yRMVM9GbHrXkxcVAULX5RxA5pump,LAIKA,Laika The Space Dog,solana,0.000001815,0,512,524288,524288,4096,2048,2048,,1,11,29,1775756664000,pumpswap,REPEAT
2026-04-09T19:56:57.347Z,9MjRHK7iFSDco7EYMuU5L9sp9a9gPr7jTudzgTdNpump,笑哭猫,lmeow,solana,0.000003031,16,2048,131072,131072,4096,4096,4096,1,2,35,67,1775754780000,pumpswap,REPEAT
2026-04-09T19:56:57.347Z,9SeCSdbPzz95KomGUGEV9Shn2zGXNmMJhE9J72Hipump,Iroha,イロハ,solana,0.001658,2048,32768,524288,2097152,131072,2097152,2097152,15,17,237,273,1775525060000,pumpswap,REPEAT
2026-04-09T19:56:57.347Z,5RXFKVXXmVaobpEBekXskTWdBmmvQL6KXAjPphnFpump,SDR,Strategic Defense Reserve,solana,0.00002487,1024,1024,4096,16384,16384,32768,32768,,11,2,17,1775697755000,pumpswap,REPEAT
2026-04-09T19:56:57.347Z,9MjRHK7iFSDco7EYMuU5L9sp9a9gPr7jTudzgTdNpump,笑哭猫,lmeow,solana,0.000003031,16,2048,131072,131072,4096,4096,4096,1,2,35,67,1775754780000,pumpswap,REPEAT
2026-04-09T19:56:57.347Z,C4uKznf7esEEaDcNQiXBBqA1j9w4P7sNYNH1DozApump,MOOYOR,หมูยอ,solana,0.0001337,64,4096,65536,131072,32768,131072,131072,2,1,80,77,1775139582000,pumpswap,REPEAT
2026-04-09T19:56:57.347Z,sB7SkzCotrxBNyCxcmKqDDKkUWQnJhaKprS6s9xpump,OPAL,Opal The Orangutan,solana,0.0001746,64,8192,65536,262144,32768,131072,131072,4,1,105,73,1775619801000,pumpswap,REPEAT
2026-04-09T19:56:57.347Z,9AEtb967xTMosjp9XFhvHLhscPNYgDWc15jFAZR8pump,RƎ́V,REVÉRSÉ SOCIETY,solana,0.0001288,1024,2048,8192,131072,32768,131072,131072,4,10,23,15,1775691640000,pumpswap,REPEAT
2026-04-09T19:56:57.347Z,FfJikRuD1cPAS42ifYPMe1w42DR9bxPShenmhy5Ypump,JURDAN,Mikel Jurdan,solana,0.000002094,,0,524288,524288,4096,2048,2048,,,,4,1775749206000,pumpswap,REPEAT
2026-04-09T19:56:57.347Z,Hon2rHAiqkcDtUzL5gA2vjXPr7T1MPCK2UT2AHKCpump,MAGA,Make Aliens Great Again ,solana,0.00006877,,1024,16384,65536,16384,65536,65536,,,26,18,1771624966000,pumpswap,REPEAT
2026-04-09T20:01:57.347Z,4sgCNP7ykejUaSvaGDhkq7JYqrLKB6M1Gq2X1rxSpump,PUMPPERPS,PumpPerps,solana,0.00009206,1,1024,4096,32768,32768,65536,65536,2,,19,7,1774753446000,pumpswap,REPEAT
2026-04-09T20:01:57.347Z,4bcNC4acj9Cp2Gvi95E3KeeUvSKhRo6xiRemFeePpump,$NERON,Neron Wake up,solana,0.000004050,,512,1024,1024,4096,4096,4096,,,21,10,1772100899000,pumpswap,REPEAT
2026-04-09T20:01:57.347Z,Cm6fNnMk7NfzStP9CZpsQA2v3jjzbcYGAxdJySmHpump,Buttcoin,Buttcoin,solana,0.009830,128,32768,131072,262144,524288,8388608,8388608,1,2,140,176,1767965767000,pumpswap,REPEAT
2026-04-09T20:01:57.347Z,4w6L45CyceULSKv1WpAkXfNqvs8QzsXAp6hitHYMpump,Freedom250,Freedom 250,solana,0.0001087,2048,16384,32768,32768,32768,131072,131072,43,11,392,254,1775760862000,pumpswap,REPEAT
2026-04-09T20:01:57.347Z,5xNgCvoNGvczehFW75NUKCAdjjANR71qkWnimSy6pump,CRYPTO,Cryptobatrachus Boulengeri,solana,0.00004269,4096,262144,262144,262144,16384,32768,32768,73,51,3137,2075,1775760237000,pumpswap,REPEAT
2026-04-09T20:01:57.347Z,36LH66oxCatKUCQHnRFChR25F6pzDjBbtsTiWSkYWEqE,SDR,Strategic Defense Reserve,solana,0.001177,128,8192,65536,262144,65536,1048576,1048576,1,1,101,56,1775673065000,meteora,REPEAT
2026-04-09T20:01:57.347Z,98t9PEJF5QvAdGhu3MuQ2ww57NkRV1Rg7evSZNFxpump,$BABYTAN,BabyTan,solana,0.00001057,4,512,4096,16384,,8192,8192,,1,11,6,1775571529000,pumpfun,REPEAT
2026-04-09T20:01:57.347Z,EG7XoDFvtRocfZAKUeTFJTqrfqoz2SnDZWwHDi7Npump,Epic,Epic,solana,0.000003691,512,8192,65536,65536,,4096,4096,6,18,150,180,1775759358000,pumpfun,REPEAT
2026-04-09T20:01:57.347Z,2Ucsy2X6LadN8Q49naQ7pKiC1nuAYtnwnrHGEeFKpump,WATP,WATP COIN,solana,0.000002980,,32,2048,2048,,4096,4096,,,1,2,1775059894000,pumpfun,REPEAT
2026-04-09T20:01:57.347Z,5552z6Qp2xr596ox1UVN4ppDwwyjCfY8cXwzHMXgMcaS,MOLTING,Molting,solana,0.0008223,128,8192,65536,131072,65536,1048576,1048576,4,4,132,115,1769857955000,orca,REPEAT
2026-04-09T20:01:57.347Z,2LsescRjhcxoUwEQLpcsd3Gh6AHUyqEHANDakkoSpump,IRYNA,Justice for Iryna,solana,0.0001452,128,2048,32768,65536,65536,131072,131072,1,1,19,14,1757156435000,pumpswap,REPEAT
2026-04-09T20:01:57.347Z,GHpK2bcd2eheHvwd51F671RYqmiSX4bGvCtuPNLJpump,FWEG,FWEG,solana,0.00007817,2048,65536,131072,131072,16384,65536,65536,70,41,1167,958,1775757593000,pumpswap,REPEAT
2026-04-09T20:01:57.347Z,DLL963ppvxosnfCn3JczxQchybks5pFKu6K3nvLspump,Tittypress,Hydraulic Tittypress,solana,0.00001728,2048,32768,65536,65536,8192,16384,16384,47,8,492,354,1775760220000,pumpswap,REPEAT
2026-04-09T20:01:57.347Z,7o1chhM3YW9EJsW7vZR4xRsPsinz5nm1iMtHYe9kpump,Tilly G,Tilly G,solana,0.0001556,32768,262144,524288,524288,32768,131072,131072,265,155,2966,1390,1775756625000,pumpswap,REPEAT
2026-04-09T20:01:57.347Z,GHpK2bcd2eheHvwd51F671RYqmiSX4bGvCtuPNLJpump,FWEG,FWEG,solana,0.00007817,2048,65536,131072,131072,16384,65536,65536,70,41,1167,958,1775757593000,pumpswap,REPEAT
2026-04-09T20:01:57.347Z,2Qp8zANZK7pjxNTDZh7EqLVG4MpvGty1hvHDTXaiBAGS,ONBOARD,ONBOARD,solana,0.00002507,,,,,8,32768,32768,,,1,,1775762426000,meteora,REPEAT
2026-04-09T20:01:57.347Z,QT5pHWLS4DNe2s1PZDLWEjKn4rDXNqnk9D7AWe57cap,CAP,CapCat,solana,0.000006215,128,8192,262144,262144,8192,8192,8192,91,27,1232,553,1775757287000,pumpswap,REPEAT
2026-04-09T20:01:57.347Z,8u8g93eEuXpe2SsUFAHGdr94irDLATpafjVipAMbpump,AZKi,AZKi,solana,0.000001927,0,65536,524288,524288,4096,2048,2048,,1,606,4923,1775755985000,pumpswap,REPEAT
2026-04-09T20:01:57.347Z,41QbtLKqJmPCP5TmnHx9pVQtwCGDc1GV5A4WVfy9pump,MOODUANG,Moo Duang,solana,0.00002111,256,2048,32768,32768,8192,16384,16384,2,5,41,33,1775743897000,pumpswap,REPEAT
2026-04-09T20:01:57.347Z,13GUK7F6Zi55PrCoxcJwNaR189uishNATLStt4tuE4R,PEPETF,Pepe ETF,solana,0.00001327,256,8192,65536,65536,8192,16384,16384,10,7,212,137,1775754427000,pumpswap,REPEAT
2026-04-09T20:01:57.347Z,54VKrYFsL3BdeDu2yRMVM9GbHrXkxcVAULX5RxA5pump,LAIKA,Laika The Space Dog,solana,0.000001857,16,128,524288,524288,4096,2048,2048,1,1,3,23,1775756664000,pumpswap,REPEAT
2026-04-09T20:01:57.347Z,9MjRHK7iFSDco7EYMuU5L9sp9a9gPr7jTudzgTdNpump,笑哭猫,lmeow,solana,0.000003013,2,2048,131072,131072,4096,4096,4096,1,1,28,54,1775754780000,pumpswap,REPEAT
2026-04-09T20:01:57.347Z,9SeCSdbPzz95KomGUGEV9Shn2zGXNmMJhE9J72Hipump,Iroha,イロハ,solana,0.001733,4096,32768,524288,2097152,131072,2097152,2097152,19,17,229,277,1775525060000,pumpswap,REPEAT
2026-04-09T20:01:57.347Z,5RXFKVXXmVaobpEBekXskTWdBmmvQL6KXAjPphnFpump,SDR,Strategic Defense Reserve,solana,0.00002229,1024,2048,4096,16384,8192,16384,16384,20,5,22,22,1775697755000,pumpswap,REPEAT
2026-04-09T20:01:57.347Z,9MjRHK7iFSDco7EYMuU5L9sp9a9gPr7jTudzgTdNpump,笑哭猫,lmeow,solana,0.000003013,2,2048,131072,131072,4096,4096,4096,1,1,28,54,1775754780000,pumpswap,REPEAT
2026-04-09T20:01:57.347Z,C4uKznf7esEEaDcNQiXBBqA1j9w4P7sNYNH1DozApump,MOOYOR,หมูยอ,solana,0.0001354,64,4096,65536,131072,32768,131072,131072,2,,82,75,1775139582000,pumpswap,REPEAT
2026-04-09T20:01:57.347Z,sB7SkzCotrxBNyCxcmKqDDKkUWQnJhaKprS6s9xpump,OPAL,Opal The Orangutan,solana,0.0001672,1024,8192,65536,262144,32768,131072,131072,11,5,111,79,1775619801000,pumpswap,REPEAT
2026-04-09T20:01:57.347Z,9AEtb967xTMosjp9XFhvHLhscPNYgDWc15jFAZR8pump,RƎ́V,REVÉRSÉ SOCIETY,solana,0.0001298,64,2048,8192,131072,32768,131072,131072,1,3,23,18,1775691640000,pumpswap,REPEAT
2026-04-09T20:01:57.347Z,FfJikRuD1cPAS42ifYPMe1w42DR9bxPShenmhy5Ypump,JURDAN,Mikel Jurdan,solana,0.000002094,,0,524288,524288,4096,2048,2048,,,,3,1775749206000,pumpswap,REPEAT
2026-04-09T20:01:57.347Z,Hon2rHAiqkcDtUzL5gA2vjXPr7T1MPCK2UT2AHKCpump,MAGA,Make Aliens Great Again ,solana,0.00006946,64,1024,16384,65536,16384,65536,65536,2,,25,16,1771624966000,pumpswap,REPEAT
2026-04-09T20:06:57.347Z,Guf6w2MNAHUe2DSVVH9rFRsN5s9CDjEFxcaQKdCEpump,OILUP,Liquid Gold,solana,0.00002325,64,2048,4096,8192,,32768,32768,1,2,38,12,1775575647000,pumpfun,NEW
2026-04-09T20:06:57.347Z,4sgCNP7ykejUaSvaGDhkq7JYqrLKB6M1Gq2X1rxSpump,PUMPPERPS,PumpPerps,solana,0.00009159,64,1024,4096,32768,32768,65536,65536,1,1,20,8,1774753446000,pumpswap,REPEAT
2026-04-09T20:06:57.347Z,4bcNC4acj9Cp2Gvi95E3KeeUvSKhRo6xiRemFeePpump,$NERON,Neron Wake up,solana,0.000004050,,512,1024,1024,4096,4096,4096,,,21,10,1772100899000,pumpswap,REPEAT
2026-04-09T20:06:57.347Z,Cm6fNnMk7NfzStP9CZpsQA2v3jjzbcYGAxdJySmHpump,Buttcoin,Buttcoin,solana,0.009887,64,32768,131072,262144,524288,8388608,8388608,3,,143,174,1767965767000,pumpswap,REPEAT
2026-04-09T20:06:57.347Z,4w6L45CyceULSKv1WpAkXfNqvs8QzsXAp6hitHYMpump,Freedom250,Freedom 250,solana,0.00008160,2048,16384,32768,32768,16384,65536,65536,15,40,393,273,1775760862000,pumpswap,REPEAT
2026-04-09T20:06:57.347Z,5xNgCvoNGvczehFW75NUKCAdjjANR71qkWnimSy6pump,CRYPTO,Cryptobatrachus Boulengeri,solana,0.00001797,16384,262144,262144,262144,8192,16384,16384,205,123,2974,1913,1775760237000,pumpswap,REPEAT
2026-04-09T20:06:57.347Z,36LH66oxCatKUCQHnRFChR25F6pzDjBbtsTiWSkYWEqE,SDR,Strategic Defense Reserve,solana,0.001181,512,8192,65536,262144,65536,1048576,1048576,8,4,100,55,1775673065000,meteora,REPEAT
2026-04-09T20:06:57.347Z,98t9PEJF5QvAdGhu3MuQ2ww57NkRV1Rg7evSZNFxpump,$BABYTAN,BabyTan,solana,0.00001029,64,512,2048,16384,,8192,8192,,2,11,6,1775571529000,pumpfun,REPEAT
2026-04-09T20:06:57.347Z,EG7XoDFvtRocfZAKUeTFJTqrfqoz2SnDZWwHDi7Npump,Epic,Epic,solana,0.000004163,512,8192,65536,65536,,4096,4096,7,7,146,166,1775759358000,pumpfun,REPEAT
2026-04-09T20:06:57.347Z,2Ucsy2X6LadN8Q49naQ7pKiC1nuAYtnwnrHGEeFKpump,WATP,WATP COIN,solana,0.000002980,,32,2048,2048,,4096,4096,,,1,2,1775059894000,pumpfun,REPEAT
2026-04-09T20:06:57.347Z,5552z6Qp2xr596ox1UVN4ppDwwyjCfY8cXwzHMXgMcaS,MOLTING,Molting,solana,0.0008441,256,8192,65536,131072,65536,1048576,1048576,6,3,115,101,1769857955000,orca,REPEAT
2026-04-09T20:06:57.347Z,2LsescRjhcxoUwEQLpcsd3Gh6AHUyqEHANDakkoSpump,IRYNA,Justice for Iryna,solana,0.0001401,128,2048,32768,65536,65536,131072,131072,1,2,19,16,1757156435000,pumpswap,REPEAT
2026-04-09T20:06:57.347Z,GHpK2bcd2eheHvwd51F671RYqmiSX4bGvCtuPNLJpump,FWEG,FWEG,solana,0.00007521,2048,65536,131072,131072,16384,65536,65536,57,46,1058,806,1775757593000,pumpswap,REPEAT
2026-04-09T20:06:57.347Z,DLL963ppvxosnfCn3JczxQchybks5pFKu6K3nvLspump,Tittypress,Hydraulic Tittypress,solana,0.00001542,512,32768,65536,65536,8192,16384,16384,5,14,461,341,1775760220000,pumpswap,REPEAT
2026-04-09T20:06:57.347Z,7o1chhM3YW9EJsW7vZR4xRsPsinz5nm1iMtHYe9kpump,Tilly G,Tilly G,solana,0.0001662,32768,262144,524288,524288,32768,131072,131072,255,147,3135,1465,1775756625000,pumpswap,REPEAT
2026-04-09T20:06:57.347Z,GHpK2bcd2eheHvwd51F671RYqmiSX4bGvCtuPNLJpump,FWEG,FWEG,solana,0.00007521,2048,65536,131072,131072,16384,65536,65536,57,46,1058,806,1775757593000,pumpswap,REPEAT
2026-04-09T20:06:57.347Z,2Qp8zANZK7pjxNTDZh7EqLVG4MpvGty1hvHDTXaiBAGS,ONBOARD,ONBOARD,solana,0.00002507,,,,,8,32768,32768,,,1,,1775762426000,meteora,REPEAT
2026-04-09T20:06:57.347Z,QT5pHWLS4DNe2s1PZDLWEjKn4rDXNqnk9D7AWe57cap,CAP,CapCat,solana,0.000005121,256,4096,262144,262144,4096,4096,4096,68,36,1136,464,1775757287000,pumpswap,REPEAT
2026-04-09T20:06:57.347Z,8u8g93eEuXpe2SsUFAHGdr94irDLATpafjVipAMbpump,AZKi,AZKi,solana,0.000001927,,65536,524288,524288,4096,2048,2048,,,400,4790,1775755985000,pumpswap,REPEAT
2026-04-09T20:06:57.347Z,41QbtLKqJmPCP5TmnHx9pVQtwCGDc1GV5A4WVfy9pump,MOODUANG,Moo Duang,solana,0.00002155,16,2048,32768,32768,8192,16384,16384,1,,41,29,1775743897000,pumpswap,REPEAT
2026-04-09T20:06:57.347Z,13GUK7F6Zi55PrCoxcJwNaR189uishNATLStt4tuE4R,PEPETF,Pepe ETF,solana,0.00001376,512,8192,65536,65536,8192,16384,16384,8,4,194,106,1775754427000,pumpswap,REPEAT
2026-04-09T20:06:57.347Z,54VKrYFsL3BdeDu2yRMVM9GbHrXkxcVAULX5RxA5pump,LAIKA,Laika The Space Dog,solana,0.000001857,,128,524288,524288,4096,2048,2048,,,2,19,1775756664000,pumpswap,REPEAT
2026-04-09T20:06:57.347Z,9MjRHK7iFSDco7EYMuU5L9sp9a9gPr7jTudzgTdNpump,笑哭猫,lmeow,solana,0.000002985,16,2048,131072,131072,4096,4096,4096,,3,27,51,1775754780000,pumpswap,REPEAT
2026-04-09T20:06:57.347Z,9SeCSdbPzz95KomGUGEV9Shn2zGXNmMJhE9J72Hipump,Iroha,イロハ,solana,0.001695,1024,32768,524288,2097152,131072,2097152,2097152,8,10,203,212,1775525060000,pumpswap,REPEAT
2026-04-09T20:06:57.347Z,5RXFKVXXmVaobpEBekXskTWdBmmvQL6KXAjPphnFpump,SDR,Strategic Defense Reserve,solana,0.00001514,2048,4096,8192,16384,8192,16384,16384,18,16,39,37,1775697755000,pumpswap,REPEAT
2026-04-09T20:06:57.347Z,9MjRHK7iFSDco7EYMuU5L9sp9a9gPr7jTudzgTdNpump,笑哭猫,lmeow,solana,0.000002985,16,2048,131072,131072,4096,4096,4096,,3,27,51,1775754780000,pumpswap,REPEAT
2026-04-09T20:06:57.347Z,C4uKznf7esEEaDcNQiXBBqA1j9w4P7sNYNH1DozApump,MOOYOR,หมูยอ,solana,0.0001335,16,4096,65536,131072,32768,131072,131072,,2,82,74,1775139582000,pumpswap,REPEAT
2026-04-09T20:06:57.347Z,sB7SkzCotrxBNyCxcmKqDDKkUWQnJhaKprS6s9xpump,OPAL,Opal The Orangutan,solana,0.0001822,2048,8192,65536,262144,32768,131072,131072,7,8,112,83,1775619801000,pumpswap,REPEAT
2026-04-09T20:06:57.347Z,9AEtb967xTMosjp9XFhvHLhscPNYgDWc15jFAZR8pump,RƎ́V,REVÉRSÉ SOCIETY,solana,0.0001307,64,2048,8192,131072,32768,131072,131072,2,1,22,19,1775691640000,pumpswap,REPEAT
2026-04-09T20:06:57.347Z,FfJikRuD1cPAS42ifYPMe1w42DR9bxPShenmhy5Ypump,JURDAN,Mikel Jurdan,solana,0.000002094,,0,524288,524288,4096,2048,2048,,,,2,1775749206000,pumpswap,REPEAT
2026-04-09T20:11:57.349Z,3qoH8a7chfVTV5xVRtB4dm3TwjprPRHRbCAnLCmEpump,BECK,Adom Beck,solana,0.0003122,65536,524288,524288,524288,32768,262144,262144,402,275,1902,1371,1775764155000,pumpswap,NEW
2026-04-09T20:11:57.349Z,Guf6w2MNAHUe2DSVVH9rFRsN5s9CDjEFxcaQKdCEpump,OILUP,Liquid Gold,solana,0.00002482,256,4096,4096,8192,,32768,32768,7,1,45,13,1775575647000,pumpfun,REPEAT
2026-04-09T20:11:57.349Z,4sgCNP7ykejUaSvaGDhkq7JYqrLKB6M1Gq2X1rxSpump,PUMPPERPS,PumpPerps,solana,0.00009064,128,1024,4096,32768,32768,65536,65536,,2,19,9,1774753446000,pumpswap,REPEAT
2026-04-09T20:11:57.349Z,4bcNC4acj9Cp2Gvi95E3KeeUvSKhRo6xiRemFeePpump,$NERON,Neron Wake up,solana,0.000004017,8,512,1024,1024,4096,4096,4096,,1,21,11,1772100899000,pumpswap,REPEAT
2026-04-09T20:11:57.349Z,Cm6fNnMk7NfzStP9CZpsQA2v3jjzbcYGAxdJySmHpump,Buttcoin,Buttcoin,solana,0.009793,4096,32768,131072,262144,524288,8388608,8388608,26,3,163,51,1767965767000,pumpswap,REPEAT
2026-04-09T20:11:57.349Z,4w6L45CyceULSKv1WpAkXfNqvs8QzsXAp6hitHYMpump,Freedom250,Freedom 250,solana,0.00008655,1024,16384,32768,32768,16384,65536,65536,22,16,399,277,1775760862000,pumpswap,REPEAT
2026-04-09T20:11:57.349Z,5xNgCvoNGvczehFW75NUKCAdjjANR71qkWnimSy6pump,CRYPTO,Cryptobatrachus Boulengeri,solana,0.00001743,4096,131072,262144,262144,8192,16384,16384,102,107,2732,1787,1775760237000,pumpswap,REPEAT
2026-04-09T20:11:57.349Z,36LH66oxCatKUCQHnRFChR25F6pzDjBbtsTiWSkYWEqE,SDR,Strategic Defense Reserve,solana,0.001174,512,8192,65536,262144,65536,1048576,1048576,3,2,93,50,1775673065000,meteora,REPEAT
2026-04-09T20:11:57.349Z,98t9PEJF5QvAdGhu3MuQ2ww57NkRV1Rg7evSZNFxpump,$BABYTAN,BabyTan,solana,0.000009908,128,512,2048,16384,,8192,8192,,2,11,8,1775571529000,pumpfun,REPEAT
2026-04-09T20:11:57.349Z,EG7XoDFvtRocfZAKUeTFJTqrfqoz2SnDZWwHDi7Npump,Epic,Epic,solana,0.000003751,128,8192,65536,65536,,4096,4096,,2,121,143,1775759358000,pumpfun,REPEAT
2026-04-09T20:11:57.349Z,2Ucsy2X6LadN8Q49naQ7pKiC1nuAYtnwnrHGEeFKpump,WATP,WATP COIN,solana,0.000002980,,32,2048,2048,,4096,4096,,,1,2,1775059894000,pumpfun,REPEAT
2026-04-09T20:11:57.349Z,5552z6Qp2xr596ox1UVN4ppDwwyjCfY8cXwzHMXgMcaS,MOLTING,Molting,solana,0.0008438,256,8192,65536,131072,65536,1048576,1048576,4,2,103,86,1769857955000,orca,REPEAT
2026-04-09T20:11:57.349Z,2LsescRjhcxoUwEQLpcsd3Gh6AHUyqEHANDakkoSpump,IRYNA,Justice for Iryna,solana,0.0001402,128,2048,32768,65536,65536,131072,131072,1,1,18,16,1757156435000,pumpswap,REPEAT
2026-04-09T20:11:57.349Z,GHpK2bcd2eheHvwd51F671RYqmiSX4bGvCtuPNLJpump,FWEG,FWEG,solana,0.00006453,4096,65536,131072,131072,16384,65536,65536,83,58,1024,749,1775757593000,pumpswap,REPEAT
2026-04-09T20:11:57.349Z,DLL963ppvxosnfCn3JczxQchybks5pFKu6K3nvLspump,Tittypress,Hydraulic Tittypress,solana,0.00001391,512,32768,65536,65536,8192,16384,16384,8,13,435,336,1775760220000,pumpswap,REPEAT
2026-04-09T20:11:57.349Z,7o1chhM3YW9EJsW7vZR4xRsPsinz5nm1iMtHYe9kpump,Tilly G,Tilly G,solana,0.0001653,32768,262144,524288,524288,32768,131072,131072,269,146,3301,1546,1775756625000,pumpswap,REPEAT
2026-04-09T20:11:57.349Z,GHpK2bcd2eheHvwd51F671RYqmiSX4bGvCtuPNLJpump,FWEG,FWEG,solana,0.00006453,4096,65536,131072,131072,16384,65536,65536,83,58,1024,749,1775757593000,pumpswap,REPEAT
2026-04-09T20:11:57.349Z,2Qp8zANZK7pjxNTDZh7EqLVG4MpvGty1hvHDTXaiBAGS,ONBOARD,ONBOARD,solana,0.00002507,,,,,8,32768,32768,,,1,,1775762426000,meteora,REPEAT
2026-04-09T20:11:57.349Z,QT5pHWLS4DNe2s1PZDLWEjKn4rDXNqnk9D7AWe57cap,CAP,CapCat,solana,0.000005140,32,4096,262144,262144,4096,4096,4096,67,25,1073,406,1775757287000,pumpswap,REPEAT
2026-04-09T20:11:57.349Z,8u8g93eEuXpe2SsUFAHGdr94irDLATpafjVipAMbpump,AZKi,AZKi,solana,0.000001930,0,32768,524288,524288,4096,2048,2048,,1,208,4647,1775755985000,pumpswap,REPEAT
2026-04-09T20:11:57.349Z,41QbtLKqJmPCP5TmnHx9pVQtwCGDc1GV5A4WVfy9pump,MOODUANG,Moo Duang,solana,0.00002133,2,2048,32768,32768,8192,16384,16384,,1,40,26,1775743897000,pumpswap,REPEAT
2026-04-09T20:11:57.349Z,13GUK7F6Zi55PrCoxcJwNaR189uishNATLStt4tuE4R,PEPETF,Pepe ETF,solana,0.00001711,2048,8192,65536,65536,8192,16384,16384,18,13,203,110,1775754427000,pumpswap,REPEAT
2026-04-09T20:11:57.349Z,54VKrYFsL3BdeDu2yRMVM9GbHrXkxcVAULX5RxA5pump,LAIKA,Laika The Space Dog,solana,0.000001857,0,64,524288,524288,4096,2048,2048,,1,2,15,1775756664000,pumpswap,REPEAT
2026-04-09T20:11:57.349Z,9MjRHK7iFSDco7EYMuU5L9sp9a9gPr7jTudzgTdNpump,笑哭猫,lmeow,solana,0.000002922,16,1024,131072,131072,4096,4096,4096,,1,24,44,1775754780000,pumpswap,REPEAT
2026-04-09T20:11:57.349Z,9SeCSdbPzz95KomGUGEV9Shn2zGXNmMJhE9J72Hipump,Iroha,イロハ,solana,0.001635,2048,32768,524288,2097152,131072,2097152,2097152,21,18,204,215,1775525060000,pumpswap,REPEAT
2026-04-09T20:11:57.349Z,5RXFKVXXmVaobpEBekXskTWdBmmvQL6KXAjPphnFpump,SDR,Strategic Defense Reserve,solana,0.00001329,256,4096,8192,16384,8192,16384,16384,,5,38,41,1775697755000,pumpswap,REPEAT
2026-04-09T20:11:57.349Z,9MjRHK7iFSDco7EYMuU5L9sp9a9gPr7jTudzgTdNpump,笑哭猫,lmeow,solana,0.000002922,16,1024,131072,131072,4096,4096,4096,,1,24,44,1775754780000,pumpswap,REPEAT
2026-04-09T20:11:57.349Z,C4uKznf7esEEaDcNQiXBBqA1j9w4P7sNYNH1DozApump,MOOYOR,หมูยอ,solana,0.0001333,128,4096,65536,131072,32768,131072,131072,1,1,67,68,1775139582000,pumpswap,REPEAT
2026-04-09T20:11:57.349Z,sB7SkzCotrxBNyCxcmKqDDKkUWQnJhaKprS6s9xpump,OPAL,Opal The Orangutan,solana,0.0001661,4096,16384,65536,262144,32768,131072,131072,17,14,121,94,1775619801000,pumpswap,REPEAT
2026-04-09T20:11:57.349Z,9AEtb967xTMosjp9XFhvHLhscPNYgDWc15jFAZR8pump,RƎ́V,REVÉRSÉ SOCIETY,solana,0.0001312,,2048,8192,131072,32768,131072,131072,,,20,19,1775691640000,pumpswap,REPEAT
2026-04-09T20:16:57.370Z,3qoH8a7chfVTV5xVRtB4dm3TwjprPRHRbCAnLCmEpump,BECK,Adom Beck,solana,0.0002686,131072,524288,524288,524288,32768,262144,262144,406,253,2339,1645,1775764155000,pumpswap,REPEAT
2026-04-09T20:16:57.370Z,Guf6w2MNAHUe2DSVVH9rFRsN5s9CDjEFxcaQKdCEpump,OILUP,Liquid Gold,solana,0.00002483,64,4096,4096,8192,,32768,32768,1,2,46,15,1775575647000,pumpfun,REPEAT
2026-04-09T20:16:57.370Z,4sgCNP7ykejUaSvaGDhkq7JYqrLKB6M1Gq2X1rxSpump,PUMPPERPS,PumpPerps,solana,0.00009064,,1024,4096,32768,32768,65536,65536,,,19,9,1774753446000,pumpswap,REPEAT
2026-04-09T20:16:57.370Z,4bcNC4acj9Cp2Gvi95E3KeeUvSKhRo6xiRemFeePpump,$NERON,Neron Wake up,solana,0.000004017,,512,1024,1024,4096,4096,4096,,,21,11,1772100899000,pumpswap,REPEAT
2026-04-09T20:16:57.370Z,Cm6fNnMk7NfzStP9CZpsQA2v3jjzbcYGAxdJySmHpump,Buttcoin,Buttcoin,solana,0.009735,2048,32768,131072,262144,524288,8388608,8388608,6,1,138,39,1767965767000,pumpswap,REPEAT
2026-04-09T20:16:57.370Z,4w6L45CyceULSKv1WpAkXfNqvs8QzsXAp6hitHYMpump,Freedom250,Freedom 250,solana,0.00008149,2048,16384,32768,32768,16384,65536,65536,31,44,372,299,1775760862000,pumpswap,REPEAT
2026-04-09T20:16:57.370Z,5xNgCvoNGvczehFW75NUKCAdjjANR71qkWnimSy6pump,CRYPTO,Cryptobatrachus Boulengeri,solana,0.00001837,2048,131072,524288,524288,8192,16384,16384,63,51,2415,1489,1775760237000,pumpswap,REPEAT
2026-04-09T20:16:57.370Z,36LH66oxCatKUCQHnRFChR25F6pzDjBbtsTiWSkYWEqE,SDR,Strategic Defense Reserve,solana,0.001174,256,8192,65536,262144,65536,1048576,1048576,3,3,84,32,1775673065000,meteora,REPEAT
2026-04-09T20:16:57.370Z,98t9PEJF5QvAdGhu3MuQ2ww57NkRV1Rg7evSZNFxpump,$BABYTAN,BabyTan,solana,0.000009908,,512,2048,16384,,8192,8192,,,11,8,1775571529000,pumpfun,REPEAT
2026-04-09T20:16:57.370Z,EG7XoDFvtRocfZAKUeTFJTqrfqoz2SnDZWwHDi7Npump,Epic,Epic,solana,0.000003932,64,8192,65536,65536,,4096,4096,3,1,105,134,1775759358000,pumpfun,REPEAT
2026-04-09T20:16:57.370Z,2Ucsy2X6LadN8Q49naQ7pKiC1nuAYtnwnrHGEeFKpump,WATP,WATP COIN,solana,0.000002980,,32,2048,2048,,4096,4096,,,1,2,1775059894000,pumpfun,REPEAT
2026-04-09T20:16:57.370Z,5552z6Qp2xr596ox1UVN4ppDwwyjCfY8cXwzHMXgMcaS,MOLTING,Molting,solana,0.0008517,1024,8192,65536,131072,65536,1048576,1048576,5,10,96,91,1769857955000,orca,REPEAT
2026-04-09T20:16:57.370Z,2LsescRjhcxoUwEQLpcsd3Gh6AHUyqEHANDakkoSpump,IRYNA,Justice for Iryna,solana,0.0001404,256,4096,32768,65536,65536,131072,131072,3,3,21,18,1757156435000,pumpswap,REPEAT
2026-04-09T20:16:57.370Z,GHpK2bcd2eheHvwd51F671RYqmiSX4bGvCtuPNLJpump,FWEG,FWEG,solana,0.00007005,2048,65536,262144,262144,16384,65536,65536,52,45,1005,738,1775757593000,pumpswap,REPEAT
2026-04-09T20:16:57.370Z,DLL963ppvxosnfCn3JczxQchybks5pFKu6K3nvLspump,Tittypress,Hydraulic Tittypress,solana,0.00001691,1024,16384,65536,65536,8192,16384,16384,7,12,344,255,1775760220000,pumpswap,REPEAT
2026-04-09T20:16:57.370Z,7o1chhM3YW9EJsW7vZR4xRsPsinz5nm1iMtHYe9kpump,Tilly G,Tilly G,solana,0.0001720,32768,262144,1048576,1048576,32768,131072,131072,319,156,3549,1640,1775756625000,pumpswap,REPEAT
2026-04-09T20:16:57.370Z,GHpK2bcd2eheHvwd51F671RYqmiSX4bGvCtuPNLJpump,FWEG,FWEG,solana,0.00007005,2048,65536,262144,262144,16384,65536,65536,52,45,1005,738,1775757593000,pumpswap,REPEAT
2026-04-09T20:16:57.370Z,2Qp8zANZK7pjxNTDZh7EqLVG4MpvGty1hvHDTXaiBAGS,ONBOARD,ONBOARD,solana,0.00002507,,,,,4,32768,32768,,,1,,1775762426000,meteora,REPEAT
2026-04-09T20:16:57.370Z,QT5pHWLS4DNe2s1PZDLWEjKn4rDXNqnk9D7AWe57cap,CAP,CapCat,solana,0.000005328,32,2048,262144,262144,4096,4096,4096,71,23,1055,402,1775757287000,pumpswap,REPEAT
2026-04-09T20:16:57.370Z,8u8g93eEuXpe2SsUFAHGdr94irDLATpafjVipAMbpump,AZKi,AZKi,solana,0.000001930,0,512,524288,524288,4096,2048,2048,,2,22,3864,1775755985000,pumpswap,REPEAT
2026-04-09T20:16:57.370Z,41QbtLKqJmPCP5TmnHx9pVQtwCGDc1GV5A4WVfy9pump,MOODUANG,Moo Duang,solana,0.00002783,1024,2048,32768,32768,16384,32768,32768,5,9,45,35,1775743897000,pumpswap,REPEAT
2026-04-09T20:16:57.370Z,13GUK7F6Zi55PrCoxcJwNaR189uishNATLStt4tuE4R,PEPETF,Pepe ETF,solana,0.00001751,1024,8192,65536,65536,8192,16384,16384,8,4,193,107,1775754427000,pumpswap,REPEAT
2026-04-09T20:16:57.370Z,54VKrYFsL3BdeDu2yRMVM9GbHrXkxcVAULX5RxA5pump,LAIKA,Laika The Space Dog,solana,0.000001898,16,64,524288,524288,4096,2048,2048,1,,2,11,1775756664000,pumpswap,REPEAT
2026-04-09T20:16:57.370Z,9MjRHK7iFSDco7EYMuU5L9sp9a9gPr7jTudzgTdNpump,笑哭猫,lmeow,solana,0.000002881,16,1024,131072,131072,4096,2048,2048,1,4,22,38,1775754780000,pumpswap,REPEAT
2026-04-09T20:16:57.370Z,9SeCSdbPzz95KomGUGEV9Shn2zGXNmMJhE9J72Hipump,Iroha,イロハ,solana,0.001560,4096,32768,524288,2097152,131072,2097152,2097152,36,24,230,223,1775525060000,pumpswap,REPEAT
2026-04-09T20:16:57.370Z,5RXFKVXXmVaobpEBekXskTWdBmmvQL6KXAjPphnFpump,SDR,Strategic Defense Reserve,solana,0.00001571,2048,8192,8192,16384,8192,16384,16384,11,11,49,52,1775697755000,pumpswap,REPEAT
2026-04-09T20:16:57.370Z,9MjRHK7iFSDco7EYMuU5L9sp9a9gPr7jTudzgTdNpump,笑哭猫,lmeow,solana,0.000002881,16,1024,131072,131072,4096,2048,2048,1,4,22,38,1775754780000,pumpswap,REPEAT
2026-04-09T20:16:57.370Z,C4uKznf7esEEaDcNQiXBBqA1j9w4P7sNYNH1DozApump,MOOYOR,หมูยอ,solana,0.0001322,128,4096,65536,131072,32768,131072,131072,6,1,69,68,1775139582000,pumpswap,REPEAT
2026-04-09T20:16:57.370Z,sB7SkzCotrxBNyCxcmKqDDKkUWQnJhaKprS6s9xpump,OPAL,Opal The Orangutan,solana,0.0001603,512,16384,65536,262144,32768,131072,131072,4,4,121,94,1775619801000,pumpswap,REPEAT
2026-04-09T20:16:57.370Z,9AEtb967xTMosjp9XFhvHLhscPNYgDWc15jFAZR8pump,RƎ́V,REVÉRSÉ SOCIETY,solana,0.0001314,16,2048,8192,131072,32768,131072,131072,2,,20,19,1775691640000,pumpswap,REPEAT
2026-04-09T20:21:57.371Z,3qoH8a7chfVTV5xVRtB4dm3TwjprPRHRbCAnLCmEpump,BECK,Adom Beck,solana,0.0001889,65536,524288,524288,524288,32768,262144,262144,363,217,2745,1897,1775764155000,pumpswap,REPEAT
2026-04-09T20:21:57.371Z,Guf6w2MNAHUe2DSVVH9rFRsN5s9CDjEFxcaQKdCEpump,OILUP,Liquid Gold,solana,0.00002310,256,4096,4096,8192,,16384,16384,,3,46,18,1775575647000,pumpfun,REPEAT
2026-04-09T20:21:57.371Z,4sgCNP7ykejUaSvaGDhkq7JYqrLKB6M1Gq2X1rxSpump,PUMPPERPS,PumpPerps,solana,0.00009064,,512,4096,32768,32768,65536,65536,,,11,5,1774753446000,pumpswap,REPEAT
2026-04-09T20:21:57.371Z,4bcNC4acj9Cp2Gvi95E3KeeUvSKhRo6xiRemFeePpump,$NERON,Neron Wake up,solana,0.000003992,16,512,1024,1024,4096,4096,4096,,1,20,12,1772100899000,pumpswap,REPEAT
2026-04-09T20:21:57.371Z,Cm6fNnMk7NfzStP9CZpsQA2v3jjzbcYGAxdJySmHpump,Buttcoin,Buttcoin,solana,0.009606,2048,32768,131072,262144,524288,8388608,8388608,25,8,148,40,1767965767000,pumpswap,REPEAT
2026-04-09T20:21:57.371Z,4w6L45CyceULSKv1WpAkXfNqvs8QzsXAp6hitHYMpump,Freedom250,Freedom 250,solana,0.00009217,2048,16384,32768,32768,32768,65536,65536,32,7,375,300,1775760862000,pumpswap,REPEAT
2026-04-09T20:21:57.371Z,5xNgCvoNGvczehFW75NUKCAdjjANR71qkWnimSy6pump,CRYPTO,Cryptobatrachus Boulengeri,solana,0.00001400,2048,131072,524288,524288,8192,16384,16384,36,42,2214,1358,1775760237000,pumpswap,REPEAT
2026-04-09T20:21:57.371Z,36LH66oxCatKUCQHnRFChR25F6pzDjBbtsTiWSkYWEqE,SDR,Strategic Defense Reserve,solana,0.001174,64,8192,65536,262144,65536,1048576,1048576,3,,85,32,1775673065000,meteora,REPEAT
2026-04-09T20:21:57.371Z,98t9PEJF5QvAdGhu3MuQ2ww57NkRV1Rg7evSZNFxpump,$BABYTAN,BabyTan,solana,0.000009908,,256,2048,16384,,8192,8192,,,6,6,1775571529000,pumpfun,REPEAT
2026-04-09T20:21:57.371Z,EG7XoDFvtRocfZAKUeTFJTqrfqoz2SnDZWwHDi7Npump,Epic,Epic,solana,0.000003866,64,8192,65536,65536,,4096,4096,3,3,99,132,1775759358000,pumpfun,REPEAT
2026-04-09T20:21:57.371Z,2Ucsy2X6LadN8Q49naQ7pKiC1nuAYtnwnrHGEeFKpump,WATP,WATP COIN,solana,0.000002980,,2,2048,2048,,4096,4096,,,1,1,1775059894000,pumpfun,REPEAT
2026-04-09T20:21:57.371Z,5552z6Qp2xr596ox1UVN4ppDwwyjCfY8cXwzHMXgMcaS,MOLTING,Molting,solana,0.0008976,2048,8192,65536,131072,65536,1048576,1048576,6,19,95,103,1769857955000,orca,REPEAT
2026-04-09T20:21:57.371Z,2LsescRjhcxoUwEQLpcsd3Gh6AHUyqEHANDakkoSpump,IRYNA,Justice for Iryna,solana,0.0001387,64,4096,32768,65536,65536,131072,131072,,1,18,18,1757156435000,pumpswap,REPEAT
2026-04-09T20:21:57.371Z,GHpK2bcd2eheHvwd51F671RYqmiSX4bGvCtuPNLJpump,FWEG,FWEG,solana,0.00007457,2048,65536,262144,262144,16384,65536,65536,58,35,958,693,1775757593000,pumpswap,REPEAT
2026-04-09T20:21:57.371Z,DLL963ppvxosnfCn3JczxQchybks5pFKu6K3nvLspump,Tittypress,Hydraulic Tittypress,solana,0.00001706,2048,16384,65536,65536,8192,16384,16384,10,15,259,201,1775760220000,pumpswap,REPEAT
2026-04-09T20:21:57.371Z,7o1chhM3YW9EJsW7vZR4xRsPsinz5nm1iMtHYe9kpump,Tilly G,Tilly G,solana,0.0001600,16384,262144,1048576,1048576,32768,131072,131072,186,101,3656,1669,1775756625000,pumpswap,REPEAT
2026-04-09T20:21:57.371Z,GHpK2bcd2eheHvwd51F671RYqmiSX4bGvCtuPNLJpump,FWEG,FWEG,solana,0.00007457,2048,65536,262144,262144,16384,65536,65536,58,35,958,693,1775757593000,pumpswap,REPEAT
2026-04-09T20:21:57.371Z,2Qp8zANZK7pjxNTDZh7EqLVG4MpvGty1hvHDTXaiBAGS,ONBOARD,ONBOARD,solana,0.00002507,,,,,4,32768,32768,,,,,1775762426000,meteora,REPEAT
2026-04-09T20:21:57.371Z,QT5pHWLS4DNe2s1PZDLWEjKn4rDXNqnk9D7AWe57cap,CAP,CapCat,solana,0.000005817,64,2048,262144,262144,8192,8192,8192,72,24,1058,400,1775757287000,pumpswap,REPEAT
2026-04-09T20:21:57.371Z,8u8g93eEuXpe2SsUFAHGdr94irDLATpafjVipAMbpump,AZKi,AZKi,solana,0.000001931,0,256,524288,524288,4096,2048,2048,,1,10,1794,1775755985000,pumpswap,REPEAT
2026-04-09T20:21:57.371Z,41QbtLKqJmPCP5TmnHx9pVQtwCGDc1GV5A4WVfy9pump,MOODUANG,Moo Duang,solana,0.00002857,128,4096,32768,32768,16384,32768,32768,3,1,50,35,1775743897000,pumpswap,REPEAT
2026-04-09T20:21:57.371Z,13GUK7F6Zi55PrCoxcJwNaR189uishNATLStt4tuE4R,PEPETF,Pepe ETF,solana,0.00001564,128,8192,65536,65536,8192,16384,16384,2,1,179,103,1775754427000,pumpswap,REPEAT
2026-04-09T20:21:57.371Z,54VKrYFsL3BdeDu2yRMVM9GbHrXkxcVAULX5RxA5pump,LAIKA,Laika The Space Dog,solana,0.000001898,,32,524288,524288,4096,2048,2048,,,2,9,1775756664000,pumpswap,REPEAT
2026-04-09T20:21:57.371Z,9MjRHK7iFSDco7EYMuU5L9sp9a9gPr7jTudzgTdNpump,笑哭猫,lmeow,solana,0.000002881,,512,131072,131072,4096,2048,2048,,,11,34,1775754780000,pumpswap,REPEAT
2026-04-09T20:21:57.371Z,9SeCSdbPzz95KomGUGEV9Shn2zGXNmMJhE9J72Hipump,Iroha,イロハ,solana,0.001626,4096,32768,524288,2097152,131072,2097152,2097152,39,22,260,230,1775525060000,pumpswap,REPEAT
2026-04-09T20:21:57.371Z,5RXFKVXXmVaobpEBekXskTWdBmmvQL6KXAjPphnFpump,SDR,Strategic Defense Reserve,solana,0.00001742,2048,8192,16384,32768,8192,16384,16384,14,13,63,65,1775697755000,pumpswap,REPEAT
2026-04-09T20:21:57.371Z,9MjRHK7iFSDco7EYMuU5L9sp9a9gPr7jTudzgTdNpump,笑哭猫,lmeow,solana,0.000002881,,512,131072,131072,4096,2048,2048,,,11,34,1775754780000,pumpswap,REPEAT
2026-04-09T20:21:57.371Z,C4uKznf7esEEaDcNQiXBBqA1j9w4P7sNYNH1DozApump,MOOYOR,หมูยอ,solana,0.0001354,256,4096,65536,131072,32768,131072,131072,2,1,48,43,1775139582000,pumpswap,REPEAT
2026-04-09T20:21:57.371Z,sB7SkzCotrxBNyCxcmKqDDKkUWQnJhaKprS6s9xpump,OPAL,Opal The Orangutan,solana,0.0001659,256,16384,65536,262144,32768,131072,131072,6,1,123,88,1775619801000,pumpswap,REPEAT
2026-04-09T20:26:57.371Z,2TpMjYXnrgxoeVCq2i6EAR8vNWqe5MNvHCz3bENNpump,CHIBI,Chibification,solana,0.0004369,512,4096,32768,262144,65536,524288,524288,9,4,23,22,1773913358000,pumpswap,NEW
2026-04-09T20:26:57.371Z,3qoH8a7chfVTV5xVRtB4dm3TwjprPRHRbCAnLCmEpump,BECK,Adom Beck,solana,0.00008767,65536,524288,524288,524288,32768,65536,65536,253,286,3023,2198,1775764155000,pumpswap,REPEAT
2026-04-09T20:26:57.371Z,Guf6w2MNAHUe2DSVVH9rFRsN5s9CDjEFxcaQKdCEpump,OILUP,Liquid Gold,solana,0.00002175,256,4096,4096,8192,,16384,16384,,2,46,20,1775575647000,pumpfun,REPEAT
2026-04-09T20:26:57.371Z,4sgCNP7ykejUaSvaGDhkq7JYqrLKB6M1Gq2X1rxSpump,PUMPPERPS,PumpPerps,solana,0.00009233,64,512,4096,32768,32768,65536,65536,1,,10,5,1774753446000,pumpswap,REPEAT
2026-04-09T20:26:57.371Z,4bcNC4acj9Cp2Gvi95E3KeeUvSKhRo6xiRemFeePpump,$NERON,Neron Wake up,solana,0.000003992,,256,1024,1024,4096,4096,4096,,,14,11,1772100899000,pumpswap,REPEAT
2026-04-09T20:26:57.371Z,Cm6fNnMk7NfzStP9CZpsQA2v3jjzbcYGAxdJySmHpump,Buttcoin,Buttcoin,solana,0.009698,512,32768,131072,262144,524288,8388608,8388608,7,,126,37,1767965767000,pumpswap,REPEAT
2026-04-09T20:26:57.371Z,4w6L45CyceULSKv1WpAkXfNqvs8QzsXAp6hitHYMpump,Freedom250,Freedom 250,solana,0.00009114,1024,16384,32768,32768,32768,65536,65536,12,8,311,277,1775760862000,pumpswap,REPEAT
2026-04-09T20:26:57.371Z,5xNgCvoNGvczehFW75NUKCAdjjANR71qkWnimSy6pump,CRYPTO,Cryptobatrachus Boulengeri,solana,0.00001118,4096,131072,524288,524288,8192,8192,8192,62,67,2145,1319,1775760237000,pumpswap,REPEAT
2026-04-09T20:26:57.371Z,36LH66oxCatKUCQHnRFChR25F6pzDjBbtsTiWSkYWEqE,SDR,Strategic Defense Reserve,solana,0.001174,64,8192,65536,262144,65536,1048576,1048576,2,1,78,31,1775673065000,meteora,REPEAT
2026-04-09T20:26:57.371Z,98t9PEJF5QvAdGhu3MuQ2ww57NkRV1Rg7evSZNFxpump,$BABYTAN,BabyTan,solana,0.000009903,16,256,2048,16384,,8192,8192,1,1,7,7,1775571529000,pumpfun,REPEAT
2026-04-09T20:26:57.371Z,EG7XoDFvtRocfZAKUeTFJTqrfqoz2SnDZWwHDi7Npump,Epic,Epic,solana,0.000004053,256,8192,65536,65536,,4096,4096,4,3,94,125,1775759358000,pumpfun,REPEAT
2026-04-09T20:26:57.371Z,2Ucsy2X6LadN8Q49naQ7pKiC1nuAYtnwnrHGEeFKpump,WATP,WATP COIN,solana,0.000002980,,2,2048,2048,,4096,4096,,,1,1,1775059894000,pumpfun,REPEAT
2026-04-09T20:26:57.371Z,5552z6Qp2xr596ox1UVN4ppDwwyjCfY8cXwzHMXgMcaS,MOLTING,Molting,solana,0.0008864,512,8192,65536,131072,65536,1048576,1048576,8,4,92,109,1769857955000,orca,REPEAT
2026-04-09T20:26:57.371Z,2LsescRjhcxoUwEQLpcsd3Gh6AHUyqEHANDakkoSpump,IRYNA,Justice for Iryna,solana,0.0001379,64,4096,32768,65536,65536,131072,131072,1,4,17,22,1757156435000,pumpswap,REPEAT
2026-04-09T20:26:57.371Z,GHpK2bcd2eheHvwd51F671RYqmiSX4bGvCtuPNLJpump,FWEG,FWEG,solana,0.00007327,4096,32768,262144,262144,16384,65536,65536,55,34,932,666,1775757593000,pumpswap,REPEAT
2026-04-09T20:26:57.371Z,DLL963ppvxosnfCn3JczxQchybks5pFKu6K3nvLspump,Tittypress,Hydraulic Tittypress,solana,0.00001420,1024,16384,65536,65536,8192,16384,16384,8,10,220,196,1775760220000,pumpswap,REPEAT
2026-04-09T20:26:57.371Z,7o1chhM3YW9EJsW7vZR4xRsPsinz5nm1iMtHYe9kpump,Tilly G,Tilly G,solana,0.0001641,16384,262144,1048576,1048576,32768,131072,131072,193,104,3745,1708,1775756625000,pumpswap,REPEAT
2026-04-09T20:26:57.371Z,GHpK2bcd2eheHvwd51F671RYqmiSX4bGvCtuPNLJpump,FWEG,FWEG,solana,0.00007327,4096,32768,262144,262144,16384,65536,65536,55,34,932,666,1775757593000,pumpswap,REPEAT
2026-04-09T20:26:57.371Z,2Qp8zANZK7pjxNTDZh7EqLVG4MpvGty1hvHDTXaiBAGS,ONBOARD,ONBOARD,solana,0.00002507,,,,,4,32768,32768,,,,,1775762426000,meteora,REPEAT
2026-04-09T20:26:57.371Z,QT5pHWLS4DNe2s1PZDLWEjKn4rDXNqnk9D7AWe57cap,CAP,CapCat,solana,0.000005214,8,2048,262144,262144,4096,4096,4096,67,22,1052,386,1775757287000,pumpswap,REPEAT
2026-04-09T20:26:57.371Z,8u8g93eEuXpe2SsUFAHGdr94irDLATpafjVipAMbpump,AZKi,AZKi,solana,0.000001828,128,128,524288,524288,4096,2048,2048,,1,3,14,1775755985000,pumpswap,REPEAT
2026-04-09T20:26:57.371Z,41QbtLKqJmPCP5TmnHx9pVQtwCGDc1GV5A4WVfy9pump,MOODUANG,Moo Duang,solana,0.00003868,2048,4096,32768,32768,16384,32768,32768,10,3,47,36,1775743897000,pumpswap,REPEAT
2026-04-09T20:26:57.371Z,13GUK7F6Zi55PrCoxcJwNaR189uishNATLStt4tuE4R,PEPETF,Pepe ETF,solana,0.00001465,512,8192,65536,65536,8192,16384,16384,11,7,176,101,1775754427000,pumpswap,REPEAT
2026-04-09T20:26:57.371Z,54VKrYFsL3BdeDu2yRMVM9GbHrXkxcVAULX5RxA5pump,LAIKA,Laika The Space Dog,solana,0.000001898,,32,524288,524288,4096,2048,2048,,,2,7,1775756664000,pumpswap,REPEAT
2026-04-09T20:26:57.371Z,9MjRHK7iFSDco7EYMuU5L9sp9a9gPr7jTudzgTdNpump,笑哭猫,lmeow,solana,0.000002804,16,512,131072,131072,4096,2048,2048,1,4,6,31,1775754780000,pumpswap,REPEAT
2026-04-09T20:26:57.371Z,9SeCSdbPzz95KomGUGEV9Shn2zGXNmMJhE9J72Hipump,Iroha,イロハ,solana,0.001610,2048,32768,524288,2097152,131072,2097152,2097152,14,18,263,237,1775525060000,pumpswap,REPEAT
2026-04-09T20:26:57.371Z,5RXFKVXXmVaobpEBekXskTWdBmmvQL6KXAjPphnFpump,SDR,Strategic Defense Reserve,solana,0.000005155,8192,16384,16384,32768,4096,4096,4096,61,44,124,109,1775697755000,pumpswap,REPEAT
2026-04-09T20:26:57.371Z,9MjRHK7iFSDco7EYMuU5L9sp9a9gPr7jTudzgTdNpump,笑哭猫,lmeow,solana,0.000002804,16,512,131072,131072,4096,2048,2048,1,4,6,31,1775754780000,pumpswap,REPEAT
2026-04-09T20:26:57.371Z,C4uKznf7esEEaDcNQiXBBqA1j9w4P7sNYNH1DozApump,MOOYOR,หมูยอ,solana,0.0001348,128,2048,65536,131072,32768,131072,131072,1,1,28,30,1775139582000,pumpswap,REPEAT
2026-04-09T20:26:57.371Z,sB7SkzCotrxBNyCxcmKqDDKkUWQnJhaKprS6s9xpump,OPAL,Opal The Orangutan,solana,0.0001749,512,16384,65536,262144,32768,131072,131072,3,3,94,78,1775619801000,pumpswap,REPEAT
2026-04-09T20:31:57.372Z,Cin7FJ8fHksui69umL8yE7dCjVRTMT1PVCiU3CTXpump,QSB,Quantum-Safe Bitcoin,solana,0.00001115,8192,65536,65536,65536,,8192,8192,73,66,798,621,1775765423000,pumpfun,NEW
2026-04-09T20:31:57.372Z,2TpMjYXnrgxoeVCq2i6EAR8vNWqe5MNvHCz3bENNpump,CHIBI,Chibification,solana,0.0004484,1024,4096,32768,262144,65536,524288,524288,7,11,30,36,1773913358000,pumpswap,REPEAT
2026-04-09T20:31:57.372Z,3qoH8a7chfVTV5xVRtB4dm3TwjprPRHRbCAnLCmEpump,BECK,Adom Beck,solana,0.00005764,32768,524288,524288,524288,16384,65536,65536,184,218,3222,2451,1775764155000,pumpswap,REPEAT
2026-04-09T20:31:57.372Z,Guf6w2MNAHUe2DSVVH9rFRsN5s9CDjEFxcaQKdCEpump,OILUP,Liquid Gold,solana,0.00002184,16,4096,4096,8192,,16384,16384,2,,48,20,1775575647000,pumpfun,REPEAT
2026-04-09T20:31:57.372Z,4sgCNP7ykejUaSvaGDhkq7JYqrLKB6M1Gq2X1rxSpump,PUMPPERPS,PumpPerps,solana,0.00009094,64,512,4096,32768,32768,65536,65536,,1,10,6,1774753446000,pumpswap,REPEAT
2026-04-09T20:31:57.372Z,4bcNC4acj9Cp2Gvi95E3KeeUvSKhRo6xiRemFeePpump,$NERON,Neron Wake up,solana,0.000003992,,128,1024,1024,4096,4096,4096,,,7,7,1772100899000,pumpswap,REPEAT
2026-04-09T20:31:57.372Z,Cm6fNnMk7NfzStP9CZpsQA2v3jjzbcYGAxdJySmHpump,Buttcoin,Buttcoin,solana,0.009762,1024,32768,131072,262144,524288,8388608,8388608,9,1,122,37,1767965767000,pumpswap,REPEAT
2026-04-09T20:31:57.372Z,4w6L45CyceULSKv1WpAkXfNqvs8QzsXAp6hitHYMpump,Freedom250,Freedom 250,solana,0.00008686,512,16384,32768,32768,16384,65536,65536,6,19,281,244,1775760862000,pumpswap,REPEAT
2026-04-09T20:31:57.372Z,5xNgCvoNGvczehFW75NUKCAdjjANR71qkWnimSy6pump,CRYPTO,Cryptobatrachus Boulengeri,solana,0.00001182,2048,131072,524288,524288,8192,16384,16384,47,35,2022,1251,1775760237000,pumpswap,REPEAT
2026-04-09T20:31:57.372Z,36LH66oxCatKUCQHnRFChR25F6pzDjBbtsTiWSkYWEqE,SDR,Strategic Defense Reserve,solana,0.001175,1024,8192,65536,262144,65536,1048576,1048576,13,6,86,36,1775673065000,meteora,REPEAT
2026-04-09T20:31:57.372Z,98t9PEJF5QvAdGhu3MuQ2ww57NkRV1Rg7evSZNFxpump,$BABYTAN,BabyTan,solana,0.00001037,128,512,4096,16384,,8192,8192,3,2,9,9,1775571529000,pumpfun,REPEAT
2026-04-09T20:31:57.372Z,EG7XoDFvtRocfZAKUeTFJTqrfqoz2SnDZWwHDi7Npump,Epic,Epic,solana,0.000003646,128,4096,65536,65536,,4096,4096,1,6,67,120,1775759358000,pumpfun,REPEAT
2026-04-09T20:31:57.372Z,2Ucsy2X6LadN8Q49naQ7pKiC1nuAYtnwnrHGEeFKpump,WATP,WATP COIN,solana,0.000002980,,2,2048,2048,,4096,4096,,,1,1,1775059894000,pumpfun,REPEAT
2026-04-09T20:31:57.372Z,5552z6Qp2xr596ox1UVN4ppDwwyjCfY8cXwzHMXgMcaS,MOLTING,Molting,solana,0.0009328,2048,8192,65536,131072,65536,1048576,1048576,5,9,91,106,1769857955000,orca,REPEAT
2026-04-09T20:31:57.372Z,2LsescRjhcxoUwEQLpcsd3Gh6AHUyqEHANDakkoSpump,IRYNA,Justice for Iryna,solana,0.0001329,4,4096,32768,65536,65536,131072,131072,3,,27,22,1757156435000,pumpswap,REPEAT
2026-04-09T20:31:57.372Z,GHpK2bcd2eheHvwd51F671RYqmiSX4bGvCtuPNLJpump,FWEG,FWEG,solana,0.00007473,2048,32768,262144,262144,16384,65536,65536,39,27,881,621,1775757593000,pumpswap,REPEAT
2026-04-09T20:31:57.372Z,DLL963ppvxosnfCn3JczxQchybks5pFKu6K3nvLspump,Tittypress,Hydraulic Tittypress,solana,0.00001623,512,16384,65536,65536,8192,16384,16384,15,4,202,175,1775760220000,pumpswap,REPEAT
2026-04-09T20:31:57.372Z,7o1chhM3YW9EJsW7vZR4xRsPsinz5nm1iMtHYe9kpump,Tilly G,Tilly G,solana,0.0001684,16384,262144,1048576,1048576,32768,131072,131072,218,94,3869,1716,1775756625000,pumpswap,REPEAT
2026-04-09T20:31:57.372Z,GHpK2bcd2eheHvwd51F671RYqmiSX4bGvCtuPNLJpump,FWEG,FWEG,solana,0.00007473,2048,32768,262144,262144,16384,65536,65536,39,27,881,621,1775757593000,pumpswap,REPEAT
2026-04-09T20:31:57.372Z,2Qp8zANZK7pjxNTDZh7EqLVG4MpvGty1hvHDTXaiBAGS,ONBOARD,ONBOARD,solana,0.00002507,,,,,4,32768,32768,,,,,1775762426000,meteora,REPEAT
2026-04-09T20:31:57.372Z,QT5pHWLS4DNe2s1PZDLWEjKn4rDXNqnk9D7AWe57cap,CAP,CapCat,solana,0.000005127,128,2048,262144,262144,4096,4096,4096,79,31,1057,389,1775757287000,pumpswap,REPEAT
2026-04-09T20:31:57.372Z,8u8g93eEuXpe2SsUFAHGdr94irDLATpafjVipAMbpump,AZKi,AZKi,solana,0.000001720,8,128,524288,524288,4096,2048,2048,,1,,10,1775755985000,pumpswap,REPEAT
2026-04-09T20:31:57.372Z,41QbtLKqJmPCP5TmnHx9pVQtwCGDc1GV5A4WVfy9pump,MOODUANG,Moo Duang,solana,0.00003198,1024,4096,32768,32768,16384,32768,32768,7,5,53,36,1775743897000,pumpswap,REPEAT
2026-04-09T20:31:57.372Z,13GUK7F6Zi55PrCoxcJwNaR189uishNATLStt4tuE4R,PEPETF,Pepe ETF,solana,0.00001444,1024,8192,65536,65536,8192,16384,16384,17,6,186,98,1775754427000,pumpswap,REPEAT
2026-04-09T20:31:57.372Z,54VKrYFsL3BdeDu2yRMVM9GbHrXkxcVAULX5RxA5pump,LAIKA,Laika The Space Dog,solana,0.000001898,,32,524288,524288,4096,2048,2048,,,2,7,1775756664000,pumpswap,REPEAT
2026-04-09T20:31:57.372Z,9MjRHK7iFSDco7EYMuU5L9sp9a9gPr7jTudzgTdNpump,笑哭猫,lmeow,solana,0.000002796,2,512,131072,131072,4096,2048,2048,1,2,6,26,1775754780000,pumpswap,REPEAT
2026-04-09T20:31:57.372Z,9SeCSdbPzz95KomGUGEV9Shn2zGXNmMJhE9J72Hipump,Iroha,イロハ,solana,0.001507,16384,65536,524288,2097152,131072,2097152,2097152,46,31,305,256,1775525060000,pumpswap,REPEAT
2026-04-09T20:31:57.372Z,5RXFKVXXmVaobpEBekXskTWdBmmvQL6KXAjPphnFpump,SDR,Strategic Defense Reserve,solana,0.000005044,32,16384,16384,32768,4096,4096,4096,1,4,125,118,1775697755000,pumpswap,REPEAT
2026-04-09T20:31:57.372Z,9MjRHK7iFSDco7EYMuU5L9sp9a9gPr7jTudzgTdNpump,笑哭猫,lmeow,solana,0.000002796,2,512,131072,131072,4096,2048,2048,1,2,6,26,1775754780000,pumpswap,REPEAT
2026-04-09T20:31:57.372Z,C4uKznf7esEEaDcNQiXBBqA1j9w4P7sNYNH1DozApump,MOOYOR,หมูยอ,solana,0.0001323,256,2048,65536,131072,32768,131072,131072,5,1,32,28,1775139582000,pumpswap,REPEAT
2026-04-09T20:36:57.373Z,AThx9qd79fndAR9A48wd4pqhZSDqre78Gj67QcUgpump,Upril,Upril,solana,0.00001442,4096,32768,32768,32768,,16384,16384,73,41,517,330,1775764768000,pumpfun,NEW
2026-04-09T20:36:57.373Z,9SeCSdbPzz95KomGUGEV9Shn2zGXNmMJhE9J72Hipump,Iroha,イロハ,solana,0.001478,4096,65536,524288,2097152,131072,1048576,1048576,32,20,300,256,1775525060000,pumpswap,REPEAT
2026-04-09T20:36:57.373Z,2dcZKtCoJKABSNxfuTZ3Q25Lz3bdiKnYBC7U5ydUpump,UNIQORN,1B waitnig room,solana,0.00008569,8192,65536,65536,65536,16384,65536,65536,107,89,1154,743,1775763825000,pumpswap,NEW
2026-04-09T20:36:57.373Z,Cin7FJ8fHksui69umL8yE7dCjVRTMT1PVCiU3CTXpump,QSB,Quantum-Safe Bitcoin,solana,0.00001087,2048,65536,65536,65536,,8192,8192,53,32,847,647,1775765423000,pumpfun,REPEAT
2026-04-09T20:36:57.373Z,2TpMjYXnrgxoeVCq2i6EAR8vNWqe5MNvHCz3bENNpump,CHIBI,Chibification,solana,0.0004875,2048,8192,32768,262144,65536,524288,524288,4,32,34,76,1773913358000,pumpswap,REPEAT
2026-04-09T20:36:57.373Z,3qoH8a7chfVTV5xVRtB4dm3TwjprPRHRbCAnLCmEpump,BECK,Adom Beck,solana,0.00002211,32768,524288,524288,524288,16384,16384,16384,134,238,3365,2696,1775764155000,pumpswap,REPEAT
2026-04-09T20:36:57.373Z,Guf6w2MNAHUe2DSVVH9rFRsN5s9CDjEFxcaQKdCEpump,OILUP,Liquid Gold,solana,0.00002175,16,4096,4096,8192,,16384,16384,,1,48,21,1775575647000,pumpfun,REPEAT
2026-04-09T20:36:57.373Z,4sgCNP7ykejUaSvaGDhkq7JYqrLKB6M1Gq2X1rxSpump,PUMPPERPS,PumpPerps,solana,0.00009029,256,512,4096,32768,32768,65536,65536,2,1,11,7,1774753446000,pumpswap,REPEAT
2026-04-09T20:36:57.373Z,4bcNC4acj9Cp2Gvi95E3KeeUvSKhRo6xiRemFeePpump,$NERON,Neron Wake up,solana,0.000003992,,64,1024,1024,4096,4096,4096,,,2,5,1772100899000,pumpswap,REPEAT
2026-04-09T20:36:57.373Z,Cm6fNnMk7NfzStP9CZpsQA2v3jjzbcYGAxdJySmHpump,Buttcoin,Buttcoin,solana,0.009795,256,32768,131072,262144,524288,8388608,8388608,2,,121,34,1767965767000,pumpswap,REPEAT
2026-04-09T20:36:57.373Z,4w6L45CyceULSKv1WpAkXfNqvs8QzsXAp6hitHYMpump,Freedom250,Freedom 250,solana,0.00008780,4096,16384,32768,32768,16384,65536,65536,20,9,280,209,1775760862000,pumpswap,REPEAT
2026-04-09T20:36:57.373Z,5xNgCvoNGvczehFW75NUKCAdjjANR71qkWnimSy6pump,CRYPTO,Cryptobatrachus Boulengeri,solana,0.00001123,2048,65536,524288,524288,8192,8192,8192,20,27,1769,1103,1775760237000,pumpswap,REPEAT
2026-04-09T20:36:57.373Z,36LH66oxCatKUCQHnRFChR25F6pzDjBbtsTiWSkYWEqE,SDR,Strategic Defense Reserve,solana,0.001183,256,4096,65536,262144,65536,1048576,1048576,26,12,113,56,1775673065000,meteora,REPEAT
2026-04-09T20:36:57.373Z,98t9PEJF5QvAdGhu3MuQ2ww57NkRV1Rg7evSZNFxpump,$BABYTAN,BabyTan,solana,0.00001025,32,512,4096,16384,,8192,8192,,1,8,10,1775571529000,pumpfun,REPEAT
2026-04-09T20:36:57.373Z,EG7XoDFvtRocfZAKUeTFJTqrfqoz2SnDZWwHDi7Npump,Epic,Epic,solana,0.000003879,128,4096,65536,65536,,4096,4096,1,,61,87,1775759358000,pumpfun,REPEAT
2026-04-09T20:36:57.373Z,2Ucsy2X6LadN8Q49naQ7pKiC1nuAYtnwnrHGEeFKpump,WATP,WATP COIN,solana,0.000002980,,2,2048,2048,,4096,4096,,,1,1,1775059894000,pumpfun,REPEAT
2026-04-09T20:36:57.373Z,5552z6Qp2xr596ox1UVN4ppDwwyjCfY8cXwzHMXgMcaS,MOLTING,Molting,solana,0.0009154,2048,16384,65536,131072,65536,1048576,1048576,14,10,95,122,1769857955000,orca,REPEAT
2026-04-09T20:36:57.373Z,2LsescRjhcxoUwEQLpcsd3Gh6AHUyqEHANDakkoSpump,IRYNA,Justice for Iryna,solana,0.0001308,64,4096,32768,65536,65536,131072,131072,,1,26,22,1757156435000,pumpswap,REPEAT
2026-04-09T20:36:57.373Z,GHpK2bcd2eheHvwd51F671RYqmiSX4bGvCtuPNLJpump,FWEG,FWEG,solana,0.00007656,2048,32768,262144,262144,16384,65536,65536,52,26,834,567,1775757593000,pumpswap,REPEAT
2026-04-09T20:36:57.373Z,DLL963ppvxosnfCn3JczxQchybks5pFKu6K3nvLspump,Tittypress,Hydraulic Tittypress,solana,0.00001343,512,16384,65536,65536,8192,16384,16384,2,15,181,170,1775760220000,pumpswap,REPEAT
2026-04-09T20:36:57.373Z,7o1chhM3YW9EJsW7vZR4xRsPsinz5nm1iMtHYe9kpump,Tilly G,Tilly G,solana,0.0001794,16384,262144,1048576,1048576,32768,131072,131072,193,103,3826,1662,1775756625000,pumpswap,REPEAT
2026-04-09T20:36:57.373Z,GHpK2bcd2eheHvwd51F671RYqmiSX4bGvCtuPNLJpump,FWEG,FWEG,solana,0.00007656,2048,32768,262144,262144,16384,65536,65536,52,26,834,567,1775757593000,pumpswap,REPEAT
2026-04-09T20:36:57.373Z,2Qp8zANZK7pjxNTDZh7EqLVG4MpvGty1hvHDTXaiBAGS,ONBOARD,ONBOARD,solana,0.00002507,,,,,4,32768,32768,,,,,1775762426000,meteora,REPEAT
2026-04-09T20:36:57.373Z,QT5pHWLS4DNe2s1PZDLWEjKn4rDXNqnk9D7AWe57cap,CAP,CapCat,solana,0.000005125,8,2048,262144,262144,4096,4096,4096,70,25,1039,373,1775757287000,pumpswap,REPEAT
2026-04-09T20:36:57.373Z,8u8g93eEuXpe2SsUFAHGdr94irDLATpafjVipAMbpump,AZKi,AZKi,solana,0.000001720,,128,524288,524288,4096,2048,2048,,,,9,1775755985000,pumpswap,REPEAT
2026-04-09T20:36:57.373Z,41QbtLKqJmPCP5TmnHx9pVQtwCGDc1GV5A4WVfy9pump,MOODUANG,Moo Duang,solana,0.00004127,256,8192,32768,32768,16384,32768,32768,6,5,54,42,1775743897000,pumpswap,REPEAT
2026-04-09T20:36:57.373Z,13GUK7F6Zi55PrCoxcJwNaR189uishNATLStt4tuE4R,PEPETF,Pepe ETF,solana,0.00001514,64,8192,65536,65536,8192,16384,16384,2,11,171,105,1775754427000,pumpswap,REPEAT
2026-04-09T20:36:57.373Z,54VKrYFsL3BdeDu2yRMVM9GbHrXkxcVAULX5RxA5pump,LAIKA,Laika The Space Dog,solana,0.000001892,2,32,524288,524288,4096,2048,2048,1,1,3,7,1775756664000,pumpswap,REPEAT
2026-04-09T20:36:57.373Z,9MjRHK7iFSDco7EYMuU5L9sp9a9gPr7jTudzgTdNpump,笑哭猫,lmeow,solana,0.000002726,,256,131072,131072,4096,2048,2048,,,6,23,1775754780000,pumpswap,REPEAT
2026-04-09T20:36:57.373Z,9SeCSdbPzz95KomGUGEV9Shn2zGXNmMJhE9J72Hipump,Iroha,イロハ,solana,0.001476,8192,65536,524288,2097152,131072,1048576,1048576,48,23,316,259,1775525060000,pumpswap,REPEAT
2026-04-09T20:41:57.374Z,AThx9qd79fndAR9A48wd4pqhZSDqre78Gj67QcUgpump,Upril,Upril,solana,0.00001641,1024,32768,32768,32768,,16384,16384,57,16,579,347,1775764768000,pumpfun,REPEAT
2026-04-09T20:41:57.374Z,9SeCSdbPzz95KomGUGEV9Shn2zGXNmMJhE9J72Hipump,Iroha,イロハ,solana,0.001507,8192,65536,524288,2097152,131072,2097152,2097152,49,33,335,276,1775525060000,pumpswap,REPEAT
2026-04-09T20:41:57.374Z,2dcZKtCoJKABSNxfuTZ3Q25Lz3bdiKnYBC7U5ydUpump,UNIQORN,1B waitnig room,solana,0.0001104,4096,65536,65536,65536,32768,131072,131072,111,68,1283,815,1775763825000,pumpswap,REPEAT
2026-04-09T20:41:57.374Z,Cin7FJ8fHksui69umL8yE7dCjVRTMT1PVCiU3CTXpump,QSB,Quantum-Safe Bitcoin,solana,0.000009544,4096,65536,65536,65536,,8192,8192,50,40,897,687,1775765423000,pumpfun,REPEAT
2026-04-09T20:41:57.374Z,2TpMjYXnrgxoeVCq2i6EAR8vNWqe5MNvHCz3bENNpump,CHIBI,Chibification,solana,0.0004841,512,8192,32768,262144,65536,524288,524288,4,5,39,81,1773913358000,pumpswap,REPEAT
2026-04-09T20:41:57.374Z,3qoH8a7chfVTV5xVRtB4dm3TwjprPRHRbCAnLCmEpump,BECK,Adom Beck,solana,0.000002115,4096,524288,524288,524288,4096,2048,2048,24,430,3391,3149,1775764155000,pumpswap,REPEAT
2026-04-09T20:41:57.374Z,Guf6w2MNAHUe2DSVVH9rFRsN5s9CDjEFxcaQKdCEpump,OILUP,Liquid Gold,solana,0.00002271,256,4096,4096,8192,,16384,16384,4,2,51,23,1775575647000,pumpfun,REPEAT
2026-04-09T20:41:57.374Z,4sgCNP7ykejUaSvaGDhkq7JYqrLKB6M1Gq2X1rxSpump,PUMPPERPS,PumpPerps,solana,0.00008956,64,1024,4096,32768,32768,65536,65536,3,1,12,8,1774753446000,pumpswap,REPEAT
2026-04-09T20:41:57.374Z,4bcNC4acj9Cp2Gvi95E3KeeUvSKhRo6xiRemFeePpump,$NERON,Neron Wake up,solana,0.000003992,,64,1024,1024,4096,4096,4096,,,2,4,1772100899000,pumpswap,REPEAT
2026-04-09T20:41:57.374Z,Cm6fNnMk7NfzStP9CZpsQA2v3jjzbcYGAxdJySmHpump,Buttcoin,Buttcoin,solana,0.009772,128,32768,131072,262144,524288,8388608,8388608,3,3,124,36,1767965767000,pumpswap,REPEAT
2026-04-09T20:41:57.374Z,4w6L45CyceULSKv1WpAkXfNqvs8QzsXAp6hitHYMpump,Freedom250,Freedom 250,solana,0.00008189,1024,16384,32768,32768,16384,65536,65536,8,8,280,205,1775760862000,pumpswap,REPEAT
2026-04-09T20:41:57.374Z,5xNgCvoNGvczehFW75NUKCAdjjANR71qkWnimSy6pump,CRYPTO,Cryptobatrachus Boulengeri,solana,0.00001119,1024,65536,524288,524288,8192,8192,8192,24,21,1379,998,1775760237000,pumpswap,REPEAT
2026-04-09T20:41:57.374Z,36LH66oxCatKUCQHnRFChR25F6pzDjBbtsTiWSkYWEqE,SDR,Strategic Defense Reserve,solana,0.001176,1024,8192,65536,262144,65536,1048576,1048576,48,48,157,101,1775673065000,meteora,REPEAT
2026-04-09T20:41:57.374Z,98t9PEJF5QvAdGhu3MuQ2ww57NkRV1Rg7evSZNFxpump,$BABYTAN,BabyTan,solana,0.00001025,,512,4096,16384,,8192,8192,,,6,10,1775571529000,pumpfun,REPEAT
2026-04-09T20:41:57.374Z,EG7XoDFvtRocfZAKUeTFJTqrfqoz2SnDZWwHDi7Npump,Epic,Epic,solana,0.000003971,64,4096,65536,65536,,4096,4096,3,1,45,72,1775759358000,pumpfun,REPEAT
2026-04-09T20:41:57.374Z,2Ucsy2X6LadN8Q49naQ7pKiC1nuAYtnwnrHGEeFKpump,WATP,WATP COIN,solana,0.000002980,,2,2048,2048,,4096,4096,,,1,1,1775059894000,pumpfun,REPEAT
2026-04-09T20:41:57.374Z,5552z6Qp2xr596ox1UVN4ppDwwyjCfY8cXwzHMXgMcaS,MOLTING,Molting,solana,0.0009403,512,16384,65536,131072,65536,1048576,1048576,8,4,90,117,1769857955000,orca,REPEAT
2026-04-09T20:41:57.374Z,2LsescRjhcxoUwEQLpcsd3Gh6AHUyqEHANDakkoSpump,IRYNA,Justice for Iryna,solana,0.0001304,1,4096,32768,65536,65536,131072,131072,,1,25,23,1757156435000,pumpswap,REPEAT
2026-04-09T20:41:57.374Z,GHpK2bcd2eheHvwd51F671RYqmiSX4bGvCtuPNLJpump,FWEG,FWEG,solana,0.00006769,2048,32768,262144,262144,16384,65536,65536,42,25,793,539,1775757593000,pumpswap,REPEAT
2026-04-09T20:41:57.374Z,DLL963ppvxosnfCn3JczxQchybks5pFKu6K3nvLspump,Tittypress,Hydraulic Tittypress,solana,0.00001493,256,8192,65536,65536,8192,16384,16384,11,1,178,153,1775760220000,pumpswap,REPEAT
2026-04-09T20:41:57.374Z,7o1chhM3YW9EJsW7vZR4xRsPsinz5nm1iMtHYe9kpump,Tilly G,Tilly G,solana,0.0001456,16384,262144,1048576,1048576,32768,131072,131072,192,112,3490,1612,1775756625000,pumpswap,REPEAT
2026-04-09T20:41:57.374Z,GHpK2bcd2eheHvwd51F671RYqmiSX4bGvCtuPNLJpump,FWEG,FWEG,solana,0.00006769,2048,32768,262144,262144,16384,65536,65536,42,25,793,539,1775757593000,pumpswap,REPEAT
2026-04-09T20:41:57.374Z,2Qp8zANZK7pjxNTDZh7EqLVG4MpvGty1hvHDTXaiBAGS,ONBOARD,ONBOARD,solana,0.00002507,,,,,4,32768,32768,,,,,1775762426000,meteora,REPEAT
2026-04-09T20:41:57.374Z,QT5pHWLS4DNe2s1PZDLWEjKn4rDXNqnk9D7AWe57cap,CAP,CapCat,solana,0.000005407,128,2048,262144,262144,4096,4096,4096,84,25,1052,374,1775757287000,pumpswap,REPEAT
2026-04-09T20:41:57.374Z,8u8g93eEuXpe2SsUFAHGdr94irDLATpafjVipAMbpump,AZKi,AZKi,solana,0.000002410,256,512,524288,524288,4096,2048,2048,7,1,9,10,1775755985000,pumpswap,REPEAT
2026-04-09T20:41:57.374Z,41QbtLKqJmPCP5TmnHx9pVQtwCGDc1GV5A4WVfy9pump,MOODUANG,Moo Duang,solana,0.00003171,1024,8192,32768,32768,16384,32768,32768,10,8,64,42,1775743897000,pumpswap,REPEAT
2026-04-09T20:41:57.374Z,13GUK7F6Zi55PrCoxcJwNaR189uishNATLStt4tuE4R,PEPETF,Pepe ETF,solana,0.00001675,512,8192,65536,65536,8192,16384,16384,18,5,181,103,1775754427000,pumpswap,REPEAT
2026-04-09T20:41:57.374Z,54VKrYFsL3BdeDu2yRMVM9GbHrXkxcVAULX5RxA5pump,LAIKA,Laika The Space Dog,solana,0.000001889,0,32,524288,524288,4096,2048,2048,,1,3,7,1775756664000,pumpswap,REPEAT
2026-04-09T20:41:57.374Z,9MjRHK7iFSDco7EYMuU5L9sp9a9gPr7jTudzgTdNpump,笑哭猫,lmeow,solana,0.000002691,4,256,131072,131072,4096,2048,2048,1,1,7,22,1775754780000,pumpswap,REPEAT
2026-04-09T20:41:57.374Z,9SeCSdbPzz95KomGUGEV9Shn2zGXNmMJhE9J72Hipump,Iroha,イロハ,solana,0.001488,2048,65536,524288,2097152,131072,2097152,2097152,27,25,337,269,1775525060000,pumpswap,REPEAT
2026-04-09T20:46:57.375Z,4HuQ3J9JLMNUTQ5ybh9ja3E4Pu78jv52FfeNNgzPpump,IRyS,IRyS,solana,0.0001081,32768,131072,131072,131072,32768,131072,131072,1298,242,6978,895,1775766499000,pumpswap,NEW
2026-04-09T20:46:57.375Z,AThx9qd79fndAR9A48wd4pqhZSDqre78Gj67QcUgpump,Upril,Upril,solana,0.00001464,1024,32768,32768,32768,,16384,16384,23,16,602,363,1775764768000,pumpfun,REPEAT
2026-04-09T20:46:57.375Z,9SeCSdbPzz95KomGUGEV9Shn2zGXNmMJhE9J72Hipump,Iroha,イロハ,solana,0.001479,4096,65536,524288,2097152,131072,1048576,1048576,36,17,355,266,1775525060000,pumpswap,REPEAT
2026-04-09T20:46:57.375Z,2dcZKtCoJKABSNxfuTZ3Q25Lz3bdiKnYBC7U5ydUpump,UNIQORN,1B waitnig room,solana,0.0001115,4096,65536,65536,65536,32768,131072,131072,92,94,1291,846,1775763825000,pumpswap,REPEAT
2026-04-09T20:46:57.375Z,Cin7FJ8fHksui69umL8yE7dCjVRTMT1PVCiU3CTXpump,QSB,Quantum-Safe Bitcoin,solana,0.000007862,2048,65536,65536,65536,,8192,8192,40,22,937,709,1775765423000,pumpfun,REPEAT
2026-04-09T20:46:57.375Z,2TpMjYXnrgxoeVCq2i6EAR8vNWqe5MNvHCz3bENNpump,CHIBI,Chibification,solana,0.0004734,1024,8192,32768,262144,65536,524288,524288,5,7,43,88,1773913358000,pumpswap,REPEAT
2026-04-09T20:46:57.375Z,3qoH8a7chfVTV5xVRtB4dm3TwjprPRHRbCAnLCmEpump,BECK,Adom Beck,solana,0.000001964,64,524288,524288,524288,4096,2048,2048,2,6,3394,3155,1775764155000,pumpswap,REPEAT
2026-04-09T20:46:57.375Z,Guf6w2MNAHUe2DSVVH9rFRsN5s9CDjEFxcaQKdCEpump,OILUP,Liquid Gold,solana,0.00002300,64,4096,4096,8192,,16384,16384,2,,53,23,1775575647000,pumpfun,REPEAT
2026-04-09T20:46:57.375Z,4sgCNP7ykejUaSvaGDhkq7JYqrLKB6M1Gq2X1rxSpump,PUMPPERPS,PumpPerps,solana,0.00008968,128,1024,4096,32768,32768,65536,65536,4,1,16,9,1774753446000,pumpswap,REPEAT
2026-04-09T20:46:57.375Z,4bcNC4acj9Cp2Gvi95E3KeeUvSKhRo6xiRemFeePpump,$NERON,Neron Wake up,solana,0.000003992,,32,1024,1024,4096,4096,4096,,,,3,1772100899000,pumpswap,REPEAT
2026-04-09T20:46:57.375Z,Cm6fNnMk7NfzStP9CZpsQA2v3jjzbcYGAxdJySmHpump,Buttcoin,Buttcoin,solana,0.009722,64,16384,131072,262144,524288,8388608,8388608,,2,95,30,1767965767000,pumpswap,REPEAT
2026-04-09T20:46:57.375Z,4w6L45CyceULSKv1WpAkXfNqvs8QzsXAp6hitHYMpump,Freedom250,Freedom 250,solana,0.00008834,4096,16384,32768,32768,16384,65536,65536,17,7,262,203,1775760862000,pumpswap,REPEAT
2026-04-09T20:46:57.375Z,5xNgCvoNGvczehFW75NUKCAdjjANR71qkWnimSy6pump,CRYPTO,Cryptobatrachus Boulengeri,solana,0.000009298,1024,65536,524288,524288,8192,8192,8192,12,18,1065,891,1775760237000,pumpswap,REPEAT
2026-04-09T20:46:57.375Z,36LH66oxCatKUCQHnRFChR25F6pzDjBbtsTiWSkYWEqE,SDR,Strategic Defense Reserve,solana,0.001182,512,8192,65536,262144,65536,1048576,1048576,32,24,181,123,1775673065000,meteora,REPEAT
2026-04-09T20:46:57.375Z,98t9PEJF5QvAdGhu3MuQ2ww57NkRV1Rg7evSZNFxpump,$BABYTAN,BabyTan,solana,0.00001025,,512,2048,16384,,8192,8192,,,6,10,1775571529000,pumpfun,REPEAT
2026-04-09T20:46:57.375Z,EG7XoDFvtRocfZAKUeTFJTqrfqoz2SnDZWwHDi7Npump,Epic,Epic,solana,0.000003966,2,2048,65536,65536,,4096,4096,,1,37,64,1775759358000,pumpfun,REPEAT
2026-04-09T20:46:57.375Z,2Ucsy2X6LadN8Q49naQ7pKiC1nuAYtnwnrHGEeFKpump,WATP,WATP COIN,solana,0.000002980,,2,2048,2048,,4096,4096,,,1,1,1775059894000,pumpfun,REPEAT
2026-04-09T20:46:57.375Z,5552z6Qp2xr596ox1UVN4ppDwwyjCfY8cXwzHMXgMcaS,MOLTING,Molting,solana,0.0009446,1024,16384,65536,131072,65536,1048576,1048576,6,10,88,115,1769857955000,orca,REPEAT
2026-04-09T20:46:57.375Z,2LsescRjhcxoUwEQLpcsd3Gh6AHUyqEHANDakkoSpump,IRYNA,Justice for Iryna,solana,0.0001303,8,2048,32768,65536,65536,131072,131072,,1,20,22,1757156435000,pumpswap,REPEAT
2026-04-09T20:46:57.375Z,GHpK2bcd2eheHvwd51F671RYqmiSX4bGvCtuPNLJpump,FWEG,FWEG,solana,0.00006454,4096,32768,262144,262144,16384,65536,65536,70,47,780,530,1775757593000,pumpswap,REPEAT
2026-04-09T20:46:57.375Z,DLL963ppvxosnfCn3JczxQchybks5pFKu6K3nvLspump,Tittypress,Hydraulic Tittypress,solana,0.00001470,512,8192,65536,65536,8192,16384,16384,10,7,167,144,1775760220000,pumpswap,REPEAT
2026-04-09T20:46:57.375Z,7o1chhM3YW9EJsW7vZR4xRsPsinz5nm1iMtHYe9kpump,Tilly G,Tilly G,solana,0.0001168,16384,262144,1048576,1048576,32768,131072,131072,149,93,2890,1560,1775756625000,pumpswap,REPEAT
2026-04-09T20:46:57.375Z,GHpK2bcd2eheHvwd51F671RYqmiSX4bGvCtuPNLJpump,FWEG,FWEG,solana,0.00006454,4096,32768,262144,262144,16384,65536,65536,70,47,780,530,1775757593000,pumpswap,REPEAT
2026-04-09T20:46:57.375Z,2Qp8zANZK7pjxNTDZh7EqLVG4MpvGty1hvHDTXaiBAGS,ONBOARD,ONBOARD,solana,0.00002507,,,,,4,32768,32768,,,,,1775762426000,meteora,REPEAT
2026-04-09T20:46:57.375Z,QT5pHWLS4DNe2s1PZDLWEjKn4rDXNqnk9D7AWe57cap,CAP,CapCat,solana,0.000005072,128,2048,262144,262144,4096,4096,4096,80,32,1046,368,1775757287000,pumpswap,REPEAT
2026-04-09T20:46:57.375Z,8u8g93eEuXpe2SsUFAHGdr94irDLATpafjVipAMbpump,AZKi,AZKi,solana,0.000002400,1,512,524288,524288,4096,2048,2048,,1,9,10,1775755985000,pumpswap,REPEAT
2026-04-09T20:46:57.375Z,41QbtLKqJmPCP5TmnHx9pVQtwCGDc1GV5A4WVfy9pump,MOODUANG,Moo Duang,solana,0.00003090,128,8192,32768,32768,16384,32768,32768,2,5,65,48,1775743897000,pumpswap,REPEAT
2026-04-09T20:46:57.375Z,13GUK7F6Zi55PrCoxcJwNaR189uishNATLStt4tuE4R,PEPETF,Pepe ETF,solana,0.00001980,512,8192,65536,65536,8192,16384,16384,15,6,187,105,1775754427000,pumpswap,REPEAT
2026-04-09T20:46:57.375Z,54VKrYFsL3BdeDu2yRMVM9GbHrXkxcVAULX5RxA5pump,LAIKA,Laika The Space Dog,solana,0.000001915,2,32,524288,524288,4096,2048,2048,2,,5,6,1775756664000,pumpswap,REPEAT
2026-04-09T20:46:57.375Z,9MjRHK7iFSDco7EYMuU5L9sp9a9gPr7jTudzgTdNpump,笑哭猫,lmeow,solana,0.000002632,16,256,131072,131072,4096,2048,2048,,3,6,25,1775754780000,pumpswap,REPEAT
2026-04-09T20:51:57.375Z,4HuQ3J9JLMNUTQ5ybh9ja3E4Pu78jv52FfeNNgzPpump,IRyS,IRyS,solana,0.0001018,32768,131072,131072,131072,32768,131072,131072,1291,168,8442,1085,1775766499000,pumpswap,REPEAT
2026-04-09T20:51:57.375Z,AThx9qd79fndAR9A48wd4pqhZSDqre78Gj67QcUgpump,Upril,Upril,solana,0.00001331,2048,32768,32768,32768,,16384,16384,27,16,629,379,1775764768000,pumpfun,REPEAT
2026-04-09T20:51:57.375Z,9SeCSdbPzz95KomGUGEV9Shn2zGXNmMJhE9J72Hipump,Iroha,イロハ,solana,0.001477,8192,65536,524288,2097152,131072,1048576,1048576,47,23,393,269,1775525060000,pumpswap,REPEAT
2026-04-09T20:51:57.375Z,2dcZKtCoJKABSNxfuTZ3Q25Lz3bdiKnYBC7U5ydUpump,UNIQORN,1B waitnig room,solana,0.0001484,4096,65536,65536,65536,32768,131072,131072,88,87,1239,872,1775763825000,pumpswap,REPEAT
2026-04-09T20:51:57.375Z,Cin7FJ8fHksui69umL8yE7dCjVRTMT1PVCiU3CTXpump,QSB,Quantum-Safe Bitcoin,solana,0.000009061,1024,65536,65536,65536,,8192,8192,34,13,971,722,1775765423000,pumpfun,REPEAT
2026-04-09T20:51:57.375Z,2TpMjYXnrgxoeVCq2i6EAR8vNWqe5MNvHCz3bENNpump,CHIBI,Chibification,solana,0.0004726,128,8192,32768,262144,65536,524288,524288,1,2,44,89,1773913358000,pumpswap,REPEAT
2026-04-09T20:51:57.375Z,3qoH8a7chfVTV5xVRtB4dm3TwjprPRHRbCAnLCmEpump,BECK,Adom Beck,solana,0.000001954,2,524288,524288,524288,4096,2048,2048,1,4,3092,2958,1775764155000,pumpswap,REPEAT
2026-04-09T20:51:57.375Z,Guf6w2MNAHUe2DSVVH9rFRsN5s9CDjEFxcaQKdCEpump,OILUP,Liquid Gold,solana,0.00002279,64,4096,4096,8192,,16384,16384,2,2,50,23,1775575647000,pumpfun,REPEAT
2026-04-09T20:51:57.375Z,4sgCNP7ykejUaSvaGDhkq7JYqrLKB6M1Gq2X1rxSpump,PUMPPERPS,PumpPerps,solana,0.00008819,,1024,4096,32768,32768,65536,65536,,,14,10,1774753446000,pumpswap,REPEAT
2026-04-09T20:51:57.375Z,4bcNC4acj9Cp2Gvi95E3KeeUvSKhRo6xiRemFeePpump,$NERON,Neron Wake up,solana,0.000003793,64,64,1024,1024,4096,4096,4096,1,1,1,3,1772100899000,pumpswap,REPEAT
2026-04-09T20:51:57.375Z,Cm6fNnMk7NfzStP9CZpsQA2v3jjzbcYGAxdJySmHpump,Buttcoin,Buttcoin,solana,0.009798,2048,16384,131072,262144,524288,8388608,8388608,2,5,88,30,1767965767000,pumpswap,REPEAT
2026-04-09T20:51:57.375Z,4w6L45CyceULSKv1WpAkXfNqvs8QzsXAp6hitHYMpump,Freedom250,Freedom 250,solana,0.00009053,256,16384,32768,32768,32768,65536,65536,13,3,262,186,1775760862000,pumpswap,REPEAT
2026-04-09T20:51:57.375Z,5xNgCvoNGvczehFW75NUKCAdjjANR71qkWnimSy6pump,CRYPTO,Cryptobatrachus Boulengeri,solana,0.000009167,1024,32768,524288,524288,8192,8192,8192,19,21,832,675,1775760237000,pumpswap,REPEAT
2026-04-09T20:51:57.375Z,36LH66oxCatKUCQHnRFChR25F6pzDjBbtsTiWSkYWEqE,SDR,Strategic Defense Reserve,solana,0.001158,1024,8192,65536,262144,65536,1048576,1048576,35,32,221,156,1775673065000,meteora,REPEAT
2026-04-09T20:51:57.375Z,98t9PEJF5QvAdGhu3MuQ2ww57NkRV1Rg7evSZNFxpump,$BABYTAN,BabyTan,solana,0.00001023,2,512,2048,16384,,8192,8192,1,,5,9,1775571529000,pumpfun,REPEAT
2026-04-09T20:51:57.375Z,EG7XoDFvtRocfZAKUeTFJTqrfqoz2SnDZWwHDi7Npump,Epic,Epic,solana,0.000003922,16,2048,65536,65536,,4096,4096,1,2,36,54,1775759358000,pumpfun,REPEAT
2026-04-09T20:51:57.375Z,2Ucsy2X6LadN8Q49naQ7pKiC1nuAYtnwnrHGEeFKpump,WATP,WATP COIN,solana,0.000002980,,2,2048,2048,,4096,4096,,,1,1,1775059894000,pumpfun,REPEAT
2026-04-09T20:51:57.375Z,5552z6Qp2xr596ox1UVN4ppDwwyjCfY8cXwzHMXgMcaS,MOLTING,Molting,solana,0.0009101,1024,16384,65536,131072,65536,1048576,1048576,8,9,91,119,1769857955000,orca,REPEAT
2026-04-09T20:51:57.375Z,2LsescRjhcxoUwEQLpcsd3Gh6AHUyqEHANDakkoSpump,IRYNA,Justice for Iryna,solana,0.0001300,64,2048,32768,65536,65536,131072,131072,,1,19,21,1757156435000,pumpswap,REPEAT
2026-04-09T20:51:57.375Z,GHpK2bcd2eheHvwd51F671RYqmiSX4bGvCtuPNLJpump,FWEG,FWEG,solana,0.00006865,2048,32768,262144,262144,16384,65536,65536,50,38,738,503,1775757593000,pumpswap,REPEAT
2026-04-09T20:51:57.375Z,DLL963ppvxosnfCn3JczxQchybks5pFKu6K3nvLspump,Tittypress,Hydraulic Tittypress,solana,0.00001380,256,8192,65536,65536,8192,16384,16384,5,11,163,141,1775760220000,pumpswap,REPEAT
2026-04-09T20:51:57.375Z,7o1chhM3YW9EJsW7vZR4xRsPsinz5nm1iMtHYe9kpump,Tilly G,Tilly G,solana,0.0001124,16384,262144,1048576,1048576,32768,131072,131072,127,91,2728,1512,1775756625000,pumpswap,REPEAT
2026-04-09T20:51:57.375Z,GHpK2bcd2eheHvwd51F671RYqmiSX4bGvCtuPNLJpump,FWEG,FWEG,solana,0.00006865,2048,32768,262144,262144,16384,65536,65536,50,38,738,503,1775757593000,pumpswap,REPEAT
2026-04-09T20:51:57.375Z,2Qp8zANZK7pjxNTDZh7EqLVG4MpvGty1hvHDTXaiBAGS,ONBOARD,ONBOARD,solana,0.00002507,,,,,4,32768,32768,,,,,1775762426000,meteora,REPEAT
2026-04-09T20:51:57.375Z,QT5pHWLS4DNe2s1PZDLWEjKn4rDXNqnk9D7AWe57cap,CAP,CapCat,solana,0.000005492,256,2048,262144,262144,8192,4096,4096,84,29,1046,370,1775757287000,pumpswap,REPEAT
2026-04-09T20:51:57.375Z,8u8g93eEuXpe2SsUFAHGdr94irDLATpafjVipAMbpump,AZKi,AZKi,solana,0.000001785,256,512,524288,524288,4096,2048,2048,1,2,10,12,1775755985000,pumpswap,REPEAT
2026-04-09T20:51:57.375Z,41QbtLKqJmPCP5TmnHx9pVQtwCGDc1GV5A4WVfy9pump,MOODUANG,Moo Duang,solana,0.00003463,1024,8192,32768,32768,16384,32768,32768,7,2,59,51,1775743897000,pumpswap,REPEAT
2026-04-09T20:51:57.375Z,13GUK7F6Zi55PrCoxcJwNaR189uishNATLStt4tuE4R,PEPETF,Pepe ETF,solana,0.00001974,512,8192,65536,65536,8192,16384,16384,5,9,182,107,1775754427000,pumpswap,REPEAT
2026-04-09T20:51:57.375Z,54VKrYFsL3BdeDu2yRMVM9GbHrXkxcVAULX5RxA5pump,LAIKA,Laika The Space Dog,solana,0.000001915,,32,524288,524288,4096,2048,2048,,,5,5,1775756664000,pumpswap,REPEAT
2026-04-09T20:51:57.375Z,9MjRHK7iFSDco7EYMuU5L9sp9a9gPr7jTudzgTdNpump,笑哭猫,lmeow,solana,0.000002622,1,256,131072,131072,4096,2048,2048,,1,6,24,1775754780000,pumpswap,REPEAT
2026-04-09T20:56:57.375Z,tNCAMwnoRXoPyyoonuea5X1HHvfTTgHUsK16cBupump,LOLFART,LOL Fart,solana,0.0001556,131072,524288,524288,524288,32768,131072,131072,696,596,2680,2042,1775767494000,pumpswap,NEW
2026-04-09T20:56:57.375Z,Huh3G975pLP3WTXKDnsaCTu7enAoFsHMFJCbFLeNpump,FOMO,FOMO,solana,0.0004017,256,2048,8192,16384,65536,262144,262144,1,1,9,5,1772016102000,pumpswap,NEW
2026-04-09T20:56:57.375Z,4HuQ3J9JLMNUTQ5ybh9ja3E4Pu78jv52FfeNNgzPpump,IRyS,IRyS,solana,0.00008581,32768,262144,262144,262144,16384,65536,65536,1566,172,10170,1282,1775766499000,pumpswap,REPEAT
2026-04-09T20:56:57.375Z,AThx9qd79fndAR9A48wd4pqhZSDqre78Gj67QcUgpump,Upril,Upril,solana,0.00001561,1024,32768,32768,32768,,16384,16384,23,8,654,387,1775764768000,pumpfun,REPEAT
2026-04-09T20:56:57.375Z,9SeCSdbPzz95KomGUGEV9Shn2zGXNmMJhE9J72Hipump,Iroha,イロハ,solana,0.001479,4096,65536,524288,2097152,131072,1048576,1048576,28,25,408,280,1775525060000,pumpswap,REPEAT
2026-04-09T20:56:57.375Z,2dcZKtCoJKABSNxfuTZ3Q25Lz3bdiKnYBC7U5ydUpump,UNIQORN,1B waitnig room,solana,0.0001465,4096,65536,65536,65536,32768,131072,131072,85,66,1149,876,1775763825000,pumpswap,REPEAT
2026-04-09T20:56:57.375Z,Cin7FJ8fHksui69umL8yE7dCjVRTMT1PVCiU3CTXpump,QSB,Quantum-Safe Bitcoin,solana,0.000006167,1024,65536,65536,65536,,8192,8192,19,25,990,747,1775765423000,pumpfun,REPEAT
2026-04-09T20:56:57.375Z,2TpMjYXnrgxoeVCq2i6EAR8vNWqe5MNvHCz3bENNpump,CHIBI,Chibification,solana,0.0004726,,8192,32768,262144,65536,524288,524288,,,44,89,1773913358000,pumpswap,REPEAT
2026-04-09T20:56:57.375Z,3qoH8a7chfVTV5xVRtB4dm3TwjprPRHRbCAnLCmEpump,BECK,Adom Beck,solana,0.000001778,128,524288,524288,524288,4096,2048,2048,2,6,2664,2667,1775764155000,pumpswap,REPEAT
2026-04-09T20:56:57.375Z,Guf6w2MNAHUe2DSVVH9rFRsN5s9CDjEFxcaQKdCEpump,OILUP,Liquid Gold,solana,0.00002302,32,2048,4096,8192,,16384,16384,3,,40,22,1775575647000,pumpfun,REPEAT
2026-04-09T20:56:57.375Z,4sgCNP7ykejUaSvaGDhkq7JYqrLKB6M1Gq2X1rxSpump,PUMPPERPS,PumpPerps,solana,0.00008974,64,1024,4096,32768,32768,65536,65536,1,,14,9,1774753446000,pumpswap,REPEAT
2026-04-09T20:56:57.375Z,4bcNC4acj9Cp2Gvi95E3KeeUvSKhRo6xiRemFeePpump,$NERON,Neron Wake up,solana,0.000003793,,64,1024,1024,4096,4096,4096,,,1,3,1772100899000,pumpswap,REPEAT
2026-04-09T20:56:57.375Z,Cm6fNnMk7NfzStP9CZpsQA2v3jjzbcYGAxdJySmHpump,Buttcoin,Buttcoin,solana,0.009964,2048,16384,131072,262144,524288,8388608,8388608,2,30,89,57,1767965767000,pumpswap,REPEAT
2026-04-09T20:56:57.375Z,4w6L45CyceULSKv1WpAkXfNqvs8QzsXAp6hitHYMpump,Freedom250,Freedom 250,solana,0.00008772,128,16384,32768,32768,16384,65536,65536,6,4,229,182,1775760862000,pumpswap,REPEAT
2026-04-09T20:56:57.375Z,5xNgCvoNGvczehFW75NUKCAdjjANR71qkWnimSy6pump,CRYPTO,Cryptobatrachus Boulengeri,solana,0.000009325,512,32768,524288,524288,8192,8192,8192,21,17,767,625,1775760237000,pumpswap,REPEAT
2026-04-09T20:56:57.375Z,36LH66oxCatKUCQHnRFChR25F6pzDjBbtsTiWSkYWEqE,SDR,Strategic Defense Reserve,solana,0.001188,2048,8192,65536,262144,65536,1048576,1048576,72,55,302,222,1775673065000,meteora,REPEAT
2026-04-09T20:56:57.375Z,98t9PEJF5QvAdGhu3MuQ2ww57NkRV1Rg7evSZNFxpump,$BABYTAN,BabyTan,solana,0.000009821,128,512,2048,16384,,8192,8192,,1,5,10,1775571529000,pumpfun,REPEAT
2026-04-09T20:56:57.375Z,EG7XoDFvtRocfZAKUeTFJTqrfqoz2SnDZWwHDi7Npump,Epic,Epic,solana,0.000003925,0,2048,65536,65536,,4096,4096,,1,29,41,1775759358000,pumpfun,REPEAT
2026-04-09T20:56:57.375Z,2Ucsy2X6LadN8Q49naQ7pKiC1nuAYtnwnrHGEeFKpump,WATP,WATP COIN,solana,0.000002980,,,2048,2048,,4096,4096,,,,,1775059894000,pumpfun,REPEAT
2026-04-09T20:56:57.375Z,5552z6Qp2xr596ox1UVN4ppDwwyjCfY8cXwzHMXgMcaS,MOLTING,Molting,solana,0.0008847,1024,16384,65536,131072,65536,1048576,1048576,9,4,99,118,1769857955000,orca,REPEAT
2026-04-09T20:56:57.375Z,2LsescRjhcxoUwEQLpcsd3Gh6AHUyqEHANDakkoSpump,IRYNA,Justice for Iryna,solana,0.0001325,64,2048,32768,65536,65536,131072,131072,4,,22,20,1757156435000,pumpswap,REPEAT
2026-04-09T20:56:57.375Z,GHpK2bcd2eheHvwd51F671RYqmiSX4bGvCtuPNLJpump,FWEG,FWEG,solana,0.00006888,2048,32768,262144,262144,16384,65536,65536,49,20,703,460,1775757593000,pumpswap,REPEAT
2026-04-09T20:56:57.375Z,DLL963ppvxosnfCn3JczxQchybks5pFKu6K3nvLspump,Tittypress,Hydraulic Tittypress,solana,0.00001249,256,8192,65536,65536,8192,16384,16384,1,8,136,132,1775760220000,pumpswap,REPEAT
2026-04-09T20:56:57.375Z,7o1chhM3YW9EJsW7vZR4xRsPsinz5nm1iMtHYe9kpump,Tilly G,Tilly G,solana,0.0001204,16384,262144,1048576,1048576,32768,131072,131072,130,80,2603,1469,1775756625000,pumpswap,REPEAT
2026-04-09T20:56:57.375Z,GHpK2bcd2eheHvwd51F671RYqmiSX4bGvCtuPNLJpump,FWEG,FWEG,solana,0.00006888,2048,32768,262144,262144,16384,65536,65536,49,20,703,460,1775757593000,pumpswap,REPEAT
2026-04-09T20:56:57.375Z,2Qp8zANZK7pjxNTDZh7EqLVG4MpvGty1hvHDTXaiBAGS,ONBOARD,ONBOARD,solana,0.00002507,,,,,4,32768,32768,,,,,1775762426000,meteora,REPEAT
2026-04-09T20:56:57.375Z,QT5pHWLS4DNe2s1PZDLWEjKn4rDXNqnk9D7AWe57cap,CAP,CapCat,solana,0.000005319,128,2048,262144,262144,4096,4096,4096,86,35,1041,378,1775757287000,pumpswap,REPEAT
2026-04-09T20:56:57.375Z,8u8g93eEuXpe2SsUFAHGdr94irDLATpafjVipAMbpump,AZKi,AZKi,solana,0.000001780,16,1024,524288,524288,4096,2048,2048,,5,11,17,1775755985000,pumpswap,REPEAT
2026-04-09T20:56:57.375Z,41QbtLKqJmPCP5TmnHx9pVQtwCGDc1GV5A4WVfy9pump,MOODUANG,Moo Duang,solana,0.00003747,128,8192,32768,32768,16384,32768,32768,5,4,66,52,1775743897000,pumpswap,REPEAT
2026-04-09T20:56:57.375Z,13GUK7F6Zi55PrCoxcJwNaR189uishNATLStt4tuE4R,PEPETF,Pepe ETF,solana,0.00002153,256,8192,65536,65536,8192,16384,16384,8,4,138,93,1775754427000,pumpswap,REPEAT
2026-04-09T21:01:57.375Z,tNCAMwnoRXoPyyoonuea5X1HHvfTTgHUsK16cBupump,LOLFART,LOL Fart,solana,0.0002707,131072,524288,524288,524288,32768,262144,262144,642,451,3417,2566,1775767494000,pumpswap,REPEAT
2026-04-09T21:01:57.375Z,Huh3G975pLP3WTXKDnsaCTu7enAoFsHMFJCbFLeNpump,FOMO,FOMO,solana,0.0004017,,2048,8192,16384,65536,262144,262144,,,9,5,1772016102000,pumpswap,REPEAT
2026-04-09T21:01:57.375Z,4HuQ3J9JLMNUTQ5ybh9ja3E4Pu78jv52FfeNNgzPpump,IRyS,IRyS,solana,0.0001114,32768,262144,262144,262144,32768,131072,131072,1369,169,11790,1484,1775766499000,pumpswap,REPEAT
2026-04-09T21:01:57.375Z,AThx9qd79fndAR9A48wd4pqhZSDqre78Gj67QcUgpump,Upril,Upril,solana,0.00001485,256,32768,32768,32768,,16384,16384,6,1,597,343,1775764768000,pumpfun,REPEAT
2026-04-09T21:01:57.375Z,9SeCSdbPzz95KomGUGEV9Shn2zGXNmMJhE9J72Hipump,Iroha,イロハ,solana,0.001426,4096,65536,524288,2097152,131072,1048576,1048576,14,24,405,288,1775525060000,pumpswap,REPEAT
2026-04-09T21:01:57.375Z,2dcZKtCoJKABSNxfuTZ3Q25Lz3bdiKnYBC7U5ydUpump,UNIQORN,1B waitnig room,solana,0.0001147,8192,65536,131072,131072,32768,131072,131072,77,35,1132,832,1775763825000,pumpswap,REPEAT
2026-04-09T21:01:57.375Z,Cin7FJ8fHksui69umL8yE7dCjVRTMT1PVCiU3CTXpump,QSB,Quantum-Safe Bitcoin,solana,0.000006123,512,65536,65536,65536,,8192,8192,18,4,1009,751,1775765423000,pumpfun,REPEAT
2026-04-09T21:01:57.375Z,2TpMjYXnrgxoeVCq2i6EAR8vNWqe5MNvHCz3bENNpump,CHIBI,Chibification,solana,0.0004688,512,8192,32768,262144,65536,524288,524288,3,4,46,92,1773913358000,pumpswap,REPEAT
2026-04-09T21:01:57.375Z,3qoH8a7chfVTV5xVRtB4dm3TwjprPRHRbCAnLCmEpump,BECK,Adom Beck,solana,0.000001797,8,524288,524288,524288,4096,2048,2048,1,2,2289,2361,1775764155000,pumpswap,REPEAT
2026-04-09T21:01:57.375Z,Guf6w2MNAHUe2DSVVH9rFRsN5s9CDjEFxcaQKdCEpump,OILUP,Liquid Gold,solana,0.00002305,8,2048,4096,8192,,16384,16384,1,,25,15,1775575647000,pumpfun,REPEAT
2026-04-09T21:01:57.375Z,4sgCNP7ykejUaSvaGDhkq7JYqrLKB6M1Gq2X1rxSpump,PUMPPERPS,PumpPerps,solana,0.00008974,,1024,4096,32768,32768,65536,65536,,,12,8,1774753446000,pumpswap,REPEAT
2026-04-09T21:01:57.375Z,4bcNC4acj9Cp2Gvi95E3KeeUvSKhRo6xiRemFeePpump,$NERON,Neron Wake up,solana,0.000003799,1,64,1024,1024,4096,4096,4096,2,,3,3,1772100899000,pumpswap,REPEAT
2026-04-09T21:01:57.375Z,Cm6fNnMk7NfzStP9CZpsQA2v3jjzbcYGAxdJySmHpump,Buttcoin,Buttcoin,solana,0.009892,32,16384,131072,262144,524288,8388608,8388608,,6,88,61,1767965767000,pumpswap,REPEAT
2026-04-09T21:01:57.375Z,4w6L45CyceULSKv1WpAkXfNqvs8QzsXAp6hitHYMpump,Freedom250,Freedom 250,solana,0.00008582,128,16384,32768,32768,16384,65536,65536,1,7,186,178,1775760862000,pumpswap,REPEAT
2026-04-09T21:01:57.375Z,5xNgCvoNGvczehFW75NUKCAdjjANR71qkWnimSy6pump,CRYPTO,Cryptobatrachus Boulengeri,solana,0.000007645,1024,32768,524288,524288,8192,8192,8192,26,18,690,589,1775760237000,pumpswap,REPEAT
2026-04-09T21:01:57.375Z,36LH66oxCatKUCQHnRFChR25F6pzDjBbtsTiWSkYWEqE,SDR,Strategic Defense Reserve,solana,0.001191,1024,8192,65536,262144,65536,1048576,1048576,36,24,335,245,1775673065000,meteora,REPEAT
2026-04-09T21:01:57.375Z,98t9PEJF5QvAdGhu3MuQ2ww57NkRV1Rg7evSZNFxpump,$BABYTAN,BabyTan,solana,0.000009788,16,512,2048,16384,,8192,8192,1,2,6,11,1775571529000,pumpfun,REPEAT
2026-04-09T21:01:57.375Z,EG7XoDFvtRocfZAKUeTFJTqrfqoz2SnDZWwHDi7Npump,Epic,Epic,solana,0.000003477,256,1024,65536,65536,,4096,4096,,5,24,31,1775759358000,pumpfun,REPEAT
2026-04-09T21:01:57.375Z,2Ucsy2X6LadN8Q49naQ7pKiC1nuAYtnwnrHGEeFKpump,WATP,WATP COIN,solana,0.000002980,,,2048,2048,,4096,4096,,,,,1775059894000,pumpfun,REPEAT
2026-04-09T21:01:57.375Z,5552z6Qp2xr596ox1UVN4ppDwwyjCfY8cXwzHMXgMcaS,MOLTING,Molting,solana,0.0008880,2048,16384,65536,131072,65536,1048576,1048576,8,7,108,123,1769857955000,orca,REPEAT
2026-04-09T21:01:57.375Z,2LsescRjhcxoUwEQLpcsd3Gh6AHUyqEHANDakkoSpump,IRYNA,Justice for Iryna,solana,0.0001325,32,2048,32768,65536,65536,131072,131072,1,,22,18,1757156435000,pumpswap,REPEAT
2026-04-09T21:01:57.375Z,GHpK2bcd2eheHvwd51F671RYqmiSX4bGvCtuPNLJpump,FWEG,FWEG,solana,0.00007175,1024,32768,262144,262144,16384,65536,65536,29,15,669,440,1775757593000,pumpswap,REPEAT
2026-04-09T21:01:57.375Z,DLL963ppvxosnfCn3JczxQchybks5pFKu6K3nvLspump,Tittypress,Hydraulic Tittypress,solana,0.000009161,2048,8192,131072,131072,8192,8192,8192,47,18,138,154,1775760220000,pumpswap,REPEAT
2026-04-09T21:01:57.375Z,7o1chhM3YW9EJsW7vZR4xRsPsinz5nm1iMtHYe9kpump,Tilly G,Tilly G,solana,0.0001242,16384,262144,1048576,1048576,32768,131072,131072,134,88,2495,1416,1775756625000,pumpswap,REPEAT
2026-04-09T21:01:57.375Z,GHpK2bcd2eheHvwd51F671RYqmiSX4bGvCtuPNLJpump,FWEG,FWEG,solana,0.00007175,1024,32768,262144,262144,16384,65536,65536,29,15,669,440,1775757593000,pumpswap,REPEAT
2026-04-09T21:01:57.375Z,2Qp8zANZK7pjxNTDZh7EqLVG4MpvGty1hvHDTXaiBAGS,ONBOARD,ONBOARD,solana,0.00002507,,,,,4,32768,32768,,,,,1775762426000,meteora,REPEAT
2026-04-09T21:01:57.375Z,QT5pHWLS4DNe2s1PZDLWEjKn4rDXNqnk9D7AWe57cap,CAP,CapCat,solana,0.000005228,128,2048,262144,262144,4096,4096,4096,93,32,1042,383,1775757287000,pumpswap,REPEAT
2026-04-09T21:01:57.375Z,8u8g93eEuXpe2SsUFAHGdr94irDLATpafjVipAMbpump,AZKi,AZKi,solana,0.000001844,32,1024,524288,524288,4096,2048,2048,1,,12,16,1775755985000,pumpswap,REPEAT
2026-04-09T21:01:57.375Z,41QbtLKqJmPCP5TmnHx9pVQtwCGDc1GV5A4WVfy9pump,MOODUANG,Moo Duang,solana,0.00004045,512,8192,32768,32768,16384,32768,32768,6,2,71,50,1775743897000,pumpswap,REPEAT
2026-04-09T21:01:57.375Z,13GUK7F6Zi55PrCoxcJwNaR189uishNATLStt4tuE4R,PEPETF,Pepe ETF,solana,0.00002017,256,8192,65536,65536,8192,16384,16384,2,7,127,93,1775754427000,pumpswap,REPEAT
2026-04-09T21:06:57.376Z,tNCAMwnoRXoPyyoonuea5X1HHvfTTgHUsK16cBupump,LOLFART,LOL Fart,solana,0.0001672,131072,1048576,1048576,1048576,32768,131072,131072,556,381,4140,3086,1775767494000,pumpswap,REPEAT
2026-04-09T21:06:57.376Z,Huh3G975pLP3WTXKDnsaCTu7enAoFsHMFJCbFLeNpump,FOMO,FOMO,solana,0.0004017,,2048,8192,16384,65536,262144,262144,,,8,2,1772016102000,pumpswap,REPEAT
2026-04-09T21:06:57.376Z,4HuQ3J9JLMNUTQ5ybh9ja3E4Pu78jv52FfeNNgzPpump,IRyS,IRyS,solana,0.00009619,32768,262144,262144,262144,32768,131072,131072,1180,192,13104,1693,1775766499000,pumpswap,REPEAT
2026-04-09T21:06:57.376Z,AThx9qd79fndAR9A48wd4pqhZSDqre78Gj67QcUgpump,Upril,Upril,solana,0.00001516,64,32768,32768,32768,,16384,16384,7,,563,328,1775764768000,pumpfun,REPEAT
2026-04-09T21:06:57.376Z,9SeCSdbPzz95KomGUGEV9Shn2zGXNmMJhE9J72Hipump,Iroha,イロハ,solana,0.001340,4096,65536,524288,2097152,131072,1048576,1048576,33,34,433,313,1775525060000,pumpswap,REPEAT
2026-04-09T21:06:57.376Z,2dcZKtCoJKABSNxfuTZ3Q25Lz3bdiKnYBC7U5ydUpump,UNIQORN,1B waitnig room,solana,0.000003217,1024,65536,131072,131072,4096,4096,4096,25,281,1065,1186,1775763825000,pumpswap,REPEAT
2026-04-09T21:06:57.376Z,Cin7FJ8fHksui69umL8yE7dCjVRTMT1PVCiU3CTXpump,QSB,Quantum-Safe Bitcoin,solana,0.000003884,1024,65536,65536,65536,,4096,4096,10,28,1019,779,1775765423000,pumpfun,REPEAT
2026-04-09T21:06:57.376Z,2TpMjYXnrgxoeVCq2i6EAR8vNWqe5MNvHCz3bENNpump,CHIBI,Chibification,solana,0.0004626,,8192,32768,262144,65536,524288,524288,,,46,91,1773913358000,pumpswap,REPEAT
2026-04-09T21:06:57.376Z,3qoH8a7chfVTV5xVRtB4dm3TwjprPRHRbCAnLCmEpump,BECK,Adom Beck,solana,0.000001721,64,524288,524288,524288,4096,2048,2048,,2,1898,2073,1775764155000,pumpswap,REPEAT
2026-04-09T21:06:57.376Z,Guf6w2MNAHUe2DSVVH9rFRsN5s9CDjEFxcaQKdCEpump,OILUP,Liquid Gold,solana,0.00002305,,1024,4096,8192,,16384,16384,,,23,13,1775575647000,pumpfun,REPEAT
2026-04-09T21:06:57.376Z,4sgCNP7ykejUaSvaGDhkq7JYqrLKB6M1Gq2X1rxSpump,PUMPPERPS,PumpPerps,solana,0.00008937,128,1024,4096,32768,32768,65536,65536,1,1,12,8,1774753446000,pumpswap,REPEAT
2026-04-09T21:06:57.376Z,4bcNC4acj9Cp2Gvi95E3KeeUvSKhRo6xiRemFeePpump,$NERON,Neron Wake up,solana,0.000003799,,64,1024,1024,4096,4096,4096,,,3,3,1772100899000,pumpswap,REPEAT
2026-04-09T21:06:57.376Z,Cm6fNnMk7NfzStP9CZpsQA2v3jjzbcYGAxdJySmHpump,Buttcoin,Buttcoin,solana,0.009940,4096,32768,131072,262144,524288,8388608,8388608,4,20,102,82,1767965767000,pumpswap,REPEAT
2026-04-09T21:06:57.376Z,4w6L45CyceULSKv1WpAkXfNqvs8QzsXAp6hitHYMpump,Freedom250,Freedom 250,solana,0.00008717,128,16384,32768,32768,16384,65536,65536,4,4,173,142,1775760862000,pumpswap,REPEAT
2026-04-09T21:06:57.376Z,5xNgCvoNGvczehFW75NUKCAdjjANR71qkWnimSy6pump,CRYPTO,Cryptobatrachus Boulengeri,solana,0.00001176,2048,32768,524288,524288,8192,16384,16384,17,15,484,462,1775760237000,pumpswap,REPEAT
2026-04-09T21:06:57.376Z,36LH66oxCatKUCQHnRFChR25F6pzDjBbtsTiWSkYWEqE,SDR,Strategic Defense Reserve,solana,0.001194,1024,8192,65536,262144,65536,1048576,1048576,54,30,379,270,1775673065000,meteora,REPEAT
2026-04-09T21:06:57.376Z,98t9PEJF5QvAdGhu3MuQ2ww57NkRV1Rg7evSZNFxpump,$BABYTAN,BabyTan,solana,0.000009788,,512,2048,16384,,8192,8192,,,6,9,1775571529000,pumpfun,REPEAT
2026-04-09T21:06:57.376Z,EG7XoDFvtRocfZAKUeTFJTqrfqoz2SnDZWwHDi7Npump,Epic,Epic,solana,0.000003460,8,1024,65536,65536,,4096,4096,,2,17,26,1775759358000,pumpfun,REPEAT
2026-04-09T21:06:57.376Z,2Ucsy2X6LadN8Q49naQ7pKiC1nuAYtnwnrHGEeFKpump,WATP,WATP COIN,solana,0.000002980,,,2048,2048,,4096,4096,,,,,1775059894000,pumpfun,REPEAT
2026-04-09T21:06:57.376Z,5552z6Qp2xr596ox1UVN4ppDwwyjCfY8cXwzHMXgMcaS,MOLTING,Molting,solana,0.0009069,128,16384,65536,131072,65536,1048576,1048576,6,9,110,132,1769857955000,orca,REPEAT
2026-04-09T21:06:57.376Z,2LsescRjhcxoUwEQLpcsd3Gh6AHUyqEHANDakkoSpump,IRYNA,Justice for Iryna,solana,0.0001312,64,2048,32768,65536,65536,131072,131072,1,2,22,18,1757156435000,pumpswap,REPEAT
2026-04-09T21:06:57.376Z,GHpK2bcd2eheHvwd51F671RYqmiSX4bGvCtuPNLJpump,FWEG,FWEG,solana,0.00006519,2048,32768,262144,262144,16384,65536,65536,50,21,665,416,1775757593000,pumpswap,REPEAT
2026-04-09T21:06:57.376Z,DLL963ppvxosnfCn3JczxQchybks5pFKu6K3nvLspump,Tittypress,Hydraulic Tittypress,solana,0.000007276,1024,8192,131072,131072,8192,8192,8192,24,20,161,163,1775760220000,pumpswap,REPEAT
2026-04-09T21:06:57.376Z,7o1chhM3YW9EJsW7vZR4xRsPsinz5nm1iMtHYe9kpump,Tilly G,Tilly G,solana,0.0001192,16384,262144,1048576,1048576,32768,131072,131072,139,87,2392,1382,1775756625000,pumpswap,REPEAT
2026-04-09T21:06:57.376Z,GHpK2bcd2eheHvwd51F671RYqmiSX4bGvCtuPNLJpump,FWEG,FWEG,solana,0.00006519,2048,32768,262144,262144,16384,65536,65536,50,21,665,416,1775757593000,pumpswap,REPEAT
2026-04-09T21:06:57.376Z,2Qp8zANZK7pjxNTDZh7EqLVG4MpvGty1hvHDTXaiBAGS,ONBOARD,ONBOARD,solana,0.00002507,,,,,4,32768,32768,,,,,1775762426000,meteora,REPEAT
2026-04-09T21:06:57.376Z,QT5pHWLS4DNe2s1PZDLWEjKn4rDXNqnk9D7AWe57cap,CAP,CapCat,solana,0.000005416,32,1024,262144,262144,4096,4096,4096,84,27,1042,364,1775757287000,pumpswap,REPEAT
2026-04-09T21:06:57.376Z,8u8g93eEuXpe2SsUFAHGdr94irDLATpafjVipAMbpump,AZKi,AZKi,solana,0.000001851,16,1024,524288,524288,4096,2048,2048,,2,12,18,1775755985000,pumpswap,REPEAT
2026-04-09T21:06:57.376Z,41QbtLKqJmPCP5TmnHx9pVQtwCGDc1GV5A4WVfy9pump,MOODUANG,Moo Duang,solana,0.00004407,512,8192,32768,32768,16384,32768,32768,11,2,81,53,1775743897000,pumpswap,REPEAT
2026-04-09T21:06:57.376Z,13GUK7F6Zi55PrCoxcJwNaR189uishNATLStt4tuE4R,PEPETF,Pepe ETF,solana,0.00001632,1024,8192,65536,65536,8192,16384,16384,12,12,126,101,1775754427000,pumpswap,REPEAT
2026-04-09T21:11:57.377Z,tNCAMwnoRXoPyyoonuea5X1HHvfTTgHUsK16cBupump,LOLFART,LOL Fart,solana,0.00009896,131072,1048576,1048576,1048576,32768,131072,131072,439,359,4636,3475,1775767494000,pumpswap,REPEAT
2026-04-09T21:11:57.377Z,Huh3G975pLP3WTXKDnsaCTu7enAoFsHMFJCbFLeNpump,FOMO,FOMO,solana,0.0003985,,1024,8192,16384,65536,262144,262144,,,8,2,1772016102000,pumpswap,REPEAT
2026-04-09T21:11:57.377Z,4HuQ3J9JLMNUTQ5ybh9ja3E4Pu78jv52FfeNNgzPpump,IRyS,IRyS,solana,0.0001097,16384,262144,262144,262144,32768,131072,131072,994,129,14229,1848,1775766499000,pumpswap,REPEAT
2026-04-09T21:11:57.377Z,AThx9qd79fndAR9A48wd4pqhZSDqre78Gj67QcUgpump,Upril,Upril,solana,0.00001447,128,32768,32768,32768,,16384,16384,5,3,525,314,1775764768000,pumpfun,REPEAT
2026-04-09T21:11:57.377Z,9SeCSdbPzz95KomGUGEV9Shn2zGXNmMJhE9J72Hipump,Iroha,イロハ,solana,0.001351,4096,65536,524288,2097152,131072,1048576,1048576,31,27,454,329,1775525060000,pumpswap,REPEAT
2026-04-09T21:11:57.377Z,2dcZKtCoJKABSNxfuTZ3Q25Lz3bdiKnYBC7U5ydUpump,UNIQORN,1B waitnig room,solana,0.000003625,128,65536,131072,131072,4096,4096,4096,14,2,1001,1149,1775763825000,pumpswap,REPEAT
2026-04-09T21:11:57.377Z,Cin7FJ8fHksui69umL8yE7dCjVRTMT1PVCiU3CTXpump,QSB,Quantum-Safe Bitcoin,solana,0.000004661,512,32768,65536,65536,,4096,4096,10,6,766,638,1775765423000,pumpfun,REPEAT
2026-04-09T21:11:57.377Z,2TpMjYXnrgxoeVCq2i6EAR8vNWqe5MNvHCz3bENNpump,CHIBI,Chibification,solana,0.0004613,128,8192,32768,262144,65536,524288,524288,2,2,48,93,1773913358000,pumpswap,REPEAT
2026-04-09T21:11:57.377Z,3qoH8a7chfVTV5xVRtB4dm3TwjprPRHRbCAnLCmEpump,BECK,Adom Beck,solana,0.000001721,,262144,524288,524288,4096,2048,2048,,,1465,1777,1775764155000,pumpswap,REPEAT
2026-04-09T21:11:57.377Z,Guf6w2MNAHUe2DSVVH9rFRsN5s9CDjEFxcaQKdCEpump,OILUP,Liquid Gold,solana,0.00002305,,1024,4096,8192,,16384,16384,,,15,12,1775575647000,pumpfun,REPEAT
2026-04-09T21:11:57.377Z,4sgCNP7ykejUaSvaGDhkq7JYqrLKB6M1Gq2X1rxSpump,PUMPPERPS,PumpPerps,solana,0.00009012,32,1024,4096,32768,32768,65536,65536,2,1,14,7,1774753446000,pumpswap,REPEAT
2026-04-09T21:11:57.377Z,4bcNC4acj9Cp2Gvi95E3KeeUvSKhRo6xiRemFeePpump,$NERON,Neron Wake up,solana,0.000003799,,64,1024,1024,4096,4096,4096,,,3,2,1772100899000,pumpswap,REPEAT
2026-04-09T21:11:57.377Z,Cm6fNnMk7NfzStP9CZpsQA2v3jjzbcYGAxdJySmHpump,Buttcoin,Buttcoin,solana,0.009860,512,32768,131072,262144,524288,8388608,8388608,3,2,79,81,1767965767000,pumpswap,REPEAT
2026-04-09T21:11:57.377Z,4w6L45CyceULSKv1WpAkXfNqvs8QzsXAp6hitHYMpump,Freedom250,Freedom 250,solana,0.00008889,64,16384,32768,32768,16384,65536,65536,1,2,138,113,1775760862000,pumpswap,REPEAT
2026-04-09T21:11:57.377Z,5xNgCvoNGvczehFW75NUKCAdjjANR71qkWnimSy6pump,CRYPTO,Cryptobatrachus Boulengeri,solana,0.00001017,2048,16384,524288,524288,8192,8192,8192,34,27,409,379,1775760237000,pumpswap,REPEAT
2026-04-09T21:11:57.377Z,36LH66oxCatKUCQHnRFChR25F6pzDjBbtsTiWSkYWEqE,SDR,Strategic Defense Reserve,solana,0.001195,64,8192,65536,262144,65536,1048576,1048576,7,6,383,274,1775673065000,meteora,REPEAT
2026-04-09T21:11:57.377Z,98t9PEJF5QvAdGhu3MuQ2ww57NkRV1Rg7evSZNFxpump,$BABYTAN,BabyTan,solana,0.000009784,2,256,2048,16384,,8192,8192,,1,6,8,1775571529000,pumpfun,REPEAT
2026-04-09T21:11:57.377Z,EG7XoDFvtRocfZAKUeTFJTqrfqoz2SnDZWwHDi7Npump,Epic,Epic,solana,0.000004044,512,2048,65536,65536,,4096,4096,9,6,26,30,1775759358000,pumpfun,REPEAT
2026-04-09T21:11:57.377Z,2Ucsy2X6LadN8Q49naQ7pKiC1nuAYtnwnrHGEeFKpump,WATP,WATP COIN,solana,0.000002980,,,2048,2048,,4096,4096,,,,,1775059894000,pumpfun,REPEAT
2026-04-09T21:11:57.377Z,5552z6Qp2xr596ox1UVN4ppDwwyjCfY8cXwzHMXgMcaS,MOLTING,Molting,solana,0.0009022,512,16384,65536,131072,65536,1048576,1048576,3,4,108,132,1769857955000,orca,REPEAT
2026-04-09T21:11:57.377Z,2LsescRjhcxoUwEQLpcsd3Gh6AHUyqEHANDakkoSpump,IRYNA,Justice for Iryna,solana,0.0001313,0,2048,32768,65536,65536,131072,131072,,1,21,18,1757156435000,pumpswap,REPEAT
2026-04-09T21:11:57.377Z,GHpK2bcd2eheHvwd51F671RYqmiSX4bGvCtuPNLJpump,FWEG,FWEG,solana,0.00006505,2048,32768,262144,262144,16384,65536,65536,47,23,635,374,1775757593000,pumpswap,REPEAT
2026-04-09T21:11:57.377Z,DLL963ppvxosnfCn3JczxQchybks5pFKu6K3nvLspump,Tittypress,Hydraulic Tittypress,solana,0.000008536,512,8192,131072,131072,8192,8192,8192,3,13,151,163,1775760220000,pumpswap,REPEAT
2026-04-09T21:11:57.377Z,7o1chhM3YW9EJsW7vZR4xRsPsinz5nm1iMtHYe9kpump,Tilly G,Tilly G,solana,0.0001283,16384,262144,1048576,1048576,32768,131072,131072,149,85,2296,1321,1775756625000,pumpswap,REPEAT
2026-04-09T21:11:57.377Z,GHpK2bcd2eheHvwd51F671RYqmiSX4bGvCtuPNLJpump,FWEG,FWEG,solana,0.00006505,2048,32768,262144,262144,16384,65536,65536,47,23,635,374,1775757593000,pumpswap,REPEAT
2026-04-09T21:11:57.377Z,2Qp8zANZK7pjxNTDZh7EqLVG4MpvGty1hvHDTXaiBAGS,ONBOARD,ONBOARD,solana,0.00002507,,,,,4,32768,32768,,,,,1775762426000,meteora,REPEAT
2026-04-09T21:11:57.377Z,QT5pHWLS4DNe2s1PZDLWEjKn4rDXNqnk9D7AWe57cap,CAP,CapCat,solana,0.000005983,128,2048,262144,262144,8192,8192,8192,71,23,1029,358,1775757287000,pumpswap,REPEAT
2026-04-09T21:11:57.377Z,8u8g93eEuXpe2SsUFAHGdr94irDLATpafjVipAMbpump,AZKi,AZKi,solana,0.000001851,,1024,524288,524288,4096,2048,2048,,,12,17,1775755985000,pumpswap,REPEAT
2026-04-09T21:11:57.377Z,41QbtLKqJmPCP5TmnHx9pVQtwCGDc1GV5A4WVfy9pump,MOODUANG,Moo Duang,solana,0.00005173,1024,8192,32768,32768,16384,65536,65536,24,9,110,64,1775743897000,pumpswap,REPEAT
2026-04-09T21:11:57.377Z,13GUK7F6Zi55PrCoxcJwNaR189uishNATLStt4tuE4R,PEPETF,Pepe ETF,solana,0.00001809,512,8192,65536,65536,8192,16384,16384,12,8,121,94,1775754427000,pumpswap,REPEAT
2026-04-09T21:16:57.377Z,tNCAMwnoRXoPyyoonuea5X1HHvfTTgHUsK16cBupump,LOLFART,LOL Fart,solana,0.0001024,65536,1048576,1048576,1048576,32768,131072,131072,428,378,5135,3913,1775767494000,pumpswap,REPEAT
2026-04-09T21:16:57.377Z,Huh3G975pLP3WTXKDnsaCTu7enAoFsHMFJCbFLeNpump,FOMO,FOMO,solana,0.0003985,,1024,8192,16384,65536,262144,262144,,,8,2,1772016102000,pumpswap,REPEAT
2026-04-09T21:16:57.377Z,4HuQ3J9JLMNUTQ5ybh9ja3E4Pu78jv52FfeNNgzPpump,IRyS,IRyS,solana,0.0001181,32768,262144,262144,262144,32768,131072,131072,533,183,14844,2055,1775766499000,pumpswap,REPEAT
2026-04-09T21:16:57.377Z,AThx9qd79fndAR9A48wd4pqhZSDqre78Gj67QcUgpump,Upril,Upril,solana,0.00001322,512,32768,32768,32768,,16384,16384,82,229,535,511,1775764768000,pumpfun,REPEAT
2026-04-09T21:16:57.377Z,9SeCSdbPzz95KomGUGEV9Shn2zGXNmMJhE9J72Hipump,Iroha,イロハ,solana,0.001305,4096,65536,524288,2097152,131072,1048576,1048576,36,32,455,339,1775525060000,pumpswap,REPEAT
2026-04-09T21:16:57.377Z,2dcZKtCoJKABSNxfuTZ3Q25Lz3bdiKnYBC7U5ydUpump,UNIQORN,1B waitnig room,solana,0.000003105,128,65536,131072,131072,4096,4096,4096,4,42,910,1141,1775763825000,pumpswap,REPEAT
2026-04-09T21:16:57.377Z,Cin7FJ8fHksui69umL8yE7dCjVRTMT1PVCiU3CTXpump,QSB,Quantum-Safe Bitcoin,solana,0.000004253,256,32768,65536,65536,,4096,4096,7,6,565,456,1775765423000,pumpfun,REPEAT
2026-04-09T21:16:57.377Z,2TpMjYXnrgxoeVCq2i6EAR8vNWqe5MNvHCz3bENNpump,CHIBI,Chibification,solana,0.0004587,128,8192,32768,262144,65536,524288,524288,,5,44,92,1773913358000,pumpswap,REPEAT
2026-04-09T21:16:57.377Z,3qoH8a7chfVTV5xVRtB4dm3TwjprPRHRbCAnLCmEpump,BECK,Adom Beck,solana,0.000003501,1024,262144,524288,524288,4096,4096,4096,17,,1033,1489,1775764155000,pumpswap,REPEAT
2026-04-09T21:16:57.377Z,Guf6w2MNAHUe2DSVVH9rFRsN5s9CDjEFxcaQKdCEpump,OILUP,Liquid Gold,solana,0.00002305,,1024,4096,8192,,16384,16384,,,14,10,1775575647000,pumpfun,REPEAT
2026-04-09T21:16:57.377Z,4sgCNP7ykejUaSvaGDhkq7JYqrLKB6M1Gq2X1rxSpump,PUMPPERPS,PumpPerps,solana,0.00008880,16,1024,4096,32768,32768,65536,65536,,1,14,8,1774753446000,pumpswap,REPEAT
2026-04-09T21:16:57.377Z,4bcNC4acj9Cp2Gvi95E3KeeUvSKhRo6xiRemFeePpump,$NERON,Neron Wake up,solana,0.000003799,,64,1024,1024,4096,4096,4096,,,3,2,1772100899000,pumpswap,REPEAT
2026-04-09T21:16:57.377Z,Cm6fNnMk7NfzStP9CZpsQA2v3jjzbcYGAxdJySmHpump,Buttcoin,Buttcoin,solana,0.009844,512,16384,131072,262144,524288,8388608,8388608,5,3,77,83,1767965767000,pumpswap,REPEAT
2026-04-09T21:16:57.377Z,4w6L45CyceULSKv1WpAkXfNqvs8QzsXAp6hitHYMpump,Freedom250,Freedom 250,solana,0.00009256,128,16384,32768,32768,32768,65536,65536,9,2,131,86,1775760862000,pumpswap,REPEAT
2026-04-09T21:16:57.377Z,5xNgCvoNGvczehFW75NUKCAdjjANR71qkWnimSy6pump,CRYPTO,Cryptobatrachus Boulengeri,solana,0.000009385,1024,16384,524288,524288,8192,8192,8192,15,17,361,343,1775760237000,pumpswap,REPEAT
2026-04-09T21:16:57.377Z,36LH66oxCatKUCQHnRFChR25F6pzDjBbtsTiWSkYWEqE,SDR,Strategic Defense Reserve,solana,0.001195,,8192,65536,262144,65536,1048576,1048576,,,379,270,1775673065000,meteora,REPEAT
2026-04-09T21:16:57.377Z,98t9PEJF5QvAdGhu3MuQ2ww57NkRV1Rg7evSZNFxpump,$BABYTAN,BabyTan,solana,0.000009784,,256,2048,16384,,8192,8192,,,6,8,1775571529000,pumpfun,REPEAT
2026-04-09T21:16:57.377Z,EG7XoDFvtRocfZAKUeTFJTqrfqoz2SnDZWwHDi7Npump,Epic,Epic,solana,0.000004299,256,2048,65536,65536,,4096,4096,3,2,25,31,1775759358000,pumpfun,REPEAT
2026-04-09T21:16:57.377Z,2Ucsy2X6LadN8Q49naQ7pKiC1nuAYtnwnrHGEeFKpump,WATP,WATP COIN,solana,0.000002980,,,2048,2048,,4096,4096,,,,,1775059894000,pumpfun,REPEAT
2026-04-09T21:16:57.377Z,5552z6Qp2xr596ox1UVN4ppDwwyjCfY8cXwzHMXgMcaS,MOLTING,Molting,solana,0.0009240,512,16384,65536,131072,65536,1048576,1048576,6,5,109,127,1769857955000,orca,REPEAT
2026-04-09T21:16:57.377Z,2LsescRjhcxoUwEQLpcsd3Gh6AHUyqEHANDakkoSpump,IRYNA,Justice for Iryna,solana,0.0001313,,1024,32768,65536,65536,131072,131072,,,18,15,1757156435000,pumpswap,REPEAT
2026-04-09T21:16:57.377Z,GHpK2bcd2eheHvwd51F671RYqmiSX4bGvCtuPNLJpump,FWEG,FWEG,solana,0.00007695,4096,32768,262144,262144,16384,65536,65536,111,75,710,419,1775757593000,pumpswap,REPEAT
2026-04-09T21:16:57.377Z,DLL963ppvxosnfCn3JczxQchybks5pFKu6K3nvLspump,Tittypress,Hydraulic Tittypress,solana,0.000007901,256,8192,131072,131072,8192,8192,8192,11,9,154,161,1775760220000,pumpswap,REPEAT
2026-04-09T21:16:57.377Z,7o1chhM3YW9EJsW7vZR4xRsPsinz5nm1iMtHYe9kpump,Tilly G,Tilly G,solana,0.0001210,16384,262144,1048576,1048576,32768,131072,131072,160,101,2184,1291,1775756625000,pumpswap,REPEAT
2026-04-09T21:16:57.377Z,GHpK2bcd2eheHvwd51F671RYqmiSX4bGvCtuPNLJpump,FWEG,FWEG,solana,0.00007695,4096,32768,262144,262144,16384,65536,65536,111,75,710,419,1775757593000,pumpswap,REPEAT
2026-04-09T21:16:57.377Z,2Qp8zANZK7pjxNTDZh7EqLVG4MpvGty1hvHDTXaiBAGS,ONBOARD,ONBOARD,solana,0.00002507,,,,,4,32768,32768,,,,,1775762426000,meteora,REPEAT
2026-04-09T21:16:57.377Z,QT5pHWLS4DNe2s1PZDLWEjKn4rDXNqnk9D7AWe57cap,CAP,CapCat,solana,0.000006105,32,1024,262144,262144,8192,8192,8192,68,24,1024,357,1775757287000,pumpswap,REPEAT
2026-04-09T21:16:57.377Z,8u8g93eEuXpe2SsUFAHGdr94irDLATpafjVipAMbpump,AZKi,AZKi,solana,0.000001851,,1024,524288,524288,4096,2048,2048,,,12,15,1775755985000,pumpswap,REPEAT
2026-04-09T21:16:57.377Z,41QbtLKqJmPCP5TmnHx9pVQtwCGDc1GV5A4WVfy9pump,MOODUANG,Moo Duang,solana,0.00004310,2048,8192,32768,32768,16384,32768,32768,51,23,153,76,1775743897000,pumpswap,REPEAT
2026-04-09T21:16:57.377Z,13GUK7F6Zi55PrCoxcJwNaR189uishNATLStt4tuE4R,PEPETF,Pepe ETF,solana,0.00001718,512,8192,65536,65536,8192,16384,16384,8,9,121,99,1775754427000,pumpswap,REPEAT
2026-04-09T21:21:57.379Z,tNCAMwnoRXoPyyoonuea5X1HHvfTTgHUsK16cBupump,LOLFART,LOL Fart,solana,0.000002077,65536,1048576,1048576,1048576,4096,2048,2048,403,862,5612,4835,1775767494000,pumpswap,REPEAT
2026-04-09T21:21:57.379Z,Huh3G975pLP3WTXKDnsaCTu7enAoFsHMFJCbFLeNpump,FOMO,FOMO,solana,0.0003985,,1024,8192,16384,65536,262144,262144,,,8,2,1772016102000,pumpswap,REPEAT
2026-04-09T21:21:57.379Z,4HuQ3J9JLMNUTQ5ybh9ja3E4Pu78jv52FfeNNgzPpump,IRyS,IRyS,solana,0.0001401,32768,262144,262144,262144,32768,131072,131072,316,184,15187,2262,1775766499000,pumpswap,REPEAT
2026-04-09T21:21:57.379Z,AThx9qd79fndAR9A48wd4pqhZSDqre78Gj67QcUgpump,Upril,Upril,solana,0.00001334,512,32768,32768,32768,,16384,16384,625,505,1100,962,1775764768000,pumpfun,REPEAT
2026-04-09T21:21:57.379Z,9SeCSdbPzz95KomGUGEV9Shn2zGXNmMJhE9J72Hipump,Iroha,イロハ,solana,0.001259,8192,65536,524288,2097152,131072,1048576,1048576,57,44,481,364,1775525060000,pumpswap,REPEAT
2026-04-09T21:21:57.379Z,2dcZKtCoJKABSNxfuTZ3Q25Lz3bdiKnYBC7U5ydUpump,UNIQORN,1B waitnig room,solana,0.000002994,32,65536,131072,131072,4096,4096,4096,1,5,820,1084,1775763825000,pumpswap,REPEAT
2026-04-09T21:21:57.379Z,Cin7FJ8fHksui69umL8yE7dCjVRTMT1PVCiU3CTXpump,QSB,Quantum-Safe Bitcoin,solana,0.000004000,128,32768,65536,65536,,4096,4096,,3,389,308,1775765423000,pumpfun,REPEAT
2026-04-09T21:21:57.379Z,2TpMjYXnrgxoeVCq2i6EAR8vNWqe5MNvHCz3bENNpump,CHIBI,Chibification,solana,0.0004649,1024,8192,32768,262144,65536,524288,524288,6,3,47,89,1773913358000,pumpswap,REPEAT
2026-04-09T21:21:57.379Z,3qoH8a7chfVTV5xVRtB4dm3TwjprPRHRbCAnLCmEpump,BECK,Adom Beck,solana,0.000001789,1024,131072,524288,524288,4096,2048,2048,3,11,648,1268,1775764155000,pumpswap,REPEAT
2026-04-09T21:21:57.379Z,Guf6w2MNAHUe2DSVVH9rFRsN5s9CDjEFxcaQKdCEpump,OILUP,Liquid Gold,solana,0.00002305,,1024,4096,8192,,16384,16384,,,14,7,1775575647000,pumpfun,REPEAT
2026-04-09T21:21:57.379Z,4sgCNP7ykejUaSvaGDhkq7JYqrLKB6M1Gq2X1rxSpump,PUMPPERPS,PumpPerps,solana,0.00009007,4,1024,4096,32768,32768,65536,65536,1,,15,8,1774753446000,pumpswap,REPEAT
2026-04-09T21:21:57.379Z,4bcNC4acj9Cp2Gvi95E3KeeUvSKhRo6xiRemFeePpump,$NERON,Neron Wake up,solana,0.000003799,,64,1024,1024,4096,4096,4096,,,3,1,1772100899000,pumpswap,REPEAT
2026-04-09T21:21:57.379Z,Cm6fNnMk7NfzStP9CZpsQA2v3jjzbcYGAxdJySmHpump,Buttcoin,Buttcoin,solana,0.009918,2048,16384,131072,262144,524288,8388608,8388608,4,12,55,87,1767965767000,pumpswap,REPEAT
2026-04-09T21:21:57.379Z,4w6L45CyceULSKv1WpAkXfNqvs8QzsXAp6hitHYMpump,Freedom250,Freedom 250,solana,0.00008391,1024,8192,32768,32768,16384,65536,65536,6,2,104,81,1775760862000,pumpswap,REPEAT
2026-04-09T21:21:57.379Z,5xNgCvoNGvczehFW75NUKCAdjjANR71qkWnimSy6pump,CRYPTO,Cryptobatrachus Boulengeri,solana,0.00001388,2048,16384,524288,524288,8192,16384,16384,12,11,320,304,1775760237000,pumpswap,REPEAT
2026-04-09T21:21:57.379Z,36LH66oxCatKUCQHnRFChR25F6pzDjBbtsTiWSkYWEqE,SDR,Strategic Defense Reserve,solana,0.001194,64,8192,65536,262144,65536,1048576,1048576,6,6,382,276,1775673065000,meteora,REPEAT
2026-04-09T21:21:57.379Z,98t9PEJF5QvAdGhu3MuQ2ww57NkRV1Rg7evSZNFxpump,$BABYTAN,BabyTan,solana,0.000009784,,256,2048,16384,,8192,8192,,,6,8,1775571529000,pumpfun,REPEAT
2026-04-09T21:21:57.379Z,EG7XoDFvtRocfZAKUeTFJTqrfqoz2SnDZWwHDi7Npump,Epic,Epic,solana,0.000004297,1,2048,65536,65536,,4096,4096,,1,22,29,1775759358000,pumpfun,REPEAT
2026-04-09T21:21:57.379Z,2Ucsy2X6LadN8Q49naQ7pKiC1nuAYtnwnrHGEeFKpump,WATP,WATP COIN,solana,0.000002980,,,2048,2048,,4096,4096,,,,,1775059894000,pumpfun,REPEAT
2026-04-09T21:21:57.379Z,5552z6Qp2xr596ox1UVN4ppDwwyjCfY8cXwzHMXgMcaS,MOLTING,Molting,solana,0.0009133,256,16384,65536,131072,65536,1048576,1048576,1,5,100,108,1769857955000,orca,REPEAT
2026-04-09T21:21:57.379Z,2LsescRjhcxoUwEQLpcsd3Gh6AHUyqEHANDakkoSpump,IRYNA,Justice for Iryna,solana,0.0001305,32,1024,32768,65536,65536,131072,131072,,1,18,15,1757156435000,pumpswap,REPEAT
2026-04-09T21:21:57.379Z,GHpK2bcd2eheHvwd51F671RYqmiSX4bGvCtuPNLJpump,FWEG,FWEG,solana,0.00009777,8192,32768,262144,262144,32768,131072,131072,107,104,763,493,1775757593000,pumpswap,REPEAT
2026-04-09T21:21:57.379Z,DLL963ppvxosnfCn3JczxQchybks5pFKu6K3nvLspump,Tittypress,Hydraulic Tittypress,solana,0.000009071,2048,8192,131072,131072,8192,8192,8192,25,16,170,156,1775760220000,pumpswap,REPEAT
2026-04-09T21:21:57.379Z,7o1chhM3YW9EJsW7vZR4xRsPsinz5nm1iMtHYe9kpump,Tilly G,Tilly G,solana,0.0001148,16384,262144,1048576,1048576,32768,131072,131072,147,89,2168,1296,1775756625000,pumpswap,REPEAT
2026-04-09T21:21:57.379Z,GHpK2bcd2eheHvwd51F671RYqmiSX4bGvCtuPNLJpump,FWEG,FWEG,solana,0.00009777,8192,32768,262144,262144,32768,131072,131072,107,104,763,493,1775757593000,pumpswap,REPEAT
2026-04-09T21:21:57.379Z,2Qp8zANZK7pjxNTDZh7EqLVG4MpvGty1hvHDTXaiBAGS,ONBOARD,ONBOARD,solana,0.00002507,,,,,4,32768,32768,,,,,1775762426000,meteora,REPEAT
2026-04-09T21:21:57.379Z,QT5pHWLS4DNe2s1PZDLWEjKn4rDXNqnk9D7AWe57cap,CAP,CapCat,solana,0.000005444,256,2048,262144,262144,8192,4096,4096,72,29,1024,360,1775757287000,pumpswap,REPEAT
2026-04-09T21:21:57.379Z,8u8g93eEuXpe2SsUFAHGdr94irDLATpafjVipAMbpump,AZKi,AZKi,solana,0.000001851,,1024,524288,524288,4096,2048,2048,,,12,14,1775755985000,pumpswap,REPEAT
2026-04-09T21:21:57.379Z,41QbtLKqJmPCP5TmnHx9pVQtwCGDc1GV5A4WVfy9pump,MOODUANG,Moo Duang,solana,0.00003363,2048,16384,32768,65536,16384,32768,32768,21,19,169,92,1775743897000,pumpswap,REPEAT
2026-04-09T21:21:57.379Z,13GUK7F6Zi55PrCoxcJwNaR189uishNATLStt4tuE4R,PEPETF,Pepe ETF,solana,0.00001462,512,8192,65536,65536,8192,16384,16384,3,4,122,96,1775754427000,pumpswap,REPEAT
2026-04-09T21:26:57.379Z,tNCAMwnoRXoPyyoonuea5X1HHvfTTgHUsK16cBupump,LOLFART,LOL Fart,solana,0.000002368,512,1048576,1048576,1048576,4096,2048,2048,23,53,5654,4937,1775767494000,pumpswap,REPEAT
2026-04-09T21:26:57.379Z,Huh3G975pLP3WTXKDnsaCTu7enAoFsHMFJCbFLeNpump,FOMO,FOMO,solana,0.0003985,,512,8192,16384,65536,262144,262144,,,7,2,1772016102000,pumpswap,REPEAT
2026-04-09T21:26:57.379Z,4HuQ3J9JLMNUTQ5ybh9ja3E4Pu78jv52FfeNNgzPpump,IRyS,IRyS,solana,0.0001748,32768,524288,524288,524288,32768,131072,131072,347,163,15570,2447,1775766499000,pumpswap,REPEAT
2026-04-09T21:26:57.379Z,AThx9qd79fndAR9A48wd4pqhZSDqre78Gj67QcUgpump,Upril,Upril,solana,0.00001099,1024,16384,32768,32768,,8192,8192,69,44,1150,976,1775764768000,pumpfun,REPEAT
2026-04-09T21:26:57.379Z,9SeCSdbPzz95KomGUGEV9Shn2zGXNmMJhE9J72Hipump,Iroha,イロハ,solana,0.001281,8192,65536,524288,2097152,131072,1048576,1048576,40,52,509,401,1775525060000,pumpswap,REPEAT
2026-04-09T21:26:57.379Z,2dcZKtCoJKABSNxfuTZ3Q25Lz3bdiKnYBC7U5ydUpump,UNIQORN,1B waitnig room,solana,0.000002963,1,65536,131072,131072,4096,4096,4096,,3,761,1027,1775763825000,pumpswap,REPEAT
2026-04-09T21:26:57.379Z,Cin7FJ8fHksui69umL8yE7dCjVRTMT1PVCiU3CTXpump,QSB,Quantum-Safe Bitcoin,solana,0.000003784,128,16384,65536,65536,,4096,4096,,7,311,245,1775765423000,pumpfun,REPEAT
2026-04-09T21:26:57.379Z,2TpMjYXnrgxoeVCq2i6EAR8vNWqe5MNvHCz3bENNpump,CHIBI,Chibification,solana,0.0005028,4096,16384,32768,262144,65536,524288,524288,5,19,42,101,1773913358000,pumpswap,REPEAT
2026-04-09T21:26:57.379Z,3qoH8a7chfVTV5xVRtB4dm3TwjprPRHRbCAnLCmEpump,BECK,Adom Beck,solana,0.000001789,,65536,524288,524288,4096,2048,2048,,,380,947,1775764155000,pumpswap,REPEAT
2026-04-09T21:26:57.379Z,Guf6w2MNAHUe2DSVVH9rFRsN5s9CDjEFxcaQKdCEpump,OILUP,Liquid Gold,solana,0.00002305,,512,4096,8192,,16384,16384,,,14,5,1775575647000,pumpfun,REPEAT
2026-04-09T21:26:57.379Z,4sgCNP7ykejUaSvaGDhkq7JYqrLKB6M1Gq2X1rxSpump,PUMPPERPS,PumpPerps,solana,0.00009007,,1024,4096,32768,32768,65536,65536,,,14,8,1774753446000,pumpswap,REPEAT
2026-04-09T21:26:57.379Z,4bcNC4acj9Cp2Gvi95E3KeeUvSKhRo6xiRemFeePpump,$NERON,Neron Wake up,solana,0.000003799,,64,1024,1024,4096,4096,4096,,,3,1,1772100899000,pumpswap,REPEAT
2026-04-09T21:26:57.379Z,Cm6fNnMk7NfzStP9CZpsQA2v3jjzbcYGAxdJySmHpump,Buttcoin,Buttcoin,solana,0.01009,8192,32768,131072,262144,524288,8388608,8388608,11,80,59,168,1767965767000,pumpswap,REPEAT
2026-04-09T21:26:57.379Z,4w6L45CyceULSKv1WpAkXfNqvs8QzsXAp6hitHYMpump,Freedom250,Freedom 250,solana,0.00008249,32,8192,32768,32768,16384,65536,65536,,3,93,77,1775760862000,pumpswap,REPEAT
2026-04-09T21:26:57.379Z,5xNgCvoNGvczehFW75NUKCAdjjANR71qkWnimSy6pump,CRYPTO,Cryptobatrachus Boulengeri,solana,0.00001298,512,16384,524288,524288,8192,16384,16384,27,10,284,246,1775760237000,pumpswap,REPEAT
2026-04-09T21:26:57.379Z,36LH66oxCatKUCQHnRFChR25F6pzDjBbtsTiWSkYWEqE,SDR,Strategic Defense Reserve,solana,0.001204,2048,8192,65536,262144,65536,1048576,1048576,60,42,439,316,1775673065000,meteora,REPEAT
2026-04-09T21:26:57.379Z,98t9PEJF5QvAdGhu3MuQ2ww57NkRV1Rg7evSZNFxpump,$BABYTAN,BabyTan,solana,0.000009784,,256,2048,16384,,8192,8192,,,5,7,1775571529000,pumpfun,REPEAT
2026-04-09T21:26:57.379Z,EG7XoDFvtRocfZAKUeTFJTqrfqoz2SnDZWwHDi7Npump,Epic,Epic,solana,0.000004025,128,2048,65536,65536,,4096,4096,,2,18,29,1775759358000,pumpfun,REPEAT
2026-04-09T21:26:57.379Z,2Ucsy2X6LadN8Q49naQ7pKiC1nuAYtnwnrHGEeFKpump,WATP,WATP COIN,solana,0.000002980,,,2048,2048,,4096,4096,,,,,1775059894000,pumpfun,REPEAT
2026-04-09T21:26:57.379Z,5552z6Qp2xr596ox1UVN4ppDwwyjCfY8cXwzHMXgMcaS,MOLTING,Molting,solana,0.0009272,2048,16384,65536,131072,65536,1048576,1048576,2,14,92,119,1769857955000,orca,REPEAT
2026-04-09T21:26:57.379Z,2LsescRjhcxoUwEQLpcsd3Gh6AHUyqEHANDakkoSpump,IRYNA,Justice for Iryna,solana,0.0001305,2,256,32768,65536,65536,131072,131072,,1,9,9,1757156435000,pumpswap,REPEAT
2026-04-09T21:26:57.379Z,GHpK2bcd2eheHvwd51F671RYqmiSX4bGvCtuPNLJpump,FWEG,FWEG,solana,0.00009204,8192,65536,262144,262144,32768,65536,65536,165,142,927,635,1775757593000,pumpswap,REPEAT
2026-04-09T21:26:57.379Z,DLL963ppvxosnfCn3JczxQchybks5pFKu6K3nvLspump,Tittypress,Hydraulic Tittypress,solana,0.000008109,512,8192,131072,131072,8192,8192,8192,11,13,173,159,1775760220000,pumpswap,REPEAT
2026-04-09T21:26:57.379Z,7o1chhM3YW9EJsW7vZR4xRsPsinz5nm1iMtHYe9kpump,Tilly G,Tilly G,solana,0.0001241,16384,262144,1048576,1048576,32768,131072,131072,144,90,2123,1303,1775756625000,pumpswap,REPEAT
2026-04-09T21:26:57.379Z,GHpK2bcd2eheHvwd51F671RYqmiSX4bGvCtuPNLJpump,FWEG,FWEG,solana,0.00009204,8192,65536,262144,262144,32768,65536,65536,165,142,927,635,1775757593000,pumpswap,REPEAT
2026-04-09T21:26:57.379Z,2Qp8zANZK7pjxNTDZh7EqLVG4MpvGty1hvHDTXaiBAGS,ONBOARD,ONBOARD,solana,0.00002507,,,,,4,32768,32768,,,,,1775762426000,meteora,REPEAT
2026-04-09T21:26:57.379Z,QT5pHWLS4DNe2s1PZDLWEjKn4rDXNqnk9D7AWe57cap,CAP,CapCat,solana,0.000005519,128,2048,262144,262144,8192,4096,4096,71,21,1027,360,1775757287000,pumpswap,REPEAT
2026-04-09T21:26:57.379Z,8u8g93eEuXpe2SsUFAHGdr94irDLATpafjVipAMbpump,AZKi,AZKi,solana,0.000001869,16,512,524288,524288,4096,2048,2048,1,,13,13,1775755985000,pumpswap,REPEAT
2026-04-09T21:26:57.379Z,41QbtLKqJmPCP5TmnHx9pVQtwCGDc1GV5A4WVfy9pump,MOODUANG,Moo Duang,solana,0.00003028,1024,16384,32768,65536,16384,32768,32768,9,12,168,101,1775743897000,pumpswap,REPEAT
2026-04-09T21:26:57.379Z,13GUK7F6Zi55PrCoxcJwNaR189uishNATLStt4tuE4R,PEPETF,Pepe ETF,solana,0.00001587,32,8192,65536,65536,8192,16384,16384,6,,124,86,1775754427000,pumpswap,REPEAT
2026-04-09T21:31:57.379Z,tNCAMwnoRXoPyyoonuea5X1HHvfTTgHUsK16cBupump,LOLFART,LOL Fart,solana,0.000003201,256,1048576,1048576,1048576,4096,4096,4096,15,9,5671,4947,1775767494000,pumpswap,REPEAT
2026-04-09T21:31:57.379Z,Huh3G975pLP3WTXKDnsaCTu7enAoFsHMFJCbFLeNpump,FOMO,FOMO,solana,0.0004078,256,512,8192,16384,65536,262144,262144,6,,13,2,1772016102000,pumpswap,REPEAT
2026-04-09T21:31:57.379Z,4HuQ3J9JLMNUTQ5ybh9ja3E4Pu78jv52FfeNNgzPpump,IRyS,IRyS,solana,0.0001311,32768,524288,524288,524288,32768,131072,131072,275,170,13945,2416,1775766499000,pumpswap,REPEAT
2026-04-09T21:31:57.379Z,AThx9qd79fndAR9A48wd4pqhZSDqre78Gj67QcUgpump,Upril,Upril,solana,0.000009941,1024,16384,32768,32768,,8192,8192,14,14,1000,885,1775764768000,pumpfun,REPEAT
2026-04-09T21:31:57.379Z,9SeCSdbPzz95KomGUGEV9Shn2zGXNmMJhE9J72Hipump,Iroha,イロハ,solana,0.001332,4096,65536,524288,2097152,131072,1048576,1048576,24,40,485,408,1775525060000,pumpswap,REPEAT
2026-04-09T21:31:57.379Z,2dcZKtCoJKABSNxfuTZ3Q25Lz3bdiKnYBC7U5ydUpump,UNIQORN,1B waitnig room,solana,0.000002933,2,65536,131072,131072,4096,4096,4096,,2,681,974,1775763825000,pumpswap,REPEAT
2026-04-09T21:31:57.379Z,Cin7FJ8fHksui69umL8yE7dCjVRTMT1PVCiU3CTXpump,QSB,Quantum-Safe Bitcoin,solana,0.000003841,64,16384,65536,65536,,4096,4096,2,1,236,179,1775765423000,pumpfun,REPEAT
2026-04-09T21:31:57.379Z,2TpMjYXnrgxoeVCq2i6EAR8vNWqe5MNvHCz3bENNpump,CHIBI,Chibification,solana,0.0005201,2048,8192,32768,262144,65536,524288,524288,7,15,43,96,1773913358000,pumpswap,REPEAT
2026-04-09T21:31:57.379Z,3qoH8a7chfVTV5xVRtB4dm3TwjprPRHRbCAnLCmEpump,BECK,Adom Beck,solana,0.000001777,0,32768,524288,524288,4096,2048,2048,1,2,188,724,1775764155000,pumpswap,REPEAT
2026-04-09T21:31:57.379Z,Guf6w2MNAHUe2DSVVH9rFRsN5s9CDjEFxcaQKdCEpump,OILUP,Liquid Gold,solana,0.00002305,,512,4096,8192,,16384,16384,,,12,4,1775575647000,pumpfun,REPEAT
2026-04-09T21:31:57.379Z,4sgCNP7ykejUaSvaGDhkq7JYqrLKB6M1Gq2X1rxSpump,PUMPPERPS,PumpPerps,solana,0.00008892,0,512,4096,32768,32768,65536,65536,,1,14,8,1774753446000,pumpswap,REPEAT
2026-04-09T21:31:57.379Z,4bcNC4acj9Cp2Gvi95E3KeeUvSKhRo6xiRemFeePpump,$NERON,Neron Wake up,solana,0.000003799,,64,1024,1024,4096,4096,4096,,,3,1,1772100899000,pumpswap,REPEAT
2026-04-09T21:31:57.379Z,Cm6fNnMk7NfzStP9CZpsQA2v3jjzbcYGAxdJySmHpump,Buttcoin,Buttcoin,solana,0.009987,1024,32768,131072,262144,524288,8388608,8388608,6,2,56,169,1767965767000,pumpswap,REPEAT
2026-04-09T21:31:57.379Z,4w6L45CyceULSKv1WpAkXfNqvs8QzsXAp6hitHYMpump,Freedom250,Freedom 250,solana,0.00008845,256,8192,32768,32768,16384,65536,65536,11,1,101,61,1775760862000,pumpswap,REPEAT
2026-04-09T21:31:57.379Z,5xNgCvoNGvczehFW75NUKCAdjjANR71qkWnimSy6pump,CRYPTO,Cryptobatrachus Boulengeri,solana,0.00001176,512,16384,524288,524288,8192,16384,16384,18,12,254,223,1775760237000,pumpswap,REPEAT
2026-04-09T21:31:57.379Z,36LH66oxCatKUCQHnRFChR25F6pzDjBbtsTiWSkYWEqE,SDR,Strategic Defense Reserve,solana,0.001197,1024,8192,65536,262144,65536,1048576,1048576,24,18,436,316,1775673065000,meteora,REPEAT
2026-04-09T21:31:57.379Z,98t9PEJF5QvAdGhu3MuQ2ww57NkRV1Rg7evSZNFxpump,$BABYTAN,BabyTan,solana,0.000009784,,128,2048,16384,,8192,8192,,,2,5,1775571529000,pumpfun,REPEAT
2026-04-09T21:31:57.379Z,EG7XoDFvtRocfZAKUeTFJTqrfqoz2SnDZWwHDi7Npump,Epic,Epic,solana,0.000004026,0,1024,65536,65536,,4096,4096,,1,17,24,1775759358000,pumpfun,REPEAT
2026-04-09T21:31:57.379Z,2Ucsy2X6LadN8Q49naQ7pKiC1nuAYtnwnrHGEeFKpump,WATP,WATP COIN,solana,0.000002980,,,2048,2048,,4096,4096,,,,,1775059894000,pumpfun,REPEAT
2026-04-09T21:31:57.379Z,5552z6Qp2xr596ox1UVN4ppDwwyjCfY8cXwzHMXgMcaS,MOLTING,Molting,solana,0.0009030,1024,16384,65536,131072,65536,1048576,1048576,9,3,98,98,1769857955000,orca,REPEAT
2026-04-09T21:31:57.379Z,2LsescRjhcxoUwEQLpcsd3Gh6AHUyqEHANDakkoSpump,IRYNA,Justice for Iryna,solana,0.0001303,32,256,32768,65536,65536,131072,131072,,1,6,10,1757156435000,pumpswap,REPEAT
2026-04-09T21:31:57.379Z,GHpK2bcd2eheHvwd51F671RYqmiSX4bGvCtuPNLJpump,FWEG,FWEG,solana,0.0001006,4096,65536,262144,262144,32768,131072,131072,103,103,1003,738,1775757593000,pumpswap,REPEAT
2026-04-09T21:31:57.379Z,DLL963ppvxosnfCn3JczxQchybks5pFKu6K3nvLspump,Tittypress,Hydraulic Tittypress,solana,0.000008004,64,8192,131072,131072,8192,8192,8192,3,4,161,157,1775760220000,pumpswap,REPEAT
2026-04-09T21:31:57.379Z,7o1chhM3YW9EJsW7vZR4xRsPsinz5nm1iMtHYe9kpump,Tilly G,Tilly G,solana,0.0001269,16384,262144,1048576,1048576,32768,131072,131072,180,97,2125,1311,1775756625000,pumpswap,REPEAT
2026-04-09T21:31:57.379Z,GHpK2bcd2eheHvwd51F671RYqmiSX4bGvCtuPNLJpump,FWEG,FWEG,solana,0.0001006,4096,65536,262144,262144,32768,131072,131072,103,103,1003,738,1775757593000,pumpswap,REPEAT
2026-04-09T21:31:57.379Z,2Qp8zANZK7pjxNTDZh7EqLVG4MpvGty1hvHDTXaiBAGS,ONBOARD,ONBOARD,solana,0.00002507,,,,,4,32768,32768,,,,,1775762426000,meteora,REPEAT
2026-04-09T21:31:57.379Z,QT5pHWLS4DNe2s1PZDLWEjKn4rDXNqnk9D7AWe57cap,CAP,CapCat,solana,0.000006238,128,2048,262144,262144,8192,8192,8192,76,24,1034,359,1775757287000,pumpswap,REPEAT
2026-04-09T21:31:57.379Z,8u8g93eEuXpe2SsUFAHGdr94irDLATpafjVipAMbpump,AZKi,AZKi,solana,0.000001869,,512,524288,524288,4096,2048,2048,,,13,12,1775755985000,pumpswap,REPEAT
2026-04-09T21:36:57.380Z,65AhQVGatKKr2wYMcKB7DLbyzZrvALtEA5ZcHuacpump,MMIWG2S,MMIWG2SLGBTQQIA+,solana,0.0001798,8192,65536,262144,1048576,32768,131072,131072,60,57,813,620,1775699055000,pumpswap,NEW
2026-04-09T21:36:57.380Z,65AhQVGatKKr2wYMcKB7DLbyzZrvALtEA5ZcHuacpump,MMIWG2S,MMIWG2SLGBTQQIA+,solana,0.0001798,8192,65536,262144,1048576,32768,131072,131072,60,57,813,620,1775699055000,pumpswap,REPEAT
2026-04-09T21:36:57.380Z,tNCAMwnoRXoPyyoonuea5X1HHvfTTgHUsK16cBupump,LOLFART,LOL Fart,solana,0.000002969,128,1048576,1048576,1048576,4096,4096,4096,4,8,5676,4956,1775767494000,pumpswap,REPEAT
2026-04-09T21:36:57.380Z,Huh3G975pLP3WTXKDnsaCTu7enAoFsHMFJCbFLeNpump,FOMO,FOMO,solana,0.0004078,,512,8192,16384,65536,262144,262144,,,13,2,1772016102000,pumpswap,REPEAT
2026-04-09T21:36:57.380Z,4HuQ3J9JLMNUTQ5ybh9ja3E4Pu78jv52FfeNNgzPpump,IRyS,IRyS,solana,0.0001334,32768,524288,524288,524288,32768,131072,131072,263,151,12747,2406,1775766499000,pumpswap,REPEAT
2026-04-09T21:36:57.380Z,AThx9qd79fndAR9A48wd4pqhZSDqre78Gj67QcUgpump,Upril,Upril,solana,0.000009261,512,8192,32768,32768,,8192,8192,8,5,943,857,1775764768000,pumpfun,REPEAT
2026-04-09T21:36:57.380Z,9SeCSdbPzz95KomGUGEV9Shn2zGXNmMJhE9J72Hipump,Iroha,イロハ,solana,0.001422,32768,65536,524288,2097152,131072,1048576,1048576,62,124,499,511,1775525060000,pumpswap,REPEAT
2026-04-09T21:36:57.380Z,2dcZKtCoJKABSNxfuTZ3Q25Lz3bdiKnYBC7U5ydUpump,UNIQORN,1B waitnig room,solana,0.000002821,32,32768,131072,131072,4096,2048,2048,,4,556,885,1775763825000,pumpswap,REPEAT
2026-04-09T21:36:57.380Z,Cin7FJ8fHksui69umL8yE7dCjVRTMT1PVCiU3CTXpump,QSB,Quantum-Safe Bitcoin,solana,0.000004015,64,8192,65536,65536,,4096,4096,5,,195,155,1775765423000,pumpfun,REPEAT
2026-04-09T21:36:57.380Z,2TpMjYXnrgxoeVCq2i6EAR8vNWqe5MNvHCz3bENNpump,CHIBI,Chibification,solana,0.0005029,1024,8192,32768,262144,65536,524288,524288,2,10,40,74,1773913358000,pumpswap,REPEAT
2026-04-09T21:36:57.380Z,3qoH8a7chfVTV5xVRtB4dm3TwjprPRHRbCAnLCmEpump,BECK,Adom Beck,solana,0.000001777,,8192,524288,524288,4096,2048,2048,,,52,463,1775764155000,pumpswap,REPEAT
2026-04-09T21:36:57.380Z,Guf6w2MNAHUe2DSVVH9rFRsN5s9CDjEFxcaQKdCEpump,OILUP,Liquid Gold,solana,0.00002305,,512,4096,8192,,16384,16384,,,12,4,1775575647000,pumpfun,REPEAT
2026-04-09T21:36:57.380Z,4sgCNP7ykejUaSvaGDhkq7JYqrLKB6M1Gq2X1rxSpump,PUMPPERPS,PumpPerps,solana,0.00008892,,512,4096,32768,32768,65536,65536,,,12,7,1774753446000,pumpswap,REPEAT
2026-04-09T21:36:57.380Z,4bcNC4acj9Cp2Gvi95E3KeeUvSKhRo6xiRemFeePpump,$NERON,Neron Wake up,solana,0.000003799,,64,1024,1024,4096,4096,4096,,,3,1,1772100899000,pumpswap,REPEAT
2026-04-09T21:36:57.380Z,Cm6fNnMk7NfzStP9CZpsQA2v3jjzbcYGAxdJySmHpump,Buttcoin,Buttcoin,solana,0.009987,,32768,131072,262144,524288,8388608,8388608,,,54,168,1767965767000,pumpswap,REPEAT
2026-04-09T21:36:57.380Z,4w6L45CyceULSKv1WpAkXfNqvs8QzsXAp6hitHYMpump,Freedom250,Freedom 250,solana,0.00009508,512,8192,32768,32768,32768,131072,131072,12,5,93,57,1775760862000,pumpswap,REPEAT
2026-04-09T21:36:57.380Z,5xNgCvoNGvczehFW75NUKCAdjjANR71qkWnimSy6pump,CRYPTO,Cryptobatrachus Boulengeri,solana,0.00001236,1024,16384,524288,524288,8192,16384,16384,17,11,251,204,1775760237000,pumpswap,REPEAT
2026-04-09T21:36:57.380Z,36LH66oxCatKUCQHnRFChR25F6pzDjBbtsTiWSkYWEqE,SDR,Strategic Defense Reserve,solana,0.001197,,8192,65536,262144,65536,1048576,1048576,,,392,292,1775673065000,meteora,REPEAT
2026-04-09T21:36:57.380Z,98t9PEJF5QvAdGhu3MuQ2ww57NkRV1Rg7evSZNFxpump,$BABYTAN,BabyTan,solana,0.000008837,256,512,2048,16384,,8192,8192,,1,2,5,1775571529000,pumpfun,REPEAT
2026-04-09T21:36:57.380Z,EG7XoDFvtRocfZAKUeTFJTqrfqoz2SnDZWwHDi7Npump,Epic,Epic,solana,0.000004026,,1024,65536,65536,,4096,4096,,,16,24,1775759358000,pumpfun,REPEAT
2026-04-09T21:36:57.380Z,2Ucsy2X6LadN8Q49naQ7pKiC1nuAYtnwnrHGEeFKpump,WATP,WATP COIN,solana,0.000002980,,,2048,2048,,4096,4096,,,,,1775059894000,pumpfun,REPEAT
2026-04-09T21:36:57.380Z,5552z6Qp2xr596ox1UVN4ppDwwyjCfY8cXwzHMXgMcaS,MOLTING,Molting,solana,0.0009106,512,16384,65536,131072,65536,1048576,1048576,9,3,90,88,1769857955000,orca,REPEAT
2026-04-09T21:36:57.380Z,2LsescRjhcxoUwEQLpcsd3Gh6AHUyqEHANDakkoSpump,IRYNA,Justice for Iryna,solana,0.0001307,64,512,32768,65536,65536,131072,131072,1,1,7,11,1757156435000,pumpswap,REPEAT
2026-04-09T21:36:57.380Z,GHpK2bcd2eheHvwd51F671RYqmiSX4bGvCtuPNLJpump,FWEG,FWEG,solana,0.0001047,8192,65536,262144,262144,32768,131072,131072,117,102,1095,821,1775757593000,pumpswap,REPEAT
2026-04-09T21:36:57.380Z,DLL963ppvxosnfCn3JczxQchybks5pFKu6K3nvLspump,Tittypress,Hydraulic Tittypress,solana,0.000007229,512,8192,131072,131072,8192,8192,8192,13,8,172,150,1775760220000,pumpswap,REPEAT
2026-04-09T21:36:57.380Z,7o1chhM3YW9EJsW7vZR4xRsPsinz5nm1iMtHYe9kpump,Tilly G,Tilly G,solana,0.0001102,16384,262144,1048576,1048576,32768,131072,131072,145,100,2088,1318,1775756625000,pumpswap,REPEAT
2026-04-09T21:36:57.380Z,GHpK2bcd2eheHvwd51F671RYqmiSX4bGvCtuPNLJpump,FWEG,FWEG,solana,0.0001047,8192,65536,262144,262144,32768,131072,131072,117,102,1095,821,1775757593000,pumpswap,REPEAT
2026-04-09T21:36:57.380Z,2Qp8zANZK7pjxNTDZh7EqLVG4MpvGty1hvHDTXaiBAGS,ONBOARD,ONBOARD,solana,0.00002507,,,,,4,32768,32768,,,,,1775762426000,meteora,REPEAT
2026-04-09T21:36:57.380Z,QT5pHWLS4DNe2s1PZDLWEjKn4rDXNqnk9D7AWe57cap,CAP,CapCat,solana,0.000006685,256,2048,262144,262144,8192,8192,8192,76,26,1039,362,1775757287000,pumpswap,REPEAT
2026-04-09T21:36:57.380Z,8u8g93eEuXpe2SsUFAHGdr94irDLATpafjVipAMbpump,AZKi,AZKi,solana,0.000001869,,512,524288,524288,4096,2048,2048,,,13,12,1775755985000,pumpswap,REPEAT
2026-04-09T21:41:57.379Z,65AhQVGatKKr2wYMcKB7DLbyzZrvALtEA5ZcHuacpump,MMIWG2S,MMIWG2SLGBTQQIA+,solana,0.0001501,4096,65536,262144,1048576,32768,131072,131072,33,29,722,551,1775699055000,pumpswap,REPEAT
2026-04-09T21:41:57.379Z,65AhQVGatKKr2wYMcKB7DLbyzZrvALtEA5ZcHuacpump,MMIWG2S,MMIWG2SLGBTQQIA+,solana,0.0001501,4096,65536,262144,1048576,32768,131072,131072,33,29,722,551,1775699055000,pumpswap,REPEAT
2026-04-09T21:41:57.379Z,tNCAMwnoRXoPyyoonuea5X1HHvfTTgHUsK16cBupump,LOLFART,LOL Fart,solana,0.000003031,16,1048576,1048576,1048576,4096,4096,4096,2,2,5680,4958,1775767494000,pumpswap,REPEAT
2026-04-09T21:41:57.379Z,Huh3G975pLP3WTXKDnsaCTu7enAoFsHMFJCbFLeNpump,FOMO,FOMO,solana,0.0004085,4,512,8192,16384,65536,262144,262144,1,,14,2,1772016102000,pumpswap,REPEAT
2026-04-09T21:41:57.379Z,4HuQ3J9JLMNUTQ5ybh9ja3E4Pu78jv52FfeNNgzPpump,IRyS,IRyS,solana,0.0001246,32768,524288,524288,524288,32768,131072,131072,258,182,10754,2349,1775766499000,pumpswap,REPEAT
2026-04-09T21:41:57.379Z,AThx9qd79fndAR9A48wd4pqhZSDqre78Gj67QcUgpump,Upril,Upril,solana,0.00001066,512,8192,32768,32768,,8192,8192,11,4,901,842,1775764768000,pumpfun,REPEAT
2026-04-09T21:41:57.379Z,9SeCSdbPzz95KomGUGEV9Shn2zGXNmMJhE9J72Hipump,Iroha,イロハ,solana,0.001477,4096,65536,524288,2097152,131072,1048576,1048576,25,27,470,500,1775525060000,pumpswap,REPEAT
2026-04-09T21:41:57.379Z,2dcZKtCoJKABSNxfuTZ3Q25Lz3bdiKnYBC7U5ydUpump,UNIQORN,1B waitnig room,solana,0.000002817,2,32768,131072,131072,4096,2048,2048,,1,438,812,1775763825000,pumpswap,REPEAT
2026-04-09T21:41:57.379Z,Cin7FJ8fHksui69umL8yE7dCjVRTMT1PVCiU3CTXpump,QSB,Quantum-Safe Bitcoin,solana,0.000004256,128,8192,65536,65536,,4096,4096,4,2,150,112,1775765423000,pumpfun,REPEAT
2026-04-09T21:41:57.379Z,2TpMjYXnrgxoeVCq2i6EAR8vNWqe5MNvHCz3bENNpump,CHIBI,Chibification,solana,0.0005312,2048,8192,32768,262144,65536,524288,524288,9,15,43,84,1773913358000,pumpswap,REPEAT
2026-04-09T21:41:57.379Z,3qoH8a7chfVTV5xVRtB4dm3TwjprPRHRbCAnLCmEpump,BECK,Adom Beck,solana,0.000001800,0,2048,524288,524288,4096,2048,2048,1,,28,33,1775764155000,pumpswap,REPEAT
2026-04-09T21:41:57.379Z,Guf6w2MNAHUe2DSVVH9rFRsN5s9CDjEFxcaQKdCEpump,OILUP,Liquid Gold,solana,0.00002305,,128,4096,8192,,16384,16384,,,7,2,1775575647000,pumpfun,REPEAT
2026-04-09T21:41:57.379Z,4sgCNP7ykejUaSvaGDhkq7JYqrLKB6M1Gq2X1rxSpump,PUMPPERPS,PumpPerps,solana,0.00009370,512,1024,4096,32768,32768,131072,131072,1,3,10,9,1774753446000,pumpswap,REPEAT
2026-04-09T21:41:57.379Z,4bcNC4acj9Cp2Gvi95E3KeeUvSKhRo6xiRemFeePpump,$NERON,Neron Wake up,solana,0.000003799,,64,1024,1024,4096,4096,4096,,,3,1,1772100899000,pumpswap,REPEAT
2026-04-09T21:41:57.379Z,Cm6fNnMk7NfzStP9CZpsQA2v3jjzbcYGAxdJySmHpump,Buttcoin,Buttcoin,solana,0.009987,,32768,131072,262144,524288,8388608,8388608,,,51,165,1767965767000,pumpswap,REPEAT
2026-04-09T21:41:57.379Z,4w6L45CyceULSKv1WpAkXfNqvs8QzsXAp6hitHYMpump,Freedom250,Freedom 250,solana,0.00009443,1024,8192,32768,32768,32768,131072,131072,4,10,90,59,1775760862000,pumpswap,REPEAT
2026-04-09T21:41:57.379Z,5xNgCvoNGvczehFW75NUKCAdjjANR71qkWnimSy6pump,CRYPTO,Cryptobatrachus Boulengeri,solana,0.000007825,2048,16384,524288,524288,8192,8192,8192,33,16,258,199,1775760237000,pumpswap,REPEAT
2026-04-09T21:41:57.379Z,36LH66oxCatKUCQHnRFChR25F6pzDjBbtsTiWSkYWEqE,SDR,Strategic Defense Reserve,solana,0.001196,32,8192,65536,262144,65536,1048576,1048576,,1,362,257,1775673065000,meteora,REPEAT
2026-04-09T21:41:57.379Z,98t9PEJF5QvAdGhu3MuQ2ww57NkRV1Rg7evSZNFxpump,$BABYTAN,BabyTan,solana,0.000008837,,512,2048,16384,,8192,8192,,,2,5,1775571529000,pumpfun,REPEAT
2026-04-09T21:41:57.379Z,EG7XoDFvtRocfZAKUeTFJTqrfqoz2SnDZWwHDi7Npump,Epic,Epic,solana,0.000004026,,1024,65536,65536,,4096,4096,,,13,23,1775759358000,pumpfun,REPEAT
2026-04-09T21:41:57.379Z,2Ucsy2X6LadN8Q49naQ7pKiC1nuAYtnwnrHGEeFKpump,WATP,WATP COIN,solana,0.000002980,,,2048,2048,,4096,4096,,,,,1775059894000,pumpfun,REPEAT
2026-04-09T21:41:57.379Z,5552z6Qp2xr596ox1UVN4ppDwwyjCfY8cXwzHMXgMcaS,MOLTING,Molting,solana,0.0008868,1024,16384,65536,131072,65536,1048576,1048576,6,9,86,92,1769857955000,orca,REPEAT
2026-04-09T21:41:57.379Z,2LsescRjhcxoUwEQLpcsd3Gh6AHUyqEHANDakkoSpump,IRYNA,Justice for Iryna,solana,0.0001307,8,512,32768,65536,65536,131072,131072,1,,8,10,1757156435000,pumpswap,REPEAT
2026-04-09T21:41:57.379Z,GHpK2bcd2eheHvwd51F671RYqmiSX4bGvCtuPNLJpump,FWEG,FWEG,solana,0.0001101,4096,65536,262144,262144,32768,131072,131072,79,82,1138,889,1775757593000,pumpswap,REPEAT
2026-04-09T21:41:57.379Z,DLL963ppvxosnfCn3JczxQchybks5pFKu6K3nvLspump,Tittypress,Hydraulic Tittypress,solana,0.000007213,64,8192,131072,131072,8192,8192,8192,1,4,161,149,1775760220000,pumpswap,REPEAT
2026-04-09T21:41:57.379Z,7o1chhM3YW9EJsW7vZR4xRsPsinz5nm1iMtHYe9kpump,Tilly G,Tilly G,solana,0.0001047,16384,262144,1048576,1048576,32768,131072,131072,169,118,2114,1342,1775756625000,pumpswap,REPEAT
2026-04-09T21:41:57.379Z,GHpK2bcd2eheHvwd51F671RYqmiSX4bGvCtuPNLJpump,FWEG,FWEG,solana,0.0001101,4096,65536,262144,262144,32768,131072,131072,79,82,1138,889,1775757593000,pumpswap,REPEAT
2026-04-09T21:41:57.379Z,2Qp8zANZK7pjxNTDZh7EqLVG4MpvGty1hvHDTXaiBAGS,ONBOARD,ONBOARD,solana,0.00002507,,,,,4,32768,32768,,,,,1775762426000,meteora,REPEAT
2026-04-09T21:41:57.379Z,QT5pHWLS4DNe2s1PZDLWEjKn4rDXNqnk9D7AWe57cap,CAP,CapCat,solana,0.000006376,128,2048,262144,262144,8192,8192,8192,73,26,1041,365,1775757287000,pumpswap,REPEAT
2026-04-09T21:41:57.379Z,8u8g93eEuXpe2SsUFAHGdr94irDLATpafjVipAMbpump,AZKi,AZKi,solana,0.000001869,,512,524288,524288,4096,2048,2048,,,4,10,1775755985000,pumpswap,REPEAT
2026-04-09T21:46:57.380Z,65AhQVGatKKr2wYMcKB7DLbyzZrvALtEA5ZcHuacpump,MMIWG2S,MMIWG2SLGBTQQIA+,solana,0.0001395,8192,65536,262144,1048576,32768,131072,131072,59,43,690,552,1775699055000,pumpswap,REPEAT
2026-04-09T21:46:57.380Z,65AhQVGatKKr2wYMcKB7DLbyzZrvALtEA5ZcHuacpump,MMIWG2S,MMIWG2SLGBTQQIA+,solana,0.0001395,8192,65536,262144,1048576,32768,131072,131072,59,43,690,552,1775699055000,pumpswap,REPEAT
2026-04-09T21:46:57.380Z,tNCAMwnoRXoPyyoonuea5X1HHvfTTgHUsK16cBupump,LOLFART,LOL Fart,solana,0.000002997,16,1048576,1048576,1048576,4096,4096,4096,7,5,5023,4540,1775767494000,pumpswap,REPEAT
2026-04-09T21:46:57.380Z,Huh3G975pLP3WTXKDnsaCTu7enAoFsHMFJCbFLeNpump,FOMO,FOMO,solana,0.0004085,,512,8192,16384,65536,262144,262144,,,14,2,1772016102000,pumpswap,REPEAT
2026-04-09T21:46:57.380Z,4HuQ3J9JLMNUTQ5ybh9ja3E4Pu78jv52FfeNNgzPpump,IRyS,IRyS,solana,0.0001540,32768,524288,524288,524288,32768,131072,131072,250,153,9553,2251,1775766499000,pumpswap,REPEAT
2026-04-09T21:46:57.380Z,AThx9qd79fndAR9A48wd4pqhZSDqre78Gj67QcUgpump,Upril,Upril,solana,0.00001124,256,8192,32768,32768,,8192,8192,11,2,888,831,1775764768000,pumpfun,REPEAT
2026-04-09T21:46:57.380Z,9SeCSdbPzz95KomGUGEV9Shn2zGXNmMJhE9J72Hipump,Iroha,イロハ,solana,0.001509,4096,65536,524288,2097152,131072,2097152,2097152,12,28,446,520,1775525060000,pumpswap,REPEAT
2026-04-09T21:46:57.380Z,2dcZKtCoJKABSNxfuTZ3Q25Lz3bdiKnYBC7U5ydUpump,UNIQORN,1B waitnig room,solana,0.000002701,32,32768,131072,131072,4096,2048,2048,,3,323,708,1775763825000,pumpswap,REPEAT
2026-04-09T21:46:57.380Z,Cin7FJ8fHksui69umL8yE7dCjVRTMT1PVCiU3CTXpump,QSB,Quantum-Safe Bitcoin,solana,0.000004829,256,4096,65536,65536,,4096,4096,10,3,120,98,1775765423000,pumpfun,REPEAT
2026-04-09T21:46:57.380Z,2TpMjYXnrgxoeVCq2i6EAR8vNWqe5MNvHCz3bENNpump,CHIBI,Chibification,solana,0.0005333,2048,8192,32768,262144,65536,524288,524288,6,6,45,85,1773913358000,pumpswap,REPEAT
2026-04-09T21:46:57.380Z,3qoH8a7chfVTV5xVRtB4dm3TwjprPRHRbCAnLCmEpump,BECK,Adom Beck,solana,0.000001780,0,2048,524288,524288,4096,2048,2048,,1,26,28,1775764155000,pumpswap,REPEAT
2026-04-09T21:46:57.380Z,Guf6w2MNAHUe2DSVVH9rFRsN5s9CDjEFxcaQKdCEpump,OILUP,Liquid Gold,solana,0.00002311,2,64,4096,8192,,16384,16384,,1,6,2,1775575647000,pumpfun,REPEAT
2026-04-09T21:46:57.380Z,4sgCNP7ykejUaSvaGDhkq7JYqrLKB6M1Gq2X1rxSpump,PUMPPERPS,PumpPerps,solana,0.00009515,16,512,4096,32768,32768,131072,131072,2,3,8,10,1774753446000,pumpswap,REPEAT
2026-04-09T21:46:57.380Z,4bcNC4acj9Cp2Gvi95E3KeeUvSKhRo6xiRemFeePpump,$NERON,Neron Wake up,solana,0.000003799,,64,1024,1024,4096,4096,4096,,,3,1,1772100899000,pumpswap,REPEAT
2026-04-09T21:46:57.380Z,Cm6fNnMk7NfzStP9CZpsQA2v3jjzbcYGAxdJySmHpump,Buttcoin,Buttcoin,solana,0.01008,1024,32768,131072,262144,524288,8388608,8388608,2,6,53,169,1767965767000,pumpswap,REPEAT
2026-04-09T21:46:57.380Z,4w6L45CyceULSKv1WpAkXfNqvs8QzsXAp6hitHYMpump,Freedom250,Freedom 250,solana,0.00009366,64,4096,32768,32768,32768,131072,131072,4,1,78,53,1775760862000,pumpswap,REPEAT
2026-04-09T21:46:57.380Z,5xNgCvoNGvczehFW75NUKCAdjjANR71qkWnimSy6pump,CRYPTO,Cryptobatrachus Boulengeri,solana,0.000007964,512,16384,524288,524288,8192,8192,8192,8,4,250,185,1775760237000,pumpswap,REPEAT
2026-04-09T21:46:57.380Z,36LH66oxCatKUCQHnRFChR25F6pzDjBbtsTiWSkYWEqE,SDR,Strategic Defense Reserve,solana,0.001203,2048,16384,65536,262144,65536,1048576,1048576,79,61,388,282,1775673065000,meteora,REPEAT
2026-04-09T21:46:57.380Z,98t9PEJF5QvAdGhu3MuQ2ww57NkRV1Rg7evSZNFxpump,$BABYTAN,BabyTan,solana,0.000008870,4,512,2048,16384,,8192,8192,1,,3,5,1775571529000,pumpfun,REPEAT
2026-04-09T21:46:57.380Z,EG7XoDFvtRocfZAKUeTFJTqrfqoz2SnDZWwHDi7Npump,Epic,Epic,solana,0.000004026,,1024,65536,65536,,4096,4096,,,13,22,1775759358000,pumpfun,REPEAT
2026-04-09T21:46:57.380Z,2Ucsy2X6LadN8Q49naQ7pKiC1nuAYtnwnrHGEeFKpump,WATP,WATP COIN,solana,0.000002980,,,2048,2048,,4096,4096,,,,,1775059894000,pumpfun,REPEAT
2026-04-09T21:46:57.380Z,5552z6Qp2xr596ox1UVN4ppDwwyjCfY8cXwzHMXgMcaS,MOLTING,Molting,solana,0.0008655,128,16384,65536,131072,65536,1048576,1048576,3,2,82,81,1769857955000,orca,REPEAT
2026-04-09T21:46:57.380Z,2LsescRjhcxoUwEQLpcsd3Gh6AHUyqEHANDakkoSpump,IRYNA,Justice for Iryna,solana,0.0001312,32,512,32768,65536,65536,131072,131072,1,,9,9,1757156435000,pumpswap,REPEAT
2026-04-09T21:46:57.380Z,GHpK2bcd2eheHvwd51F671RYqmiSX4bGvCtuPNLJpump,FWEG,FWEG,solana,0.0001117,8192,65536,262144,262144,32768,131072,131072,80,83,1174,947,1775757593000,pumpswap,REPEAT
2026-04-09T21:46:57.380Z,DLL963ppvxosnfCn3JczxQchybks5pFKu6K3nvLspump,Tittypress,Hydraulic Tittypress,solana,0.000008003,128,8192,131072,131072,8192,8192,8192,6,1,164,147,1775760220000,pumpswap,REPEAT
2026-04-09T21:46:57.380Z,7o1chhM3YW9EJsW7vZR4xRsPsinz5nm1iMtHYe9kpump,Tilly G,Tilly G,solana,0.0001456,16384,262144,1048576,1048576,32768,131072,131072,224,110,2159,1338,1775756625000,pumpswap,REPEAT
2026-04-09T21:46:57.380Z,GHpK2bcd2eheHvwd51F671RYqmiSX4bGvCtuPNLJpump,FWEG,FWEG,solana,0.0001117,8192,65536,262144,262144,32768,131072,131072,80,83,1174,947,1775757593000,pumpswap,REPEAT
2026-04-09T21:46:57.380Z,2Qp8zANZK7pjxNTDZh7EqLVG4MpvGty1hvHDTXaiBAGS,ONBOARD,ONBOARD,solana,0.00002507,,,,,4,32768,32768,,,,,1775762426000,meteora,REPEAT
2026-04-09T21:46:57.380Z,QT5pHWLS4DNe2s1PZDLWEjKn4rDXNqnk9D7AWe57cap,CAP,CapCat,solana,0.000006047,128,2048,262144,262144,8192,8192,8192,74,27,1045,364,1775757287000,pumpswap,REPEAT
2026-04-09T21:46:57.380Z,8u8g93eEuXpe2SsUFAHGdr94irDLATpafjVipAMbpump,AZKi,AZKi,solana,0.000001869,,512,524288,524288,4096,2048,2048,,,4,9,1775755985000,pumpswap,REPEAT
2026-04-09T21:51:57.382Z,E1LcEbomSMMEDmvGdyG84auj9m8D26gLHXm4qSaWpump,ACTB,Act B : The Satoshi Prophecy,solana,0.0001370,131072,524288,524288,524288,32768,131072,131072,614,397,2697,1958,1775770358000,pumpswap,NEW
2026-04-09T21:51:57.382Z,65AhQVGatKKr2wYMcKB7DLbyzZrvALtEA5ZcHuacpump,MMIWG2S,MMIWG2SLGBTQQIA+,solana,0.0001311,8192,65536,262144,1048576,32768,131072,131072,88,41,718,547,1775699055000,pumpswap,REPEAT
2026-04-09T21:51:57.382Z,65AhQVGatKKr2wYMcKB7DLbyzZrvALtEA5ZcHuacpump,MMIWG2S,MMIWG2SLGBTQQIA+,solana,0.0001311,8192,65536,262144,1048576,32768,131072,131072,88,41,718,547,1775699055000,pumpswap,REPEAT
2026-04-09T21:51:57.382Z,tNCAMwnoRXoPyyoonuea5X1HHvfTTgHUsK16cBupump,LOLFART,LOL Fart,solana,0.000002826,128,524288,1048576,1048576,4096,2048,2048,5,8,3711,3526,1775767494000,pumpswap,REPEAT
2026-04-09T21:51:57.382Z,Huh3G975pLP3WTXKDnsaCTu7enAoFsHMFJCbFLeNpump,FOMO,FOMO,solana,0.0004652,8192,8192,16384,16384,65536,262144,262144,16,11,24,13,1772016102000,pumpswap,REPEAT
2026-04-09T21:51:57.382Z,4HuQ3J9JLMNUTQ5ybh9ja3E4Pu78jv52FfeNNgzPpump,IRyS,IRyS,solana,0.0001750,32768,524288,524288,524288,32768,131072,131072,291,162,8422,2249,1775766499000,pumpswap,REPEAT
2026-04-09T21:51:57.382Z,AThx9qd79fndAR9A48wd4pqhZSDqre78Gj67QcUgpump,Upril,Upril,solana,0.00001125,32,4096,32768,32768,,8192,8192,6,1,864,817,1775764768000,pumpfun,REPEAT
2026-04-09T21:51:57.382Z,9SeCSdbPzz95KomGUGEV9Shn2zGXNmMJhE9J72Hipump,Iroha,イロハ,solana,0.001509,2048,65536,524288,2097152,131072,2097152,2097152,21,14,418,509,1775525060000,pumpswap,REPEAT
2026-04-09T21:51:57.382Z,2dcZKtCoJKABSNxfuTZ3Q25Lz3bdiKnYBC7U5ydUpump,UNIQORN,1B waitnig room,solana,0.000002551,64,32768,131072,131072,4096,2048,2048,1,3,230,621,1775763825000,pumpswap,REPEAT
2026-04-09T21:51:57.382Z,Cin7FJ8fHksui69umL8yE7dCjVRTMT1PVCiU3CTXpump,QSB,Quantum-Safe Bitcoin,solana,0.000004554,512,4096,65536,65536,,4096,4096,6,6,92,91,1775765423000,pumpfun,REPEAT
2026-04-09T21:51:57.382Z,2TpMjYXnrgxoeVCq2i6EAR8vNWqe5MNvHCz3bENNpump,CHIBI,Chibification,solana,0.0005291,1024,16384,32768,262144,65536,524288,524288,1,8,45,91,1773913358000,pumpswap,REPEAT
2026-04-09T21:51:57.382Z,3qoH8a7chfVTV5xVRtB4dm3TwjprPRHRbCAnLCmEpump,BECK,Adom Beck,solana,0.000001780,0,2048,524288,524288,4096,2048,2048,,1,25,25,1775764155000,pumpswap,REPEAT
2026-04-09T21:51:57.382Z,Guf6w2MNAHUe2DSVVH9rFRsN5s9CDjEFxcaQKdCEpump,OILUP,Liquid Gold,solana,0.00002334,32,64,4096,8192,,32768,32768,1,,5,1,1775575647000,pumpfun,REPEAT
2026-04-09T21:51:57.382Z,4sgCNP7ykejUaSvaGDhkq7JYqrLKB6M1Gq2X1rxSpump,PUMPPERPS,PumpPerps,solana,0.00009500,32,512,4096,32768,32768,131072,131072,5,4,15,14,1774753446000,pumpswap,REPEAT
2026-04-09T21:51:57.382Z,4bcNC4acj9Cp2Gvi95E3KeeUvSKhRo6xiRemFeePpump,$NERON,Neron Wake up,solana,0.000003758,0,1,1024,1024,4096,4096,4096,,1,2,1,1772100899000,pumpswap,REPEAT
2026-04-09T21:51:57.382Z,Cm6fNnMk7NfzStP9CZpsQA2v3jjzbcYGAxdJySmHpump,Buttcoin,Buttcoin,solana,0.01012,128,32768,131072,262144,524288,8388608,8388608,3,1,54,148,1767965767000,pumpswap,REPEAT
2026-04-09T21:51:57.382Z,4w6L45CyceULSKv1WpAkXfNqvs8QzsXAp6hitHYMpump,Freedom250,Freedom 250,solana,0.00009280,64,4096,32768,32768,32768,131072,131072,2,3,67,47,1775760862000,pumpswap,REPEAT
2026-04-09T21:51:57.382Z,5xNgCvoNGvczehFW75NUKCAdjjANR71qkWnimSy6pump,CRYPTO,Cryptobatrachus Boulengeri,solana,0.000007519,512,16384,524288,524288,8192,8192,8192,6,8,243,183,1775760237000,pumpswap,REPEAT
2026-04-09T21:51:57.382Z,36LH66oxCatKUCQHnRFChR25F6pzDjBbtsTiWSkYWEqE,SDR,Strategic Defense Reserve,solana,0.001204,1024,8192,65536,262144,65536,1048576,1048576,43,37,385,275,1775673065000,meteora,REPEAT
2026-04-09T21:51:57.382Z,98t9PEJF5QvAdGhu3MuQ2ww57NkRV1Rg7evSZNFxpump,$BABYTAN,BabyTan,solana,0.000008870,,512,2048,16384,,8192,8192,,,2,5,1775571529000,pumpfun,REPEAT
2026-04-09T21:51:57.382Z,EG7XoDFvtRocfZAKUeTFJTqrfqoz2SnDZWwHDi7Npump,Epic,Epic,solana,0.000004026,2,1024,65536,65536,,4096,4096,,1,12,21,1775759358000,pumpfun,REPEAT
2026-04-09T21:51:57.382Z,2Ucsy2X6LadN8Q49naQ7pKiC1nuAYtnwnrHGEeFKpump,WATP,WATP COIN,solana,0.000002980,,,2048,2048,,4096,4096,,,,,1775059894000,pumpfun,REPEAT
2026-04-09T21:51:57.382Z,5552z6Qp2xr596ox1UVN4ppDwwyjCfY8cXwzHMXgMcaS,MOLTING,Molting,solana,0.0008463,1024,16384,65536,131072,65536,1048576,1048576,11,2,85,74,1769857955000,orca,REPEAT
2026-04-09T21:51:57.382Z,2LsescRjhcxoUwEQLpcsd3Gh6AHUyqEHANDakkoSpump,IRYNA,Justice for Iryna,solana,0.0001300,128,512,32768,65536,65536,131072,131072,1,1,10,9,1757156435000,pumpswap,REPEAT
2026-04-09T21:51:57.382Z,GHpK2bcd2eheHvwd51F671RYqmiSX4bGvCtuPNLJpump,FWEG,FWEG,solana,0.00008528,8192,65536,262144,262144,16384,65536,65536,234,140,1374,1068,1775757593000,pumpswap,REPEAT
2026-04-09T21:51:57.382Z,DLL963ppvxosnfCn3JczxQchybks5pFKu6K3nvLspump,Tittypress,Hydraulic Tittypress,solana,0.000007550,128,8192,131072,131072,8192,8192,8192,,4,159,141,1775760220000,pumpswap,REPEAT
2026-04-09T21:51:57.382Z,7o1chhM3YW9EJsW7vZR4xRsPsinz5nm1iMtHYe9kpump,Tilly G,Tilly G,solana,0.0001253,16384,262144,1048576,1048576,32768,131072,131072,157,97,2188,1346,1775756625000,pumpswap,REPEAT
2026-04-09T21:51:57.382Z,GHpK2bcd2eheHvwd51F671RYqmiSX4bGvCtuPNLJpump,FWEG,FWEG,solana,0.00008528,8192,65536,262144,262144,16384,65536,65536,234,140,1374,1068,1775757593000,pumpswap,REPEAT
2026-04-09T21:51:57.382Z,2Qp8zANZK7pjxNTDZh7EqLVG4MpvGty1hvHDTXaiBAGS,ONBOARD,ONBOARD,solana,0.00002507,,,,,4,32768,32768,,,,,1775762426000,meteora,REPEAT
2026-04-09T21:51:57.382Z,QT5pHWLS4DNe2s1PZDLWEjKn4rDXNqnk9D7AWe57cap,CAP,CapCat,solana,0.000006029,8,2048,262144,262144,8192,8192,8192,71,25,1037,361,1775757287000,pumpswap,REPEAT
2026-04-09T21:56:57.381Z,FGGPS8iF8DMu2NYWr7nqx83TxXPBSNLciupEVYtqpump,boomer,boomer,solana,0.00001435,1024,65536,65536,65536,,16384,16384,21,23,1639,3436,1775769600000,pumpfun,NEW
2026-04-09T21:56:57.381Z,E1LcEbomSMMEDmvGdyG84auj9m8D26gLHXm4qSaWpump,ACTB,Act B : The Satoshi Prophecy,solana,0.0002134,65536,524288,524288,524288,32768,262144,262144,482,430,3211,2430,1775770358000,pumpswap,REPEAT
2026-04-09T21:56:57.381Z,65AhQVGatKKr2wYMcKB7DLbyzZrvALtEA5ZcHuacpump,MMIWG2S,MMIWG2SLGBTQQIA+,solana,0.0001272,2048,65536,262144,1048576,32768,131072,131072,21,23,714,547,1775699055000,pumpswap,REPEAT
2026-04-09T21:56:57.381Z,65AhQVGatKKr2wYMcKB7DLbyzZrvALtEA5ZcHuacpump,MMIWG2S,MMIWG2SLGBTQQIA+,solana,0.0001272,2048,65536,262144,1048576,32768,131072,131072,21,23,714,547,1775699055000,pumpswap,REPEAT
2026-04-09T21:56:57.381Z,tNCAMwnoRXoPyyoonuea5X1HHvfTTgHUsK16cBupump,LOLFART,LOL Fart,solana,0.000002671,128,524288,1048576,1048576,4096,2048,2048,4,9,2925,2867,1775767494000,pumpswap,REPEAT
2026-04-09T21:56:57.381Z,Huh3G975pLP3WTXKDnsaCTu7enAoFsHMFJCbFLeNpump,FOMO,FOMO,solana,0.0004575,128,8192,16384,16384,65536,262144,262144,,2,23,14,1772016102000,pumpswap,REPEAT
2026-04-09T21:56:57.381Z,4HuQ3J9JLMNUTQ5ybh9ja3E4Pu78jv52FfeNNgzPpump,IRyS,IRyS,solana,0.0001410,32768,524288,524288,524288,32768,131072,131072,239,168,6860,2227,1775766499000,pumpswap,REPEAT
2026-04-09T21:56:57.381Z,AThx9qd79fndAR9A48wd4pqhZSDqre78Gj67QcUgpump,Upril,Upril,solana,0.00001124,,4096,32768,32768,,8192,8192,,,844,809,1775764768000,pumpfun,REPEAT
2026-04-09T21:56:57.381Z,9SeCSdbPzz95KomGUGEV9Shn2zGXNmMJhE9J72Hipump,Iroha,イロハ,solana,0.001443,4096,65536,524288,2097152,131072,1048576,1048576,24,9,412,491,1775525060000,pumpswap,REPEAT
2026-04-09T21:56:57.381Z,2dcZKtCoJKABSNxfuTZ3Q25Lz3bdiKnYBC7U5ydUpump,UNIQORN,1B waitnig room,solana,0.000002482,64,16384,131072,131072,4096,2048,2048,,1,129,551,1775763825000,pumpswap,REPEAT
2026-04-09T21:56:57.381Z,Cin7FJ8fHksui69umL8yE7dCjVRTMT1PVCiU3CTXpump,QSB,Quantum-Safe Bitcoin,solana,0.000004576,512,4096,65536,65536,,4096,4096,5,5,77,71,1775765423000,pumpfun,REPEAT
2026-04-09T21:56:57.381Z,2TpMjYXnrgxoeVCq2i6EAR8vNWqe5MNvHCz3bENNpump,CHIBI,Chibification,solana,0.0005216,512,16384,32768,262144,65536,524288,524288,4,4,49,95,1773913358000,pumpswap,REPEAT
2026-04-09T21:56:57.381Z,3qoH8a7chfVTV5xVRtB4dm3TwjprPRHRbCAnLCmEpump,BECK,Adom Beck,solana,0.000001779,0,2048,524288,524288,4096,2048,2048,,2,23,22,1775764155000,pumpswap,REPEAT
2026-04-09T21:56:57.381Z,Guf6w2MNAHUe2DSVVH9rFRsN5s9CDjEFxcaQKdCEpump,OILUP,Liquid Gold,solana,0.00002334,32,64,4096,8192,,32768,32768,1,,2,1,1775575647000,pumpfun,REPEAT
2026-04-09T21:56:57.381Z,4sgCNP7ykejUaSvaGDhkq7JYqrLKB6M1Gq2X1rxSpump,PUMPPERPS,PumpPerps,solana,0.00009500,,512,4096,32768,32768,131072,131072,,,14,14,1774753446000,pumpswap,REPEAT
2026-04-09T21:56:57.381Z,4bcNC4acj9Cp2Gvi95E3KeeUvSKhRo6xiRemFeePpump,$NERON,Neron Wake up,solana,0.000003758,,1,1024,1024,4096,4096,4096,,,2,1,1772100899000,pumpswap,REPEAT
2026-04-09T21:56:57.381Z,Cm6fNnMk7NfzStP9CZpsQA2v3jjzbcYGAxdJySmHpump,Buttcoin,Buttcoin,solana,0.01006,0,32768,131072,262144,524288,8388608,8388608,,1,53,138,1767965767000,pumpswap,REPEAT
2026-04-09T21:56:57.381Z,4w6L45CyceULSKv1WpAkXfNqvs8QzsXAp6hitHYMpump,Freedom250,Freedom 250,solana,0.00009433,32,4096,32768,32768,32768,131072,131072,1,,62,43,1775760862000,pumpswap,REPEAT
2026-04-09T21:56:57.381Z,5xNgCvoNGvczehFW75NUKCAdjjANR71qkWnimSy6pump,CRYPTO,Cryptobatrachus Boulengeri,solana,0.000007335,32,16384,524288,524288,8192,8192,8192,2,6,229,174,1775760237000,pumpswap,REPEAT
2026-04-09T21:56:57.381Z,36LH66oxCatKUCQHnRFChR25F6pzDjBbtsTiWSkYWEqE,SDR,Strategic Defense Reserve,solana,0.001196,1024,8192,65536,262144,65536,1048576,1048576,38,11,369,250,1775673065000,meteora,REPEAT
2026-04-09T21:56:57.381Z,98t9PEJF5QvAdGhu3MuQ2ww57NkRV1Rg7evSZNFxpump,$BABYTAN,BabyTan,solana,0.000008870,,256,2048,16384,,8192,8192,,,2,4,1775571529000,pumpfun,REPEAT
2026-04-09T21:56:57.381Z,EG7XoDFvtRocfZAKUeTFJTqrfqoz2SnDZWwHDi7Npump,Epic,Epic,solana,0.000004026,,1024,65536,65536,,4096,4096,,,12,20,1775759358000,pumpfun,REPEAT
2026-04-09T21:56:57.381Z,2Ucsy2X6LadN8Q49naQ7pKiC1nuAYtnwnrHGEeFKpump,WATP,WATP COIN,solana,0.000002980,,,2048,2048,,4096,4096,,,,,1775059894000,pumpfun,REPEAT
2026-04-09T21:56:57.381Z,5552z6Qp2xr596ox1UVN4ppDwwyjCfY8cXwzHMXgMcaS,MOLTING,Molting,solana,0.0008264,256,8192,65536,131072,65536,1048576,1048576,3,3,74,71,1769857955000,orca,REPEAT
2026-04-09T21:56:57.381Z,2LsescRjhcxoUwEQLpcsd3Gh6AHUyqEHANDakkoSpump,IRYNA,Justice for Iryna,solana,0.0001185,2048,2048,32768,65536,65536,131072,131072,8,2,14,11,1757156435000,pumpswap,REPEAT
2026-04-09T21:56:57.381Z,GHpK2bcd2eheHvwd51F671RYqmiSX4bGvCtuPNLJpump,FWEG,FWEG,solana,0.00008984,4096,65536,262144,262144,32768,65536,65536,235,83,1638,1170,1775757593000,pumpswap,REPEAT
2026-04-09T21:56:57.381Z,DLL963ppvxosnfCn3JczxQchybks5pFKu6K3nvLspump,Tittypress,Hydraulic Tittypress,solana,0.000007643,64,8192,131072,131072,8192,8192,8192,1,1,134,120,1775760220000,pumpswap,REPEAT
2026-04-09T21:56:57.381Z,7o1chhM3YW9EJsW7vZR4xRsPsinz5nm1iMtHYe9kpump,Tilly G,Tilly G,solana,0.0001294,16384,262144,1048576,1048576,32768,131072,131072,164,104,2213,1366,1775756625000,pumpswap,REPEAT
2026-04-09T21:56:57.381Z,GHpK2bcd2eheHvwd51F671RYqmiSX4bGvCtuPNLJpump,FWEG,FWEG,solana,0.00008984,4096,65536,262144,262144,32768,65536,65536,235,83,1638,1170,1775757593000,pumpswap,REPEAT
2026-04-09T21:56:57.381Z,2Qp8zANZK7pjxNTDZh7EqLVG4MpvGty1hvHDTXaiBAGS,ONBOARD,ONBOARD,solana,0.00002507,,,,,4,32768,32768,,,,,1775762426000,meteora,REPEAT
2026-04-09T22:01:57.382Z,Drfv7jnfTXpEMuppzBZnBxpSyfpTWUqeTqMhoGfzpump,PEPE,PEPE,solana,0.0001465,1024,16384,131072,524288,32768,131072,131072,156,53,1180,444,1775163619000,pumpswap,NEW
2026-04-09T22:01:57.382Z,FGGPS8iF8DMu2NYWr7nqx83TxXPBSNLciupEVYtqpump,boomer,boomer,solana,0.00001682,1024,65536,65536,65536,,16384,16384,18,4,1657,3441,1775769600000,pumpfun,REPEAT
2026-04-09T22:01:57.382Z,E1LcEbomSMMEDmvGdyG84auj9m8D26gLHXm4qSaWpump,ACTB,Act B : The Satoshi Prophecy,solana,0.0001987,65536,524288,524288,524288,32768,262144,262144,512,310,3790,2777,1775770358000,pumpswap,REPEAT
2026-04-09T22:01:57.382Z,65AhQVGatKKr2wYMcKB7DLbyzZrvALtEA5ZcHuacpump,MMIWG2S,MMIWG2SLGBTQQIA+,solana,0.0001324,2048,65536,262144,1048576,32768,131072,131072,20,29,713,559,1775699055000,pumpswap,REPEAT
2026-04-09T22:01:57.382Z,65AhQVGatKKr2wYMcKB7DLbyzZrvALtEA5ZcHuacpump,MMIWG2S,MMIWG2SLGBTQQIA+,solana,0.0001324,2048,65536,262144,1048576,32768,131072,131072,20,29,713,559,1775699055000,pumpswap,REPEAT
2026-04-09T22:01:57.382Z,tNCAMwnoRXoPyyoonuea5X1HHvfTTgHUsK16cBupump,LOLFART,LOL Fart,solana,0.000002370,128,524288,1048576,1048576,4096,2048,2048,1,3,2117,2281,1775767494000,pumpswap,REPEAT
2026-04-09T22:01:57.382Z,Huh3G975pLP3WTXKDnsaCTu7enAoFsHMFJCbFLeNpump,FOMO,FOMO,solana,0.0004541,64,8192,16384,16384,65536,262144,262144,,1,23,15,1772016102000,pumpswap,REPEAT
2026-04-09T22:01:57.382Z,4HuQ3J9JLMNUTQ5ybh9ja3E4Pu78jv52FfeNNgzPpump,IRyS,IRyS,solana,0.0001323,32768,524288,524288,524288,32768,131072,131072,267,171,5637,2219,1775766499000,pumpswap,REPEAT
2026-04-09T22:01:57.382Z,AThx9qd79fndAR9A48wd4pqhZSDqre78Gj67QcUgpump,Upril,Upril,solana,0.00001118,128,4096,32768,32768,,8192,8192,10,2,849,810,1775764768000,pumpfun,REPEAT
2026-04-09T22:01:57.382Z,9SeCSdbPzz95KomGUGEV9Shn2zGXNmMJhE9J72Hipump,Iroha,イロハ,solana,0.001414,4096,65536,524288,2097152,131072,1048576,1048576,31,16,427,481,1775525060000,pumpswap,REPEAT
2026-04-09T22:01:57.382Z,2dcZKtCoJKABSNxfuTZ3Q25Lz3bdiKnYBC7U5ydUpump,UNIQORN,1B waitnig room,solana,0.000002459,16,2048,131072,131072,4096,2048,2048,1,,49,357,1775763825000,pumpswap,REPEAT
2026-04-09T22:01:57.382Z,Cin7FJ8fHksui69umL8yE7dCjVRTMT1PVCiU3CTXpump,QSB,Quantum-Safe Bitcoin,solana,0.000004074,512,4096,65536,65536,,4096,4096,2,1,61,69,1775765423000,pumpfun,REPEAT
2026-04-09T22:01:57.382Z,2TpMjYXnrgxoeVCq2i6EAR8vNWqe5MNvHCz3bENNpump,CHIBI,Chibification,solana,0.0005154,1024,16384,32768,262144,65536,524288,524288,6,4,52,94,1773913358000,pumpswap,REPEAT
2026-04-09T22:01:57.382Z,3qoH8a7chfVTV5xVRtB4dm3TwjprPRHRbCAnLCmEpump,BECK,Adom Beck,solana,0.000001779,,2048,524288,524288,4096,2048,2048,,,22,20,1775764155000,pumpswap,REPEAT
2026-04-09T22:01:57.382Z,Guf6w2MNAHUe2DSVVH9rFRsN5s9CDjEFxcaQKdCEpump,OILUP,Liquid Gold,solana,0.00002330,2,64,4096,8192,,32768,32768,,1,1,2,1775575647000,pumpfun,REPEAT
2026-04-09T22:01:57.382Z,4sgCNP7ykejUaSvaGDhkq7JYqrLKB6M1Gq2X1rxSpump,PUMPPERPS,PumpPerps,solana,0.00009500,,512,4096,32768,32768,131072,131072,,,14,14,1774753446000,pumpswap,REPEAT
2026-04-09T22:01:57.382Z,4bcNC4acj9Cp2Gvi95E3KeeUvSKhRo6xiRemFeePpump,$NERON,Neron Wake up,solana,0.000003758,,0,1024,1024,4096,4096,4096,,,,1,1772100899000,pumpswap,REPEAT
2026-04-09T22:01:57.382Z,Cm6fNnMk7NfzStP9CZpsQA2v3jjzbcYGAxdJySmHpump,Buttcoin,Buttcoin,solana,0.01013,256,16384,131072,262144,524288,8388608,8388608,3,,42,131,1767965767000,pumpswap,REPEAT
2026-04-09T22:01:57.382Z,4w6L45CyceULSKv1WpAkXfNqvs8QzsXAp6hitHYMpump,Freedom250,Freedom 250,solana,0.00009367,256,4096,65536,65536,32768,131072,131072,3,2,64,38,1775760862000,pumpswap,REPEAT
2026-04-09T22:01:57.382Z,5xNgCvoNGvczehFW75NUKCAdjjANR71qkWnimSy6pump,CRYPTO,Cryptobatrachus Boulengeri,solana,0.000006759,512,16384,524288,524288,8192,8192,8192,17,7,223,159,1775760237000,pumpswap,REPEAT
2026-04-09T22:01:57.382Z,36LH66oxCatKUCQHnRFChR25F6pzDjBbtsTiWSkYWEqE,SDR,Strategic Defense Reserve,solana,0.001201,1024,8192,65536,262144,65536,1048576,1048576,33,30,372,256,1775673065000,meteora,REPEAT
2026-04-09T22:01:57.382Z,98t9PEJF5QvAdGhu3MuQ2ww57NkRV1Rg7evSZNFxpump,$BABYTAN,BabyTan,solana,0.000008870,,256,2048,16384,,8192,8192,,,1,2,1775571529000,pumpfun,REPEAT
2026-04-09T22:01:57.382Z,EG7XoDFvtRocfZAKUeTFJTqrfqoz2SnDZWwHDi7Npump,Epic,Epic,solana,0.000004014,1,1024,65536,65536,,4096,4096,,1,12,16,1775759358000,pumpfun,REPEAT
2026-04-09T22:01:57.382Z,2Ucsy2X6LadN8Q49naQ7pKiC1nuAYtnwnrHGEeFKpump,WATP,WATP COIN,solana,0.000002980,,,2048,2048,,4096,4096,,,,,1775059894000,pumpfun,REPEAT
2026-04-09T22:01:57.382Z,5552z6Qp2xr596ox1UVN4ppDwwyjCfY8cXwzHMXgMcaS,MOLTING,Molting,solana,0.0008370,256,8192,65536,131072,65536,1048576,1048576,2,3,64,62,1769857955000,orca,REPEAT
2026-04-09T22:01:57.382Z,2LsescRjhcxoUwEQLpcsd3Gh6AHUyqEHANDakkoSpump,IRYNA,Justice for Iryna,solana,0.0001182,32,2048,32768,65536,65536,131072,131072,3,1,16,12,1757156435000,pumpswap,REPEAT
2026-04-09T22:01:57.382Z,GHpK2bcd2eheHvwd51F671RYqmiSX4bGvCtuPNLJpump,FWEG,FWEG,solana,0.00009088,4096,65536,262144,262144,32768,65536,65536,139,63,1757,1222,1775757593000,pumpswap,REPEAT
2026-04-09T22:01:57.382Z,DLL963ppvxosnfCn3JczxQchybks5pFKu6K3nvLspump,Tittypress,Hydraulic Tittypress,solana,0.000006832,256,8192,131072,131072,8192,8192,8192,3,6,97,97,1775760220000,pumpswap,REPEAT
2026-04-09T22:01:57.382Z,7o1chhM3YW9EJsW7vZR4xRsPsinz5nm1iMtHYe9kpump,Tilly G,Tilly G,solana,0.0001173,16384,262144,1048576,1048576,32768,131072,131072,148,107,2215,1370,1775756625000,pumpswap,REPEAT
2026-04-09T22:01:57.382Z,GHpK2bcd2eheHvwd51F671RYqmiSX4bGvCtuPNLJpump,FWEG,FWEG,solana,0.00009088,4096,65536,262144,262144,32768,65536,65536,139,63,1757,1222,1775757593000,pumpswap,REPEAT
2026-04-09T22:06:57.383Z,DFPGnooMjWMttYGF2Pegmsp4Vj2VFhLyrxc5Cp1wpump,CR,Crypto Revolution ,solana,0.00003414,256,512,1024,4096,16384,32768,32768,3,1,5,2,1775619853000,pumpswap,NEW
2026-04-09T22:06:57.383Z,Drfv7jnfTXpEMuppzBZnBxpSyfpTWUqeTqMhoGfzpump,PEPE,PEPE,solana,0.0001646,2048,16384,131072,524288,32768,131072,131072,155,54,1272,475,1775163619000,pumpswap,REPEAT
2026-04-09T22:06:57.383Z,FGGPS8iF8DMu2NYWr7nqx83TxXPBSNLciupEVYtqpump,boomer,boomer,solana,0.00001531,2048,65536,65536,65536,,16384,16384,19,15,1676,3456,1775769600000,pumpfun,REPEAT
2026-04-09T22:06:57.383Z,E1LcEbomSMMEDmvGdyG84auj9m8D26gLHXm4qSaWpump,ACTB,Act B : The Satoshi Prophecy,solana,0.0001868,65536,524288,524288,524288,32768,262144,262144,496,323,4310,3122,1775770358000,pumpswap,REPEAT
2026-04-09T22:06:57.383Z,65AhQVGatKKr2wYMcKB7DLbyzZrvALtEA5ZcHuacpump,MMIWG2S,MMIWG2SLGBTQQIA+,solana,0.0001288,1024,65536,262144,1048576,32768,131072,131072,14,23,702,560,1775699055000,pumpswap,REPEAT
2026-04-09T22:06:57.383Z,65AhQVGatKKr2wYMcKB7DLbyzZrvALtEA5ZcHuacpump,MMIWG2S,MMIWG2SLGBTQQIA+,solana,0.0001288,1024,65536,262144,1048576,32768,131072,131072,14,23,702,560,1775699055000,pumpswap,REPEAT
2026-04-09T22:06:57.383Z,tNCAMwnoRXoPyyoonuea5X1HHvfTTgHUsK16cBupump,LOLFART,LOL Fart,solana,0.000002396,4,262144,1048576,1048576,4096,2048,2048,8,,1512,1872,1775767494000,pumpswap,REPEAT
2026-04-09T22:06:57.383Z,Huh3G975pLP3WTXKDnsaCTu7enAoFsHMFJCbFLeNpump,FOMO,FOMO,solana,0.0005360,4096,8192,16384,16384,65536,262144,262144,5,10,28,24,1772016102000,pumpswap,REPEAT
2026-04-09T22:06:57.383Z,4HuQ3J9JLMNUTQ5ybh9ja3E4Pu78jv52FfeNNgzPpump,IRyS,IRyS,solana,0.0001174,32768,524288,524288,524288,32768,131072,131072,224,187,4567,2198,1775766499000,pumpswap,REPEAT
2026-04-09T22:06:57.383Z,AThx9qd79fndAR9A48wd4pqhZSDqre78Gj67QcUgpump,Upril,Upril,solana,0.00001114,8,4096,32768,32768,,8192,8192,,1,842,811,1775764768000,pumpfun,REPEAT
2026-04-09T22:06:57.383Z,9SeCSdbPzz95KomGUGEV9Shn2zGXNmMJhE9J72Hipump,Iroha,イロハ,solana,0.001503,4096,65536,524288,2097152,131072,2097152,2097152,14,24,399,468,1775525060000,pumpswap,REPEAT
2026-04-09T22:06:57.383Z,2dcZKtCoJKABSNxfuTZ3Q25Lz3bdiKnYBC7U5ydUpump,UNIQORN,1B waitnig room,solana,0.000002459,,512,131072,131072,4096,2048,2048,,,21,76,1775763825000,pumpswap,REPEAT
2026-04-09T22:06:57.383Z,Cin7FJ8fHksui69umL8yE7dCjVRTMT1PVCiU3CTXpump,QSB,Quantum-Safe Bitcoin,solana,0.000004156,32,4096,65536,65536,,4096,4096,4,1,55,42,1775765423000,pumpfun,REPEAT
2026-04-09T22:06:57.383Z,2TpMjYXnrgxoeVCq2i6EAR8vNWqe5MNvHCz3bENNpump,CHIBI,Chibification,solana,0.0005432,1024,16384,65536,262144,65536,524288,524288,8,3,59,96,1773913358000,pumpswap,REPEAT
2026-04-09T22:06:57.383Z,3qoH8a7chfVTV5xVRtB4dm3TwjprPRHRbCAnLCmEpump,BECK,Adom Beck,solana,0.000001779,,2048,524288,524288,4096,2048,2048,,,22,18,1775764155000,pumpswap,REPEAT
2026-04-09T22:06:57.383Z,Guf6w2MNAHUe2DSVVH9rFRsN5s9CDjEFxcaQKdCEpump,OILUP,Liquid Gold,solana,0.00002330,,64,4096,8192,,32768,32768,,,1,2,1775575647000,pumpfun,REPEAT
2026-04-09T22:06:57.383Z,4sgCNP7ykejUaSvaGDhkq7JYqrLKB6M1Gq2X1rxSpump,PUMPPERPS,PumpPerps,solana,0.00009500,,512,4096,32768,32768,131072,131072,,,13,13,1774753446000,pumpswap,REPEAT
2026-04-09T22:06:57.383Z,4bcNC4acj9Cp2Gvi95E3KeeUvSKhRo6xiRemFeePpump,$NERON,Neron Wake up,solana,0.000003758,,0,1024,1024,4096,4096,4096,,,,1,1772100899000,pumpswap,REPEAT
2026-04-09T22:06:57.383Z,Cm6fNnMk7NfzStP9CZpsQA2v3jjzbcYGAxdJySmHpump,Buttcoin,Buttcoin,solana,0.01012,512,16384,131072,262144,524288,8388608,8388608,3,1,41,112,1767965767000,pumpswap,REPEAT
2026-04-09T22:06:57.383Z,4w6L45CyceULSKv1WpAkXfNqvs8QzsXAp6hitHYMpump,Freedom250,Freedom 250,solana,0.0001029,1024,4096,65536,65536,32768,131072,131072,15,6,76,40,1775760862000,pumpswap,REPEAT
2026-04-09T22:06:57.383Z,5xNgCvoNGvczehFW75NUKCAdjjANR71qkWnimSy6pump,CRYPTO,Cryptobatrachus Boulengeri,solana,0.000006404,64,8192,524288,524288,8192,8192,8192,1,4,197,147,1775760237000,pumpswap,REPEAT
2026-04-09T22:06:57.383Z,36LH66oxCatKUCQHnRFChR25F6pzDjBbtsTiWSkYWEqE,SDR,Strategic Defense Reserve,solana,0.001216,2048,8192,65536,262144,65536,1048576,1048576,60,46,429,308,1775673065000,meteora,REPEAT
2026-04-09T22:06:57.383Z,98t9PEJF5QvAdGhu3MuQ2ww57NkRV1Rg7evSZNFxpump,$BABYTAN,BabyTan,solana,0.000008159,256,512,2048,16384,,8192,8192,,1,1,3,1775571529000,pumpfun,REPEAT
2026-04-09T22:06:57.383Z,EG7XoDFvtRocfZAKUeTFJTqrfqoz2SnDZWwHDi7Npump,Epic,Epic,solana,0.000004011,0,1024,65536,65536,,4096,4096,,1,12,15,1775759358000,pumpfun,REPEAT
2026-04-09T22:06:57.383Z,2Ucsy2X6LadN8Q49naQ7pKiC1nuAYtnwnrHGEeFKpump,WATP,WATP COIN,solana,0.000002980,,,2048,2048,,4096,4096,,,,,1775059894000,pumpfun,REPEAT
2026-04-09T22:06:57.383Z,5552z6Qp2xr596ox1UVN4ppDwwyjCfY8cXwzHMXgMcaS,MOLTING,Molting,solana,0.0008470,256,8192,65536,131072,65536,1048576,1048576,4,,66,56,1769857955000,orca,REPEAT
2026-04-09T22:06:57.383Z,2LsescRjhcxoUwEQLpcsd3Gh6AHUyqEHANDakkoSpump,IRYNA,Justice for Iryna,solana,0.0001197,4,2048,32768,65536,65536,131072,131072,1,,16,10,1757156435000,pumpswap,REPEAT
2026-04-09T22:06:57.383Z,GHpK2bcd2eheHvwd51F671RYqmiSX4bGvCtuPNLJpump,FWEG,FWEG,solana,0.00009759,4096,65536,262144,262144,32768,131072,131072,115,78,1832,1289,1775757593000,pumpswap,REPEAT
2026-04-09T22:06:57.383Z,DLL963ppvxosnfCn3JczxQchybks5pFKu6K3nvLspump,Tittypress,Hydraulic Tittypress,solana,0.000007385,128,4096,131072,131072,8192,8192,8192,5,1,92,84,1775760220000,pumpswap,REPEAT
2026-04-09T22:06:57.383Z,7o1chhM3YW9EJsW7vZR4xRsPsinz5nm1iMtHYe9kpump,Tilly G,Tilly G,solana,0.0001071,16384,262144,1048576,1048576,32768,131072,131072,163,104,2210,1366,1775756625000,pumpswap,REPEAT
2026-04-09T22:11:57.384Z,CZEd2GHTe5s8iJsw4VVbnmvmwuUhZC3t6WHqhtCZpump,Kris Jenner,皇太后,solana,0.00001403,512,1024,4096,16384,8192,16384,16384,6,16,9,19,1774884164000,pumpswap,NEW
2026-04-09T22:11:57.384Z,DFPGnooMjWMttYGF2Pegmsp4Vj2VFhLyrxc5Cp1wpump,CR,Crypto Revolution ,solana,0.00003451,8,512,1024,4096,16384,32768,32768,,1,5,3,1775619853000,pumpswap,REPEAT
2026-04-09T22:11:57.384Z,Drfv7jnfTXpEMuppzBZnBxpSyfpTWUqeTqMhoGfzpump,PEPE,PEPE,solana,0.0001487,2048,16384,131072,524288,32768,131072,131072,165,71,1366,524,1775163619000,pumpswap,REPEAT
2026-04-09T22:11:57.384Z,FGGPS8iF8DMu2NYWr7nqx83TxXPBSNLciupEVYtqpump,boomer,boomer,solana,0.00001669,512,65536,65536,65536,,16384,16384,11,4,1688,3461,1775769600000,pumpfun,REPEAT
2026-04-09T22:11:57.384Z,E1LcEbomSMMEDmvGdyG84auj9m8D26gLHXm4qSaWpump,ACTB,Act B : The Satoshi Prophecy,solana,0.0001463,65536,524288,524288,524288,32768,131072,131072,460,335,4807,3486,1775770358000,pumpswap,REPEAT
2026-04-09T22:11:57.384Z,65AhQVGatKKr2wYMcKB7DLbyzZrvALtEA5ZcHuacpump,MMIWG2S,MMIWG2SLGBTQQIA+,solana,0.0001232,4096,65536,262144,1048576,32768,131072,131072,98,35,714,510,1775699055000,pumpswap,REPEAT
2026-04-09T22:11:57.384Z,65AhQVGatKKr2wYMcKB7DLbyzZrvALtEA5ZcHuacpump,MMIWG2S,MMIWG2SLGBTQQIA+,solana,0.0001232,4096,65536,262144,1048576,32768,131072,131072,98,35,714,510,1775699055000,pumpswap,REPEAT
2026-04-09T22:11:57.384Z,tNCAMwnoRXoPyyoonuea5X1HHvfTTgHUsK16cBupump,LOLFART,LOL Fart,solana,0.000002404,0,262144,1048576,1048576,4096,2048,2048,1,,1003,1453,1775767494000,pumpswap,REPEAT
2026-04-09T22:11:57.384Z,Huh3G975pLP3WTXKDnsaCTu7enAoFsHMFJCbFLeNpump,FOMO,FOMO,solana,0.0005114,1024,8192,16384,32768,65536,262144,262144,5,6,33,30,1772016102000,pumpswap,REPEAT
2026-04-09T22:11:57.384Z,4HuQ3J9JLMNUTQ5ybh9ja3E4Pu78jv52FfeNNgzPpump,IRyS,IRyS,solana,0.0001006,16384,524288,524288,524288,32768,131072,131072,189,177,3688,2230,1775766499000,pumpswap,REPEAT
2026-04-09T22:11:57.384Z,AThx9qd79fndAR9A48wd4pqhZSDqre78Gj67QcUgpump,Upril,Upril,solana,0.00001117,0,4096,32768,32768,,8192,8192,1,,838,807,1775764768000,pumpfun,REPEAT
2026-04-09T22:11:57.384Z,9SeCSdbPzz95KomGUGEV9Shn2zGXNmMJhE9J72Hipump,Iroha,イロハ,solana,0.001480,4096,65536,524288,2097152,131072,1048576,1048576,27,12,394,454,1775525060000,pumpswap,REPEAT
2026-04-09T22:11:57.384Z,2dcZKtCoJKABSNxfuTZ3Q25Lz3bdiKnYBC7U5ydUpump,UNIQORN,1B waitnig room,solana,0.000002265,128,512,131072,131072,4096,2048,2048,,1,7,69,1775763825000,pumpswap,REPEAT
2026-04-09T22:11:57.384Z,Cin7FJ8fHksui69umL8yE7dCjVRTMT1PVCiU3CTXpump,QSB,Quantum-Safe Bitcoin,solana,0.000004121,16,2048,65536,65536,,4096,4096,,1,45,37,1775765423000,pumpfun,REPEAT
2026-04-09T22:11:57.384Z,2TpMjYXnrgxoeVCq2i6EAR8vNWqe5MNvHCz3bENNpump,CHIBI,Chibification,solana,0.0005289,2048,16384,65536,262144,65536,524288,524288,19,15,78,112,1773913358000,pumpswap,REPEAT
2026-04-09T22:11:57.384Z,3qoH8a7chfVTV5xVRtB4dm3TwjprPRHRbCAnLCmEpump,BECK,Adom Beck,solana,0.000001779,,2048,524288,524288,4096,2048,2048,,,22,18,1775764155000,pumpswap,REPEAT
2026-04-09T22:11:57.384Z,Guf6w2MNAHUe2DSVVH9rFRsN5s9CDjEFxcaQKdCEpump,OILUP,Liquid Gold,solana,0.00002330,,64,4096,8192,,32768,32768,,,1,2,1775575647000,pumpfun,REPEAT
2026-04-09T22:11:57.384Z,4sgCNP7ykejUaSvaGDhkq7JYqrLKB6M1Gq2X1rxSpump,PUMPPERPS,PumpPerps,solana,0.00009500,,512,4096,32768,32768,131072,131072,,,11,11,1774753446000,pumpswap,REPEAT
2026-04-09T22:11:57.384Z,4bcNC4acj9Cp2Gvi95E3KeeUvSKhRo6xiRemFeePpump,$NERON,Neron Wake up,solana,0.000003759,1,1,1024,1024,4096,4096,4096,1,1,1,2,1772100899000,pumpswap,REPEAT
2026-04-09T22:11:57.384Z,Cm6fNnMk7NfzStP9CZpsQA2v3jjzbcYGAxdJySmHpump,Buttcoin,Buttcoin,solana,0.01019,32,16384,131072,262144,524288,8388608,8388608,2,,40,110,1767965767000,pumpswap,REPEAT
2026-04-09T22:11:57.384Z,4w6L45CyceULSKv1WpAkXfNqvs8QzsXAp6hitHYMpump,Freedom250,Freedom 250,solana,0.00009065,1024,4096,65536,65536,32768,65536,65536,13,14,87,52,1775760862000,pumpswap,REPEAT
2026-04-09T22:11:57.384Z,5xNgCvoNGvczehFW75NUKCAdjjANR71qkWnimSy6pump,CRYPTO,Cryptobatrachus Boulengeri,solana,0.000006495,64,8192,524288,524288,8192,8192,8192,2,1,173,129,1775760237000,pumpswap,REPEAT
2026-04-09T22:11:57.384Z,36LH66oxCatKUCQHnRFChR25F6pzDjBbtsTiWSkYWEqE,SDR,Strategic Defense Reserve,solana,0.001223,,8192,65536,262144,65536,1048576,1048576,,,446,320,1775673065000,meteora,REPEAT
2026-04-09T22:11:57.384Z,98t9PEJF5QvAdGhu3MuQ2ww57NkRV1Rg7evSZNFxpump,$BABYTAN,BabyTan,solana,0.000008159,,512,2048,16384,,8192,8192,,,1,2,1775571529000,pumpfun,REPEAT
2026-04-09T22:11:57.384Z,EG7XoDFvtRocfZAKUeTFJTqrfqoz2SnDZWwHDi7Npump,Epic,Epic,solana,0.000004020,16,512,65536,65536,,4096,4096,1,1,4,10,1775759358000,pumpfun,REPEAT
2026-04-09T22:11:57.384Z,2Ucsy2X6LadN8Q49naQ7pKiC1nuAYtnwnrHGEeFKpump,WATP,WATP COIN,solana,0.000002980,,,1024,2048,,4096,4096,,,,,1775059894000,pumpfun,REPEAT
2026-04-09T22:11:57.384Z,5552z6Qp2xr596ox1UVN4ppDwwyjCfY8cXwzHMXgMcaS,MOLTING,Molting,solana,0.0008309,1024,8192,65536,131072,65536,1048576,1048576,6,7,68,58,1769857955000,orca,REPEAT
2026-04-09T22:11:57.384Z,2LsescRjhcxoUwEQLpcsd3Gh6AHUyqEHANDakkoSpump,IRYNA,Justice for Iryna,solana,0.0001182,16,2048,32768,65536,65536,131072,131072,,2,16,11,1757156435000,pumpswap,REPEAT
2026-04-09T22:11:57.384Z,GHpK2bcd2eheHvwd51F671RYqmiSX4bGvCtuPNLJpump,FWEG,FWEG,solana,0.00009704,4096,65536,262144,262144,32768,131072,131072,117,59,1885,1316,1775757593000,pumpswap,REPEAT
2026-04-09T22:16:57.384Z,6DHUPxbG7evPY17zHSsmZWbc3wgQEPAdoH9KawBJvVHU,888,888,solana,0.00002083,256,512,512,512,4096,16384,16384,6,4,11,9,1716383884000,raydium,NEW
2026-04-09T22:16:57.384Z,CZEd2GHTe5s8iJsw4VVbnmvmwuUhZC3t6WHqhtCZpump,Kris Jenner,皇太后,solana,0.00001412,4,1024,4096,16384,8192,16384,16384,1,2,10,21,1774884164000,pumpswap,REPEAT
2026-04-09T22:16:57.384Z,DFPGnooMjWMttYGF2Pegmsp4Vj2VFhLyrxc5Cp1wpump,CR,Crypto Revolution ,solana,0.00003451,,512,1024,4096,16384,32768,32768,,,5,3,1775619853000,pumpswap,REPEAT
2026-04-09T22:16:57.384Z,Drfv7jnfTXpEMuppzBZnBxpSyfpTWUqeTqMhoGfzpump,PEPE,PEPE,solana,0.0001553,2048,16384,131072,524288,32768,131072,131072,177,82,1471,580,1775163619000,pumpswap,REPEAT
2026-04-09T22:16:57.384Z,FGGPS8iF8DMu2NYWr7nqx83TxXPBSNLciupEVYtqpump,boomer,boomer,solana,0.00001424,1024,65536,65536,65536,,16384,16384,7,15,1695,3476,1775769600000,pumpfun,REPEAT
2026-04-09T22:16:57.384Z,E1LcEbomSMMEDmvGdyG84auj9m8D26gLHXm4qSaWpump,ACTB,Act B : The Satoshi Prophecy,solana,0.0001162,65536,1048576,1048576,1048576,32768,131072,131072,435,319,5274,3832,1775770358000,pumpswap,REPEAT
2026-04-09T22:16:57.384Z,65AhQVGatKKr2wYMcKB7DLbyzZrvALtEA5ZcHuacpump,MMIWG2S,MMIWG2SLGBTQQIA+,solana,0.0001349,4096,65536,262144,1048576,32768,131072,131072,27,49,704,536,1775699055000,pumpswap,REPEAT
2026-04-09T22:16:57.384Z,65AhQVGatKKr2wYMcKB7DLbyzZrvALtEA5ZcHuacpump,MMIWG2S,MMIWG2SLGBTQQIA+,solana,0.0001349,4096,65536,262144,1048576,32768,131072,131072,27,49,704,536,1775699055000,pumpswap,REPEAT
2026-04-09T22:16:57.384Z,tNCAMwnoRXoPyyoonuea5X1HHvfTTgHUsK16cBupump,LOLFART,LOL Fart,solana,0.000002372,128,65536,1048576,1048576,4096,2048,2048,1,3,502,1018,1775767494000,pumpswap,REPEAT
2026-04-09T22:16:57.384Z,Huh3G975pLP3WTXKDnsaCTu7enAoFsHMFJCbFLeNpump,FOMO,FOMO,solana,0.0005114,4,8192,16384,32768,65536,262144,262144,,1,33,31,1772016102000,pumpswap,REPEAT
2026-04-09T22:16:57.384Z,4HuQ3J9JLMNUTQ5ybh9ja3E4Pu78jv52FfeNNgzPpump,IRyS,IRyS,solana,0.00009028,32768,524288,524288,524288,32768,65536,65536,218,209,3355,2242,1775766499000,pumpswap,REPEAT
2026-04-09T22:16:57.384Z,AThx9qd79fndAR9A48wd4pqhZSDqre78Gj67QcUgpump,Upril,Upril,solana,0.00001095,64,4096,32768,32768,,8192,8192,,3,756,549,1775764768000,pumpfun,REPEAT
2026-04-09T22:16:57.384Z,9SeCSdbPzz95KomGUGEV9Shn2zGXNmMJhE9J72Hipump,Iroha,イロハ,solana,0.001499,2048,65536,524288,2097152,131072,2097152,2097152,13,11,363,432,1775525060000,pumpswap,REPEAT
2026-04-09T22:16:57.384Z,2dcZKtCoJKABSNxfuTZ3Q25Lz3bdiKnYBC7U5ydUpump,UNIQORN,1B waitnig room,solana,0.000002265,,512,131072,131072,4096,2048,2048,,,3,25,1775763825000,pumpswap,REPEAT
2026-04-09T22:16:57.384Z,Cin7FJ8fHksui69umL8yE7dCjVRTMT1PVCiU3CTXpump,QSB,Quantum-Safe Bitcoin,solana,0.000004169,8,2048,65536,65536,,4096,4096,2,,40,31,1775765423000,pumpfun,REPEAT
2026-04-09T22:16:57.384Z,2TpMjYXnrgxoeVCq2i6EAR8vNWqe5MNvHCz3bENNpump,CHIBI,Chibification,solana,0.0005478,2048,16384,65536,262144,65536,524288,524288,9,11,87,118,1773913358000,pumpswap,REPEAT
2026-04-09T22:16:57.384Z,3qoH8a7chfVTV5xVRtB4dm3TwjprPRHRbCAnLCmEpump,BECK,Adom Beck,solana,0.000001779,,1024,524288,524288,4096,2048,2048,,,5,18,1775764155000,pumpswap,REPEAT
2026-04-09T22:16:57.384Z,Guf6w2MNAHUe2DSVVH9rFRsN5s9CDjEFxcaQKdCEpump,OILUP,Liquid Gold,solana,0.00002348,8,64,4096,8192,,32768,32768,1,,2,2,1775575647000,pumpfun,REPEAT
2026-04-09T22:16:57.384Z,4sgCNP7ykejUaSvaGDhkq7JYqrLKB6M1Gq2X1rxSpump,PUMPPERPS,PumpPerps,solana,0.00009562,64,512,4096,32768,32768,131072,131072,1,,12,11,1774753446000,pumpswap,REPEAT
2026-04-09T22:16:57.384Z,4bcNC4acj9Cp2Gvi95E3KeeUvSKhRo6xiRemFeePpump,$NERON,Neron Wake up,solana,0.000003759,,1,1024,1024,4096,4096,4096,,,1,2,1772100899000,pumpswap,REPEAT
2026-04-09T22:16:57.384Z,Cm6fNnMk7NfzStP9CZpsQA2v3jjzbcYGAxdJySmHpump,Buttcoin,Buttcoin,solana,0.01016,128,16384,131072,262144,524288,8388608,8388608,1,2,36,109,1767965767000,pumpswap,REPEAT
2026-04-09T22:16:57.384Z,4w6L45CyceULSKv1WpAkXfNqvs8QzsXAp6hitHYMpump,Freedom250,Freedom 250,solana,0.00008001,1024,8192,65536,65536,16384,65536,65536,8,18,88,68,1775760862000,pumpswap,REPEAT
2026-04-09T22:16:57.384Z,5xNgCvoNGvczehFW75NUKCAdjjANR71qkWnimSy6pump,CRYPTO,Cryptobatrachus Boulengeri,solana,0.000004867,256,8192,524288,524288,4096,4096,4096,10,6,181,123,1775760237000,pumpswap,REPEAT
2026-04-09T22:16:57.384Z,36LH66oxCatKUCQHnRFChR25F6pzDjBbtsTiWSkYWEqE,SDR,Strategic Defense Reserve,solana,0.001216,512,16384,65536,262144,65536,1048576,1048576,6,7,452,327,1775673065000,meteora,REPEAT
2026-04-09T22:16:57.384Z,98t9PEJF5QvAdGhu3MuQ2ww57NkRV1Rg7evSZNFxpump,$BABYTAN,BabyTan,solana,0.000008181,4,512,2048,16384,,8192,8192,,1,1,3,1775571529000,pumpfun,REPEAT
2026-04-09T22:16:57.384Z,EG7XoDFvtRocfZAKUeTFJTqrfqoz2SnDZWwHDi7Npump,Epic,Epic,solana,0.000004002,128,256,65536,65536,,4096,4096,2,3,3,11,1775759358000,pumpfun,REPEAT
2026-04-09T22:16:57.384Z,2Ucsy2X6LadN8Q49naQ7pKiC1nuAYtnwnrHGEeFKpump,WATP,WATP COIN,solana,0.000002980,,,1024,2048,,4096,4096,,,,,1775059894000,pumpfun,REPEAT
2026-04-09T22:16:57.384Z,5552z6Qp2xr596ox1UVN4ppDwwyjCfY8cXwzHMXgMcaS,MOLTING,Molting,solana,0.0008164,4,8192,65536,131072,65536,1048576,1048576,,1,64,55,1769857955000,orca,REPEAT
2026-04-09T22:16:57.384Z,2LsescRjhcxoUwEQLpcsd3Gh6AHUyqEHANDakkoSpump,IRYNA,Justice for Iryna,solana,0.0001185,8,2048,32768,65536,65536,131072,131072,,1,16,13,1757156435000,pumpswap,REPEAT
2026-04-09T22:16:57.384Z,GHpK2bcd2eheHvwd51F671RYqmiSX4bGvCtuPNLJpump,FWEG,FWEG,solana,0.00008362,2048,65536,262144,262144,16384,65536,65536,124,53,1927,1299,1775757593000,pumpswap,REPEAT
2026-04-09T22:21:57.384Z,6DHUPxbG7evPY17zHSsmZWbc3wgQEPAdoH9KawBJvVHU,888,888,solana,0.00002118,2,512,512,512,4096,16384,16384,1,,12,9,1716383884000,raydium,REPEAT
2026-04-09T22:21:57.384Z,CZEd2GHTe5s8iJsw4VVbnmvmwuUhZC3t6WHqhtCZpump,Kris Jenner,皇太后,solana,0.00001424,16,1024,4096,16384,8192,16384,16384,1,,11,21,1774884164000,pumpswap,REPEAT
2026-04-09T22:21:57.384Z,DFPGnooMjWMttYGF2Pegmsp4Vj2VFhLyrxc5Cp1wpump,CR,Crypto Revolution ,solana,0.00003538,8,512,1024,4096,16384,32768,32768,1,,6,3,1775619853000,pumpswap,REPEAT
2026-04-09T22:21:57.384Z,Drfv7jnfTXpEMuppzBZnBxpSyfpTWUqeTqMhoGfzpump,PEPE,PEPE,solana,0.0001528,2048,32768,131072,524288,32768,131072,131072,182,66,1578,618,1775163619000,pumpswap,REPEAT
2026-04-09T22:21:57.384Z,FGGPS8iF8DMu2NYWr7nqx83TxXPBSNLciupEVYtqpump,boomer,boomer,solana,0.00001430,128,65536,65536,65536,,16384,16384,9,4,1312,2842,1775769600000,pumpfun,REPEAT
2026-04-09T22:21:57.384Z,E1LcEbomSMMEDmvGdyG84auj9m8D26gLHXm4qSaWpump,ACTB,Act B : The Satoshi Prophecy,solana,0.0001385,65536,1048576,1048576,1048576,32768,131072,131072,332,231,5618,4074,1775770358000,pumpswap,REPEAT
2026-04-09T22:21:57.384Z,65AhQVGatKKr2wYMcKB7DLbyzZrvALtEA5ZcHuacpump,MMIWG2S,MMIWG2SLGBTQQIA+,solana,0.0001356,2048,65536,262144,1048576,32768,131072,131072,30,21,641,494,1775699055000,pumpswap,REPEAT
2026-04-09T22:21:57.384Z,65AhQVGatKKr2wYMcKB7DLbyzZrvALtEA5ZcHuacpump,MMIWG2S,MMIWG2SLGBTQQIA+,solana,0.0001356,2048,65536,262144,1048576,32768,131072,131072,30,21,641,494,1775699055000,pumpswap,REPEAT
2026-04-09T22:21:57.384Z,tNCAMwnoRXoPyyoonuea5X1HHvfTTgHUsK16cBupump,LOLFART,LOL Fart,solana,0.000002413,0,2048,1048576,1048576,4096,2048,2048,1,,81,107,1775767494000,pumpswap,REPEAT
2026-04-09T22:21:57.384Z,Huh3G975pLP3WTXKDnsaCTu7enAoFsHMFJCbFLeNpump,FOMO,FOMO,solana,0.0005231,8,8192,16384,32768,65536,262144,262144,1,,34,31,1772016102000,pumpswap,REPEAT
2026-04-09T22:21:57.384Z,4HuQ3J9JLMNUTQ5ybh9ja3E4Pu78jv52FfeNNgzPpump,IRyS,IRyS,solana,0.00009351,16384,262144,524288,524288,32768,131072,131072,166,125,3176,2174,1775766499000,pumpswap,REPEAT
2026-04-09T22:21:57.384Z,AThx9qd79fndAR9A48wd4pqhZSDqre78Gj67QcUgpump,Upril,Upril,solana,0.00001094,32,4096,32768,32768,,8192,8192,4,1,135,78,1775764768000,pumpfun,REPEAT
2026-04-09T22:21:57.384Z,9SeCSdbPzz95KomGUGEV9Shn2zGXNmMJhE9J72Hipump,Iroha,イロハ,solana,0.001540,4096,65536,524288,2097152,131072,2097152,2097152,27,27,334,413,1775525060000,pumpswap,REPEAT
2026-04-09T22:21:57.384Z,2dcZKtCoJKABSNxfuTZ3Q25Lz3bdiKnYBC7U5ydUpump,UNIQORN,1B waitnig room,solana,0.000002122,0,512,131072,131072,4096,2048,2048,,1,2,21,1775763825000,pumpswap,REPEAT
2026-04-09T22:21:57.384Z,Cin7FJ8fHksui69umL8yE7dCjVRTMT1PVCiU3CTXpump,QSB,Quantum-Safe Bitcoin,solana,0.000004191,1,2048,65536,65536,,4096,4096,1,,41,29,1775765423000,pumpfun,REPEAT
2026-04-09T22:21:57.384Z,2TpMjYXnrgxoeVCq2i6EAR8vNWqe5MNvHCz3bENNpump,CHIBI,Chibification,solana,0.0005616,512,16384,65536,262144,65536,524288,524288,5,4,87,117,1773913358000,pumpswap,REPEAT
2026-04-09T22:21:57.384Z,3qoH8a7chfVTV5xVRtB4dm3TwjprPRHRbCAnLCmEpump,BECK,Adom Beck,solana,0.000001779,,1,524288,524288,4096,2048,2048,,,2,7,1775764155000,pumpswap,REPEAT
2026-04-09T22:21:57.384Z,Guf6w2MNAHUe2DSVVH9rFRsN5s9CDjEFxcaQKdCEpump,OILUP,Liquid Gold,solana,0.00002359,32,64,4096,8192,,32768,32768,1,1,3,3,1775575647000,pumpfun,REPEAT
2026-04-09T22:21:57.384Z,4sgCNP7ykejUaSvaGDhkq7JYqrLKB6M1Gq2X1rxSpump,PUMPPERPS,PumpPerps,solana,0.00009562,,512,4096,32768,32768,131072,131072,,,11,11,1774753446000,pumpswap,REPEAT
2026-04-09T22:21:57.384Z,4bcNC4acj9Cp2Gvi95E3KeeUvSKhRo6xiRemFeePpump,$NERON,Neron Wake up,solana,0.000003759,,1,1024,1024,4096,4096,4096,,,1,2,1772100899000,pumpswap,REPEAT
2026-04-09T22:21:57.384Z,Cm6fNnMk7NfzStP9CZpsQA2v3jjzbcYGAxdJySmHpump,Buttcoin,Buttcoin,solana,0.01031,512,8192,131072,262144,524288,8388608,8388608,2,13,34,109,1767965767000,pumpswap,REPEAT
2026-04-09T22:21:57.384Z,4w6L45CyceULSKv1WpAkXfNqvs8QzsXAp6hitHYMpump,Freedom250,Freedom 250,solana,0.00007880,256,8192,65536,65536,16384,65536,65536,8,13,89,79,1775760862000,pumpswap,REPEAT
2026-04-09T22:21:57.384Z,5xNgCvoNGvczehFW75NUKCAdjjANR71qkWnimSy6pump,CRYPTO,Cryptobatrachus Boulengeri,solana,0.000004616,256,8192,524288,524288,4096,4096,4096,6,13,176,125,1775760237000,pumpswap,REPEAT
2026-04-09T22:21:57.384Z,36LH66oxCatKUCQHnRFChR25F6pzDjBbtsTiWSkYWEqE,SDR,Strategic Defense Reserve,solana,0.001224,512,16384,65536,262144,65536,1048576,1048576,36,30,489,357,1775673065000,meteora,REPEAT
2026-04-09T22:21:57.384Z,98t9PEJF5QvAdGhu3MuQ2ww57NkRV1Rg7evSZNFxpump,$BABYTAN,BabyTan,solana,0.000008181,,512,2048,16384,,8192,8192,,,1,3,1775571529000,pumpfun,REPEAT
2026-04-09T22:21:57.384Z,EG7XoDFvtRocfZAKUeTFJTqrfqoz2SnDZWwHDi7Npump,Epic,Epic,solana,0.000004002,,256,65536,65536,,4096,4096,,,3,10,1775759358000,pumpfun,REPEAT
2026-04-09T22:21:57.384Z,2Ucsy2X6LadN8Q49naQ7pKiC1nuAYtnwnrHGEeFKpump,WATP,WATP COIN,solana,0.000002980,,,1024,2048,,4096,4096,,,,,1775059894000,pumpfun,REPEAT
2026-04-09T22:21:57.384Z,5552z6Qp2xr596ox1UVN4ppDwwyjCfY8cXwzHMXgMcaS,MOLTING,Molting,solana,0.0007948,256,8192,65536,131072,65536,1048576,1048576,6,4,72,45,1769857955000,orca,REPEAT
2026-04-09T22:21:57.384Z,2LsescRjhcxoUwEQLpcsd3Gh6AHUyqEHANDakkoSpump,IRYNA,Justice for Iryna,solana,0.0001233,256,2048,32768,65536,65536,131072,131072,3,1,19,13,1757156435000,pumpswap,REPEAT
2026-04-09T22:21:57.384Z,GHpK2bcd2eheHvwd51F671RYqmiSX4bGvCtuPNLJpump,FWEG,FWEG,solana,0.00007605,4096,65536,262144,262144,16384,65536,65536,155,70,1959,1260,1775757593000,pumpswap,REPEAT
2026-04-09T22:26:57.385Z,41QbtLKqJmPCP5TmnHx9pVQtwCGDc1GV5A4WVfy9pump,MOODUANG,Moo Duang,solana,0.00005827,4096,32768,65536,65536,16384,65536,65536,71,38,2218,2025,1775743897000,pumpswap,REPEAT
2026-04-09T22:26:57.385Z,6DHUPxbG7evPY17zHSsmZWbc3wgQEPAdoH9KawBJvVHU,888,888,solana,0.00002056,32,512,512,512,4096,16384,16384,1,2,13,11,1716383884000,raydium,REPEAT
2026-04-09T22:26:57.385Z,CZEd2GHTe5s8iJsw4VVbnmvmwuUhZC3t6WHqhtCZpump,Kris Jenner,皇太后,solana,0.00001410,4,1024,4096,16384,8192,16384,16384,,1,10,22,1774884164000,pumpswap,REPEAT
2026-04-09T22:26:57.385Z,DFPGnooMjWMttYGF2Pegmsp4Vj2VFhLyrxc5Cp1wpump,CR,Crypto Revolution ,solana,0.00003538,,512,1024,4096,16384,32768,32768,,,6,2,1775619853000,pumpswap,REPEAT
2026-04-09T22:26:57.385Z,Drfv7jnfTXpEMuppzBZnBxpSyfpTWUqeTqMhoGfzpump,PEPE,PEPE,solana,0.0001576,2048,32768,131072,524288,32768,131072,131072,180,74,1693,671,1775163619000,pumpswap,REPEAT
2026-04-09T22:26:57.385Z,FGGPS8iF8DMu2NYWr7nqx83TxXPBSNLciupEVYtqpump,boomer,boomer,solana,0.00001009,2048,32768,65536,65536,,8192,8192,10,26,659,1371,1775769600000,pumpfun,REPEAT
2026-04-09T22:26:57.385Z,E1LcEbomSMMEDmvGdyG84auj9m8D26gLHXm4qSaWpump,ACTB,Act B : The Satoshi Prophecy,solana,0.0001194,65536,1048576,1048576,1048576,32768,131072,131072,437,254,6062,4333,1775770358000,pumpswap,REPEAT
2026-04-09T22:26:57.385Z,65AhQVGatKKr2wYMcKB7DLbyzZrvALtEA5ZcHuacpump,MMIWG2S,MMIWG2SLGBTQQIA+,solana,0.0001363,2048,65536,262144,1048576,32768,131072,131072,25,28,573,484,1775699055000,pumpswap,REPEAT
2026-04-09T22:26:57.385Z,65AhQVGatKKr2wYMcKB7DLbyzZrvALtEA5ZcHuacpump,MMIWG2S,MMIWG2SLGBTQQIA+,solana,0.0001363,2048,65536,262144,1048576,32768,131072,131072,25,28,573,484,1775699055000,pumpswap,REPEAT
2026-04-09T22:26:57.385Z,tNCAMwnoRXoPyyoonuea5X1HHvfTTgHUsK16cBupump,LOLFART,LOL Fart,solana,0.000002368,2,1024,1048576,1048576,4096,2048,2048,1,2,57,55,1775767494000,pumpswap,REPEAT
2026-04-09T22:26:57.385Z,Huh3G975pLP3WTXKDnsaCTu7enAoFsHMFJCbFLeNpump,FOMO,FOMO,solana,0.0005050,512,16384,16384,32768,65536,262144,262144,1,3,35,34,1772016102000,pumpswap,REPEAT
2026-04-09T22:26:57.385Z,4HuQ3J9JLMNUTQ5ybh9ja3E4Pu78jv52FfeNNgzPpump,IRyS,IRyS,solana,0.00006264,32768,262144,524288,524288,16384,65536,65536,227,224,3041,2224,1775766499000,pumpswap,REPEAT
2026-04-09T22:26:57.385Z,AThx9qd79fndAR9A48wd4pqhZSDqre78Gj67QcUgpump,Upril,Upril,solana,0.00001091,4,2048,32768,32768,,8192,8192,,2,66,36,1775764768000,pumpfun,REPEAT
2026-04-09T22:26:57.385Z,9SeCSdbPzz95KomGUGEV9Shn2zGXNmMJhE9J72Hipump,Iroha,イロハ,solana,0.001532,2048,65536,524288,2097152,131072,2097152,2097152,11,14,305,373,1775525060000,pumpswap,REPEAT
2026-04-09T22:26:57.385Z,2dcZKtCoJKABSNxfuTZ3Q25Lz3bdiKnYBC7U5ydUpump,UNIQORN,1B waitnig room,solana,0.000002122,,256,131072,131072,4096,2048,2048,,,2,16,1775763825000,pumpswap,REPEAT
2026-04-09T22:26:57.385Z,Cin7FJ8fHksui69umL8yE7dCjVRTMT1PVCiU3CTXpump,QSB,Quantum-Safe Bitcoin,solana,0.000004048,64,2048,65536,65536,,4096,4096,3,1,44,24,1775765423000,pumpfun,REPEAT
2026-04-09T22:26:57.385Z,2TpMjYXnrgxoeVCq2i6EAR8vNWqe5MNvHCz3bENNpump,CHIBI,Chibification,solana,0.0005673,8192,32768,65536,262144,65536,524288,524288,15,23,96,123,1773913358000,pumpswap,REPEAT
2026-04-09T22:26:57.385Z,3qoH8a7chfVTV5xVRtB4dm3TwjprPRHRbCAnLCmEpump,BECK,Adom Beck,solana,0.000001811,64,64,524288,524288,4096,2048,2048,1,2,3,9,1775764155000,pumpswap,REPEAT
2026-04-09T22:26:57.385Z,Guf6w2MNAHUe2DSVVH9rFRsN5s9CDjEFxcaQKdCEpump,OILUP,Liquid Gold,solana,0.00002359,,64,4096,8192,,32768,32768,,,3,3,1775575647000,pumpfun,REPEAT
2026-04-09T22:26:57.385Z,4sgCNP7ykejUaSvaGDhkq7JYqrLKB6M1Gq2X1rxSpump,PUMPPERPS,PumpPerps,solana,0.00009562,,512,4096,32768,32768,131072,131072,,,11,11,1774753446000,pumpswap,REPEAT
2026-04-09T22:26:57.385Z,4bcNC4acj9Cp2Gvi95E3KeeUvSKhRo6xiRemFeePpump,$NERON,Neron Wake up,solana,0.000003759,,1,1024,1024,4096,4096,4096,,,1,2,1772100899000,pumpswap,REPEAT
2026-04-09T22:26:57.385Z,Cm6fNnMk7NfzStP9CZpsQA2v3jjzbcYGAxdJySmHpump,Buttcoin,Buttcoin,solana,0.01021,256,4096,131072,262144,524288,8388608,8388608,,5,23,34,1767965767000,pumpswap,REPEAT
2026-04-09T22:26:57.385Z,4w6L45CyceULSKv1WpAkXfNqvs8QzsXAp6hitHYMpump,Freedom250,Freedom 250,solana,0.00007883,512,8192,65536,65536,16384,65536,65536,5,6,91,80,1775760862000,pumpswap,REPEAT
2026-04-09T22:26:57.385Z,5xNgCvoNGvczehFW75NUKCAdjjANR71qkWnimSy6pump,CRYPTO,Cryptobatrachus Boulengeri,solana,0.000004788,64,8192,524288,524288,4096,4096,4096,3,5,153,119,1775760237000,pumpswap,REPEAT
2026-04-09T22:26:57.385Z,36LH66oxCatKUCQHnRFChR25F6pzDjBbtsTiWSkYWEqE,SDR,Strategic Defense Reserve,solana,0.001224,64,8192,65536,262144,65536,1048576,1048576,6,6,435,321,1775673065000,meteora,REPEAT
2026-04-09T22:26:57.385Z,98t9PEJF5QvAdGhu3MuQ2ww57NkRV1Rg7evSZNFxpump,$BABYTAN,BabyTan,solana,0.000008181,,512,2048,16384,,8192,8192,,,1,3,1775571529000,pumpfun,REPEAT
2026-04-09T22:26:57.385Z,EG7XoDFvtRocfZAKUeTFJTqrfqoz2SnDZWwHDi7Npump,Epic,Epic,solana,0.000004002,,128,65536,65536,,4096,4096,,,3,8,1775759358000,pumpfun,REPEAT
2026-04-09T22:26:57.385Z,2Ucsy2X6LadN8Q49naQ7pKiC1nuAYtnwnrHGEeFKpump,WATP,WATP COIN,solana,0.000002980,,,1024,2048,,4096,4096,,,,,1775059894000,pumpfun,REPEAT
2026-04-09T22:26:57.385Z,5552z6Qp2xr596ox1UVN4ppDwwyjCfY8cXwzHMXgMcaS,MOLTING,Molting,solana,0.0008099,64,8192,65536,131072,65536,1048576,1048576,2,2,69,44,1769857955000,orca,REPEAT
2026-04-09T22:26:57.385Z,2LsescRjhcxoUwEQLpcsd3Gh6AHUyqEHANDakkoSpump,IRYNA,Justice for Iryna,solana,0.0001215,16,2048,32768,65536,65536,131072,131072,,1,20,13,1757156435000,pumpswap,REPEAT
2026-04-09T22:31:57.384Z,41QbtLKqJmPCP5TmnHx9pVQtwCGDc1GV5A4WVfy9pump,MOODUANG,Moo Duang,solana,0.00006547,4096,32768,65536,65536,16384,65536,65536,61,32,2273,2053,1775743897000,pumpswap,REPEAT
2026-04-09T22:31:57.384Z,6DHUPxbG7evPY17zHSsmZWbc3wgQEPAdoH9KawBJvVHU,888,888,solana,0.00002160,64,512,512,512,4096,16384,16384,2,1,15,12,1716383884000,raydium,REPEAT
2026-04-09T22:31:57.384Z,CZEd2GHTe5s8iJsw4VVbnmvmwuUhZC3t6WHqhtCZpump,Kris Jenner,皇太后,solana,0.00001235,512,2048,4096,16384,8192,16384,16384,2,10,11,32,1774884164000,pumpswap,REPEAT
2026-04-09T22:31:57.384Z,DFPGnooMjWMttYGF2Pegmsp4Vj2VFhLyrxc5Cp1wpump,CR,Crypto Revolution ,solana,0.00003538,,512,1024,4096,16384,32768,32768,,,6,2,1775619853000,pumpswap,REPEAT
2026-04-09T22:31:57.384Z,Drfv7jnfTXpEMuppzBZnBxpSyfpTWUqeTqMhoGfzpump,PEPE,PEPE,solana,0.0001572,2048,32768,131072,524288,32768,131072,131072,179,72,1792,712,1775163619000,pumpswap,REPEAT
2026-04-09T22:31:57.384Z,FGGPS8iF8DMu2NYWr7nqx83TxXPBSNLciupEVYtqpump,boomer,boomer,solana,0.000003053,2048,32768,65536,65536,,4096,4096,14,77,446,407,1775769600000,pumpfun,REPEAT
2026-04-09T22:31:57.384Z,E1LcEbomSMMEDmvGdyG84auj9m8D26gLHXm4qSaWpump,ACTB,Act B : The Satoshi Prophecy,solana,0.000002634,32768,1048576,1048576,1048576,4096,2048,2048,238,876,6312,5218,1775770358000,pumpswap,REPEAT
2026-04-09T22:31:57.384Z,65AhQVGatKKr2wYMcKB7DLbyzZrvALtEA5ZcHuacpump,MMIWG2S,MMIWG2SLGBTQQIA+,solana,0.0001402,2048,65536,262144,1048576,32768,131072,131072,14,15,546,459,1775699055000,pumpswap,REPEAT
2026-04-09T22:31:57.384Z,65AhQVGatKKr2wYMcKB7DLbyzZrvALtEA5ZcHuacpump,MMIWG2S,MMIWG2SLGBTQQIA+,solana,0.0001402,2048,65536,262144,1048576,32768,131072,131072,14,15,546,459,1775699055000,pumpswap,REPEAT
2026-04-09T22:31:57.384Z,tNCAMwnoRXoPyyoonuea5X1HHvfTTgHUsK16cBupump,LOLFART,LOL Fart,solana,0.000002307,16,1024,1048576,1048576,4096,2048,2048,,5,41,51,1775767494000,pumpswap,REPEAT
2026-04-09T22:31:57.384Z,Huh3G975pLP3WTXKDnsaCTu7enAoFsHMFJCbFLeNpump,FOMO,FOMO,solana,0.0004819,512,16384,16384,32768,65536,262144,262144,3,2,32,36,1772016102000,pumpswap,REPEAT
2026-04-09T22:31:57.384Z,4HuQ3J9JLMNUTQ5ybh9ja3E4Pu78jv52FfeNNgzPpump,IRyS,IRyS,solana,0.00007541,16384,262144,1048576,1048576,16384,65536,65536,198,149,2953,2190,1775766499000,pumpswap,REPEAT
2026-04-09T22:31:57.384Z,AThx9qd79fndAR9A48wd4pqhZSDqre78Gj67QcUgpump,Upril,Upril,solana,0.00001039,128,2048,32768,32768,,8192,8192,1,2,53,24,1775764768000,pumpfun,REPEAT
2026-04-09T22:31:57.384Z,9SeCSdbPzz95KomGUGEV9Shn2zGXNmMJhE9J72Hipump,Iroha,イロハ,solana,0.001470,1024,65536,524288,2097152,131072,1048576,1048576,13,24,294,355,1775525060000,pumpswap,REPEAT
2026-04-09T22:31:57.384Z,2dcZKtCoJKABSNxfuTZ3Q25Lz3bdiKnYBC7U5ydUpump,UNIQORN,1B waitnig room,solana,0.000002147,16,512,131072,131072,4096,2048,2048,1,,3,14,1775763825000,pumpswap,REPEAT
2026-04-09T22:31:57.384Z,Cin7FJ8fHksui69umL8yE7dCjVRTMT1PVCiU3CTXpump,QSB,Quantum-Safe Bitcoin,solana,0.000004048,,2048,65536,65536,,4096,4096,,,42,21,1775765423000,pumpfun,REPEAT
2026-04-09T22:31:57.384Z,2TpMjYXnrgxoeVCq2i6EAR8vNWqe5MNvHCz3bENNpump,CHIBI,Chibification,solana,0.0005443,1024,32768,65536,262144,65536,524288,524288,4,5,93,114,1773913358000,pumpswap,REPEAT
2026-04-09T22:31:57.384Z,3qoH8a7chfVTV5xVRtB4dm3TwjprPRHRbCAnLCmEpump,BECK,Adom Beck,solana,0.000001825,0,64,524288,524288,4096,2048,2048,,1,2,8,1775764155000,pumpswap,REPEAT
2026-04-09T22:31:57.384Z,Guf6w2MNAHUe2DSVVH9rFRsN5s9CDjEFxcaQKdCEpump,OILUP,Liquid Gold,solana,0.00002346,8,64,4096,8192,,32768,32768,1,,4,3,1775575647000,pumpfun,REPEAT
2026-04-09T22:31:57.384Z,4sgCNP7ykejUaSvaGDhkq7JYqrLKB6M1Gq2X1rxSpump,PUMPPERPS,PumpPerps,solana,0.00009562,,512,4096,32768,32768,131072,131072,,,11,10,1774753446000,pumpswap,REPEAT
2026-04-09T22:31:57.384Z,4bcNC4acj9Cp2Gvi95E3KeeUvSKhRo6xiRemFeePpump,$NERON,Neron Wake up,solana,0.000003780,0,2,1024,1024,4096,4096,4096,,1,1,3,1772100899000,pumpswap,REPEAT
2026-04-09T22:31:57.384Z,Cm6fNnMk7NfzStP9CZpsQA2v3jjzbcYGAxdJySmHpump,Buttcoin,Buttcoin,solana,0.01025,512,4096,131072,262144,524288,8388608,8388608,4,6,21,38,1767965767000,pumpswap,REPEAT
2026-04-09T22:31:57.384Z,4w6L45CyceULSKv1WpAkXfNqvs8QzsXAp6hitHYMpump,Freedom250,Freedom 250,solana,0.00007503,1024,8192,65536,65536,16384,65536,65536,18,13,98,92,1775760862000,pumpswap,REPEAT
2026-04-09T22:31:57.384Z,5xNgCvoNGvczehFW75NUKCAdjjANR71qkWnimSy6pump,CRYPTO,Cryptobatrachus Boulengeri,solana,0.000004547,64,8192,524288,524288,4096,4096,4096,1,6,136,113,1775760237000,pumpswap,REPEAT
2026-04-09T22:31:57.384Z,36LH66oxCatKUCQHnRFChR25F6pzDjBbtsTiWSkYWEqE,SDR,Strategic Defense Reserve,solana,0.001224,64,8192,65536,262144,65536,1048576,1048576,6,6,417,309,1775673065000,meteora,REPEAT
2026-04-09T22:31:57.384Z,98t9PEJF5QvAdGhu3MuQ2ww57NkRV1Rg7evSZNFxpump,$BABYTAN,BabyTan,solana,0.000008181,,512,2048,16384,,8192,8192,,,1,3,1775571529000,pumpfun,REPEAT
2026-04-09T22:31:57.384Z,EG7XoDFvtRocfZAKUeTFJTqrfqoz2SnDZWwHDi7Npump,Epic,Epic,solana,0.000004006,0,128,65536,65536,,4096,4096,,1,3,8,1775759358000,pumpfun,REPEAT
2026-04-09T22:31:57.384Z,2Ucsy2X6LadN8Q49naQ7pKiC1nuAYtnwnrHGEeFKpump,WATP,WATP COIN,solana,0.000002980,,,1024,2048,,4096,4096,,,,,1775059894000,pumpfun,REPEAT
2026-04-09T22:31:57.384Z,5552z6Qp2xr596ox1UVN4ppDwwyjCfY8cXwzHMXgMcaS,MOLTING,Molting,solana,0.0007918,64,8192,65536,131072,65536,1048576,1048576,2,4,62,45,1769857955000,orca,REPEAT
2026-04-09T22:36:57.385Z,78E7b7iA5AbSLBss3Whhbmh81pncYS4bRVsFpRx9pump,FARTROCKET,Fart Rocket,solana,0.0002920,131072,524288,524288,524288,32768,262144,262144,633,558,2137,1677,1775773501000,pumpswap,NEW
2026-04-09T22:36:57.385Z,gqqPZaSV2UDmEi3dhBzA6u6x5ZTLAXPntHZ5gQ4pump,Monke,Monke,solana,0.00001146,512,1024,2048,8192,8192,8192,8192,19,4,30,5,1773824795000,pumpswap,NEW
2026-04-09T22:36:57.385Z,41QbtLKqJmPCP5TmnHx9pVQtwCGDc1GV5A4WVfy9pump,MOODUANG,Moo Duang,solana,0.00006900,2048,32768,65536,65536,16384,65536,65536,55,27,2320,2069,1775743897000,pumpswap,REPEAT
2026-04-09T22:36:57.385Z,6DHUPxbG7evPY17zHSsmZWbc3wgQEPAdoH9KawBJvVHU,888,888,solana,0.00001932,32,512,1024,1024,4096,16384,16384,2,2,19,16,1716383884000,raydium,REPEAT
2026-04-09T22:36:57.385Z,CZEd2GHTe5s8iJsw4VVbnmvmwuUhZC3t6WHqhtCZpump,Kris Jenner,皇太后,solana,0.00001235,,2048,4096,16384,8192,16384,16384,,,11,32,1774884164000,pumpswap,REPEAT
2026-04-09T22:36:57.385Z,DFPGnooMjWMttYGF2Pegmsp4Vj2VFhLyrxc5Cp1wpump,CR,Crypto Revolution ,solana,0.00003538,,512,1024,4096,16384,32768,32768,,,6,2,1775619853000,pumpswap,REPEAT
2026-04-09T22:36:57.385Z,Drfv7jnfTXpEMuppzBZnBxpSyfpTWUqeTqMhoGfzpump,PEPE,PEPE,solana,0.0001469,2048,32768,131072,524288,32768,131072,131072,175,76,1894,767,1775163619000,pumpswap,REPEAT
2026-04-09T22:36:57.385Z,FGGPS8iF8DMu2NYWr7nqx83TxXPBSNLciupEVYtqpump,boomer,boomer,solana,0.000003209,128,32768,65536,65536,,4096,4096,3,4,363,309,1775769600000,pumpfun,REPEAT
2026-04-09T22:36:57.385Z,E1LcEbomSMMEDmvGdyG84auj9m8D26gLHXm4qSaWpump,ACTB,Act B : The Satoshi Prophecy,solana,0.000002801,256,1048576,1048576,1048576,4096,2048,2048,14,19,5588,4732,1775770358000,pumpswap,REPEAT
2026-04-09T22:36:57.385Z,65AhQVGatKKr2wYMcKB7DLbyzZrvALtEA5ZcHuacpump,MMIWG2S,MMIWG2SLGBTQQIA+,solana,0.0001385,512,65536,262144,1048576,32768,131072,131072,6,5,489,406,1775699055000,pumpswap,REPEAT
2026-04-09T22:36:57.385Z,65AhQVGatKKr2wYMcKB7DLbyzZrvALtEA5ZcHuacpump,MMIWG2S,MMIWG2SLGBTQQIA+,solana,0.0001385,512,65536,262144,1048576,32768,131072,131072,6,5,489,406,1775699055000,pumpswap,REPEAT
2026-04-09T22:36:57.385Z,tNCAMwnoRXoPyyoonuea5X1HHvfTTgHUsK16cBupump,LOLFART,LOL Fart,solana,0.000002214,32,1024,1048576,1048576,4096,2048,2048,,6,35,49,1775767494000,pumpswap,REPEAT
2026-04-09T22:36:57.385Z,Huh3G975pLP3WTXKDnsaCTu7enAoFsHMFJCbFLeNpump,FOMO,FOMO,solana,0.0004461,2048,16384,32768,32768,65536,262144,262144,9,3,41,39,1772016102000,pumpswap,REPEAT
2026-04-09T22:36:57.385Z,4HuQ3J9JLMNUTQ5ybh9ja3E4Pu78jv52FfeNNgzPpump,IRyS,IRyS,solana,0.00007912,32768,262144,1048576,1048576,16384,65536,65536,220,169,2890,2193,1775766499000,pumpswap,REPEAT
2026-04-09T22:36:57.385Z,AThx9qd79fndAR9A48wd4pqhZSDqre78Gj67QcUgpump,Upril,Upril,solana,0.00001041,8,1024,32768,32768,,8192,8192,4,,49,19,1775764768000,pumpfun,REPEAT
2026-04-09T22:36:57.385Z,9SeCSdbPzz95KomGUGEV9Shn2zGXNmMJhE9J72Hipump,Iroha,イロハ,solana,0.001513,2048,32768,524288,2097152,131072,2097152,2097152,13,24,244,253,1775525060000,pumpswap,REPEAT
2026-04-09T22:36:57.385Z,2dcZKtCoJKABSNxfuTZ3Q25Lz3bdiKnYBC7U5ydUpump,UNIQORN,1B waitnig room,solana,0.000002137,,256,131072,131072,4096,2048,2048,,,3,12,1775763825000,pumpswap,REPEAT
2026-04-09T22:36:57.385Z,Cin7FJ8fHksui69umL8yE7dCjVRTMT1PVCiU3CTXpump,QSB,Quantum-Safe Bitcoin,solana,0.000003614,256,2048,65536,65536,,4096,4096,3,8,40,29,1775765423000,pumpfun,REPEAT
2026-04-09T22:36:57.385Z,2TpMjYXnrgxoeVCq2i6EAR8vNWqe5MNvHCz3bENNpump,CHIBI,Chibification,solana,0.0005280,512,16384,65536,262144,65536,524288,524288,6,5,93,113,1773913358000,pumpswap,REPEAT
2026-04-09T22:36:57.385Z,3qoH8a7chfVTV5xVRtB4dm3TwjprPRHRbCAnLCmEpump,BECK,Adom Beck,solana,0.000001815,8,64,524288,524288,4096,2048,2048,,1,2,9,1775764155000,pumpswap,REPEAT
2026-04-09T22:36:57.385Z,Guf6w2MNAHUe2DSVVH9rFRsN5s9CDjEFxcaQKdCEpump,OILUP,Liquid Gold,solana,0.00002346,,64,4096,8192,,32768,32768,,,4,3,1775575647000,pumpfun,REPEAT
2026-04-09T22:36:57.385Z,4sgCNP7ykejUaSvaGDhkq7JYqrLKB6M1Gq2X1rxSpump,PUMPPERPS,PumpPerps,solana,0.00009506,64,512,4096,32768,32768,131072,131072,1,1,12,11,1774753446000,pumpswap,REPEAT
2026-04-09T22:36:57.385Z,4bcNC4acj9Cp2Gvi95E3KeeUvSKhRo6xiRemFeePpump,$NERON,Neron Wake up,solana,0.000003780,,2,1024,1024,4096,4096,4096,,,1,3,1772100899000,pumpswap,REPEAT
2026-04-09T22:36:57.385Z,Cm6fNnMk7NfzStP9CZpsQA2v3jjzbcYGAxdJySmHpump,Buttcoin,Buttcoin,solana,0.01023,1024,4096,131072,262144,524288,8388608,8388608,4,5,25,45,1767965767000,pumpswap,REPEAT
2026-04-09T22:36:57.385Z,4w6L45CyceULSKv1WpAkXfNqvs8QzsXAp6hitHYMpump,Freedom250,Freedom 250,solana,0.00007236,512,8192,65536,65536,16384,65536,65536,2,8,89,94,1775760862000,pumpswap,REPEAT
2026-04-09T22:36:57.385Z,5xNgCvoNGvczehFW75NUKCAdjjANR71qkWnimSy6pump,CRYPTO,Cryptobatrachus Boulengeri,solana,0.000004601,64,8192,524288,524288,4096,4096,4096,5,4,124,105,1775760237000,pumpswap,REPEAT
2026-04-09T22:36:57.385Z,36LH66oxCatKUCQHnRFChR25F6pzDjBbtsTiWSkYWEqE,SDR,Strategic Defense Reserve,solana,0.001223,512,8192,65536,262144,65536,1048576,1048576,24,24,447,339,1775673065000,meteora,REPEAT
2026-04-09T22:36:57.385Z,98t9PEJF5QvAdGhu3MuQ2ww57NkRV1Rg7evSZNFxpump,$BABYTAN,BabyTan,solana,0.000008181,,256,2048,16384,,8192,8192,,,1,2,1775571529000,pumpfun,REPEAT
2026-04-09T22:36:57.385Z,EG7XoDFvtRocfZAKUeTFJTqrfqoz2SnDZWwHDi7Npump,Epic,Epic,solana,0.000004006,,128,65536,65536,,4096,4096,,,3,8,1775759358000,pumpfun,REPEAT
2026-04-09T22:36:57.385Z,2Ucsy2X6LadN8Q49naQ7pKiC1nuAYtnwnrHGEeFKpump,WATP,WATP COIN,solana,0.000002980,,,1024,2048,,4096,4096,,,,,1775059894000,pumpfun,REPEAT
2026-04-09T22:41:57.386Z,78E7b7iA5AbSLBss3Whhbmh81pncYS4bRVsFpRx9pump,FARTROCKET,Fart Rocket,solana,0.0002124,65536,524288,524288,524288,32768,262144,262144,534,374,2747,2095,1775773501000,pumpswap,REPEAT
2026-04-09T22:41:57.386Z,gqqPZaSV2UDmEi3dhBzA6u6x5ZTLAXPntHZ5gQ4pump,Monke,Monke,solana,0.00001103,256,1024,2048,8192,8192,8192,8192,6,4,37,11,1773824795000,pumpswap,REPEAT
2026-04-09T22:41:57.386Z,41QbtLKqJmPCP5TmnHx9pVQtwCGDc1GV5A4WVfy9pump,MOODUANG,Moo Duang,solana,0.00006653,2048,32768,65536,65536,16384,65536,65536,47,32,2346,2089,1775743897000,pumpswap,REPEAT
2026-04-09T22:41:57.386Z,6DHUPxbG7evPY17zHSsmZWbc3wgQEPAdoH9KawBJvVHU,888,888,solana,0.00002138,64,1024,1024,1024,4096,16384,16384,2,1,22,17,1716383884000,raydium,REPEAT
2026-04-09T22:41:57.386Z,CZEd2GHTe5s8iJsw4VVbnmvmwuUhZC3t6WHqhtCZpump,Kris Jenner,皇太后,solana,0.00001235,,2048,4096,16384,8192,16384,16384,,,11,32,1774884164000,pumpswap,REPEAT
2026-04-09T22:41:57.386Z,DFPGnooMjWMttYGF2Pegmsp4Vj2VFhLyrxc5Cp1wpump,CR,Crypto Revolution ,solana,0.00003538,,512,1024,4096,16384,32768,32768,,,6,2,1775619853000,pumpswap,REPEAT
2026-04-09T22:41:57.386Z,Drfv7jnfTXpEMuppzBZnBxpSyfpTWUqeTqMhoGfzpump,PEPE,PEPE,solana,0.0001459,1024,32768,131072,524288,32768,131072,131072,170,71,1996,813,1775163619000,pumpswap,REPEAT
2026-04-09T22:41:57.386Z,FGGPS8iF8DMu2NYWr7nqx83TxXPBSNLciupEVYtqpump,boomer,boomer,solana,0.000003415,128,16384,65536,65536,,4096,4096,6,4,284,270,1775769600000,pumpfun,REPEAT
2026-04-09T22:41:57.386Z,E1LcEbomSMMEDmvGdyG84auj9m8D26gLHXm4qSaWpump,ACTB,Act B : The Satoshi Prophecy,solana,0.000002736,32,1048576,1048576,1048576,4096,2048,2048,1,16,4867,4184,1775770358000,pumpswap,REPEAT
2026-04-09T22:41:57.386Z,65AhQVGatKKr2wYMcKB7DLbyzZrvALtEA5ZcHuacpump,MMIWG2S,MMIWG2SLGBTQQIA+,solana,0.0001547,1024,32768,262144,1048576,32768,131072,131072,13,9,455,374,1775699055000,pumpswap,REPEAT
2026-04-09T22:41:57.386Z,65AhQVGatKKr2wYMcKB7DLbyzZrvALtEA5ZcHuacpump,MMIWG2S,MMIWG2SLGBTQQIA+,solana,0.0001547,1024,32768,262144,1048576,32768,131072,131072,13,9,455,374,1775699055000,pumpswap,REPEAT
2026-04-09T22:41:57.386Z,tNCAMwnoRXoPyyoonuea5X1HHvfTTgHUsK16cBupump,LOLFART,LOL Fart,solana,0.000002122,64,1024,1048576,1048576,4096,2048,2048,,1,32,48,1775767494000,pumpswap,REPEAT
2026-04-09T22:41:57.386Z,Huh3G975pLP3WTXKDnsaCTu7enAoFsHMFJCbFLeNpump,FOMO,FOMO,solana,0.0004241,1024,16384,32768,32768,65536,262144,262144,22,2,62,41,1772016102000,pumpswap,REPEAT
2026-04-09T22:41:57.386Z,4HuQ3J9JLMNUTQ5ybh9ja3E4Pu78jv52FfeNNgzPpump,IRyS,IRyS,solana,0.00005832,16384,262144,1048576,1048576,16384,65536,65536,162,172,2779,2173,1775766499000,pumpswap,REPEAT
2026-04-09T22:41:57.386Z,AThx9qd79fndAR9A48wd4pqhZSDqre78Gj67QcUgpump,Upril,Upril,solana,0.00001043,8,512,32768,32768,,8192,8192,3,,40,15,1775764768000,pumpfun,REPEAT
2026-04-09T22:41:57.386Z,9SeCSdbPzz95KomGUGEV9Shn2zGXNmMJhE9J72Hipump,Iroha,イロハ,solana,0.001453,2048,32768,524288,2097152,131072,1048576,1048576,11,14,230,235,1775525060000,pumpswap,REPEAT
2026-04-09T22:41:57.386Z,2dcZKtCoJKABSNxfuTZ3Q25Lz3bdiKnYBC7U5ydUpump,UNIQORN,1B waitnig room,solana,0.000002137,,256,131072,131072,4096,2048,2048,,,3,11,1775763825000,pumpswap,REPEAT
2026-04-09T22:41:57.386Z,Cin7FJ8fHksui69umL8yE7dCjVRTMT1PVCiU3CTXpump,QSB,Quantum-Safe Bitcoin,solana,0.000003641,16,2048,65536,65536,,4096,4096,2,1,38,28,1775765423000,pumpfun,REPEAT
2026-04-09T22:41:57.386Z,2TpMjYXnrgxoeVCq2i6EAR8vNWqe5MNvHCz3bENNpump,CHIBI,Chibification,solana,0.0005050,1024,16384,65536,262144,65536,524288,524288,11,13,100,109,1773913358000,pumpswap,REPEAT
2026-04-09T22:41:57.386Z,3qoH8a7chfVTV5xVRtB4dm3TwjprPRHRbCAnLCmEpump,BECK,Adom Beck,solana,0.000001815,,64,524288,524288,4096,2048,2048,,,1,9,1775764155000,pumpswap,REPEAT
2026-04-09T22:41:57.386Z,Guf6w2MNAHUe2DSVVH9rFRsN5s9CDjEFxcaQKdCEpump,OILUP,Liquid Gold,solana,0.00002346,,64,4096,8192,,32768,32768,,,4,3,1775575647000,pumpfun,REPEAT
2026-04-09T22:41:57.386Z,4sgCNP7ykejUaSvaGDhkq7JYqrLKB6M1Gq2X1rxSpump,PUMPPERPS,PumpPerps,solana,0.00009506,,128,4096,32768,32768,131072,131072,,,11,8,1774753446000,pumpswap,REPEAT
2026-04-09T22:41:57.386Z,4bcNC4acj9Cp2Gvi95E3KeeUvSKhRo6xiRemFeePpump,$NERON,Neron Wake up,solana,0.000003780,,2,1024,1024,4096,4096,4096,,,1,3,1772100899000,pumpswap,REPEAT
2026-04-09T22:41:57.386Z,Cm6fNnMk7NfzStP9CZpsQA2v3jjzbcYGAxdJySmHpump,Buttcoin,Buttcoin,solana,0.01026,4096,8192,131072,262144,524288,8388608,8388608,11,36,35,79,1767965767000,pumpswap,REPEAT
2026-04-09T22:41:57.386Z,4w6L45CyceULSKv1WpAkXfNqvs8QzsXAp6hitHYMpump,Freedom250,Freedom 250,solana,0.00007340,2048,8192,65536,65536,16384,65536,65536,10,9,92,96,1775760862000,pumpswap,REPEAT
2026-04-09T22:41:57.386Z,5xNgCvoNGvczehFW75NUKCAdjjANR71qkWnimSy6pump,CRYPTO,Cryptobatrachus Boulengeri,solana,0.000004635,64,4096,524288,524288,4096,4096,4096,8,4,98,93,1775760237000,pumpswap,REPEAT
2026-04-09T22:41:57.386Z,36LH66oxCatKUCQHnRFChR25F6pzDjBbtsTiWSkYWEqE,SDR,Strategic Defense Reserve,solana,0.001223,1,8192,65536,262144,65536,1048576,1048576,1,,448,338,1775673065000,meteora,REPEAT
2026-04-09T22:41:57.386Z,98t9PEJF5QvAdGhu3MuQ2ww57NkRV1Rg7evSZNFxpump,$BABYTAN,BabyTan,solana,0.000008181,,256,2048,16384,,8192,8192,,,1,2,1775571529000,pumpfun,REPEAT
2026-04-09T22:41:57.386Z,EG7XoDFvtRocfZAKUeTFJTqrfqoz2SnDZWwHDi7Npump,Epic,Epic,solana,0.000003366,256,512,65536,65536,,4096,4096,,4,3,12,1775759358000,pumpfun,REPEAT
2026-04-09T22:41:57.386Z,2Ucsy2X6LadN8Q49naQ7pKiC1nuAYtnwnrHGEeFKpump,WATP,WATP COIN,solana,0.000002980,,,1024,2048,,4096,4096,,,,,1775059894000,pumpfun,REPEAT
2026-04-09T22:46:57.387Z,BEYgnrA1PTj9rrWfe7EEEFpD7KbBGXgjpEQNcM5ppump,WOJI,wojimoji,solana,0.0003872,65536,524288,524288,524288,65536,524288,524288,273,161,2190,1816,1775772988000,pumpswap,NEW
2026-04-09T22:46:57.387Z,78E7b7iA5AbSLBss3Whhbmh81pncYS4bRVsFpRx9pump,FARTROCKET,Fart Rocket,solana,0.0001475,131072,524288,524288,524288,32768,131072,131072,417,378,3214,2515,1775773501000,pumpswap,REPEAT
2026-04-09T22:46:57.387Z,gqqPZaSV2UDmEi3dhBzA6u6x5ZTLAXPntHZ5gQ4pump,Monke,Monke,solana,0.00001176,128,2048,2048,8192,8192,8192,8192,3,,40,11,1773824795000,pumpswap,REPEAT
2026-04-09T22:46:57.387Z,41QbtLKqJmPCP5TmnHx9pVQtwCGDc1GV5A4WVfy9pump,MOODUANG,Moo Duang,solana,0.00003262,4096,32768,65536,65536,16384,32768,32768,67,43,2408,2120,1775743897000,pumpswap,REPEAT
2026-04-09T22:46:57.387Z,6DHUPxbG7evPY17zHSsmZWbc3wgQEPAdoH9KawBJvVHU,888,888,solana,0.00002131,8,1024,1024,1024,4096,16384,16384,,1,22,18,1716383884000,raydium,REPEAT
2026-04-09T22:46:57.387Z,CZEd2GHTe5s8iJsw4VVbnmvmwuUhZC3t6WHqhtCZpump,Kris Jenner,皇太后,solana,0.00001248,32,2048,4096,16384,8192,16384,16384,1,3,12,35,1774884164000,pumpswap,REPEAT
2026-04-09T22:46:57.387Z,DFPGnooMjWMttYGF2Pegmsp4Vj2VFhLyrxc5Cp1wpump,CR,Crypto Revolution ,solana,0.00003538,,512,1024,4096,16384,32768,32768,,,6,2,1775619853000,pumpswap,REPEAT
2026-04-09T22:46:57.387Z,Drfv7jnfTXpEMuppzBZnBxpSyfpTWUqeTqMhoGfzpump,PEPE,PEPE,solana,0.0001375,2048,32768,131072,524288,32768,131072,131072,177,81,2090,857,1775163619000,pumpswap,REPEAT
2026-04-09T22:46:57.387Z,FGGPS8iF8DMu2NYWr7nqx83TxXPBSNLciupEVYtqpump,boomer,boomer,solana,0.000003674,128,16384,65536,65536,,4096,4096,4,4,163,208,1775769600000,pumpfun,REPEAT
2026-04-09T22:46:57.387Z,E1LcEbomSMMEDmvGdyG84auj9m8D26gLHXm4qSaWpump,ACTB,Act B : The Satoshi Prophecy,solana,0.000002082,256,524288,1048576,1048576,4096,2048,2048,1,11,4246,3706,1775770358000,pumpswap,REPEAT
2026-04-09T22:46:57.387Z,65AhQVGatKKr2wYMcKB7DLbyzZrvALtEA5ZcHuacpump,MMIWG2S,MMIWG2SLGBTQQIA+,solana,0.0001669,4096,32768,262144,1048576,32768,131072,131072,60,27,454,355,1775699055000,pumpswap,REPEAT
2026-04-09T22:46:57.387Z,65AhQVGatKKr2wYMcKB7DLbyzZrvALtEA5ZcHuacpump,MMIWG2S,MMIWG2SLGBTQQIA+,solana,0.0001669,4096,32768,262144,1048576,32768,131072,131072,60,27,454,355,1775699055000,pumpswap,REPEAT
2026-04-09T22:46:57.387Z,tNCAMwnoRXoPyyoonuea5X1HHvfTTgHUsK16cBupump,LOLFART,LOL Fart,solana,0.000002022,2,1024,1048576,1048576,4096,2048,2048,,3,23,45,1775767494000,pumpswap,REPEAT
2026-04-09T22:46:57.387Z,Huh3G975pLP3WTXKDnsaCTu7enAoFsHMFJCbFLeNpump,FOMO,FOMO,solana,0.0004520,1024,16384,32768,32768,65536,262144,262144,5,1,67,42,1772016102000,pumpswap,REPEAT
2026-04-09T22:46:57.387Z,4HuQ3J9JLMNUTQ5ybh9ja3E4Pu78jv52FfeNNgzPpump,IRyS,IRyS,solana,0.00007472,32768,262144,1048576,1048576,16384,65536,65536,223,163,2727,2158,1775766499000,pumpswap,REPEAT
2026-04-09T22:46:57.387Z,AThx9qd79fndAR9A48wd4pqhZSDqre78Gj67QcUgpump,Upril,Upril,solana,0.00001201,512,1024,32768,32768,,16384,16384,16,1,45,14,1775764768000,pumpfun,REPEAT
2026-04-09T22:46:57.387Z,9SeCSdbPzz95KomGUGEV9Shn2zGXNmMJhE9J72Hipump,Iroha,イロハ,solana,0.001368,4096,32768,524288,2097152,131072,1048576,1048576,35,21,253,227,1775525060000,pumpswap,REPEAT
2026-04-09T22:46:57.387Z,2dcZKtCoJKABSNxfuTZ3Q25Lz3bdiKnYBC7U5ydUpump,UNIQORN,1B waitnig room,solana,0.000002137,,256,131072,131072,4096,2048,2048,,,3,8,1775763825000,pumpswap,REPEAT
2026-04-09T22:46:57.387Z,Cin7FJ8fHksui69umL8yE7dCjVRTMT1PVCiU3CTXpump,QSB,Quantum-Safe Bitcoin,solana,0.000003641,,2048,65536,65536,,4096,4096,,,28,25,1775765423000,pumpfun,REPEAT
2026-04-09T22:46:57.387Z,2TpMjYXnrgxoeVCq2i6EAR8vNWqe5MNvHCz3bENNpump,CHIBI,Chibification,solana,0.0004781,4096,32768,65536,262144,65536,524288,524288,63,8,157,112,1773913358000,pumpswap,REPEAT
2026-04-09T22:46:57.387Z,3qoH8a7chfVTV5xVRtB4dm3TwjprPRHRbCAnLCmEpump,BECK,Adom Beck,solana,0.000001815,,64,524288,524288,4096,2048,2048,,,1,8,1775764155000,pumpswap,REPEAT
2026-04-09T22:46:57.387Z,Guf6w2MNAHUe2DSVVH9rFRsN5s9CDjEFxcaQKdCEpump,OILUP,Liquid Gold,solana,0.00002346,,64,4096,8192,,32768,32768,,,4,2,1775575647000,pumpfun,REPEAT
2026-04-09T22:46:57.387Z,4sgCNP7ykejUaSvaGDhkq7JYqrLKB6M1Gq2X1rxSpump,PUMPPERPS,PumpPerps,solana,0.00009506,,128,4096,32768,32768,131072,131072,,,7,5,1774753446000,pumpswap,REPEAT
2026-04-09T22:46:57.387Z,4bcNC4acj9Cp2Gvi95E3KeeUvSKhRo6xiRemFeePpump,$NERON,Neron Wake up,solana,0.000003780,,2,1024,1024,4096,4096,4096,,,1,3,1772100899000,pumpswap,REPEAT
2026-04-09T22:46:57.387Z,Cm6fNnMk7NfzStP9CZpsQA2v3jjzbcYGAxdJySmHpump,Buttcoin,Buttcoin,solana,0.01039,4096,16384,131072,262144,524288,8388608,8388608,14,74,47,152,1767965767000,pumpswap,REPEAT
2026-04-09T22:46:57.387Z,4w6L45CyceULSKv1WpAkXfNqvs8QzsXAp6hitHYMpump,Freedom250,Freedom 250,solana,0.00006867,4096,16384,65536,65536,16384,65536,65536,14,14,107,111,1775760862000,pumpswap,REPEAT
2026-04-09T22:46:57.387Z,5xNgCvoNGvczehFW75NUKCAdjjANR71qkWnimSy6pump,CRYPTO,Cryptobatrachus Boulengeri,solana,0.000004018,256,4096,524288,524288,4096,4096,4096,1,18,89,98,1775760237000,pumpswap,REPEAT
2026-04-09T22:46:57.387Z,36LH66oxCatKUCQHnRFChR25F6pzDjBbtsTiWSkYWEqE,SDR,Strategic Defense Reserve,solana,0.001224,512,8192,65536,262144,65536,1048576,1048576,30,26,382,297,1775673065000,meteora,REPEAT
2026-04-09T22:46:57.387Z,98t9PEJF5QvAdGhu3MuQ2ww57NkRV1Rg7evSZNFxpump,$BABYTAN,BabyTan,solana,0.000008181,,256,2048,16384,,8192,8192,,,,2,1775571529000,pumpfun,REPEAT
2026-04-09T22:46:57.387Z,EG7XoDFvtRocfZAKUeTFJTqrfqoz2SnDZWwHDi7Npump,Epic,Epic,solana,0.000003366,,512,65536,65536,,4096,4096,,,3,12,1775759358000,pumpfun,REPEAT
2026-04-09T22:51:57.388Z,BEYgnrA1PTj9rrWfe7EEEFpD7KbBGXgjpEQNcM5ppump,WOJI,wojimoji,solana,0.0003312,131072,524288,524288,524288,32768,262144,262144,293,185,2517,2017,1775772988000,pumpswap,REPEAT
2026-04-09T22:51:57.388Z,78E7b7iA5AbSLBss3Whhbmh81pncYS4bRVsFpRx9pump,FARTROCKET,Fart Rocket,solana,0.0001283,131072,1048576,1048576,1048576,32768,131072,131072,383,366,3661,2917,1775773501000,pumpswap,REPEAT
2026-04-09T22:51:57.388Z,gqqPZaSV2UDmEi3dhBzA6u6x5ZTLAXPntHZ5gQ4pump,Monke,Monke,solana,0.00001166,64,2048,2048,8192,8192,8192,8192,1,2,41,12,1773824795000,pumpswap,REPEAT
2026-04-09T22:51:57.388Z,41QbtLKqJmPCP5TmnHx9pVQtwCGDc1GV5A4WVfy9pump,MOODUANG,Moo Duang,solana,0.00003716,2048,32768,65536,65536,16384,32768,32768,70,35,2482,2160,1775743897000,pumpswap,REPEAT
2026-04-09T22:51:57.388Z,6DHUPxbG7evPY17zHSsmZWbc3wgQEPAdoH9KawBJvVHU,888,888,solana,0.00002099,16,1024,1024,1024,4096,16384,16384,,1,22,19,1716383884000,raydium,REPEAT
2026-04-09T22:51:57.388Z,CZEd2GHTe5s8iJsw4VVbnmvmwuUhZC3t6WHqhtCZpump,Kris Jenner,皇太后,solana,0.00001248,,2048,4096,16384,8192,16384,16384,,,12,35,1774884164000,pumpswap,REPEAT
2026-04-09T22:51:57.388Z,DFPGnooMjWMttYGF2Pegmsp4Vj2VFhLyrxc5Cp1wpump,CR,Crypto Revolution ,solana,0.00003538,,512,1024,4096,16384,32768,32768,,,5,2,1775619853000,pumpswap,REPEAT
2026-04-09T22:51:57.388Z,Drfv7jnfTXpEMuppzBZnBxpSyfpTWUqeTqMhoGfzpump,PEPE,PEPE,solana,0.0001368,2048,32768,131072,524288,32768,131072,131072,179,82,2193,912,1775163619000,pumpswap,REPEAT
2026-04-09T22:51:57.388Z,FGGPS8iF8DMu2NYWr7nqx83TxXPBSNLciupEVYtqpump,boomer,boomer,solana,0.000004198,512,8192,131072,131072,,4096,4096,14,8,136,191,1775769600000,pumpfun,REPEAT
2026-04-09T22:51:57.388Z,E1LcEbomSMMEDmvGdyG84auj9m8D26gLHXm4qSaWpump,ACTB,Act B : The Satoshi Prophecy,solana,0.000001951,64,524288,1048576,1048576,4096,2048,2048,2,5,3602,3272,1775770358000,pumpswap,REPEAT
2026-04-09T22:51:57.388Z,65AhQVGatKKr2wYMcKB7DLbyzZrvALtEA5ZcHuacpump,MMIWG2S,MMIWG2SLGBTQQIA+,solana,0.0001542,2048,32768,262144,1048576,32768,131072,131072,32,18,397,331,1775699055000,pumpswap,REPEAT
2026-04-09T22:51:57.388Z,65AhQVGatKKr2wYMcKB7DLbyzZrvALtEA5ZcHuacpump,MMIWG2S,MMIWG2SLGBTQQIA+,solana,0.0001542,2048,32768,262144,1048576,32768,131072,131072,32,18,397,331,1775699055000,pumpswap,REPEAT
2026-04-09T22:51:57.388Z,tNCAMwnoRXoPyyoonuea5X1HHvfTTgHUsK16cBupump,LOLFART,LOL Fart,solana,0.000002019,,512,1048576,1048576,4096,2048,2048,,1,17,37,1775767494000,pumpswap,REPEAT
2026-04-09T22:51:57.388Z,Huh3G975pLP3WTXKDnsaCTu7enAoFsHMFJCbFLeNpump,FOMO,FOMO,solana,0.0004472,8,8192,32768,32768,65536,262144,262144,,1,51,32,1772016102000,pumpswap,REPEAT
2026-04-09T22:51:57.388Z,4HuQ3J9JLMNUTQ5ybh9ja3E4Pu78jv52FfeNNgzPpump,IRyS,IRyS,solana,0.00006035,16384,262144,1048576,1048576,16384,65536,65536,162,170,2586,2151,1775766499000,pumpswap,REPEAT
2026-04-09T22:51:57.388Z,AThx9qd79fndAR9A48wd4pqhZSDqre78Gj67QcUgpump,Upril,Upril,solana,0.00001347,512,1024,32768,32768,,16384,16384,10,3,49,15,1775764768000,pumpfun,REPEAT
2026-04-09T22:51:57.388Z,9SeCSdbPzz95KomGUGEV9Shn2zGXNmMJhE9J72Hipump,Iroha,イロハ,solana,0.001346,8192,32768,524288,2097152,131072,1048576,1048576,47,28,292,242,1775525060000,pumpswap,REPEAT
2026-04-09T22:51:57.388Z,2dcZKtCoJKABSNxfuTZ3Q25Lz3bdiKnYBC7U5ydUpump,UNIQORN,1B waitnig room,solana,0.000002120,8,256,131072,131072,4096,2048,2048,,1,2,6,1775763825000,pumpswap,REPEAT
2026-04-09T22:51:57.388Z,Cin7FJ8fHksui69umL8yE7dCjVRTMT1PVCiU3CTXpump,QSB,Quantum-Safe Bitcoin,solana,0.000003958,128,2048,65536,65536,,4096,4096,3,1,25,20,1775765423000,pumpfun,REPEAT
2026-04-09T22:51:57.388Z,2TpMjYXnrgxoeVCq2i6EAR8vNWqe5MNvHCz3bENNpump,CHIBI,Chibification,solana,0.0004720,1024,32768,65536,262144,65536,524288,524288,4,7,160,111,1773913358000,pumpswap,REPEAT
2026-04-09T22:51:57.388Z,3qoH8a7chfVTV5xVRtB4dm3TwjprPRHRbCAnLCmEpump,BECK,Adom Beck,solana,0.000001800,0,64,524288,524288,4096,2048,2048,,1,1,7,1775764155000,pumpswap,REPEAT
2026-04-09T22:51:57.388Z,Guf6w2MNAHUe2DSVVH9rFRsN5s9CDjEFxcaQKdCEpump,OILUP,Liquid Gold,solana,0.00002346,,32,4096,8192,,32768,32768,,,3,2,1775575647000,pumpfun,REPEAT
2026-04-09T22:51:57.388Z,4sgCNP7ykejUaSvaGDhkq7JYqrLKB6M1Gq2X1rxSpump,PUMPPERPS,PumpPerps,solana,0.00009438,1,128,4096,32768,32768,131072,131072,1,,3,1,1774753446000,pumpswap,REPEAT
2026-04-09T22:51:57.388Z,4bcNC4acj9Cp2Gvi95E3KeeUvSKhRo6xiRemFeePpump,$NERON,Neron Wake up,solana,0.000003780,,2,1024,1024,4096,4096,4096,,,1,2,1772100899000,pumpswap,REPEAT
2026-04-09T22:51:57.388Z,Cm6fNnMk7NfzStP9CZpsQA2v3jjzbcYGAxdJySmHpump,Buttcoin,Buttcoin,solana,0.01047,4096,16384,131072,262144,524288,8388608,8388608,18,50,62,201,1767965767000,pumpswap,REPEAT
2026-04-09T22:51:57.388Z,4w6L45CyceULSKv1WpAkXfNqvs8QzsXAp6hitHYMpump,Freedom250,Freedom 250,solana,0.00006869,256,16384,65536,65536,16384,65536,65536,6,4,111,113,1775760862000,pumpswap,REPEAT
2026-04-09T22:51:57.388Z,5xNgCvoNGvczehFW75NUKCAdjjANR71qkWnimSy6pump,CRYPTO,Cryptobatrachus Boulengeri,solana,0.000004146,128,2048,524288,524288,4096,4096,4096,10,3,86,88,1775760237000,pumpswap,REPEAT
2026-04-09T22:51:57.388Z,36LH66oxCatKUCQHnRFChR25F6pzDjBbtsTiWSkYWEqE,SDR,Strategic Defense Reserve,solana,0.001224,1024,8192,65536,262144,65536,1048576,1048576,42,30,375,283,1775673065000,meteora,REPEAT
2026-04-09T22:51:57.388Z,98t9PEJF5QvAdGhu3MuQ2ww57NkRV1Rg7evSZNFxpump,$BABYTAN,BabyTan,solana,0.000007958,64,256,2048,16384,,8192,8192,,1,,3,1775571529000,pumpfun,REPEAT
2026-04-09T22:51:57.388Z,EG7XoDFvtRocfZAKUeTFJTqrfqoz2SnDZWwHDi7Npump,Epic,Epic,solana,0.000003366,,512,65536,65536,,4096,4096,,,3,11,1775759358000,pumpfun,REPEAT
2026-04-09T22:56:57.388Z,DNj6DDhWiK3MHYM9oyEzpKwJ2oYhVexxDvReGTN6pump,MEMETF,MemeTF,solana,0.00001108,256,4096,32768,32768,,8192,8192,10,4,60,35,1775765043000,pumpfun,NEW
2026-04-09T22:56:57.388Z,BEYgnrA1PTj9rrWfe7EEEFpD7KbBGXgjpEQNcM5ppump,WOJI,wojimoji,solana,0.0003605,65536,1048576,1048576,1048576,65536,262144,262144,267,152,2811,2185,1775772988000,pumpswap,REPEAT
2026-04-09T22:56:57.388Z,78E7b7iA5AbSLBss3Whhbmh81pncYS4bRVsFpRx9pump,FARTROCKET,Fart Rocket,solana,0.000003135,32768,1048576,1048576,1048576,4096,4096,4096,195,759,3901,3698,1775773501000,pumpswap,REPEAT
2026-04-09T22:56:57.388Z,gqqPZaSV2UDmEi3dhBzA6u6x5ZTLAXPntHZ5gQ4pump,Monke,Monke,solana,0.00001181,16,2048,2048,8192,8192,8192,8192,2,,42,12,1773824795000,pumpswap,REPEAT
2026-04-09T22:56:57.388Z,41QbtLKqJmPCP5TmnHx9pVQtwCGDc1GV5A4WVfy9pump,MOODUANG,Moo Duang,solana,0.00003800,2048,32768,65536,131072,16384,32768,32768,65,34,2547,2197,1775743897000,pumpswap,REPEAT
2026-04-09T22:56:57.388Z,6DHUPxbG7evPY17zHSsmZWbc3wgQEPAdoH9KawBJvVHU,888,888,solana,0.00002099,,1024,1024,1024,4096,16384,16384,,,22,19,1716383884000,raydium,REPEAT
2026-04-09T22:56:57.388Z,CZEd2GHTe5s8iJsw4VVbnmvmwuUhZC3t6WHqhtCZpump,Kris Jenner,皇太后,solana,0.00001254,64,2048,4096,16384,8192,16384,16384,1,1,13,36,1774884164000,pumpswap,REPEAT
2026-04-09T22:56:57.388Z,DFPGnooMjWMttYGF2Pegmsp4Vj2VFhLyrxc5Cp1wpump,CR,Crypto Revolution ,solana,0.00003362,128,512,1024,4096,16384,32768,32768,,1,5,3,1775619853000,pumpswap,REPEAT
2026-04-09T22:56:57.388Z,Drfv7jnfTXpEMuppzBZnBxpSyfpTWUqeTqMhoGfzpump,PEPE,PEPE,solana,0.0001245,2048,32768,131072,524288,32768,131072,131072,183,85,2285,960,1775163619000,pumpswap,REPEAT
2026-04-09T22:56:57.388Z,FGGPS8iF8DMu2NYWr7nqx83TxXPBSNLciupEVYtqpump,boomer,boomer,solana,0.000003888,128,8192,131072,131072,,4096,4096,2,4,116,171,1775769600000,pumpfun,REPEAT
2026-04-09T22:56:57.388Z,E1LcEbomSMMEDmvGdyG84auj9m8D26gLHXm4qSaWpump,ACTB,Act B : The Satoshi Prophecy,solana,0.000001965,32,524288,1048576,1048576,4096,2048,2048,1,1,3054,2806,1775770358000,pumpswap,REPEAT
2026-04-09T22:56:57.388Z,65AhQVGatKKr2wYMcKB7DLbyzZrvALtEA5ZcHuacpump,MMIWG2S,MMIWG2SLGBTQQIA+,solana,0.0001480,2048,32768,262144,1048576,32768,131072,131072,48,16,419,315,1775699055000,pumpswap,REPEAT
2026-04-09T22:56:57.388Z,65AhQVGatKKr2wYMcKB7DLbyzZrvALtEA5ZcHuacpump,MMIWG2S,MMIWG2SLGBTQQIA+,solana,0.0001480,2048,32768,262144,1048576,32768,131072,131072,48,16,419,315,1775699055000,pumpswap,REPEAT
2026-04-09T22:56:57.388Z,tNCAMwnoRXoPyyoonuea5X1HHvfTTgHUsK16cBupump,LOLFART,LOL Fart,solana,0.000002019,,256,1048576,1048576,4096,2048,2048,,,13,27,1775767494000,pumpswap,REPEAT
2026-04-09T22:56:57.388Z,Huh3G975pLP3WTXKDnsaCTu7enAoFsHMFJCbFLeNpump,FOMO,FOMO,solana,0.0004410,256,8192,32768,32768,65536,262144,262144,,1,51,31,1772016102000,pumpswap,REPEAT
2026-04-09T22:56:57.388Z,4HuQ3J9JLMNUTQ5ybh9ja3E4Pu78jv52FfeNNgzPpump,IRyS,IRyS,solana,0.000002072,16384,262144,1048576,1048576,4096,2048,2048,106,3435,2441,5412,1775766499000,pumpswap,REPEAT
2026-04-09T22:56:57.388Z,AThx9qd79fndAR9A48wd4pqhZSDqre78Gj67QcUgpump,Upril,Upril,solana,0.00001455,512,2048,32768,32768,,16384,16384,15,2,65,17,1775764768000,pumpfun,REPEAT
2026-04-09T22:56:57.388Z,9SeCSdbPzz95KomGUGEV9Shn2zGXNmMJhE9J72Hipump,Iroha,イロハ,solana,0.001443,8192,65536,524288,2097152,131072,1048576,1048576,37,65,306,301,1775525060000,pumpswap,REPEAT
2026-04-09T22:56:57.388Z,2dcZKtCoJKABSNxfuTZ3Q25Lz3bdiKnYBC7U5ydUpump,UNIQORN,1B waitnig room,solana,0.000002141,8,256,131072,131072,4096,2048,2048,1,,3,5,1775763825000,pumpswap,REPEAT
2026-04-09T22:56:57.388Z,Cin7FJ8fHksui69umL8yE7dCjVRTMT1PVCiU3CTXpump,QSB,Quantum-Safe Bitcoin,solana,0.000003769,64,1024,65536,65536,,4096,4096,,5,20,20,1775765423000,pumpfun,REPEAT
2026-04-09T22:56:57.388Z,2TpMjYXnrgxoeVCq2i6EAR8vNWqe5MNvHCz3bENNpump,CHIBI,Chibification,solana,0.0004612,4096,32768,65536,262144,65536,524288,524288,37,4,194,111,1773913358000,pumpswap,REPEAT
2026-04-09T22:56:57.388Z,3qoH8a7chfVTV5xVRtB4dm3TwjprPRHRbCAnLCmEpump,BECK,Adom Beck,solana,0.000001832,16,64,524288,524288,4096,2048,2048,1,,2,5,1775764155000,pumpswap,REPEAT
2026-04-09T22:56:57.388Z,Guf6w2MNAHUe2DSVVH9rFRsN5s9CDjEFxcaQKdCEpump,OILUP,Liquid Gold,solana,0.00002346,,32,4096,8192,,32768,32768,,,3,2,1775575647000,pumpfun,REPEAT
2026-04-09T22:56:57.388Z,4sgCNP7ykejUaSvaGDhkq7JYqrLKB6M1Gq2X1rxSpump,PUMPPERPS,PumpPerps,solana,0.00009289,128,256,4096,32768,32768,131072,131072,1,1,4,2,1774753446000,pumpswap,REPEAT
2026-04-09T22:56:57.388Z,4bcNC4acj9Cp2Gvi95E3KeeUvSKhRo6xiRemFeePpump,$NERON,Neron Wake up,solana,0.000003780,,2,1024,1024,4096,4096,4096,,,1,2,1772100899000,pumpswap,REPEAT
2026-04-09T22:56:57.388Z,Cm6fNnMk7NfzStP9CZpsQA2v3jjzbcYGAxdJySmHpump,Buttcoin,Buttcoin,solana,0.01052,4096,16384,131072,262144,524288,8388608,8388608,7,40,68,243,1767965767000,pumpswap,REPEAT
2026-04-09T22:56:57.388Z,4w6L45CyceULSKv1WpAkXfNqvs8QzsXAp6hitHYMpump,Freedom250,Freedom 250,solana,0.00006850,512,16384,65536,65536,16384,65536,65536,7,6,118,121,1775760862000,pumpswap,REPEAT
2026-04-09T22:56:57.388Z,5xNgCvoNGvczehFW75NUKCAdjjANR71qkWnimSy6pump,CRYPTO,Cryptobatrachus Boulengeri,solana,0.000004433,128,2048,524288,524288,4096,4096,4096,2,1,85,82,1775760237000,pumpswap,REPEAT
2026-04-09T22:56:57.388Z,36LH66oxCatKUCQHnRFChR25F6pzDjBbtsTiWSkYWEqE,SDR,Strategic Defense Reserve,solana,0.001224,64,8192,65536,262144,65536,1048576,1048576,6,6,326,271,1775673065000,meteora,REPEAT
2026-04-09T22:56:57.388Z,98t9PEJF5QvAdGhu3MuQ2ww57NkRV1Rg7evSZNFxpump,$BABYTAN,BabyTan,solana,0.000007958,,256,2048,16384,,8192,8192,,,,3,1775571529000,pumpfun,REPEAT
2026-04-09T23:01:57.389Z,5j9iwWiesC4vKxHWcuRaqZ1qbQJRjnmJoZKJYA2Ypump,Nostalgia ,Do you remember that one time? ,solana,0.000003089,512,1024,1024,1024,,4096,4096,8,1,13,4,1775774800000,pumpfun,NEW
2026-04-09T23:01:57.389Z,DNj6DDhWiK3MHYM9oyEzpKwJ2oYhVexxDvReGTN6pump,MEMETF,MemeTF,solana,0.000008223,1024,4096,32768,32768,,8192,8192,5,8,58,40,1775765043000,pumpfun,REPEAT
2026-04-09T23:01:57.389Z,BEYgnrA1PTj9rrWfe7EEEFpD7KbBGXgjpEQNcM5ppump,WOJI,wojimoji,solana,0.0004106,65536,1048576,1048576,1048576,65536,524288,524288,258,156,3105,2361,1775772988000,pumpswap,REPEAT
2026-04-09T23:01:57.389Z,78E7b7iA5AbSLBss3Whhbmh81pncYS4bRVsFpRx9pump,FARTROCKET,Fart Rocket,solana,0.000002403,1024,1048576,1048576,1048576,4096,2048,2048,32,21,3937,3722,1775773501000,pumpswap,REPEAT
2026-04-09T23:01:57.389Z,gqqPZaSV2UDmEi3dhBzA6u6x5ZTLAXPntHZ5gQ4pump,Monke,Monke,solana,0.00001181,,1024,2048,8192,8192,8192,8192,,,38,12,1773824795000,pumpswap,REPEAT
2026-04-09T23:01:57.389Z,41QbtLKqJmPCP5TmnHx9pVQtwCGDc1GV5A4WVfy9pump,MOODUANG,Moo Duang,solana,0.00003956,2048,32768,65536,131072,16384,32768,32768,57,37,2582,2232,1775743897000,pumpswap,REPEAT
2026-04-09T23:01:57.389Z,6DHUPxbG7evPY17zHSsmZWbc3wgQEPAdoH9KawBJvVHU,888,888,solana,0.00002099,,1024,1024,1024,4096,16384,16384,,,21,18,1716383884000,raydium,REPEAT
2026-04-09T23:01:57.389Z,CZEd2GHTe5s8iJsw4VVbnmvmwuUhZC3t6WHqhtCZpump,Kris Jenner,皇太后,solana,0.00001221,64,2048,4096,16384,8192,16384,16384,,2,13,38,1774884164000,pumpswap,REPEAT
2026-04-09T23:01:57.389Z,DFPGnooMjWMttYGF2Pegmsp4Vj2VFhLyrxc5Cp1wpump,CR,Crypto Revolution ,solana,0.00003362,,512,1024,4096,16384,32768,32768,,,4,3,1775619853000,pumpswap,REPEAT
2026-04-09T23:01:57.389Z,Drfv7jnfTXpEMuppzBZnBxpSyfpTWUqeTqMhoGfzpump,PEPE,PEPE,solana,0.0001271,1024,32768,131072,524288,32768,131072,131072,183,82,2298,984,1775163619000,pumpswap,REPEAT
2026-04-09T23:01:57.389Z,FGGPS8iF8DMu2NYWr7nqx83TxXPBSNLciupEVYtqpump,boomer,boomer,solana,0.000003829,32,8192,131072,131072,,4096,4096,2,3,102,168,1775769600000,pumpfun,REPEAT
2026-04-09T23:01:57.389Z,E1LcEbomSMMEDmvGdyG84auj9m8D26gLHXm4qSaWpump,ACTB,Act B : The Satoshi Prophecy,solana,0.000001981,1,524288,1048576,1048576,4096,2048,2048,2,1,2520,2475,1775770358000,pumpswap,REPEAT
2026-04-09T23:01:57.389Z,65AhQVGatKKr2wYMcKB7DLbyzZrvALtEA5ZcHuacpump,MMIWG2S,MMIWG2SLGBTQQIA+,solana,0.0001763,4096,32768,262144,1048576,32768,131072,131072,37,38,431,322,1775699055000,pumpswap,REPEAT
2026-04-09T23:01:57.389Z,65AhQVGatKKr2wYMcKB7DLbyzZrvALtEA5ZcHuacpump,MMIWG2S,MMIWG2SLGBTQQIA+,solana,0.0001763,4096,32768,262144,1048576,32768,131072,131072,37,38,431,322,1775699055000,pumpswap,REPEAT
2026-04-09T23:01:57.389Z,tNCAMwnoRXoPyyoonuea5X1HHvfTTgHUsK16cBupump,LOLFART,LOL Fart,solana,0.000002006,1,256,1048576,1048576,4096,2048,2048,,2,12,24,1775767494000,pumpswap,REPEAT
2026-04-09T23:01:57.389Z,Huh3G975pLP3WTXKDnsaCTu7enAoFsHMFJCbFLeNpump,FOMO,FOMO,solana,0.0004410,,8192,32768,32768,65536,262144,262144,,,51,30,1772016102000,pumpswap,REPEAT
2026-04-09T23:01:57.389Z,4HuQ3J9JLMNUTQ5ybh9ja3E4Pu78jv52FfeNNgzPpump,IRyS,IRyS,solana,0.000001842,128,262144,1048576,1048576,4096,2048,2048,2,5580,2159,10811,1775766499000,pumpswap,REPEAT
2026-04-09T23:01:57.389Z,AThx9qd79fndAR9A48wd4pqhZSDqre78Gj67QcUgpump,Upril,Upril,solana,0.00001430,1024,2048,65536,65536,,16384,16384,10,6,65,21,1775764768000,pumpfun,REPEAT
2026-04-09T23:01:57.389Z,9SeCSdbPzz95KomGUGEV9Shn2zGXNmMJhE9J72Hipump,Iroha,イロハ,solana,0.001512,4096,65536,524288,2097152,131072,2097152,2097152,12,34,284,317,1775525060000,pumpswap,REPEAT
2026-04-09T23:01:57.389Z,2dcZKtCoJKABSNxfuTZ3Q25Lz3bdiKnYBC7U5ydUpump,UNIQORN,1B waitnig room,solana,0.000002141,,128,131072,131072,4096,2048,2048,,,2,5,1775763825000,pumpswap,REPEAT
2026-04-09T23:01:57.389Z,Cin7FJ8fHksui69umL8yE7dCjVRTMT1PVCiU3CTXpump,QSB,Quantum-Safe Bitcoin,solana,0.000003802,16,512,65536,65536,,4096,4096,2,,20,18,1775765423000,pumpfun,REPEAT
2026-04-09T23:01:57.389Z,2TpMjYXnrgxoeVCq2i6EAR8vNWqe5MNvHCz3bENNpump,CHIBI,Chibification,solana,0.0004522,128,32768,65536,262144,65536,524288,524288,2,4,190,112,1773913358000,pumpswap,REPEAT
2026-04-09T23:01:57.389Z,3qoH8a7chfVTV5xVRtB4dm3TwjprPRHRbCAnLCmEpump,BECK,Adom Beck,solana,0.000001832,,64,524288,524288,4096,2048,2048,,,2,5,1775764155000,pumpswap,REPEAT
2026-04-09T23:01:57.389Z,Guf6w2MNAHUe2DSVVH9rFRsN5s9CDjEFxcaQKdCEpump,OILUP,Liquid Gold,solana,0.00002322,8,64,4096,8192,,32768,32768,1,1,4,2,1775575647000,pumpfun,REPEAT
2026-04-09T23:01:57.389Z,4sgCNP7ykejUaSvaGDhkq7JYqrLKB6M1Gq2X1rxSpump,PUMPPERPS,PumpPerps,solana,0.00009264,4,256,4096,32768,32768,65536,65536,2,,6,2,1774753446000,pumpswap,REPEAT
2026-04-09T23:01:57.389Z,4bcNC4acj9Cp2Gvi95E3KeeUvSKhRo6xiRemFeePpump,$NERON,Neron Wake up,solana,0.000003780,,2,1024,1024,4096,4096,4096,,,1,2,1772100899000,pumpswap,REPEAT
2026-04-09T23:01:57.389Z,Cm6fNnMk7NfzStP9CZpsQA2v3jjzbcYGAxdJySmHpump,Buttcoin,Buttcoin,solana,0.01068,1024,32768,131072,262144,524288,8388608,8388608,2,30,69,291,1767965767000,pumpswap,REPEAT
2026-04-09T23:01:57.389Z,4w6L45CyceULSKv1WpAkXfNqvs8QzsXAp6hitHYMpump,Freedom250,Freedom 250,solana,0.00006832,512,16384,65536,65536,16384,65536,65536,5,6,119,124,1775760862000,pumpswap,REPEAT
2026-04-09T23:01:57.389Z,5xNgCvoNGvczehFW75NUKCAdjjANR71qkWnimSy6pump,CRYPTO,Cryptobatrachus Boulengeri,solana,0.000004447,8,2048,524288,524288,4096,4096,4096,2,2,67,76,1775760237000,pumpswap,REPEAT
2026-04-09T23:01:57.389Z,36LH66oxCatKUCQHnRFChR25F6pzDjBbtsTiWSkYWEqE,SDR,Strategic Defense Reserve,solana,0.001231,1024,8192,65536,262144,65536,1048576,1048576,35,24,301,247,1775673065000,meteora,REPEAT
2026-04-09T23:06:57.390Z,5j9iwWiesC4vKxHWcuRaqZ1qbQJRjnmJoZKJYA2Ypump,Nostalgia ,Do you remember that one time? ,solana,0.000002678,256,1024,1024,1024,,2048,2048,1,4,14,8,1775774800000,pumpfun,REPEAT
2026-04-09T23:06:57.390Z,DNj6DDhWiK3MHYM9oyEzpKwJ2oYhVexxDvReGTN6pump,MEMETF,MemeTF,solana,0.000008222,512,4096,32768,32768,,8192,8192,9,10,65,48,1775765043000,pumpfun,REPEAT
2026-04-09T23:06:57.390Z,BEYgnrA1PTj9rrWfe7EEEFpD7KbBGXgjpEQNcM5ppump,WOJI,wojimoji,solana,0.0004806,65536,1048576,1048576,1048576,65536,524288,524288,221,175,3345,2561,1775772988000,pumpswap,REPEAT
2026-04-09T23:06:57.390Z,78E7b7iA5AbSLBss3Whhbmh81pncYS4bRVsFpRx9pump,FARTROCKET,Fart Rocket,solana,0.000002374,32,1048576,1048576,1048576,4096,2048,2048,2,7,3939,3730,1775773501000,pumpswap,REPEAT
2026-04-09T23:06:57.390Z,gqqPZaSV2UDmEi3dhBzA6u6x5ZTLAXPntHZ5gQ4pump,Monke,Monke,solana,0.00001185,8,1024,2048,8192,8192,8192,8192,1,,37,12,1773824795000,pumpswap,REPEAT
2026-04-09T23:06:57.390Z,41QbtLKqJmPCP5TmnHx9pVQtwCGDc1GV5A4WVfy9pump,MOODUANG,Moo Duang,solana,0.00003234,2048,32768,65536,131072,16384,32768,32768,61,41,2603,2261,1775743897000,pumpswap,REPEAT
2026-04-09T23:06:57.390Z,6DHUPxbG7evPY17zHSsmZWbc3wgQEPAdoH9KawBJvVHU,888,888,solana,0.00002099,,1024,1024,1024,4096,16384,16384,,,21,18,1716383884000,raydium,REPEAT
2026-04-09T23:06:57.390Z,CZEd2GHTe5s8iJsw4VVbnmvmwuUhZC3t6WHqhtCZpump,Kris Jenner,皇太后,solana,0.00001456,512,2048,4096,16384,8192,16384,16384,3,3,15,38,1774884164000,pumpswap,REPEAT
2026-04-09T23:06:57.390Z,DFPGnooMjWMttYGF2Pegmsp4Vj2VFhLyrxc5Cp1wpump,CR,Crypto Revolution ,solana,0.00003362,,256,1024,4096,16384,32768,32768,,,1,2,1775619853000,pumpswap,REPEAT
2026-04-09T23:06:57.390Z,Drfv7jnfTXpEMuppzBZnBxpSyfpTWUqeTqMhoGfzpump,PEPE,PEPE,solana,0.0001280,2048,32768,131072,524288,32768,131072,131072,184,78,2314,1007,1775163619000,pumpswap,REPEAT
2026-04-09T23:06:57.390Z,FGGPS8iF8DMu2NYWr7nqx83TxXPBSNLciupEVYtqpump,boomer,boomer,solana,0.000003763,32,8192,131072,131072,,4096,4096,,4,83,157,1775769600000,pumpfun,REPEAT
2026-04-09T23:06:57.390Z,E1LcEbomSMMEDmvGdyG84auj9m8D26gLHXm4qSaWpump,ACTB,Act B : The Satoshi Prophecy,solana,0.000001990,16,262144,1048576,1048576,4096,2048,2048,1,1,1988,2124,1775770358000,pumpswap,REPEAT
2026-04-09T23:06:57.390Z,65AhQVGatKKr2wYMcKB7DLbyzZrvALtEA5ZcHuacpump,MMIWG2S,MMIWG2SLGBTQQIA+,solana,0.0001697,2048,32768,262144,1048576,32768,131072,131072,44,27,459,325,1775699055000,pumpswap,REPEAT
2026-04-09T23:06:57.390Z,65AhQVGatKKr2wYMcKB7DLbyzZrvALtEA5ZcHuacpump,MMIWG2S,MMIWG2SLGBTQQIA+,solana,0.0001697,2048,32768,262144,1048576,32768,131072,131072,44,27,459,325,1775699055000,pumpswap,REPEAT
2026-04-09T23:06:57.390Z,tNCAMwnoRXoPyyoonuea5X1HHvfTTgHUsK16cBupump,LOLFART,LOL Fart,solana,0.000002006,,256,1048576,1048576,4096,2048,2048,,,4,24,1775767494000,pumpswap,REPEAT
2026-04-09T23:06:57.390Z,Huh3G975pLP3WTXKDnsaCTu7enAoFsHMFJCbFLeNpump,FOMO,FOMO,solana,0.0004319,256,8192,32768,32768,65536,262144,262144,1,1,47,21,1772016102000,pumpswap,REPEAT
2026-04-09T23:06:57.390Z,4HuQ3J9JLMNUTQ5ybh9ja3E4Pu78jv52FfeNNgzPpump,IRyS,IRyS,solana,0.000001823,4,262144,1048576,1048576,4096,2048,2048,,308,1887,10869,1775766499000,pumpswap,REPEAT
2026-04-09T23:06:57.390Z,AThx9qd79fndAR9A48wd4pqhZSDqre78Gj67QcUgpump,Upril,Upril,solana,0.00001463,64,2048,65536,65536,,16384,16384,7,,72,20,1775764768000,pumpfun,REPEAT
2026-04-09T23:06:57.390Z,9SeCSdbPzz95KomGUGEV9Shn2zGXNmMJhE9J72Hipump,Iroha,イロハ,solana,0.001521,1024,65536,524288,2097152,131072,2097152,2097152,10,9,278,301,1775525060000,pumpswap,REPEAT
2026-04-09T23:06:57.390Z,2dcZKtCoJKABSNxfuTZ3Q25Lz3bdiKnYBC7U5ydUpump,UNIQORN,1B waitnig room,solana,0.000002141,,128,131072,131072,4096,2048,2048,,,2,5,1775763825000,pumpswap,REPEAT
2026-04-09T23:06:57.390Z,Cin7FJ8fHksui69umL8yE7dCjVRTMT1PVCiU3CTXpump,QSB,Quantum-Safe Bitcoin,solana,0.000003605,64,512,65536,65536,,4096,4096,1,2,17,19,1775765423000,pumpfun,REPEAT
2026-04-09T23:06:57.390Z,2TpMjYXnrgxoeVCq2i6EAR8vNWqe5MNvHCz3bENNpump,CHIBI,Chibification,solana,0.0004594,256,32768,65536,262144,65536,524288,524288,4,7,184,114,1773913358000,pumpswap,REPEAT
2026-04-09T23:06:57.390Z,3qoH8a7chfVTV5xVRtB4dm3TwjprPRHRbCAnLCmEpump,BECK,Adom Beck,solana,0.000001832,,64,524288,524288,4096,2048,2048,,,2,5,1775764155000,pumpswap,REPEAT
2026-04-09T23:06:57.390Z,Guf6w2MNAHUe2DSVVH9rFRsN5s9CDjEFxcaQKdCEpump,OILUP,Liquid Gold,solana,0.00002322,,64,4096,8192,,32768,32768,,,4,2,1775575647000,pumpfun,REPEAT
2026-04-09T23:06:57.390Z,4sgCNP7ykejUaSvaGDhkq7JYqrLKB6M1Gq2X1rxSpump,PUMPPERPS,PumpPerps,solana,0.00009271,,256,4096,32768,32768,131072,131072,,,8,2,1774753446000,pumpswap,REPEAT
2026-04-09T23:06:57.390Z,4bcNC4acj9Cp2Gvi95E3KeeUvSKhRo6xiRemFeePpump,$NERON,Neron Wake up,solana,0.000003780,,2,1024,1024,4096,4096,4096,,,1,2,1772100899000,pumpswap,REPEAT
2026-04-09T23:06:57.390Z,Cm6fNnMk7NfzStP9CZpsQA2v3jjzbcYGAxdJySmHpump,Buttcoin,Buttcoin,solana,0.01041,2048,32768,131072,262144,524288,8388608,8388608,11,1,80,293,1767965767000,pumpswap,REPEAT
2026-04-09T23:06:57.390Z,4w6L45CyceULSKv1WpAkXfNqvs8QzsXAp6hitHYMpump,Freedom250,Freedom 250,solana,0.00006862,512,16384,65536,65536,16384,65536,65536,5,5,109,125,1775760862000,pumpswap,REPEAT
2026-04-09T23:06:57.390Z,5xNgCvoNGvczehFW75NUKCAdjjANR71qkWnimSy6pump,CRYPTO,Cryptobatrachus Boulengeri,solana,0.000004395,,2048,524288,524288,4096,4096,4096,,,64,67,1775760237000,pumpswap,REPEAT
2026-04-09T23:06:57.390Z,36LH66oxCatKUCQHnRFChR25F6pzDjBbtsTiWSkYWEqE,SDR,Strategic Defense Reserve,solana,0.001242,1024,8192,65536,262144,65536,1048576,1048576,39,49,263,238,1775673065000,meteora,REPEAT
2026-04-09T23:11:57.390Z,5j9iwWiesC4vKxHWcuRaqZ1qbQJRjnmJoZKJYA2Ypump,Nostalgia ,Do you remember that one time? ,solana,0.000002719,32,1024,1024,1024,,2048,2048,2,1,16,9,1775774800000,pumpfun,REPEAT
2026-04-09T23:11:57.390Z,DNj6DDhWiK3MHYM9oyEzpKwJ2oYhVexxDvReGTN6pump,MEMETF,MemeTF,solana,0.000008150,1024,4096,32768,32768,,8192,8192,12,8,73,50,1775765043000,pumpfun,REPEAT
2026-04-09T23:11:57.390Z,BEYgnrA1PTj9rrWfe7EEEFpD7KbBGXgjpEQNcM5ppump,WOJI,wojimoji,solana,0.0002028,65536,1048576,1048576,1048576,32768,262144,262144,344,207,3723,2783,1775772988000,pumpswap,REPEAT
2026-04-09T23:11:57.390Z,78E7b7iA5AbSLBss3Whhbmh81pncYS4bRVsFpRx9pump,FARTROCKET,Fart Rocket,solana,0.000002402,16,1048576,1048576,1048576,4096,2048,2048,1,3,3940,3733,1775773501000,pumpswap,REPEAT
2026-04-09T23:11:57.390Z,gqqPZaSV2UDmEi3dhBzA6u6x5ZTLAXPntHZ5gQ4pump,Monke,Monke,solana,0.00001185,,1024,2048,8192,8192,8192,8192,,,36,12,1773824795000,pumpswap,REPEAT
2026-04-09T23:11:57.390Z,41QbtLKqJmPCP5TmnHx9pVQtwCGDc1GV5A4WVfy9pump,MOODUANG,Moo Duang,solana,0.00003525,2048,32768,65536,131072,16384,32768,32768,47,29,2631,2283,1775743897000,pumpswap,REPEAT
2026-04-09T23:11:57.390Z,6DHUPxbG7evPY17zHSsmZWbc3wgQEPAdoH9KawBJvVHU,888,888,solana,0.00002099,,512,1024,1024,4096,16384,16384,,,17,14,1716383884000,raydium,REPEAT
2026-04-09T23:11:57.390Z,CZEd2GHTe5s8iJsw4VVbnmvmwuUhZC3t6WHqhtCZpump,Kris Jenner,皇太后,solana,0.00001456,,1024,4096,16384,8192,16384,16384,,,9,22,1774884164000,pumpswap,REPEAT
2026-04-09T23:11:57.390Z,DFPGnooMjWMttYGF2Pegmsp4Vj2VFhLyrxc5Cp1wpump,CR,Crypto Revolution ,solana,0.00003362,,128,1024,4096,16384,32768,32768,,,1,1,1775619853000,pumpswap,REPEAT
2026-04-09T23:11:57.390Z,Drfv7jnfTXpEMuppzBZnBxpSyfpTWUqeTqMhoGfzpump,PEPE,PEPE,solana,0.0001353,2048,32768,131072,524288,32768,131072,131072,193,78,2329,1007,1775163619000,pumpswap,REPEAT
2026-04-09T23:11:57.390Z,FGGPS8iF8DMu2NYWr7nqx83TxXPBSNLciupEVYtqpump,boomer,boomer,solana,0.000003623,64,8192,131072,131072,,4096,4096,,4,72,158,1775769600000,pumpfun,REPEAT
2026-04-09T23:11:57.390Z,E1LcEbomSMMEDmvGdyG84auj9m8D26gLHXm4qSaWpump,ACTB,Act B : The Satoshi Prophecy,solana,0.000002015,32,262144,1048576,1048576,4096,2048,2048,1,2,1497,1764,1775770358000,pumpswap,REPEAT
2026-04-09T23:11:57.390Z,65AhQVGatKKr2wYMcKB7DLbyzZrvALtEA5ZcHuacpump,MMIWG2S,MMIWG2SLGBTQQIA+,solana,0.0001739,2048,32768,262144,1048576,32768,131072,131072,24,32,381,324,1775699055000,pumpswap,REPEAT
2026-04-09T23:11:57.390Z,65AhQVGatKKr2wYMcKB7DLbyzZrvALtEA5ZcHuacpump,MMIWG2S,MMIWG2SLGBTQQIA+,solana,0.0001739,2048,32768,262144,1048576,32768,131072,131072,24,32,381,324,1775699055000,pumpswap,REPEAT
2026-04-09T23:11:57.390Z,tNCAMwnoRXoPyyoonuea5X1HHvfTTgHUsK16cBupump,LOLFART,LOL Fart,solana,0.000002006,,256,1048576,1048576,4096,2048,2048,,,3,24,1775767494000,pumpswap,REPEAT
2026-04-09T23:11:57.390Z,Huh3G975pLP3WTXKDnsaCTu7enAoFsHMFJCbFLeNpump,FOMO,FOMO,solana,0.0004319,,4096,32768,32768,65536,262144,262144,,,42,15,1772016102000,pumpswap,REPEAT
2026-04-09T23:11:57.390Z,4HuQ3J9JLMNUTQ5ybh9ja3E4Pu78jv52FfeNNgzPpump,IRyS,IRyS,solana,0.000001823,0,262144,1048576,1048576,4096,2048,2048,,2,1730,10742,1775766499000,pumpswap,REPEAT
2026-04-09T23:11:57.390Z,AThx9qd79fndAR9A48wd4pqhZSDqre78Gj67QcUgpump,Upril,Upril,solana,0.00001476,32,2048,65536,65536,,16384,16384,7,,78,20,1775764768000,pumpfun,REPEAT
2026-04-09T23:11:57.390Z,9SeCSdbPzz95KomGUGEV9Shn2zGXNmMJhE9J72Hipump,Iroha,イロハ,solana,0.001535,4096,65536,524288,2097152,131072,2097152,2097152,15,19,269,306,1775525060000,pumpswap,REPEAT
2026-04-09T23:11:57.390Z,2dcZKtCoJKABSNxfuTZ3Q25Lz3bdiKnYBC7U5ydUpump,UNIQORN,1B waitnig room,solana,0.000002141,,32,131072,131072,4096,2048,2048,,,2,4,1775763825000,pumpswap,REPEAT
2026-04-09T23:11:57.390Z,Cin7FJ8fHksui69umL8yE7dCjVRTMT1PVCiU3CTXpump,QSB,Quantum-Safe Bitcoin,solana,0.000003593,4,512,65536,65536,,4096,4096,1,1,18,19,1775765423000,pumpfun,REPEAT
2026-04-09T23:11:57.390Z,2TpMjYXnrgxoeVCq2i6EAR8vNWqe5MNvHCz3bENNpump,CHIBI,Chibification,solana,0.0004582,256,16384,65536,262144,65536,524288,524288,4,4,169,104,1773913358000,pumpswap,REPEAT
2026-04-09T23:11:57.390Z,3qoH8a7chfVTV5xVRtB4dm3TwjprPRHRbCAnLCmEpump,BECK,Adom Beck,solana,0.000001832,,64,524288,524288,4096,2048,2048,,,2,5,1775764155000,pumpswap,REPEAT
2026-04-09T23:11:57.390Z,Guf6w2MNAHUe2DSVVH9rFRsN5s9CDjEFxcaQKdCEpump,OILUP,Liquid Gold,solana,0.00002322,,64,4096,8192,,32768,32768,,,4,2,1775575647000,pumpfun,REPEAT
2026-04-09T23:11:57.390Z,4sgCNP7ykejUaSvaGDhkq7JYqrLKB6M1Gq2X1rxSpump,PUMPPERPS,PumpPerps,solana,0.00009271,,256,4096,32768,32768,131072,131072,,,8,2,1774753446000,pumpswap,REPEAT
2026-04-09T23:11:57.390Z,4bcNC4acj9Cp2Gvi95E3KeeUvSKhRo6xiRemFeePpump,$NERON,Neron Wake up,solana,0.000003780,,0,1024,1024,4096,4096,4096,,,,1,1772100899000,pumpswap,REPEAT
2026-04-09T23:11:57.390Z,Cm6fNnMk7NfzStP9CZpsQA2v3jjzbcYGAxdJySmHpump,Buttcoin,Buttcoin,solana,0.01049,2048,32768,131072,262144,524288,8388608,8388608,3,4,81,297,1767965767000,pumpswap,REPEAT
2026-04-09T23:11:57.390Z,4w6L45CyceULSKv1WpAkXfNqvs8QzsXAp6hitHYMpump,Freedom250,Freedom 250,solana,0.00006496,1024,16384,65536,65536,16384,65536,65536,10,22,104,133,1775760862000,pumpswap,REPEAT
2026-04-09T23:11:57.390Z,5xNgCvoNGvczehFW75NUKCAdjjANR71qkWnimSy6pump,CRYPTO,Cryptobatrachus Boulengeri,solana,0.000004395,,2048,524288,524288,4096,4096,4096,,,62,66,1775760237000,pumpswap,REPEAT
2026-04-09T23:11:57.390Z,36LH66oxCatKUCQHnRFChR25F6pzDjBbtsTiWSkYWEqE,SDR,Strategic Defense Reserve,solana,0.001242,512,8192,65536,262144,65536,1048576,1048576,13,13,281,254,1775673065000,meteora,REPEAT
2026-04-09T23:16:57.390Z,FdUmX7zQSZgPxt1D7rtbKQisP4a2MXyejAxEnVvepump,Stoic,Stoicism ,solana,0.00008503,32768,262144,262144,262144,16384,65536,65536,313,207,4346,2690,1775773975000,pumpswap,NEW
2026-04-09T23:16:57.390Z,wwzqJcBxRUDfSZQQv3R4WckkNzpSFjNHkRuzZFcJJZt,JELLYBEAN,JELLYBEAN,solana,0.00003447,,,128,512,16384,32768,32768,,,,,1773329155000,raydium,NEW
2026-04-09T23:16:57.390Z,5j9iwWiesC4vKxHWcuRaqZ1qbQJRjnmJoZKJYA2Ypump,Nostalgia ,Do you remember that one time? ,solana,0.000002719,,1024,1024,1024,,2048,2048,,,16,9,1775774800000,pumpfun,REPEAT
2026-04-09T23:16:57.390Z,DNj6DDhWiK3MHYM9oyEzpKwJ2oYhVexxDvReGTN6pump,MEMETF,MemeTF,solana,0.000007410,512,4096,32768,32768,,8192,8192,5,4,78,50,1775765043000,pumpfun,REPEAT
2026-04-09T23:16:57.390Z,BEYgnrA1PTj9rrWfe7EEEFpD7KbBGXgjpEQNcM5ppump,WOJI,wojimoji,solana,0.0001915,65536,1048576,1048576,1048576,32768,262144,262144,302,240,3946,3003,1775772988000,pumpswap,REPEAT
2026-04-09T23:16:57.390Z,78E7b7iA5AbSLBss3Whhbmh81pncYS4bRVsFpRx9pump,FARTROCKET,Fart Rocket,solana,0.000002273,64,1048576,1048576,1048576,4096,2048,2048,1,2,3941,3735,1775773501000,pumpswap,REPEAT
2026-04-09T23:16:57.390Z,gqqPZaSV2UDmEi3dhBzA6u6x5ZTLAXPntHZ5gQ4pump,Monke,Monke,solana,0.00001185,,1024,2048,8192,8192,8192,8192,,,36,12,1773824795000,pumpswap,REPEAT
2026-04-09T23:16:57.390Z,41QbtLKqJmPCP5TmnHx9pVQtwCGDc1GV5A4WVfy9pump,MOODUANG,Moo Duang,solana,0.00003451,256,32768,65536,131072,16384,32768,32768,11,13,1357,1041,1775743897000,pumpswap,REPEAT
2026-04-09T23:16:57.390Z,6DHUPxbG7evPY17zHSsmZWbc3wgQEPAdoH9KawBJvVHU,888,888,solana,0.00002099,,256,1024,1024,4096,16384,16384,,,11,10,1716383884000,raydium,REPEAT
2026-04-09T23:16:57.390Z,CZEd2GHTe5s8iJsw4VVbnmvmwuUhZC3t6WHqhtCZpump,Kris Jenner,皇太后,solana,0.00001234,512,2048,4096,16384,8192,16384,16384,3,2,11,22,1774884164000,pumpswap,REPEAT
2026-04-09T23:16:57.390Z,DFPGnooMjWMttYGF2Pegmsp4Vj2VFhLyrxc5Cp1wpump,CR,Crypto Revolution ,solana,0.00003362,,128,1024,4096,16384,32768,32768,,,1,1,1775619853000,pumpswap,REPEAT
2026-04-09T23:16:57.390Z,Drfv7jnfTXpEMuppzBZnBxpSyfpTWUqeTqMhoGfzpump,PEPE,PEPE,solana,0.0001516,4096,32768,131072,524288,32768,131072,131072,188,91,2326,1006,1775163619000,pumpswap,REPEAT
2026-04-09T23:16:57.390Z,FGGPS8iF8DMu2NYWr7nqx83TxXPBSNLciupEVYtqpump,boomer,boomer,solana,0.000003622,4,8192,131072,131072,,4096,4096,2,1,67,143,1775769600000,pumpfun,REPEAT
2026-04-09T23:16:57.390Z,E1LcEbomSMMEDmvGdyG84auj9m8D26gLHXm4qSaWpump,ACTB,Act B : The Satoshi Prophecy,solana,0.000002015,,131072,1048576,1048576,4096,2048,2048,,,1050,1434,1775770358000,pumpswap,REPEAT
2026-04-09T23:16:57.390Z,65AhQVGatKKr2wYMcKB7DLbyzZrvALtEA5ZcHuacpump,MMIWG2S,MMIWG2SLGBTQQIA+,solana,0.0001927,4096,32768,262144,1048576,32768,262144,262144,41,41,396,315,1775699055000,pumpswap,REPEAT
2026-04-09T23:16:57.390Z,65AhQVGatKKr2wYMcKB7DLbyzZrvALtEA5ZcHuacpump,MMIWG2S,MMIWG2SLGBTQQIA+,solana,0.0001927,4096,32768,262144,1048576,32768,262144,262144,41,41,396,315,1775699055000,pumpswap,REPEAT
2026-04-09T23:16:57.390Z,tNCAMwnoRXoPyyoonuea5X1HHvfTTgHUsK16cBupump,LOLFART,LOL Fart,solana,0.000001999,0,128,1048576,1048576,4096,2048,2048,,1,2,22,1775767494000,pumpswap,REPEAT
2026-04-09T23:16:57.390Z,Huh3G975pLP3WTXKDnsaCTu7enAoFsHMFJCbFLeNpump,FOMO,FOMO,solana,0.0004306,0,4096,32768,32768,65536,262144,262144,1,,43,14,1772016102000,pumpswap,REPEAT
2026-04-09T23:16:57.390Z,4HuQ3J9JLMNUTQ5ybh9ja3E4Pu78jv52FfeNNgzPpump,IRyS,IRyS,solana,0.000002009,64,131072,1048576,1048576,4096,2048,2048,2,1,1503,10517,1775766499000,pumpswap,REPEAT
2026-04-09T23:16:57.390Z,AThx9qd79fndAR9A48wd4pqhZSDqre78Gj67QcUgpump,Upril,Upril,solana,0.00001472,8,2048,65536,65536,,16384,16384,5,1,83,18,1775764768000,pumpfun,REPEAT
2026-04-09T23:16:57.390Z,9SeCSdbPzz95KomGUGEV9Shn2zGXNmMJhE9J72Hipump,Iroha,イロハ,solana,0.001505,1024,32768,524288,2097152,131072,2097152,2097152,7,30,260,325,1775525060000,pumpswap,REPEAT
2026-04-09T23:16:57.390Z,2dcZKtCoJKABSNxfuTZ3Q25Lz3bdiKnYBC7U5ydUpump,UNIQORN,1B waitnig room,solana,0.000002203,32,64,131072,131072,4096,2048,2048,2,,4,4,1775763825000,pumpswap,REPEAT
2026-04-09T23:16:57.390Z,Cin7FJ8fHksui69umL8yE7dCjVRTMT1PVCiU3CTXpump,QSB,Quantum-Safe Bitcoin,solana,0.000003573,1,512,65536,65536,,4096,4096,2,2,18,21,1775765423000,pumpfun,REPEAT
2026-04-09T23:16:57.390Z,2TpMjYXnrgxoeVCq2i6EAR8vNWqe5MNvHCz3bENNpump,CHIBI,Chibification,solana,0.0004992,4096,32768,65536,262144,65536,524288,524288,19,19,179,112,1773913358000,pumpswap,REPEAT
2026-04-09T23:16:57.390Z,3qoH8a7chfVTV5xVRtB4dm3TwjprPRHRbCAnLCmEpump,BECK,Adom Beck,solana,0.000001832,,64,524288,524288,4096,2048,2048,,,2,5,1775764155000,pumpswap,REPEAT
2026-04-09T23:16:57.390Z,Guf6w2MNAHUe2DSVVH9rFRsN5s9CDjEFxcaQKdCEpump,OILUP,Liquid Gold,solana,0.00002327,32,64,4096,8192,,32768,32768,1,,4,2,1775575647000,pumpfun,REPEAT
2026-04-09T23:16:57.390Z,4sgCNP7ykejUaSvaGDhkq7JYqrLKB6M1Gq2X1rxSpump,PUMPPERPS,PumpPerps,solana,0.00009271,,256,4096,32768,32768,131072,131072,,,7,2,1774753446000,pumpswap,REPEAT
2026-04-09T23:16:57.390Z,4bcNC4acj9Cp2Gvi95E3KeeUvSKhRo6xiRemFeePpump,$NERON,Neron Wake up,solana,0.000003780,,0,1024,1024,4096,4096,4096,,,,1,1772100899000,pumpswap,REPEAT
2026-04-09T23:16:57.390Z,Cm6fNnMk7NfzStP9CZpsQA2v3jjzbcYGAxdJySmHpump,Buttcoin,Buttcoin,solana,0.01036,1024,32768,131072,262144,524288,8388608,8388608,2,4,82,299,1767965767000,pumpswap,REPEAT
2026-04-09T23:16:57.390Z,4w6L45CyceULSKv1WpAkXfNqvs8QzsXAp6hitHYMpump,Freedom250,Freedom 250,solana,0.00006384,512,8192,65536,65536,16384,65536,65536,4,9,100,123,1775760862000,pumpswap,REPEAT
2026-04-09T23:21:57.391Z,rG49p6sSbBsrbWbsdEhFFe15uq5nch2eSnQLV4fpump,XPX,XPXpay,solana,0.0006225,256,8192,16384,131072,65536,524288,524288,1,2,41,38,1775717482000,pumpswap,NEW
2026-04-09T23:21:57.391Z,4YiLHDR4B4pE4R5GUMA8HG8YunyeLwcobtEtvwMupump,ROCKET,ROCKET,solana,0.0003811,32,4096,65536,262144,65536,524288,524288,58,46,755,494,1775048719000,pumpswap,NEW
2026-04-09T23:21:57.391Z,FdUmX7zQSZgPxt1D7rtbKQisP4a2MXyejAxEnVvepump,Stoic,Stoicism ,solana,0.00009566,8192,262144,262144,262144,32768,131072,131072,146,87,4510,2784,1775773975000,pumpswap,REPEAT
2026-04-09T23:21:57.391Z,wwzqJcBxRUDfSZQQv3R4WckkNzpSFjNHkRuzZFcJJZt,JELLYBEAN,JELLYBEAN,solana,0.00003447,,,128,512,16384,32768,32768,,,,,1773329155000,raydium,REPEAT
2026-04-09T23:21:57.391Z,5j9iwWiesC4vKxHWcuRaqZ1qbQJRjnmJoZKJYA2Ypump,Nostalgia ,Do you remember that one time? ,solana,0.000002675,16,1024,1024,1024,,2048,2048,,1,16,10,1775774800000,pumpfun,REPEAT
2026-04-09T23:21:57.391Z,DNj6DDhWiK3MHYM9oyEzpKwJ2oYhVexxDvReGTN6pump,MEMETF,MemeTF,solana,0.000007710,512,4096,32768,32768,,8192,8192,9,5,67,51,1775765043000,pumpfun,REPEAT
2026-04-09T23:21:57.391Z,BEYgnrA1PTj9rrWfe7EEEFpD7KbBGXgjpEQNcM5ppump,WOJI,wojimoji,solana,0.0001340,65536,1048576,1048576,1048576,32768,131072,131072,277,270,3702,2692,1775772988000,pumpswap,REPEAT
2026-04-09T23:21:57.391Z,78E7b7iA5AbSLBss3Whhbmh81pncYS4bRVsFpRx9pump,FARTROCKET,Fart Rocket,solana,0.000002133,128,1048576,1048576,1048576,4096,2048,2048,,5,3941,3740,1775773501000,pumpswap,REPEAT
2026-04-09T23:21:57.391Z,gqqPZaSV2UDmEi3dhBzA6u6x5ZTLAXPntHZ5gQ4pump,Monke,Monke,solana,0.00001189,16,1024,2048,8192,8192,8192,8192,2,,38,12,1773824795000,pumpswap,REPEAT
2026-04-09T23:21:57.391Z,41QbtLKqJmPCP5TmnHx9pVQtwCGDc1GV5A4WVfy9pump,MOODUANG,Moo Duang,solana,0.00003382,1024,32768,65536,131072,16384,32768,32768,12,8,702,419,1775743897000,pumpswap,REPEAT
2026-04-09T23:21:57.391Z,6DHUPxbG7evPY17zHSsmZWbc3wgQEPAdoH9KawBJvVHU,888,888,solana,0.00002099,,256,1024,1024,4096,16384,16384,,,10,10,1716383884000,raydium,REPEAT
2026-04-09T23:21:57.391Z,CZEd2GHTe5s8iJsw4VVbnmvmwuUhZC3t6WHqhtCZpump,Kris Jenner,皇太后,solana,0.00001234,,2048,4096,16384,8192,16384,16384,,,10,22,1774884164000,pumpswap,REPEAT
2026-04-09T23:21:57.391Z,DFPGnooMjWMttYGF2Pegmsp4Vj2VFhLyrxc5Cp1wpump,CR,Crypto Revolution ,solana,0.00003362,,128,1024,4096,16384,32768,32768,,,,1,1775619853000,pumpswap,REPEAT
2026-04-09T23:21:57.391Z,Drfv7jnfTXpEMuppzBZnBxpSyfpTWUqeTqMhoGfzpump,PEPE,PEPE,solana,0.0001528,2048,32768,131072,524288,32768,131072,131072,187,72,2315,1008,1775163619000,pumpswap,REPEAT
2026-04-09T23:21:57.391Z,FGGPS8iF8DMu2NYWr7nqx83TxXPBSNLciupEVYtqpump,boomer,boomer,solana,0.000003034,256,8192,131072,131072,,4096,4096,1,6,58,146,1775769600000,pumpfun,REPEAT
2026-04-09T23:21:57.391Z,E1LcEbomSMMEDmvGdyG84auj9m8D26gLHXm4qSaWpump,ACTB,Act B : The Satoshi Prophecy,solana,0.000002005,,131072,1048576,1048576,4096,2048,2048,,,637,1157,1775770358000,pumpswap,REPEAT
2026-04-09T23:21:57.391Z,65AhQVGatKKr2wYMcKB7DLbyzZrvALtEA5ZcHuacpump,MMIWG2S,MMIWG2SLGBTQQIA+,solana,0.0001965,8192,32768,262144,1048576,32768,262144,262144,80,58,440,341,1775699055000,pumpswap,REPEAT
2026-04-09T23:21:57.391Z,65AhQVGatKKr2wYMcKB7DLbyzZrvALtEA5ZcHuacpump,MMIWG2S,MMIWG2SLGBTQQIA+,solana,0.0001965,8192,32768,262144,1048576,32768,262144,262144,80,58,440,341,1775699055000,pumpswap,REPEAT
2026-04-09T23:21:57.391Z,tNCAMwnoRXoPyyoonuea5X1HHvfTTgHUsK16cBupump,LOLFART,LOL Fart,solana,0.000001994,0,128,1048576,1048576,4096,2048,2048,,1,1,23,1775767494000,pumpswap,REPEAT
2026-04-09T23:21:57.391Z,Huh3G975pLP3WTXKDnsaCTu7enAoFsHMFJCbFLeNpump,FOMO,FOMO,solana,0.0004248,4,4096,32768,32768,65536,262144,262144,,1,42,17,1772016102000,pumpswap,REPEAT
2026-04-09T23:21:57.391Z,4HuQ3J9JLMNUTQ5ybh9ja3E4Pu78jv52FfeNNgzPpump,IRyS,IRyS,solana,0.000001989,0,131072,1048576,1048576,4096,2048,2048,,3,1283,10342,1775766499000,pumpswap,REPEAT
2026-04-09T23:21:57.391Z,AThx9qd79fndAR9A48wd4pqhZSDqre78Gj67QcUgpump,Upril,Upril,solana,0.00001476,2,2048,65536,65536,,16384,16384,1,,80,17,1775764768000,pumpfun,REPEAT
2026-04-09T23:21:57.391Z,9SeCSdbPzz95KomGUGEV9Shn2zGXNmMJhE9J72Hipump,Iroha,イロハ,solana,0.001528,2048,32768,524288,2097152,131072,2097152,2097152,18,13,249,310,1775525060000,pumpswap,REPEAT
2026-04-09T23:21:57.391Z,2dcZKtCoJKABSNxfuTZ3Q25Lz3bdiKnYBC7U5ydUpump,UNIQORN,1B waitnig room,solana,0.000002203,,64,131072,131072,4096,2048,2048,,,4,3,1775763825000,pumpswap,REPEAT
2026-04-09T23:21:57.391Z,Cin7FJ8fHksui69umL8yE7dCjVRTMT1PVCiU3CTXpump,QSB,Quantum-Safe Bitcoin,solana,0.000003638,32,512,65536,65536,,4096,4096,4,1,21,22,1775765423000,pumpfun,REPEAT
2026-04-09T23:21:57.391Z,2TpMjYXnrgxoeVCq2i6EAR8vNWqe5MNvHCz3bENNpump,CHIBI,Chibification,solana,0.0005119,512,32768,65536,262144,65536,524288,524288,4,13,176,121,1773913358000,pumpswap,REPEAT
2026-04-09T23:21:57.391Z,3qoH8a7chfVTV5xVRtB4dm3TwjprPRHRbCAnLCmEpump,BECK,Adom Beck,solana,0.000001832,,64,524288,524288,4096,2048,2048,,,2,5,1775764155000,pumpswap,REPEAT
2026-04-09T23:21:57.391Z,Guf6w2MNAHUe2DSVVH9rFRsN5s9CDjEFxcaQKdCEpump,OILUP,Liquid Gold,solana,0.00002368,64,128,4096,8192,,32768,32768,1,,4,1,1775575647000,pumpfun,REPEAT
2026-04-09T23:21:57.391Z,4sgCNP7ykejUaSvaGDhkq7JYqrLKB6M1Gq2X1rxSpump,PUMPPERPS,PumpPerps,solana,0.00009127,4,256,4096,32768,32768,65536,65536,,1,7,3,1774753446000,pumpswap,REPEAT
2026-04-09T23:21:57.391Z,4bcNC4acj9Cp2Gvi95E3KeeUvSKhRo6xiRemFeePpump,$NERON,Neron Wake up,solana,0.000003780,,0,1024,1024,4096,4096,4096,,,,1,1772100899000,pumpswap,REPEAT
2026-04-09T23:26:57.391Z,rG49p6sSbBsrbWbsdEhFFe15uq5nch2eSnQLV4fpump,XPX,XPXpay,solana,0.0006242,,8192,16384,131072,65536,524288,524288,,,32,34,1775717482000,pumpswap,REPEAT
2026-04-09T23:26:57.391Z,4YiLHDR4B4pE4R5GUMA8HG8YunyeLwcobtEtvwMupump,ROCKET,ROCKET,solana,0.0003919,512,4096,65536,262144,65536,524288,524288,66,38,772,496,1775048719000,pumpswap,REPEAT
2026-04-09T23:26:57.391Z,FdUmX7zQSZgPxt1D7rtbKQisP4a2MXyejAxEnVvepump,Stoic,Stoicism ,solana,0.0001172,65536,262144,262144,262144,32768,131072,131072,440,321,4959,3119,1775773975000,pumpswap,REPEAT
2026-04-09T23:26:57.391Z,wwzqJcBxRUDfSZQQv3R4WckkNzpSFjNHkRuzZFcJJZt,JELLYBEAN,JELLYBEAN,solana,0.00003447,,,128,512,16384,32768,32768,,,,,1773329155000,raydium,REPEAT
2026-04-09T23:26:57.391Z,5j9iwWiesC4vKxHWcuRaqZ1qbQJRjnmJoZKJYA2Ypump,Nostalgia ,Do you remember that one time? ,solana,0.000002591,32,1024,1024,1024,,2048,2048,,3,16,13,1775774800000,pumpfun,REPEAT
2026-04-09T23:26:57.391Z,DNj6DDhWiK3MHYM9oyEzpKwJ2oYhVexxDvReGTN6pump,MEMETF,MemeTF,solana,0.000007389,128,4096,32768,32768,,8192,8192,1,3,67,52,1775765043000,pumpfun,REPEAT
2026-04-09T23:26:57.391Z,BEYgnrA1PTj9rrWfe7EEEFpD7KbBGXgjpEQNcM5ppump,WOJI,wojimoji,solana,0.0002256,65536,1048576,1048576,1048576,32768,262144,262144,215,194,3436,2513,1775772988000,pumpswap,REPEAT
2026-04-09T23:26:57.391Z,78E7b7iA5AbSLBss3Whhbmh81pncYS4bRVsFpRx9pump,FARTROCKET,Fart Rocket,solana,0.000002040,4,524288,1048576,1048576,4096,2048,2048,,2,3425,3436,1775773501000,pumpswap,REPEAT
2026-04-09T23:26:57.391Z,gqqPZaSV2UDmEi3dhBzA6u6x5ZTLAXPntHZ5gQ4pump,Monke,Monke,solana,0.00001174,64,1024,2048,8192,8192,8192,8192,1,1,39,13,1773824795000,pumpswap,REPEAT
2026-04-09T23:26:57.391Z,41QbtLKqJmPCP5TmnHx9pVQtwCGDc1GV5A4WVfy9pump,MOODUANG,Moo Duang,solana,0.00003437,512,32768,65536,131072,16384,32768,32768,11,4,628,379,1775743897000,pumpswap,REPEAT
2026-04-09T23:26:57.391Z,6DHUPxbG7evPY17zHSsmZWbc3wgQEPAdoH9KawBJvVHU,888,888,solana,0.00002099,,256,1024,1024,4096,16384,16384,,,9,8,1716383884000,raydium,REPEAT
2026-04-09T23:26:57.391Z,CZEd2GHTe5s8iJsw4VVbnmvmwuUhZC3t6WHqhtCZpump,Kris Jenner,皇太后,solana,0.00001258,64,2048,4096,16384,8192,16384,16384,1,,11,21,1774884164000,pumpswap,REPEAT
2026-04-09T23:26:57.391Z,DFPGnooMjWMttYGF2Pegmsp4Vj2VFhLyrxc5Cp1wpump,CR,Crypto Revolution ,solana,0.00003362,,128,1024,4096,16384,32768,32768,,,,1,1775619853000,pumpswap,REPEAT
2026-04-09T23:26:57.391Z,Drfv7jnfTXpEMuppzBZnBxpSyfpTWUqeTqMhoGfzpump,PEPE,PEPE,solana,0.0001502,2048,16384,131072,524288,32768,131072,131072,181,86,2305,1011,1775163619000,pumpswap,REPEAT
2026-04-09T23:26:57.391Z,FGGPS8iF8DMu2NYWr7nqx83TxXPBSNLciupEVYtqpump,boomer,boomer,solana,0.000003026,2,4096,131072,131072,,4096,4096,,1,46,107,1775769600000,pumpfun,REPEAT
2026-04-09T23:26:57.391Z,E1LcEbomSMMEDmvGdyG84auj9m8D26gLHXm4qSaWpump,ACTB,Act B : The Satoshi Prophecy,solana,0.000001997,0,32768,1048576,1048576,4096,2048,2048,,1,169,882,1775770358000,pumpswap,REPEAT
2026-04-09T23:26:57.391Z,65AhQVGatKKr2wYMcKB7DLbyzZrvALtEA5ZcHuacpump,MMIWG2S,MMIWG2SLGBTQQIA+,solana,0.0001852,4096,32768,262144,1048576,32768,131072,131072,56,31,469,343,1775699055000,pumpswap,REPEAT
2026-04-09T23:26:57.391Z,65AhQVGatKKr2wYMcKB7DLbyzZrvALtEA5ZcHuacpump,MMIWG2S,MMIWG2SLGBTQQIA+,solana,0.0001852,4096,32768,262144,1048576,32768,131072,131072,56,31,469,343,1775699055000,pumpswap,REPEAT
2026-04-09T23:26:57.391Z,tNCAMwnoRXoPyyoonuea5X1HHvfTTgHUsK16cBupump,LOLFART,LOL Fart,solana,0.000001975,16,128,1048576,1048576,4096,2048,2048,,1,,21,1775767494000,pumpswap,REPEAT
2026-04-09T23:26:57.391Z,Huh3G975pLP3WTXKDnsaCTu7enAoFsHMFJCbFLeNpump,FOMO,FOMO,solana,0.0004248,,4096,32768,32768,65536,262144,262144,,,41,14,1772016102000,pumpswap,REPEAT
2026-04-09T23:26:57.391Z,4HuQ3J9JLMNUTQ5ybh9ja3E4Pu78jv52FfeNNgzPpump,IRyS,IRyS,solana,0.000001987,0,131072,1048576,1048576,4096,2048,2048,,1,1055,10130,1775766499000,pumpswap,REPEAT
2026-04-09T23:26:57.391Z,AThx9qd79fndAR9A48wd4pqhZSDqre78Gj67QcUgpump,Upril,Upril,solana,0.00001732,1024,4096,65536,65536,,16384,16384,13,1,93,16,1775764768000,pumpfun,REPEAT
2026-04-09T23:26:57.391Z,9SeCSdbPzz95KomGUGEV9Shn2zGXNmMJhE9J72Hipump,Iroha,イロハ,solana,0.001548,2048,32768,524288,2097152,131072,2097152,2097152,10,22,248,318,1775525060000,pumpswap,REPEAT
2026-04-09T23:26:57.391Z,2dcZKtCoJKABSNxfuTZ3Q25Lz3bdiKnYBC7U5ydUpump,UNIQORN,1B waitnig room,solana,0.000002195,0,64,131072,131072,4096,2048,2048,,1,4,4,1775763825000,pumpswap,REPEAT
2026-04-09T23:26:57.391Z,Cin7FJ8fHksui69umL8yE7dCjVRTMT1PVCiU3CTXpump,QSB,Quantum-Safe Bitcoin,solana,0.000003635,2,512,65536,65536,,4096,4096,,1,18,22,1775765423000,pumpfun,REPEAT
2026-04-09T23:26:57.391Z,2TpMjYXnrgxoeVCq2i6EAR8vNWqe5MNvHCz3bENNpump,CHIBI,Chibification,solana,0.0005307,1024,16384,65536,262144,65536,524288,524288,3,14,164,112,1773913358000,pumpswap,REPEAT
2026-04-09T23:26:57.391Z,3qoH8a7chfVTV5xVRtB4dm3TwjprPRHRbCAnLCmEpump,BECK,Adom Beck,solana,0.000001832,,16,524288,524288,4096,2048,2048,,,1,3,1775764155000,pumpswap,REPEAT
2026-04-09T23:26:57.391Z,Guf6w2MNAHUe2DSVVH9rFRsN5s9CDjEFxcaQKdCEpump,OILUP,Liquid Gold,solana,0.00002364,2,128,4096,8192,,32768,32768,2,,6,1,1775575647000,pumpfun,REPEAT
2026-04-09T23:26:57.391Z,4sgCNP7ykejUaSvaGDhkq7JYqrLKB6M1Gq2X1rxSpump,PUMPPERPS,PumpPerps,solana,0.00009127,,256,4096,32768,32768,65536,65536,,,7,3,1774753446000,pumpswap,REPEAT
2026-04-09T23:31:57.393Z,rG49p6sSbBsrbWbsdEhFFe15uq5nch2eSnQLV4fpump,XPX,XPXpay,solana,0.0006240,16,4096,16384,131072,65536,524288,524288,1,,26,23,1775717482000,pumpswap,REPEAT
2026-04-09T23:31:57.393Z,4YiLHDR4B4pE4R5GUMA8HG8YunyeLwcobtEtvwMupump,ROCKET,ROCKET,solana,0.0003606,2048,8192,65536,262144,65536,262144,262144,61,42,769,501,1775048719000,pumpswap,REPEAT
2026-04-09T23:31:57.393Z,FdUmX7zQSZgPxt1D7rtbKQisP4a2MXyejAxEnVvepump,Stoic,Stoicism ,solana,0.0001404,32768,524288,524288,524288,32768,131072,131072,400,281,5385,3411,1775773975000,pumpswap,REPEAT
2026-04-09T23:31:57.393Z,wwzqJcBxRUDfSZQQv3R4WckkNzpSFjNHkRuzZFcJJZt,JELLYBEAN,JELLYBEAN,solana,0.00003447,,,128,512,16384,32768,32768,,,,,1773329155000,raydium,REPEAT
2026-04-09T23:31:57.393Z,5j9iwWiesC4vKxHWcuRaqZ1qbQJRjnmJoZKJYA2Ypump,Nostalgia ,Do you remember that one time? ,solana,0.000002591,,1024,1024,1024,,2048,2048,,,16,13,1775774800000,pumpfun,REPEAT
2026-04-09T23:31:57.393Z,DNj6DDhWiK3MHYM9oyEzpKwJ2oYhVexxDvReGTN6pump,MEMETF,MemeTF,solana,0.000007389,,4096,32768,32768,,8192,8192,,,66,50,1775765043000,pumpfun,REPEAT
2026-04-09T23:31:57.393Z,BEYgnrA1PTj9rrWfe7EEEFpD7KbBGXgjpEQNcM5ppump,WOJI,wojimoji,solana,0.0001196,65536,1048576,1048576,1048576,32768,131072,131072,261,163,3473,2474,1775772988000,pumpswap,REPEAT
2026-04-09T23:31:57.393Z,78E7b7iA5AbSLBss3Whhbmh81pncYS4bRVsFpRx9pump,FARTROCKET,Fart Rocket,solana,0.000002039,,524288,1048576,1048576,4096,2048,2048,,2,2437,2625,1775773501000,pumpswap,REPEAT
2026-04-09T23:31:57.393Z,gqqPZaSV2UDmEi3dhBzA6u6x5ZTLAXPntHZ5gQ4pump,Monke,Monke,solana,0.00001174,,1024,2048,8192,8192,8192,8192,,,36,13,1773824795000,pumpswap,REPEAT
2026-04-09T23:31:57.393Z,41QbtLKqJmPCP5TmnHx9pVQtwCGDc1GV5A4WVfy9pump,MOODUANG,Moo Duang,solana,0.00004037,1024,32768,65536,131072,16384,32768,32768,11,3,569,347,1775743897000,pumpswap,REPEAT
2026-04-09T23:31:57.393Z,6DHUPxbG7evPY17zHSsmZWbc3wgQEPAdoH9KawBJvVHU,888,888,solana,0.00002073,8,128,1024,1024,4096,16384,16384,1,,6,5,1716383884000,raydium,REPEAT
2026-04-09T23:31:57.393Z,CZEd2GHTe5s8iJsw4VVbnmvmwuUhZC3t6WHqhtCZpump,Kris Jenner,皇太后,solana,0.00001258,,1024,4096,16384,8192,16384,16384,,,9,11,1774884164000,pumpswap,REPEAT
2026-04-09T23:31:57.393Z,DFPGnooMjWMttYGF2Pegmsp4Vj2VFhLyrxc5Cp1wpump,CR,Crypto Revolution ,solana,0.00003345,,256,1024,4096,16384,32768,32768,,,1,1,1775619853000,pumpswap,REPEAT
2026-04-09T23:31:57.393Z,Drfv7jnfTXpEMuppzBZnBxpSyfpTWUqeTqMhoGfzpump,PEPE,PEPE,solana,0.0001515,2048,16384,131072,262144,32768,131072,131072,186,82,2301,1019,1775163619000,pumpswap,REPEAT
2026-04-09T23:31:57.393Z,FGGPS8iF8DMu2NYWr7nqx83TxXPBSNLciupEVYtqpump,boomer,boomer,solana,0.000003026,,2048,131072,131072,,4096,4096,,,34,43,1775769600000,pumpfun,REPEAT
2026-04-09T23:31:57.393Z,E1LcEbomSMMEDmvGdyG84auj9m8D26gLHXm4qSaWpump,ACTB,Act B : The Satoshi Prophecy,solana,0.000001997,,512,1048576,1048576,4096,2048,2048,,,23,59,1775770358000,pumpswap,REPEAT
2026-04-09T23:31:57.393Z,65AhQVGatKKr2wYMcKB7DLbyzZrvALtEA5ZcHuacpump,MMIWG2S,MMIWG2SLGBTQQIA+,solana,0.0001753,2048,32768,262144,1048576,32768,131072,131072,29,18,484,346,1775699055000,pumpswap,REPEAT
2026-04-09T23:31:57.393Z,65AhQVGatKKr2wYMcKB7DLbyzZrvALtEA5ZcHuacpump,MMIWG2S,MMIWG2SLGBTQQIA+,solana,0.0001753,2048,32768,262144,1048576,32768,131072,131072,29,18,484,346,1775699055000,pumpswap,REPEAT
2026-04-09T23:31:57.393Z,tNCAMwnoRXoPyyoonuea5X1HHvfTTgHUsK16cBupump,LOLFART,LOL Fart,solana,0.000001930,16,128,1048576,1048576,4096,2048,2048,,1,,13,1775767494000,pumpswap,REPEAT
2026-04-09T23:31:57.393Z,Huh3G975pLP3WTXKDnsaCTu7enAoFsHMFJCbFLeNpump,FOMO,FOMO,solana,0.0004248,,4096,32768,32768,65536,262144,262144,,,30,11,1772016102000,pumpswap,REPEAT
2026-04-09T23:31:57.393Z,4HuQ3J9JLMNUTQ5ybh9ja3E4Pu78jv52FfeNNgzPpump,IRyS,IRyS,solana,0.000002036,32,131072,1048576,1048576,4096,2048,2048,1,,895,10014,1775766499000,pumpswap,REPEAT
2026-04-09T23:31:57.393Z,AThx9qd79fndAR9A48wd4pqhZSDqre78Gj67QcUgpump,Upril,Upril,solana,0.00001801,256,4096,65536,65536,,16384,16384,17,3,109,17,1775764768000,pumpfun,REPEAT
2026-04-09T23:31:57.393Z,9SeCSdbPzz95KomGUGEV9Shn2zGXNmMJhE9J72Hipump,Iroha,イロハ,solana,0.001512,4096,32768,524288,2097152,131072,2097152,2097152,28,23,262,317,1775525060000,pumpswap,REPEAT
2026-04-09T23:31:57.393Z,2dcZKtCoJKABSNxfuTZ3Q25Lz3bdiKnYBC7U5ydUpump,UNIQORN,1B waitnig room,solana,0.000002184,0,64,131072,131072,4096,2048,2048,,1,3,5,1775763825000,pumpswap,REPEAT
2026-04-09T23:31:57.393Z,Cin7FJ8fHksui69umL8yE7dCjVRTMT1PVCiU3CTXpump,QSB,Quantum-Safe Bitcoin,solana,0.000003546,32,512,65536,65536,,4096,4096,,1,18,21,1775765423000,pumpfun,REPEAT
2026-04-09T23:31:57.393Z,2TpMjYXnrgxoeVCq2i6EAR8vNWqe5MNvHCz3bENNpump,CHIBI,Chibification,solana,0.0005332,1024,16384,65536,262144,65536,524288,524288,5,13,163,119,1773913358000,pumpswap,REPEAT
2026-04-09T23:31:57.393Z,3qoH8a7chfVTV5xVRtB4dm3TwjprPRHRbCAnLCmEpump,BECK,Adom Beck,solana,0.000001790,16,32,524288,524288,4096,2048,2048,,1,1,3,1775764155000,pumpswap,REPEAT
2026-04-09T23:31:57.393Z,Guf6w2MNAHUe2DSVVH9rFRsN5s9CDjEFxcaQKdCEpump,OILUP,Liquid Gold,solana,0.00002355,32,128,4096,8192,,32768,32768,5,5,10,6,1775575647000,pumpfun,REPEAT
2026-04-09T23:31:57.393Z,4sgCNP7ykejUaSvaGDhkq7JYqrLKB6M1Gq2X1rxSpump,PUMPPERPS,PumpPerps,solana,0.00009127,,256,4096,32768,32768,65536,65536,,,7,3,1774753446000,pumpswap,REPEAT
2026-04-09T23:36:57.393Z,9AEtb967xTMosjp9XFhvHLhscPNYgDWc15jFAZR8pump,RƎ́V,REVÉRSÉ SOCIETY,solana,0.0001433,256,2048,8192,131072,32768,131072,131072,4,3,17,15,1775691640000,pumpswap,REPEAT
2026-04-09T23:36:57.393Z,HdB3FdEqpjnBnFDXGiBjuED2RYsVJFTqwwCY5BfhjgAx,BWT,OFFICIAL BARRON WILLIAM TRUMP,solana,0.00005731,16384,131072,131072,131072,16384,65536,65536,361,232,2148,2252,1775776887000,pumpswap,NEW
2026-04-09T23:36:57.393Z,rG49p6sSbBsrbWbsdEhFFe15uq5nch2eSnQLV4fpump,XPX,XPXpay,solana,0.0006240,,4096,16384,131072,65536,524288,524288,,,25,22,1775717482000,pumpswap,REPEAT
2026-04-09T23:36:57.393Z,4YiLHDR4B4pE4R5GUMA8HG8YunyeLwcobtEtvwMupump,ROCKET,ROCKET,solana,0.0003745,1024,8192,65536,262144,65536,524288,524288,68,55,768,517,1775048719000,pumpswap,REPEAT
2026-04-09T23:36:57.393Z,FdUmX7zQSZgPxt1D7rtbKQisP4a2MXyejAxEnVvepump,Stoic,Stoicism ,solana,0.0001314,32768,524288,524288,524288,32768,131072,131072,494,287,5109,3273,1775773975000,pumpswap,REPEAT
2026-04-09T23:36:57.393Z,wwzqJcBxRUDfSZQQv3R4WckkNzpSFjNHkRuzZFcJJZt,JELLYBEAN,JELLYBEAN,solana,0.00003447,,,128,512,16384,32768,32768,,,,,1773329155000,raydium,REPEAT
2026-04-09T23:36:57.393Z,5j9iwWiesC4vKxHWcuRaqZ1qbQJRjnmJoZKJYA2Ypump,Nostalgia ,Do you remember that one time? ,solana,0.000002591,,1024,1024,1024,,2048,2048,,,16,13,1775774800000,pumpfun,REPEAT
2026-04-09T23:36:57.393Z,DNj6DDhWiK3MHYM9oyEzpKwJ2oYhVexxDvReGTN6pump,MEMETF,MemeTF,solana,0.000007389,,4096,32768,32768,,8192,8192,,,65,50,1775765043000,pumpfun,REPEAT
2026-04-09T23:36:57.393Z,BEYgnrA1PTj9rrWfe7EEEFpD7KbBGXgjpEQNcM5ppump,WOJI,wojimoji,solana,0.00005216,32768,1048576,1048576,1048576,16384,65536,65536,247,260,3556,2547,1775772988000,pumpswap,REPEAT
2026-04-09T23:36:57.393Z,78E7b7iA5AbSLBss3Whhbmh81pncYS4bRVsFpRx9pump,FARTROCKET,Fart Rocket,solana,0.000002031,0,262144,1048576,1048576,4096,2048,2048,,1,1728,2024,1775773501000,pumpswap,REPEAT
2026-04-09T23:36:57.393Z,gqqPZaSV2UDmEi3dhBzA6u6x5ZTLAXPntHZ5gQ4pump,Monke,Monke,solana,0.00001073,256,512,2048,8192,8192,8192,8192,1,7,17,14,1773824795000,pumpswap,REPEAT
2026-04-09T23:36:57.393Z,41QbtLKqJmPCP5TmnHx9pVQtwCGDc1GV5A4WVfy9pump,MOODUANG,Moo Duang,solana,0.00004301,1024,16384,65536,131072,16384,32768,32768,17,6,522,324,1775743897000,pumpswap,REPEAT
2026-04-09T23:36:57.393Z,6DHUPxbG7evPY17zHSsmZWbc3wgQEPAdoH9KawBJvVHU,888,888,solana,0.00002073,,128,1024,1024,4096,16384,16384,,,3,3,1716383884000,raydium,REPEAT
2026-04-09T23:36:57.393Z,CZEd2GHTe5s8iJsw4VVbnmvmwuUhZC3t6WHqhtCZpump,Kris Jenner,皇太后,solana,0.00001258,,1024,4096,16384,8192,16384,16384,,,9,11,1774884164000,pumpswap,REPEAT
2026-04-09T23:36:57.393Z,DFPGnooMjWMttYGF2Pegmsp4Vj2VFhLyrxc5Cp1wpump,CR,Crypto Revolution ,solana,0.00003382,,256,1024,4096,16384,32768,32768,,,2,1,1775619853000,pumpswap,REPEAT
2026-04-09T23:36:57.393Z,Drfv7jnfTXpEMuppzBZnBxpSyfpTWUqeTqMhoGfzpump,PEPE,PEPE,solana,0.0001495,2048,16384,131072,262144,32768,131072,131072,186,77,2299,1015,1775163619000,pumpswap,REPEAT
2026-04-09T23:36:57.393Z,FGGPS8iF8DMu2NYWr7nqx83TxXPBSNLciupEVYtqpump,boomer,boomer,solana,0.000003026,,1024,131072,131072,,4096,4096,,,30,39,1775769600000,pumpfun,REPEAT
2026-04-09T23:36:57.393Z,E1LcEbomSMMEDmvGdyG84auj9m8D26gLHXm4qSaWpump,ACTB,Act B : The Satoshi Prophecy,solana,0.000001981,4,512,1048576,1048576,4096,2048,2048,,2,9,41,1775770358000,pumpswap,REPEAT
2026-04-09T23:36:57.393Z,65AhQVGatKKr2wYMcKB7DLbyzZrvALtEA5ZcHuacpump,MMIWG2S,MMIWG2SLGBTQQIA+,solana,0.0001687,1024,32768,262144,1048576,32768,131072,131072,5,15,484,355,1775699055000,pumpswap,REPEAT
2026-04-09T23:36:57.393Z,65AhQVGatKKr2wYMcKB7DLbyzZrvALtEA5ZcHuacpump,MMIWG2S,MMIWG2SLGBTQQIA+,solana,0.0001687,1024,32768,262144,1048576,32768,131072,131072,5,15,484,355,1775699055000,pumpswap,REPEAT
2026-04-09T23:36:57.393Z,tNCAMwnoRXoPyyoonuea5X1HHvfTTgHUsK16cBupump,LOLFART,LOL Fart,solana,0.000001930,,32,1048576,1048576,4096,2048,2048,,,,10,1775767494000,pumpswap,REPEAT
2026-04-09T23:36:57.393Z,Huh3G975pLP3WTXKDnsaCTu7enAoFsHMFJCbFLeNpump,FOMO,FOMO,solana,0.0004213,32,2048,16384,32768,65536,262144,262144,,3,29,12,1772016102000,pumpswap,REPEAT
2026-04-09T23:36:57.393Z,4HuQ3J9JLMNUTQ5ybh9ja3E4Pu78jv52FfeNNgzPpump,IRyS,IRyS,solana,0.000002036,4,65536,1048576,1048576,4096,2048,2048,1,1,630,9804,1775766499000,pumpswap,REPEAT
2026-04-09T23:36:57.393Z,AThx9qd79fndAR9A48wd4pqhZSDqre78Gj67QcUgpump,Upril,Upril,solana,0.00001750,512,4096,65536,65536,,16384,16384,20,5,125,22,1775764768000,pumpfun,REPEAT
2026-04-09T23:36:57.393Z,9SeCSdbPzz95KomGUGEV9Shn2zGXNmMJhE9J72Hipump,Iroha,イロハ,solana,0.001503,512,32768,262144,2097152,131072,2097152,2097152,8,13,259,303,1775525060000,pumpswap,REPEAT
2026-04-09T23:36:57.393Z,2dcZKtCoJKABSNxfuTZ3Q25Lz3bdiKnYBC7U5ydUpump,UNIQORN,1B waitnig room,solana,0.000002184,,64,131072,131072,4096,2048,2048,,,3,3,1775763825000,pumpswap,REPEAT
2026-04-09T23:36:57.393Z,Cin7FJ8fHksui69umL8yE7dCjVRTMT1PVCiU3CTXpump,QSB,Quantum-Safe Bitcoin,solana,0.000003546,,512,65536,65536,,4096,4096,,,14,14,1775765423000,pumpfun,REPEAT
2026-04-09T23:36:57.393Z,2TpMjYXnrgxoeVCq2i6EAR8vNWqe5MNvHCz3bENNpump,CHIBI,Chibification,solana,0.0005263,1024,16384,65536,262144,65536,524288,524288,3,11,160,124,1773913358000,pumpswap,REPEAT
2026-04-09T23:36:57.393Z,3qoH8a7chfVTV5xVRtB4dm3TwjprPRHRbCAnLCmEpump,BECK,Adom Beck,solana,0.000001790,,32,524288,524288,4096,2048,2048,,,1,2,1775764155000,pumpswap,REPEAT
2026-04-09T23:41:57.393Z,6cfu6Qkqb4BhQ552DMJ2txLSxT7nfv7V69WhyEHTpump,Lizard ,The Waving Lizard ,solana,0.000009914,512,2048,8192,16384,,8192,8192,7,4,78,55,1775728143000,pumpfun,NEW
2026-04-09T23:41:57.393Z,9AEtb967xTMosjp9XFhvHLhscPNYgDWc15jFAZR8pump,RƎ́V,REVÉRSÉ SOCIETY,solana,0.0001425,16,1024,8192,131072,32768,131072,131072,1,1,17,15,1775691640000,pumpswap,REPEAT
2026-04-09T23:41:57.393Z,HdB3FdEqpjnBnFDXGiBjuED2RYsVJFTqwwCY5BfhjgAx,BWT,OFFICIAL BARRON WILLIAM TRUMP,solana,0.00005232,8192,131072,131072,131072,16384,65536,65536,213,137,2399,2409,1775776887000,pumpswap,REPEAT
2026-04-09T23:41:57.393Z,rG49p6sSbBsrbWbsdEhFFe15uq5nch2eSnQLV4fpump,XPX,XPXpay,solana,0.0006238,256,4096,16384,131072,65536,524288,524288,3,1,23,22,1775717482000,pumpswap,REPEAT
2026-04-09T23:41:57.393Z,4YiLHDR4B4pE4R5GUMA8HG8YunyeLwcobtEtvwMupump,ROCKET,ROCKET,solana,0.0003732,64,8192,65536,262144,65536,524288,524288,61,46,759,514,1775048719000,pumpswap,REPEAT
2026-04-09T23:41:57.393Z,FdUmX7zQSZgPxt1D7rtbKQisP4a2MXyejAxEnVvepump,Stoic,Stoicism ,solana,0.0001672,32768,524288,524288,524288,32768,131072,131072,412,256,4778,3069,1775773975000,pumpswap,REPEAT
2026-04-09T23:41:57.393Z,wwzqJcBxRUDfSZQQv3R4WckkNzpSFjNHkRuzZFcJJZt,JELLYBEAN,JELLYBEAN,solana,0.00003447,,,128,512,16384,32768,32768,,,,,1773329155000,raydium,REPEAT
2026-04-09T23:41:57.393Z,5j9iwWiesC4vKxHWcuRaqZ1qbQJRjnmJoZKJYA2Ypump,Nostalgia ,Do you remember that one time? ,solana,0.000002575,16,1024,1024,1024,,2048,2048,1,1,17,14,1775774800000,pumpfun,REPEAT
2026-04-09T23:41:57.393Z,DNj6DDhWiK3MHYM9oyEzpKwJ2oYhVexxDvReGTN6pump,MEMETF,MemeTF,solana,0.000006618,256,4096,32768,32768,,8192,8192,2,6,65,53,1775765043000,pumpfun,REPEAT
2026-04-09T23:41:57.393Z,BEYgnrA1PTj9rrWfe7EEEFpD7KbBGXgjpEQNcM5ppump,WOJI,wojimoji,solana,0.000003331,16384,1048576,1048576,1048576,4096,4096,4096,99,689,3330,3055,1775772988000,pumpswap,REPEAT
2026-04-09T23:41:57.393Z,78E7b7iA5AbSLBss3Whhbmh81pncYS4bRVsFpRx9pump,FARTROCKET,Fart Rocket,solana,0.000001827,128,262144,1048576,1048576,4096,2048,2048,,3,1144,1611,1775773501000,pumpswap,REPEAT
2026-04-09T23:41:57.393Z,gqqPZaSV2UDmEi3dhBzA6u6x5ZTLAXPntHZ5gQ4pump,Monke,Monke,solana,0.00001078,8,512,2048,8192,8192,8192,8192,1,1,12,11,1773824795000,pumpswap,REPEAT
2026-04-09T23:41:57.393Z,41QbtLKqJmPCP5TmnHx9pVQtwCGDc1GV5A4WVfy9pump,MOODUANG,Moo Duang,solana,0.00004558,1024,16384,65536,131072,16384,32768,32768,12,6,484,296,1775743897000,pumpswap,REPEAT
2026-04-09T23:41:57.393Z,6DHUPxbG7evPY17zHSsmZWbc3wgQEPAdoH9KawBJvVHU,888,888,solana,0.00002113,32,64,1024,1024,4096,16384,16384,1,,2,2,1716383884000,raydium,REPEAT
2026-04-09T23:41:57.393Z,CZEd2GHTe5s8iJsw4VVbnmvmwuUhZC3t6WHqhtCZpump,Kris Jenner,皇太后,solana,0.00001258,,1024,4096,16384,8192,16384,16384,,,9,11,1774884164000,pumpswap,REPEAT
2026-04-09T23:41:57.393Z,DFPGnooMjWMttYGF2Pegmsp4Vj2VFhLyrxc5Cp1wpump,CR,Crypto Revolution ,solana,0.00003382,,256,1024,4096,16384,32768,32768,,,2,1,1775619853000,pumpswap,REPEAT
2026-04-09T23:41:57.393Z,Drfv7jnfTXpEMuppzBZnBxpSyfpTWUqeTqMhoGfzpump,PEPE,PEPE,solana,0.0001464,1024,16384,131072,262144,32768,131072,131072,154,60,2265,1003,1775163619000,pumpswap,REPEAT
2026-04-09T23:41:57.393Z,FGGPS8iF8DMu2NYWr7nqx83TxXPBSNLciupEVYtqpump,boomer,boomer,solana,0.000003026,,1024,131072,131072,,4096,4096,,,25,35,1775769600000,pumpfun,REPEAT
2026-04-09T23:41:57.393Z,E1LcEbomSMMEDmvGdyG84auj9m8D26gLHXm4qSaWpump,ACTB,Act B : The Satoshi Prophecy,solana,0.000001958,16,512,1048576,1048576,4096,2048,2048,,1,8,26,1775770358000,pumpswap,REPEAT
2026-04-09T23:41:57.393Z,65AhQVGatKKr2wYMcKB7DLbyzZrvALtEA5ZcHuacpump,MMIWG2S,MMIWG2SLGBTQQIA+,solana,0.0001508,16384,65536,262144,1048576,32768,131072,131072,112,59,579,401,1775699055000,pumpswap,REPEAT
2026-04-09T23:41:57.393Z,65AhQVGatKKr2wYMcKB7DLbyzZrvALtEA5ZcHuacpump,MMIWG2S,MMIWG2SLGBTQQIA+,solana,0.0001508,16384,65536,262144,1048576,32768,131072,131072,112,59,579,401,1775699055000,pumpswap,REPEAT
2026-04-09T23:41:57.393Z,tNCAMwnoRXoPyyoonuea5X1HHvfTTgHUsK16cBupump,LOLFART,LOL Fart,solana,0.000001930,,32,1048576,1048576,4096,2048,2048,,,,9,1775767494000,pumpswap,REPEAT
2026-04-09T23:41:57.393Z,Huh3G975pLP3WTXKDnsaCTu7enAoFsHMFJCbFLeNpump,FOMO,FOMO,solana,0.0004213,,2048,16384,32768,65536,262144,262144,,,7,10,1772016102000,pumpswap,REPEAT
2026-04-09T23:41:57.393Z,4HuQ3J9JLMNUTQ5ybh9ja3E4Pu78jv52FfeNNgzPpump,IRyS,IRyS,solana,0.000002036,,65536,1048576,1048576,4096,2048,2048,,,503,9667,1775766499000,pumpswap,REPEAT
2026-04-09T23:41:57.393Z,AThx9qd79fndAR9A48wd4pqhZSDqre78Gj67QcUgpump,Upril,Upril,solana,0.00001737,32,4096,65536,65536,,16384,16384,2,3,123,24,1775764768000,pumpfun,REPEAT
2026-04-09T23:41:57.393Z,9SeCSdbPzz95KomGUGEV9Shn2zGXNmMJhE9J72Hipump,Iroha,イロハ,solana,0.001508,2048,32768,262144,2097152,131072,2097152,2097152,15,11,263,300,1775525060000,pumpswap,REPEAT
2026-04-09T23:41:57.393Z,2dcZKtCoJKABSNxfuTZ3Q25Lz3bdiKnYBC7U5ydUpump,UNIQORN,1B waitnig room,solana,0.000002183,0,64,131072,131072,4096,2048,2048,,1,3,4,1775763825000,pumpswap,REPEAT
2026-04-09T23:41:57.393Z,Cin7FJ8fHksui69umL8yE7dCjVRTMT1PVCiU3CTXpump,QSB,Quantum-Safe Bitcoin,solana,0.000003546,,512,65536,65536,,4096,4096,,,13,14,1775765423000,pumpfun,REPEAT
2026-04-09T23:41:57.393Z,2TpMjYXnrgxoeVCq2i6EAR8vNWqe5MNvHCz3bENNpump,CHIBI,Chibification,solana,0.0004967,2048,16384,65536,262144,65536,524288,524288,7,9,156,119,1773913358000,pumpswap,REPEAT
2026-04-09T23:46:57.393Z,6cfu6Qkqb4BhQ552DMJ2txLSxT7nfv7V69WhyEHTpump,Lizard ,The Waving Lizard ,solana,0.00001125,512,4096,8192,32768,,8192,8192,13,6,91,60,1775728143000,pumpfun,REPEAT
2026-04-09T23:46:57.393Z,9AEtb967xTMosjp9XFhvHLhscPNYgDWc15jFAZR8pump,RƎ́V,REVÉRSÉ SOCIETY,solana,0.0001424,32,1024,8192,65536,32768,131072,131072,,1,15,14,1775691640000,pumpswap,REPEAT
2026-04-09T23:46:57.393Z,HdB3FdEqpjnBnFDXGiBjuED2RYsVJFTqwwCY5BfhjgAx,BWT,OFFICIAL BARRON WILLIAM TRUMP,solana,0.00006138,16384,131072,131072,131072,16384,65536,65536,154,251,2594,2697,1775776887000,pumpswap,REPEAT
2026-04-09T23:46:57.393Z,rG49p6sSbBsrbWbsdEhFFe15uq5nch2eSnQLV4fpump,XPX,XPXpay,solana,0.0005009,4096,8192,32768,131072,65536,524288,524288,12,11,29,29,1775717482000,pumpswap,REPEAT
2026-04-09T23:46:57.393Z,4YiLHDR4B4pE4R5GUMA8HG8YunyeLwcobtEtvwMupump,ROCKET,ROCKET,solana,0.0003671,512,8192,65536,262144,65536,262144,262144,58,46,762,522,1775048719000,pumpswap,REPEAT
2026-04-09T23:46:57.393Z,FdUmX7zQSZgPxt1D7rtbKQisP4a2MXyejAxEnVvepump,Stoic,Stoicism ,solana,0.0001524,32768,524288,524288,524288,32768,131072,131072,409,271,4667,3060,1775773975000,pumpswap,REPEAT
2026-04-09T23:46:57.393Z,wwzqJcBxRUDfSZQQv3R4WckkNzpSFjNHkRuzZFcJJZt,JELLYBEAN,JELLYBEAN,solana,0.00003447,,,128,512,16384,32768,32768,,,,,1773329155000,raydium,REPEAT
2026-04-09T23:46:57.393Z,5j9iwWiesC4vKxHWcuRaqZ1qbQJRjnmJoZKJYA2Ypump,Nostalgia ,Do you remember that one time? ,solana,0.000002575,,1024,1024,1024,,2048,2048,,,14,13,1775774800000,pumpfun,REPEAT
2026-04-09T23:46:57.393Z,DNj6DDhWiK3MHYM9oyEzpKwJ2oYhVexxDvReGTN6pump,MEMETF,MemeTF,solana,0.000006574,8,4096,32768,32768,,8192,8192,,2,64,54,1775765043000,pumpfun,REPEAT
2026-04-09T23:46:57.393Z,BEYgnrA1PTj9rrWfe7EEEFpD7KbBGXgjpEQNcM5ppump,WOJI,wojimoji,solana,0.000003892,256,1048576,1048576,1048576,4096,4096,4096,19,12,3044,2891,1775772988000,pumpswap,REPEAT
2026-04-09T23:46:57.393Z,78E7b7iA5AbSLBss3Whhbmh81pncYS4bRVsFpRx9pump,FARTROCKET,Fart Rocket,solana,0.000001827,,131072,1048576,1048576,4096,2048,2048,,,663,1197,1775773501000,pumpswap,REPEAT
2026-04-09T23:46:57.393Z,gqqPZaSV2UDmEi3dhBzA6u6x5ZTLAXPntHZ5gQ4pump,Monke,Monke,solana,0.00001058,16,512,2048,8192,8192,8192,8192,,2,9,13,1773824795000,pumpswap,REPEAT
2026-04-09T23:46:57.393Z,41QbtLKqJmPCP5TmnHx9pVQtwCGDc1GV5A4WVfy9pump,MOODUANG,Moo Duang,solana,0.00004050,1024,16384,65536,131072,16384,32768,32768,8,15,417,253,1775743897000,pumpswap,REPEAT
2026-04-09T23:46:57.393Z,6DHUPxbG7evPY17zHSsmZWbc3wgQEPAdoH9KawBJvVHU,888,888,solana,0.00002113,,64,1024,1024,4096,16384,16384,,,2,1,1716383884000,raydium,REPEAT
2026-04-09T23:46:57.393Z,CZEd2GHTe5s8iJsw4VVbnmvmwuUhZC3t6WHqhtCZpump,Kris Jenner,皇太后,solana,0.00001258,,1024,4096,16384,8192,16384,16384,,,8,8,1774884164000,pumpswap,REPEAT
2026-04-09T23:46:57.393Z,DFPGnooMjWMttYGF2Pegmsp4Vj2VFhLyrxc5Cp1wpump,CR,Crypto Revolution ,solana,0.00003540,256,512,1024,4096,16384,32768,32768,1,,3,1,1775619853000,pumpswap,REPEAT
2026-04-09T23:46:57.393Z,Drfv7jnfTXpEMuppzBZnBxpSyfpTWUqeTqMhoGfzpump,PEPE,PEPE,solana,0.0001483,1024,16384,131072,262144,32768,131072,131072,156,66,2269,994,1775163619000,pumpswap,REPEAT
2026-04-09T23:46:57.393Z,FGGPS8iF8DMu2NYWr7nqx83TxXPBSNLciupEVYtqpump,boomer,boomer,solana,0.000003155,64,1024,131072,131072,,4096,4096,1,2,22,33,1775769600000,pumpfun,REPEAT
2026-04-09T23:46:57.393Z,E1LcEbomSMMEDmvGdyG84auj9m8D26gLHXm4qSaWpump,ACTB,Act B : The Satoshi Prophecy,solana,0.000001958,,128,1048576,1048576,4096,2048,2048,,,7,15,1775770358000,pumpswap,REPEAT
2026-04-09T23:46:57.393Z,65AhQVGatKKr2wYMcKB7DLbyzZrvALtEA5ZcHuacpump,MMIWG2S,MMIWG2SLGBTQQIA+,solana,0.0001481,4096,65536,262144,1048576,32768,131072,131072,46,51,566,425,1775699055000,pumpswap,REPEAT
2026-04-09T23:46:57.393Z,65AhQVGatKKr2wYMcKB7DLbyzZrvALtEA5ZcHuacpump,MMIWG2S,MMIWG2SLGBTQQIA+,solana,0.0001481,4096,65536,262144,1048576,32768,131072,131072,46,51,566,425,1775699055000,pumpswap,REPEAT
2026-04-09T23:46:57.393Z,tNCAMwnoRXoPyyoonuea5X1HHvfTTgHUsK16cBupump,LOLFART,LOL Fart,solana,0.000001930,,32,1048576,1048576,4096,2048,2048,,,,7,1775767494000,pumpswap,REPEAT
2026-04-09T23:46:57.393Z,Huh3G975pLP3WTXKDnsaCTu7enAoFsHMFJCbFLeNpump,FOMO,FOMO,solana,0.0004222,32,512,16384,32768,65536,262144,262144,1,1,3,10,1772016102000,pumpswap,REPEAT
2026-04-09T23:46:57.393Z,4HuQ3J9JLMNUTQ5ybh9ja3E4Pu78jv52FfeNNgzPpump,IRyS,IRyS,solana,0.000002040,0,32768,1048576,1048576,4096,2048,2048,,2,276,9506,1775766499000,pumpswap,REPEAT
2026-04-09T23:46:57.393Z,AThx9qd79fndAR9A48wd4pqhZSDqre78Gj67QcUgpump,Upril,Upril,solana,0.00001740,32,4096,65536,65536,,16384,16384,5,1,114,25,1775764768000,pumpfun,REPEAT
2026-04-09T23:46:57.393Z,9SeCSdbPzz95KomGUGEV9Shn2zGXNmMJhE9J72Hipump,Iroha,イロハ,solana,0.001543,4096,32768,262144,2097152,131072,2097152,2097152,22,44,237,321,1775525060000,pumpswap,REPEAT
2026-04-09T23:46:57.393Z,2dcZKtCoJKABSNxfuTZ3Q25Lz3bdiKnYBC7U5ydUpump,UNIQORN,1B waitnig room,solana,0.000002183,,64,131072,131072,4096,2048,2048,,,3,4,1775763825000,pumpswap,REPEAT
2026-04-09T23:46:57.393Z,Cin7FJ8fHksui69umL8yE7dCjVRTMT1PVCiU3CTXpump,QSB,Quantum-Safe Bitcoin,solana,0.000003546,,512,65536,65536,,4096,4096,,,13,14,1775765423000,pumpfun,REPEAT
2026-04-09T23:46:57.393Z,2TpMjYXnrgxoeVCq2i6EAR8vNWqe5MNvHCz3bENNpump,CHIBI,Chibification,solana,0.0004766,1024,16384,65536,262144,65536,524288,524288,6,5,100,115,1773913358000,pumpswap,REPEAT
2026-04-09T23:51:57.394Z,2AMYvN5zvXMC9ueA6vznaiaEqWrjpxHCisa2Nuc5pump,Chicky,Chicky,solana,0.00009654,128,8192,32768,65536,32768,131072,131072,1,3,91,81,1774938227000,pumpswap,NEW
2026-04-09T23:51:57.394Z,6cfu6Qkqb4BhQ552DMJ2txLSxT7nfv7V69WhyEHTpump,Lizard ,The Waving Lizard ,solana,0.00001087,512,4096,8192,32768,,8192,8192,13,4,104,64,1775728143000,pumpfun,REPEAT
2026-04-09T23:51:57.394Z,9AEtb967xTMosjp9XFhvHLhscPNYgDWc15jFAZR8pump,RƎ́V,REVÉRSÉ SOCIETY,solana,0.0001422,32,1024,8192,65536,32768,131072,131072,2,1,14,15,1775691640000,pumpswap,REPEAT
2026-04-09T23:51:57.394Z,HdB3FdEqpjnBnFDXGiBjuED2RYsVJFTqwwCY5BfhjgAx,BWT,OFFICIAL BARRON WILLIAM TRUMP,solana,0.00008870,32768,131072,131072,131072,32768,65536,65536,309,679,2923,3476,1775776887000,pumpswap,REPEAT
2026-04-09T23:51:57.394Z,rG49p6sSbBsrbWbsdEhFFe15uq5nch2eSnQLV4fpump,XPX,XPXpay,solana,0.0005052,128,4096,32768,131072,65536,524288,524288,22,2,48,28,1775717482000,pumpswap,REPEAT
2026-04-09T23:51:57.394Z,4YiLHDR4B4pE4R5GUMA8HG8YunyeLwcobtEtvwMupump,ROCKET,ROCKET,solana,0.0003590,128,8192,65536,262144,65536,262144,262144,65,44,777,540,1775048719000,pumpswap,REPEAT
2026-04-09T23:51:57.394Z,FdUmX7zQSZgPxt1D7rtbKQisP4a2MXyejAxEnVvepump,Stoic,Stoicism ,solana,0.0001419,16384,524288,524288,524288,32768,131072,131072,297,178,4400,2905,1775773975000,pumpswap,REPEAT
2026-04-09T23:51:57.394Z,wwzqJcBxRUDfSZQQv3R4WckkNzpSFjNHkRuzZFcJJZt,JELLYBEAN,JELLYBEAN,solana,0.00003447,,,128,512,16384,32768,32768,,,,,1773329155000,raydium,REPEAT
2026-04-09T23:51:57.394Z,5j9iwWiesC4vKxHWcuRaqZ1qbQJRjnmJoZKJYA2Ypump,Nostalgia ,Do you remember that one time? ,solana,0.000002527,32,1024,1024,1024,,2048,2048,,1,13,13,1775774800000,pumpfun,REPEAT
2026-04-09T23:51:57.394Z,DNj6DDhWiK3MHYM9oyEzpKwJ2oYhVexxDvReGTN6pump,MEMETF,MemeTF,solana,0.000006569,8,4096,32768,32768,,8192,8192,1,1,57,53,1775765043000,pumpfun,REPEAT
2026-04-09T23:51:57.394Z,BEYgnrA1PTj9rrWfe7EEEFpD7KbBGXgjpEQNcM5ppump,WOJI,wojimoji,solana,0.000005388,512,524288,1048576,1048576,8192,4096,4096,26,20,2750,2710,1775772988000,pumpswap,REPEAT
2026-04-09T23:51:57.394Z,78E7b7iA5AbSLBss3Whhbmh81pncYS4bRVsFpRx9pump,FARTROCKET,Fart Rocket,solana,0.000001791,,32768,1048576,1048576,4096,2048,2048,,1,235,810,1775773501000,pumpswap,REPEAT
2026-04-09T23:51:57.394Z,gqqPZaSV2UDmEi3dhBzA6u6x5ZTLAXPntHZ5gQ4pump,Monke,Monke,solana,0.00001058,,256,2048,8192,8192,8192,8192,,,8,11,1773824795000,pumpswap,REPEAT
2026-04-09T23:51:57.394Z,41QbtLKqJmPCP5TmnHx9pVQtwCGDc1GV5A4WVfy9pump,MOODUANG,Moo Duang,solana,0.00004979,512,16384,65536,131072,16384,65536,65536,9,9,351,224,1775743897000,pumpswap,REPEAT
2026-04-09T23:51:57.394Z,6DHUPxbG7evPY17zHSsmZWbc3wgQEPAdoH9KawBJvVHU,888,888,solana,0.00002113,,32,1024,1024,4096,16384,16384,,,2,,1716383884000,raydium,REPEAT
2026-04-09T23:51:57.394Z,CZEd2GHTe5s8iJsw4VVbnmvmwuUhZC3t6WHqhtCZpump,Kris Jenner,皇太后,solana,0.00001258,,1024,4096,16384,8192,16384,16384,,,8,8,1774884164000,pumpswap,REPEAT
2026-04-09T23:51:57.394Z,DFPGnooMjWMttYGF2Pegmsp4Vj2VFhLyrxc5Cp1wpump,CR,Crypto Revolution ,solana,0.00003715,1,512,1024,4096,16384,32768,32768,1,,4,1,1775619853000,pumpswap,REPEAT
2026-04-09T23:51:57.394Z,Drfv7jnfTXpEMuppzBZnBxpSyfpTWUqeTqMhoGfzpump,PEPE,PEPE,solana,0.0001430,2048,16384,131072,262144,32768,131072,131072,196,77,2312,1002,1775163619000,pumpswap,REPEAT
2026-04-09T23:51:57.394Z,FGGPS8iF8DMu2NYWr7nqx83TxXPBSNLciupEVYtqpump,boomer,boomer,solana,0.000003196,16,512,131072,131072,,4096,4096,1,,9,25,1775769600000,pumpfun,REPEAT
2026-04-09T23:51:57.394Z,E1LcEbomSMMEDmvGdyG84auj9m8D26gLHXm4qSaWpump,ACTB,Act B : The Satoshi Prophecy,solana,0.000001958,,128,1048576,1048576,4096,2048,2048,,,5,10,1775770358000,pumpswap,REPEAT
2026-04-09T23:51:57.394Z,65AhQVGatKKr2wYMcKB7DLbyzZrvALtEA5ZcHuacpump,MMIWG2S,MMIWG2SLGBTQQIA+,solana,0.0001507,2048,65536,262144,1048576,32768,131072,131072,30,25,562,430,1775699055000,pumpswap,REPEAT
2026-04-09T23:51:57.394Z,65AhQVGatKKr2wYMcKB7DLbyzZrvALtEA5ZcHuacpump,MMIWG2S,MMIWG2SLGBTQQIA+,solana,0.0001507,2048,65536,262144,1048576,32768,131072,131072,30,25,562,430,1775699055000,pumpswap,REPEAT
2026-04-09T23:51:57.394Z,tNCAMwnoRXoPyyoonuea5X1HHvfTTgHUsK16cBupump,LOLFART,LOL Fart,solana,0.000001930,,32,1048576,1048576,4096,2048,2048,,,,6,1775767494000,pumpswap,REPEAT
2026-04-09T23:51:57.394Z,Huh3G975pLP3WTXKDnsaCTu7enAoFsHMFJCbFLeNpump,FOMO,FOMO,solana,0.0004222,,512,16384,32768,65536,262144,262144,,,3,9,1772016102000,pumpswap,REPEAT
2026-04-09T23:51:57.394Z,4HuQ3J9JLMNUTQ5ybh9ja3E4Pu78jv52FfeNNgzPpump,IRyS,IRyS,solana,0.000002066,1,16384,1048576,1048576,4096,2048,2048,1,,114,9335,1775766499000,pumpswap,REPEAT
2026-04-09T23:51:57.394Z,AThx9qd79fndAR9A48wd4pqhZSDqre78Gj67QcUgpump,Upril,Upril,solana,0.00001743,1,4096,65536,65536,,16384,16384,2,,102,21,1775764768000,pumpfun,REPEAT
2026-04-09T23:51:57.394Z,9SeCSdbPzz95KomGUGEV9Shn2zGXNmMJhE9J72Hipump,Iroha,イロハ,solana,0.001605,2048,32768,262144,2097152,131072,2097152,2097152,9,20,199,310,1775525060000,pumpswap,REPEAT
2026-04-09T23:51:57.394Z,2dcZKtCoJKABSNxfuTZ3Q25Lz3bdiKnYBC7U5ydUpump,UNIQORN,1B waitnig room,solana,0.000002183,,32,131072,131072,4096,2048,2048,,,3,3,1775763825000,pumpswap,REPEAT
2026-04-09T23:51:57.394Z,Cin7FJ8fHksui69umL8yE7dCjVRTMT1PVCiU3CTXpump,QSB,Quantum-Safe Bitcoin,solana,0.000003546,,256,65536,65536,,4096,4096,,,10,12,1775765423000,pumpfun,REPEAT
2026-04-09T23:56:57.399Z,xmYmMCUFuQ6mVu9yNs44KPz3ALyrntyhivueaw3pump,Sora,ソラちゃん,solana,0.00001754,2048,16384,131072,131072,,16384,16384,12,3,352,308,1775768882000,pumpfun,NEW
2026-04-09T23:56:57.399Z,HdB3FdEqpjnBnFDXGiBjuED2RYsVJFTqwwCY5BfhjgAx,BWT,OFFICIAL BARRON WILLIAM TRUMP,solana,0.0001142,32768,262144,262144,262144,32768,131072,131072,332,795,3335,4424,1775776887000,pumpswap,REPEAT
2026-04-09T23:56:57.399Z,2AMYvN5zvXMC9ueA6vznaiaEqWrjpxHCisa2Nuc5pump,Chicky,Chicky,solana,0.00009723,512,8192,32768,65536,32768,131072,131072,4,4,90,82,1774938227000,pumpswap,REPEAT
2026-04-09T23:56:57.399Z,6cfu6Qkqb4BhQ552DMJ2txLSxT7nfv7V69WhyEHTpump,Lizard ,The Waving Lizard ,solana,0.00001265,1024,4096,8192,32768,,16384,16384,11,5,115,69,1775728143000,pumpfun,REPEAT
2026-04-09T23:56:57.399Z,9AEtb967xTMosjp9XFhvHLhscPNYgDWc15jFAZR8pump,RƎ́V,REVÉRSÉ SOCIETY,solana,0.0001461,256,1024,8192,65536,32768,131072,131072,1,,14,14,1775691640000,pumpswap,REPEAT
2026-04-09T23:56:57.399Z,HdB3FdEqpjnBnFDXGiBjuED2RYsVJFTqwwCY5BfhjgAx,BWT,OFFICIAL BARRON WILLIAM TRUMP,solana,0.0001142,32768,262144,262144,262144,32768,131072,131072,332,795,3335,4424,1775776887000,pumpswap,REPEAT
2026-04-09T23:56:57.399Z,rG49p6sSbBsrbWbsdEhFFe15uq5nch2eSnQLV4fpump,XPX,XPXpay,solana,0.0005140,128,4096,32768,131072,65536,524288,524288,2,,50,26,1775717482000,pumpswap,REPEAT
2026-04-09T23:56:57.399Z,4YiLHDR4B4pE4R5GUMA8HG8YunyeLwcobtEtvwMupump,ROCKET,ROCKET,solana,0.0003607,64,8192,65536,262144,65536,262144,262144,61,41,780,546,1775048719000,pumpswap,REPEAT
2026-04-09T23:56:57.399Z,FdUmX7zQSZgPxt1D7rtbKQisP4a2MXyejAxEnVvepump,Stoic,Stoicism ,solana,0.0001184,16384,524288,524288,524288,32768,131072,131072,270,166,4395,2926,1775773975000,pumpswap,REPEAT
2026-04-09T23:56:57.399Z,wwzqJcBxRUDfSZQQv3R4WckkNzpSFjNHkRuzZFcJJZt,JELLYBEAN,JELLYBEAN,solana,0.00003447,,,128,512,16384,32768,32768,,,,,1773329155000,raydium,REPEAT
2026-04-09T23:56:57.399Z,5j9iwWiesC4vKxHWcuRaqZ1qbQJRjnmJoZKJYA2Ypump,Nostalgia ,Do you remember that one time? ,solana,0.000002527,,1024,1024,1024,,2048,2048,,,12,12,1775774800000,pumpfun,REPEAT
2026-04-09T23:56:57.399Z,DNj6DDhWiK3MHYM9oyEzpKwJ2oYhVexxDvReGTN6pump,MEMETF,MemeTF,solana,0.000006559,4,4096,32768,32768,,8192,8192,,1,47,48,1775765043000,pumpfun,REPEAT
2026-04-09T23:56:57.399Z,BEYgnrA1PTj9rrWfe7EEEFpD7KbBGXgjpEQNcM5ppump,WOJI,wojimoji,solana,0.000003922,512,524288,1048576,1048576,4096,4096,4096,9,10,2456,2548,1775772988000,pumpswap,REPEAT
2026-04-09T23:56:57.399Z,78E7b7iA5AbSLBss3Whhbmh81pncYS4bRVsFpRx9pump,FARTROCKET,Fart Rocket,solana,0.000001791,,1024,1048576,1048576,4096,2048,2048,,,36,48,1775773501000,pumpswap,REPEAT
2026-04-09T23:56:57.399Z,gqqPZaSV2UDmEi3dhBzA6u6x5ZTLAXPntHZ5gQ4pump,Monke,Monke,solana,0.00001051,32,256,2048,8192,8192,8192,8192,,1,6,12,1773824795000,pumpswap,REPEAT
2026-04-09T23:56:57.399Z,41QbtLKqJmPCP5TmnHx9pVQtwCGDc1GV5A4WVfy9pump,MOODUANG,Moo Duang,solana,0.00004933,256,16384,65536,131072,16384,65536,65536,4,3,282,188,1775743897000,pumpswap,REPEAT
2026-04-09T23:56:57.399Z,6DHUPxbG7evPY17zHSsmZWbc3wgQEPAdoH9KawBJvVHU,888,888,solana,0.00002113,,32,1024,1024,4096,16384,16384,,,2,,1716383884000,raydium,REPEAT
2026-04-09T23:56:57.399Z,CZEd2GHTe5s8iJsw4VVbnmvmwuUhZC3t6WHqhtCZpump,Kris Jenner,皇太后,solana,0.00001224,128,1024,4096,16384,8192,16384,16384,,2,7,9,1774884164000,pumpswap,REPEAT
2026-04-09T23:56:57.399Z,DFPGnooMjWMttYGF2Pegmsp4Vj2VFhLyrxc5Cp1wpump,CR,Crypto Revolution ,solana,0.00003715,,512,1024,4096,16384,32768,32768,,,4,,1775619853000,pumpswap,REPEAT
2026-04-09T23:56:57.399Z,Drfv7jnfTXpEMuppzBZnBxpSyfpTWUqeTqMhoGfzpump,PEPE,PEPE,solana,0.0001326,2048,16384,131072,262144,32768,131072,131072,165,73,2279,982,1775163619000,pumpswap,REPEAT
2026-04-09T23:56:57.399Z,FGGPS8iF8DMu2NYWr7nqx83TxXPBSNLciupEVYtqpump,boomer,boomer,solana,0.000003221,16,512,131072,131072,,4096,4096,1,1,8,22,1775769600000,pumpfun,REPEAT
2026-04-09T23:56:57.399Z,E1LcEbomSMMEDmvGdyG84auj9m8D26gLHXm4qSaWpump,ACTB,Act B : The Satoshi Prophecy,solana,0.000001958,,64,1048576,1048576,4096,2048,2048,,,4,9,1775770358000,pumpswap,REPEAT
2026-04-09T23:56:57.399Z,65AhQVGatKKr2wYMcKB7DLbyzZrvALtEA5ZcHuacpump,MMIWG2S,MMIWG2SLGBTQQIA+,solana,0.0001498,1024,65536,262144,1048576,32768,131072,131072,11,14,534,439,1775699055000,pumpswap,REPEAT
2026-04-09T23:56:57.399Z,65AhQVGatKKr2wYMcKB7DLbyzZrvALtEA5ZcHuacpump,MMIWG2S,MMIWG2SLGBTQQIA+,solana,0.0001498,1024,65536,262144,1048576,32768,131072,131072,11,14,534,439,1775699055000,pumpswap,REPEAT
2026-04-09T23:56:57.399Z,tNCAMwnoRXoPyyoonuea5X1HHvfTTgHUsK16cBupump,LOLFART,LOL Fart,solana,0.000001930,,32,1048576,1048576,4096,2048,2048,,,,6,1775767494000,pumpswap,REPEAT
2026-04-09T23:56:57.399Z,Huh3G975pLP3WTXKDnsaCTu7enAoFsHMFJCbFLeNpump,FOMO,FOMO,solana,0.0004335,512,1024,16384,32768,65536,262144,262144,1,,4,8,1772016102000,pumpswap,REPEAT
2026-04-09T23:56:57.399Z,4HuQ3J9JLMNUTQ5ybh9ja3E4Pu78jv52FfeNNgzPpump,IRyS,IRyS,solana,0.000002041,,256,1048576,1048576,4096,2048,2048,,1,8,5901,1775766499000,pumpswap,REPEAT
2026-04-09T23:56:57.399Z,AThx9qd79fndAR9A48wd4pqhZSDqre78Gj67QcUgpump,Upril,Upril,solana,0.00001743,,2048,65536,65536,,16384,16384,,,87,19,1775764768000,pumpfun,REPEAT
2026-04-09T23:56:57.399Z,9SeCSdbPzz95KomGUGEV9Shn2zGXNmMJhE9J72Hipump,Iroha,イロハ,solana,0.001656,2048,32768,262144,2097152,131072,2097152,2097152,26,33,186,272,1775525060000,pumpswap,REPEAT
